start_ns,end_ns
756705,762822
2146891,2152722
4189298,4194057
5132754,5140171
7599844,7607038
7921868,7935246
11882869,11886174
11931186,11981258
12106622,12115727
12549067,12553165
12790072,15709517
15525536,15530315
15696018,17620185
17270548,17297678
17730747,17738733
18459662,18466903
19846261,19856492
20130695,20135699
20141682,20194532
22350688,22357922
22619981,23601592
23764066,23769239
23901996,27451190
25763359,25768485
30565771,30570487
30802724,30821108
31141339,31144230
33875006,33911658
34109267,34114937
34230545,34233786
34504010,34550001
38001520,38060794
39073548,39078432
39799907,39803533
44690338,44759986
47693893,47741956
50906754,54501886
54647592,54651839
55102191,55107589
58934777,58941097
58999603,59005841
59917538,59924537
60806588,60846600
62921433,62932298
63652249,69678582
69663785,69672214
71050476,71057662
71836529,73509124
73491764,73560349
73959174,73964300
74128532,74135238
75117792,76654968
79654563,86456048
80407483,80415983
82922084,82926835
92805438,96639615
97299717,97305334
97553357,97566407
97576046,97585822
97604859,97612083
100554038,100561639
104043158,104048012
104962202,104970377
107662659,107666899
109062631,109068602
110826735,110834052
113412858,113420562
114208025,114211971
114914729,114971353
121328310,121337672
121541112,121617896
122163113,122172842
122368461,122408697
122580701,128493148
123160190,123224111
123598356,123635602
124042503,124048019
126452699,126457918
135726765,135734379
135806352,135812069
136152796,136158512
136524134,136528782
136773834,136779498
138018093,138023365
138045941,138054023
143145112,145533364
143322602,143327176
147407572,147459171
152158261,152232626
156463564,159455441
159693147,159703431
171127391,171131571
173696225,173757627
180532867,180568413
181675899,181678572
184473771,184484286
184656016,184665307
188313859,188321363
188754568,188764110
188852116,188860195
189559311,189567075
189756186,191177103
190280591,190335371
191362117,191379176
197816058,197819109
198449355,198454534
205691983,205769736
206649863,206654835
206989531,207057255
211108858,211112319
212090313,212096851
212176478,212184306
212731544,212786535
212888053,212892974
212898534,212960557
213201748,213255565
214257150,214262646
214477339,214482070
217433073,217486764
217555396,217559305
218474824,218554080
219073143,219143589
219347571,221328679
221517599,221525434
221855423,221898516
222816624,222823520
222912442,222922532
224519048,224578887
224660552,224666526
224775925,224872185
225090031,225095908
225194045,225197887
225489919,225559687
228044980,228049280
229381011,229384967
231956617,231959213
232078578,232083720
236070647,236074082
236739867,236746833
237766343,237828015
243029910,243034851
250721759,250777030
254745167,254750727
260266507,260275675
260837323,260845986
262944061,263015266
263348533,263400265
264093511,264100246
264552117,264558586
265219777,265288135
274344972,274417877
278820288,284340137
279998724,280052301
285004823,288109234
285428539,294927471
292160470,292219864
292368440,292392242
292591272,299068096
296662744,296668070
299367144,299401430
303363887,303372664
303426108,303430611
303781315,303849643
303999336,309118182
306193901,306238006
306606290,306676102
307261815,311975338
309833936,309840541
313856592,316130203
318585915,318592022
318936305,318946779
320780710,320786511
321122063,321175533
323217846,323256144
323776303,323780790
323821949,323825423
324305092,324377773
325423774,325463252
325992595,326003864
331311273,331318463
331988318,331993393
334321039,334325980
335012049,340048197
335650070,335654721
335803966,335809024
337101150,337239353
341015536,341080814
341391027,341395845
350260675,350328197
351905329,351916077
353794712,353800813
356141592,356180024
357245430,357251307
358258835,358265865
360159527,360224942
360177967,360185427
361323835,361330597
361399450,361405223
363742852,363749774
363770355,363815633
364091594,364118874
364922895,364966272
367154055,367194542
367397150,367403274
369611364,369615547
371008322,371013611
372580485,372588537
372897117,372901484
374306641,374310343
378024196,378030814
380560450,380568609
381302271,381305642
382246948,382254428
384295201,384305478
385185763,385238377
386212903,386219204
386430406,386435103
386926011,386932356
390401065,390407961
391398330,391996709
393921210,394013467
395866379,395871393
396622840,396629803
397618925,397665386
397825917,397829976
398191131,403934774
398382186,398442702
404402535,404411119
405846365,405850418
406261836,409786681
406397051,406402083
409637817,409651763
410202880,410206866
414304756,414310873
415309538,415364685
421267721,421273584
422209323,422213820
423546270,423550596
423622516,423699116
423822311,423857111
423846082,423854208
424004101,424012968
424358687,424362055
424455601,427783251
424729370,424736607
426441013,428904001
426950761,426955879
428296557,428301328
429558507,431964901
430144284,430149720
432672560,432680726
436482852,436549443
437131438,437167110
438408944,438413046
438980180,438993565
439346139,439421039
441433914,445754058
443877685,443905743
446295222,446302315
446362524,446368498
446401053,446490560
446456164,446461195
447594718,447600438
448542395,448547103
448831069,448835349
451348376,451381867
451551636,451606847
451855251,451860376
452884075,452888916
453002024,453012014
453030985,453035091
453649935,453654703
454442313,454447689
457895035,457958081
460086747,460105761
465005581,467747772
475242806,475318457
481018126,481094933
481089474,481095264
481655816,481751003
484502692,489671574
488317785,488321918
489456988,492761040
490506700,492815984
493019400,493025411
493570253,493596066
498670918,498675017
499791080,499803990
502804350,502894301
504339150,504345094
505433633,505441184
506262555,506271078
506398172,506405659
507389175,507394491
510169407,510208173
510327947,510332066
510349049,510358023
510739625,510750032
514715520,514720909
515604447,515611875
516323502,516327739
516404510,516408178
516927659,516932092
517053483,517059567
517304834,522704241
517821571,517834230
518910982,519709634
519534760,519544640
519731969,519790655
522851742,522861321
523132518,523162290
524822667,527024145
525997606,526047665
526222272,526287502
533594375,533602253
534652193,534663693
535739422,535762669
535877805,535881577
537559214,537570691
541310320,541320523
542756552,542789461
543361029,543365850
547235710,547248773
557185621,557193876
557538964,562568748
560095151,560098853
560242879,565616230
565682764,565748977
565738506,565744032
566886937,566899726
573241509,573247680
576545381,576588056
578927014,578934057
579856776,579864113
581985726,581991523
589934807,589940800
592367816,592411584
595393732,595400548
595770763,595780526
596387933,596443070
596389570,596401177
601670264,601675643
603502184,603510580
606104651,606116034
606561928,606625452
606690051,606695791
607548689,607558030
607904457,607930414
609674475,609679256
612826769,612881349
614090423,614098515
614400349,614466673
614845378,614909005
617383136,617388826
623767841,623772451
623816934,623822601
631130148,631134361
631152196,631163762
636422355,636429448
636778729,636783887
641852614,647343236
644406513,644473778
647623908,647684602
648300605,648370661
649019393,649030733
649557199,649561336
651066925,651075237
653776062,653786948
660529289,660540228
661241000,661245564
662580519,662585294
663539536,663545262
664378565,666362686
664622652,664704692
665842635,665847406
669884385,669890543
670479327,670561316
670544791,670590467
671825244,673450727
671964776,671971629
672023786,673414673
673829632,673843859
673892715,673897566
674110087,674113495
674924199,674988607
674964605,674969400
677315732,677321211
680327703,680335243
680442886,680446480
687384497,687389125
689485106,689489019
689938884,695259119
689978966,689985064
690111453,690114293
690118619,690145318
690481441,698322913
700057122,700060231
700740844,700747857
702700546,702708568
704469039,704474706
704574386,704578472
706274455,706294726
706279140,706283841
706350130,706414689
706832957,706837606
707757877,707761385
710224888,710234737
715258854,715286181
717416968,717425431
717652837,717662666
717668954,717675319
717708716,717742755
718096382,718102052
718191194,718227592
719092040,719097255
719543500,719547105
722155776,727285434
728273775,732012609
732537579,732541180
732768205,732780046
733410269,733414926
733449720,733453659
733786368,733790795
735126816,735180794
737472065,737475006
738341394,738347552
738585595,738589678
739151958,739158469
739183704,739185909
739355471,739360924
741239111,741250577
744750596,744757933
749107000,755202711
749350917,750247746
750969899,752038819
753357553,753363306
753987168,753993720
755628976,758191277
759052243,759054876
759653620,767206154
761950665,761955723
762310837,762322661
762421627,762425693
765304001,765308986
766476537,766483884
767560132,767622389
768236982,768242445
774426236,774431508
775911879,775915056
778200769,778206251
778211958,778267429
780907861,780915870
781008494,781015697
788241964,788282113
788590262,788696280
791162393,794958325
791289430,791318203
791417419,791488720
792998255,793053179
795551142,795555903
795953187,795955713
798574879,798579978
798793010,798849230
799609190,799613844
801087012,801093346
804732513,804736906
805282310,805287799
805357567,805364931
805771043,805775750
806918555,813157162
808048309,808091880
808271699,808277786
808301397,808306940
808851863,808858996
810843235,810850829
813290824,813297877
815550456,815555732
817421006,817433738
817865740,817872335
821762365,821767704
822866874,822872902
824108343,824115557
824125159,824137023
824700752,824708905
824820472,824876686
825188326,825253630
829178236,829182329
829180278,829190010
831569295,831576809
834506122,834571012
835232444,835237252
835877141,835884621
836269204,836275157
838838962,838846262
848672444,848676710
853454007,853489656
853865622,853871352
854061448,854068892
854748753,856010803
856346198,856351423
856538325,856544920
856567903,856573727
857834096,857841741
859124084,859171337
862193972,862227138
867586464,878995493
872172068,875776808
872359985,872369056
875972694,875978254
876040461,876045943
879941285,879980272
880147008,880154963
880173926,885926514
881323921,881382610
883652532,883657450
888150443,895942761
895991654,896069287
896032228,896069507
896261845,896269333
896836122,896841134
897401355,897406875
899438623,899447494
899652752,899716111
900437826,900466094
909499186,909559416
911028644,911034919
911043362,911133654
914131408,914179860
914248576,914255812
914974019,914984650
915267363,915272198
915292802,920866296
917908413,917992230
918442758,918483088
918464057,918469938
925689726,925693184
927245745,927248154
928996274,929019698
929344438,929357238
929771602,929774696
930235140,930240095
931446563,932938955
931811353,931816862
932974594,932978473
936979092,936993509
937654205,937659518
938239555,938243918
938970955,939028498
940751781,940757634
942467769,942498945
942653702,942659412
943273361,943280311
943655992,943668641
944503233,944508465
946897400,946900914
947246884,947314320
950511228,953663536
954171162,956875579
954397429,954401037
958355329,958367206
964576549,964606318
965533617,965540019
967044275,967050556
967936464,968004695
972503010,972506812
973427276,973440083
976356729,976362416
978807460,978812318
979131973,979137686
979168467,983755581
979304171,979309483
981606722,981611390
983187372,983193790
983195033,983199166
987103655,987198558
989800992,996718686
989868782,989875053
989923332,989930919
990482945,990488775
992858538,992919843
996722407,996734205
997303834,997308485
998108781,998113278
999628129,1006726286
1009715681,1009720569
1010148154,1010159484
1014501177,1014559308
1016323372,1016355720
1016853694,1016858448
1018966493,1018972487
1021121056,1021166557
1021259379,1021319006
1026506461,1026519338
1026778256,1026835385
1030020626,1030102010
1030142611,1030206950
1030662893,1036372110
1041184158,1041191658
1041532406,1041538136
1046054600,1046070129
1047434997,1048607540
1049083416,1051576120
1049351736,1049361522
1049513533,1049519069
1049667218,1051652483
1049688578,1049718611
1049947236,1051673555
1056901086,1056909679
1057590843,1057595935
1057966702,1057971439
1058160747,1058166062
1058767947,1058776613
1062308990,1062376135
1062565580,1068495183
1062649995,1062653777
1062960335,1062967896
1065134874,1065148338
1069370182,1069381862
1070823487,1070848277
1070996888,1071058112
1071100881,1071107089
1077756586,1077764434
1079980709,1079988297
1080165720,1080175355
1081684523,1081692789
1082243655,1082256111
1084509786,1084513808
1086502427,1086508575
1092099011,1092103511
1096489921,1096496433
1097632996,1106318983
1100000190,1100005178
1100162038,1100195351
1102827761,1102832242
1110670593,1110676005
1111400122,1111404355
1113649945,1113654819
1113661348,1113723244
1117242831,1117284905
1117539196,1117544114
1118022506,1118028817
1118028560,1118032770
1120019768,1120027971
1120088674,1120095273
1121794670,1121807777
1123073469,1123080782
1125012607,1125018804
1127817676,1127822103
1129774772,1129811166
1130440464,1130445388
1132800180,1136360852
1138008797,1138019452
1138379527,1138389935
1142982448,1142994790
1145362311,1146706995
1147519109,1147524384
1148714314,1148722219
1149445915,1149471571
1151257842,1151265320
1155114000,1155118334
1155224479,1155228706
1155782161,1155787961
1158410271,1158413128
1163682312,1163688927
1167432281,1167445766
1170668563,1170672666
1174030910,1174033784
1177857564,1180405101
1178094194,1178100448
1178102861,1180421763
1178358561,1178363840
1178458536,1178462926
1180969712,1180976628
1182541154,1182553021
1188403579,1188444867
1189218311,1189222444
1192106342,1192111137
1193555819,1193564980
1194438582,1194443356
1194827845,1194837093
1194903824,1198338120
1194945387,1195016802
1195007747,1195011486
1195725362,1198373335
1196414445,1196419627
1197074163,1197079365
1198885151,1198891245
1199236320,1199241020
1202286198,1202298132
1203447217,1203557482
1204153887,1208339082
1204695886,1204700464
1205274574,1205338745
1205372681,1205436077
1205568857,1205616280
1209058401,1209069490
1210528151,1210535929
1210733753,1210739199
1211611171,1211614455
1212475335,1212480791
1212670606,1212676850
1213075859,1213080433
1214505443,1214511691
1215220589,1215312371
1215691881,1222347285
1221002367,1221007061
1225892298,1225897921
1229244915,1229310948
1231805633,1231811056
1232146862,1232156661
1232704434,1232710641
1232738295,1232744633
1234210958,1234293379
1234314605,1234362509
1235753226,1235757165
1235917412,1235919901
1236128961,1236134627
1236623490,1236628886
1236949404,1237185686
1238166703,1238173563
1244777097,1244783064
1245493529,1245499269
1246190196,1246195140
1247402076,1250336498
1251589861,1256006250
1251631193,1251637147
1251650270,1256033440
1256157393,1256171863
1256252433,1256256208
1260320320,1260331015
1263264133,1263271934
1263533529,1263562516
1264010404,1264014247
1266652093,1266659536
1266980291,1266987541
1267827873,1272195573
1268558542,1268563483
1270365628,1270374822
1272783890,1272789396
1275355737,1275380223
1275602544,1275607929
1276519416,1276525871
1276876909,1276880808
1278235963,1278241940
1280351107,1280373576
1282478654,1282484912
1282872855,1282877579
1288203147,1288293071
1288379133,1299852965
1289098279,1296143824
1291781603,1291790627
1295527005,1303023941
1297235958,1297242393
1302059168,1302066411
1306633706,1306657377
1309548291,1309551135
1311312702,1311359968
1313328340,1313337558
1316874699,1316882387
1323273560,1326156559
1323434325,1323438648
1326013439,1326028260
1326160422,1326208426
1327224314,1327258022
1329136523,1329139259
1333320054,1333325133
1333773459,1333778163
1336248675,1336313966
1336896503,1336902303
1336943424,1336993667
1337846749,1337850227
1339589610,1339593983
1340167098,1340171227
1342339067,1342345525
1342581698,1351055243
1342667793,1342676306
1344744155,1344750269
1344772875,1347147760
1348086877,1348098089
1348293554,1348303354
1348333099,1348361237
1348860070,1348872626
1350556554,1350604207
1351904165,1351933880
1352802605,1363923241
1353866036,1353928246
1361331174,1361337990
1361479701,1361485036
1361826602,1361840995
1364720323,1364760736
1365687698,1365691922
1367214022,1367229391
1370224951,1370233069
1371493188,1371521604
1378502303,1378508494
1379161700,1379166661
1379757323,1379814164
1380038830,1380108708
1381067594,1381128732
1381141943,1381150439
1381476884,1381482313
1382204295,1382215788
1382848577,1389888369
1385158883,1385170860
1387124335,1387128220
1390667449,1390684061
1390858638,1390917948
1391375242,1395966171
1392137219,1392200673
1399247491,1402964939
1402919871,1402926102
1410923738,1410930076
1412268706,1412318515
1414089958,1414116359
1414544826,1414602322
1415080962,1415085118
1415509158,1415516191
1415530337,1415536956
1422607312,1422655633
1424475643,1424479622
1428876964,1430816536
1431061316,1431068054
1431093246,1431101468
1432110878,1432120684
1434291327,1434300404
1435224690,1435230009
1440388490,1440443888
1441218161,1441225394
1442234293,1442239384
1443338648,1443343783
1443543034,1443570220
1445688385,1445691399
1446167118,1446183686
1448135567,1448175125
1452875347,1452880730
1454170948,1454175051
1458091665,1458099002
1458461948,1458489004
1468216981,1468222183
1474119495,1474123488
1477155635,1477158739
1480368741,1482843603
1480398880,1480449938
1483314341,1483338069
1483945099,1483992779
1484335912,1484343877
1484533368,1484537969
1484562278,1484573271
1486566664,1486575033
1486729661,1486739363
1487841002,1487844991
1488115216,1488146405
1488911155,1488916865
1488947539,1488958812
1489755837,1489760799
1490187508,1490191254
1490696197,1490745595
1491958798,1491965781
1492590912,1492595356
1493109985,1493113824
1499906154,1499911991
1505360526,1505367065
1507727309,1507732788
1507803231,1507810394
1513328690,1513339743
1513922352,1513927601
1514924071,1514973101
1522570384,1522575272
1523057430,1523094442
1523127265,1527772911
1525473831,1525487342
1526143101,1526148667
1526276249,1533692374
1527951827,1527955406
1528929644,1528937866
1531342460,1531351791
1531527848,1531532713
1538955847,1538962927
1539185481,1539193052
1539219079,1539224722
1539260562,1542556194
1543946788,1543953103
1545635638,1548574382
1548683936,1548707336
1549072310,1551752443
1552478294,1552484589
1555418466,1555421833
1560949848,1560980316
1562659102,1562664959
1563891994,1563896194
1565326890,1565337441
1573373803,1573376356
1573826997,1573876652
1576948434,1576975009
1580052177,1580063563
1580464557,1580495314
1580792391,1580802691
1582983996,1583037025
1583210088,1583239927
1586612057,1586619521
1588812946,1588840754
1590958327,1590963459
1593101403,1595615206
1595879864,1595891013
1602746206,1602754428
1603687357,1603690992
1603942497,1603970996
1607927082,1607931662
1608123198,1608128280
1608240226,1608242979
1609896383,1609900128
1610069914,1610149174
1610354973,1610361180
1610698460,1610708647
1612905801,1619528482
1619877409,1619881164
1620155027,1620234905
1621575580,1623322457
1624672734,1624678093
1625890655,1625893579
1633457536,1633463890
1640940869,1640971076
1642232434,1642272390
1642319652,1642326094
1643304211,1643310853
1644083148,1644089867
1645337446,1645343103
1645367068,1645371923
1645536410,1645583879
1646357955,1646418037
1648045007,1648050429
1652991979,1652996800
1654845787,1659500741
1660682058,1660735952
1660927892,1662411768
1662920100,1662931189
1662961682,1663006780
1663560713,1663568251
1663767217,1663771517
1664208574,1664217899
1664315260,1664319814
1665965294,1665970649
1670067380,1670071323
1670782727,1670788383
1682077632,1682123294
1682238872,1682246656
1686682444,1686778155
1687574024,1687578498
1688698944,1688706204
1692756645,1692768973
1693409393,1693412945
1694617348,1694622617
1695330349,1695357896
1695661321,1699331011
1708396481,1711380420
1708677644,1714227400
1708838165,1708843915
1708959576,1708970134
1709493306,1709505902
1709927322,1714337912
1712250835,1712254023
1714512455,1714519859
1714709714,1717325102
1715211918,1715215774
1715982028,1715987761
1716293788,1716300554
1718665456,1718697019
1721583413,1727304023
1724003342,1724009459
1727881050,1727885684
1731334484,1731339348
1732037442,1734358021
1734800811,1734810610
1734883753,1734888564
1735064554,1740303317
1740357198,1740368084
1740402142,1740417097
1741570302,1747261254
1743759451,1743773520
1743875235,1743880163
1746019263,1747330270
1747604116,1754049414
1749347659,1749352025
1751657493,1751661506
1752650191,1752657611
1753040780,1757283465
1756221731,1756260367
1757843813,1764194005
1764416960,1764421821
1768961332,1768970172
1771917788,1771927169
1782737301,1782743953
1782794884,1782801637
1782816337,1782820347
1784236462,1788222848
1792616930,1792699069
1793395285,1793401623
1793650481,1798153408
1793785904,1793790221
1794098390,1794127644
1796898113,1796902794
1798491893,1798507713
1799486047,1799491403
1799839594,1799844141
1804399238,1804406031
1804828226,1804832309
1805173975,1805181997
1805481830,1805486574
1805647904,1805657610
1806628336,1806634601
1807872615,1807877009
1808287497,1808293083
1809757003,1809767852
1810848449,1810860874
1811471579,1811475565
1815248310,1815295259
1815424040,1821010664
1815616364,1815640523
1816181934,1816187327
1819219000,1819224760
1828414387,1828429879
1829197623,1829205729
1829273439,1829279680
1830148411,1830155029
1832050082,1832057536
1832473337,1832476792
1832963927,1833010909
1834657371,1834664116
1835252199,1835257611
1835638448,1835652494
1835870909,1835877183
1836651469,1836655812
1837626469,1837696264
1838120725,1842990271
1841118141,1841125612
1841472277,1841483446
1841888208,1841891993
1841898689,1841902197
1846710191,1847133804
1847227597,1847234272
1848656289,1848705730
1850847028,1850855464
1854980784,1857930341
1856975949,1856980269
1857257934,1857263339
1860771547,1860880435
1861438528,1861442143
1862743056,1866084114
1870425550,1870430021
1873936484,1880004607
1874318497,1874330875
1875996254,1876002966
1880353614,1880360734
1882108910,1882114603
1890661639,1894029118
1891394446,1891398305
1895897736,1895905337
1897268701,1897279897
1899953375,1899959857
1900338188,1903018672
1906572161,1906577998
1907089857,1907096065
1907335729,1907342976
1909584489,1909599811
1911944126,1911960036
1912320018,1912323145
1912404526,1912437115
1913756587,1913760847
1914367950,1914374285
1921237689,1921285864
1922179476,1922226127
1923323981,1923328989
1925992354,1926038073
1926177746,1926213188
1929761023,1935899790
1930006016,1932987419
1936023733,1939877439
1936118813,1936122815
1936297693,1936362202
1940659927,1940777977
1941562229,1942939128
1943718368,1949784106
1946634688,1946638640
1946685826,1946720436
1946895040,1946910619
1947711109,1947723701
1948209380,1948213941
1949994299,1950001111
1951441019,1951446572
1953832228,1953880503
1957218818,1957224177
1957598131,1957605060
1957696004,1957701022
1958395490,1958400746
1958492849,1958496781
1959292106,1959296573
1960064521,1960068857
1960957364,1960961019
1961475077,1961523172
1965977943,1972890658
1973177261,1973184725
1973244272,1973249658
1975766902,1975770881
1985607687,1988694471
1986145924,1986155854
1986839143,1986844372
1992806848,1992812477
1993710640,1998673435
1994205246,1994219034
1996426352,1996455647
2003519818,2003547456
2005481251,2005487185
2010484831,2011794447
2011980491,2011989144
2011986127,2012000123
2012012769,2012023250
2015030426,2015033613
2015084621,2015090859
2018985499,2018989816
2019082995,2019087505
2020714020,2020747982
2021754548,2021759082
2023305817,2023311530
2023780146,2023838127
2029612424,2029618499
2030857702,2030864972
2031228870,2031262284
2031869297,2031873222
2031884866,2031891044
2032266712,2032270978
2065058379,2067670422
2066603657,2066606998
2068523313,2068533407
2069480265,2069484214
2071904628,2071972578
2071938419,2071988929
2072267068,2074573592
2080081808,2080134734
2080605732,2080617620
2084511822,2087230228
2087809918,2087814415
2088916622,2088925091
2091076229,2097623827
2091655485,2091662477
2096728682,2096732254
2096990404,2096995178
2099374116,2099379364
2099971920,2099997386
2101733144,2101738780
2102363287,2102375007
2102450077,2102483521
2102903171,2102909426
2103722682,2109554499
2105287221,2105334898
2106819719,2106821536
2107014953,2107018338
2108390379,2108396383
2116738588,2116766011
2120080802,2123544613
2120255843,2120263828
2120456844,2120461939
2121528574,2121576605
2123877927,2123885177
2127458972,2127487151
2129381672,2129385454
2129984148,2129988044
2130408930,2130412545
2130967721,2130972415
2132438216,2132442128
2133108936,2133114663
2133508389,2133518559
2133592069,2133595905
2133634437,2133673584
2137399050,2137426420
2138242887,2138246850
2141101122,2141108730
2141511885,2141580527
2142678317,2142682437
2143047624,2143053010
2147542729,2147576905
2147560974,2147574285
2149398197,2149429499
2150769336,2150774391
2150840122,2150846130
2150923809,2150936699
2151030943,2151101086
2151509720,2151513532
2157512238,2157668523
2157562949,2157571726
2157657009,2157701793
2158359229,2158364859
2158446778,2164476148
2163621152,2163625766
2165532961,2165540030
2168246391,2168255125
2169975193,2169980913
2170003706,2174422935
2170346508,2170397730
2171872231,2171900867
2172159494,2172163821
2173213560,2173220790
2173559597,2173566800
2173651078,2173680366
2175170546,2175177395
2175681116,2189407658
2175731462,2175740523
2182534260,2182539913
2184234068,2184249634
2186817572,2186830191
2192665219,2192686776
2195714850,2195725959
2196679767,2196685032
2199593173,2202280891
2199679279,2199684888
2201303703,2201333976
2201829287,2201833059
2206875245,2212249989
2208318333,2208322072
2209446347,2209563731
2210111601,2210141914
2213373265,2213382316
2213632127,2213676132
2216437082,2216448248
2216583751,2216613550
2216797418,2216802884
2217733498,2217737912
2218005119,2218011571
2218029973,2218035115
2218829665,2218833848
2221228579,2221234599
2221512034,2221538889
2224572510,2224582119
2225846905,2225910929
2227707438,2227765669
2228364052,2228368355
2228448607,2228454899
2228785192,2228796281
2230960636,2231030735
2231179445,2231234646
2233510539,2233548259
2233538477,2233544133
2234126024,2234177694
2236293360,2236299912
2236636426,2236647742
2237623243,2237629230
2237723562,2237754025
2238253393,2238261314
2241781823,2244377121
2244679056,2244683613
2245091348,2245105361
2246141221,2246145648
2248934233,2248940233
2255482422,2255514890
2257601863,2257609230
2257827705,2257852279
2258459208,2258582760
2258509043,2258517817
2258878306,2258885159
2259758073,2259811393
2259868568,2259901852
2260668554,2260696672
2260795965,2260809503
2264561594,2264588593
2267973412,2274136668
2274554250,2274617032
2274651448,2274667378
2275590284,2275595082
2275638449,2275658244
2275685905,2275690733
2280342266,2280348146
2280622644,2280626209
2281649864,2281774182
2284437055,2284442976
2284782470,2284791889
2285424664,2285430020
2287216392,2287382746
2287820922,2287833110
2293824597,2293831623
2294349222,2294354100
2294518226,2294525343
2294920964,2300193485
2296525849,2296535017
2298988059,2298992409
2303276159,2303292791
2305902238,2305904366
2306942261,2306949441
2308194047,2308198174
2308235914,2313064690
2308282331,2308287737
2311823986,2311828627
2312823473,2312829911
2316819106,2316833186
2316921246,2316928452
2316977726,2316983630
2319106579,2322044967
2322337102,2322342902
2323208225,2323214262
2323321022,2323324788
2324380477,2324407663
2329081294,2329147363
2329197469,2329201435
2329620062,2329625361
2331809191,2331845592
2332135205,2332138513
2332267544,2332298312
2332494709,2332497592
2338429802,2338455063
2340055031,2340058272
2341043522,2341047615
2341341063,2341348737
2343291230,2343295583
2343769508,2343777406
2344198426,2347023034
2345661577,2345667939
2345899955,2345904549
2347061055,2347105775
2347223878,2347260870
2347558745,2347563833
2354223337,2354261986
2354243604,2354311587
2354842695,2354894989
2366007867,2368011695
2368073645,2368103911
2368142380,2368174591
2368583229,2368589059
2371178516,2378733980
2372106190,2372111316
2372311949,2372318544
2372592554,2372601224
2373767346,2373803225
2374564528,2374577832
2375327605,2375334093
2375624534,2375629118
2376859408,2376865025
2379171194,2379179537
2379483118,2379488958
2379514030,2384899425
2383349664,2383358324
2387459264,2387464075
2389060896,2389124032
2389260794,2389267981
2389687049,2389755792
2391888881,2391895246
2392207748,2392237116
2394278858,2394304814
2394651606,2394655682
2397965581,2397975180
2398031921,2398065452
2398206808,2398213688
2402606312,2402620876
2403245128,2403252936
2406619934,2406624000
2406864376,2406870463
2407169294,2407175398
2408036157,2408043046
2408198355,2408201225
2411199838,2414005432
2414342207,2414347429
2414789878,2414794699
2415433038,2422937741
2420309781,2420316106
2423593373,2423627097
2423983207,2423988058
2424037292,2424095243
2424257755,2424323143
2426805042,2426814253
2427141529,2427148549
2428209394,2428217322
2429058760,2429062833
2433091877,2433095996
2434139090,2434144326
2434273915,2437861907
2434866478,2434870424
2436277178,2436288832
2436903793,2436929302
2437498197,2437553935
2438285610,2438298539
2438445810,2438452278
2439381198,2439385912
2444031802,2444041348
2445307911,2445315061
2445500516,2445511762
2446271254,2446276219
2447845569,2447851463
2447999047,2448014403
2449206561,2449212545
2452649648,2452652952
2453027982,2453034253
2453471333,2455699516
2456849046,2458901472
2460088439,2460095572
2462492474,2462520640
2462520322,2462525584
2463575892,2463582968
2463621707,2463630093
2465868533,2465878376
2469489007,2469493694
2480654172,2480681623
2483283155,2483300034
2483615102,2483692838
2485961892,2485967729
2486180340,2486230930
2486211569,2486218030
2486483290,2486511084
2487192816,2487200892
2487274816,2487283386
2487415514,2487427345
2487786111,2487790631
2488444920,2488450800
2488970244,2488977912
2489099753,2489727157
2489539523,2489544568
2491394156,2491420613
2491638611,2491654314
2492401403,2492410975
2495520034,2495531908
2495566421,2495571803
2495821992,2495853945
2496799912,2496803938
2496805815,2496862710
2502375777,2502378500
2502404657,2502412325
2502581078,2502586464
2505495166,2505502349
2505628511,2505633780
2506901560,2506931215
2507689013,2507736596
2508184765,2508190368
2508434940,2508439059
2509183978,2509198675
2509275877,2516785942
2509808955,2509818604
2510830102,2513802645
2511544449,2511550403
2512476824,2512487395
2520831906,2520838604
2521522505,2521547780
2521983597,2521988625
2523781876,2523849736
2524458904,2526668420
2526839566,2529659630
2527457444,2527512281
2528496478,2528524714
2529493302,2529517889
2531768694,2531776642
2531910762,2531913966
2532180235,2532183392
2532484337,2532490094
2532952012,2532959168
2533936306,2533972814
2535686060,2535755003
2536500422,2536505470
2536801033,2536808253
2537012856,2537019775
2537036127,2537042040
2537608990,2537612345
2538649662,2538661640
2538919796,2538924156
2541290599,2541296636
2541766515,2541795596
2541957530,2541965194
2543160627,2547297721
2547900320,2547910804
2548168704,2548172192
2550221845,2550231698
2555536871,2555588852
2566375262,2569671757
2568414635,2568417979
2573968303,2573978720
2577598392,2577601746
2580944391,2580972743
2583221383,2583226699
2583728452,2583750910
2584402767,2584407999
2590062944,2600485694
2591520970,2591527244
2591550645,2591560882
2592001788,2592007594
2594948721,2594990070
2597732819,2597737787
2597908672,2597920409
2598605061,2600534006
2602150327,2602153939
2603493618,2603618233
2603811720,2603853079
2608260628,2610670020
2609261424,2609264969
2611145993,2611152946
2611418823,2616466037
2611558710,2611563491
2611831437,2611915702
2612563231,2612569316
2616777257,2619656658
2620674587,2620684981
2621536351,2621540327
2622170444,2622175829
2622289709,2622297026
2622528170,2622534171
2624271322,2624275632
2624305788,2624310676
2624726190,2624749571
2625335364,2625341889
2625874958,2625922745
2625958160,2625965734
2626002459,2626008436
2626211081,2626237162
2627129293,2627132427
2628752120,2628757890
2628775711,2628828163
2628864133,2628868690
2630181433,2630243052
2635813536,2635878001
2639295790,2639299883
2639704033,2639709469
2640548729,2640619342
2642197559,2642202003
2642528113,2642533145
2643650544,2643659020
2644117690,2644121686
2645152748,2645157366
2649546492,2650420903
2649822029,2649826924
2650763816,2650767213
2651630151,2651666475
2652602742,2652607580
2655471421,2655477656
2656691842,2656718072
2657191059,2657195399
2658556772,2658564282
2659072557,2659122512
2659516850,2659524090
2661767699,2661802766
2662275642,2662292167
2663222674,2668245733
2664436496,2664556664
2666180791,2666188929
2669227191,2669230889
2670740291,2670748263
2671338082,2671495843
2671778363,2671785820
2672570413,2672582769
2675413524,2675417653
2675587967,2675595889
2679756053,2679793112
2680197289,2680210566
2685627478,2685655386
2686198902,2686204622
2686558403,2686563678
2689717376,2689777819
2691619125,2691624641
2692485901,2692501721
2694376671,2694384298
2695057140,2695061774
2696181659,2696191678
2698448196,2698506568
2698607692,2698637190
2701394863,2701402664
2701917968,2701924597
2705767782,2705803197
2707499521,2707504074
2711553870,2711583813
2712282434,2712292824
2713963756,2720250742
2714985845,2715001995
2716311649,2716321922
2717075654,2717079931
2718170805,2718175352
2721067249,2721179014
2722059385,2722064426
2722099685,2722126343
2722919419,2722923682
2726516896,2726564733
2730961310,2733335490
2731348194,2731357817
2732124244,2732131100
2732547646,2732553089
2733890262,2733933362
2734590511,2734597380
2734682550,2734690308
2735028763,2743079415
2735696961,2735702684
2735849694,2735901818
2736188169,2739339415
2736447876,2736454435
2736693571,2739372615
2737613674,2737621599
2738320240,2738349828
2741111100,2741124577
2742338279,2742362819
2743794942,2743825462
2746028938,2746075011
2751058458,2751065427
2751080883,2751094364
2752523667,2759274852
2754150644,2754177803
2756693828,2756698522
2759840005,2769282557
2763793007,2763801737
2767026476,2772163397
2769838140,2769876392
2771393485,2771401330
2771693441,2771700414
2771925625,2775253716
2772386991,2772463481
2772517329,2772520145
2772527225,2772537923
2772672036,2772679901
2773362986,2773371606
2774624004,2774629025
2775119055,2775175024
2775541167,2775567103
2776186735,2776191530
2779581360,2779586422
2781407069,2781439010
2782257839,2782264878
2785138362,2785227308
2785504896,2785543375
2792246509,2792281801
2792967088,2792971114
2797524226,2800301985
2801230601,2801241272
2803816654,2813160534
2804492095,2804565732
2804867105,2804870346
2806320557,2806355324
2806570020,2806575911
2806841996,2806851153
2810269236,2810273512
2810615593,2810622228
2811131184,2811142985
2811180382,2811217187
2811437529,2811441796
2813317567,2813341118
2813532785,2816256015
2816343861,2816359834
2819667939,2822197532
2823519333,2823527105
2823825718,2832130938
2823848668,2825894335
2826327456,2826332745
2829231193,2829298786
2832660899,2832666836
2836464058,2836468970
2837159662,2843022996
2839087387,2839094400
2840292415,2840323888
2840828498,2840838688
2841359588,2841365408
2842622674,2842627131
2842720650,2842727099
2844102921,2844107191
2846225630,2846237768
2846349166,2846427256
2848221109,2848248956
2849233608,2852118666
2851114879,2858066915
2852082903,2852088623
2856438258,2856444062
2856907676,2856913470
2858249721,2858255030
2858962725,2858966347
2862464782,2862468891
2867621379,2867628285
2870132084,2870137230
2870663880,2870669774
2873247624,2873256521
2875024310,2875031343
2876046299,2876050622
2876561449,2876569007
2877031803,2877036337
2877086626,2879972251
2877271560,2879931060
2877754566,2877760283
2880953158,2882969074
2881031382,2881036103
2881081361,2881106543
2881498582,2881502261
2881537068,2881542871
2882313626,2882318667
2882595203,2882621955
2883201728,2883265596
2883252011,2883301879
2883365082,2883375038
2883773159,2883786997
2884397394,2884405329
2885193214,2885198436
2887335284,2887355654
2887957749,2887960993
2890221988,2890227869
2891312589,2891321506
2891437755,2891444230
2895365999,2895373784
2896021040,2896048132
2904600791,2904610099
2907478989,2907483603
2908638315,2908652855
2908764640,2908773908
2910107213,2910954147
2910230484,2910284436
2914653793,2914657027
2914740660,2914746581
2916986571,2916994786
2917471271,2923736984
2918456732,2918461406
2918463013,2918470046
2919446328,2919456743
2923487180,2923491848
2923769396,2923774340
2924544637,2924555569
2926898748,2926911123
2931386398,2931394330
2932815110,2932867899
2933247620,2933252244
2933941316,2934015985
2934330626,2934359516
2935059046,2936946284
2936911951,2936917494
2937362312,2937390226
2938807776,2938820241
2939218201,2946907608
2939753682,2939757932
2941381420,2941386625
2953743813,2953789211
2953996390,2954000746
2956762642,2956769091
2957573784,2957606810
2959610564,2959615171
2959910380,2959918295
2962943530,2963048552
2965918354,2965927335
2967444585,2967483027
2969372156,2969381685
2970231920,2970235351
2974399758,2976884938
2977187186,2983872580
2978146670,2978172868
2981527236,2981531255
2986311446,2986334773
2986336955,2986348565
2987391011,2987398023
2987595834,2987599716
2988808577,2988860440
2990265701,2990270635
2990323935,2990390288
2991073922,2991079785
2993307473,2993311416
3000387752,3000391511
3000896354,3000901577
3001376578,3001383804
3017937139,3017943804
3024203824,3027502451
3041333457,3041337587
3042242982,3042247944
3044093769,3044660663
3044877096,3044884143
3048007654,3048015740
3051696018,3051707291
3051745322,3051750250
3052136493,3052180828
3052946354,3052950531
3053000646,3053026015
3053457529,3053462480
3054738422,3054764028
3055045345,3055053079
3055903582,3055907731
3055952528,3055958078
3057040282,3057046282
3064228721,3064240602
3064916734,3067671270
3065137284,3065144427
3065255013,3065348870
3065575614,3065579392
3065871711,3065876716
3066092445,3066119400
3067317556,3067364197
3068582846,3068628579
3069414579,3069420743
3070041674,3070047394
3077286554,3077309273
3083632910,3083638202
3083946993,3083956518
3088592041,3088603300
3090656669,3090708047
3090990580,3090994703
3091355063,3097506228
3091760874,3091767746
3094924612,3094936967
3095616046,3095665728
3096699046,3096723004
3096858625,3096864371
3098681270,3098684638
3098841330,3098852299
3098883006,3098933807
3099755863,3099762679
3100105558,3100116189
3100216438,3103498295
3100255414,3100283139
3100799926,3100807310
3103538462,3103613792
3104596948,3104623877
3106753057,3106759489
3109210099,3109217486
3109451647,3109457871
3110217092,3110224703
3112373355,3112383900
3112964508,3115593290
3113461390,3118547350
3113939428,3113945662
3114133513,3114170779
3115899665,3115909334
3116382714,3116390101
3117726186,3117736322
3122551898,3122620386
3128620729,3129485611
3184008042,3186450042
3184508431,3186462450
3186549284,3186559100
3186695038,3189349950
3186933265,3186939322
3188680152,3188691746
3190207696,3192404689
3193381213,3193439658
3193485083,3193621117
3196510906,3199473205
3199672719,3199680203
3200137159,3200143781
3200401346,3200405629
3200457065,3200461298
3204381461,3204418279
3204605041,3204662049
3204916364,3204926053
3205073173,3205080680
3210739755,3217392365
3211845380,3211871106
3211868042,3211874724
3212487280,3212492392
3217600590,3220287840
3218104725,3218112279
3218532527,3218558043
3218610210,3218621539
3223584990,3223625477
3223626486,3226332506
3224452829,3224459618
3225512297,3225518405
3226926729,3230384306
3230767138,3230819920
3231047549,3231055584
3233402294,3233408422
3234296865,3234306003
3234522309,3234527618
3235272907,3235278226
3235678391,3241310353
3236275791,3236305637
3238301817,3238310136
3238957652,3238963215
3238987521,3238992032
3244794769,3251229502
3252823352,3252852376
3255625511,3255633203
3255987582,3255995142
3256728200,3256735059
3258609818,3258614880
3258695590,3258702760
3259069531,3259072765
3260180157,3260187581
3264442160,3264450743
3264658784,3264673264
3265541267,3270207624
3267831623,3267886226
3270514747,3270553814
3277952866,3277965165
3278080077,3278085803
3278258964,3278267146
3283187032,3283197460
3283370670,3283377416
3284112548,3284139637
3285615685,3285629918
3285941912,3285950261
3286275302,3286336437
3287384165,3287387997
3289025635,3289030426
3289160640,3292257744
3290858975,3292254864
3293579639,3293587010
3296259205,3296401861
3296678133,3296684211
3299939397,3299945481
3300058088,3300065194
3303738897,3303745192
3308287131,3308351433
3310954469,3310963373
3317557151,3317562309
3318450746,3318457786
3324151203,3326204675
3324321630,3324361552
3327124611,3327128540
3327688153,3327696737
3329723945,3329732234
3332065008,3332069178
3332460268,3332467532
3334197303,3334206454
3336013186,3336064414
3338415157,3338420151
3341057881,3341063159
3344175312,3344261558
3344635321,3344654853
3347172067,3347219727
3347415667,3347421948
3348084766,3351160093
3350877360,3350882879
3351208986,3351232808
3351731721,3351736519
3351799020,3351805278
3352683300,3352690152
3353605134,3353610977
3356446704,3356450115
3357098149,3357163925
3357420989,3357486473
3357559088,3357563862
3358880144,3358911817
3364966720,3364972266
3366027568,3366031878
3366490792,3366499175
3372977643,3377671885
3374857040,3374901693
3377996675,3378000698
3378350747,3378357132
3381827866,3381834915
3382032739,3382071733
3384159487,3384184732
3384658287,3389029295
3385201522,3385233212
3386246126,3386268107
3390027505,3399770885
3391767556,3402994258
3403317929,3406149239
3406415136,3406420689
3410285878,3410289680
3411194732,3411247324
3413629846,3413633197
3414933382,3414938267
3415272415,3415276682
3415777222,3415783283
3416042639,3416047707
3416050286,3416080212
3416560733,3419006669
3417544660,3417555592
3417796205,3417799509
3418107551,3418112866
3418913694,3418918475
3420250991,3420255234
3420958609,3420961329
3429774115,3429846235
3429793396,3429802571
3430553570,3430579800
3436134267,3436171971
3436573712,3436577691
3436681769,3436727748
3440430930,3440464267
3440935248,3440963447
3441422762,3441425986
3441706855,3441712224
3446396038,3446446909
3447085849,3449943419
3449156454,3449161746
3453004961,3456677732
3460478492,3460483851
3460500039,3466877631
3462464963,3462476547
3467711230,3476789059
3475017532,3475023051
3477826994,3480703225
3481718334,3481724465
3483033339,3483083221
3486237133,3486243812
3486928929,3489743897
3493460510,3493566839
3494297113,3494323250
3494832708,3494840225
3496092038,3496099442
3496652520,3496709956
3497320711,3497326968
3497529466,3501706045
3498860890,3498917507
3499328825,3499335076
3499591508,3499598835
3503787385,3503792113
3503846756,3503853735
3508125176,3508134190
3508265387,3508272607
3508612643,3508636819
3508668609,3508678662
3510559809,3510570598
3512193809,3512197694
3512250443,3512265367
3512531663,3512537513
3513204321,3513208721
3513272729,3513278155
3519413787,3519457883
3520115786,3520123848
3520372459,3520384648
3520989151,3520993785
3521879058,3521884824
3522733973,3522749957
3522773535,3531745957
3525465813,3525470651
3525809354,3525916401
3529417011,3529445307
3533307028,3533409585
3533946813,3533953104
3534608425,3538657426
3535858922,3535862680
3536609834,3536672248
3537087975,3537099920
3538146876,3538151483
3538699583,3538708026
3539844342,3539857148
3539947667,3539996266
3541937536,3541941442
3542084830,3542096537
3545596224,3545599509
3549214436,3549218906
3551724607,3551751075
3552408631,3552433051
3557070124,3557077604
3562748312,3562755008
3564139137,3564149547
3565753484,3565786256
3565881837,3565887430
3567817801,3567826207
3568083839,3572452121
3568745335,3568788795
3569027691,3575717477
3578979496,3578985209
3579812598,3579820031
3582500616,3582505815
3583328583,3583341510
3583902890,3583955849
3583945398,3583953467
3584145157,3584153399
3584905420,3584910335
3584938323,3584946763
3584990935,3584996992
3585228099,3585277143
3586405661,3586408694
3587627595,3587632610
3587801927,3587807761
3590037410,3592664515
3591898084,3591903583
3594211149,3594218346
3594345356,3594387781
3594515850,3596442095
3596101795,3596106496
3596746284,3596792337
3596851568,3602515858
3597371112,3605572669
3598318568,3598323048
3598516632,3598519499
3601683918,3601712785
3601788179,3601817484
3602372553,3602380141
3605793422,3605828333
3606304390,3606332655
3610798649,3610830279
3614839721,3614848739
3617753695,3617800778
3618043408,3618049890
3618727168,3618731248
3620013050,3620020551
3621758604,3621765974
3631339529,3631383079
3635970805,3635975185
3637237556,3637244198
3638125932,3640572319
3643539055,3643550224
3644929047,3644936227
3645206969,3645215142
3648158367,3654509537
3648980306,3648988368
3649343445,3649351992
3649382325,3649425154
3651606903,3651636264
3654330811,3654335629
3656038394,3656043055
3656457439,3656467125
3656826161,3656830798
3658299295,3664488732
3659739250,3659745240
3661358011,3661371595
3661955605,3661962284
3664591510,3664602786
3665322683,3665325276
3665443622,3665472543
3665579503,3665628269
3667852630,3667860829
3667877564,3667900544
3672885397,3672907137
3674753287,3674765582
3674871370,3674878493
3677615388,3677638615
3677890086,3677897557
3683086588,3683093949
3684427901,3684545273
3684590714,3684601960
3685087018,3685092775
3685276045,3685285831
3685499227,3685504573
3687397918,3687448098
3689412858,3689470097
3695877287,3702410776
3696104309,3696108231
3698998831,3699029001
3699062221,3699071659
3699221205,3699225999
3700085339,3700120406
3700414820,3700461271
3702472709,3702554629
3702744223,3702752302
3703626372,3705381498
3707365142,3707369993
3708412773,3708439956
3713081716,3713094960
3713691526,3713699678
3715667145,3715674498
3715956243,3716004364
3716992173,3717005905
3717490375,3717510261
3720474852,3723398147
3722520553,3722525327
3724537627,3724541797
3725807365,3730238305
3727366568,3727370411
3728638023,3728651702
3733517075,3733520540
3737785149,3737838071
3738034769,3738046653
3738118426,3747234576
3741361718,3741365199
3741747295,3741752324
3742830479,3742836646
3743422483,3743431691
3744896383,3744959275
3748581816,3748586420
3749101798,3749107518
3751429243,3754256120
3752475819,3752501785
3754907936,3754914000
3755340542,3755379302
3762748706,3762754041
3765076408,3770255106
3767661208,3767669655
3767665629,3767672755
3770441530,3770475018
3772808133,3772812326
3773745148,3773749021
3774169679,3774181039
3774512398,3774548966
3775364778,3775369075
3776318849,3776323620
3776538444,3776546512
3776766644,3776823867
3776843712,3776858146
3777428778,3777435794
3777465526,3780301644
3777743425,3777747658
3781143262,3781151538
3781226361,3786189049
3785160626,3785165654
3786025668,3786030242
3787902960,3787907410
3789362984,3789368256
3790743795,3790750551
3792518647,3792540334
3792546251,3792593052
3795254747,3795260804
3795834119,3795838863
3796680805,3796688928
3797417792,3797423084
3799492751,3799499279
3799919463,3799923990
3841421721,3841424437
3841942347,3841948879
3844228504,3844266231
3845294938,3845300241
3848025021,3848031356
3857336206,3865086145
3859288878,3859293362
3865207519,3865260756
3870483505,3870488096
3870634979,3870657624
3872148536,3872157070
3873498576,3873503608
3873660430,3875093866
3877254650,3880959976
3878702563,3878707504
3881195992,3881203877
3881953004,3881957301
3882089687,3882128567
3885734520,3885764329
3885900009,3885904971
3889623958,3889633440
3889740247,3889769368
3890787701,3890793181
3891593807,3891657064
3894026386,3894033195
3894115285,3894180659
3894565385,3894569965
3894719862,3894752447
3895108633,3895112479
3900289256,3900296031
3903627213,3903634289
3903909245,3903914126
3906747761,3906753708
3909324392,3909336454
3909507222,3909515461
3910938827,3910990506
3916756575,3916762502
3917394188,3917428447
3919010340,3919021623
3921108268,3921116624
3923796898,3923810239
3924137689,3924142423
3924446132,3924458373
3926540686,3926565299
3934103542,3934107603
3935398409,3935426783
3940479501,3942983578
3940842948,3940848400
3944249644,3944255150
3947212778,3947218167
3948109103,3948115926
3950051682,3950078344
3950231976,3950656173
3950801492,3950848998
3951471052,3951517202
3952911314,3952950144
3954444660,3954448211
3954968702,3954974044
3957918873,3957960443
3958415832,3958419751
3958484246,3958492753
3959330495,3959378102
3959488735,3959512710
3960370773,3960375905
3961242060,3961247425
3963515029,3963519456
3963604055,3963616200
3964008764,3964041877
3964110111,3964118063
3969152357,3969159654
3970039878,3970044352
3971451624,3971457444
3976890289,3976941180
3980787960,3980831320
3982343966,3982349362
3985916335,3985921353
3986010827,3986020272
3986776579,3986813157
3986925250,3986932884
3987231902,3989559638
3987814248,3987843021
3990195698,3990204007
3990300420,3990335093
3991437932,3991443792
3991460173,3991467099
3993816291,3993822686
3994319798,3994368123
3997551223,3997598652
3998756899,3998762756
3999361881,3999374884
4000274049,4000278342
4003385095,4003390317
4003754007,4003764124
4003973217,4003978436
4004112486,4004117400
4004147096,4004152117
4004224110,4004229142
4005465452,4005470551
4006105832,4006113313
4006324725,4006373377
4008039658,4014704260
4009327965,4009334938
4009508803,4009519428
4010540367,4010550193
4014769003,4014773176
4016234630,4016242130
4017137880,4017142408
4020977758,4020985235
4021691310,4021695877
4023018878,4023022426
4024439949,4024467683
4026153342,4026162022
4039858180,4039873265
4041652670,4041658474
4043691733,4043696811
4049502227,4049576188
4049975127,4049984712
4051708399,4051715175
4051745812,4051808681
4052110595,4055598512
4057436720,4057441461
4059216871,4059261093
4059967011,4059972714
4063995397,4064006513
4064510909,4064518215
4066322923,4066330059
4066488850,4066505104
4067576035,4068738238
4067608711,4067614952
4068763259,4068808373
4076840562,4081652596
4081727890,4081769730
4082705543,4082710544
4082936092,4082940155
4085051117,4085055547
4085547514,4091424141
4086157931,4086163738
4087973881,4087981873
4088039706,4088097587
4088284997,4088292678
4088493448,4088503024
4091471190,4091477488
4091933929,4101607434
4092650886,4092655109
4092657648,4092662045
4102444596,4102506816
4102515326,4102525533
4111672455,4118567673
4111977743,4119372984
4112806960,4112848292
4114031794,4114077670
4115778463,4115785430
4119698870,4119702372
4119723353,4119729173
4120016628,4120080171
4121986814,4121991151
4122866811,4122925046
4123399830,4123405937
4125563904,4125614882
4126160065,4126165889
4127657656,4127669991
4128034991,4133539703
4128700884,4128704913
4134013454,4134020761
4135152400,4135156078
4135611664,4135616398
4135885250,4135929088
4137469548,4137520509
4137618562,4137622999
4138925319,4138929545
4139126300,4139137138
4140726458,4140756614
4140973996,4185746829
4143568990,4143612113
4185746221,4185751991
4189517623,4189561568
4195576799,4195587327
4196032723,4196039842
4200017137,4200023499
4203613067,4203618453
4203920829,4203929565
4205970258,4205973188
4213398638,4213437822
4216952428,4222345217
4219494816,4219551474
4219936828,4219941251
4220001461,4220078071
4222634940,4226365137
4223556727,4223602235
4231218172,4237383724
4234969752,4234974409
4236454817,4236460811
4237505215,4237543476
4237612062,4240407368
4237935359,4237943123
4238337762,4238343896
4240893973,4240902222
4241031704,4241086287
4241795232,4241800538
4241846451,4241880593
4241957992,4241963855
4242389993,4242396602
4243116365,4243120375
4244299459,4244305239
4244536257,4244549574
4245030930,4245036630
4246301767,4246306274
4246518548,4246524518
4250896525,4250900818
4251278200,4251282056
4251593700,4251606626
4252077868,4252082195
4252626981,4252632053
4253400445,4253410939
4255023389,4258211363
4255169029,4255173947
4255772553,4255779242
4255805202,4255814106
4258226150,4258236534
4258287452,4258300823
4258369385,4258376431
4259349249,4259360164
4261837289,4261943745
4262566908,4262571693
4262962633,4262966712
4263116335,4263125543
4263144694,4263149889
4263497041,4263504031
4268815198,4268821553
4271487868,4271492228
4277622502,4281254064
4280006177,4280015014
4285004431,4285010422
4296779176,4296787909
4299492723,4302372081
4299813110,4299818055
4302507363,4309002016
4304649133,4304662120
4304696021,4304773444
4306273540,4306316616
4307051795,4309147682
4310339213,4310345450
4311016591,4311020908
4311127822,4311180280
4311536677,4311539216
4311630891,4311668438
4312829795,4312870195
4313041818,4313046983
4313094229,4313099271
4315208666,4315226016
4315650948,4315658886
4316667210,4319239471
4317027225,4317035628
4319437686,4319441818
4319511630,4319518923
4320266174,4320337736
4320586678,4323208490
4321455315,4321461553
4322275504,4322282286
4322488553,4322499856
4327028341,4327036476
4327226632,4330101984
4327841056,4327848105
4330245506,4330290049
4331064672,4331101043
4331340620,4333216328
4331662644,4331667518
4332331490,4332333668
4333049967,4333053314
4333213839,4333303629
4333435715,4336097707
4333891849,4333980270
4341805250,4345131440
4342332341,4342337213
4342435687,4342449348
4342580675,4342584835
4345222424,4345227923
4345438516,4345447988
4347004335,4347012838
4348894837,4348899561
4349176211,4349262975
4350744989,4350776897
4351093632,4351098967
4352190360,4352230827
4352231785,4352236881
4353924267,4353929579
4353966237,4353996781
4354822001,4354854253
4355541066,4355552082
4361308605,4361313593
4361785911,4361794211
4364801424,4364837838
4371430764,4371441275
4372381755,4372385019
4373898457,4373902994
4374433396,4374442223
4375879288,4382827558
4377119397,4377128401
4377318838,4377323732
4377353852,4377365128
4378452705,4378466988
4384801687,4384806565
4386358281,4389047302
4389152452,4389159003
4390361927,4390368465
4396162472,4396168248
4396218134,4396223700
4397134672,4400028326
4398030669,4398041915
4403900056,4403913691
4407378054,4407430689
4410175395,4412927362
4411902971,4411954757
4416244437,4422680638
4416543986,4416608499
4416858095,4416868035
4417067269,4417072708
4417279483,4417287007
4418572775,4418584949
4419236442,4419266508
4419304075,4419311983
4420323755,4425890833
4426024679,4426061474
4429045350,4429145628
4430016792,4434845026
4430303808,4437846980
4433549522,4433600333
4434943086,4434977285
4441139018,4441187283
4441163428,4441169786
4443816238,4447921576
4445049188,4445058930
4445193398,4445206588
4446016136,4446050903
4446182955,4446189389
4447352227,4450938317
4448297558,4448308660
4448928727,4448934263
4449305257,4449312373
4449931691,4449937291
4450928809,4450934903
4451568190,4451573819
4456967016,4457020323
4460775544,4460780653
4466016927,4466024244
4469554322,4469562989
4470894763,4470905237
4476055690,4476100460
4478881139,4478885089
4479171290,4479179770
4480506516,4481932534
4481991270,4482030203
4485069638,4485073142
4485547896,4485552082
4485684806,4485689834
4485762966,4485772462
4492890211,4500768521
4493049175,4493078506
4506274632,4506282320
4514653074,4514715462
4515209831,4515214355
4515707143,4519694338
4517932723,4517959562
4520618587,4520627157
4521892611,4521948494
4523967286,4524010492
4524817093,4524826415
4525606564,4525659476
4525905752,4525910543
4526226594,4526233022
4526835200,4528755077
4529032231,4529042745
4529371739,4529379316
4530438407,4531790806
4533447421,4535771649
4533546273,4533550943
4533930968,4533938994
4534288568,4534294057
4537338316,4537343044
4539408530,4539453083
4539883662,4546729161
4539955174,4539960319
4541011281,4546765786
4548341073,4548354865
4550797857,4550813280
4551578084,4551582517
4551801998,4551806569
4552865880,4552871145
4556322712,4562703945
4557844960,4557850897
4558994847,4559068524
4565934849,4565964815
4567412657,4567420816
4569580711,4569592321
4571607545,4571616118
4572076271,4572082569
4572655664,4572720704
4574355268,4576714303
4575924979,4575931337
4575939339,4575944815
4576029688,4576033667
4584332291,4591356748
4593247775,4594615319
4593571333,4593579388
4598539294,4605705013
4598588754,4605703039
4598589643,4605706019
4605892189,4654514220
4654935611,4663514617
4657736854,4657742648
4661631325,4661636263
4662740925,4662774830
4663418946,4663422591
4664883123,4676308430
4665945959,4665950930
4669519384,4669525842
4670554860,4670585654
4680782920,4680820614
4681573928,4681579354
4682892565,4682897270
4683997365,4684022146
4686648318,4686671392
4688409776,4688429665
4689281741,4689287190
4690973554,4691024659
4697019449,4697026495
4698376595,4699191709
4700224008,4700258628
4701069235,4701073892
4702428676,4702450764
4704388161,4704415802
4704701776,4704707626
4707196702,4707201730
4710123041,4710131531
4711424622,4711454331
4711593229,4711598167
4712454359,4712487990
4712648417,4712657248
4717421525,4717463087
4717999794,4718007442
4718148184,4718156897
4719061501,4719064214
4719662961,4719667572
4721294959,4721309566
4723366757,4723378491
4724917000,4728891241
4729184258,4729187930
4729194071,4729199179
4729223338,4729234808
4729923466,4729947518
4734149102,4734184627
4735797224,4735803244
4740769454,4740773918
4741792305,4741799010
4741924173,4741956685
4742565428,4742569224
4744680660,4744685147
4746442435,4746446668
4747400856,4747408584
4750654071,4750658538
4751326512,4751330193
4752245649,4752252117
4756350599,4756368637
4761539233,4761543439
4807598418,4807602695
4808385016,4808393205
4812214746,4812220560
4813958222,4813961951
4816212381,4816219765
4816737605,4816740910
4817530324,4817540220
4822508518,4838149815
4824153881,4824159053
4827395305,4827404222
4828227511,4828232533
4828319948,4828325515
4830652121,4830660043
4830829358,4830835956
4830979622,4830985428
4839470938,4839478676
4839481095,4839488292
4839638415,4839673526
4841529876,4841551530
4842108851,4842115209
4844067544,4844079595
4844617502,4844623980
4846289783,4846296158
4846942077,4846948869
4847388001,4847395675
4847622720,4847637006
4849526927,4849532387
4851532957,4851581135
4855760817,4855773102
4857751741,4857781554
4859231207,4859237899
4859944041,4859957686
4861460599,4861473412
4862305388,4862310329
4876694140,4876697762
4878638921,4878656047
4880394879,4880402624
4884189592,4884197761
4885463098,4885472333
4885601632,4885605705
4890202491,4890207479
4890216233,4897052274
4892275492,4892284673
4892877673,4900065898
4893760614,4893764633
4895990681,4895999230
4900813927,4900819396
4904036110,4904040039
4906951344,4906957816
4907508996,4907566780
4907867324,4907872005
4908211847,4908268598
4914631720,4914652628
4917166103,4917208742
4917442472,4917497810
4918836577,4918841752
4919218466,4919222833
4919684954,4922986675
4920100020,4920154703
4930845810,4930873160
4932150910,4932155961
4932991479,4932994613
4940054849,4940059580
4942095845,4942138143
4947088433,4947150219
4950892013,4950899868
4951153257,4951158198
4953101783,4953106371
4953170672,4953222298
4953971430,4953978974
4955220680,4955227703
4957936613,4957941010
4960246822,4960909838
4961760991,4961797753
4961867501,4961872111
4965917276,4965921840
4966470802,4966496679
4967457910,4967465150
4967817020,4967827494
4968137708,4968142121
4970158605,4970164866
4971085593,4971129224
4972716853,4972732319
4972988534,4972993683
4973010926,4973015921
4973402945,4973432293
4974062770,4974070157
4974301459,4974309176
4975101758,4975107120
4975126726,4975134193
4977816378,4977820498
4980139764,4980170662
4980380400,4980439741
4981211755,4981219800
4981728776,4981763837
4982993235,4983004605
4986992698,4986998799
4988868897,4988874747
4989251488,4989273502
4989581591,4989589248
4990093557,4990130626
4990622496,4990655613
4991390551,4991395158
4993478927,4993482496
4993953477,4993962151
4995153337,4995166501
4995441406,5001777355
4996036398,4996041727
4998936760,4998943359
5000543380,5000640424
5000608510,5000614167
5000705441,5000730469
5002075247,5002115085
5003264862,5003269543
5005277794,5005286418
5005636847,5005697083
5005927633,5005936062
5008943499,5008949550
5009242032,5009305773
5010529969,5010534573
5012116234,5012178779
5015777937,5018949907
5019141683,5019169585
5020206631,5020210637
5020341887,5020372956
5020688074,5020693379
5021002213,5021007278
5022535363,5022544494
5022729976,5022735475
5025323623,5025329286
5026426468,5026431934
5028883837,5028888732
5030394001,5030421350
5034068222,5034107653
5034625226,5034629215
5034880526,5034948185
5035343629,5035397991
5036917386,5036925528
5037040283,5037047106
5037353354,5037357643
5038871716,5038877506
5038926382,5038932202
5039067882,5039073342
5039940803,5039944391
5040234762,5044662121
5044723078,5044868942
5044995722,5045003075
5045398432,5045444368
5045650902,5045657067
5045942182,5045958811
5050615679,5050620881
5051611928,5051636719
5055736420,5055741338
5065174006,5065187077
5066755465,5066821597
5075469041,5075472874
5076540875,5076597767
5076801263,5079566511
5078033645,5078041640
5080944980,5086667564
5083721172,5083799266
5083896036,5087474489
5089194354,5089221192
5091001650,5091008646
5091367943,5091378925
5094753033,5098837639
5095658669,5095681646
5096374076,5098842170
5102811148,5102824914
5102984790,5109418906
5103393755,5103398198
5104054488,5104060242
5109976494,5110003958
5112096978,5112103536
5113690714,5113730018
5115879713,5115886348
5116036054,5116043739
5117216379,5117249749
5117975750,5117982289
5118850969,5118873278
5127607993,5127613386
5127993678,5127998780
5128080572,5128085854
5128786494,5128794031
5131703438,5131750396
5134307670,5134312972
5135302616,5135306170
5135896000,5135908649
5138793777,5138849446
5139450859,5139456722
5142900755,5148445762
5145856659,5145862245
5145875736,5148479935
5148005946,5148013463
5148944184,5148949350
5149831869,5149861655
5154798554,5154815940
5155087144,5155095694
5156055288,5156060176
5156496087,5156503454
5157164384,5157191704
5158591128,5158595144
5160347253,5160351881
5161292748,5161320977
5161869578,5161928213
5163525949,5163533503
5163849226,5163852698
5166036942,5166042695
5166698922,5166704027
5166793975,5166862202
5170936732,5170944283
5171049282,5173559443
5173579917,5173681001
5173888844,5173897120
5173977793,5173981685
5174309790,5174316025
5174513124,5174521947
5174597084,5174604515
5178451716,5178465367
5183497353,5183506464
5185770903,5185777863
5187784914,5187793113
5188069676,5188108846
5190139726,5190144050
5192559756,5192566979
5193675821,5193762629
5194435647,5194443245
5197823213,5197830329
5198531794,5198543664
5201533457,5203372727
5201963958,5202037966
5203308292,5204479385
5203591273,5203601743
5204520754,5204526524
5207041586,5207048425
5207628242,5207666951
5207629652,5207638091
5213885773,5213890380
5214411969,5214482853
5215981483,5215992191
5216033506,5216040476
5217582620,5217632659
5218013114,5218035383
5219330769,5219339009
5221884982,5224417231
5222196673,5227408240
5223285589,5223291359
5225887315,5227452616
5226250792,5226254634
5227814742,5227820045
5230516169,5230563204
5237526817,5243290233
5241359387,5241364960
5241613768,5241626097
5246747476,5246756055
5247257959,5247261884
5247784783,5247792043
5252859935,5252863383
5253184438,5253187926
5259572367,5259581097
5259867091,5259873997
5264382336,5264388210
5264883073,5264890577
5266359201,5272182743
5267846919,5267899217
5270024161,5270046616
5274800790,5274823809
5276764270,5276770872
5277677210,5277686154
5278596889,5278632231
5281425613,5284268412
5283004869,5283011230
5285784777,5285800159
5287387531,5328176129
5289385170,5324033869
5289640203,5289657757
5327313158,5327322646
5328384671,5335272097
5335549779,5341234369
5342195070,5342201909
5345636459,5345652794
5346339892,5346343390
5346736485,5346766735
5348042907,5348049115
5349364037,5349395002
5351870072,5351874940
5359330336,5359339764
5359551774,5359557818
5363262673,5363278587
5363369129,5363374107
5363668578,5363675831
5364381619,5364388669
5364572881,5364577776
5370400515,5370403833
5371050771,5377071164
5376495133,5376501815
5377256262,5377263238
5380189440,5380261327
5380719970,5380769899
5383126565,5383137557
5383327071,5383332404
5383587577,5388941403
5384028720,5384073323
5384276362,5384287097
5385734318,5385742731
5387125069,5387130444
5387459261,5387465946
5387690559,5387697558
5388199057,5388205111
5389819839,5389872074
5389875745,5389886714
5392766736,5392771521
5392809027,5392815182
5393007125,5393013911
5393377124,5393382489
5397344689,5399124593
5399461468,5402142864
5402787357,5402792589
5406113848,5406118549
5407508444,5407512253
5408983015,5408990386
5412171754,5412179512
5415067787,5415159506
5415191690,5415223136
5416424151,5416433453
5418720545,5418731758
5420217047,5421992790
5422281481,5422287745
5422321851,5422326756
5422842310,5422853229
5426424419,5426435959
5426765654,5426769673
5433543755,5433571789
5433694737,5433702017
5435562670,5441982630
5439582737,5439589002
5440048841,5440054217
5440944434,5440950277
5442589957,5442596956
5442870589,5442875553
5443446533,5443457669
5447158214,5447203184
5448887443,5448900591
5450521754,5450544042
5450665122,5454840100
5451667578,5451694414
5451897189,5451905187
5453863022,5465657743
5455288603,5455293595
5455415456,5455424009
5455595633,5455601690
5455666677,5455672998
5456972752,5456995304
5471961918,5471967848
5475089917,5475096716
5477423627,5477429179
5477761835,5477768029
5479127852,5479133007
5484416888,5484424258
5485234614,5485240294
5486664068,5486722429
5487102157,5487111505
5490244272,5490247917
5492125315,5492172755
5493774065,5496858357
5494799291,5494803905
5498716982,5498723864
5499087658,5499099923
5499886364,5502840070
5499983515,5500034911
5500121912,5500127101
5500670229,5500717201
5510187720,5510197610
5510530770,5510558888
5513756922,5513766394
5513864096,5513868557
5518393487,5518441057
5524083704,5524090205
5524286419,5524291404
5525298715,5525333686
5526489607,5526493509
5527244792,5527249874
5527352398,5527356567
5531494219,5531523447
5532137863,5539787969
5532404473,5532430901
5534960867,5534963941
5536968129,5537021396
5540076055,5540084421
5544302729,5544308072
5549837016,5549845786
5549963792,5549988486
5550127931,5550135014
5551705751,5551730729
5552805957,5552815385
5554462833,5554467533
5560829676,5560839175
5561347981,5561355111
5568948796,5576709394
5570433303,5570791114
5570959149,5573798941
5575172332,5575179001
5576758491,5576800321
5577567370,5577613617
5578278647,5578286609
5578458306,5578465569
5578499474,5580716862
5579338744,5579389027
5580849017,5580944672
5582952435,5582958833
5583389575,5583393985
5584229606,5584234284
5585077576,5585084873
5586670487,5586702200
5587004048,5587041982
5587201635,5587205768
5589421535,5589586235
5596954109,5596960193
5599753027,5599759055
5600214831,5600250848
5601154773,5601164476
5604617973,5604625454
5605874942,5605904149
5606803020,5606839377
5607805473,5607817945
5607850677,5607856234
5608769524,5608819049
5612505765,5612512614
5613867863,5613877582
5614169420,5614173991
5614300236,5614330248
5616994495,5617008474
5617653669,5617664069
5618653028,5618661755
5619068351,5620636930
5620084546,5620088111
5621208891,5621215279
5625565312,5625571386
5627823698,5627830808
5628525056,5638526028
5628630299,5628637763
5633335392,5633346561
5639182481,5639189401
5640101468,5640106396
5643666681,5643673614
5644776599,5644830267
5647819020,5647828716
5652370412,5652375029
5656874083,5656879282
5660054740,5660064603
5661661363,5661665228
5662313276,5662323232
5663240369,5663248210
5664064470,5667403125
5664876697,5664902837
5665228112,5665240815
5666782758,5666787533
5666946620,5666953476
5667784263,5667824315
5668092726,5668119644
5668361510,5668369141
5669010717,5669015034
5669292979,5669343229
5669322344,5669331645
5669392085,5669406385
5671030191,5671034210
5672903613,5672955052
5675589337,5675624829
5680256502,5688368563
5685753085,5685766299
5686651531,5686678056
5687010922,5687015780
5689227097,5689288011
5692386010,5692398108
5693857654,5693861791
5699651253,5699662683
5699654414,5699685837
5700496313,5700503396
5702728846,5709327973
5706677327,5712408919
5709487896,5713210549
5713232549,5713237190
5713422739,5713430781
5714647122,5718305977
5714952845,5714959985
5715242441,5715253774
5716514718,5716521153
5716561643,5716566711
5717615609,5717625181
5718343501,5718436272
5718443555,5718495084
5721446148,5722474658
5721790871,5721796664
5722309957,5722316519
5722795319,5725431120
5726674123,5726686454
5729462249,5729467455
5729899035,5729903843
5731585065,5731590047
5731754209,5734471442
5733132130,5733136644
5734408968,5734418423
5735059160,5735065876
5738113302,5738120946
5741624940,5741628341
5742259724,5742264007
5746277242,5749325306
5746292861,5746376952
5746546066,5746551609
5748309729,5748313999
5749600615,5749606693
5750891395,5750940061
5753192068,5753199085
5756044330,5756056247
5756889303,5758350012
5759521258,5759565641
5760639439,5760655710
5761078981,5761126558
5761392843,5761401818
5765050155,5765056818
5766986674,5766991933
5767727309,5767733233
5769560278,5769569075
5772324734,5772333527
5774725248,5774753931
5775164647,5775170764
5776969594,5776980366
5777408265,5778277794
5778764422,5778773162
5778842673,5778852990
5779186077,5779196327
5782152161,5782287487
5782621733,5782632274
5783777113,5783785670
5784066946,5784072132
5785298168,5785304115
5785610273,5785615034
5785758542,5785767793
5785879485,5785884547
5788039226,5788046900
5789177837,5789208071
5789292005,5789333056
5789690632,5789739088
5791142337,5791150122
5796460955,5796468209
5797784865,5797795967
5797926923,5797985752
5799345789,5799391685
5799508211,5799517201
5799722312,5799728293
5801031277,5801067558
5802544040,5802569749
5802562172,5802566498
5802845804,5802876989
5804269748,5804273887
5804370253,5804374587
5807325252,5807359715
5807416774,5807452453
5807805683,5807812241
5811545445,5814045296
5814782787,5814787905
5817182886,5817187614
5817371833,5817375044
5817825401,5817831165
5819940910,5820241254
5821561459,5824228903
5827852928,5827894965
5828735090,5828763071
5828904976,5828911742
5828967056,5829016931
5829656042,5829660976
5830369972,5830412416
5832538510,5833274758
5833767506,5833773824
5834306813,5834377850
5834805175,5834830998
5836199026,5840226092
5839288903,5839295629
5843342447,5843350476
5845592470,5849133644
5846143073,5846152568
5846581122,5846633242
5847348836,5847417518
5848059054,5848063474
5848852872,5852819926
5848880840,5848910806
5849378961,5852174665
5852303904,5852312126
5852320619,5852328604
5853092877,5853140858
5853456557,5853481234
5854589121,5854612342
5856198223,5856202877
5858732450,5858748273
5859217501,5859226017
5859383605,5859392465
5860109960,5860136421
5862878932,5862885367
5864713335,5864717926
5865518115,5868068408
5866298899,5866303667
5870731770,5872142951
5872178443,5872216942
5872314441,5872338396
5876794461,5876800705
5879099845,5879161210
5879679157,5879686721
5880221454,5880224925
5888345462,5888354516
5890416210,5890421546
5891141126,5891145820
5892135263,5892200768
5895389203,5901957739
5895560512,5895565276
5896393918,5896402722
5896536184,5896539986
5901153020,5906051627
5902344493,5902350550
5906159907,5906175894
5906495332,5906501884
5908509059,5908514739
5910845145,5918721837
5912181079,5912185840
5917047648,5917052901
5917392081,5917395720
5918169885,5918176333
5919388989,5919410265
5919670824,5924903841
5921474970,5921480890
5922951389,5922958662
5924400310,5924422365
5924651467,5924666963
5924828383,5924858940
5925441186,5925448292
5927817978,5927822766
5927873844,5927878251
5928680518,5928686349
5928946249,5928950315
5933698211,5933702691
5935310504,5935317633
5935918803,5935925645
5936136145,5940937036
5939747000,5939755593
5950060587,5950068202
5950356281,5950364927
5950683012,5950722908
5951398185,5951405188
5952324028,5952332123
5952695527,5952700949
5952951969,5952961819
5952963756,5952972082
5953820907,5953828779
5958842629,5958847550
5960373357,5960378091
5963800918,5963809287
5964236538,5964242201
5964610920,5964615577
5964887355,5964918607
5965102636,5965110056
5966185839,5966235932
5966482047,5966535514
5967439045,5967466920
5968058106,5968073789
5970328707,5970334430
5973159385,5975861860
5973673042,5973677121
5975893320,5975903874
5976247124,5976260074
5984106554,5984113416
5986121470,5986126294
5986724176,5986731917
5987950126,5987957105
5991010321,5991032352
5991215679,5993967910
5995105091,5995110353
5998413587,5998430990
5998615981,5998628116
6001275985,6001316345
6001552554,6001607491
6008224680,6008271829
6009528353,6010872900
6011821111,6011827717
6014221041,6014228104
6014230640,6014239587
6014592158,6014603298
6014621373,6014628820
6017308285,6017315101
6017761132,6017832580
6021653781,6021705982
6024230746,6024240078
6027042604,6027077559
6027078571,6027083085
6028016953,6028024791
6028154551,6028162178
6030103715,6030109652
6030164626,6030170376
6030361735,6030366182
6031427932,6031431972
6032876583,6032891294
6033444980,6033482012
6043885582,6043894098
6044429041,6044453601
6046916559,6046927929
6046963344,6047002592
6047368354,6047373175
6047743494,6047751659
6053172330,6053198771
6053634301,6053663428
6053874165,6053879020
6056896613,6056925654
6058720184,6058725503
6058903334,6058910658
6059200243,6059205723
6059887188,6059892724
6061235286,6061239169
6067416287,6070724997
6069086353,6069090493
6070914271,6070923472
6071288376,6077673842
6076152633,6076182422
6078142512,6078149187
6080629319,6080636318
6080651965,6080690547
6080928153,6080967370
6084308037,6084355604
6085117317,6085127431
6085430481,6085476521
6086531118,6086581230
6086632211,6086639592
6087627779,6087632543
6090334033,6090340164
6090391432,6090396377
6090738117,6090748691
6091782387,6091786413
6094079415,6094092445
6094446093,6094451595
6094850013,6094897850
6096935609,6096943581
6097324324,6097333195
6097672572,6100473973
6101812035,6101818213
6103856707,6103907711
6103953046,6103962084
6104358991,6110670664
6105537317,6105539616
6111601475,6111609961
6115104664,6115110240
6115598926,6115605388
6116813874,6116819093
6117370053,6117374750
6124862354,6124923268
6125284613,6125292211
6125470686,6125476186
6125749651,6125809690
6126165612,6126192631
6126929651,6126938231
6127038466,6127140796
6128171130,6128181514
6128227310,6128232382
6129214789,6129263415
6130787457,6130791038
6133295947,6133303675
6134824373,6134882273
6142973368,6143017814
6143585636,6143618138
6145690116,6145698091
6146715519,6146762177
6147111742,6147116633
6148296413,6152462948
6149943686,6150708447
6151442594,6151446800
6151943511,6151947206
6152009878,6152014632
6152907172,6152942914
6153925933,6153955417
6153999372,6154004461
6156010426,6156015792
6202936866,6202943855
6206350438,6206356823
6207769350,6207775411
6208453698,6208461503
6209236624,6209302319
6209987470,6209995866
6212513534,6212578187
6214223977,6214231086
6215205575,6215208599
6215352792,6215355381
6227585946,6227596587
6227794348,6231384311
6228051495,6228056059
6230807444,6230815930
6231977485,6231986445
6232555330,6232564277
6234488588,6234494147
6236838161,6236850135
6237735892,6237742173
6238225748,6238230448
6241199760,6241206760
6241510168,6241514237
6241675974,6244162407
6241749297,6241756571
6241778805,6241782982
6242091191,6242149348
6253423299,6256335295
6260738417,6260747729
6260954657,6260978763
6260989915,6261020974
6261170469,6261176356
6261372673,6261396615
6261692074,6261697527
6262290130,6262296378
6266768897,6266775906
6267191781,6267195072
6267593944,6267601194
6271377691,6271424192
6273477921,6273485181
6274206558,6274211620
6277317371,6277322583
6277326094,6277414395
6277666504,6277732109
6281188768,6281196696
6281968870,6281974517
6283164099,6283167851
6284951293,6284955880
6285131589,6285138766
6287808860,6287908911
6288886597,6288893871
6288946940,6288955573
6289423284,6289480740
6291710523,6291717429
6292308976,6292314813
6293966005,6293998484
6294532191,6294562978
6300259530,6300268711
6301020228,6301030491
6302577039,6303283785
6303311306,6303347382
6305654197,6305657635
6305860861,6305869802
6306699873,6306763430
6306821615,6306831624
6307707071,6314075702
6314318623,6314413770
6314497306,6314523881
6314806280,6314810767
6315235054,6315241015
6319607085,6319609721
6321653277,6321697432
6324248421,6324255170
6324594006,6324601196
6324651750,6324702884
6325402424,6325409838
6327919678,6327929127
6330185271,6330195428
6339238606,6339276394
6339426891,6339433557
6339438191,6339469884
6340371133,6340380044
6344252911,6344259519
6349689612,6349738023
6349946378,6349951861
6350012842,6350023263
6351743147,6351748754
6352253199,6352287529
6355289302,6358130408
6355611894,6355619342
6358473120,6358480801
6360180456,6360189116
6362384051,6365172409
6362704813,6362709290
6362721124,6362727716
6365068004,6365073764
6365380383,6365394612
6365934460,6365978829
6366129778,6366137993
6366336753,6366366816
6377671407,6377709234
6382415434,6382425473
6382941386,6382946822
6383352817,6383356408
6384803335,6384829857
6385185779,6385233546
6392038880,6392093286
6394429474,6394434326
6395427150,6395432950
6396201085,6396205890
6396525328,6396549791
6397403013,6397431693
6398505511,6398512524
6399586886,6399591510
6399898042,6399922395
6400090774,6400095913
6401245279,6401274072
6402196617,6402202671
6402461657,6402468823
6406843309,6406847830
6407634287,6407702294
6407968583,6407973965
6408053650,6408061254
6413283646,6413289045
6415337957,6415402366
6416634327,6416649416
6417329577,6417340058
6418501097,6418526796
6419016859,6419045328
6419198986,6419251093
6422030777,6422036300
6427705147,6431974283
6435575305,6435631478
6436058378,6436140157
6436638699,6436690853
6437188757,6437196675
6440261705,6440266406
6440994636,6441002591
6446486921,6446606912
6449292939,6456737460
6454020034,6454089935
6457124418,6457130512
6458628099,6460974412
6461539601,6461591458
6461870459,6461880415
6461929917,6461938967
6463783804,6463788679
6464416927,6464427472
6471018657,6471026869
6474011868,6474051817
6475333749,6475340675
6476452655,6476461519
6476575422,6476582091
6477111414,6479855566
6477175041,6477202368
6477338639,6477347289
6477592198,6477601092
6478038573,6478044811
6478584568,6478593696
6479963438,6480004443
6480150090,6483721156
6480262135,6480272877
6482976298,6483037810
6483843305,6486781267
6483909919,6483919895
6483927867,6483934866
6485009239,6485015073
6485839438,6485845198
6491193491,6496891823
6494808381,6494815100
6496844330,6496849234
6496954491,6496995673
6497944693,6497952073
6506527167,6506535486
6509401108,6509407653
6510083031,6510088674
6510192397,6510197899
6511178395,6511186791
6511195712,6511199845
6513111389,6519620622
6516411933,6516460549
6516892891,6516921461
6517331341,6517336610
6517943272,6517950242
6518428520,6518433539
6518823677,6518830636
6523247400,6523256164
6523862164,6523868368
6524214552,6524218661
6528992353,6529041677
6529080510,6529086267
6530797792,6530805593
6531140337,6531147169
6532738440,6532747829
6533005808,6533032961
6533895494,6533903142
6534317680,6534822764
6535008867,6535014838
6536001491,6536010335
6536365649,6536371683
6536442487,6536455276
6542062591,6542068495
6543544697,6543593286
6543814223,6543822345
6544151933,6544208628
6548975550,6548981344
6549629134,6549638619
6549659401,6549727548
6550799168,6550862341
6551247594,6551270848
6553142343,6553170495
6554011769,6554018017
6554778858,6554888378
6554920082,6560732290
6555515020,6555519938
6555701477,6555752188
6558369760,6558374688
6560949145,6560952770
6562143889,6562153214
6562170333,6562174416
6563523952,6563549120
6567740873,6567783742
6571384614,6571395279
6572007320,6572012786
6574772513,6574821467
6575372567,6575379743
6575730471,6575737941
6576958950,6576974673
6577580175,6577584769
6577869958,6582680271
6579851077,6579859055
6580117602,6580174183
6580956859,6580963240
6581239128,6581248259
6585113057,6585152284
6586220626,6586247121
6587867479,6587874341
6588021318,6588050512
6588678243,6589707982
6589882917,6589909571
6593445740,6593457113
6595006397,6595012467
6596052544,6599665668
6598488156,6598497114
6599682907,6599689623
6600147832,6603659524
6612652019,6622605902
6615833625,6615885181
6615840574,6615912206
6616572409,6616581730
6620327293,6620336307
6620359845,6620389376
6621467488,6621474290
6623421093,6623473013
6623757630,6623765041
6626179400,6626184442
6627124090,6627131614
6627173842,6627187313
6627276238,6627283923
6627675471,6627731220
6628406878,6628411251
6629025858,6629033727
6629968146,6629974788
6630142746,6630172341
6633811578,6633816055
6633972259,6636627425
6634781864,6634788152
6636896450,6636903854
6639665466,6639732388
6644249934,6644258701
6644367369,6644374185
6648875029,6648881043
6651510931,6651517222
6652720941,6652800067
6652920692,6656543063
6653084892,6653116478
6653302194,6653308057
6653779032,6653782076
6657085530,6657091437
6657406626,6657414587
6657742499,6657750841
6658888701,6658892580
6659540033,6659548161
6664268881,6664272422
6664398494,6664425149
6665425521,6665437020
6672514884,6672522822
6674038418,6674053135
6676617151,6676623208
6676624274,6676634969
6677337028,6677351802
6677863658,6677872161
6678895399,6678901487
6679481330,6679510855
6680458281,6680464492
6682133379,6682141788
6682216317,6682221656
6682367366,6682371693
6687591589,6687596848
6691555620,6691563485
6693269658,6693282300
6694594332,6694624068
6698057559,6698061612
6698603748,6698656734
6698845113,6698850084
6702639294,6702654526
6703545044,6703549424
6705165639,6708232246
6705280899,6705286054
6705454587,6705461025
6706223090,6711387671
6706711939,6706714729
6711331916,6711335047
6711983391,6711991564
6714341087,6714344922
6718655370,6718661809
6718714363,6718721797
6718875706,6718907737
6719559874,6719573305
6722331309,6722338161
6771267158,6771276587
6771359138,6771366231
6778309657,6778315049
6780163902,6780188519
6780410164,6780440875
6780680516,6780738714
6781097583,6781102157
6781386818,6781392174
6781586379,6781591067
6782311505,6782320409
6782979659,6782984597
6784823714,6784860115
6785097657,6785104115
6785503361,6785551750
6786084060,6786107096
6791318059,6791322786
6795173993,6795180224
6797232520,6797260468
6797604874,6797610203
6798270232,6804429105
6806812216,6806819837
6811067082,6811116175
6812694095,6812725434
6817134437,6817161653
6817156184,6817211511
6817976138,6817980265
6819373732,6819397253
6826546104,6826585251
6827217712,6827226356
6829662161,6835185175
6833768969,6833774655
6835677092,6835689440
6836252715,6836262959
6836571986,6836575485
6837134323,6840121737
6838396847,6838422165
6838424778,6838428500
6838769578,6846194103
6841907981,6841913390
6849454067,6853006750
6852279226,6853005430
6856980634,6859098364
6859412885,6859417689
6859738895,6868217803
6860216969,6860242231
6860754759,6860761067
6862891761,6862899733
6869248047,6869253753
6870406477,6870415699
6871457052,6874219162
6874353218,6877197197
6877398235,6877475721
6877982829,6877989248
6881816128,6881819843
6883119517,6883123747
6883709961,6883715962
6884628377,6891046596
6887420570,6887428936
6888374912,6888382215
6888454128,6888461405
6888857029,6888863548
6892428122,6892436375
6894414870,6894464361
6899562817,6899571367
6900639585,6900657827
6905325230,6905335862
6905893961,6905903490
6912407106,6912439942
6912661317,6912689342
6913276486,6913284735
6913289659,6913297421
6913399373,6913427358
6915512580,6917084165
6916190814,6916203243
6916261146,6916267839
6918203756,6918232121
6918968804,6923816784
6920928566,6920934055
6923440374,6923447380
6925912313,6925960030
6930519948,6930566903
6937902299,6940046998
6939027145,6939031395
6940001720,6940007938
6941696580,6946998894
6941825255,6941837817
6945547440,6947763528
6956580684,6956584205
6957783076,6957799240
6958076925,6958121211
6958994482,6958998959
6959463817,6959514200
6961745212,6961750104
6963001516,6967902158
6971145389,6971153565
6971356618,6973965179
6974095297,6974125780
6975544526,6975550640
6976089622,6976098416
6981257067,6981264301
6981367235,6981373730
6983270413,6983280430
6984566405,6990681317
6986042142,6986049766
6987750236,6987758308
6987981491,6988000140
6991573101,6991580829
6991595145,6991601216
6994584286,6994590454
6996952569,6997001736
6997354979,6997382964
6997579685,6997585535
7001049297,7001092159
7002316682,7002324460
7003998880,7004009564
7004662567,7004667675
7012121207,7012161316
7013403520,7013408823
7016053591,7016063434
7018229790,7018243285
7019539881,7019542862
7026154521,7026165704
7026165483,7026197938
7026283192,7026289810
7026314771,7026318874
7026456422,7026480331
7027096087,7027101860
7031805714,7031813048
7032448583,7032454270
7032906939,7032911349
7033205616,7033228105
7034094270,7034100110
7034434369,7034449267
7035379433,7035383005
7035532166,7035538805
7035649277,7035652394
7035824127,7035831788
7036513687,7036520861
7036541248,7036547025
7047711612,7047718291
7053786080,7053849784
7054226401,7054233491
7054252946,7054303129
7055851754,7055859773
7057210160,7057266380
7058436010,7059797095
7059799738,7059886615
7059982149,7059987371
7060123787,7060133021
7061775540,7061798888
7062461796,7062488515
7062798431,7062809583
7067401462,7067407212
7070370203,7070377970
7076200012,7076210810
7081998626,7082009775
7088987570,7088998572
7091270145,7091275474
7092918986,7092929099
7093166755,7093176842
7094384676,7094412921
7095330532,7095390905
7096126538,7096176370
7102453957,7102462216
7102925407,7102936539
7103880427,7103937245
7104019946,7104026187
7105790719,7105797123
7108505776,7108545525
7108564592,7108573379
7112556658,7112594161
7115260560,7115271565
7115392368,7115452557
7116032768,7116062052
7116247300,7116297526
7117663991,7117674375
7119520986,7119531466
7119668801,7119676722
7120491786,7120545744
7125288016,7125295881
7125730542,7125763455
7126318802,7126329931
7129620191,7129625821
7130073873,7130111463
7130123464,7130130885
7131902619,7131907808
7131945532,7131951282
7132459155,7132463345
7133891115,7136743406
7136950966,7136987454
7137520228,7137579518
7139221620,7139226698
7139375940,7139381413
7143413026,7153575214
7150652012,7150686031
7152066187,7152073454
7156687744,7156802095
7157020322,7157030035
7157069319,7157095249
7158786554,7164595308
7161867685,7161875683
7162004638,7162033130
7162793394,7162801920
7163895441,7168315275
7165881079,7165893177
7167072199,7167076081
7172388916,7172394963
7172460695,7172468129
7172539798,7172547686
7174917282,7174925401
7177630582,7177634822
7179564832,7179635686
7183517223,7183527924
7187100607,7187103030
7188100244,7188123214
7188381657,7188385452
7190555014,7190561128
7191580657,7191608315
7191724730,7191727205
7192696056,7192721477
7195993943,7196000458
7197560887,7197622416
7197887746,7197904018
7198055744,7198121998
7200041781,7200045657
7201259585,7201268868
7202968314,7208548954
7208942450,7208964268
7210909329,7210915874
7211023960,7211027623
7212951338,7214475824
7215716501,7215774606
7221912006,7221918481
7223095023,7223162606
7223421628,7229319518
7226036093,7226039043
7226415249,7226458189
7226683322,7226690345
7230014931,7230079537
7230307404,7230313037
7231900048,7231904505
7232859285,7232866511
7233715834,7238390801
7236405610,7236410291
7239298205,7239302769
7241780689,7241814694
7241860166,7241870232
7244544653,7248351286
7244714124,7244719564
7246509827,7246520081
7250327239,7250352976
7253403916,7253407635
7255416073,7255441081
7260653476,7260660149
7262067210,7262071657
7263404955,7263447036
7263493820,7263520549
7263588452,7263597209
7267134006,7267141320
7268179195,7268187397
7270111430,7270179250
7271067095,7271074810
7271784741,7271790618
7272800161,7276289758
7274376156,7274407017
7274588246,7274594327
7275038734,7275051777
7275609997,7275617224
7276602117,7276605207
7276680274,7279340776
7279120490,7279124743
7279818319,7279827360
7280493413,7280500469
7281662127,7281673921
7282565351,7282572220
7286038548,7286045350
7286069325,7286078557
7286164776,7288273065
7288275123,7288370567
7288369982,7291299706
7289154756,7289162113
7289811199,7289852435
7290162130,7290189925
7291433398,7291482649
7291553837,7291561491
7291801435,7291860746
7292428969,7292434522
7293489510,7293498193
7293561961,7293567637
7293831203,7293838697
7297487820,7297493857
7297499316,7297529837
7297760386,7297795635
7298437936,7298472596
7298949996,7298954696
7308432633,7308440374
7309368379,7309378248
7311594179,7311599846
7312841582,7312848608
7314462481,7314468602
7314636527,7314674879
7315090703,7315102961
7315186952,7315192695
7317626176,7317668915
7326613021,7326618263
7331452187,7331460477
7332943076,7332947309
7334649450,7334656372
7335071111,7335211275
7335139211,7335167266
7335519183,7335530482
7335564364,7335611931
7335618509,7342166969
7335696686,7335712132
7335858651,7339037186
7335941783,7335991742
7336101495,7339033551
7336116390,7336143392
7336504266,7345090041
7338572579,7338622378
7339005232,7339010501
7345687625,7345699636
7346931907,7346942502
7348197516,7348202958
7348319912,7348415436
7348348311,7348353336
7352092861,7352120211
7352335148,7352344536
7353020264,7353034641
7355878292,7355886304
7358318505,7358404066
7358342076,7358399532
7358725228,7358736030
7358980401,7358990612
7359017778,7359023661
7359094371,7359100853
7359222183,7359229694
7359254351,7359262460
7362460778,7362465168
7363980092,7363990279
7364263106,7364272795
7364423039,7364427439
7365045484,7365049914
7365064615,7365069854
7365114026,7365118784
7365987334,7375153367
7367593603,7367606553
7372649634,7378044361
7378787545,7378795210
7379747794,7379756765
7380057383,7380068819
7380616064,7380624671
7381655236,7381664373
7381914154,7381918086
7381979685,7381988633
7382239172,7382245794
7382442201,7382447874
7382496289,7382503549
7384383340,7384388669
7388800164,7388805089
7392777930,7400846777
7393940891,7393948819
7396028562,7396037570
7396457938,7396467039
7398933549,7454703482
7406523927,7406550354
7446201163,7446211216
7455081876,7455091021
7455165673,7455172008
7456816184,7456918628
7457406773,7457413658
7458554772,7458563472
7460346115,7460354171
7461741313,7461756638
7461916565,7461932892
7462159172,7462215398
7462256684,7462263627
7469980066,7469993056
7472030180,7472041279
7476116637,7476122020
7476543574,7476603857
7476601578,7476607425
7476774174,7476784778
7477133190,7477138392
7477751977,7477757322
7479312028,7479369732
7482310347,7482342876
7484971247,7484977919
7485319725,7485328783
7486378198,7486387246
7487952146,7487956987
7488356286,7488361999
7488539109,7488543362
7488948411,7488955611
7489977175,7490028885
7490134215,7493008297
7494394270,7494398807
7497976355,7498007814
7498182448,7500916145
7501422813,7503930394
7503050237,7503056912
7504694554,7507916436
7505368534,7505424654
7508014773,7508060883
7508079162,7508093418
7511253150,7511301910
7511321532,7511329884
7515907577,7517912173
7516343868,7516348182
7519094735,7519106773
7520079585,7520086681
7521008438,7521012932
7523149947,7523155854
7523196698,7523206361
7523829324,7523838334
7524265923,7524280997
7526007862,7526046932
7529220202,7535838086
7529703028,7529710555
7529947817,7529956153
7533045231,7533052314
7534194083,7534199081
7536438052,7536443709
7536680349,7536703963
7538956562,7538963455
7538963602,7542812483
7539593314,7539596695
7540117893,7540123309
7540823667,7540834014
7547901708,7547931928
7550928155,7550964840
7553676811,7553686015
7553832677,7553903812
7553875303,7553906435
7553995614,7554006646
7554075458,7554084753
7555626620,7555665593
7558378813,7558387924
7558668246,7558674313
7562521908,7562534430
7563872887,7563878998
7564181122,7564185372
7564818522,7564865314
7565659151,7565672623
7567226136,7567231729
7570508241,7570521779
7570737411,7570749044
7573950008,7576813923
7577417545,7577423462
7577439987,7577452750
7578432430,7578441635
7578519986,7578523721
7585106283,7585111225
7585374319,7587747547
7588319713,7588675171
7589024201,7589030746
7589345263,7595495342
7591076577,7591115170
7592164959,7598763428
7601694672,7601791927
7603345557,7607682570
7604303291,7604330373
7605198346,7610584767
7606281763,7606289985
7608591738,7608600114
7610274152,7610280287
7611410525,7611420772
7611628309,7611665778
7613146343,7613151846
7614429198,7614465639
7614743304,7617658942
7624269088,7624274210
7626166212,7635414625
7636411402,7636417028
7638287257,7638316040
7638471630,7638480300
7638529289,7638535330
7641488395,7641490757
7642601945,7642609449
7642834372,7647669141
7642871591,7647666769
7645724006,7645732997
7648271854,7648317162
7649818041,7649821636
7651729839,7651736197
7652812511,7652815926
7665403762,7665409342
7666706346,7666717886
7667493445,7667558235
7671087046,7671092546
7671087414,7671117367
7671127223,7671184515
7675606858,7675618161
7675834364,7675842209
7675918248,7675926146
7676433512,7676480912
7680039863,7680043448
7680112464,7680122207
7684563002,7684571789
7685325418,7685333246
7686725350,7686731059
7687890880,7687899850
7688847851,7688855476
7689809260,7689813346
7689906170,7689947058
7690590114,7690597775
7691145180,7691156343
7692622167,7692628284
7694222525,7699440347
7696391087,7696399386
7696687672,7696694789
7698659576,7698662790
7699458452,7699464356
7699752822,7699758987
7700409784,7700415050
7706864611,7706877294
7707172673,7707178704
7710810176,7710856466
7713077098,7713085821
7719651591,7722416561
7720317938,7720322001
7721421806,7721425992
7722785320,7722812740
7722918040,7722927535
7723901847,7723950974
7724317033,7724321280
7725712966,7725742684
7731799562,7731805900
7732193612,7732200298
7734460882,7734527546
7738263780,7738269180
7738726800,7740444854
7739365289,7739375907
7740050356,7740080318
7740774723,7740782788
7741066718,7741074342
7742944634,7742952262
7743130417,7743135816
7744031570,7744081505
7744681716,7744690519
7747593932,7757389359
7756142605,7756168976
7760392516,7760404514
7760631933,7760677010
7760873458,7760879926
7763453119,7763460222
7765200855,7766405472
7766516763,7766526508
7766524313,7766569762
7766860457,7766868318
7767022034,7767030834
7767834377,7767861206
7769340869,7769347584
7769580874,7769583627
7770410494,7770454132
7772077159,7772081763
7775268381,7775279800
7778414094,7778441834
7779853794,7779864693
7781451613,7781459976
7784399295,7784459605
7784698333,7784707307
7785453996,7785461139
7789074683,7789082578
7795568424,7795576953
7795764821,7795791860
7796541947,7797260130
7798197907,7798203129
7800370685,7804399769
7804622264,7804633115
7805134504,7805160781
7805258240,7805264825
7812891644,7812903568
7814076799,7814082102
7814301930,7814320289
7815239570,7815272797
7815562550,7815568386
7815572810,7815599171
7816618720,7816623080
7818000163,7818010356
7819497777,7819539557
7820192559,7820196672
7821540946,7821546645
7822196905,7822202461
7827311879,7827315387
7827804784,7827813227
7828735846,7828746748
7829190016,7830332443
7830539377,7834145070
7833764307,7840223988
7836186017,7837247460
7836471343,7836500891
7837384780,7840325039
7837680410,7837690851
7840378626,7840410606
7845862379,7846244157
7846264481,7846312161
7846586225,7846595987
7846848274,7846857137
7846900431,7846907694
7847110369,7847116230
7847151701,7847188787
7847720683,7847754879
7849264691,7849319388
7850162145,7850170738
7850238181,7850298397
7853289379,7853292817
7853415116,7853421404
7854547299,7854571625
7856359881,7856363757
7857544385,7857550403
7861293012,7861299864
7861661553,7861728899
7861870991,7861878314
7862952898,7862960756
7864924150,7864948643
7865107270,7865114343
7866495434,7866499795
7867845541,7867853623
7871183709,7871194898
7874341122,7874353324
7874429293,7881096460
7874547910,7874552340
7879282265,7879290741
7880065461,7880075571
7881922142,7881927361
7884336618,7884346307
7884684730,7884693406
7884916214,7884922763
7885418148,7885443486
7886358006,7886364435
7889328388,7889333954
7891438357,7891442617
7891461945,7891468537
7891716012,7891724695
7891901674,7891908574
7893204776,7893215795
7903139037,7903145859
7903431206,7903456581
7903963816,7903968160
7913198384,7913257798
7913331562,7913370599
7914616284,7914620404
7916954130,7916961474
7917285001,7917311553
7917834217,7917864140
7918469672,7918524964
7919455795,7919464157
7920095727,7920175598
7920903470,7920953599
7924612007,7924665230
7926223876,7927086543
7928740191,7928745697
7929014515,7929069067
7933247564,7933251683
7935205535,7935240580
7935212969,7935226815
7935269206,7935275340
7938812294,7938818806
7941421968,7941432870
7944191498,7947040242
7945093540,7945134100
7946805920,7950012694
7949400713,7949405805
7950554670,7950559110
7950604492,7950680341
7952087058,7952090419
7953875311,7956995231
7954942327,7957022237
7956492519,7956497400
7958343717,7958350844
7960502590,7960515603
7960639900,7960652663
7960987163,7960992485
7963546063,7963550784
7963686845,7963694162
7966002420,7966036532
7967253838,7967263878
7967352202,7967357775
7967655744,7967660719
7969144341,7969148280
7970858585,7970862732
7974532118,7974543495
7975889378,7975895780
7976693015,7982971842
7978532530,7978540421
7980088071,7980127506
7980436563,7980443526
7981183576,7981191962
7983854696,7983861121
7984118990,7984146143
7984328721,7984387360
7984435181,7984441038
7985057131,7985067171
7985437136,7985449187
7987296276,7987301080
7988528353,7992898235
7989807235,7989815628
7990120135,7990153138
7990517584,7990523273
7991506309,7991517164
7991519549,7992964174
7995032815,7995045300
7998009040,7998014482
8008147747,8008177475
8009718954,8010937019
8011118181,8013871661
8014165580,8014170622
8015297880,8015310135
8016182712,8016188859
8017477257,8017488810
8018002167,8018031444
8019223389,8020804723
8024849908,8032741182
8026652187,8026659948
8031221236,8031225242
8031443827,8031469860
8032667294,8032672159
8036295769,8042744703
8037700920,8037712139
8044259086,8044268618
8045289845,8045295033
8048923138,8048932082
8049484151,8049489620
8051860673,8054802284
8052196666,8052204197
8053606230,8053610694
8055313289,8055321110
8057707522,8057716369
8057975421,8057987913
8060961705,8060967930
8063864771,8063893060
8064700572,8067768085
8064879954,8064884885
8065481293,8065528679
8065755771,8065760629
8065799168,8065806749
8069128509,8069133901
8071502478,8071512190
8071978862,8071984555
8073099335,8073109488
8073286057,8073291773
8075136195,8075139112
8076732050,8076737242
8076736607,8076741535
8077061348,8077070846
8077263121,8077305231
8079101543,8079107440
8079279808,8079287753
8079451993,8079458200
8081725162,8081770417
8085774043,8085845521
8085833644,8085841078
8089707777,8089716600
8093136133,8093144719
8093399415,8093407968
8097353162,8097367341
8097488732,8097539095
8101461757,8101466207
8104205745,8104212948
8105893632,8105947914
8106435016,8106440406
8107507879,8107516583
8112602957,8112610528
8113152053,8114733624
8113613496,8113617592
8116522629,8116594886
8117682770,8117690561
8123354260,8123357474
8123461925,8123467979
8123856059,8123861542
8126151812,8126159513
8126721107,8126732587
8127888709,8127894409
8129852988,8136707596
8136781112,8139670827
8137277944,8137295705
8137887362,8137893760
8137966602,8137975295
8138371040,8138444734
8139320548,8139325395
8139393653,8142661789
8139707148,8139765035
8140124288,8140129888
8140195055,8142744527
8141087424,8141092309
8141131219,8141133427
8146959952,8153547315
8150309529,8153546944
8150857366,8150866874
8153014447,8153018086
8153866292,8153875631
8154239983,8154250901
8157853924,8157861950
8158820334,8158828814
8160363584,8160409099
8162018342,8162026086
8163398538,8163487450
8166720241,8166803894
8167133369,8167139453
8167832562,8167890689
8173060730,8173070199
8173095157,8173136322
8173426081,8173491743
8173973269,8174000559
8175994771,8176002826
8176414858,8176421571
8177600174,8177607448
8177622823,8177632723
8179795972,8179800830
8184122527,8184127265
8184270579,8184282901
8184484644,8184507306
8186662066,8186668237
8192205119,8192210281
8194716456,8194727525
8196778288,8196788572
8197387893,8197425149
8198026977,8198039943
8198680180,8198685018
8199510191,8199517809
8199734834,8199740888
8200144627,8200150715
8200934750,8200942695
8202681433,8202691259
8202738208,8202745822
8205004465,8205037942
8208150492,8208158628
8213304463,8213312765
8213480934,8213488956
8213861587,8217483941
8215779726,8217508682
8216837524,8216846799
8217492037,8217499300
8218861502,8218867392
8219695482,8219703882
8221388752,8221399610
8221846720,8224276686
8222102759,8222108556
8224387328,8224400656
8230510385,8230534194
8231318319,8231327390
8233957959,8233966449
8234719452,8234725951
8235041908,8235052141
8235237630,8235245181
8235441635,8235467224
8236458468,8236463339
8236499429,8236505577
8237791779,8237795992
8241053377,8241060259
8243821564,8243879237
8246635229,8246658289
8247378801,8247388006
8250167239,8250179430
8250533478,8256309847
8250916848,8250928501
8252266436,8252273483
8252428768,8252433178
8252609018,8252614554
8252935924,8252940788
8253025594,8253423317
8253862355,8253869371
8253963966,8253972566
8254150069,8254155372
8255263770,8256362001
8256862882,8260313777
8257127701,8257132318
8259791433,8259795780
8259942506,8259951760
8260381089,8260387137
8261535023,8261548337
8261820158,8261868172
8262771233,8262775823
8263480325,8263485019
8264125522,8264134804
8266882394,8266891835
8267757646,8270495119
8271915428,8271939835
8272386754,8273359295
8273768691,8273801046
8273971553,8274022214
8274212373,8274247708
8275765606,8283323181
8281368167,8281380652
8281846926,8281903778
8284086161,8284094263
8286365990,8286454554
8286481517,8286513307
8287883323,8287888919
8291325023,8297083291
8291464810,8291470934
8291809145,8291816115
8293670524,8293673922
8294870470,8294875893
8295707655,8295749314
8295780012,8295788321
8297401225,8297405833
8300355673,8300429557
8300457515,8300496492
8300887509,8300893523
8300945483,8300950331
8301758745,8301765100
8303134445,8303138431
8303807701,8303819327
8303903826,8303912416
8304311715,8304320399
8305002375,8305007005
8305605024,8305616427
8306773441,8306799033
8307138632,8307147472
8311264967,8313232194
8313171530,8313175907
8313774971,8313780023
8314604194,8314611551
8317605159,8317609232
8318054795,8318062744
8319736171,8319740441
8320294685,8320301818
8321546107,8321550236
8322528875,8322541377
8323531425,8323556770
8326627286,8326637483
8328045196,8328051781
8328905488,8328912547
8333232036,8333243095
8334594785,8334634013
8337379524,8337386641
8337554191,8344022229
8338223084,8338229642
8342520789,8342527100
8344700630,8344715979
8345134158,8345161468
8345537096,8345544513
8346498481,8346508107
8347285266,8347344065
8348210220,8353203086
8350574865,8350616906
8355760813,8355767462
8361148958,8361158657
8366237053,8366243789
8368659769,8368664597
8369067979,8369072700
8369324382,8369332818
8369448131,8369458197
8370855583,8380080445
8374346324,8374355435
8375059976,8375065559
8377945425,8377950850
8379017091,8380123080
8380290106,8386147309
8381530576,8381545237
8384131243,8384139489
8385381750,8385388205
8386369546,8386379920
8387373289,8387381588
8387840689,8392894548
8388071085,8388127846
8388701969,8388709691
8389739951,8389801437
8392474611,8392484801
8393810869,8393821744
8394552293,8394596598
8394712018,8394714260
8399979979,8400004643
8403285792,8403290513
8407185605,8407212036
8407709569,8407716949
8408369614,8408373162
8411271203,8411281841
8412639886,8415170765
8416784969,8416793458
8416998866,8417028207
8418039314,8418045769
8418767343,8418773751
8421243442,8421271153
8423624181,8423629580
8423917779,8429970848
8424904483,8424912347
8427976940,8427982619
8428678337,8428687615
8430950936,8431008225
8434394517,8434402796
8434445712,8434450637
8436740211,8439988689
8436820587,8436826350
8436830427,8436868444
8438122188,8438129649
8439208024,8439212518
8439244532,8439250469
8439614878,8439620695
8440200658,8440205299
8440813187,8440819154
8440848352,8443073487
8441041201,8441046520
8446237710,8449992764
8446601400,8446608230
8447266250,8447298869
8448555025,8448566037
8449527713,8449532417
8449780918,8449831067
8455298436,8455306722
8457329229,8457380090
8457461090,8457472951
8457480111,8457484742
8458224327,8460047681
8458522884,8458527004
8460912810,8460977537
8461759003,8461768949
8462499113,8462504345
8463949391,8464033442
8468409248,8468415846
8468473369,8468481238
8471548716,8471589554
8471719347,8481758361
8471754455,8477942776
8472863415,8480862120
8477290085,8477340464
8478930466,8478936072
8481044508,8481794077
8481770024,8481778664
8485313921,8487977319
8485517458,8485542071
8485799650,8491925016
8486378347,8486385367
8488569822,8488576801
8488861352,8488865201
8489996228,8490005850
8492332053,8492338946
8492384344,8492416805
8492419796,8492425051
8493234672,8493238705
8495276665,8498909888
8496114778,8497919465
8499228457,8499235086
8499301710,8499309865
8500488255,8500494202
8502618278,8502624245
8503539353,8503545276
8503823613,8503833359
8504009446,8509606514
8504970774,8504975512
8505257554,8505264169
8506477045,8506492140
8509043369,8509060385
8509981594,8509986652
8510560432,8510593946
8511999801,8512010910
8513722145,8513727765
8515928738,8515954270
8516957609,8516986820
8517125303,8517133231
8523838500,8523845029
8529209402,8529220110
8531064486,8531092003
8534567892,8534571681
8537517589,8537559038
8539288007,8539314081
8540197773,8548830934
8543015418,8543049791
8543547080,8543551296
8549079813,8549084697
8559112374,8559120152
8559693781,8564799868
8561938846,8561944145
8562132991,8562144241
8563928193,8564848570
8568922672,8568930868
8572406968,8572415461
8573814621,8573818734
8574002832,8574010126
8574276786,8576764996
8579828546,8579840794
8580170556,8580184869
8582967717,8582977443
8584655865,8584666463
8586452326,8586459626
8586832040,8586856002
8586857399,8586862424
8588069263,8588097565
8588135920,8591727110
8589156502,8589190350
8591559903,8591589174
8591928949,8591934626
8592933310,8592944196
8593575949,8593583155
8593680601,8593703928
8595658879,8601727654
8596304261,8596317778
8597026957,8597031438
8597499436,8597504120
8600455992,8600482189
8601824337,8601840017
8601945073,8601959202
8603567192,8603575204
8604121159,8604124860
8604506830,8604512443
8606943224,8606947687
8607000974,8607045700
8607360652,8607364096
8607904575,8607917355
8608011613,8608015462
8609256483,8609262701
8612007497,8618687411
8616959504,8616965555
8618188632,8621706067
8618777065,8618855870
8618920490,8618926046
8621774361,8621841116
8622028074,8628425148
8622197205,8622205925
8622770433,8622800850
8623681074,8623688939
8624890640,8624953926
8632783229,8632790202
8634686294,8634697386
8636227449,8636234442
8637777965,8637784911
8638847891,8638857163
8639520322,8639525691
8642195728,8649595422
8642913022,8642919464
8644543551,8644566420
8646307063,8646316007
8646402199,8646429723
8647439443,8647466104
8647612105,8647617190
8649283481,8649331014
8650103543,8650143996
8650463000,8650511736
8651327284,8651337013
8652955988,8652960726
8653995915,8654023933
8654397476,8654423907
8654700837,8654707229
8660624263,8660795241
8662142301,8662151084
8663654833,8663827819
8665523942,8665548573
8666137644,8666141306
8667948001,8667958312
8668532609,8668580098
8671352168,8671356030
8671686928,8671696871
8672582822,8672587115
8673138613,8674533046
8673829533,8673842607
8674666631,8674673413
8675822175,8675846290
8676381778,8676388189
8677531274,8677583375
8678743082,8678751217
8679137954,8682508784
8682805283,8682816455
8683165171,8683168866
8687267926,8687276419
8687279208,8689566324
8693675487,8693682603
8697949427,8697954031
8698441197,8698447705
8702669435,8702700072
8702715555,8708507059
8703430033,8703462250
8703801047,8703805881
8707240221,8707244738
8712925009,8712988044
8713208734,8713213512
8715363678,8715374553
8717611589,8717665363
8718031062,8718039592
8718764894,8718775953
8718767490,8718801105
8719188985,8719228352
8719202259,8719215847
8719621922,8719630715
8720512316,8720519670
8721914577,8727473283
8722120372,8722132073
8724861410,8724866445
8728383630,8734467376
8729465440,8729512913
8729812385,8729822926
8732928760,8732977616
8734616985,8734622297
8734949206,8734952918
8739370450,8739376715
8745188482,8745226824
8747880046,8747908111
8749542511,8749546253
8750793996,8750802964
8752148647,8752156435
8753281862,8753288190
8757574195,8757580827
8758706452,8758715015
8760861322,8760866273
8762574090,8762579553
8762576362,8762622833
8763111415,8763132059
8763484290,8769178225
8766039532,8766067209
8766255224,8766263162
8766541920,8766568618
8766635018,8766708899
8767330736,8773152824
8769623217,8769629578
8775480296,8775485899
8779879593,8779885055
8783224563,8783229484
8783806708,8783813711
8783935395,8783939017
8789636320,8789659895
8789740481,8789781609
8790154768,8790197992
8792664485,8792704103
8793178820,8793188776
8796628532,8799295065
8802992747,8803030146
8804368954,8804419925
8805369746,8809300504
8811318731,8811325303
8812480466,8813371161
8814704903,8814718588
8818343615,8818351771
8819161058,8819166577
8822459617,8822486984
8822500866,8822508624
8824030371,8824039893
8826151282,8826217485
8828304612,8828312817
8833970796,8841229748
8852700410,8852712358
8852804250,8852815042
8854133261,8854141470
8854375431,8854384776
8854692066,8856045136
8860110090,8860124955
8863701570,8863708570
8863750206,8863760470
8865065799,8865074566
8866805416,8866841356
8867133805,8867140163
8868664740,8868675782
8868920985,8868926471
8869031715,8869039566
8869530892,8869539598
8872273149,8872280088
8872739356,8872747722
8872903439,8875155580
8878209137,8878244194
8885385013,8885411381
8893269424,8893281312
8893662302,8893729912
8894485200,8895183287
8901392132,8901395393
8902724581,8907073602
8904627910,8904638909
8904976192,8904983943
8905629759,8905636207
8912175576,8912223239
8914193843,8914258025
8914924378,8914953315
8917633208,8917685763
8921878880,8921942049
8922014674,8922040971
8922212932,8922235163
8923081061,8923087794
8923476038,8931979245
8923919312,8923923351
8925985453,8929088013
8933842037,8933850683
8936149426,8936160979
8936236640,8936251702
8936658482,8936671011
8939104815,8939108851
8941350331,8941388039
8941787662,8941794307
8942410531,8942445055
8944959195,8944968038
8945315729,8945326467
8945437310,8945441489
8947993290,8948002758
8951039546,8951045580
8951937608,8951946111
8954273243,8954281809
8954295046,8954302420
8956180784,8956185485
8957824302,8957834419
8959233382,8959238116
8960227189,8960242417
8961377263,8961389792
8961478049,8961484651
8962632190,8962636510
8962752301,8962762070
8963255674,8963266175
8963333898,8963338482
8963614209,8963626214
8965591065,8965974908
8971671687,8971683050
8972051057,8972117063
8974759322,8974765867
8979665938,8979673365
8984728611,8984735621
8986392653,8986398550
8986539770,8986544244
8986674722,8986688136
8993874520,8993882870
8994190200,8994194483
8996794148,8996799887
9002520247,9002528673
9005116978,9005124265
9006520151,9006527875
9006934722,9006942527
9012983300,9012988148
9013280093,9013287497
9013732428,9013736317
9015408328,9015421037
9018000562,9018007214
9018552370,9018561568
9018857622,9023894606
9021269804,9021279145
9023928057,9023945133
9024029211,9024037069
9024986292,9025044236
9025578892,9025587067
9026071587,9026124299
9029166169,9029214554
9036890924,9036925998
9037107284,9037122653
9045245985,9045252764
9054456815,9057741890
9054650920,9054656302
9055181436,9055191726
9058426422,9059850894
9058654345,9058679600
9058804038,9058809320
9058925064,9063824400
9060481377,9060510475
9061887357,9061894219
9065168509,9065173340
9065654235,9065658599
9065782488,9065791760
9068710989,9068721316
9068891152,9074782283
9070458357,9070463817
9072474724,9074830635
9072690108,9072738002
9077984777,9077999328
9078054398,9078097227
9078058160,9078095874
9078318322,9078324987
9078326814,9085521351
9078676429,9078684591
9082261638,9085563445
9082580241,9082587862
9086711688,9086778349
9086834623,9086862276
9087680454,9087690053
9093109460,9093122106
9093910221,9093961767
9094843588,9094869083
9095025742,9095035361
9096054239,9096059568
9097505967,9097509729
9097921511,9097988365
9098092225,9098101540
9099753581,9099765636
9102201301,9102255366
9102375450,9102383506
9106928218,9106934042
9107839531,9112616744
9108434332,9108444112
9108777713,9108810000
9108882207,9108887934
9109506854,9109513887
9109809517,9109814542
9112927215,9113567969
9115742017,9115747272
9117597097,9117613101
9118169173,9118172377
9118844600,9118898401
9120988902,9121028303
9123792769,9123837185
9123861985,9123871100
9124342910,9124404512
9125145836,9125196549
9125718880,9135585114
9132116966,9132122779
9135998329,9136003000
9137360854,9142589979
9137638573,9137650975
9139662467,9139670325
9149101089,9149105636
9151761858,9154653437
9157716780,9157727043
9157958338,9160573946
9163198428,9163207686
9163471559,9163475050
9163872676,9163904222
9167309892,9169672790
9170422385,9170455442
9173595929,9173599972
9176946212,9179666859
9177718771,9179677758
9179792723,9179802623
9180371417,9180379008
9180623086,9180631168
9186968159,9186977972
9187080856,9187086970
9187553345,9187567594
9191510740,9191518468
9192225903,9200461929
9196084009,9196125869
9198716827,9198725777
9202055278,9202064817
9204147547,9204153808
9204249693,9204262249
9204782979,9204792150
9209365920,9209380777
9215248441,9215304287
9216116116,9216150298
9216451524,9216458922
9217149711,9217178675
9217613029,9217674895
9220837627,9220846257
9221395968,9226442834
9223995906,9224074267
9226885531,9226942098
9228874657,9228879258
9229802421,9229810420
9229854889,9229890806
9230238055,9230244453
9230774190,9230780726
9230883610,9230916349
9234654949,9234662095
9236261919,9236265992
9240402448,9240407419
9240933097,9240940742
9248637018,9248651855
9256655381,9256724959
9257028016,9261419788
9258918261,9258930449
9259294667,9261425421
9260067864,9260073140
9260850172,9260900148
9261677307,9261734897
9265334335,9272343302
9269864277,9269866890
9271156129,9271167816
9271749504,9271755307
9273053828,9273064239
9275840535,9275877610
9275968377,9281420299
9276349942,9276354108
9282545693,9282553271
9284294114,9284301331
9289490058,9289499934
9293183233,9293363754
9294207206,9296286916
9294574458,9294579353
9294636632,9294639191
9301081339,9301098378
9302461428,9302465775
9302573664,9302577941
9303699235,9303726475
9306892375,9306897710
9314944155,9314950650
9322599801,9322607201
9322883366,9322893356
9324288908,9324337650
9325622463,9331251672
9326724864,9326734382
9326729378,9326737219
9327054352,9331245030
9333852820,9333857357
9337954616,9337962574
9337956597,9337985684
9339395001,9339439915
9339459827,9339468314
9341069798,9341079858
9341381692,9341391358
9344278901,9349144749
9344908766,9344913541
9346650862,9346713210
9348508896,9348514178
9349022136,9349047006
9354162461,9354171342
9355885310,9355891166
9356051066,9356105609
9360124643,9360133367
9362172028,9362294672
9363824711,9363882327
9365975053,9365986604
9366208029,9366212709
9366836882,9366845258
9368453277,9368481249
9368562563,9368569282
9368822484,9368856285
9371979095,9371985199
9373018791,9380945329
9379256583,9380990173
9382677402,9382684124
9390550173,9390563330
9390851917,9390864883
9391654545,9391661778
9391878847,9391887674
9393400837,9393424345
9393832288,9393940812
9395491649,9395496387
9396783812,9396809237
9400142066,9400170194
9406649548,9406713208
9407350595,9407359315
9408375891,9408437660
9413016849,9413024992
9414299316,9414305113
9419114611,9419118971
9419732061,9419738807
9428126006,9428132214
9428264623,9428274807
9429908088,9429918963
9432172551,9432197145
9432284056,9432292756
9434137178,9434222936
9438126250,9438130928
9449046015,9449051538
9450141851,9450238267
9450400810,9456144496
9460878350,9460883291
9461002246,9461007822
9461024220,9461033147
9466817151,9466826890
9469771966,9469777616
9484661439,9484693035
9484955916,9484962805
9485682829,9485708792
9486495888,9486525182
9491074252,9496054448
9491771095,9491777046
9491857943,9491910234
9493229329,9493238594
9502957146,9502960962
9509568892,9509575033
9510841858,9510849930
9513143878,9513148983
9520352363,9520362850
9521417905,9521462381
9523173085,9523198337
9526944938,9527028498
9528681906,9528709539
9530503445,9530560834
9536993062,9536997803
9537361060,9537364745
9537977127,9537984875
9538773778,9538778144
9539802585,9539886593
9539836190,9542889412
9540239819,9540247540
9540346589,9540353545
9540580754,9540583861
9550292871,9550337855
9550357123,9550363127
9551125800,9554847186
9551310500,9551315304
9555012462,9555058174
9555066249,9557831807
9562503283,9562534672
9564249144,9564258532
9564362984,9564369038
9566991144,9567000115
9567205159,9567251396
9570127519,9570135136
9572904333,9572910126
9573524476,9573549323
9574600526,9574611531
9576817553,9576822224
9577098081,9577130295
9578460363,9578466206
9578849154,9578859869
9585127630,9585134570
9586166064,9586187610
9595968433,9595978136
9596768903,9596825698
9597133135,9597137538
9597903759,9603768683
9600208559,9600214105
9604191069,9604211931
9604528977,9604572838
9604824653,9604838726
9605338260,9605342373
9605987260,9606001366
9610208509,9610214877
9611332352,9611336993
9611426473,9615781648
9612956830,9612966262
9616508939,9631595697
9618625594,9618631741
9619107290,9619113912
9621223106,9621727211
9625972542,9625980043
9629967949,9629975637
9638787628,9638798005
9642057731,9647604503
9642752540,9647621502
9643860504,9643916691
9647715039,9647738135
9657690351,9657695026
9658183444,9658192532
9661317183,9661322649
9661426599,9661454347
9666699100,9667624873
9671226817,9671231515
9671509668,9671516209
9671837585,9671846977
9673496195,9673499038
9673652389,9673705328
9674325806,9676702879
9678259095,9678265273
9680104640,9680161141
9682608126,9682676120
9684650058,9685532016
9686385422,9686396414
9704895405,9704900409
9705410224,9705466591
9706530841,9706535618
9714585953,9714616670
9721459106,9724528286
9722797422,9722804773
9723179756,9723184711
9723514576,9723543470
9723678352,9723685552
9724175116,9724180028
9724580847,9724587964
9725392209,9725451165
9725618281,9725651638
9728557223,9728615391
9729063400,9729072868
9730451929,9730463642
9730870429,9730894628
9731048280,9731054748
9733666788,9733699250
9745183172,9745208133
9747233955,9747266710
9748166089,9809325607
9751189108,9751196415
9762899751,9809235653
9806382663,9806444195
9806741145,9809275535
9806804394,9806808537
9812161899,9812165975
9812264419,9812273637
9812971994,9812979525
9817272532,9817278306
9819210631,9819233721
9820260317,9820264453
9820474459,9820479510
9820613099,9820618846
9820819730,9820850658
9822876329,9822904408
9823285495,9829196689
9824646727,9824654178
9826345022,9826354735
9828134050,9828138353
9832776445,9832782185
9833302046,9833312477
9834084261,9834109512
9836360615,9836371737
9846143489,9846146720
9846173392,9846184100
9851676860,9851686349
9854485875,9854521678
9856383945,9856434081
9860288575,9860294058
9866794156,9866799441
9866943919,9866949999
9868124570,9868152956
9868458295,9879169264
9870235158,9876151140
9870465417,9870471163
9876667242,9879286422
9879358345,9879417722
9879503109,9879514222
9879992560,9882267645
9881107597,9881152915
9882996175,9883000759
9884202165,9884248469
9884594445,9884597689
9884876761,9884880533
9886630491,9889243847
9889271995,9889278393
9889775489,9889800921
9889870642,9889878279
9890036091,9890046605
9891005859,9893105969
9893127274,9893137919
9898460276,9902991581
9899919498,9899927142
9900552070,9903001270
9901102254,9965965282
9969494985,9969501925
9970382630,9970387454
9974782100,9974793229
9975313184,9975340070
9977703812,9977707838
9978019609,9978077329
9978196337,9978203661
9978445045,9978491793
9979580192,9979628557
9981699423,9981706232
9983947351,9983991069
9986955540,9986965646
9987299601,9987305442
9989010425,9989058767
9989261211,9989266614
9990240758,9992908697
9993237654,9993243224
9999916853,9999983243
9999990089,10000012741
10002150829,10005920317
10003518095,10008924884
10004948965,10004953386
10006045075,10006050598
10007413344,10007419491
10009144297,10009151751
10012023157,10012048713
10012345265,10012355853
10014955931,10015067269
10015072344,10015127965
10019135995,10019140141
10020883961,10020893229
10022178282,10022185452
10026074860,10037856157
10028229159,10028233987
10029975140,10029981826
10031275051,10031278352
10032034025,10032061993
10032440468,10032444801
10034713310,10034725201
10034894248,10034899921
10037961016,10037965599
10044035834,10044040535
10048716401,10048777001
10055341314,10055353315
10058886033,10058890156
10108923435,10115943090
10116247464,10116250314
10119032106,10119037749
10122611324,10122617141
10130166120,10130176196
10131914173,10137687715
10131991328,10137692944
10132429253,10132436399
10136304465,10136307953
10138053467,10138061292
10148267174,10148275727
10148568143,10148589733
10151799831,10151805695
10152241853,10152250723
10152328022,10152338526
10154161365,10154188755
10155139312,10161735603
10164712125,10164719071
10171050680,10171057278
10175148095,10175151710
10175226790,10176639669
10177273387,10177304021
10178134881,10182631252
10179726339,10179782168
10182039187,10182044279
10183149510,10183155527
10183958045,10183964740
10184905287,10184912036
10189035987,10189040417
10189637550,10189651255
10191665731,10191672369
10194978112,10194983033
10195234408,10195238531
10196344730,10196376510
10198204388,10198211979
10198813181,10198816807
10200121027,10200129179
10203882046,10203885888
10204258873,10204265769
10204510197,10204517030
10258473321,10258582955
10259336316,10259343265
10274098762,10274102457
10276023393,10276030716
10281293171,10281301864
10285358830,10293099966
10287889605,10287903501
10312037283,10312042629
10312367249,10312371242
10312402995,10312412003
10312550239,10312552935
10321151342,10321213232
10330731799,10330776566
10337326590,10337334455
10338312705,10338316661
10338859569,10338864347
10338936671,10338941261
10339746512,10339803855
10344948003,10344954277
10345111701,10345115045
10355435927,10355496630
10355917627,10355925939
10358525426,10358531153
10361732277,10361741439
10361780506,10361846892
10362421834,10362426328
10363975535,10364024271
10364192329,10364245796
10373225084,10373292266
10373247622,10373255621
10373366230,10373446285
10373512060,10379191682
10374821587,10374852294
10376029338,10376036244
10393019929,10393024423
10393176855,10393210503
10394405180,10394415404
10395159183,10395223348
10396582038,10397940571
10398436844,10398446851
10399015127,10399043606
10401205800,10401213855
10407544435,10407548341
10415284145,10415295063
10421541178,10421616575
10426097033,10426105676
10435515800,10435518790
10435787892,10435799816
10441409493,10441468429
10441505919,10441511723
10441552475,10441554767
10441572236,10441576208
10446038143,10446043385
10446720052,10446723782
10447487907,10447513346
10447630619,10447636780
10453127413,10456073505
10453323927,10453331048
10454433237,10454465017
10459006560,10459009847
10460269385,10460291051
10471130501,10471137638
10474259422,10475056634
10475217770,10475221866
10476088272,10476098208
10478023070,10478046414
10485142593,10485149255
10486799234,10486807597
10490177792,10490240307
10497242288,10497247821
10497266838,10497272825
10497727700,10497732939
10500227337,10500232301
10500285057,10500342429
10500748708,10500796662
10501466838,10501474405
10501755605,10501759778
10502906151,10502914861
10503717171,10503721722
10503985789,10503989571
10505373606,10505421774
10506483788,10506546046
10508810462,10508875813
10509105798,10509110024
10512629097,10512633293
10522518107,10522581052
10522761566,10522765455
10522930179,10523972301
10524193295,10524233655
10524482557,10529933891
10524563905,10535848767
10526159485,10526171166
10527936445,10527968847
10528350174,10528354261
10529949938,10530012633
10534617645,10534622450
10535127360,10535137654
10535922197,10535929042
10537715287,10537730683
10537884515,10543100970
10538698396,10538758832
10541427473,10541480782
10541666729,10541673808
10543097619,10543182619
10547615570,10547657584
10547985267,10547996102
10548858973,10548868275
10550954863,10550958966
10551856931,10551865418
10552845803,10552905749
10552987177,10553037580
10553669273,10553677348
10555157101,10555160499
10556537274,10556551116
10573101230,10573109709
10575881839,10578853697
10576552720,10576556812
10576671140,10576678554
10582905263,10582910729
10585842869,10588887211
10589535476,10589545365
10590910300,10590916177
10591299649,10591307090
10592338069,10592347671
10598008249,10598020598
10604295188,10604305459
10605505936,10605511529
10606774896,10606786175
10606894125,10606931731
10609561930,10609572645
10617162779,10617167603
10620732318,10620785450
10620796339,10628720161
10623662857,10623672559
10624312294,10624363676
10625578657,10625586673
10628798665,10635615128
10632982999,10635628238
10636843353,10636912169
10637049740,10637063636
10637108105,10637111172
10637758882,10637764953
10638331061,10638333667
10639935001,10639940060
10643427259,10643435077
10643437713,10643470331
10644035534,10644047552
10644066272,10644117557
10645387689,10645390856
10646097680,10646109758
10646258598,10646266450
10646830807,10654576107
10647923362,10647928728
10651895144,10654689098
10653251168,10653259861
10655363473,10655371318
10656558859,10656563683
10657986812,10658000945
10660690367,10660708442
10669883415,10669890601
10674225630,10674265311
10685477960,10685491458
10685916123,10685991313
10688651554,10688702789
10688874035,10688880553
10689482959,10689526606
10690655525,10690709560
10690777440,10690787450
10693330213,10694594719
10695053292,10703478516
10695820027,10695830455
10703872860,10703877698
10704558672,10704562060
10704593272,10704668522
10707586229,10707623027
10707669848,10707708825
10708545105,10708549094
10709813643,10709821287
10711426858,10715506275
10713740037,10713748887
10716736762,10716740741
10717055011,10717065709
10717115387,10718579878
10719252459,10719256589
10722847220,10722897970
10723251531,10723256355
10723892849,10723898599
10724623451,10724695327
10727064930,10727071054
10727535842,10727540974
10728565568,10728598397
10731126713,10731130987
10731698097,10731702040
10732045634,10739555141
10736690084,10736720544
10737065231,10737071442
10739574085,10739640776
10742489459,10742493582
10742866831,10742874740
10746888549,10746892097
10747717829,10747725777
10751538588,10751542651
10756531310,10756594459
10756838757,10761425323
10756882314,10758471574
10757499330,10757549630
10757673319,10757676703
10757792514,10757829403
10763174114,10763179483
10763351855,10763361541
10764272015,10764276218
10773803031,10773814778
10773960054,10773967932
10779771581,10779780779
10780037689,10780043479
10781377716,10781411407
10782611985,10782619432
10785813891,10795371241
10788824565,10788830830
10796734371,10796744899
10797091473,10797148044
10806443736,10806452480
10810388102,10810438612
10810454178,10810463910
10810561709,10810570430
10813061216,10813064477
10816392898,10816405708
10817010646,10818345875
10817118442,10817149303
10819134992,10819143799
10819235995,10819262594
10819355986,10819390379
10819431013,10819466669
10820920842,10822451700
10822547468,10825328432
10823247767,10823253005
10823373644,10823412297
10835536466,10835546272
10836081091,10838352006
10836725373,10836776241
10841336015,10841342774
10841991971,10841997243
10842155545,10842162638
10842286655,10842354953
10842960422,10842989275
10849310728,10851336746
10854106156,10854114646
10854959285,10855000069
10855494501,10855503061
10858055520,10859219787
10860252440,10860257435
10860797406,10860825227
10868047217,10868059449
10872614225,10872621719
10872749451,10872768044
10872927840,10872936546
10875063939,10875071293
10878855084,10878859250
10882532786,10882536605
10882895906,10882903864
10882958948,10882968086
10884540296,10884557135
10884864665,10887184202
10885969248,10885975088
10888201233,10888254619
10893411026,10893424671
10897191155,10897235674
10898362756,10898372331
10903362022,10903368881
10907118460,10907187543
10907579823,10907624426
10908271999,10908325339
10912350929,10912382812
10912818600,10912825075
10913157613,10913169170
10914326665,10914332552
10915801563,10915858789
10920258600,10920337215
10920510509,10920521421
10921901587,10921905158
10922126908,10922191851
10922424846,10922434084
10922728140,10922732156
10923635257,10923640378
10923922768,10923925240
10924752101,10924800840
10924989226,10924997034
10933260310,10933287653
10948249727,10948283238
10948354663,10948361181
10951908502,10951920166
10952286833,10958033066
10958132111,10958162709
10961700551,10961709873
10962180918,10962189528
10962323668,10962360887
10963546678,10963554038
10963925056,10963930956
10963943658,10967801694
10964395312,10974050742
10964615551,10964620366
10967905247,10967910559
10968029989,10968070796
10969707241,10969712290
10971619344,10971626871
10974834925,10977962402
10975573832,10975582516
10976916331,10976921102
10978652587,10978659921
10978913076,10987708482
10978994885,10978998517
10981930616,10984011087
10983224045,10983227774
10984295137,10984353017
10984327285,10984384751
10984502667,10984511801
10987362706,10987387497
10987828676,10987844199
10987920161,10987925106
10988315020,10988324823
10989968608,10989975401
10990564572,10990567703
10994225626,10997193101
10996290151,10996292660
10999935228,10999964475
11006057509,11006126115
11006836707,11006841936
11007782766,11007789646
11008549498,11008577977
11009289779,11009343376
11014120269,11014124853
11018996829,11019002782
11019854765,11019918552
11020006980,11020108020
11021414472,11021418448
11026454052,11026458442
11026633407,11026653834
11027041911,11027047978
11029234153,11041889456
11033058251,11033066253
11033694648,11033697665
11035477071,11035528650
11039944922,11047853195
11042834861,11042884152
11043637058,11043649868
11044992063,11051836160
11045392111,11045397841
11049235657,11051879543
11052561733,11052591224
11052673154,11052676819
11052957013,11052961056
11055460793,11055492055
11058311083,11058357971
11062993972,11063003347
11065932827,11065936769
11105169669,11105186548
11105739275,11105799531
11109145534,11109152413
11111450133,11111456638
11112388568,11112396152
11112422744,11112448901
11113001822,11113007980
11113163743,11113167799
11117560804,11117565352
11124368898,11124374701
11124432468,11124503095
11124835012,11124841092
11128842797,11128867968
11130226187,11130279053
11132105300,11132170073
11134866865,11134873150
11137801524,11137808423
11138575526,11138582285
11140056234,11140097272
11146905817,11150723459
11147866002,11147872060
11148198578,11156579105
11153761854,11153792492
11154013716,11154024635
11169200920,11169208000
11170309192,11170316204
11171133854,11171138331
11171721749,11171800007
11173100900,11173106449
11178154017,11184620181
11186216496,11186241357
11194880091,11194885293
11202868479,11202872819
11203737714,11203799283
11203872268,11203964485
11207465011,11207491419
11208333117,11208336465
11214064870,11220561460
11214187283,11220544708
11220395323,11220398473
11222108465,11222114589
11228840115,11228849093
11228853670,11228860529
11229304886,11229314411
11229460987,11229469286
11229955784,11229979271
11242407503,11242438444
11242923358,11242932138
11250084347,11250112315
11253078389,11253130613
11253448645,11253453249
11254760129,11254818063
11255994762,11256000222
11256302554,11256317047
11256530744,11256536010
11257875455,11257885328
11269674843,11269684563
11272873158,11272881975
11276181604,11276344667
11280767482,11280780345
11280825496,11280831219
11293013505,11293022550
11293224426,11293231352
11294742635,11294745525
11295272776,11295279883
11298650305,11298693067
11310720603,11310732788
11312919591,11312923881
11312938301,11312944068
11313836838,11313842000
11313950089,11313954426
11314025063,11314030412
11314754308,11314757889
11314789366,11314793351
11315003454,11315007032
11317074386,11317133653
11320175038,11320180735
11333447297,11333461092
11339991490,11339998116
11344496846,11344505195
11345281375,11345293142
11345441452,11345456046
11354415778,11354422540
11355841940,11355848329
11358867713,11358872678
11359847795,11359854958
11362213979,11369221033
11362448725,11362453139
11364365181,11364374041
11365213595,11366243238
11366893380,11366945968
11373289171,11373295666
11383492958,11383497505
11386422558,11392202185
11389198193,11389202884
11391354212,11391363129
11399700754,11399702999
11403109572,11403137483
11403288271,11403297252
11403650154,11403680571
11405604344,11405611343
11409855775,11409864699
11417835002,11417892959
11428782284,11428789614
11429655248,11429665422
11433152166,11433155146
11435578834,11442061743
11439917547,11439924220
11441698517,11441706709
11441822827,11441828290
11448302959,11448327720
11449993857,11449998387
11453253410,11453291103
11453544776,11453548856
11454219509,11454273925
11458861309,11458900463
11461183473,11461229048
11461287914,11464097684
11461823184,11461833214
11464745217,11525919807
11470287368,11470293309
11473660697,11473664001
11476291764,11476299155
11476857485,11476861641
11518920582,11522009524
11518971232,11518980390
11522479881,11522488447
11523023179,11523037095
11523348885,11523358207
11524229360,11524233734
11524508873,11524571401
11524760842,11524769398
11524866616,11524871775
11525348817,11525371343
11525938126,11525951216
11527631396,11527640016
11530436518,11530445215
11530845881,11530853151
11537825654,11537831628
11538016529,11538039930
11540451626,11540457383
11543414677,11543418897
11544088267,11544099587
11547697605,11547701263
11548782472,11548788683
11550886738,11550892612
11551230840,11551246580
11553097377,11558837329
11556230437,11556253885
11557351264,11557360312
11558821288,11558826373
11559955800,11559961386
11560470733,11560473720
11561914580,11561927907
11564017055,11564080101
11566105772,11566109588
11568053681,11568878918
11570371450,11570400113
11576083821,11576089398
11582795131,11582801235
11582989113,11583003212
11590432798,11590460846
11591505430,11591516553
11592452716,11592464300
11592685023,11592698030
11593874305,11593884505
11595012910,11595048014
11598170032,11598180690
11598224157,11598234792
11598385928,11598423124
11598867287,11598879803
11599308918,11599317902
11601591145,11601596658
11602772702,11602803580
11603512535,11603518362
11604108700,11604140146
11614306306,11620748173
11614336128,11614339266
11614636255,11614718455
11614671557,11614677390
11615910209,11615917991
11616138878,11616148610
11616344877,11620804106
11621869682,11621899761
11622657135,11622665527
11631837009,11631853571
11631947304,11631993775
11638513846,11638518614
11638791929,11638841263
11641713624,11642691363
11642906230,11642913590
11642915000,11642922581
11643229527,11643251986
11644168828,11644182897
11645928855,11652723170
11646630871,11646637389
11649304490,11649308937
11652986208,11655768641
11656098089,11656106058
11656398594,11656475665
11662056055,11662111379
11664718889,11664779582
11669329838,11669335016
11669855863,11669862114
11676341829,11676348772
11677581093,11677585196
11677651907,11677655542
11680770343,11680777105
11684547873,11689560788
11687016859,11687101337
11687871226,11687878727
11689689114,11689698690
11689963635,11689966806
11696596066,11696725084
11696818199,11696827551
11701694505,11701702534
11702059024,11702063030
11707479935,11707487820
11707586187,11707592345
11709778520,11709837407
11709908461,11709912827
11713777809,11713781404
11714125987,11719518870
11716163389,11716168748
11717630864,11717703214
11719880690,11719889326
11720924064,11720933312
11721237335,11721240208
11722167976,11722181477
11722770588,11722798733
11728720021,11728724257
11728849820,11730560584
11736561325,11736566293
11736979588,11736988161
11738515043,11738521244
11739631834,11739635924
11740603186,11740630532
11740784635,11740792704
11740788791,11740800084
11740870480,11740877920
11740893356,11740922831
11741588456,11741595820
11741657041,11741660933
11742128344,11742137211
11745283812,11745336658
11749541622,11749598173
11749694512,11749741444
11752568661,11752576011
11753352048,11753365947
11753550226,11753577866
11755841558,11762526136
11766287669,11766293495
11770324130,11770331310
11771054922,11771059099
11772746094,11772755212
11775848016,11781510702
11781727209,11784590025
11784567844,11787343475
11784568128,11784586473
11787439032,11787446142
11788119268,11788125225
11788267981,11788272011
11790481523,11790508138
11791674203,11791682368
11792067071,11792073696
11794952853,11803366978
11795056910,11795061972
11796198121,11796207493
11799539316,11799548474
11799738743,11799765118
11801076555,11801084861
11806488739,11806519904
11807430529,11811365115
11808595648,11814404562
11809023310,11809028388
11809182137,11809194779
11812991346,11813000932
11813072785,11813077532
11815797902,11815850437
11818113891,11818122347
11818303028,11818307886
11818623298,11823304750
11819605144,11819622020
11826387364,11826434259
11826407043,11826415262
11834700790,11834706637
11836143233,11836175748
11836230886,11836241190
11837349755,11837356190
11840545223,11842386852
11842719628,11842727479
11845784000,11852315788
11845919386,11845930194
11853110721,11853127340
11853519573,11853529209
11859327632,11859335089
11859503869,11859518406
11860434226,11860482915
11862574098,11862581618
11862682879,11862691386
11863393398,11863398353
11865822478,11865827607
11872235799,11872246754
11874485291,11874490921
11878638215,11878652525
11881814201,11881823035
11882721675,11882727148
11884585375,11884600484
11885072107,11885078772
11887273481,11887344014
11889617164,11889627808
11894926323,11894934555
11903253751,11903263006
11907530912,11910271358
11910690333,11910693310
11911906531,11923057885
11912407849,11922111989
11916294204,11916319830
11920743426,11925193166
11923309439,11923346268
11950686634,11956156435
11959195398,11959223549
11959865646,11959870434
11960535444,11960545584
11961376946,11961385756
11961532007,11961542385
11961767786,11961778467
11961804678,11961809545
11963622756,11963663169
11966180343,11966187416
11968453663,11968459624
11968992365,11969022655
11969456100,11972146654
11973697812,11973704007
11977415968,11977428905
11978244179,11978254466
11978304238,11978308310
11978833471,11978841536
11981034778,11981120215
11984081713,11984127164
11984189037,11984195268
11987316993,11987333113
11987636551,11987699310
11988262999,11988288511
11989264099,11989268072
11989273681,11989284329
11990905552,11990911125
11995613950,11995618985
11999987120,12000032855
12000399322,12000412710
12001898941,12001905914
12002010055,12002015624
12009678152,12015888601
12015118672,12015912570
12015261278,12018875971
12017559683,12017566278
12017955063,12017960867
12019479677,12019483926
12019878966,12030943008
12033045423,12033056559
12034296511,12034311242
12038913832,12038920106
12041218100,12041222490
12046212903,12048907393
12049560573,12049616776
12049976407,12049981599
12051929437,12051940423
12053809609,12053814240
12054559726,12054565409
12058297013,12058306949
12059098301,12059102324
12061397641,12070839558
12062113506,12067964745
12068195962,12068200332
12069401124,12070861409
12071053078,12076725317
12073020919,12073027177
12074759160,12074798708
12075232133,12080885671
12075695701,12075708778
12076532267,12076583552
12077144723,12077157666
12078938982,12078945865
12088570327,12088577637
12088879582,12088886838
12094354561,12094374731
12094800237,12094805947
12094803789,12094855823
12095063168,12099838698
12096298026,12096306024
12097463562,12097468474
12098868275,12098899741
12099032304,12099038649
12100347861,12100356865
12105731352,12106829544
12107311290,12107316479
12109924700,12109937493
12112168692,12112176367
12113076644,12113090676
12115036647,12115043626
12117579176,12129623587
12124023906,12124028076
12126711253,12126719853
12133123064,12142729270
12133227335,12133231772
12136519323,12142774074
12138574800,12138579100
12144057022,12144061068
12151807106,12153860090
12154591995,12154596492
12155156439,12155182784
12155672662,12155702391
12159885485,12159893597
12161163662,12161170852
12161746101,12170634719
12167033801,12170681578
12167096285,12167157841
12170698894,12170762488
12173701393,12173706826
12176702622,12176713033
12177569145,12177573725
12178620999,12178634941
12179259651,12179270353
12183862335,12186650054
12186763249,12186776489
12187514037,12195608132
12187540699,12187598486
12193026887,12193035885
12193043900,12193052807
12196503963,12196508760
12205272079,12214295064
12212087833,12212096687
12213059753,12213069378
12214430774,12214434386
12214680782,12214689830
12216376060,12217520912
12234815293,12234821637
12234999004,12235006431
12235515731,12235539105
12235881022,12235889084
12240851359,12240940311
12241024612,12241040763
12244234564,12244247771
12244363609,12244393762
12245225490,12245230161
12245955604,12245963399
12247687270,12247700527
12249438510,12249467223
12251320700,12251352049
12251348370,12251388780
12251724349,12251730931
12253601504,12253682144
12263088217,12263093747
12264111659,12272423164
12267531670,12267580429
12267548692,12267557148
12268375520,12268424322
12269877711,12269944151
12270189946,12280447157
12283891644,12290331673
12284041133,12284104335
12284222154,12284226290
12284503805,12290460040
12284900839,12284910889
12288911675,12288919279
12292400761,12292426461
12293478519,12293492588
12293787306,12293794573
12293799898,12293809170
12293924653,12293930503
12294328747,12294356428
12295669248,12295695542
12298659856,12298671039
12300283224,12300308075
12306696054,12306705807
12306903073,12306918057
12322438662,12322544132
12322863039,12325401105
12326799122,12326808420
12327010591,12327043470
12327501732,12327515795
12327958301,12328010107
12334357489,12334424902
12345063123,12345073911
12345597007,12345613899
12346119992,12346124787
12347814782,12347838604
12350590777,12350598148
12356716029,12356721990
12356973314,12356977407
12368415874,12368419980
12372333407,12372342622
12372388892,12372393045
12372539166,12372547532
12373292273,12373320943
12373406725,12373464268
12376002390,12376033141
12381370385,12381379727
12384913189,12384922962
12394890747,12394895134
12433263192,12433268694
12434439594,12434443756
12438324268,12438333342
12439230559,12439266258
12441165791,12441172587
12441329302,12441336095
12441702591,12442071086
12441741421,12441746850
12442555245,12448084857
12445269501,12445304646
12445802450,12445818684
12448089725,12448096932
12448496502,12448501430
12449067475,12459997855
12449417160,12449425803
12449959296,12457885998
12450883475,12450890040
12463169558,12463231401
12463498425,12463562803
12464202772,12470090502
12469028030,12476018902
12482529231,12486011311
12485121091,12485134258
12486123618,12486209282
12489081744,12489089996
12489193245,12493000654
12493215530,12493220799
12493606340,12493614128
12496028023,12496088045
12498059535,12498068529
12500902040,12500942180
12505416800,12512877846
12509059980,12509064032
12510084992,12510124242
12510263728,12510268051
12510597643,12510602110
12511011954,12511018847
12512950471,12512961960
12513495821,12513579133
12514570822,12514576097
12520811764,12520865916
12521119649,12521127050
12521697645,12521705664
12523097336,12523101513
12525006782,12525011039
12526983945,12526988636
12527146016,12527800522
12528359858,12528389333
12531458900,12531467931
12538588369,12538592906
12541928418,12541959386
12542027056,12542084712
12555459388,12555467413
12557745294,12557793041
12558073018,12558089756
12558601700,12558610770
12559500136,12559551839
12561854577,12561890490
12562203677,12568861787
12564548653,12564555582
12564716284,12564727566
12565457456,12565466223
12568908779,12574865358
12575311422,12575318428
12575995737,12576001236
12578352941,12578367264
12579716906,12579720294
12586034476,12588837708
12586436462,12586463117
12586735670,12586740271
12588422348,12588432364
12589799490,12589802968
12589924295,12589963165
12596350493,12596360302
12600189284,12600198492
12600385795,12600419122
12602798999,12602803783
12606136030,12606146144
12607565591,12607577792
12608593496,12608601408
12609048130,12609054451
12612096314,12612100594
12613177784,12616708523
12613240111,12613252563
12613590391,12613599014
12614102223,12614117993
12614429480,12614434074
12614884244,12614888564
12615054090,12615060835
12616957161,12619775163
12619653295,12619659941
12619801421,12619853378
12620088177,12620095885
12622892347,12622901274
12623666556,12623670455
12623736755,12623777877
12624034580,12624041349
12624101729,12624105517
12625515984,12625525395
12625740128,12625745374
12627608252,12627614577
12628067437,12628078770
12628969308,12629022778
12630089864,12630139091
12630360496,12630385718
12632348062,12633756273
12635164237,12640683816
12635522629,12635528863
12637723605,12637784927
12640778401,12640816790
12641292322,12641305941
12648106146,12648115711
12648176622,12648185827
12652238382,12652251439
12652347401,12652354033
12658465386,12658471627
12658812622,12662458243
12659255829,12659265248
12659386972,12659431281
12660122071,12660127490
12662234316,12662241155
12662885176,12662895474
12663760977,12663768391
12667051505,12667054943
12668742466,12668825548
12670773373,12670781234
12671234458,12671239500
12671937436,12671985581
12672208118,12672218352
12672232181,12672237884
12672840339,12672897167
12674039978,12674043109
12675877782,12675888751
12683899657,12683957387
12685274227,12687659058
12688796998,12688803139
12689657513,12689663517
12690283654,12690314839
12691415747,12691420174
12691510833,12691515564
12691734470,12691737470
12692221796,12692226103
12692315282,12692381549
12695313157,12695317266
12696182680,12697722391
12696688903,12696722617
12698460564,12698533355
12699264251,12699346561
12700077083,12700127630
12701515156,12701532196
12703290933,12703297782
12703416022,12703426166
12704836241,12704889658
12708713418,12708718055
12712462976,12712465101
12715867454,12715872188
12715893287,12715901727
12720368609,12720374456
12721212847,12721217859
12721231133,12721239241
12721414430,12721430276
12722141771,12722167086
12722485127,12722489761
12723328406,12723346702
12723767010,12723770605
12723857071,12723868404
12724364080,12724371112
12724982489,12724988780
12725973883,12726011543
12726700242,12726706038
12726811900,12726886913
12727010165,12727015881
12727101168,12727109361
12727180047,12727187124
12727895080,12727900779
12729184590,12729212294
12729921723,12729933898
12730210430,12730216952
12730452396,12737547783
12731651527,12731657087
12731733233,12731799149
12735285876,12735293641
12735793980,12735827084
12737318450,12737321283
12737649920,12737743365
12737781143,12737805880
12738814431,12738822406
12740501042,12740530129
12741486900,12741493849
12743168015,12743172258
12743272450,12743277725
12743376894,12743380733
12744393039,12747529224
12747813364,12747821837
12750997054,12755290376
12751424830,12751429871
12751457846,12751534139
12751891311,12751897462
12753654887,12753658522
12755480499,12755488514
12756090241,12756095032
12758801878,12758813248
12760861772,12760869312
12761916329,12761919596
12762365440,12762403765
12762783676,12762793195
12764055706,12764059000
12764395501,12764454037
12764559273,12764617848
12764652024,12764655058
12767521091,12767585069
12769209974,12769216108
12771957694,12771998485
12772302949,12772320182
12772669867,12772676402
12772672503,12772676579
12773065558,12773090058
12777565611,12777572540
12778081790,12778094048
12781685608,12781697873
12782303754,12782365613
12782443871,12782458017
12782613820,12782623693
12782897325,12782903379
12785906563,12785913666
12788289958,12788297752
12788987503,12789002695
12789015595,12789026486
12789861182,12789893343
12795463095,12795468504
12796837748,12798426055
12797553983,12797562199
12797769030,12797774563
12797798178,12797856993
12798535876,12798571715
12798868304,12798873359
12799660762,12799666345
12801698304,12801714354
12801810734,12801823320
12803537722,12803625344
12803732542,12803737486
12804745877,12807449268
12805487217,12805489856
12807316113,12807320320
12807697100,12807728222
12811885543,12811893378
12816678002,12816685409
12818125968,12818135570
12819206318,12828354870
12822318370,12822325784
12822704659,12830105279
12823461886,12823497879
12823773793,12823780399
12824381498,12824385487
12826159924,12826208807
12829442487,12829446520
12830481775,12830486777
12833394553,12833453095
12834480947,12834491181
12834497997,12834551537
12836578177,12836669271
12837190663,12837251076
12845303147,12845309124
12846124629,12846129634
12847021836,12847029376
12848616371,12848625442
12848904426,12848915228
12851396916,12854334258
12851495147,12851500342
12852479685,12852487430
12854783820,12854790135
12854854838,12854863374
12856447906,12857347605
12858346447,12858350733
12860398141,12860406955
12863720887,12863727930
12864420113,12864425352
12866410720,12866417492
12867238569,12867243758
12868678527,12868687428
12869580605,12869584414
12870566383,12870578992
12874198170,12874216692
12876197918,12876207289
12877301969,12877319901
12877545415,12877602818
12877964754,12877977149
12879434334,12883185840
12883496648,12883505084
12884718515,12884774685
12886427251,12886454617
12887135173,12887200444
12887322005,12887325864
12889322268,12889429282
12889370837,12889429359
12889513212,12889523550
12889634676,12889639397
12889958328,12889968601
12889968047,12889975755
12895249302,12898233922
12895455304,12895459721
12898249268,12898297045
12903339414,12903382855
12903556282,12903567598
12903969808,12903974886
12906533429,12908148595
12908741893,12908750509
12908928654,12908936449
12909061014,12909066593
12912715659,12922891121
12916125987,12916145118
12918038931,12918047468
12918567603,12918592521
12918821323,12918825021
12929215520,12929286421
12932981981,12932987631
12933040901,12933045565
12933286204,12933291684
12933289716,12933300948
12941206922,12945105331
12945803338,12945812566
12948292544,12948313472
12948357340,12948411886
12949868225,12954016598
12950255142,12950268513
12951293298,12951304357
12952426487,12952432561
12953786948,12957877781
12954235093,12954247666
12954393519,12954424788
12955658757,12955694523
12956010897,12956018705
12965669551,12965676775
12966636753,12966652443
12967813640,12967822674
12968581601,12968596933
12969357364,12969413286
12970506272,12970510779
12974888837,12974920851
12975040898,12975071680
12975807734,12975818542
12976409331,12976414172
12983352724,12986153052
12986514854,12986547273
12991392099,12991402804
12995975157,13001252864
13001708677,13001713114
13002845548,13002851742
13004331472,13004339099
13004870257,13004878649
13005802511,13009982705
13006492910,13006499482
13010834106,13010841974
13011563438,13013008441
13014401406,13014405389
13021470987,13021473794
13021933747,13021938317
13025341158,13025376503
13027320622,13027332764
13027486593,13027489316
13027649125,13027656175
13029029244,13029037119
13029189037,13029195960
13029239320,13029274307
13036096129,13036100482
13037315347,13037320532
13038053486,13038056653
13038920940,13039940022
13040929228,13040935560
13041001168,13041006878
13041131101,13041141516
13041145227,13041152705
13041867393,13041871262
13042686894,13042690849
13045422669,13045474870
13046564852,13048957134
13052983462,13054944978
13059637366,13059655661
13059848160,13059859329
13061667257,13061830163
13063156168,13063161637
13067446345,13067483067
13067915810,13067983751
13067948777,13067957644
13069472962,13069542032
13080833165,13080840710
13080947647,13080958685
13080966821,13080974288
13083771416,13083783874
13092035243,13092041595
13094789906,13094799294
13097016829,13097021065
13097833914,13103812861
13097951014,13097973055
13099141800,13100933093
13101761136,13101817937
13102866781,13102871883
13105773054,13105814838
13107583582,13107588172
13107602636,13107606197
13109930415,13109946242
13110501672,13110510292
13112080735,13112134081
13113238564,13113243261
13114812615,13114864742
13115055553,13117779628
13116578893,13116584683
13116686926,13116699565
13117557257,13117563408
13118121027,13118179809
13118640718,13118660484
13119174258,13119181992
13119376351,13119380641
13122437004,13122488213
13123799239,13123803375
13123935868,13123943329
13124199969,13124229086
13124554992,13124570231
13124579439,13124593886
13126332353,13126378105
13127507876,13127515177
13128799952,13128805188
13131768031,13131886151
13131814415,13131852954
13135680864,13135688766
13137580010,13137585415
13142102444,13147776006
13147931421,13147957141
13148297304,13148372975
13149573409,13149600345
13150347408,13150351307
13151960262,13151974859
13152282129,13152291103
13152810096,13152815772
13153183419,13153195273
13155752596,13155822962
13156232602,13156238238
13156434585,13156438815
13156911274,13157716638
13158492832,13158503734
13161087575,13161099559
13161487132,13161496664
13161622862,13161694945
13169797604,13169899609
13170193522,13170220174
13170309697,13170354090
13171915712,13171921064
13172847124,13172858771
13178480476,13180710353
13183705745,13186623458
13186570826,13186577936
13187748875,13187759540
13190668422,13190676531
13192696459,13192709406
13196348696,13196360296
13197272655,13197279627
13197817494,13197846431
13198753029,13198763483
13200098582,13200106801
13201907382,13201917873
13202079874,13202087665
13203072885,13203083467
13204110567,13213512224
13206036628,13206041513
13206120659,13206127140
13206924674,13206982016
13207456412,13207459012
13210718421,13216595379
13217288848,13217292744
13217845441,13223581805
13220555237,13220614965
13223625783,13223631974
13224196261,13224200842
13224345950,13224350858
13224428120,13224437148
13224581080,13224585016
13224821165,13224833420
13225714533,13225721346
13226037900,13226047459
13226313481,13226320200
13229110966,13229116378
13232631040,13232637609
13234422470,13234426062
13236389246,13238528179
13238610519,13238692639
13240136398,13240148259
13241601471,13241651463
13244650998,13244695849
13245864052,13245922811
13250579793,13254584010
13256297410,13256305411
13261426934,13263597420
13265078088,13266549890
13267158245,13267181897
13267561992,13272488223
13269048287,13269079552
13269453877,13269479690
13270194833,13270197913
13270686596,13272546514
13273175525,13273241647
13273694313,13273707517
13276836067,13276843030
13276970732,13276975600
13277010033,13277054248
13278276052,13278284558
13279621250,13279701038
13281598213,13281602265
13282886343,13282975258
13284790119,13284857575
13285975268,13285982124
13286065232,13286092873
13287066744,13294402122
13289207404,13298158861
13291939922,13291978682
13294884380,13294926143
13297765044,13297794772
13298410886,13304320072
13298859934,13298864648
13299713861,13299718939
13300136033,13300138973
13302594067,13302666665
13302851876,13302885885
13302929312,13302935305
13304387435,13304394852
13304507505,13304521949
13305173652,13305181356
13305669698,13305673734
13305990546,13305996453
13306486038,13306513839
13309650391,13309665268
13312365532,13312432781
13313181969,13313188039
13314813111,13314878927
13315108330,13317414430
13327739755,13327744502
13328508779,13328514408
13329632345,13329649625
13345282228,13345288179
13345368721,13345434891
13345499975,13345569081
13348300777,13348307506
13349546553,13349551097
13349947266,13349954977
13350206091,13350212479
13350618307,13350633325
13351890213,13351902247
13351930038,13354324184
13353223260,13353227750
13354540912,13354603974
13358425422,13358433928
13358598412,13358608148
13361831353,13365063068
13365166791,13365174248
13367249768,13367307909
13368222680,13368292474
13368673224,13368682853
13372579889,13372589562
13372600507,13372608101
13375807451,13379067345
13376417979,13376445573
13378182400,13379078354
13379774436,13379782865
13380342255,13380347543
13383093045,13383110873
13385987213,13385996248
13386476233,13391173422
13390210079,13390216123
13392218163,13392225687
13393843262,13395079893
13395307315,13395355907
13396364201,13396373459
13397418745,13397421150
13398616152,13398625507
13401328400,13401334821
13402280480,13402293630
13409275208,13409296638
13409384464,13409448956
13409897974,13409906868
13412759914,13412763433
13413893604,13413900023
13418474123,13422127583
13418751464,13418760151
13422193332,13422219983
13423152318,13423212924
13425702060,13425735504
13426862445,13426915985
13426904001,13426910145
13427475037,13427478586
13428101946,13428104536
13428382976,13428387580
13428705341,13428714148
13430154767,13430163307
13434174904,13434182027
13435110687,13452043585
13441140979,13441145550
13443926176,13446150884
13446605377,13449129320
13449581502,13449589614
13449904956,13449908624
13452628787,13452686083
13454431593,13454462973
13455458416,13455464143
13459285671,13459290933
13460138008,13460145448
13462690991,13462696387
13464988734,13465039899
13465311904,13465379918
13470329313,13470337789
13475152188,13475160564
13477211711,13477224634
13484047833,13484057421
13486672906,13486677413
13493235104,13493305440
13494610606,13494678256
13498167453,13498171462
13498977652,13498982309
13499389417,13499395815
13499746696,13499757497
13499833871,13505930353
13500638350,13500676214
13501039680,13501050779
13501121209,13501125669
13502412807,13502417789
13503076063,13503137482
13514109625,13514155010
13514893653,13514944036
13515128008,13515158041
13524304425,13527034250
13527619118,13532949066
13528175340,13528183396
13530064346,13530102872
13533058535,13533069805
13533126272,13533219217
13533248344,13533252804
13533370974,13533400205
13536933009,13536939367
13538039339,13538045433
13539307263,13539311813
13539593905,13539605639
13542265212,13542273143
13544127465,13544132724
13544980580,13545060906
13547407776,13547432824
13548082756,13548091583
13548145541,13548219559
13548691296,13551803989
13553860505,13554886934
13554128234,13554154524
13555813712,13563802197
13558188968,13560916140
13562942988,13566887871
13563863298,13566901619
13563900066,13563966526
13563964134,13564004965
13564362705,13566951602
13566001269,13566008455
13566381040,13566406929
13574683543,13574688548
13575607896,13575910302
13576258356,13576264333
13582268746,13584811759
13584862764,13584888650
13586714446,13597762542
13588051787,13590839476
13590879094,13590943222
13592044882,13592085582
13592224714,13592296807
13598173154,13598215051
13598544890,13598604113
13598636067,13598655896
13598891123,13598944884
13599227183,13599276801
13599860563,13599863911
13605405969,13605434167
13605826584,13605829915
13608104201,13608112831
13608139439,13608166198
13608471864,13608478877
13609981583,13613803609
13613140139,13613145291
13614369857,13614376383
13616114128,13616120891
13618323354,13618338432
13619418271,13619446556
13623992064,13624026427
13625324934,13625333808
13626220978,13626230186
13634003454,13634007453
13634373445,13634378437
13637091874,13641498378
13641611305,13641617202
13642908089,13642912202
13645136509,13645146007
13649960179,13649964730
13650038387,13650043772
13652784339,13652793831
13654537838,13654548750
13655274704,13655278005
13663170308,13663208416
13680342152,13680349373
13681764051,13681775861
13686466626,13686510628
13695229773,13695263875
13695500542,13695512055
13697168480,13698655348
13698383912,13698389298
13700093287,13700096539
13700299502,13700305152
13702226948,13702230953
13702267487,13702298470
13702315842,13702320326
13702503951,13702513093
13703186611,13703190931
13704593476,13704595938
13705030071,13705035641
13705778511,13705788922
13707818686,13707825505
13708039466,13708047274
13708199593,13708231453
13716918866,13716923069
13716946727,13716952116
13716994855,13717039047
13717016625,13717019916
13717030467,13717036885
13717254552,13717257863
13717570469,13717577117
13717883753,13717920424
13720155603,13720167022
13725056114,13725064056
13725328851,13725332690
13726752745,13726760610
13730764226,13730793654
13731526207,13731529765
13732085446,13732093808
13732653435,13732659923
13733743972,13733782995
13735461067,13735510010
13739842302,13742480669
13739853862,13739938190
13740834100,13740842764
13742640121,13742688482
13743898245,13743901609
13745794377,13745801847
13746551015,13746556521
13746946346,13746954424
13749312891,13749324338
13750552159,13750563749
13750780513,13750791505
13753235460,13755534469
13755583960,13755628086
13755599135,13755635563
13755705999,13755709534
13756402803,13756407580
13756802446,13756810942
13757000360,13757010033
13759114098,13760447907
13765489077,13765500975
13765529477,13765537656
13765783434,13765788085
13766716123,13766719498
13767129896,13767136154
13767814074,13767822994
13769273005,13769279427
13769313552,13769320308
13769705461,13769711733
13771155773,13771159625
13771951418,13771955872
13773033252,13773038153
13773235633,13773240207
13773324959,13773332223
13776896476,13776946816
13778650660,13785358094
13779835131,13779848422
13780476069,13780482798
13780901348,13780905969
13781606641,13782239588
13782742440,13782752015
13783892113,13783941948
13786909700,13786913529
13789341784,13789354119
13789342455,13789368653
13789439964,13789449202
13789478356,13789540206
13789871381,13789878828
13791379907,13791418022
13792218398,13792223694
13794803569,13794807405
13796581789,13796586309
13799426499,13799432066
13800463115,13800470425
13802542417,13802553356
13802864154,13802890421
13803213261,13803219318
13803415030,13803425047
13803855177,13803880135
13803883937,13803892791
13804330148,13804360238
13804535142,13804538647
13809530974,13809546443
13810886443,13810892557
13811329153,13821401286
13814333168,13814339907
13822522353,13822526516
13824591509,13824597098
13825640750,13825660162
13833102340,13833107689
13833136205,13833143642
13840462914,13847302871
13841394229,13841474605
13841665022,13841668844
13844711185,13844727563
13848063288,13848261783
13848515907,13848529378
13848614585,13848681430
13849065163,13849069984
13849130795,13849174329
13851201357,13851208777
13852186580,13852196243
13852531070,13852542379
13854526962,13854534383
13857951656,13865282361
13859143685,13859147767
13861081022,13862344167
13863294163,13863320881
13863554852,13863563011
13865795610,13865801494
13866175675,13866204211
13867056317,13867071078
13867253132,13867255965
13874606385,13874655094
13874942094,13874946748
13875603797,13875609102
13876243275,13877361465
13877762562,13877827158
13880994338,13881007789
13881149222,13881211720
13881521102,13881527383
13882273814,13882282632
13883555025,13883563208
13883565189,13883576502
13885516682,13890164142
13890310641,13890371258
13898177528,13898219996
13898376888,13898383216
13900371501,13900439926
13901439466,13901448938
13902496469,13902499997
13903344929,13903351361
13903868439,13903880524
13905228873,13905235686
13906408583,13909247092
13906966809,13906975947
13909445691,13909451779
13910145816,13910154844
13911444835,13911457598
13911964352,13911974228
13913055206,13913064829
13913404991,13913460386
13915490818,13915505602
13917128493,13917136812
13917690141,13917717163
13922399401,13922417923
13924176705,13928201095
13926481391,13926485968
13928534716,13928546379
13928733084,13928737832
13930853511,13930867781
13933155120,13933189433
13935455753,13935465372
13936583583,13936633017
13936999224,13937004897
13937825226,13942124425
13939396868,13939400964
13939423623,13942108805
13945399299,13945436298
13945447965,13945452673
13945523573,13945553356
13945914921,13948102797
13952155840,13952165727
13954735218,13954743504
13956892122,13956896072
13959876914,13959883619
13961241113,13961257534
13961281433,13961347175
13961943219,13961954745
13963064209,13964121256
13963424569,13964157563
13964307650,13964310199
13965239022,13965262142
13965519009,13965524595
13965572155,13965580969
13967156864,13967267684
13968245590,13974051274
13971086482,13971100869
13971307566,13971314255
13972548638,13972553362
13978105052,13978115914
13978493229,13978516753
13979506895,13980025253
13980257960,13980264141
13985229072,13985236867
13985500639,13985556525
13985511989,13987110463
13987121562,13987160068
13987201664,13987207888
13990779171,13990788840
13993227399,13993234980
13993803394,13993830483
13994080768,13994085111
13994167866,13994190983
13994197264,13994205025
13996090031,13996159422
13997522542,13997529318
13998144432,13998146721
13998380170,13998384143
13999391324,13999402516
14003123034,14003175693
14004969622,14004977233
14007342462,14007348446
14008311171,14008316901
14008996197,14009004109
14009034362,14009116171
14009148944,14009177667
14013782124,14013788071
14014422471,14014431779
14014837663,14014846033
14015149688,14015157325
14015924034,14015985412
14016548808,14016558042
14016864678,14016906207
14016988283,14016996452
14017867946,14017871899
14020174928,14020179191
14020240546,14020272256
14020698899,14020708056
14020723078,14020753849
14020735821,14023992527
14020990603,14021022954
14021685382,14021743035
14021757208,14027737772
14024364306,14024371145
14024541783,14024553476
14025564386,14025573390
14027849557,14027901190
14030962508,14030968712
14031119644,14031128591
14031420823,14031428127
14031659408,14033991401
14034244011,14034272333
14034917685,14034948071
14036516443,14036520910
14037162773,14037167845
14037575817,14037580134
14037797306,14037804616
14037895059,14037907988
14038372385,14038375997
14039323095,14039326984
14042188283,14042211046
14042922721,14042984644
14043805260,14043814983
14045099164,14045106324
14046323904,14046328378
14047383840,14055915480
14047924162,14047936143
14050785866,14050793005
14052055573,14052062349
14057535227,14061855708
14058434762,14058463993
14059054324,14061846794
14059349964,14059355373
14063811802,14063817034
14067013497,14069870390
14067032404,14067036313
14067316792,14067323661
14075128207,14075175112
14075692187,14075697292
14078982043,14079019366
14079085876,14079122939
14080432094,14080480807
14082134806,14082138661
14082282026,14082284669
14082689197,14082699761
14084027754,14084131837
14084616240,14087767713
14087609504,14087621679
14087819112,14087914198
14088325893,14088354960
14088451129,14094750337
14092664366,14092697893
14096108609,14096166379
14096699394,14096713276
14098082470,14098087071
14099329035,14099333842
14101969767,14102036438
14102011687,14102064940
14102221589,14102231205
14102809885,14102862009
14103265401,14103273567
14104583254,14104587734
14104908402,14104951000
14105107949,14105112420
14105206203,14105210904
14105915305,14105920985
14106557653,14106562584
14110190666,14110193018
14112676440,14114805734
14113112414,14113121098
14115309732,14115315345
14115851848,14115923735
14116341908,14116349913
14118001723,14118012862
14118332007,14118340483
14118986873,14118994782
14119316351,14119321373
14122814897,14122819394
14127564927,14127590416
14136772245,14136778707
14137459948,14137487384
14137984674,14138014663
14138242292,14138276518
14138323426,14138328461
14139247502,14139254057
14140141104,14140145995
14140826868,14141795654
14148668480,14148679663
14151835666,14151843060
14152131814,14152137230
14152348361,14152414678
14152456107,14152464296
14152545747,14152551678
14153640601,14153657406
14153788095,14153791523
14154219615,14154227454
14154358236,14154396357
14155907262,14155935681
14157031975,14157036285
14158688693,14158696107
14159255333,14159260786
14160528178,14160561922
14161034167,14161043118
14161205941,14161213471
14162592331,14162597647
14166568741,14167669922
14168446677,14168484207
14171663074,14174762115
14173313277,14173324780
14173952411,14173974168
14175238744,14175246522
14175892053,14175902771
14176757680,14176760133
14178082238,14183622472
14181466583,14187719283
14187889840,14187900034
14189529766,14199660084
14192384744,14192392202
14192409926,14192437616
14194659989,14194666945
14194672742,14194676938
14194912255,14194916772
14198149383,14198196766
14199369412,14199373415
14204689714,14204740445
14206792701,14206804348
14207295526,14207303087
14208853517,14208861228
14209586243,14209598415
14209909951,14212574319
14210161326,14210179959
14213752745,14213780663
14214868173,14214871828
14216572959,14216620770
14218192312,14218196485
14219095556,14224574718
14223672222,14223700260
14223877106,14224530877
14225003539,14225008861
14225612543,14227621118
14227895823,14227902632
14228051857,14228059421
14228760642,14228828802
14232585177,14232594281
14233814267,14233819192
14234081394,14234085791
14235268655,14235274565
14239201717,14239206084
14241653069,14241718373
14242309753,14242336986
14242338951,14242345613
14244448877,14244501291
14245459492,14247563023
14245933227,14245963106
14248164988,14248170648
14248175709,14248183113
14248428951,14248444320
14248890481,14248901620
14250204104,14250214194
14250959613,14251017497
14251567615,14251636537
14301729083,14302516807
14302237528,14302280732
14302608636,14302618091
14303039495,14303071021
14303324327,14303329956
14303498329,14303555300
14304530314,14304547036
14309558383,14312447544
14310068669,14312403585
14313725049,14319164282
14313844031,14313852761
14315426047,14315435709
14316323935,14316331593
14317524396,14317534379
14318830434,14318834701
14320597835,14320602015
14321052159,14321102325
14321904816,14321909634
14322751045,14322764025
14322863785,14322873364
14322896865,14325428472
14323024657,14323054987
14323693984,14323701889
14324586553,14324612129
14325997531,14326014553
14329263725,14329271553
14331083771,14331088776
14331181471,14331186342
14335514935,14335528005
14336293204,14336305876
14345879110,14345887092
14346125653,14346154957
14347767491,14347772509
14347986507,14348038677
14348869768,14348897559
14349171752,14349176136
14350653744,14350662598
14351326018,14351329873
14352707016,14352710831
14356338992,14362267707
14359322424,14359386940
14359410183,14359453503
14360193697,14360207289
14362769881,14362782259
14365886079,14365899012
14366224638,14366256044
14367702801,14367714177
14367831090,14367876626
14368665312,14368671038
14369484498,14369488220
14370254838,14370265961
14370788769,14370800747
14371415050,14371423188
14372335393,14372342079
14374575891,14374583659
14375349482,14375419053
14378427111,14378468517
14378883025,14378887124
14380120391,14380128523
14383236241,14390174395
14385637307,14385659836
14389180001,14389185336
14390698122,14390702806
14390996512,14391002519
14392660441,14395265641
14395614878,14395658526
14398186140,14398195068
14400095683,14400101079
14401415867,14401422182
14404612675,14404620350
14407580617,14407626216
14408301617,14408391926
14408767597,14408774714
14412419894,14412424131
14412885788,14412914634
14412892079,14412896823
14413729000,14413740256
14415400599,14415406109
14420551316,14420557096
14420708997,14424224394
14424141336,14424221143
14425567785,14425572363
14425729302,14425741811
14425930978,14425940911
14427162517,14427165979
14431563956,14434997497
14435655491,14435657890
14436615683,14436649341
14438692530,14438697648
14439256192,14439260315
14439708097,14439710689
14439795024,14439802244
14439970653,14439982371
14440528710,14440537173
14440585397,14440592029
14440749059,14440756894
14440985920,14440994219
14442568023,14442652408
14443490304,14443498346
14453122955,14453130479
14454634024,14454650976
14457530444,14457535051
14457955062,14457959064
14460940608,14460976969
14467115812,14467160435
14467264355,14467297973
14471025460,14474136076
14472433474,14472484375
14473473722,14473498566
14480454972,14480459870
14481912356,14488046907
14482722723,14482728008
14482865573,14482871947
14483674863,14483821976
14484501647,14484508844
14488299818,14491075021
14490280769,14490286262
14490358495,14490367383
14490882159,14490887251
14491125799,14491164845
14491400153,14491404807
14493310260,14493315516
14493355976,14493359050
14500937958,14507962317
14508082746,14508103186
14512134920,14512139451
14512471475,14518914371
14512780860,14512789934
14518319600,14518326833
14518710312,14518715384
14521102811,14521140953
14521559961,14521565618
14522270978,14522277590
14523066185,14526904937
14524271431,14524312913
14528593222,14528598113
14530460510,14531023404
14531110439,14531117736
14531521375,14531526804
14534032221,14536979943
14534733619,14534764490
14538702671,14538709985
14539053438,14539068503
14539197117,14539972796
14540671651,14543972069
14541415637,14541423743
14544196544,14544202374
14544202257,14544208027
14544815474,14544824091
14545649903,14545653508
14546882120,14546933790
14549989187,14550038017
14551566536,14551570782
14551791349,14551797794
14555355966,14555368602
14556128649,14556162881
14556321077,14556328330
14556883784,14556915955
14558135700,14558140431
14559308377,14559314772
14564072614,14564078003
14564230378,14564243008
14566902367,14566991599
14568910968,14568921463
14571311038,14571322956
14571366329,14571372624
14573947708,14574010567
14574885673,14574898686
14574971220,14574975791
14576020094,14576028694
14576413757,14576419250
14579080330,14579084299
14580885538,14580892361
14580900329,14580904445
14581101033,14581107277
14582199855,14582206471
14584152451,14584191014
14584589932,14584599334
14587798160,14587805069
14588313494,14590671406
14588667402,14588676780
14592000952,14592031499
14595280732,14602638024
14602614116,14602618940
14603798486,14603802672
14606561772,14608822370
14609230122,14609241565
14609783591,14609800099
14610331781,14610335356
14612723024,14612729175
14613449626,14613497400
14613679444,14613689618
14617593219,14617601762
14620866463,14620916763
14624192623,14624199616
14624505249,14624541062
14624819311,14624851960
14626432172,14626442740
14627249721,14627261271
14627619001,14627633939
14627818259,14627875057
14628009998,14628023884
14628122104,14628125746
14628461228,14628473897
14633846146,14633932275
14639669560,14640819544
14640655592,14640663089
14647002703,14647014394
14647681866,14649640242
14649599518,14649608121
14650757280,14650786240
14650770775,14650778840
14652698516,14652706866
14654559881,14654568618
14659389365,14659437497
14660235431,14662759300
14662799931,14662859568
14663174326,14663180807
14663278450,14663304443
14663341171,14663348314
14663446545,14663470490
14664584378,14664610167
14664974379,14665034374
14665219054,14665270670
14665393310,14665403882
14666065895,14668755407
14666628391,14666637235
14666852870,14666906237
14669148789,14669202620
14669784896,14669842025
14669867066,14669892084
14673886117,14673891586
14675115999,14675127827
14676655059,14676665600
14677162095,14677169435
14678826057,14678860743
14679196723,14685675516
14679332564,14679344551
14679757773,14679762748
14679838717,14679847587
14681760735,14681769125
14682917903,14682996641
14693437012,14701618954
14695680346,14695690069
14704652872,14704721971
14705934711,14706021097
14715587685,14715592389
14715993055,14715998171
14716587085,14716590396
14717630556,14717653165
14717648728,14717653930
14721756187,14721769581
14721952173,14721959230
14723749507,14723755772
14724068214,14724072828
14724128600,14724135349
14724679777,14724686609
14726047090,14726050655
14726790541,14726798052
14726883683,14726921795
14728208909,14728216904
14728606532,14728611466
14729237055,14729288127
14730455388,14730483660
14731557167,14731564872
14731629645,14731634302
14732640347,14732720445
14737054608,14737062807
14737484117,14737487816
14743692071,14743697734
14744366242,14744373940
14753651717,14753706196
14756213785,14765455221
14759543079,14759552991
14759749980,14759753966
14759904851,14759914173
14760207491,14760218747
14761852883,14761864416
14761898428,14761908104
14762100803,14762105570
14766001487,14766039786
14770755898,14770762553
14771017576,14773550256
14772781379,14772785872
14772862690,14772878306
14774335901,14774367541
14776108127,14776113168
14776766151,14776771904
14778653579,14778677157
14780941423,14780976137
14783761610,14783765807
14783876349,14783884478
14786516530,14786605940
14787486021,14787491600
14792264798,14792275038
14795500833,14795550718
14796390158,14796395928
14796914159,14796921446
14798042674,14798056278
14798108005,14798115592
14802288362,14802292745
14803664713,14803733211
14807917190,14807924470
14808266364,14808276243
14808529893,14808535786
14811578067,14811584622
14814608874,14814624808
14815754048,14816438159
14820495515,14820502033
14822021358,14822030085
14822996197,14837163982
14823936651,14823945631
14824411344,14824418651
14825650866,14825675048
14825740235,14825801143
14828849153,14828859938
14828929245,14828933772
14838179867,14838204457
14843839125,14847180704
14849422862,14849430654
14849935741,14853319323
14850652905,14853410965
14853335498,14856359726
14853427510,14853467275
14853444954,14853485030
14854184182,14854187814
14854262804,14854266439
14856427393,14856439855
14857154590,14857169197
14857447370,14862250767
14862500899,14862514286
14862690567,14862740392
14864110923,14864115647
14868674456,14868684115
14870251096,14870303290
14870717584,14870722889
14873624538,14873632300
14874127845,14876366435
14879979277,14879987580
14885461477,14885472342
14886609089,14886613238
14887139568,14887149601
14888226978,14888232150
14889574331,14895257522
14899338489,14899365559
14902924664,14902932405
14905306505,14905384558
14905566202,14905577244
14905976714,14905985460
14907054564,14907058941
14909769639,14909776067
14910512392,14910551342
14910878933,14910885972
14911586234,14915149619
14912894871,14912947723
14913257860,14913285928
14914166477,14914194632
14916098301,14916108314
14922142459,14922151814
14924529606,14924534196
14927343047,14927348567
14933491784,14935952814
14935271283,14935276849
14942553612,14942561510
14943267258,14943273860
14944343836,14944348680
14945835653,14945905709
14945876722,14945884747
14946056674,14946064389
14947554449,14947561001
14951553868,14951562692
14951765805,14954224717
14951769887,14951780078
14952090565,14952093762
14953209514,14953215896
14954172734,14954182182
14957275501,14957286279
14957388863,14957451421
14957883526,14957899296
14962692225,14964087032
14963941235,14963948666
14965694343,14965720741
14969926754,14969931929
14970329989,14970337888
14974016609,14974024594
14974200711,14978821623
14975477816,14975481985
14975634461,14975639586
14975653114,14975657788
14976290912,14976305308
14979578502,14979581513
14979789517,14982075219
14982250187,14982259137
14982408543,14982462009
14982561576,14982570620
14984426469,14984431538
14984988739,14984992898
14985101122,14985105876
14991342552,14991379067
14995917355,14995956315
15000799938,15000808157
15002904204,15002908962
15004470577,15004540275
15005047060,15005056000
15005135868,15005201553
15005190170,15005198577
15005566507,15005618754
15011457768,15011463164
15012312570,15012325052
15018600879,15018604096
15019522793,15019527283
15021208452,15021212117
15021952545,15021958505
15028590207,15028603111
15029534967,15029560784
15029740188,15029749744
15029960153,15029971797
15031218027,15031226493
15032466255,15032469626
15033041020,15033045654
15035986844,15035990934
15037253421,15037285987
15037528487,15037560494
15037715289,15044899762
15038588002,15038591814
15043706625,15043712862
15044250501,15044259673
15044533789,15044545583
15044835380,15044864397
15045162689,15045214626
15045688037,15045697031
15045767126,15045771476
15047557353,15047566264
15047688453,15047691701
15048474119,15048482712
15048478375,15051026724
15051062190,15051070790
15051205244,15057005277
15052013241,15052020000
15052669384,15052675004
15052722851,15052729483
15053593616,15059932776
15055269436,15055273646
15060544597,15060548142
15060773522,15066003796
15062666106,15062671064
15063222946,15065973433
15065513897,15065564184
15066237663,15066241696
15069304093,15069335646
15073212228,15073222265
15075821471,15075855340
15076925894,15076936755
15079492361,15079519751
15080227965,15080235479
15080931076,15080939101
15084986271,15085024252
15085387117,15085397291
15085805187,15085830973
15088348528,15091797909
15090879811,15090898484
15091468060,15091846769
15093345509,15093352956
15099183220,15099198201
15100206317,15100210126
15101082085,15101089756
15101136257,15101141502
15101156817,15106837251
15101636168,15101654210
15104858178,15104861820
15109909281,15109950757
15110893014,15115786369
15111492981,15111496101
15112788939,15112805414
15114213307,15115825710
15114797143,15114808813
15116130581,15116148185
15122878773,15122890490
15123423382,15123467607
15126030376,15126065424
15126416910,15126426582
15127432714,15127440986
15128935223,15128940324
15129672025,15135806913
15130452122,15130462676
15130722212,15130734872
15140679607,15146742505
15141570843,15141580810
15141621821,15141715501
15143112924,15143118106
15144804603,15144811663
15145059703,15149727978
15146330646,15146335117
15147289893,15147295065
15149217394,15149220351
15150130494,15150135987
15150260973,15150269656
15152036322,15152824941
15153345705,15153394541
15154387078,15154429797
15155733149,15155808426
15159445498,15159489476
15160101978,15161768884
15161945265,15161954002
15162572631,15162580830
15164757754,15164772452
15165123680,15165130743
15165873396,15165881983
15169195747,15169199289
15169695953,15169731599
15169696428,15169702939
15173017319,15173023339
15173138649,15182722140
15173203118,15173208571
15175871438,15175877582
15177467329,15177517465
15180448332,15182764651
15185559741,15185589633
15185821629,15185824082
15187604596,15187613430
15187918655,15192653878
15189119043,15189130412
15190538891,15190549028
15192526040,15192528736
15192715367,15192812442
15196409444,15198687843
15199530590,15199536090
15199822171,15201621710
15200069436,15200081143
15200258426,15200265713
15200709395,15200718699
15200745912,15200751208
15201421123,15201429285
15202184193,15208619899
15203377711,15203382990
15207914769,15207966372
15208632782,15208652541
15209073855,15209098826
15221954595,15221962427
15222146669,15222207847
15222213139,15222233303
15224725983,15224734697
15224921809,15227574700
15225232083,15225237081
15226776933,15227581689
15227617799,15230570042
15227993421,15228000460
15229386116,15229391829
15231087955,15231152909
15232209638,15232215648
15232504566,15232559045
15233973344,15236546974
15234003807,15234016049
15235186524,15235195438
15238444523,15238450206
15241992593,15246624320
15249220342,15249232815
15253122042,15253134565
15257277923,15257283342
15258851059,15258860013
15259369697,15259376947
15263155115,15263193367
15263760802,15263766321
15264096050,15264106016
15266498635,15266546737
15269928899,15269933032
15270327220,15270336989
15271366114,15271375987
15272094855,15272102670
15275459313,15284467608
15278528854,15278599433
15284396905,15284418167
15284734886,15284778172
15284988786,15287537092
15285057227,15285089435
15292336817,15292344849
15295062663,15295070905
15297819845,15297825558
15298244793,15298249618
15298427055,15298443098
15298457549,15298556531
15298618206,15298628016
15298926135,15298930418
15301568414,15301572200
15301922579,15301924704
15303916531,15303924650
15306809804,15306818490
15308112872,15308142981
15308902687,15308910345
15310235003,15310238280
15310534979,15310540084
15311631994,15316384454
15312595033,15312597175
15313489654,15313494575
15315181350,15315215015
15323052166,15323067077
15324397983,15325455527
15327478415,15327485983
15329842746,15329850905
15336600940,15336608715
15337454343,15337457142
15338058599,15338085454
15343101526,15343113631
15343374958,15346213866
15344577384,15344588530
15349932473,15349941507
15350120992,15350128422
15350340452,15355262413
15350989475,15350997126
15355406199,15355418968
15355651105,15355655562
15355824172,15358309442
15355987893,15356032296
15359499799,15359509211
15359638219,15359704886
15361473684,15361498050
15361805097,15361811020
15363907271,15363934147
15365057259,15365062798
15366013542,15366020498
15366120991,15366136921
15368191589,15368196901
15369887408,15369916996
15372090707,15372138460
15372840245,15372845247
15373010636,15373021835
15373650638,15373656949
15374946416,15374957568
15375082270,15375090188
15375825324,15381310664
15376418070,15376423506
15376639118,15376654797
15380358015,15380385045
15385461753,15385469511
15387111937,15387116564
15387787134,15390231436
15388379543,15388389904
15388397735,15388406903
15388667953,15388675510
15391775327,15391785441
15393680417,15393688331
15394212847,15394261439
15395798879,15395810770
15396372097,15399268110
15397229675,15397240801
15400827647,15400835405
15401042450,15401046356
15401073017,15401077561
15401073512,15401078102
15402405991,15402413615
15402780099,15402786841
15403089691,15403096600
15404100935,15404106364
15404320138,15404326767
15407272160,15407274405
15408716264,15408744476
15410490481,15410497791
15412936580,15412950065
15417531406,15417558244
15418964224,15418988242
15427908250,15427944861
15429649888,15429654956
15430666865,15430680399
15431224069,15431290630
15431326556,15431331414
15434338694,15434375986
15434875905,15434883279
15435196189,15435202954
15437185299,15437191410
15441250400,15441270984
15445923609,15448121910
15446032621,15446044876
15446668691,15446672858
15448323318,15448326743
15448568198,15448613826
15448651196,15448680718
15449206008,15452252890
15452713421,15452718065
15454511743,15454515873
15460297397,15460332438
15467716943,15467786003
15499790364,15499820464
15505870348,15505910140
15506186108,15506190919
15506723477,15506815362
15507424637,15507429017
15511010825,15511016628
15511934322,15511941001
15521902425,15521974769
15523998940,15524005762
15524457927,15524470800
15525461403,15525469812
15525792689,15525805248
15526887943,15526900582
15527140898,15527201668
15528651331,15528660489
15531189825,15531203192
15532199855,15532208245
15535407030,15535436188
15536009499,15536014872
15537222797,15537229596
15537611401,15537614392
15538882793,15538889371
15541484495,15541489032
15542062097,15542066741
15544053749,15544081146
15545671548,15545721764
15547619446,15547625393
15556097733,15556105531
15557702077,15560030592
15563152239,15563219618
15563741584,15563749740
15563820376,15563879924
15566021353,15566025479
15567815656,15567820481
15569111821,15569118176
15570191540,15570195710
15570732116,15570739135
15575681160,15575684137
15575921475,15575926300
15575928622,15575952791
15578925671,15578931762
15579225013,15579277153
15581472664,15584948790
15584966054,15590804105
15585395249,15585402432
15588615571,15588619804
15596125286,15596179204
15596905592,15596909989
15598220197,15598225830
15599059517,15599102813
15599108493,15599123899
15599239265,15599243168
15600013545,15600023822
15605765725,15605771231
15606900363,15606907283
15606904038,15606909641
15607164504,15607168369
15607601290,15607613755
15608206188,15608212679
15611819835,15611826939
15618450208,15618463796
15623002836,15623012849
15624704645,15624712153
15629596023,15629652800
15630389637,15630392871
15634413586,15634417221
15635001347,15635009677
15638005523,15638013909
15638830747,15638840540
15639221791,15639230367
15640508518,15640512534
15640621519,15640625689
15641495920,15645535301
15641873526,15641878995
15642515235,15642520938
15642623272,15642632573
15643792514,15643823185
15645819932,15645827289
15645889232,15645898019
15646064578,15646071771
15646973859,15654741567
15648818301,15648867027
15654980148,15654998470
15655317200,15655322232
15655966294,15655996731
15656773549,15656776359
15657600186,15657605362
15658096620,15658102407
15658144507,15658153832
15658359892,15658409797
15659601581,15659658897
15663315090,15663327345
15666901044,15666906550
15667091851,15667106432
15669278825,15672667396
15670521814,15670529021
15672758914,15672792656
15673508573,15673513799
15674420625,15674424661
15676189700,15681623995
15676961627,15676970795
15679070019,15679075906
15683773987,15683780959
15685508221,15685515197
15686231045,15692600180
15695068124,15695128590
15696657296,15696663467
15698346049,15698352140
15699428090,15699457858
15704587055,15704593831
15704612534,15704614729
15705598833,15705603441
15705726034,15708673151
15708064719,15708075617
15708497653,15717625931
15711693157,15711739722
15714838225,15714870513
15720662626,15720710834
15722065250,15722074966
15723539902,15723554539
15726647744,15726656982
15727309810,15727323502
15727907759,15727919102
15727941467,15727953622
15731330626,15733731862
15733943651,15733988284
15734011341,15737551131
15735315217,15736663299
15735387391,15735393492
15737562407,15737627508
15744344293,15744356391
15744674289,15744732728
15745981053,15746010898
15747780144,15747786084
15748775861,15748780913
15751309587,15751320903
15751550467,15751555889
15756842964,15756856258
15757369057,15759626143
15765228279,15765251336
15765447827,15765456226
15765920101,15765924181
15766095436,15766105309
15766910684,15766975587
15771774427,15771779171
15773833876,15781487407
15774034270,15774041723
15775623058,15775682846
15775854135,15775864850
15776107675,15776111700
15776863371,15778476108
15777289516,15777357510
15777918940,15777925235
15779184037,15779224875
15779705091,15779714065
15779731128,15779737907
15781246176,15781251666
15781622122,15781694826
15787783153,15787789448
15787810119,15787819129
15791603121,15798288347
15792175457,15792191631
15792526792,15792534453
15792556979,15792564559
15804073931,15804082173
15804147183,15804150584
15804270375,15804277728
15806739908,15806746684
15814264845,15814270394
15816409915,15816426521
15817122051,15817133297
15817146862,15820347418
15820957291,15820965092
15821370115,15821425744
15822028473,15826333412
15829548301,15829608928
15831237428,15834416251
15831692610,15833358132
15833671273,15833684393
15838402460,15841404157
15839162473,15839227199
15839226805,15839237246
15840159096,15844377161
15840384169,15841445562
15840768728,15841457901
15844285191,15844293043
15844857003,15844863575
15846000011,15846006556
15846530794,15846538068
15847105937,15847113908
15847190836,15847194391
15847578559,15847587954
15848151052,15848201639
15848575733,15848585352
15848873862,15848878693
15851589515,15851596411
15853045717,15853056675
15853289891,15853300108
15861049717,15861087712
15862001951,15862017601
15862213904,15862265447
15862505765,15862551057
15862962046,15862966096
15863272113,15863279844
15863468420,15863475767
15863629706,15863689601
15863693841,15863701913
15868701370,15868752926
15869563876,15869571952
15870651680,15870663167
15870673531,15870682037
15873956939,15873962278
15876873973,15876882423
15878424005,15878429020
15878834300,15878843692
15880724829,15880733706
15884212252,15884258953
15884606373,15884609991
15885251474,15887330789
15886605553,15887365766
15887758654,15893207209
15890943975,15896264244
15896069079,15897290469
15897243550,15897252341
15898522028,15898526398
15899500807,15899505625
15900042031,15900048820
15900320040,15900377727
15901019547,15901025256
15901108739,15901112181
15901365897,15901380598
15902096235,15902151359
15904016122,15904024985
15914564034,15914572394
15915452708,15915468117
15919121653,15919129485
15921364310,15921373277
15921454815,15921463278
15921702321,15921709828
15921792436,15921845167
15922479286,15922484906
15922898458,15926217649
15923174650,15923179033
15923771449,15923780219
15926346453,15926354301
15926965541,15926975617
15927467694,15927475125
15928376180,15929276321
15929444149,15929485725
15929867353,15929873952
15929878419,15929886254
15930485545,15930539707
15933173878,15933228591
15944332656,15944336504
15945340919,15945350214
15945692592,15945701295
15954106312,15954118741
15961658268,15961662311
15962858361,15964101641
15964137875,15964146144
15964776397,15964782926
15964896705,15964951535
15965510407,15965516133
15967681394,15967689312
15968611961,15968617374
15969682582,15969707246
15971858213,15971861554
15972536905,15972540908
15974351642,15974356102
15974935792,15974965167
15975345970,15975349999
15978216397,15978221722
15978988702,15978993423
15980350465,15980354996
15981323310,15981335669
15981398257,15981403622
15981479825,15984132265
15981499511,15981510342
15982934540,15991112924
15983832001,15983838005
15985377362,15985390970
15986189927,15986195283
15987905114,15987912397
15991282913,15991294767
15991469805,15991478004
15992302332,15992330835
15992711585,15994105069
15996601601,15996608698
15998569984,15998586926
15999128234,15999187531
16002012252,16002071696
16006880422,16012091879
16011491766,16011498872
16012531542,16012535314
16015191479,16016168300
16018568911,16018577397
16019849066,16019853042
16022657429,16027940655
16023658706,16023671797
16025600414,16025604139
16029006989,16029014654
16030393140,16031781869
16035484703,16035491829
16036302479,16039019154
16036600692,16036605028
16037204644,16037210708
16038684120,16038753677
16039324824,16039374629
16040180759,16040186689
16043171490,16043227773
16045372069,16045375039
16046114565,16046130198
16048381347,16048396548
16048575288,16048594342
16048868603,16048876183
16057959742,16058010142
16059692099,16059696917
16059941619,16060000996
16062666636,16062697645
16063471737,16063512665
16067249500,16067253072
16068983855,16068998519
16070040574,16070078167
16071521957,16071536150
16072003423,16072016143
16073050640,16073097128
16073556152,16073582513
16074661339,16074714869
16075997296,16076074508
16078721312,16078724683
16082464809,16082472380
16085271913,16085281405
16085432925,16085437142
16087315082,16087322385
16088927939,16088942980
16088928383,16088939225
16088948861,16088957932
16089499266,16089504374
16090223433,16092821447
16090512775,16090563124
16091284321,16091297816
16091454157,16091481751
16091603786,16091612349
16093724975,16093735028
16099818891,16106576351
16100412914,16109778624
16101106036,16101110917
16104075531,16105885260
16107972794,16107980422
16109366652,16109373909
16109859889,16109873494
16110762886,16110772902
16111060423,16111062932
16111787534,16111791707
16112286269,16112315824
16115347086,16115353110
16127005408,16132744558
16131245333,16131251778
16132806384,16132897622
16132900208,16132923395
16135781907,16135859069
16136197922,16138753785
16136364133,16136368443
16136728896,16136758995
16137150901,16137165809
16137481057,16137489524
16145162188,16145167200
16145922789,16145931322
16148848517,16148853656
16150486957,16150493780
16161911118,16161916835
16162006161,16162011026
16163132110,16163160769
16163960792,16164001305
16166223531,16169565648
16166267977,16166280385
16168127454,16168132549
16168807465,16168815020
16168902752,16168916935
16171993335,16172002994
16172395641,16172446786
16173409227,16173412808
16173419647,16173423346
16173593122,16173627762
16174476847,16174481301
16174620336,16178703695
16175594948,16175606097
16176718491,16176725795
16177247587,16177256284
16179949765,16179959127
16180053735,16180107483
16181115405,16181120233
16182381274,16182386586
16182399109,16182405313
16182765295,16182773354
16183047417,16183070971
16183882904,16183887198
16184047151,16185739031
16184410975,16184466406
16185237284,16188694184
16186303371,16186335930
16188824144,16188839396
16189234626,16189238752
16189340951,16189347149
16189705297,16189710368
16189943079,16189995698
16192774296,16192827208
16193243056,16193254041
16193332512,16193335456
16193401933,16193429022
16196696590,16196702433
16198678387,16198707698
16198852078,16198857126
16200421351,16200460525
16202038271,16202085818
16202733027,16205605956
16203547793,16203552414
16206557137,16206562049
16206638369,16208672820
16208447593,16208453590
16208500519,16208508079
16208719140,16208803091
16208997838,16209003528
16210166856,16210174430
16210526283,16210573058
16210842705,16210849480
16212259893,16212264845
16212374444,16212377368
16216650613,16216657900
16216826192,16216837074
16216896167,16216903999
16217896392,16217901711
16218882909,16218917692
16219231825,16219238093
16221555909,16221560169
16222498868,16222549034
16223096523,16223103232
16227638483,16227656905
16228786583,16228789974
16231187067,16231190769
16232517097,16232520702
16232623065,16232628077
16233710572,16275577031
16233749164,16233754146
16234457341,16234480474
16234623886,16234627427
16235865488,16235908264
16279680501,16279731535
16279819432,16287447938
16281561394,16281617821
16292354630,16292359054
16295156829,16295167417
16295422537,16301408557
16295572527,16295580311
16296786629,16298325786
16298580969,16301414063
16301904493,16305305139
16306834680,16306844342
16307729277,16307733260
16312926344,16312941269
16313883022,16313887723
16315510149,16315653801
16318842964,16318848407
16319915543,16319924631
16323482226,16323486602
16323505002,16323508045
16324040539,16324049964
16324445836,16324470687
16324495153,16326483852
16325700682,16325706175
16326449479,16329393967
16326864301,16326868334
16328745636,16328753701
16329680169,16329690860
16333137018,16333144949
16335563498,16335577327
16336135975,16336144251
16337370043,16337374413
16337623115,16337663191
16338713511,16338763337
16342459425,16342508765
16343007635,16343064222
16345696913,16345708577
16358997290,16359065471
16361426785,16361495316
16361655714,16361673712
16364111198,16368400397
16364415385,16364420002
16366129930,16366136348
16366287047,16366291363
16367230019,16367236715
16368497852,16368512727
16372142926,16372148760
16372960756,16372976783
16373670854,16373676734
16374958930,16374972285
16376091033,16376095407
16377570940,16377576617
16378704891,16378711716
16380606492,16380615623
16382878152,16382909641
16383545754,16383550589
16383591089,16383599462
16384790875,16384795790
16384887235,16384898865
16385363756,16388328577
16387615533,16387622636
16391416814,16391428057
16392083305,16392091838
16392680551,16392688106
16392709411,16392717727
16394874405,16394878046
16395706665,16395715622
16396634512,16397359588
16397476488,16397486732
16397859032,16397866008
16401233992,16402269982
16402307048,16402312277
16402431155,16402466186
16403540044,16403550963
16403753548,16403761255
16409549666,16409580042
16414760080,16414765011
16415740763,16420235848
16416917496,16416923998
16418508573,16418520991
16419258559,16419265555
16420028766,16420035318
16420400251,16420407124
16421474647,16421479929
16421481968,16421534940
16421704442,16421709400
16421711635,16421752877
16423047231,16423103385
16430849011,16430875893
16434439726,16434449218
16434543847,16434556252
16435415655,16435471263
16436819873,16436825867
16436857841,16436863400
16441894601,16441898834
16445376574,16445380964
16447363800,16447373599
16447531902,16447538591
16447597520,16447602047
16447966917,16447975834
16447976800,16447980178
16448036621,16448044844
16448388525,16448397028
16451416609,16451425904
16452001204,16455179041
16452515415,16452523424
16452881177,16452885400
16453699979,16453703858
16455376297,16455382017
16458568470,16458630677
16461323113,16461371144
16465843630,16465857211
16466205215,16466212282
16466696945,16466706958
16467052296,16467067134
16467225921,16467280577
16471884283,16471892525
16473872865,16473896359
16475881183,16475907029
16477127283,16483056602
16484993802,16485005910
16485063082,16485077051
16485257050,16493047501
16486881628,16486910505
16487099328,16487111058
16489201439,16493074156
16490523100,16490529705
16493150682,16493160388
16493632292,16493638209
16494119825,16494130958
16495176995,16495212671
16496661138,16496677981
16497447743,16499110946
16500086832,16500103721
16500310375,16500316636
16501765210,16501776633
16503078241,16503082545
16503447358,16503472382
16503749590,16507105966
16504391313,16504399889
16505067028,16505073085
16505229620,16505240609
16506084983,16506091732
16509835126,16509864033
16516762619,16516768666
16517130449,16517179416
16517482793,16523981321
16518746384,16518775147
16519124314,16519136301
16519212885,16519221111
16521035581,16521044077
16524452697,16524458080
16525969590,16533982995
16528764094,16534019894
16528840872,16528851252
16528997624,16529001971
16529090124,16529099576
16529727771,16534026449
16530834439,16530873593
16531460790,16531472547
16531808807,16531818974
16534818800,16534876881
16535383495,16535396969
16536125587,16536161092
16536315713,16536319181
16538793572,16538798687
16539526022,16539593494
16540382160,16540440933
16550580461,16550584434
16551457715,16551473118
16552276394,16552286016
16554462413,16557095110
16554625496,16557055124
16557134875,16557143813
16559507999,16559533889
16560995333,16561004468
16561015517,16561025059
16561431608,16561481313
16561713256,16561719326
16565322022,16565334050
16567706800,16567715440
16568451698,16568480331
16569232329,16571926455
16569946767,16570017563
16569997206,16570067161
16570242146,16570247528
16570847525,16570853495
16570993853,16570998711
16571441237,16571975214
16572867800,16572881689
16572998573,16573002031
16573091481,16573102272
16573161522,16573176647
16573333881,16573343389
16573962821,16573991567
16574310377,16574383623
16577791278,16577795739
16580374010,16580378755
16580736234,16580741881
16581147855,16581176572
16581950577,16582006206
16582047942,16582052964
16584310898,16584317089
16584760046,16584765205
16584923117,16584927102
16587770647,16587775749
16591342007,16593952771
16594340697,16599834503
16595477778,16595523828
16597028472,16599812883
16600794191,16600807949
16605100232,16605161520
16608988675,16608992925
16609529675,16615862126
16609907014,16612711528
16611094271,16611100903
16611937516,16611988952
16613219850,16613230297
16613505590,16613514123
16616554149,16616557867
16619169656,16619181350
16620621501,16620628047
16621058308,16621066710
16623507374,16623515710
16626073461,16629565995
16628733839,16628784519
16630036075,16630068974
16630046740,16630057986
16630080461,16630084043
16631767840,16631774840
16640901388,16649748644
16647157489,16647171585
16648655053,16648665607
16652820843,16652855059
16653103199,16653111372
16654397116,16654428131
16654431763,16654510762
16655314085,16655317754
16656157401,16656199141
16656569239,16656622783
16658022087,16658029694
16658473500,16658477178
16659892356,16659904554
16670444060,16670470765
16671122478,16671133146
16675820502,16681732688
16678757366,16678764829
16678955751,16678967521
16679282071,16679289014
16680437839,16680453342
16683007802,16685729618
16687468654,16687474902
16691829385,16691835399
16692423591,16692432138
16692677074,16692709442
16692891603,16692906487
16692958417,16695752892
16695775878,16695834794
16697835658,16697840667
16698234747,16698243224
16699463383,16702722375
16702743748,16702813626
16707350945,16707388291
16708087874,16708098552
16708240587,16708250751
16708392021,16708443954
16708664520,16708673241
16710092046,16710096433
16714608838,16714613204
16717599131,16717603261
16717944616,16717966467
16717978675,16717985605
16718032850,16718037682
16718046355,16718054280
16719110671,16719114704
16719210174,16719252733
16721548452,16721556624
16724797617,16724802542
16725038661,16725064901
16725178811,16725188123
16725812078,16725821874
16726112689,16726118269
16726281322,16726344381
16728689615,16728723456
16730961214,16732574783
16731763451,16731794517
16732950993,16733003217
16735125672,16735128618
16739892083,16742626499
16742533708,16742562675
16743581426,16743589585
16743655076,16743664792
16744650921,16746377277
16746933990,16746948875
16747589595,16747615749
16748293626,16748312159
16749014679,16749020352
16750724580,16752727252
16754533549,16754545387
16754550602,16754554648
16759787922,16759817524
16760666750,16762622640
16769832662,16769909713
16771145329,16777504896
16777503051,16777573006
16777876164,16780565275
16780698349,16780747262
16784871683,16784882281
16785070630,16785076156
16785576699,16785607277
16789042095,16789046588
16789130850,16789140495
16789877355,16789882249
16790282651,16790291265
16791464623,16791470326
16791533422,16795258724
16795329996,16795394508
16798553495,16798586695
16800830588,16800834460
16802341095,16802351549
16803635029,16803650985
16805595516,16805626975
16807298284,16807329724
16813029907,16813082405
16814797832,16815326544
16827827413,16831436360
16833593943,16833599225
16834759754,16834766118
16834766950,16834776188
16835031168,16835060285
16835157025,16835184966
16839164126,16839198425
16839484379,16839491569
16841289457,16841293637
16843581885,16843597167
16846745068,16846750611
16847640364,16849414691
16848116060,16848121833
16850183428,16850195038
16850250710,16850293432
16850567823,16850576326
16850671820,16850732530
16851599858,16851612971
16851821677,16851829451
16855338979,16855353422
16855574523,16855585652
16857706246,16857709854
16859266936,16859274620
16860400115,16860404231
16860807272,16860824028
16861492309,16861497608
16862124299,16862137496
16862853598,16862867935
16865745204,16865750389
16866820121,16872368089
16868492413,16869136872
16869099746,16869115509
16872613112,16872631117
16873955939,16873964101
16874513664,16879366589
16876168251,16876176347
16876430013,16876439899
16876888269,16876892281
16878181708,16878238910
16879747523,16882405776
16882729638,16882736036
16883013447,16883022511
16883403245,16883483634
16883656988,16885368483
16885438054,16885464298
16886506590,16886516559
16889297987,16889309380
16889461438,16889478387
16890218605,16893237167
16890565246,16890573672
16891220640,16891271454
16892106090,16892141732
16893529773,16893534762
16893752064,16899330088
16895395652,16895456135
16895844583,16895899286
16896692275,16896696415
16897651452,16897658455
16897783751,16902264482
16898489178,16898497718
16899255151,16899262121
16899756570,16899771581
16900220826,16900229673
16900806767,16900865824
16901711922,16901716479
16902046829,16902052105
16903376309,16903380475
16905485687,16905489682
16906222255,16906230778
16906814437,16906819619
16908262026,16908331981
16909368216,16915257342
16912742731,16912783241
16913258526,16913271840
16915447662,16915495466
16918557278,16918632091
16919185319,16919190996
16920199112,16920208511
16921356196,16921371401
16922039779,16922048443
16922579530,16922585775
16924261333,16924266886
16925035957,16925040140
16927399840,16927422930
16927977281,16927984180
16928084986,16928117602
16928112874,16928158333
16928303491,16928357623
16928618813,16928622215
16930321882,16930324796
16930934299,16930943044
16931063577,16931108579
16934167325,16934174785
16934414250,16934422940
16934590771,16934598890
16936171224,16950174077
16937146938,16937151808
16950373936,16950381978
16953200418,16953205606
16954396569,16954446344
16958722780,16958733441
16958889361,16958901576
16959238061,16959252691
16959341870,16959347807
16967572565,16967623275
16969793754,16969802749
16971096211,16976089146
16972558514,16972565934
16973807390,16976196568
16976482034,16979230035
16979834358,16979850539
16980069405,16980077931
16982390395,16982397398
16983027324,16983091619
16984149146,16989082841
16986007046,16986018336
16990091579,16990101589
16990451882,16990457388
16990929492,16990988535
16992582368,16992587587
16993277024,16993287648
16993363193,16993370714
16999429703,16999435359
16999604844,16999655063
17006972170,17006981521
17007030063,17009075327
17009312134,17009316781
17012215380,17012222359
17015685823,17015692275
17017207447,17017214747
17017494059,17017501045
17018512803,17018537337
17018975693,17018982930
17023161262,17023166334
17028015634,17028023024
17028212131,17028215396
17028244837,17028251192
17029911475,17038952242
17032053632,17032060649
17033456391,17033501679
17034547342,17034573633
17037288510,17037305827
17037745844,17039005668
17046188909,17046194719
17046520913,17046527227
17048681466,17051110309
17051479829,17054065715
17051518442,17054068388
17055233504,17055236875
17055637327,17055708328
17056306935,17056321151
17057681364,17057693329
17058658897,17058668125
17061987522,17062001100
17064057332,17064063012
17064587163,17064602445
17065301377,17065305256
17066120036,17068768520
17067194596,17068898042
17067481492,17067487108
17069391078,17069402755
17069876878,17069886600
17075692735,17075697285
17079218824,17079227580
17080364140,17080372319
17080710461,17080733741
17081972734,17081983442
17082994369,17083004786
17086975172,17088948358
17089531843,17089593242
17089571084,17089576246
17089634040,17099878210
17090026126,17090033526
17104066807,17104070639
17105609602,17105661295
17111614031,17111655825
17112949815,17112962939
17117399465,17117407173
17120606302,17120612550
17125821161,17125840863
17127008802,17127069479
17128810930,17128818935
17129429473,17129442416
17131421687,17131831918
17132966062,17132973082
17132975264,17132981792
17133026522,17133041881
17133079007,17133118738
17133181684,17133188089
17134457048,17135820926
17136010501,17138878075
17136759305,17136788523
17137172393,17137200765
17141824838,17141834537
17142219971,17142243776
17144078830,17144108950
17146106586,17146110803
17147842999,17147850897
17148618338,17148622641
17149101314,17149112643
17150424358,17153950383
17150601648,17150606606
17155782631,17155785705
17157999344,17163716660
17158150403,17158161569
17158863230,17160848725
17161010766,17163762552
17168633566,17168636880
17169211789,17169242262
17175386699,17175400688
17178504220,17178509402
17178850169,17178857530
17179517949,17179529606
17181728652,17181741074
17182049730,17182059339
17183010320,17183076506
17183172381,17183230616
17183377265,17183383185
17183575266,17183583625
17183733268,17183741907
17184279587,17184347029
17184302212,17184313833
17184706530,17184715394
17186540037,17191676758
17189743477,17189747750
17196015428,17198796599
17199143550,17201731865
17199316560,17199327950
17203936046,17203945414
17205093738,17205097847
17205576046,17205586700
17205694095,17205717125
17207530345,17210530539
17209085580,17209094928
17209246732,17209252485
17210557167,17210564571
17210794111,17210831260
17211488833,17211496925
17212881936,17212913603
17216741649,17216747185
17218720238,17218729363
17220781118,17220816396
17228193855,17228207670
17230564253,17230575385
17230856612,17230865847
17232890228,17232901511
17233175778,17233228557
17233366051,17233370605
17233827551,17233836315
17234427845,17234431500
17235904183,17235920170
17236037471,17236047211
17236404550,17236414439
17236412926,17236476349
17237139131,17237143654
17237458589,17240705853
17245113239,17245135346
17249756436,17249769606
17249925246,17249933465
17255700923,17255768797
17261152963,17264399425
17264828009,17264855392
17265212488,17265222648
17268141577,17268148479
17269021717,17269076046
17271470536,17271478144
17271534889,17271658384
17273525071,17273536431
17274599451,17274631174
17274855406,17274878683
17274900373,17274908625
17275375020,17275379564
17276538719,17276543513
17281025829,17281078597
17281424881,17281430397
17281964200,17281976422
17282133331,17282180978
17286175085,17286204105
17286322626,17286329048
17290650645,17290659261
17290712451,17290728885
17291269037,17291275910
17293266804,17293273185
17293310742,17293322349
17293381713,17293388425
17294959121,17294973090
17295577213,17295589866
17296375578,17296379511
17296923127,17296927176
17299063510,17299071933
17301619199,17301679158
17301673919,17301685386
17301720751,17301725809
17311608073,17311617225
17316453571,17316499030
17319936337,17319945167
17319939902,17319945839
17320452199,17320460548
17320726042,17329398544
17321715071,17321723804
17322708697,17322717547
17322932945,17322943730
17323516691,17326550144
17330877829,17333604851
17335630165,17335695522
17336017674,17336045003
17336673312,17336681808
17345584539,17351424007
17351988672,17351995505
17355286821,17355336519
17355707196,17355715211
17361885240,17365304993
17366545937,17366598215
17367242026,17367298052
17368682020,17368684392
17369881044,17369886327
17374901149,17374909351
17375323418,17375351102
17376416197,17376424927
17376728903,17376737670
17385844412,17385852334
17388627885,17388635018
17391610821,17391620180
17392482165,17392492683
17395547820,17395621807
17395956551,17395961663
17395975645,17401254361
17396368871,17396376595
17397264183,17397273478
17398245952,17398256753
17398399634,17398469682
17398751667,17398760504
17398945064,17398950106
17399190271,17399196672
17399458240,17405273098
17400382319,17400415402
17401841357,17405293311
17402198539,17402203454
17402607424,17402633040
17403957397,17403964738
17404032444,17404060953
17404852119,17404879088
17405383129,17405399430
17405717401,17405768824
17406761788,17406774498
17409811222,17416396263
17416727726,17419321233
17417816151,17423000623
17423555826,17426235802
17425128704,17425132720
17436248595,17436257045
17436351199,17436359722
17440267165,17440381095
17440409093,17440423082
17440867917,17440876604
17445621556,17445657001
17447382906,17447394687
17448233819,17448242870
17448749745,17448757132
17450346719,17450376047
17451283724,17451287430
17460348008,17460353765
17461196797,17461205266
17462437283,17462449986
17464191447,17464201383
17464614542,17464618831
17464652078,17464656930
17465304586,17465311131
17466366831,17466390519
17466961555,17466966273
17468558379,17475180974
17476321326,17476327246
17476540479,17476544448
17477549791,17477553416
17489190820,17489201702
17500139405,17500146265
17502359927,17505173930
17505271125,17505276250
17506322494,17506327760
17506681875,17506691988
17506709225,17506717955
17507350544,17507359832
17508930401,17512094741
17509055206,17509063850
17510457253,17510470287
17510691257,17512842258
17513313424,17513324944
17515512659,17515515670
17516678510,17516684838
17517345234,17517351502
17517699206,17517757019
17518190431,17518202479
17519174792,17519221718
17520470430,17520480426
17522385018,17522388900
17523390919,17523398042
17524088428,17524129065
17524469422,17525995355
17531029047,17531039238
17536140857,17536146186
17538295269,17538300598
17546212984,17549857189
17546779393,17546788731
17547440818,17547451372
17565094993,17565106947
17569722176,17572776411
17570518119,17570565051
17571449836,17575981936
17571840482,17571846723
17572897391,17572929128
17573341571,17573349426
17577547711,17577554353
17577825700,17577840254
17578112523,17578957369
17579171484,17579242815
17579773852,17579779632
17581877554,17581885719
17582432433,17582464109
17582565621,17584972617
17585583438,17585588396
17588229760,17588279181
17588334132,17588338241
17588801435,17588807850
17589585814,17589636164
17589615703,17589623428
17590451344,17590460606
17590855348,17590863841
17592185579,17592205271
17592255414,17592262777
17593662639,17593669081
17594054732,17594062937
17595826864,17595838354
17595851417,17595859760
17595896378,17595901834
17596357072,17596392364
17597341384,17597347588
17599138367,17599152172
17599908015,17599914985
17600793645,17600806274
17601330890,17601335177
17601339864,17601344602
17604963909,17605014526
17605329197,17605340513
17608651528,17608702850
17609837572,17609844395
17610362332,17610365739
17611575121,17611585926
17611815861,17611820709
17612397669,17612426666
17614542529,17614553888
17616746629,17619819263
17618071447,17619875513
17618669877,17618684501
17619878664,17619888533
17619974632,17620037985
17620591458,17620623558
17621135785,17621189059
17621139030,17621150045
17625217211,17625220321
17626168165,17626196547
17626542931,17626552637
17626653851,17626660343
17627065202,17627082010
17627724589,17627792583
17628938100,17628967421
17629125105,17629152873
17633387182,17633393864
17636029244,17636037379
17636828631,17636844602
17637572450,17637583162
17640044770,17640051172
17643457888,17643464677
17643499297,17643508047
17645779861,17645828376
17646373753,17646386265
17646695774,17646748907
17646791228,17646853853
17647706687,17647729937
17649117765,17649145215
17649197920,17656581670
17649382443,17652809937
17649513923,17649554681
17650111742,17650118968
17653817405,17653824582
17660034854,17660048004
17663847916,17666843278
17667367115,17667436205
17667919468,17667922769
17677853014,17677863803
17680581183,17680589098
17682003219,17682017144
17682104426,17682802519
17682227581,17682235141
17684002867,17684014717
17687433398,17687505023
17687897203,17687905983
17689774435,17689791270
17690533619,17690539359
17692861983,17692870296
17694086356,17694117535
17696235773,17696242014
17696398369,17696410036
17697759384,17697763166
17697899789,17697907847
17698407910,17698412791
17699291886,17699296851
17699364821,17699372873
17699432972,17699463025
17699589377,17699598281
17699931334,17699936786
17702066749,17702081880
17702231716,17702238121
17703232359,17703261162
17705680042,17705685963
17708940340,17708963483
17709315206,17709319383
17709418832,17709426393
17709477628,17709488193
17710753838,17710760112
17711032161,17711036748
17715002139,17715030457
17716507528,17716514083
17717742682,17717819162
17718130812,17718138473
17719008217,17719025660
17719702204,17719713269
17721489210,17721545724
17726656492,17726661988
17727118045,17727130300
17727242095,17727275893
17727445525,17727450269
17727576197,17727592144
17727739237,17727750817
17728450036,17728490423
17728908640,17728916765
17732590906,17733650815
17733824771,17733862488
17734075086,17734104521
17734112963,17734121232
17734776056,17734782207
17735649454,17735656517
17736078041,17736086681
17738881423,17738888386
17739938673,17739949241
17740049098,17740081667
17740595050,17740659532
17746262096,17746270743
17746440221,17746444391
17746663855,17746668876
17746767317,17746800771
17747418559,17747423116
17747506409,17751507739
17754713073,17754750065
17756107212,17756129186
17757778013,17757785954
17758717374,17758767553
17766954844,17766962535
17771040706,17771049743
17773679878,17773682307
17774131562,17774146109
17776554107,17776568200
17781071347,17781074905
17781606500,17781611809
17782477092,17782486490
17783620411,17783662257
17783945111,17783977259
17784811089,17784817176
17786684368,17786691475
17787228168,17787232408
17789510720,17789520933
17796537181,17796569205
17798826715,17798832766
17801020388,17801025356
17801698799,17808416197
17808419060,17808426056
17808754124,17808766687
17808932222,17808941039
17810118153,17812506763
17811427238,17811434255
17813256132,17813270147
17813306231,17813309655
17813343711,17813349922
17815843812,17815905247
17817077700,17817081836
17817241161,17817248204
17819552399,17819556796
17824711120,17824771707
17825232813,17827571290
17827535798,17827543359
17827860312,17827863536
17829255633,17829261296
17830803533,17830864648
17830955043,17830962561
17832132067,17832139304
17832728595,17832733707
17832784518,17834479137
17835041323,17835045951
17835337875,17835370120
17838145313,17847436057
17838233931,17844492318
17841723843,17841733145
17842451892,17842460325
17842812085,17850386335
17843158733,17851332763
17845722952,17845774431
17846143169,17846196289
17850896023,17850912177
17851669334,17851673891
17852262200,17857194422
17852289804,17852303439
17853092940,17853101650
17854668361,17854676837
17860651231,17860656646
17861480978,17861488616
17862246136,17862255521
17863552920,17863565759
17866302704,17872277124
17866663418,17866672623
17867439040,17867493977
17869475667,17869512405
17869500337,17869512639
17870947525,17870960011
17872698916,17872732173
17875525338,17878317156
17875753181,17875762352
17875846503,17875904303
17875969989,17876011705
17876561362,17881342668
17877964287,17881332127
17878498880,17878505461
17878601888,17878616080
17878916137,17878945047
17878950055,17878957055
17882072351,17882085127
17882227617,17890342209
17883464862,17883470943
17891447320,17891456407
17892703336,17892713793
17894040456,17901253879
17895488369,17895502020
17895723462,17895733371
17901949617,17901961274
17903751304,17903780211
17903909279,17903918898
17907018421,17907027619
17907598381,17907609189
17907882187,17907934565
17908589502,17908597721
17909356551,17909375929
17909461848,17909467414
17912517873,17912521285
17913169980,17913196258
17913515793,17913522866
17916772111,17916821322
17921837387,17921866799
17922140033,17922155329
17924716127,17924725498
17925119382,17925123478
17925486778,17925534932
17927109407,17927116170
17927315591,17927374343
17927555388,17927562371
17927776379,17927780722
17928215935,17928241861
17928594797,17928603667
17929107144,17929139445
17932811134,17932818835
17933284632,17933288868
17937872975,17937886714
17938028905,17938037365
17938346339,17938357428
17938675927,17943205478
17941606122,17941613613
17942026557,17942032127
17955375587,17955384427
17955752070,17955778875
17955927355,17955934017
17955958073,17955961531
17959481632,17959487155
17960393453,17960397977
17960840309,17960852550
17962516138,17962531434
17963223343,17963231542
17963687261,17963692707
17964303215,17964306820
17965706631,17965711235
17969732121,17969742779
17970467467,17970476297
17982767318,17982776840
17982832519,17982838884
17983393295,17983404284
17993152007,17993164433
17994674235,17994684676
17995121479,17995128037
17996372543,18002093922
17999414757,17999422973
18007283274,18007292399
18007308255,18007314830
18007627556,18007633530
18013210408,18013232269
18013978066,18014043280
18019372148,18019378479
18019791551,18019804751
18019811430,18019899410
18020073074,18020087257
18020270304,18020279007
18021024112,18021030170
18026982696,18026986013
18028075398,18028082076
18033673258,18033678984
18034239606,18034246449
18036947631,18036952897
18038205435,18038214024
18046142881,18046151595
18049235555,18049285250
18049394038,18056025012
18049441531,18049451598
18053536154,18053551700
18053567463,18053577439
18054252259,18056079094
18054540067,18054549967
18057701262,18057708155
18059557993,18059567672
18059898059,18059907003
18060094924,18060107988
18060520501,18063924107
18060926583,18060931481
18060992408,18061084671
18061227886,18067979308
18065311416,18068025993
18066108254,18066118625
18072653520,18079087823
18079183260,18079222574
18084718950,18084748301
18085179982,18085189641
18088199390,18088224982
18088689379,18088698309
18091066973,18095857300
18092091758,18092100231
18093115925,18093147264
18093460688,18093469532
18093953110,18093965739
18093969979,18093975712
18097885955,18097890987
18098744920,18098756824
18099097224,18099147437
18101904512,18101947327
18102086081,18102179554
18105124299,18105135428
18105195985,18105206042
18107276045,18107292981
18107650521,18107657617
18107789241,18107794517
18108342884,18108371884
18109145933,18113841501
18109958357,18109986609
18112849666,18112854083
18114015624,18114037695
18114522221,18117817289
18118227170,18118241062
18118935677,18118962656
18119506580,18119539369
18120772556,18120776652
18121651741,18124725708
18125623546,18125631889
18125956222,18125961634
18126040399,18126055170
18126716535,18126742178
18127617380,18127627090
18127640384,18127656274
18127650864,18127658883
18128467722,18128475717
18128560807,18128602367
18131966976,18131994700
18132187896,18132195968
18133372898,18133375912
18135287162,18135298548
18135518132,18137821275
18136279769,18136333570
18142075930,18142084684
18144993630,18145002540
18150996853,18151010398
18152011110,18152076064
18153829687,18153875252
18155443239,18160751700
18156803606,18156812750
18160860140,18160871116
18162206245,18169528827
18162854409,18168799799
18163524655,18165598370
18165025470,18172703440
18165728899,18165780013
18166285933,18166292732
18170884958,18170896404
18173414664,18173419538
18174102610,18174106279
18174804833,18174811358
18175846270,18175853456
18176778260,18176782888
18177679526,18177703275
18177815160,18177827261
18180530628,18180539907
18180572793,18185681549
18181054426,18181059721
18187165127,18187173928
18188176929,18188187774
18189293396,18189299941
18190954478,18190959433
18195489010,18196806041
18197019815,18197030800
18197511808,18197520929
18199930702,18199935676
18203313997,18203362509
18205121698,18205130037
18205126933,18205140956
18206151932,18206155317
18206189653,18206199459
18207983121,18207992579
18208091842,18208096723
18211124981,18211151894
18211270040,18214662313
18212590575,18214650021
18214429017,18214437483
18214911001,18214916139
18215032752,18215072030
18216334343,18218491930
18220368650,18220371640
18222428838,18222435309
18224786095,18224798093
18225368404,18225374913
18228198832,18228212357
18234265155,18234274683
18235032047,18235037119
18235237428,18235246623
18236252654,18242366707
18236279630,18236316325
18245146147,18245181114
18247434926,18247446663
18249594036,18249619598
18249678882,18249759248
18249858985,18249867969
18249881290,18249938318
18249952448,18249967319
18251101403,18255635524
18252281647,18252287066
18252813703,18255592829
18253070313,18258620038
18254914251,18254945082
18258840808,18258850096
18259637346,18265700848
18264057324,18264065235
18265053763,18265062246
18276719088,18276728289
18277209485,18277214246
18279992663,18280080810
18280908256,18280920187
18281026345,18281033014
18281406888,18281411071
18284250663,18284261766
18284530727,18284560162
18285781053,18285794561
18286366025,18286373429
18287553613,18287575367
18288954387,18288979261
18290237208,18290246957
18290708748,18290723311
18291208463,18291221272
18291229464,18291254379
18292267580,18292274329
18293226757,18293276275
18293428757,18293458242
18293872716,18295568372
18294100773,18294158019
18296030299,18296043700
18296386185,18296395884
18296416381,18296427287
18297656775,18297666951
18300175565,18300186103
18300302699,18300311272
18306024813,18306029363
18306424864,18306459798
18306546759,18306557664
18307323979,18307328472
18310850749,18310858834
18312438882,18312442795
18312807043,18312814320
18313134276,18313143821
18313186016,18319236314
18313631939,18315486295
18317352057,18317381144
18320289642,18320298245
18320721747,18320728008
18322395863,18325431187
18322597322,18322602169
18323882094,18323889347
18323981781,18323986783
18324387896,18324394892
18324665438,18324671792
18325166238,18325175834
18325412735,18325421662
18326530027,18326534036
18328121799,18328129396
18329190699,18329197702
18329973778,18329982215
18333163747,18333170650
18337102563,18337112182
18342224770,18352367346
18342395020,18342432991
18345928934,18345938656
18349333565,18352452500
18354743842,18354750467
18354757306,18354784288
18359575284,18359585257
18361969734,18361975126
18362789943,18369395869
18366432454,18366439072
18366899272,18366949088
18373803394,18373839294
18376635974,18376693961
18377213174,18377216990
18378317774,18379389634
18383504083,18383519809
18387742481,18387795296
18389677419,18389705818
18391121944,18391126013
18393291561,18393340057
18394387741,18394400090
18394622464,18394627098
18398349857,18400360507
18401158238,18401188962
18401836655,18401845118
18403833901,18403845227
18410919101,18413263763
18414637989,18414664600
18416923143,18416928091
18417096815,18417182800
18417699791,18417703560
18419612251,18419682032
18420743031,18420807052
18422460677,18422469006
18422539235,18422546743
18422605241,18422609314
18423088832,18423094392
18423785545,18423793357
18426059774,18426069540
18426770464,18428320329
18428473005,18432038668
18430363484,18430370339
18430503878,18438284823
18432181027,18432269990
18438535616,18438543745
18442465047,18442471522
18452930128,18452960348
18454317384,18454385692
18455103173,18458158146
18455669806,18455675125
18456572819,18456577193
18458004983,18458008604
18458040154,18458066939
18459162204,18459166089
18461671519,18461678428
18466348935,18466399819
18467230850,18467272466
18467664833,18467670038
18469601983,18469612721
18472609483,18472618534
18476112034,18481182175
18476182076,18476203980
18478317681,18478330230
18478739717,18478794259
18481945098,18481959197
18483560461,18483566050
18483903955,18483911873
18485470839,18485476435
18485704459,18485755881
18487757680,18487763674
18487787593,18487800987
18488332703,18488343725
18490342801,18490350405
18490941805,18490946710
18492841887,18492900362
18493784545,18493792433
18494120224,18494129205
18495426249,18495477447
18498450585,18498483725
18498759886,18498769585
18499305975,18499334350
18502083380,18502090630
18502627010,18502664273
18503624421,18503631167
18503815092,18503827985
18503949412,18503965062
18511335902,18514160944
18514761980,18518071361
18517139581,18517146858
18519998154,18520006316
18521651826,18521662504
18525556466,18525570258
18527371103,18527405466
18527948968,18527957692
18532491623,18532494780
18535245520,18535312539
18537203596,18537212453
18538233479,18538263381
18539708755,18539717017
18543826925,18552053239
18544202550,18544207485
18544713591,18544722779
18545741704,18552089874
18549436382,18556003609
18550395799,18550403443
18555018853,18555036707
18556088217,18556138367
18556139980,18556180908
18556244836,18556252427
18556444735,18556505074
18556480000,18556491339
18556582366,18556586476
18556830226,18556840369
18556830784,18559085538
18561279170,18561311488
18561693408,18561719495
18562909227,18566045375
18566757240,18566765282
18569247859,18569274030
18570506698,18570515592
18576072000,18576078034
18576348442,18576357823
18576581373,18576585820
18576821368,18576860442
18577602978,18577607585
18577801333,18577808807
18578495420,18578503656
18578888024,18578949098
18579117611,18579124150
18581864042,18581873089
18581900964,18581950130
18583694665,18583697900
18586014002,18586080753
18586276993,18586294694
18586489444,18586528635
18586699012,18586706773
18590743478,18590764580
18591189028,18591195483
18591330094,18591343191
18591408629,18591414132
18591450699,18591458427
18591599122,18591605571
18593130655,18593136525
18593422085,18593431537
18596741587,18596746692
18597195759,18597202796
18641118604,18647826984
18645310341,18645320521
18645928022,18645933665
18647771796,18647776784
18648867532,18648873061
18652121906,18652135036
18661117578,18661126596
18661147795,18661205999
18661561895,18661613912
18661841200,18661848143
18661981057,18661992109
18667218507,18667222981
18668937821,18668964479
18670281860,18670284743
18671513623,18671581620
18671762903,18671775532
18672219665,18680703992
18672526066,18672534639
18672632803,18672640771
18673272912,18673299948
18675157477,18675164818
18677355704,18677361447
18677552699,18677555827
18679827346,18679833874
18680978864,18680985827
18682566994,18686701612
18684766614,18684780633
18685821318,18692732603
18692169883,18692177634
18697848178,18697927515
18698231006,18698244762
18698270254,18698313477
18699279082,18699285303
18704112004,18704127988
18707131452,18707773639
18708158439,18708165565
18708554407,18708605542
18712172121,18712202033
18713886336,18713935386
18715232487,18715259175
18717344207,18717348764
18722047583,18722055992
18723164855,18723170197
18723302326,18723329739
18724723607,18724785547
18726145333,18727695725
18728426538,18728432224
18731084801,18731115405
18731110991,18731120507
18732228751,18732245062
18733290067,18736691902
18734348593,18734395375
18734650515,18734654383
18737515241,18737523507
18737631510,18737635673
18739722369,18739731410
18743087766,18743096874
18743161781,18743171660
18743821706,18743827472
18748004291,18748009300
18749957004,18749964518
18751551372,18751554660
18752194872,18752210205
18755093972,18755122515
18761920341,18761927391
18762020867,18762074223
18764860309,18764864639
18765141064,18765145682
18765148388,18765158605
18765222793,18765229164
18765493241,18765502513
18766041428,18766050142
18766052898,18766058822
18768544773,18770585085
18769464896,18769473777
18771251602,18771259547
18771935212,18777541982
18776281182,18784536517
18779791561,18779846836
18781659702,18788486325
18782714346,18782725304
18785560263,18788520768
18788943658,18788982805
18789221600,18789229796
18789458865,18792360625
18789580436,18789591225
18789726557,18795473535
18792342927,18792354875
18796039253,18796048497
18796162434,18796171465
18797011322,18797015088
18800212053,18800218845
18801633380,18801639217
18802074370,18802085098
18803460366,18803464840
18805458306,18805466920
18806014799,18808530941
18806119070,18806123841
18808061910,18808066507
18810245643,18810256188
18815346351,18815350818
18816272705,18824484248
18818568704,18818592035
18819085863,18819093283
18823206048,18823213194
18823235950,18823261412
18824762755,18827443223
18826059582,18826067163
18830217251,18830267370
18831449047,18831454363
18834384160,18834389416
18871597456,18871604786
18874712428,18874720954
18875020921,18875031739
18875964081,18875972026
18877266303,18877275124
18877581498,18877586617
18882897176,18882903334
18884243253,18884258920
18884277576,18884281866
18884446804,18884451204
18887161401,18887170946
18887291615,18887295504
18888501685,18891200030
18888706374,18898154185
18888749821,18888770546
18889406185,18889419145
18893235912,18893243516
18894021531,18894029102
18894483051,18894543360
18894553357,18894622323
18895142638,18898194645
18895305264,18895310242
18895349212,18895352888
18899083131,18905409157
18902172605,18902177556
18902300223,18902313717
18905753206,18905802640
18908411015,18908431666
18910323675,18910336247
18911939663,18911944948
18912956075,18912968878
18915575117,18915579377
18917380650,18917388806
18917710295,18917716800
18922188127,18922192617
18922544814,18927326067
18922791598,18924386631
18923983482,18924010428
18925571051,18925583129
18925685442,18925695425
18927335906,18927449656
18932413283,18932470973
18933365534,18933374785
18933523442,18933573064
18937747096,18937753364
18938399133,18938404078
18941163498,18941168283
18941822398,18941833523
18946291178,18946335938
18949763396,18949778197
18953501992,18955210237
18955777504,18955787628
18956036359,18956044642
18956557791,18956568235
18958399053,18964155983
18964653032,18964657997
18967535761,18967543378
18968018429,18968027063
18970149895,18970154800
18970182223,18970255646
18971916658,18971948549
18972317084,18972330515
18974879211,18974894587
18980323700,18980382827
18980766954,18980773700
18981068444,18981082971
18981102323,18981136752
18983370013,18983438919
18986241703,18986247423
18986406066,18986488934
18989527353,18989538502
18990150870,18990157158
18990360274,18990367902
18991716605,18991724180
18992420435,18992429911
18992444187,18992452169
18992960998,18992968064
18993821724,18993831439
18994373425,18994382152
18994511728,18994525657
18994920349,18994926350
18995223483,18995267475
18995298503,18995305596
18995362230,18995366617
18995868420,19002879149
18996150616,18998948395
18998434160,18999005436
19003905711,19003911868
19006218081,19006226357
19006303536,19006314798
19007278395,19009135119
19008413264,19008416646
19009890004,19009900097
19010004642,19010013382
19011205420,19011214017
19013812803,19013820547
19014994530,19015000975
19018174496,19018179223
19019576793,19019584488
19026420108,19026427107
19028122529,19028154453
19029247412,19029275807
19029519019,19029547298
19031076759,19031089552
19034852345,19034856471
19036356998,19036364810
19037168851,19037179867
19040264422,19040269651
19040431608,19040434204
19041149978,19041157385
19042774803,19042824919
19043050540,19043058208
19043196595,19043209097
19043513474,19043520005
19044412097,19048022217
19045583030,19045591820
19046116299,19046125226
19046139663,19048025153
19055112185,19055117026
19055548182,19059994705
19060005419,19060011975
19060160160,19060195759
19060282790,19060353751
19063204255,19063209297
19063372086,19063380673
19065558877,19065569221
19070169856,19070180604
19071290529,19071303813
19072028799,19072040840
19073511238,19073519560
19081423062,19081431110
19081754301,19081758370
19081992461,19081998816
19082274369,19082303336
19084103650,19084110352
19087575824,19087638860
19088161855,19088185687
19088767458,19088772620
19088899787,19088929629
19089780275,19089784609
19090130047,19090138817
19090778362,19090822768
19090953142,19090967850
19092377137,19092384570
19098219846,19098230246
19102800852,19151686452
19104713272,19104717164
19158880418,19158894283
19159060991,19159071145
19168249576,19168257391
19168948668,19168957689
19172122383,19172182933
19172721036,19172736058
19175347583,19175355722
19177137486,19177146971
19177536004,19177543357
19177894138,19177898912
19178026093,19178032200
19179067439,19179074222
19180985161,19180992334
19181175424,19181187599
19181219249,19181225787
19183768881,19183869941
19183869764,19186721762
19184089689,19184095847
19185041432,19185056296
19185251477,19185265660
19188675523,19188678941
19198896063,19198901505
19199951027,19199960479
19199958976,19199968358
19202972817,19202980886
19203902305,19203969334
19208003259,19208009601
19208316096,19208325400
19209133294,19209137952
19209267331,19209274113
19209372500,19209398905
19213771917,19213787951
19214249728,19214255745
19214511794,19214517273
19216869512,19216895994
19223393439,19223425316
19223871410,19223921256
19224465547,19224471130
19225710651,19225796192
19226127581,19231699197
19228228957,19228284633
19230259116,19230318316
19233282245,19233312308
19233321245,19233330547
19233724591,19233753792
19234603238,19234610438
19234835558,19234847940
19235776409,19235783095
19235897693,19235911588
19236149916,19237661703
19237725677,19237798873
19237862447,19237867575
19238768764,19238777876
19238864994,19238875094
19239617462,19239674685
19241006178,19241015036
19242101082,19242113203
19245420563,19245429688
19247937289,19247969527
19248231493,19248238653
19250627947,19250725520
19250665153,19254613014
19250971090,19254666744
19255155380,19255179386
19255301505,19258573155
19255963855,19255972642
19256392503,19256397133
19257116138,19257140124
19258056050,19258064273
19260568112,19260627459
19261797109,19261817443
19262196038,19262208730
19262440025,19262445287
19263417721,19263428777
19265794908,19265800411
19273059580,19273127199
19273720404,19273729151
19274548995,19276581903
19275442049,19275448407
19276797371,19276802236
19279069692,19279105408
19285665104,19285671997
19286507381,19287683850
19287763828,19287772331
19288169027,19288176729
19288721077,19336355776
19292308253,19292346505
19336934510,19336941476
19337464314,19337471488
19339203123,19351408152
19340020645,19340027769
19340631694,19340653762
19347776699,19347854559
19348010045,19348019574
19348018846,19348024926
19348583481,19348588208
19349943116,19350000111
19350282975,19350313201
19350548097,19350555441
19350751741,19350800631
19351452959,19354446477
19358722468,19365412275
19362464670,19362500767
19363580315,19363613795
19365696128,19365705008
19366368274,19366375411
19366675982,19366685297
19367659411,19368400755
19368709234,19368717583
19368884676,19368929349
19371408368,19371417640
19371624682,19371636128
19384359037,19384368309
19384854666,19384861796
19385022126,19385063799
19386037563,19386060803
19386918181,19386963904
19388744642,19388757612
19389651481,19395303627
19392268937,19402364832
19398804647,19398848980
19399307038,19399333493
19400228304,19400262169
19400650486,19400681598
19400974128,19401005353
19402724259,19402730025
19402869812,19402893413
19404713890,19404727348
19404766729,19404771634
19409045968,19413129361
19409998149,19410008930
19412747095,19412756984
19420250508,19423359717
19420550659,19420555059
19423731650,19423784051
19423757934,19423770974
19425182513,19425190160
19425815185,19425826354
19426426197,19429405455
19427273031,19429426905
19427487262,19429461351
19429682522,19429687330
19429991152,19429998462
19430001957,19430016561
19441322425,19441349558
19443460269,19443516659
19445839364,19445843463
19446901538,19446941801
19447399048,19447403314
19448349070,19448353898
19448827733,19448878423
19449722247,19449730833
19449798617,19449803752
19451252025,19451280561
19451282693,19451289776
19451597070,19451603835
19451693576,19451703683
19452064830,19457047408
19460525794,19460551480
19462722333,19462728578
19469309586,19469316689
19470678256,19470707884
19477569605,19477582725
19477833618,19477838600
19479609723,19479671773
19480703567,19480719718
19484701450,19484706415
19484984584,19484995890
19485346089,19485396436
19485943346,19485983382
19486202582,19486205509
19486426917,19486431792
19488194338,19488208381
19489896495,19491955671
19492447407,19492489070
19496457611,19496462058
19496496060,19496500708
19499191128,19499233603
19499612145,19499617721
19500039459,19505909073
19507350394,19507357390
19507893583,19507899443
19512963105,19519051312
19513022927,19513091742
19513324280,19513333575
19519252326,19519262049
19519419933,19519455599
19519640336,19519656677
19519857050,19519870845
19520368195,19520373454
19522437931,19522443200
19525166337,19525176266
19526962878,19526969507
19527288865,19527293105
19528670181,19528699114
19530960630,19530964660
19531042343,19531045543
19531596192,19531616803
19545042343,19545046760
19545222656,19545227541
19545564713,19545569785
19549169180,19549175929
19553212618,19553221946
19554537443,19554544776
19555320328,19561950060
19557357139,19557364021
19562077193,19562084838
19562388964,19562399371
19562536672,19562547450
19563073082,19563102820
19563301877,19563337015
19566386733,19566397715
19567082982,19569804394
19571569757,19571574405
19573308455,19577052514
19577178392,19577185569
19577371996,19577376573
19577979817,19578030865
19580828407,19583245533
19585839909,19592988111
19585940190,19586078102
19586661714,19589856097
19590499914,19590511835
19590951772,19593029273
19591329846,19591337737
19592306787,19592314458
19595060891,19595067690
19595383313,19602960026
19596120139,19596175290
19596270513,19596314335
19597176176,19600882769
19603917916,19603926977
19605297471,19613873263
19610584566,19610597302
19610680902,19610686869
19611399292,19619690029
19619827620,19619847854
19620437322,19620449992
19621272122,19621283662
19621565693,19621571938
19623139651,19623175226
19624092934,19624107634
19624296006,19624302361
19626300308,19626353702
19631313574,19631324058
19631914052,19631932183
19633603342,19636815342
19634215467,19634237691
19634664130,19634668845
19636864415,19636940013
19637036867,19637046750
19637818931,19637885692
19638375631,19638425102
19639627193,19639635188
19639741083,19650924915
19639849747,19639868454
19639936157,19639988585
19645966917,19646000863
19647973281,19648010183
19650245215,19650250477
19650915186,19650979124
19651128713,19651204077
19651494996,19651501257
19651723631,19651763126
19652448934,19653917073
19654652550,19654691299
19654990658,19655044489
19656461096,19656530436
19657089672,19660570947
19657637952,19657702321
19658065571,19658076970
19658696128,19658726438
19661793542,19661800575
19662361475,19662373937
19663581180,19663588674
19664484314,19664494564
19665290875,19665298462
19665381574,19665386352
19665613918,19665655187
19666942612,19669860087
19667140766,19667146256
19668292525,19668298221
19670217888,19670274515
19670389010,19670392862
19675241634,19675250501
19675761335,19675765936
19682428967,19682435128
19682977565,19683028025
19685958754,19688859668
19688860280,19688871713
19689230081,19689236596
19694104803,19694113012
19694452206,19694464805
19695618585,19695622333
19697004631,19697010207
19701772323,19701779977
19710798435,19717651101
19710849015,19710857455
19710909021,19710928115
19713912639,19713918305
19714708822,19714720258
19721878150,19721936759
19723465719,19723474152
19724299192,19724303137
19725805399,19725809806
19728351436,19728361336
19730961635,19730971708
19731146202,19731152520
19737638833,19737693699
19740725232,19740730270
19741405130,19741409313
19743397053,19744653764
19744813627,19744844889
19746807291,19746812383
19748011019,19748027925
19748608223,19748669434
19749101509,19749110544
19753211394,19753259893
19754654616,19754690612
19757866782,19757920336
19762237680,19762244553
19764724099,19764801956
19764765699,19764829436
19765187220,19765197594
19765628165,19765661165
19766442217,19766449995
19766862872,19766867439
19767007480,19767013631
19767890657,19767896454
19775585176,19775590228
19777466089,19777472270
19778126522,19778135546
19778605897,19778629926
19779311086,19779318687
19779882507,19779932112
19790650689,19790716203
19792785262,19792825982
19792993894,19792998007
19793166890,19793170916
19793221643,19799614474
19795369093,19795373119
19795575316,19795588039
19796335864,19796338954
19796670611,19796678703
19796800233,19796810865
19796999243,19797006076
19797010559,19797015685
19797055276,19797063933
19797175875,19797212987
19799925783,19799928329
19800157829,19800163372
19800240855,19802536814
19803651122,19803659037
19804357107,19804387454
19805906695,19805915108
19808580811,19808593264
19809062902,19809072541
19810064153,19810073347
19811563144,19811638935
19814755732,19814761154
19816699216,19816710756
19819935445,19819942842
19822229764,19822279840
19822531692,19822535948
19822694839,19822698534
19823859540,19823916625
19824551770,19824561863
19825332912,19825341064
19825350813,19825356045
19826004965,19826008106
19827865615,19827876173
19828738038,19832478395
19833730211,19833733846
19835406037,19835410615
19838596534,19838612093
19838706344,19838734299
19840833076,19840841869
19840881782,19840891013
19842046497,19842050696
19843574708,19843591607
19844082094,19844128572
19844093694,19844107349
19845222229,19845233709
19845559505,19845564012
19845759056,19845773536
19846077589,19846090175
19846151981,19846159705
19846258427,19846266088
19846421634,19846424948
19848076184,19848107473
19848083201,19848109722
19850145874,19850205091
19851420109,19851428318
19852481725,19852503519
19852693826,19855351240
19852865813,19852874450
19853014430,19853021907
19854054219,19854082829
19854203451,19854206334
19854805917,19854810534
19855774993,19855781003
19857286369,19857335967
19857579396,19857613515
19858637735,19858658928
19860445005,19860517897
19862339988,19862348387
19864749232,19864756212
19869852760,19869880487
19875175009,19875184842
19875805717,19875808450
19878489014,19878497447
19878574983,19878584879
19879930265,19879995028
19880081946,19880085688
19880099994,19880154824
19881697051,19881707158
19881757765,19881790982
19881785643,19881791286
19883118907,19887334366
19884564097,19884626104
19884989173,19887380436
19890508057,19890512711
19891675141,19891684927
19892271001,19892277463
19894403476,19894433953
19895308551,19895321220
19899164605,19899199262
19908324176,19908328386
19913624813,19913664167
19914755392,19914765589
19921816774,19927309337
19921858951,19921867932
19922332466,19922339716
19922584238,19922656194
19925301818,19925355245
19926730533,19926735598
19927681237,19927706562
19927717383,19930341635
19929127085,19929133286
19929582878,19929587111
19929864793,19929871298
19929967801,19929973725
19930942169,19930949840
19931103211,19931110919
19931503517,19931511251
19931896431,19931901727
19931967940,19931977435
19932037253,19932050367
19932118217,19932146375
19932311056,19932372605
19932822645,19932827246
19933251018,19933263273
19933990394,19934022314
19935753321,19935755780
19937907162,19938323771
19939267445,19939272962
19939312296,19939320765
19941886374,19941892438
19942260265,19942277047
19944038451,19944044351
19948755098,19948759979
19953205596,19953215713
19953514888,19956283128
19956954373,19956963340
19957018127,19962180383
19959418010,19959464186
19959512956,19959516738
19959987489,19959994295
19960849902,19960854837
19961193960,19961199948
19962564321,19965302027
19963473128,19965282078
19963490648,19963494694
19963671392,19963719250
19965272890,19965289071
19967378132,19967430486
19968280614,19968288072
19969163177,19969211024
19969214943,19969267655
19975399964,19975409178
19980221169,19980235258
19980808289,19980814239
19982067161,19985145074
19982273545,19982345341
19982352290,19982358438
19983680797,19983736138
19989833656,19989844959
19992661541,19992671976
19994020726,19994035340
19996957456,19996962678
19997514714,19997526949
19999277153,20002109378
19999571129,19999585883
20006680850,20006686386
20008161618,20008270099
20008507468,20008517658
20008700253,20014897913
20009000520,20009035742
20010316893,20010325653
20011405194,20011414957
20011884111,20011893870
20012081390,20012088680
20014228075,20021126112
20015706725,20015764231
20017114906,20017120933
20018520170,20018593961
20018632687,20022080197
20018812546,20018822031
20018966221,20022105162
20021627418,20021664300
20022536245,20022540170
20022853882,20022860521
20023184235,20023192053
20023789237,20023842173
20024703359,20024765009
20025489937,20025499422
20026365617,20026379242
20026934800,20026942935
20027477918,20033161068
20027511459,20027515401
20027564852,20027573459
20031616435,20031624501
20034165626,20034172466
20034429713,20034434905
20035444555,20035499332
20036363175,20036417100
20036714320,20036775835
20037882142,20037889031
20038488279,20038492232
20038745681,20038753118
20042607916,20042621595
20042711015,20042718863
20043341231,20043381056
20043526833,20043541287
20043654692,20043671651
20043834635,20046049236
20044689012,20044737956
20046060846,20046102081
20047790964,20047798124
20049022574,20049031017
20049247988,20053010183
20051008320,20056000336
20051930808,20051961028
20051984572,20051997526
20052520591,20052528503
20052752721,20052762052
20052833441,20053026320
20053257965,20053270344
20053459721,20053476276
20053461429,20053492805
20056990244,20057022826
20057188301,20057196173
20057882760,20057916751
20058355014,20058362338
20059030201,20059093431
20059218149,20059222629
20059433831,20059437720
20061014711,20061019849
20061311670,20062065021
20062352122,20062366348
20069189633,20069238807
20069356990,20069385673
20069757505,20069793625
20070541871,20072107185
20072129493,20072191667
20078496798,20078500884
20078836249,20078845681
20083977123,20083985553
20086623569,20086665937
20090230611,20090240321
20090353813,20090388556
20096501624,20096506976
20097964010,20102003702
20098595178,20098601901
20100059442,20100089512
20102296596,20102299920
20103349726,20103356475
20103949683,20103953605
20104138456,20104193239
20114268259,20114272602
20115251995,20115261380
20115890705,20115900410
20118471382,20120890723
20118712061,20118773316
20122764446,20123984626
20124199794,20124256759
20124431529,20124436213
20124496810,20124501741
20124824243,20124834597
20125562713,20125567070
20129978578,20129988601
20130124546,20130162343
20130676845,20130683026
20131404965,20131413919
20132239597,20132297250
20133503528,20133549140
20134438134,20134444840
20137118174,20137156015
20137900833,20139951579
20146416850,20146444457
20146454160,20146462816
20150373617,20150401027
20151424299,20151430563
20151778882,20151785166
20152093993,20152102175
20152565777,20152577243
20153650594,20153655488
20154321203,20154331985
20158723253,20158729337
20159524344,20159534304
20160379080,20160385448
20161097036,20161100975
20161829221,20161835602
20163382584,20163387756
20168082372,20168091817
20168290797,20168296039
20168293764,20168303463
20170521402,20170528004
20170596198,20170600525
20170842821,20170849590
20171333816,20173778596
20171544961,20171566597
20171820541,20171832532
20173939711,20173970175
20175509840,20175518503
20177463124,20177468503
20179290109,20179316557
20179871065,20179878366
20180462348,20180467480
20180887808,20180890000
20180993915,20180996769
20184177874,20184181410
20184919400,20184923962
20186311302,20186340533
20190248364,20193742515
20191210671,20191223918
20192145010,20192157412
20192208881,20196802206
20192280046,20192343392
20194449901,20194457527
20197877982,20208723215
20201491817,20201514319
20204397977,20204405183
20208815208,20208823253
20214139666,20220682229
20217024209,20217028827
20217514391,20217521712
20219338624,20219351771
20220896501,20223629697
20221151053,20221191142
20223947548,20223958026
20224133345,20224138353
20226782724,20226843327
20230066736,20230072446
20232056779,20239714111
20232172339,20232183468
20236764209,20236779738
20240210477,20240248847
20243517718,20243524083
20244138269,20244143247
20245742329,20245753886
20250105319,20250110541
20252627160,20252632245
20254552536,20254603357
20254844153,20254847735
20255347847,20255351930
20256159627,20256165296
20256689297,20256722611
20257712859,20257717898
20258949347,20258955421
20259032830,20259096166
20259205138,20259255027
20260587626,20260594322
20261992924,20264688259
20265078772,20265086770
20265788646,20265817245
20266107031,20266114195
20267381934,20267406241
20268234638,20268238935
20268278884,20271539232
20268724881,20268732415
20268785805,20268788682
20269561187,20270625818
20272597741,20272658338
20272868434,20272875998
20272920948,20272928553
20273020946,20273030014
20273534222,20276638737
20273981686,20273988966
20274708970,20275431016
20275475843,20275509547
20275933440,20275943156
20277788150,20277792520
20277869929,20277879681
20279105715,20279133890
20279508756,20279574849
20279948589,20279996479
20280068964,20280077337
20282513583,20282564671
20282586295,20282591717
20282956283,20283008871
20284155862,20284162026
20284913282,20293334831
20289897101,20289900957
20290109950,20290114011
20293590766,20293597214
20294989017,20295025779
20295292138,20295309083
20297933402,20297962852
20301952901,20301959793
20304638868,20304691139
20305030523,20305039838
20305963252,20310476919
20308226743,20308232579
20309416358,20309464490
20311123737,20311128913
20313573188,20313578447
20320840780,20320848889
20321272661,20321278054
20322136458,20322142472
20322546933,20322550414
20322933025,20322944916
20324813708,20324831142
20325287744,20325331197
20325939877,20325948320
20328030151,20328034962
20330206190,20330211633
20331814530,20334545999
20332241103,20332265750
20332270577,20332281950
20338431682,20341433309
20338654925,20338720002
20339083766,20339107918
20341463205,20341472192
20341842825,20341853126
20342671036,20347391729
20345253932,20345258188
20346778943,20346783296
20348660564,20348716848
20351409240,20351416580
20352231176,20352276821
20352295909,20352303393
20356529566,20356541898
20357100843,20357110612
20359915314,20359964157
20360240539,20360269001
20360659173,20360663122
20361167153,20361174343
20363341147,20363346924
20366711313,20366717530
20416430569,20416484096
20416452079,20416556033
20416827664,20420142361
20423310652,20423370721
20425140929,20426304605
20427385496,20427392906
20432326187,20432329889
20433013078,20439034841
20434207862,20434212095
20435490473,20435552984
20436949635,20436958085
20437229121,20437237226
20438499336,20438510482
20439976881,20440041333
20440825375,20440831088
20441247197,20441253157
20445550478,20448391293
20448901893,20448909270
20449348201,20449359367
20449911810,20449914948
20454318695,20454401823
20455325401,20455336116
20455425583,20455431035
20455557294,20455571827
20456000708,20456008747
20456199231,20456206130
20456263823,20456272069
20464278294,20464320689
20464468086,20471306099
20474658536,20474713854
20476287481,20476356517
20476379143,20476409897
20477824807,20477837162
20478042907,20478069452
20479682139,20479701871
20480837780,20480879613
20484292831,20487924059
20484621788,20484631036
20484755958,20484765370
20484908373,20484914364
20484972178,20485002588
20486050870,20486079386
20489076259,20489081641
20489213660,20489219222
20489249268,20489299414
20489252646,20489257691
20489392760,20489421710
20489901923,20489908328
20490683272,20490686680
20494620819,20494627297
20494995461,20495002143
20496985838,20496999716
20497380991,20497385501
20498418164,20502097952
20499397631,20499409432
20503318475,20503329838
20504166836,20504170802
20505108118,20505169994
20506603794,20506662530
20507250693,20507258671
20507664208,20507669838
20508585628,20508607525
20509870116,20509878191
20509890223,20509895388
20510479244,20510486437
20513192838,20513199657
20513211348,20516239616
20513225527,20516271787
20516417220,20522178698
20519396635,20519404831
20522273691,20522304214
20528881661,20528888247
20529508443,20529516455
20529695235,20537067816
20529839772,20529870029
20534488275,20534499982
20534790563,20534819273
20538045917,20538061533
20539256688,20539263190
20540663432,20540669523
20541054055,20541071255
20541582720,20541616364
20543287871,20543312514
20551436405,20551441350
20551675755,20551683038
20551760283,20551767811
20551913357,20551920901
20552726957,20552756693
20554367325,20554371585
20557168635,20559141261
20559237119,20559242411
20560137042,20560145375
20560853454,20566792997
20566321307,20566332149
20567600446,20570035798
20567794375,20567812316
20569885260,20569892754
20570161682,20570169797
20578567778,20578580728
20579012854,20580089903
20580308494,20586941503
20581280905,20586963020
20583921741,20584010242
20585859987,20585862540
20587677030,20587687571
20590819498,20594721112
20591799851,20591811508
20592769588,20597982218
20592842143,20592846449
20592860047,20592869727
20596039692,20596054590
20598262018,20598286852
20601103368,20601146912
20602028907,20602098177
20604184374,20604196105
20605682219,20605720935
20607068777,20607078336
20609998828,20610024177
20610261899,20610269156
20611616453,20611659232
20611827855,20614926095
20616852373,20616860328
20621458728,20621473987
20621521924,20621560831
20621879791,20621887316
20628126217,20628162805
20628697029,20628706054
20633016802,20633086179
20633246072,20633251678
20633387699,20633401992
20633713833,20633742706
20634437061,20634440753
20637043621,20637055422
20638157997,20638188394
20642192347,20642244952
20642504548,20642518404
20642538607,20642547708
20644262918,20644270362
20644637564,20644650945
20645800064,20645867523
20646374919,20646423755
20646557799,20646565854
20647157117,20647169773
20647528963,20647559316
20648290302,20648322146
20648583714,20648590399
20648710483,20648721546
20652362931,20652367979
20652981507,20653018509
20653137578,20653145730
20661080891,20661089828
20668064370,20668074246
20668223140,20670871898
20669221805,20669232483
20672572408,20672577667
20674149365,20674158146
20674543596,20674551996
20675447275,20675476593
20676699880,20676705549
20688666227,20688673627
20688827543,20688839531
20689858873,20689863784
20691553787,20691573419
20692358386,20692367898
20692651931,20692664103
20695111231,20695119206
20695135828,20695145373
20695300930,20695310274
20696525142,20696536051
20696960231,20696968570
20699856330,20699867499
20702632496,20702639485
20703583995,20703589036
20703633098,20708736011
20709676190,20709692030
20709983604,20709991529
20710168592,20710173022
20711305332,20711311586
20711718146,20711721845
20714003454,20714781348
20714269121,20714714861
20715038977,20715047113
20715461116,20715468293
20715577695,20715653280
20715788843,20715804533
20716250216,20716257122
20719665225,20719710353
20720437610,20720451258
20720974464,20720982820
20728823165,20728835491
20729156666,20729166081
20731855797,20731865229
20732127976,20732133536
20732798566,20732815141
20733743520,20733765256
20733896807,20733903352
20733909022,20733917963
20734910015,20734916440
20736569768,20736583286
20738777419,20738854107
20739292687,20739301029
20740384353,20740449898
20741327239,20741335294
20741650225,20741657739
20741990211,20741995744
20742047483,20742116593
20743446095,20743451511
20749845267,20755678491
20753249010,20753252942
20753330899,20753337778
20754884800,20754897011
20755058478,20755087836
20755852055,20755862239
20756240830,20756307391
20756399026,20756408404
20756845478,20756852628
20757298257,20757309537
20757512903,20757524173
20757574048,20757587205
20757727740,20757734893
20757802780,20757817988
20759108434,20759117010
20760448718,20760457000
20760669294,20760676889
20766053491,20766061800
20772847575,20772853559
20775506102,20775510920
20776625673,20778691527
20776689681,20776694445
20779567087,20779573585
20779975394,20779980238
20780757398,20780764801
20781722545,20781730179
20781738739,20784599353
20781776590,20781783068
20784697924,20784775938
20784815085,20784839054
20784829615,20788410490
20784997266,20791580065
20788303627,20788382432
20795655530,20795706050
20799337790,20799347172
20799530164,20799546455
20800148417,20800168222
20800480303,20800487260
20800945368,20806610711
20806695827,20806710104
20809696649,20809704988
20810872934,20810881968
20811485640,20811492733
20812788127,20812792480
20812839235,20812846732
20812981286,20812995676
20815872675,20815876624
20816861089,20816870805
20817025964,20817041139
20817099022,20817103309
20821752172,20821757368
20822838677,20822845446
20822978784,20822985172
20823884574,20823897076
20824773735,20824778336
20825080768,20825085108
20826744917,20826748282
20828441668,20828466920
20829494792,20829501538
20829548793,20829552736
20831147558,20831170398
20835092131,20835144228
20835652035,20835680073
20837887056,20837901386
20839506519,20839530935
20839745137,20839752788
20841290572,20841294738
20842205302,20842214530
20843988072,20843996415
20844380185,20844388284
20847241317,20847248110
20847715079,20849543234
20848012810,20848026936
20856664534,20856723073
20857337259,20857345391
20857666122,20857675537
20861259460,20861267237
20861946758,20861957800
20866968540,20869478694
20869842481,20869880613
20870217348,20873416721
20870902307,20870909587
20874410962,20874421918
20875199468,20875204439
20878077061,20878083135
20880568830,20880583196
20882115327,20888141420
20882255875,20882264956
20882527687,20882534265
20883151425,20883160272
20888535848,20888544879
20890004342,20890012744
20890306811,20891421203
20890465574,20890479851
20891377996,20891404324
20891527615,20891537605
20891543175,20891553077
20891581259,20891617817
20892152823,20892179776
20892405210,20898312545
20894713214,20895369768
20896078780,20896084570
20896888541,20898358842
20897225059,20897275572
20898674632,20898682523
20898697017,20898704057
20899663006,20904375640
20901331442,20901337302
20902336752,20902344753
20902876462,20902885286
20906790327,20906840891
20907416665,20907504314
20908415827,20908464793
20915044235,20915054883
20915969463,20919314590
20917335941,20917372362
20918698597,20918707795
20918882706,20918890250
20921735148,20921739357
20923658603,20923662769
20925652831,20925668551
20926807987,20926816855
20927209218,20927215847
20927266801,20927276159
20927576156,20932325074
20933303970,20940312623
20936740217,20936749131
20937974339,20937980637
20939882953,20939892161
20940728324,20940769516
20941247089,20941257597
20941821032,20943309933
20943312963,20943406012
20946503994,20946508642
20946627219,20946636063
20947979060,20947986537
20948102883,20948111072
20955127580,20955153166
20957123239,20957131104
20958080698,20961242712
20958207575,20958223057
20960485218,20960527493
20960845554,20961280720
20961349703,20961429995
20962213225,20962277109
20962410811,20966022174
20963209367,20963219858
20963625595,20963633494
20964154130,20964159569
20964718231,20966089272
20965728726,20966067716
20966803874,20966821190
20966878874,20966919578
20969975994,20969986425
20971386728,20971394493
20971406003,20971409457
20971520794,20971530196
20972080027,20972088306
20974284100,20974313074
20974815084,20974825084
20977524576,20977548725
20979167005,20979172207
20980812180,20980840282
20980882770,20988179552
20983304072,20983311409
20983662834,20983691491
20991252995,20991285901
20992777996,20992786305
20992884298,20992890085
20995043271,20995146236
20998082498,20998088729
20998283770,20999251500
20999257697,20999329116
20999972305,20999976502
21004481947,21004495318
21005584719,21008330230
21008284358,21008299302
21008564024,21008574769
21008866339,21008892393
21012331708,21012362960
21015125106,21015134501
21025011941,21025018109
21025488082,21025502158
21026125338,21026175801
21026672917,21026678112
21026779276,21026812843
21027252606,21027262806
21029507831,21029520230
21029771861,21029783903
21029818092,21032125928
21029935590,21029946438
21029978529,21030017556
21030007980,21030069997
21030467419,21030472263
21030823288,21030828116
21032144094,21032214700
21032936264,21032948252
21042400426,21042411244
21042482298,21042491429
21042564468,21042573188
21043744228,21043774341
21044094574,21044102332
21046097349,21046107269
21050021087,21050067959
21050211714,21050242175
21050346005,21050354224
21050494160,21058999823
21054020329,21054030473
21056757251,21056773849
21058101080,21058107398
21058175956,21058185752
21058298058,21058306558
21063127145,21063141164
21065568323,21068991798
21066310682,21066316636
21066602536,21066611771
21066889874,21066896656
21071295462,21071304606
21072459886,21072468683
21072461663,21072467600
21074103003,21074107490
21074719154,21074725345
21079265186,21079330003
21082171275,21082201933
21086845521,21086851140
21087033468,21087053151
21091386208,21091393438
21093027297,21096020260
21093622075,21093626866
21093715093,21093719099
21094704406,21101909036
21095782654,21095852078
21096955802,21096990559
21098971203,21099027299
21103407699,21103411785
21104326643,21104332967
21108379539,21108384998
21110000602,21110061208
21111417540,21111463616
21112157924,21112168505
21112419742,21112424801
21112797622,21112805564
21113515885,21113571945
21116932301,21116943443
21117099317,21117105033
21119450423,21119464372
21120289593,21120297371
21122806472,21122815958
21123798535,21128875207
21125384901,21125402398
21126809991,21126817395
21128181220,21128189422
21128472941,21128477762
21131441819,21131448875
21132207518,21132216569
21132248436,21132255636
21132639573,21132658433
21132972863,21132978931
21133007744,21133019207
21133037907,21133045638
21134225351,21134231903
21135755691,21135763332
21138106668,21138113246
21138485446,21138492295
21138713005,21138735718
21148900579,21148910234
21150040814,21150045314
21151790237,21151798543
21152029336,21152033021
21155155420,21155202579
21155461508,21155469797
21155523220,21155530457
21155786258,21155819448
21155918283,21155948466
21156637522,21156652233
21157142319,21158889226
21157692423,21157699773
21159011465,21159020669
21164017129,21164076480
21165687536,21165696961
21166356429,21166362319
21166541887,21166548837
21166605638,21166613266
21167274965,21167282729
21169133664,21175795856
21170362046,21170365621
21176401479,21176418405
21178897822,21178965562
21179073037,21179083294
21180036256,21180043092
21186200725,21186209649
21198772475,21198780975
21200891388,21200898872
21202268357,21202280218
21205435172,21207775140
21207337719,21207343907
21207651895,21207655453
21207691163,21207698276
21210066478,21210075486
21210878104,21210885398
21212670546,21212736138
21213669137,21213721552
21214885124,21214918134
21214980839,21214995483
21215069988,21215074485
21215662147,21221669616
21221715282,21221794375
21222910584,21222917193
21223719206,21223748958
21224799059,21225745609
21225143885,21225151206
21228956683,21228962948
21230653458,21230669889
21231078945,21231083204
21231178725,21231183700
21233592560,21233667443
21237507220,21237514156
21238970772,21238977127
21239001610,21239038355
21242463821,21242477610
21242890167,21242918308
21243071272,21244854490
21252443240,21252448676
21252655588,21252709108
21255896243,21255904178
21256287574,21256298844
21257260884,21257268164
21265744883,21265754713
21267652068,21267715568
21268770028,21268773442
21268810004,21268817474
21269540619,21269547685
21276308426,21276320808
21282671029,21282678533
21284730502,21297550863
21295597439,21295605006
21296373846,21296382363
21297714084,21297720759
21300600043,21300673970
21300718791,21300787439
21301266476,21301272009
21302093601,21302100170
21303987197,21303993793
21304005550,21304044974
21304924757,21310512026
21305218653,21305226257
21306042500,21306051662
21307833800,21307895369
21310649774,21310663783
21311163020,21311173000
21312458030,21312465617
21312912614,21312919490
21314769074,21314776351
21315396995,21315411686
21317755519,21317762007
21318636755,21318678499
21319530010,21319595905
21320662707,21320670402
21321805889,21321811422
21324146438,21324153291
21329208393,21329239916
21329825927,21329841693
21331053337,21331063904
21332280192,21332285564
21333576661,21333582411
21335877108,21335884949
21338781737,21338830884
21340180429,21340185685
21342747184,21342751043
21343021251,21343026573
21345619485,21345626929
21346987066,21346997871
21349437642,21349447278
21349840400,21355447825
21351211609,21351220990
21352779368,21352784544
21352853359,21352902028
21358325846,21358352985
21361535363,21361548002
21361990218,21362025630
21363595668,21363656666
21367506325,21367559605
21368219042,21368227716
21368529687,21368540646
21369807824,21369858214
21376661342,21376721511
21377675727,21377683825
21377829956,21377842686
21377890844,21377900449
21378107140,21378115439
21381721827,21381728659
21384120818,21384132037
21384385870,21384391430
21385580815,21385611770
21386951513,21386977182
21396977456,21396990777
21397304826,21397316062
21397395666,21397403307
21397984126,21398024596
21398043673,21398048417
21401280143,21401286861
21408555730,21411457098
21411929222,21411952386
21412244511,21412256539
21412621980,21412632608
21412656450,21412663914
21412873358,21412881426
21414729243,21414740850
21414891782,21414902667
21415691731,21415701269
21416741306,21416749993
21418613182,21418626229
21422925388,21422930326
21425224748,21425233675
21425426735,21425438489
21425923583,21425972780
21426279713,21426286866
21431511684,21431519943
21432653218,21432660626
21433521375,21433525300
21434159065,21434166345
21436141961,21441257132
21436358779,21436362791
21439583711,21439591456
21440208435,21440214362
21440963620,21440969754
21448369689,21448381286
21448649783,21448678282
21449773693,21449784589
21450135857,21450162519
21450575944,21450584601
21450861213,21450867909
21451001925,21451051460
21451897007,21451900001
21452318685,21452326680
21452490291,21455264219
21452538292,21452607175
21455488039,21455516599
21455567119,21455574415
21455993487,21455999434
21456574249,21456625885
21457039204,21457047901
21461419941,21461427188
21461435143,21461447161
21462098011,21462127657
21462283911,21462290997
21462697958,21462701139
21462841169,21462850484
21462954608,21462962142
21464577976,21464587361
21466593631,21466601318
21470066109,21470073499
21476635103,21476656937
21477355271,21477362661
21479203385,21479208680
21481049645,21481075735
21481756555,21481769913
21481783167,21481787711
21487794783,21487801822
21488207323,21488236173
21489008087,21489014181
21489424446,21489432487
21490062236,21490070909
21490582288,21490585799
21490617272,21490626176
21490701119,21490711376
21493403254,21493412555
21494794369,21494808348
21501636153,21501661295
21501777537,21501853268
21503252666,21503265843
21504204288,21504292248
21504521571,21504537969
21511674194,21511705603
21512658118,21512668870
21512755420,21512761393
21513634588,21513657053
21514562663,21514572666
21516526431,21516561946
21516988011,21516994443
21518195919,21518203854
21519149546,21519156392
21522627377,21522637032
21523212823,21523217397
21527709348,21527717079
21528059183,21534200258
21529883435,21529894558
21532768690,21532777754
21534362116,21540084296
21534370291,21534407885
21538942086,21538953546
21539230777,21539242895
21541045404,21541073559
21544714670,21544744703
21547168822,21547205884
21550592490,21550659739
21556757838,21556774056
21559321486,21559330337
21560878585,21560888601
21561539799,21561601118
21563215097,21563224245
21566572807,21566577969
21570661379,21577111148
21570772472,21570845378
21579097809,21579160387
21581817364,21581822646
21581918758,21581926870
21582086258,21582094260
21583610962,21584014037
21583628232,21584821105
21584521693,21584527136
21585137466,21585144586
21585925354,21585929734
21588460930,21588471515
21588680534,21591014678
21588814374,21588819813
21590999734,21591008100
21591843400,21594147081
21595307766,21595360943
21595757205,21595761776
21597100249,21597152687
21597631313,21600030541
21600483340,21600560479
21601049248,21607739670
21601163091,21601170896
21601716620,21601769269
21603770504,21603776367
21607550152,21607596920
21611472396,21611477214
21613343640,21613352447
21624448106,21624502318
21627830846,21627834608
21627864922,21629015046
21631998140,21632005875
21634728079,21634730825
21635681573,21635690166
21640410651,21640417781
21643522921,21643531761
21644033313,21654677662
21648654974,21648692477
21649006596,21649015270
21661432596,21661438747
21662114763,21662123262
21662277191,21666885133
21662332289,21662339392
21662881271,21662891190
21666088409,21666094850
21666286941,21666292113
21669106858,21669113112
21671006020,21671013925
21672405083,21672412945
21673476446,21673488988
21675552336,21675557505
21675885323,21675890067
21680787478,21680793265
21680940478,21680948694
21681325244,21681353018
21690628404,21690640214
21693683775,21693691345
21694022614,21699782014
21695198883,21696801316
21697248643,21697255652
21697635818,21697657902
21699199164,21699207109
21703690573,21703700095
21705008165,21705018145
21708869118,21711602341
21709523296,21709527833
21712600481,21712613133
21712968581,21713036144
21713583212,21713593292
21716038994,21716096192
21719741477,21719751279
21720389584,21720399898
21721136280,21721195995
21723628393,21725783272
21724567790,21724612684
21724904752,21724914191
21725340035,21725348103
21725498768,21732497796
21725747971,21725767108
21726879182,21731750025
21733714782,21733721822
21739884366,21739894012
21754652993,21756665668
21756378227,21756428099
21756693245,21756749080
21757029415,21757033755
21757133195,21757158380
21759783627,21759796546
21760405367,21760408698
21760430248,21760443194
21762088977,21762102292
21762748204,21762787919
21764141066,21764155106
21764346789,21764395658
21764738718,21764746920
21765114553,21765175971
21765135785,21765143146
21766617055,21766622220
21767238134,21767295740
21767550128,21767558344
21767651496,21767656534
21768622941,21768629245
21769130447,21769137590
21769169514,21769176099
21769267694,21769277594
21770152870,21770159589
21770269813,21770279696
21770318269,21770332983
21770430715,21770488128
21770469688,21775674343
21771481704,21771494226
21772710213,21772718803
21776118914,21776154713
21776414988,21776442515
21777008951,21781617524
21779068012,21779081734
21780748616,21780753284
21780770109,21780778004
21781951296,21781966731
21782016406,21782024137
21782134763,21782146864
21784109727,21790593648
21794467995,21794480300
21794990128,21794998090
21795737231,21795749884
21796508791,21796516492
21797795264,21797808194
21801167694,21801175131
21802378459,21802415972
21802399805,21802408498
21802447712,21802475152
21803929072,21803936503
21804254775,21804260308
21804451917,21804461356
21808253015,21808260496
21809063204,21809073909
21809522702,21809530313
21813608932,21813620269
21815596141,21815607564
21815845494,21815860816
21816123390,21816132969
21816977170,21817035738
21819053414,21819059639
21819262274,21819270874
21820627338,21820684016
21821899131,21824583805
21823028237,21823037010
21823096859,21830544336
21824020229,21824024118
21824962484,21824976960
21828356096,21828382136
21834055210,21834081571
21834736845,21834748358
21836836848,21836847195
21837603440,21837664060
21838763554,21838772164
21839488409,21839523918
21840940087,21840983842
21850802693,21850810424
21851938852,21851947659
21854349463,21854415539
21854784204,21854792848
21855214539,21855219798
21856325453,21856334905
21856621617,21856631754
21857129812,21857138465
21861542569,21861550468
21862469598,21862476728
21865305405,21865315966
21865457046,21865466711
21871803502,21874555993
21875519366,21875528437
21875527261,21875536643
21875974735,21875983916
21876412737,21876417585
21879504820,21879510048
21882068264,21882100167
21883482622,21883565674
21883640490,21883686948
21886620390,21886631155
21887709818,21887718271
21889004443,21889030654
21889694227,21896446104
21890626695,21890633067
21892179497,21892193303
21892921529,21892926410
21893954185,21893962551
21893982567,21893995541
21894323746,21894330652
21895245446,21895284159
21896431754,21896437086
21897581698,21897621854
21899874180,21899924970
21900681702,21900695872
21902596006,21902616390
21902634238,21902640806
21904523023,21908126190
21904955977,21904964730
21905150757,21905181658
21905287613,21905297272
21905427273,21905435251
21914258097,21914291354
21915007987,21918154488
21915107433,21915138856
21918373565,21918378015
21918449156,21918460880
21930143966,21930158620
21930217669,21930243352
21931793234,21931804370
21936354538,21938340985
21939610559,21939620880
21940096546,21940123659
21940546836,21940552593
21941473141,21941482155
21941637550,21941654059
21942241576,21942251740
21942457465,21945266874
21946610282,21946621041
21951171807,21956262361
21953505069,21953512827
21955865705,21956275154
21957238156,21957245771
21960370001,21960381514
21962353274,21962363147
21962746339,21962751371
21964613294,21964627557
21965156810,21965209174
21975372652,21975380567
21977093388,21977122432
21979430396,21979441571
21979594161,21979597859
21979714151,21979723125
21985882476,21985935562
21986354788,21986363010
21987066362,21989024888
21990186603,21992201289
21991179848,21991187603
21993231473,21993237156
21995327199,21995342642
21995594337,21995600007
21996286473,21996291695
21997880112,21997883938
21998763912,21998771282
21999149332,21999158751
22006760391,22006767835
22011170403,22011178642
22011431603,22011439862
22015443768,22015480049
22015926324,22015932939
22017183599,22017262732
22018024753,22018034272
22020471511,22020530414
22021532379,22021541503
22022232410,22024223608
22025709121,22025719472
22026378308,22026382675
22026600171,22026652993
22026883048,22026887501
22026942986,22026957029
22027116414,22027127820
22030824072,22030830019
22032262576,22032269897
22039387502,22039396419
22043761680,22043770945
22047042783,22054138077
22050046191,22050072080
22050278578,22050289042
22051001618,22051010162
22051811470,22051840079
22052655457,22052705486
22058049887,22058066218
22059680305,22059685811
22060402066,22060411261
22060597708,22060603969
22061459750,22061468050
22061490428,22061550988
22062228654,22062231494
22062728903,22062734436
22065166537,22065211420
22065475023,22065525085
22068423286,22068433273
22069310346,22070110823
22070569900,22070578043
22071087350,22071092585
22074517814,22074526110
22078565541,22084989524
22082320239,22082334050
22085354998,22085361530
22085409474,22085421860
22087364202,22087368492
22087813821,22087838251
22088802332,22088879206
22091529270,22091575841
22092102368,22092110878
22094410519,22094416513
22096899755,22096909648
22097310831,22097317844
22097567227,22097596328
22102737833,22102743099
22144652016,22144686649
22150962503,22151008205
22158077462,22165658685
22158310440,22158397618
22159640120,22159662615
22161751693,22161802003
22161856224,22161864905
22162345829,22162353337
22164311064,22164345404
22165210369,22165224502
22168932534,22168975407
22169007758,22169014273
22169421832,22169430178
22169525057,22169529126
22175049868,22177799686
22175264113,22175304817
22178170964,22178235403
22178990979,22179002085
22179597090,22179604607
22179979126,22180014839
22183592921,22183600729
22186349859,22186356233
22187026957,22187032744
22189467460,22189472772
22189528785,22189536339
22192424203,22192432298
22210896038,22210911584
22214787848,22214796993
22215868168,22215883253
22218220227,22218250083
22220327236,22220333558
22220383440,22220395140
22220461557,22220470534
22220746472,22220824963
22222260962,22222290103
22223100078,22223105991
22223979961,22223989149
22226658003,22226666095
22233235263,22233241758
22241000328,22241017902
22241652068,22241720449
22245254904,22245264977
22247175649,22247218194
22249046309,22249055731
22250163444,22250218718
22252315698,22252324959
22252357745,22252364043
22252959292,22252964026
22253901048,22253958344
22254974155,22254989483
22256233766,22256241400
22256654779,22256668016
22258672515,22267602555
22258759987,22258764845
22259021468,22259043733
22260841618,22260849165
22261091101,22261098765
22261299416,22261330611
22262598842,22262605895
22263854460,22263858219
22267689690,22267701805
22267900414,22267921235
22270747954,22270761298
22274917209,22274925879
22275960353,22281668872
22282323432,22283746514
22283294583,22283305565
22283998349,22288578223
22285104993,22285112621
22285537042,22285551572
22287162779,22287166688
22290350385,22290367034
22290419030,22290427577
22291393529,22291402480
22291699018,22291707211
22291778843,22291784710
22293395299,22293402525
22293563039,22293634271
22294203219,22294211087
22294217833,22294224836
22296149951,22296155912
22297412522,22297426020
22300824577,22300877714
22301239025,22301247902
22303611187,22303683561
22306982505,22306993707
22309086257,22309094095
22310185240,22310192941
22313530624,22313538973
22313582962,22313618534
22317236976,22319602864
22317517411,22317548209
22320428852,22320437182
22320987173,22326499311
22323231914,22323239050
22323536518,22323547216
22323627772,22323778714
22326064283,22326093226
22326509886,22326520266
22326952519,22326960794
22327448344,22327456303
22329127492,22329137027
22334301452,22334318398
22338523883,22338542426
22341682820,22341691156
22344375426,22344382362
22344389739,22344396802
22345006431,22345010173
22346920227,22350448721
22347285437,22347296019
22347863674,22347871535
22348269659,22353524807
22351864259,22351908140
22353716503,22353773872
22354651116,22361470649
22360812184,22360879937
22361108011,22361117844
22361953996,22364499459
22364637785,22364660751
22365068320,22365074885
22365086034,22365104851
22365457229,22365478037
22365815787,22365819960
22368650592,22368663198
22370583880,22370589640
22372474338,22372478809
22375251009,22375256331
22376460878,22376467112
22377137969,22377148711
22377682428,22377686099
22381342453,22381348573
22381487234,22381553621
22382334980,22382344856
22383366179,22385441679
22384540844,22384544880
22384599032,22384609553
22387605426,22389268473
22387762382,22387775152
22390467661,22390471600
22390738139,22390761650
22393751894,22393769979
22396321799,22396334602
22397397903,22397407358
22399930489,22399937793
22400193083,22400200904
22400218912,22400224716
22402428118,22402445752
22403172264,22403189003
22404053875,22404059528
22406738131,22406748071
22408782172,22410388143
22409148532,22409156266
22410847846,22410855664
22411833847,22411841919
22412306506,22412315614
22413387872,22413396295
22414695073,22414705086
22418929766,22424342050
22419207180,22419212783
22421479224,22421503146
22421612135,22421621904
22421669584,22421679273
22422077150,22431315165
22424447728,22424455399
22424821759,22424829173
22426263705,22426272341
22426463807,22426486012
22428493123,22428497243
22428745102,22434282556
22437396876,22437475625
22437996115,22440378781
22438016762,22438028179
22440569208,22440575559
22440870972,22440877754
22444323514,22444331462
22444882843,22444895763
22444892996,22450278161
22448776411,22448786311
22449090086,22449098432
22450334385,22450405827
22451901005,22456247857
22453954741,22454000246
22455923755,22456287068
22457732208,22457745248
22459057881,22459100012
22462039525,22462077463
22464054351,22464063011
22465208044,22465259105
22467189296,22467199757
22467280437,22467308766
22468807395,22468811993
22469148774,22469263239
22469466492,22469474497
22470408041,22472340754
22471418834,22471430083
22477554269,22477565565
22481222229,22481234832
22485340470,22485394665
22486613852,22486627096
22488351679,22488408109
22491615321,22491630583
22494941965,22494953799
22495398794,22495424888
22504430142,22504441091
22506121050,22506180745
22508430554,22508441095
22509471533,22509524519
22511356833,22511361985
22513012917,22513065839
22516257705,22516265407
22525014636,22525019734
22525500011,22525507415
22526841976,22526854017
22527736981,22527744057
22527846748,22527857679
22531195400,22581059541
22581179401,22581291006
22586942677,22586948510
22588445697,22588468263
22591981234,22592012817
22592489141,22595187267
22595340053,22605061038
22601445306,22601449134
22608165025,22608174456
22611203707,22611213794
22611520987,22612685117
22611691264,22613969589
22614071651,22619960661
22614457279,22614476788
22618026638,22618034847
22633177084,22642033805
22633631785,22633637454
22642501352,22645029782
22646617047,22646627541
22651388009,22658045287
22658612635,22658621047
22658999288,22659058131
22659923203,22659974302
22660580522,22660597111
22664409157,22667037144
22667695455,22667726660
22668480155,22668490749
22670318624,22670328216
22676060734,22676073052
22676168329,22676176411
22685081256,22685089061
22688848078,22688859605
22688889781,22688902297
22689109947,22689119201
22691055346,22691060962
22692156009,22692163092
22692710628,22692718566
22698134519,22698160616
22698979422,22698993177
22699201839,22699208498
22699403739,22699411246
22699417193,22699444951
22699452167,22699515741
22725097510,22725106831
22725884973,22725891962
22726511220,22726519603
22726944492,22726967331
22727832046,22734484099
22731091174,22731130332
22736066613,22736074758
22736107196,22736143400
22736465805,22736470195
22737569268,22741799668
22738672979,22738691592
22749017552,22749082923
22749747843,22751714665
22752419741,22752429176
22753429297,22753437707
22758194266,22758204008
22760814658,22771481823
22765819805,22765828575
22773792927,22777700287
22776394807,22776403183
22777872889,22777918124
22778025886,22778081354
22779309118,22779319081
22779389618,22779392037
22779514597,22779520604
22780721553,22780729755
22781978233,22781983786
22782249761,22782274024
22783032947,22783036763
22784745301,22784757376
22785086944,22785148172
22791062330,22791070298
22791191378,22791201565
22793304014,22793333759
22797927555,22800673872
22801086125,22801096388
22802172071,22802184259
22802598897,22802606755
22806233102,22806281441
22807989502,22808015705
22810882988,22810892771
22811583661,22811664832
22811995890,22812047720
22815130985,22815147173
22816209745,22816218195
22816721404,22816776909
22820043678,22820053291
22820905627,22820942963
22821395195,22821406932
22824503081,22826638522
22834880837,22836700616
22836545561,22836555323
22837682836,22837689127
22838574914,22838590543
22839653887,22842605001
22841540985,22841589941
22854124752,22854133723
22860481590,22860489568
22862532092,22862544043
22864234716,22864242661
22864371355,22864378936
22868435163,22874402932
22875548098,22875561639
22875798320,22875806004
22877019742,22877027938
22879252997,22879261630
22879763647,22885408559
22881962896,22881969889
22886785845,22893486717
22887337476,22887345331
22887796430,22887804873
22888267305,22888332155
22891175873,22891182582
22891804991,22891816932
22894812023,22894839934
22902090687,22902096193
22903678817,22914376135
22904382053,22906421128
22907965785,22907973315
22915421685,22915429951
22925175202,22930427119
22930696521,22930704416
22930806222,22930856879
22940358938,22940397086
22942506741,22942525725
22942545180,22948396055
22948800469,22949395712
22953300462,22953323756
22955568727,22955580575
22956095050,22956118528
22956964142,22956966868
22957276160,22957284563
22958349991,22958362968
22958497499,22958503085
22965736669,22965800025
22970104305,22970133690
22972893074,22972902014
22980591945,22980600318
22981937221,22981944565
22985175498,22985180961
22986558821,22986569900
22989041880,22989053223
22990268678,22990274415
23001886346,23001918798
23006342825,23006350997
23009781452,23009789377
23014147518,23014153262
23022011144,23022016179
23022691416,23022700624
23025192105,23025204815
23025446290,23025489813
23032924859,23032927926
23035460606,23037164764
23036502096,23036532847
23037650981,23037658963
23038151050,23038161477
23041103998,23041114378
23046403889,23046416638
23052733423,23052749620
23052874933,23052904107
23059623078,23059629065
23061192906,23061203824
23064122499,23064212374
23071439706,23071453879
23071609244,23071620815
23074735132,23074760006
23078590879,23078599679
23080270404,23080318415
23080721205,23084140210
23088043871,23093964584
23095132733,23095141069
23097505340,23097514240
23097522947,23097532001
23099083427,23099133526
23101956303,23101996014
23110714336,23110730376
23111214211,23111242610
23111693201,23111697738
23111722686,23111775401
23112594798,23112600915
23113725227,23113733730
23114195557,23114203265
23119280833,23119291507
23122985113,23123029706
23127682746,23127689826
23131262876,23131270931
23132706562,23132711150
23136238020,23136308998
23138833802,23138837872
23141978964,23142064034
23142599902,23142610066
23143572908,23143622405
23144173395,23144203311
23146523106,23147931183
23148075998,23148090839
23151269534,23151282297
23152790833,23152797642
23163676046,23163680168
23166213560,23166290016
23166882188,23166890771
23176351959,23176356339
23179263845,23179268329
23179940462,23179945320
23189412428,23189421743
23189480533,23194764380
23189571860,23189577487
23193835667,23193847384
23195709270,23195768390
23200928539,23200937857
23201291908,23201302028
23202045593,23202057050
23203049036,23213767616
23204052331,23204061412
23211362498,23211371014
23213917025,23213955140
23219932887,23222846334
23223035100,23223080999
23226859037,23226869498
23227311011,23227324509
23228215231,23228221716
23232990383,23233032306
23232994352,23240735525
23234123806,23240772534
23235753188,23235765677
23241817191,23241856683
23242306392,23242315580
23243107016,23243112054
23246780418,23246825292
23247653352,23247664080
23251473270,23251482214
23253128361,23253162256
23253359395,23253399999
23255534011,23255578340
23255767053,23255797794
23257376248,23261726070
23258940202,23258958414
23259523484,23261762501
23263904294,23264786146
23267508821,23267516378
23267892895,23273669822
23268317329,23268340740
23268725566,23268738800
23270354230,23270362115
23274451235,23274460376
23275375080,23275379994
23280203241,23280213611
23281586070,23281592284
23282914249,23285675921
23285808287,23291706832
23286613789,23286619739
23287712414,23287716417
23292100228,23292135262
23292297855,23300553196
23296399744,23296406897
23296463251,23296474386
23297880352,23297949121
23298283891,23298314098
23303379477,23306591891
23306993215,23313543697
23311667327,23311675058
23312308806,23312313607
23312827184,23312834033
23313570919,23313664857
23315081577,23315094230
23318684046,23318712201
23323982657,23323993750
23324309195,23324350775
23324369037,23324377991
23328097664,23328125097
23328597061,23328603753
23332047615,23335481113
23332662105,23332671821
23339660475,23339705212
23341439296,23341490885
23341816170,23341824770
23344827062,23344834085
23346418326,23346442375
23347351743,23347358138
23347620046,23347624617
23351283245,23351310642
23357180183,23357192652
23357247218,23357257057
23357756157,23357810924
23358873476,23358943033
23363839720,23363849689
23365199114,23365204316
23366858439,23366864844
23367363025,23367377455
23367544251,23367548263
23369992382,23370001433
23375865304,23375890261
23377760858,23377775094
23378781971,23378791429
23379881211,23379884429
23381767500,23381780293
23388143519,23388196073
23388993473,23389001832
23389268572,23389301044
23389307385,23389312326
23404561373,23404573484
23404585128,23404594807
23405089129,23405098899
23405578437,23405605770
23406209185,23407480419
23406435320,23406446119
23414460383,23416418548
23416765410,23416773823
23416936161,23416946886
23417232175,23417240501
23417680815,23425323040
23419581033,23419624851
23420303804,23420332797
23420651644,23420660475
23421344522,23421395677
23422668752,23422708611
23423016810,23425511121
23425514823,23425566516
23426800400,23426805318
23439087222,23439093565
23439412490,23439419189
23439921149,23439930450
23460523257,23463364994
23460582129,23463367209
23460616920,23463388805
23463772412,23466374853
23469221341,23469228808
23470169459,23470177651
23471050354,23473253095
23474729577,23474788737
23477037882,23477041767
23478064598,23478072215
23478374257,23478405275
23479482361,23479528547
23485341939,23489274296
23486529921,23489334338
23489454242,23489467713
23492555733,23495266571
23493494001,23495248105
23498421936,23498427152
23500223944,23500254241
23506390338,23506403224
23511429159,23511470358
23512129989,23512136293
23512677838,23512680855
23514356043,23517204736
23521928068,23521930965
23522943074,23522946211
23524004667,23524062164
23535883693,23535892998
23536771882,23536824698
23537866682,23537920814
23538422744,23538428430
23538683660,23548273318
23541576532,23541581871
23541793109,23541865290
23544302656,23544311195
23544896708,23544904537
23545389948,23545398592
23546229823,23546236478
23547775989,23547779982
23548608436,23548611764
23551566783,23551579997
23561328612,23561406623
23564562379,23564577544
23568462422,23568471005
23573256364,23573272715
23582053761,23582062675
23582592917,23582654723
23586220159,23586286159
23587992088,23587999027
23588672513,23588676810
23595534284,23602823650
23595638191,23595657776
23595904279,23595908218
23595939110,23595946600
23596114385,23606073072
23596386016,23596395535
23603279597,23603286225
23606180892,23606193056
23606274421,23606284939
23607066849,23607137365
23609263676,23609307390
23609563612,23612020103
23619751019,23619804105
23619787884,23619839189
23620918527,23620928202
23626275333,23626342855
23626579947,23626588587
23627406367,23637906475
23631954521,23632007964
23634977754,23635048424
23636335091,23636384375
23638730162,23638738231
23639588446,23644983253
23641799739,23647897070
23648185092,23654956501
23655799954,23655811998
23656001907,23656006952
23661125728,23661188630
23662063609,23662116815
23664371402,23664380209
23673142191,23673152298
23673384023,23673393188
23675964614,23675987938
23677004373,23677021900
23677772605,23677786053
23679368183,23679373164
23679780462,23684874862
23680214254,23680224695
23680966122,23680969269
23683107130,23683111717
23683340482,23683348341
23685145440,23685149600
23685739243,23685754337
23695481323,23695493331
23695982214,23695986918
23701455292,23701464313
23706915554,23706952583
23707499153,23707551681
23707563090,23707567347
23709638169,23709655736
23710019814,23710082179
23710332881,23710338431
23710414573,23710420941
23710464505,23710475972
23710816603,23710824945
23714005322,23714036494
23716375579,23716383461
23717043182,23717059513
23717094420,23717098186
23717189109,23717196797
23717234310,23717244273
23717655808,23717668935
23719237620,23719241419
23719563687,23719592383
23720050168,23724778331
23720189998,23720246612
23720293209,23720300333
23721827806,23721975330
23722026321,23722034336
23722430719,23722489736
23723294505,23723301575
23724835019,23724838958
23724983756,23725016435
23726283272,23726289186
23726874315,23726877643
23728787059,23728793403
23731731597,23731744881
23735047386,23735072999
23735177176,23735219230
23735677709,23735712376
23741875362,23741885646
23743721659,23743768978
23744658577,23744668614
23745074759,23745083396
23745103940,23745110305
23745815457,23745820232
23746845812,23746850322
23747934688,23747941441
23752134544,23752145326
23752719419,23757744091
23757208613,23757214173
23759389667,23759419332
23760210695,23760220287
23761027860,23761067334
23764962399,23764971894
23768264213,23768268944
23771404313,23771408813
23773907578,23773915730
23775989917,23775997397
23776684846,23776736826
23777635266,23777663818
23780823196,23780835044
23784010582,23784022156
23784096822,23784105735
23790272523,23790278902
23790943023,23790952241
23795875472,23795879341
23796481813,23796486551
23807901320,23816588218
23811176355,23811221877
23813633651,23813651826
23816538039,23816586655
23816842914,23822524617
23816939173,23816943910
23819087204,23819089993
23825756052,23828620020
23835413898,23835423530
23835419567,23835422948
23842394653,23842468641
23843588703,23843594516
23846357361,23846365610
23850842152,23850851353
23851961769,23851971218
23855633581,23855681379
23855969050,23855976247
23864680826,23864688417
23868683914,23868688605
23869904668,23869930391
23874769731,23874775929
23884984240,23884989850
23885465208,23885469067
23890895217,23897464512
23894652968,23894661441
23894772070,23894780686
23895616949,23895621463
23895755826,23895760327
23897582728,23897592137
23901468101,23901473166
23904064965,23904070522
23904133203,23904137727
23904569886,23904580463
23905474653,23905535363
23905652731,23913441658
23910662021,23910700279
23910849544,23910854202
23913518025,23913524697
23920249942,23920258281
23922722633,23922794131
23928924502,23928932397
23939873742,23939882846
23945621164,23948348263
23946512848,23946519400
23948547260,23948591054
23949062958,23949067833
23952545089,23952561914
23954904337,23954916763
23961886159,23961892704
23962836251,23962864894
23963243198,23963249359
23964086905,23964115274
23967766318,23974280004
23969556007,23969559776
23977362281,23977371512
23977984124,23977994121
23980594798,23986244447
23982059883,23982085643
23982412405,23982417984
23983476500,23983484673
23986021826,23986029190
23987658248,23987675457
23987793978,23987804011
23990517686,23990529119
23992358901,23992402468
23996586457,23996590403
23996757930,23996781742
23997623938,23997631262
23999972913,24000002545
24010063970,24010098132
24013134991,24013142835
24014974749,24014984802
24018298263,24018314003
24020965891,24020970208
24026289417,24026349576
24026314238,24026356445
24026457114,24026462891
24026530424,24026563905
24026666562,24026679605
24027496105,24027504846
24029903656,24029951433
24031028793,24031036417
24032885530,24038243800
24043764825,24043821563
24048360626,24048377976
24049116209,24049131331
24049444518,24049448965
24051203386,24051250615
24051424687,24051438165
24051617830,24051629658
24058166260,24058197122
24058387598,24058392416
24060165818,24060180846
24062767995,24062774757
24063599359,24063606058
24063734184,24063783846
24064602655,24064606577
24066660544,24069202154
24072211569,24072223232
24075028716,24075241417
24076124762,24078082941
24077946091,24077956107
24078125405,24078158131
24080197865,24080249735
24084614428,24084623202
24091386792,24091391660
24092998036,24093006271
24097246858,24097254496
24100266446,24100270636
24100533550,24100543510
24101229919,24101238980
24104427826,24108964163
24113376457,24113381689
24114089113,24114133857
24114253594,24114264552
24116372149,24116381184
24119656824,24119671344
24120840188,24120844779
24122513689,24122523061
24125346439,24125357224
24126237866,24126252088
24127510634,24127517633
24128087417,24128092635
24128533317,24128540751
24129193352,24130985908
24129391935,24129402646
24129495270,24129502463
24134351539,24134362030
24140032107,24140036942
24140964595,24140967933
24145650468,24145659646
24146423224,24146963582
24147313725,24150071769
24150106359,24150149077
24151538238,24151545341
24151914444,24151922098
24152581054,24152590720
24154264174,24154273986
24154289152,24154293956
24154416787,24154419593
24154675862,24159953859
24155059956,24155065061
24155353622,24159887065
24159505784,24159529352
24160259489,24160264247
24160564574,24166853046
24161729172,24161733084
24161801790,24161805685
24166971587,24169888318
24182653327,24188831809
24186146567,24186150756
24187332116,24187384133
24189317434,24189328082
24192235177,24196850670
24194526957,24194536021
24195324931,24195333431
24197087184,24199908981
24200560905,24200602858
24204856278,24204885993
24207843992,24207854456
24209108027,24209121992
24210822278,24210830230
24213961587,24214008201
24217594656,24217635357
24222028927,24222042024
24222291463,24222308854
24224993585,24225029862
24225155816,24225164860
24229427992,24234788146
24230819732,24230835148
24231385790,24231422124
24231662202,24231666004
24231869264,24231880330
24234597533,24234653682
24234808473,24234883290
24234975920,24234987908
24235518110,24235534832
24235996853,24236007782
24239445944,24239459966
24239665992,24239669627
24240942282,24241003159
24246186561,24246238909
24246591844,24247769165
24249594610,24249598479
24249698203,24249703482
24251056947,24251104005
24251173653,24251178521
24251321558,24251331651
24257207611,24257246647
24257229284,24257288641
24257986481,24257993924
24263897855,24270434037
24264380935,24264387974
24264709678,24264759122
24264984790,24264992705
24266420815,24277392060
24274564265,24274569590
24278429110,24278445437
24279288279,24279296407
24279381731,24279395232
24281562471,24281611030
24284873710,24284881782
24285420286,24285429300
24286551694,24286555884
24287903438,24287916555
24290625659,24290668982
24292974006,24292981440
24300833436,24300838197
24300930690,24300943183
24303793419,24309654194
24307567221,24307577942
24310853051,24310884303
24312146914,24312167365
24316875856,24316892264
24317301473,24317306675
24317741182,24317752709
24317749759,24317810085
24318014504,24318027771
24319801694,24319807424
24322839408,24322842371
24327336353,24327340894
24328160605,24328164023
24331852263,24331856025
24337577454,24337580641
24340793245,24340802667
24340875696,24340914509
24341013457,24346478089
24343332958,24343336369
24346340909,24346495924
24348790420,24348798408
24353705682,24353749383
24357210699,24357224524
24359537356,24359542334
24362951412,24362963590
24363285050,24363289470
24364864600,24364875936
24365315993,24365327129
24366484581,24366493414
24369585904,24369592587
24370815894,24370877463
24372511024,24372517880
24379351609,24379356614
24379570736,24379575894
24381746574,24381755455
24382142984,24382147968
24382425607,24382427481
24383098505,24383125975
24383388522,24383395709
24383886022,24383888604
24386596876,24386600525
24402914352,24402922521
24404874172,24404878284
24405075083,24405143564
24405368628,24405390866
24406521201,24406524853
24410508245,24410538241
24414429918,24414475821
24417617638,24417665038
24423899018,24423910678
24425456911,24425463072
24426686947,24429436541
24426732389,24429441944
24426854601,24439317690
24439974371,24446286221
24441382147,24441390026
24441547550,24441556049
24442002281,24442011057
24443475011,24443547438
24444098258,24444106283
24444509100,24444512913
24446534912,24446544320
24447360650,24447424488
24451310281,24456348685
24451724635,24451729583
24456982720,24459346753
24460709944,24460727451
24462831229,24462836134
24463276909,24463286154
24467238254,24467285112
24467740411,24467745479
24467976052,24470369577
24469341150,24469345954
24469581947,24469586250
24480361635,24480376623
24482248943,24482257185
24482763586,24482768494
24486784605,24486789516
24487083151,24487097728
24487878994,24487882900
24499420961,24499430603
24500505042,24500509927
24505992968,24506005711
24506020953,24506026974
24511755816,24511817519
24513630943,24513672155
24515160561,24515168890
24516267015,24527206379
24530822686,24539234051
24530928003,24530934257
24535346574,24535353724
24535679560,24535689045
24536871020,24536875741
24539351563,24539380804
24542324987,24542330280
24542451219,24542497633
24549404401,24549485031
24550170281,24550184076
24551131546,24551135268
24551606888,24551611161
24552280545,24552290397
24552487369,24552490807
24552588393,24552598189
24553986577,24553992036
24558885044,24558891853
24559072875,24559077078
24559481947,24559489772
24560925252,24560933174
24566587528,24566597614
24567023926,24567030027
24567699628,24567765958
24568664153,24568677137
24571012373,24571016132
24571356502,24571383845
24572287550,24575141803
24574185714,24574223488
24575919500,24575929006
24582172721,24585054979
24582451596,24582494288
24583481813,24583547542
24588868930,24588871910
24589498688,24589559662
24598175560,24608136443
24598578695,24608161514
24611753565,24611757655
24621349114,24621362228
24630247909,24630260992
24630393502,24630402653
24630662170,24630668778
24633860451,24633866277
24647260007,24647268516
24648268233,24648322559
24651681866,24651708825
24656092134,24656124887
24656758741,24656791404
24657027028,24657033119
24704063475,24706878273
24713091395,24713156536
24713543313,24713583165
24717872521,24717882133
24723324223,24723372261
24729693926,24729708998
24731040351,24731064103
24731090150,24733790440
24733916371,24733923818
24734888605,24734896947
24738221357,24738226285
24741445832,24741462767
24741535820,24741548489
24742207221,24742224100
24742342150,24742349005
24747383627,24747393784
24750196591,24752756781
24750323685,24750327941
24752914666,24752925444
24753314537,24753323424
24753367546,24753426004
24754513554,24754519384
24755226435,24755234751
24757599730,24757604447
24764905012,24767781346
24765478123,24767792812
24768955549,24768960474
24769093054,24769137389
24769305725,24769314676
24770441921,24770447003
24775635132,24775640374
24777932495,24780780847
24777967021,24777972898
24787682300,24787692831
24790998981,24792660327
24793001713,24793007897
24798737545,24798743746
24798834252,24801638181
24799493148,24804737908
24806238008,24806289918
24807086469,24807097481
24808379831,24808390526
24809146189,24809150349
24811379306,24811429349
24813804264,24813810194
24818191603,24818199464
24818302532,24818310638
24821836884,24821863432
24827775691,24830682753
24828257351,24836619529
24831813493,24831820028
24833811547,24836740278
24836788537,24836829652
24839295777,24839304698
24841066473,24841077682
24849099373,24849112838
24850085222,24850143289
24856268387,24856277498
24857139995,24857157175
24857443944,24857458481
24864607078,24864618518
24864897055,24864905671
24866716603,24867532121
24867061463,24867533875
24867575929,24867604592
24868995192,24869001079
24870583165,24870596326
24871156493,24871183733
24872175792,24872232139
24873064850,24873068332
24874913977,24874945065
24877740462,24877753696
24880176659,24880186759
24881212289,24881218259
24881455240,24881464084
24884121342,24884132036
24884509599,24884552735
24884900860,24884916870
24885154606,24889440935
24885580931,24885589160
24886288380,24886539370
24886851327,24886862897
24888332200,24888362052
24888593259,24888597653
24888615207,24888621882
24892925628,24892932865
24892948735,24892955544
24893612031,24896583568
24896934593,24899542419
24898414657,24898439557
24898615076,24898622851
24899082450,24899095226
24900078832,24900083934
24900300154,24900306706
24900699844,24902530354
24901529605,24901533638
24902679569,24902749581
24902881496,24902893307
24903072427,24903088534
24904506247,24904509769
24910531983,24910606351
24913023831,24913029324
24914091355,24914120529
24916618031,24919540668
24921337290,24921347166
24922812132,24922847601
24924690055,24925453443
24925479242,24925528974
24926328081,24926338374
24926893577,24926901783
24926916477,24926922421
24929561065,24929596758
24931115394,24931143997
24933439017,24933444670
24934169388,24934179305
24934355224,24934367907
24934685083,24934714070
24934857134,24934864852
24935614819,24935620037
24936606577,24939380745
24937420345,24937428353
24938635102,24938653197
24939893891,24939938307
24953709024,24953780459
24956903089,24956910696
24957415817,24957435299
24958228418,24962213260
24958608687,24958623424
24959655560,24959667631
24962445404,24972324868
24964686489,24964690849
24965955148,24965994743
24970203720,24970236251
24972939502,24972951236
24973763443,24973772096
24973834891,24973845459
24973848987,24973881429
24974597554,24974606297
24980454288,24980461321
24980856565,24983273270
24983789045,24983794898
24984067559,24984076553
24984081337,24984087929
24985365104,24985371408
24985589469,24985592329
24985819300,24985874922
24990124593,24990168681
24990608632,24990620379
24993217197,24993225933
24993702391,24993718488
24994137477,24994146638
24995149245,24995152051
24995256760,24995267274
25000049078,25000099114
25000710827,25000715498
25001349804,25001378875
25003523424,25003555645
25006345492,25006356491
25006446239,25006455032
25006603054,25006636662
25007278188,25007349118
25009311520,25009316585
25010322373,25010327431
25014148923,25014158689
25014162725,25014173586
25015109553,25015117735
25015632795,25015654048
25018329922,25018357545
25020245832,25020252511
25020652389,25020663484
25021073950,25021078119
25021536849,25021545559
25027274248,25031188664
25031166887,25031172982
25031629266,25034176997
25034196826,25034205834
25034364166,25034378406
25034452838,25034491587
25034465942,25034476887
25034809542,25034813819
25035548446,25035595024
25039699025,25039701721
25044610542,25044670143
25045316180,25045320363
25045898869,25045909461
25046376954,25046403686
25047941216,25047949605
25048114901,25048122769
25050604778,25050617190
25054360140,25054368676
25057386039,25057435023
25057433810,25057471477
25057482863,25057528682
25057622442,25057687750
25058136527,25058145033
25058190555,25058249455
25062378073,25062389990
25064968111,25064972274
25065441509,25065449591
25068510090,25068516705
25068889527,25068906429
25121333290,25121391100
25121598881,25121608372
25122985114,25122988672
25125193504,25125199224
25125266433,25125331309
25132402377,25132408755
25132866800,25132870987
25134011178,25134052046
25140476513,25140485534
25142415474,25142428721
25143013486,25145877615
25143046302,25143160372
25143605715,25143619921
25144105941,25144114567
25145255644,25145320387
25149732082,25149737218
25150029700,25154901379
25150324889,25150328938
25151911292,25151915101
25153517414,25154977551
25155069009,25155077920
25155263960,25155294303
25155966283,25155979143
25156305574,25156314110
25161854574,25161861460
25163104108,25163135558
25165868450,25165898423
25166942786,25166953728
25167372583,25167382843
25168152308,25168157199
25168192404,25168249122
25168603050,25168613190
25169016946,25169023474
25169027307,25171008348
25171501357,25176943992
25171520107,25171582528
25173781971,25173794173
25173920805,25173998341
25174243357,25174247440
25174783556,25174799406
25176360577,25176371539
25177679188,25179987672
25179984011,25180072064
25180417195,25180453342
25180423640,25180432771
25180430733,25180435076
25181547263,25181551256
25182904734,25188911763
25183051239,25183095050
25186016421,25186022622
25186136729,25186146115
25186947149,25186957079
25191222489,25191227614
25193021183,25193024881
25197480131,25197488988
25198319303,25206788679
25199860983,25199869375
25207889029,25207898671
25208219402,25208228065
25209683145,25209731978
25213260472,25213264498
25213360587,25213363747
25213655548,25213666641
25217218024,25217225852
25218385426,25218430810
25219569729,25220781773
25220890819,25220894340
25220932813,25220942502
25226582178,25226603584
25227183808,25227196555
25229880951,25229886097
25231023909,25231039171
25237123769,25237164844
25237242788,25237259674
25237496728,25237502064
25237808542,25237815662
25238307933,25238315694
25240141009,25240144841
25240566232,25240570291
25240813359,25240838223
25241664406,25242754676
25242077434,25242080975
25242395048,25242403297
25242772841,25242810084
25243673529,25245917355
25243901326,25245924524
25246034305,25246043914
25246051324,25246062727
25246388814,25246396301
25248775353,25248820220
25249665770,25249734473
25253938221,25253955110
25255148087,25255156105
25255585621,25255596379
25256518577,25256526579
25256654180,25259705074
25257994738,25257999483
25260460002,25260469327
25261945268,25261956811
25263665276,25263670492
25264512437,25264516283
25266102111,25266106468
25267069260,25267099840
25270149972,25270168482
25270683682,25270687378
25273102048,25273115161
25273124617,25273129368
25273487736,25273491084
25276723601,25276732154
25279504427,25279513341
25279631407,25279636198
25285298991,25285322589
25286963414,25290773840
25288342749,25288354018
25288525314,25288528999
25288741764,25288745800
25289998996,25290051571
25290923346,25290929263
25290977591,25293612684
25292889459,25292898176
25293258372,25293330365
25293534397,25293537744
25294613327,25294623256
25295502475,25295516711
25296322430,25296356004
25296830681,25296884669
25297678179,25297701086
25299728561,25299737736
25302303766,25302307872
25307321705,25307325501
25317716474,25317727252
25319424247,25319428364
25319890645,25319905209
25320683528,25320696421
25322735717,25322772475
25324583514,25324596206
25327739320,25327798159
25327888769,25327896146
25330309139,25330318257
25330865919,25330873029
25333385518,25333522572
25334073822,25334077481
25334670274,25334674891
25335057402,25335092313
25335099105,25335127013
25335198237,25335202116
25337655857,25337658510
25337788580,25337797103
25339958538,25339965922
25340055827,25340064600
25340337120,25340345566
25340489385,25340534075
25341802730,25341811828
25341989271,25342041402
25342036197,25342039918
25343007077,25343014915
25344922487,25344931885
25346026361,25346034837
25349349133,25349403683
25350708672,25350725517
25353956427,25353961422
25358500916,25358572578
25358542138,25358549706
25360055402,25360063344
25361941197,25361944461
25363594808,25366548444
25366502698,25366529099
25369584440,25369597831
25369779053,25369812517
25370317190,25370389604
25373594554,25373637339
25377672732,25380440171
25377868708,25380652027
25380746218,25380753207
25380808201,25380813617
25381144168,25381155951
25385253337,25385263865
25389274353,25389284176
25390058218,25392454208
25390763187,25390769395
25394371643,25394393901
25395521600,25395527233
25395776556,25395783412
25401826494,25401831202
25411673293,25411686781
25411973433,25411978425
25416156156,25416165388
25417987959,25417997782
25418463515,25418467331
25419167495,25419177562
25421042475,25421055933
25421764156,25424407892
25424838391,25424881203
25425758881,25425769606
25428432680,25428436462
25431436559,25431441063
25432302724,25432309643
25438919061,25438946695
25439443032,25439475042
25440250862,25440310119
25440673856,25440677989
25440779032,25440784251
25441787022,25441791302
25443067057,25443069703
25444994027,25445003288
25445446218,25445482105
25448141246,25448151246
25448617086,25448623434
25448775556,25448780330
25449551268,25449560219
25452406804,25452415507
25453657865,25453667504
25456933929,25456942245
25460160215,25460218724
25461016932,25461023637
25469776973,25469782933
25473243871,25473251546
25475759000,25475762525
25475883201,25475891600
25477219603,25477228436
25477504277,25477559745
25478063773,25478103435
25478332758,25478342173
25478415536,25478473647
25478538788,25478543515
25481428843,25481457530
25482322458,25482328322
25482488773,25482495502
25482511586,25482526239
25486320414,25486365278
25486359672,25486365174
25486463328,25488291616
25486765616,25486782746
25488621783,25488630169
25489401602,25489421842
25489463391,25489471289
25489935883,25489949454
25492543068,25492550395
25498358601,25498478993
25498559131,25498576007
25498592475,25498596862
25499790684,25499819517
25500210427,25500219725
25501124005,25501130473
25504036887,25504043816
25504120136,25504133263
25504778410,25504787996
25505073165,25505079647
25505945564,25508343827
25507361380,25507363251
25512386432,25512441436
25513623972,25513629455
25515325010,25515385410
25515418780,25515430404
25516027901,25516081371
25516744393,25516774697
25521419401,25521426701
25521683277,25521687273
25522423274,25522431339
25525214828,25525222359
25530889082,25533198452
25533345812,25533349832
25533391578,25533417254
25533432102,25533439963
25534026870,25534057774
25534268992,25534307575
25534541502,25539174402
25534986267,25534990787
25536357586,25536362724
25540115554,25540127876
25540412607,25543243780
25540874885,25540911480
25544544776,25550165349
25546471649,25546476310
25550232510,25550238220
25551787497,25557160444
25555103511,25555112682
25555861750,25560186046
25559573945,25559578198
25563481796,25563488892
25563576147,25563629531
25567126308,25567135339
25569725933,25569738221
25570355965,25570383292
25570985273,25570990178
25575932432,25575937330
25577267839,25577273465
25577277541,25577287086
25577960656,25577966834
25580140915,25580152014
25582137679,25582144539
25584497844,25584503052
25584697769,25584704398
25584885463,25584918345
25590798825,25590808788
25592172623,25592177561
25593458999,25593468117
25594653974,25594663747
25596217087,25596225275
25596305995,25600073953
25596344788,25596350398
25597172979,25597235146
25597948605,25597982035
25598577892,25600059840
25598780257,25598784049
25604897647,25604906521
25606995636,25607000667
25613779480,25613790629
25617987464,25623018137
25621727661,25621746468
25625722740,25625736305
25626960754,25626970470
25626995184,25627006036
25628171533,25628189858
25628202334,25628205648
25631830271,25631838731
25632529691,25632578510
25633377908,25633384242
25633486753,25633529849
25635252864,25635265219
25635439141,25635443361
25635763381,25635771703
25636767037,25636792669
25636972244,25636979688
25637399441,25637408696
25637697864,25637706852
25640076077,25640145224
25645071455,25652928218
25647167853,25650048005
25650027000,25653004755
25650057531,25650061897
25653481226,25655940215
25656111485,25656133542
25656117425,25656129727
25656936865,25656945448
25658634953,25658638180
25662267127,25668878262
25662715630,25666027831
25664690136,25664698943
25665347098,25671962369
25665640653,25674902914
25668608672,25668896043
25670269660,25670308661
25671286447,25671290486
25672118710,25672158409
25673098942,25674920301
25675150276,25675222897
25676461553,25676466047
25677124595,25677130025
25677249444,25677256804
25679827164,25679834565
25680734892,25680741250
25688396645,25688401419
25692159915,25692167055
25694685361,25694738444
25695097357,25695135041
25697981846,25698030963
25698756754,25698764996
25699168067,25704904808
25706296698,25706302398
25706834234,25712776048
25709555305,25712817852
25712309701,25716563929
25713309150,25713317380
25718489539,25718493909
25720592138,25720608954
25723808174,25723872252
25724813500,25727672895
25727815364,25727825377
25728886155,25728891204
25730106599,25730131871
25732729581,25732736674
25733102015,25733151703
25734587387,25734608757
25739345216,25739363505
25741010631,25741017664
25742026539,25742037651
25745062542,25745080580
25745308995,25745320361
25747875255,25747879943
25748884788,25748887789
25749288518,25749293322
25750207605,25750262783
25750328251,25753765411
25751667696,25751680713
25754629468,25754636935
25755173959,25755187053
25756072840,25756124940
25756076909,25756081323
25756551907,25762757952
25756575909,25756584923
25761751924,25761761610
25765359381,25765409069
25765652471,25765703379
25771939654,25771994752
25772781433,25772791346
25775682631,25775746699
25776093076,25776098455
25776148748,25776158320
25777649861,25777682730
25778787723,25778814378
25781306454,25786679334
25781806897,25781812423
25785345986,25786734004
25786958733,25786965358
25792777330,25796684366
25792880923,25792934506
25794098586,25794106976
25794792283,25794797184
25794982289,25795038398
25796335032,25803408224
25797014141,25799712610
25801145385,25801149879
25804174832,25804177552
25804493305,25806665298
25811167325,25811172985
25813673861,25813722671
25815805257,25821701840
25821706337,25821716498
25827082492,25827102358
25827123333,25827126941
25831663993,25831712027
25835433207,25835478909
25838145378,25838184271
25839492153,25839501779
25842772347,25842782227
25844739309,25844799636
25844962966,25844972234
25846579365,25846660633
25846961635,25846970098
25847104576,25847107930
25848134342,25848145264
25849174980,25849188101
25855837160,25855859114
25855987166,25856001496
25860665548,25860676463
25865533471,25865561760
25867966069,25874514566
25868826180,25868830754
25869716127,25869726544
25871759245,25871767287
25871915553,25871957657
25874951790,25874975288
25876371935,25876432552
25879914636,25882345356
25885130643,25885133957
25889181164,25889228463
25889287506,25889323820
25889988924,25890008920
25890046864,25890052437
25892003242,25892020231
25892518396,25892527530
25892648700,25892658142
25894835845,25894840369
25895500110,25895508038
25896095907,25896116925
25898711565,25898714391
25902042075,25902051523
25906568569,25906572431
25908930364,25908940136
25909185410,25909213134
25912589433,25912632359
25912944363,25912953027
25913765511,25913774328
25913981273,25914040717
25916598505,25921412423
25918737418,25918747137
25921345418,25921383172
25921848801,25921865570
25921963112,25924437357
25922424963,25922433102
25924482087,25924488943
25925878236,25925887705
25926033662,25926043749
25926103637,25926111790
25926421923,25926430272
25926560159,25926565899
25927481789,25927486490
25927513532,25927527792
25928480788,25928538828
25928751009,25928759555
25929517216,25932358369
25929723075,25929737669
25930763102,25930785901
25935501382,25935506754
25935701043,25935705494
25936503762,25936530818
25937091390,25937122816
25938538781,25938545945
25938540953,25938605048
25938823563,25938868136
25938896752,25938901687
25941301018,25941307199
25941796797,25941801612
25943660190,25943666899
25945799584,25945804546
25946935346,25954320429
25950845619,25954348501
25954865385,25954872301
25957368189,25957386715
25958432552,25958438690
25959044623,25967364046
25959271775,25959279934
25964399114,25964441255
25967829348,25967832813
25968514040,25968520402
25968680679,25968727303
25968697244,25968755204
25968785899,25968794218
25969024246,25969029228
25969119369,25969124665
25969688421,25969692707
25971727029,25971733310
25971944558,25971950034
25972337887,25972339771
25973534362,25973537757
25976811896,25976817302
25981394787,25981407914
25982429098,25982443311
25982555637,25982562740
25986026344,25988169236
25988089061,25988137366
25988444740,25988454826
25991381917,25991504885
25991933088,25995355534
25992819012,25998293547
25993250192,25993254418
25999408911,25999412723
26002262135,26002270056
26013513393,26013523149
26014138504,26014155687
26022062112,26022066054
26028402438,26028410396
26032835065,26032838803
26033532857,26038152249
26033584166,26033593374
26037485726,26038219802
26038396524,26038458851
26044418273,26051125520
26045501954,26045509652
26046834845,26046840267
26049456750,26049473489
26049475865,26052024281
26051137819,26051189912
26052161745,26052169670
26053582953,26053600002
26054118631,26054137437
26056206599,26056214939
26062071333,26062075820
26062274111,26062288277
26062988121,26062998549
26066006817,26066015588
26066754686,26066764395
26066889437,26066897800
26068015443,26068028994
26070893236,26070896591
26070938134,26070978834
26071536316,26071541495
26073213488,26073255997
26074964552,26074968514
26076350585,26076353669
26076380855,26076385863
26080164105,26080170660
26080825142,26080834985
26080946359,26080950088
26081514071,26081517011
26084774619,26084786136
26090994590,26091002285
26091082133,26091102824
26093400310,26093441739
26093608454,26093660658
26094193600,26094259031
26096099324,26099075268
26096574455,26096598825
26096784357,26096798306
26097330018,26097336834
26098535133,26098545156
26099219956,26099273529
26101004473,26101011840
26102129048,26102203711
26102952755,26102968358
26103461100,26103465447
26105574380,26105583926
26106001046,26106006479
26112810279,26112833834
26115192802,26115235905
26115337249,26115352785
26116295423,26116304865
26117935898,26117942830
26118263070,26118270491
26118962687,26118967458
26122134120,26122193834
26122204519,26122216995
26122756752,26125080726
26124125859,26124132541
26124650338,26124659496
26127126066,26127141201
26128074919,26131011288
26128548547,26128556408
26132370963,26132383940
26132391357,26132399035
26132423281,26132440207
26132678675,26132682600
26133117114,26133120703
26135554130,26135558460
26135633647,26135638348
26137115588,26137159800
26138230491,26138275850
26138339132,26138347178
26138473957,26138483773
26141227835,26141232596
26142018669,26142037974
26144126387,26149938144
26147237633,26147246384
26147788359,26147794370
26149248213,26153989447
26151674557,26151682893
26152488561,26152516409
26154321852,26154345373
26154698535,26154702728
26155014516,26155018511
26155255957,26155265983
26157778844,26157789111
26158117553,26158123544
26165047114,26165088182
26165090147,26165137065
26168138542,26168202085
26171449550,26171462690
26171691569,26171731522
26172270768,26172274830
26172607800,26172619728
26172772297,26172786613
26173431490,26173444484
26173879766,26173883074
26177814496,26177840072
26178273958,26178278535
26179808775,26179813526
26179877747,26179885038
26181193598,26181197928
26182105509,26183954575
26189935671,26189943857
26189992693,26190106940
26190328726,26190335846
26190531849,26190570508
26190640019,26190711511
26193119873,26196007279
26196276454,26196343412
26196420477,26196431737
26196439428,26202939626
26198724726,26198733135
26198868732,26198878434
26203708099,26203714139
26204927243,26208792419
26206998693,26207005472
26207956507,26208855665
26209753312,26209766660
26210072233,26210083783
26219071487,26219113804
26219490328,26219502172
26219902330,26219966575
26220346232,26220351177
26220804094,26220809456
26221226273,26221233219
26222410266,26222422541
26224891680,26224899452
26227076015,26232817644
26233912698,26233925761
26234437377,26234446558
26237358033,26237363496
26237518624,26237532687
26237871987,26237881530
26238467083,26239876386
26243800842,26243872611
26245393683,26245397492
26245604230,26245631506
26247227772,26247245413
26247421259,26247429371
26248786133,26248795037
26256091198,26256135090
26258751159,26258755673
26258907183,26258955180
26261779123,26264717577
26263106701,26263115000
26265652063,26265727909
26266196739,26266201670
26266477417,26266484160
26271799363,26271814986
26272849947,26275771178
26273586473,26273591531
26273628814,26273634524
26274236826,26274245422
26274243992,26274254804
26274428856,26274433036
26276949251,26276952432
26277714837,26277718295
26278239446,26278242195
26288456751,26288462992
26288845747,26288881874
26288876578,26288887523
26288937529,26288949112
26289364161,26289378304
26290102291,26290110660
26293379768,26293385558
26293775529,26293785426
26293846203,26293850857
26295092446,26295097271
26295311295,26295353864
26295829553,26295837418
26296192739,26296221696
26299001647,26299008603
26304249745,26304285023
26306206938,26306211549
26309847742,26309895452
26310445266,26310459168
26310941637,26310948051
26311193465,26311246922
26317433122,26317440769
26317902747,26322574994
26318082780,26318086231
26318717613,26318726748
26319736882,26319778869
26320182779,26320228111
26320702196,26320710973
26327207610,26332579067
26327324858,26332597974
26329696021,26329707638
26330195632,26330206110
26332323513,26332369332
26332515189,26332523772
26333847672,26341660668
26336298853,26344608249
26345698786,26345704222
26345737730,26350532443
26346898719,26347633955
26347091060,26347102514
26348853400,26348865344
26349566334,26349576003
26351225151,26351265989
26354444862,26354471647
26355278074,26355290315
26358206297,26358222244
26359289852,26359330135
26359360742,26359365690
26361631319,26361634400
26363365353,26363374839
26363590256,26363684277
26364158122,26364167063
26364842744,26364847676
26365413249,26365423008
26365453399,26369485868
26366902030,26366917202
26367225126,26367235865
26369353121,26369367087
26370977141,26370983081
26372322192,26377597811
26372527537,26372530948
26378448955,26378458734
26379915677,26379978777
26380568964,26380639771
26380687648,26380693882
26385064921,26385080096
26390299297,26390306260
26400027215,26400036042
26400557280,26400571847
26403960007,26403967694
26406855488,26406908511
26407720624,26407750707
26410289664,26410307004
26412210924,26412238518
26419602710,26419606696
26421306574,26421318676
26423637514,26426466068
26424121419,26424126985
26424132321,26424142498
26426523093,26426564181
26426781366,26429439877
26430322881,26430327334
26430804708,26433224373
26431804822,26431808841
26433590499,26440401385
26442200987,26442211762
26443338416,26443348008
26443850914,26443855087
26444055700,26444063391
26444367351,26444378379
26445086693,26445092109
26449201579,26449232263
26449224913,26449228247
26449396640,26449401752
26454653816,26454671426
26455472154,26457397987
26458458157,26458463440
26458896667,26458901128
26459514542,26459525324
26460965612,26464334912
26463305994,26463315225
26463413299,26463416068
26464169316,26464355476
26464195206,26464199332
26465154553,26465165872
26465249512,26465307747
26466205508,26466235517
26467684990,26467689624
26471103267,26471147479
26471240972,26471265842
26472446050,26472453046
26473807022,26473821301
26473816216,26473860017
26474053381,26477140986
26474152096,26474161658
26478574576,26478624969
26480352241,26480363524
26483914025,26483918923
26484302339,26484312002
26484755928,26484765380
26485245272,26485250912
26486879231,26486891737
26487522481,26487529604
26490406950,26490474233
26490682851,26490694732
26490776494,26490840375
26496883427,26496892117
26497431427,26497488953
26498120272,26498126777
26498235061,26498240460
26499567022,26499628511
26500025385,26500036297
26500374051,26500399787
26500438490,26500444961
26504326829,26511359144
26505636937,26505655824
26505785239,26505790745
26506131710,26506140437
26506381858,26506385339
26510045962,26514197714
26512378663,26512382505
26513798378,26513802270
26515674360,26515686307
26516735221,26525009810
26519467014,26519477980
26525263590,26525272855
26525562671,26525571248
26525598484,26525609239
26526786870,26526800776
26529248663,26529281395
26529293389,26529301933
26532583449,26532599827
26532727566,26532736299
26533263561,26533273050
26534344396,26534347583
26535767902,26535793140
26538340176,26538350270
26538841558,26538847920
26542754361,26542785142
26545488088,26545529474
26546195624,26546210571
26546241139,26546283734
26548341553,26548357165
26548637249,26548651542
26549237764,26549240988
26550617810,26550629687
26551403522,26551414554
26551950947,26551958795
26551984742,26552042168
26552758624,26552769619
26553126477,26553133831
26554913343,26554916808
26555210173,26555219985
26557246642,26557298442
26557651494,26557661635
26557988674,26559246267
26558163224,26565162549
26559467745,26559477207
26560243809,26560282027
26561548691,26561552800
26562137171,26562145363
26562220400,26562304949
26564182835,26564199707
26565625385,26565690780
26565973714,26565982985
26566716721,26566733272
26568276766,26568282309
26568609491,26568677569
26569848535,26569894869
26570861980,26570867182
26571049310,26579286168
26571064472,26571072036
26571585325,26579098585
26572856500,26572860495
26577085763,26577097407
26578180714,26578189080
26579474895,26579479960
26579636488,26579657092
26580042774,26580052075
26580584629,26580588368
26581360723,26581368026
26585434003,26585437310
26587127262,26587131906
26587858900,26587864369
26588347496,26588353022
26588845226,26588854213
26589955107,26590003409
26595278937,26595287851
26596880171,26596887879
26598252402,26598259746
26598471271,26599940604
26600343268,26600351487
26601611672,26601639861
26603149977,26603188663
26606211726,26606252183
26606532123,26606567171
26607445765,26607498313
26608296150,26608299675
26610699808,26610706828
26613193471,26613201727
26619875112,26619944098
26620152015,26620215789
26620239253,26623077820
26623439609,26623450381
26628967217,26628987657
26633946414,26640151437
26634306282,26634311080
26637243664,26637253637
26643445506,26643454620
26644296777,26644304321
26644737966,26644773381
26645353499,26645356502
26648363729,26648383160
26648821687,26648825800
26648983985,26651886109
26652032611,26652061340
26654413312,26654422440
26654828382,26654846734
26655321922,26655348066
26656253792,26658057928
26659831413,26659841914
26661336806,26661346876
26662347314,26662351631
26662754175,26662773305
26663074906,26663084127
26663156618,26663164165
26663446972,26663472561
26663754580,26663759264
26664663601,26664696196
26666503619,26666511488
26667184259,26667233199
26667246055,26667253663
26668390196,26668398535
26668443633,26668447926
26668571211,26668585865
26668702762,26668714699
26669426524,26669435238
26671491363,26674750778
26671684392,26671689915
26672266210,26672275785
26672676498,26672680791
26677938986,26677946681
26681932507,26681939472
26687594277,26687596995
26687938525,26694828334
26690259208,26690264290
26692684601,26692692281
26695075161,26695110593
26695593967,26695600121
26698105775,26700876942
26699809771,26699812366
26701077927,26703872161
26701864624,26701895419
26702665348,26702671185
26703833869,26707633210
26704546929,26704583205
26705028189,26710952370
26706115478,26706123270
26711756551,26711805311
26711864658,26711869272
26712315587,26712336231
26719510805,26719514527
26719824710,26719830166
26720059048,26720063980
26720189433,26720238429
26720950502,26721000808
26721009805,26721015509
26722166268,26722209454
26722235431,26722243403
26722348990,26722393092
26722840950,26722890746
26722958342,26722963427
26723038758,26726711726
26724777319,26729822037
26726736653,26726790411
26727651678,26727674076
26728578740,26735789057
26730939556,26730943953
26732219220,26732230466
26732821609,26732829387
26734911575,26734920820
26735702617,26735706071
26735843158,26735890260
26736265020,26736268601
26736267008,26736287001
26737506035,26743885945
26737790428,26737793933
26739391970,26739400676
26739992598,26739997509
26741785979,26741793687
26745417849,26745427895
26746619532,26746624768
26748655958,26748659754
26749123913,26749131728
26749287812,26750598551
26752538761,26752561748
26768167439,26769757176
26776194082,26776260749
26776707371,26776719646
26776928900,26776934643
26778944892,26778970151
26779233609,26779254782
26780442540,26780450415
26782386362,26782436057
26786789030,26786803082
26792069386,26792084721
26792462264,26795566073
26797516688,26797524259
26798108091,26798120847
26798381446,26798438478
26799820773,26799825079
26803917363,26806683549
26804385902,26804452643
26810626100,26810631042
26811263313,26811283737
26812756296,26812830434
26813128222,26813132843
26819957986,26819969710
26820538781,26823700562
26824494891,26824498963
26826835242,26830579806
26827588497,26827658562
26830596775,26830603117
26830891112,26830909461
26831195683,26831209017
26833394578,26833675189
26834121514,26834127241
26834525812,26834531669
26835488944,26840452739
26837302255,26837311743
26837971562,26837988494
26840121497,26840128864
26844639992,26844660971
26845980213,26845990540
26848997479,26849007572
26849116551,26849121338
26850676720,26850701330
26851323615,26851338158
26854253743,26854263983
26857159899,26857167964
26860928324,26863578626
26865281838,26865294748
26865628363,26865673761
26865899756,26865916061
26866802656,26866808082
26866845876,26866899861
26868664569,26868668959
26868858507,26868862934
26871597955,26871606735
26877568686,26877578402
26884961808,26884994721
26885897624,26885917811
26885987021,26886045456
26886705130,26886718515
26886849507,26893493862
26890073652,26890080140
26893099504,26899443238
26896652018,26896678970
26897309494,26897313446
26897905401,26897957879
26897908084,26897920953
26900816104,26900826769
26900830825,26900839902
26907671901,26910529555
26910817490,26914474191
26918369446,26918378280
26919077943,26919135396
26921460449,26921501197
26923348252,26931475998
26924516669,26924601896
26931748979,26931770870
26941494257,26941571422
26941696317,26941705893
26944840614,26944879390
26953576245,26953625502
26955672653,26955681026
26957144788,26957149623
26957204744,26957210590
26959198575,26959247969
26960329902,26960356517
26961505449,26961515927
26961867750,27007399660
26962748749,26962754031
26963111424,26963131530
26964185316,26964210728
26964529611,26964532802
26964941196,26964949645
27007551868,27007563989
27011416519,27011428243
27014885650,27014895295
27015219150,27019375425
27019450185,27019455858
27020247862,27023287546
27026730032,27026739754
27029230109,27029234413
27029512542,27029521082
27030944682,27030951424
27037219055,27037239739
27037731392,27037736060
27038481910,27038544294
27038818899,27038871748
27039817353,27039843279
27040439217,27040450289
27040547557,27046203277
27044210248,27046256998
27046544633,27046551545
27051075360,27051091424
27058611269,27058614633
27060022206,27060072689
27061499039,27061528818
27061743310,27061792908
27061971213,27061981504
27062113004,27062129960
27062179525,27062191656
27063234005,27063239214
27064913272,27064930943
27065341973,27065356704
27066819461,27066862781
27068095279,27068099145
27072116529,27072122055
27072546262,27072557014
27077119106,27077127188
27077299042,27077304725
27080410834,27080418100
27084739677,27084909393
27085734988,27085745191
27086102470,27086107131
27091119247,27091140546
27092218741,27092223643
27102226148,27102235396
27103125761,27108055119
27103484540,27103493895
27104394723,27104402946
27108701279,27108710507
27110042415,27112889444
27111346288,27111351427
27113531421,27113568981
27113852573,27113865971
27115054568,27115070044
27115348120,27115352563
27119722308,27119743885
27119827588,27119836465
27121228726,27121233370
27122266094,27122271102
27122520809,27122524307
27122775264,27126010032
27122917265,27122922253
27126200275,27126210786
27126221200,27129193402
27126288750,27129190990
27129831243,27129836208
27130047209,27130052424
27134128898,27134139429
27134168720,27137980219
27135207260,27135214828
27135494434,27135499031
27137823944,27137831956
27138223033,27138232542
27138479950,27144990790
27138543347,27138609212
27138624003,27138692394
27139281172,27139293924
27141105023,27142028253
27142585264,27142588692
27143197997,27143202183
27143208838,27143251444
27144509444,27145045850
27151267338,27151292516
27152330375,27152350167
27152530621,27152547456
27153120541,27153130347
27154407482,27157067185
27154441270,27154456321
27154466341,27154470491
27156561075,27156581659
27157154403,27157159505
27159161164,27159199837
27159401529,27159409748
27161743291,27161753197
27164966824,27164971759
27167951969,27171059083
27172382197,27178699106
27172845137,27174967128
27175866109,27175877408
27175937049,27175946237
27177317389,27177332073
27177512310,27177524765
27177929490,27177949781
27179800745,27179843711
27183301502,27183308207
27185680690,27185684646
27188565624,27188575139
27190088466,27190928103
27191393736,27191398200
27191500065,27191510018
27191615746,27198002926
27192130298,27192141230
27192570215,27192592232
27196505409,27196511563
27198686433,27198703646
27205525037,27205530332
27206156923,27206176566
27206344149,27206353184
27207117393,27207130226
27207232178,27207244734
27209748270,27209751925
27212748146,27212813630
27214460890,27222684859
27219062485,27219071499
27219420592,27221858553
27220081904,27220090921
27222034921,27222747868
27222249289,27226031974
27226585858,27226596195
27227104690,27227107770
27227981593,27227992391
27228148626,27228160497
27228524160,27228555757
27230674894,27230683280
27231176149,27231187248
27233200664,27233206448
27234254734,27234297005
27235022321,27235038993
27238884028,27238889367
27244468467,27244493118
27248227123,27248236656
27250601471,27250692227
27253861932,27256756892
27257485406,27257497995
27260530396,27266750541
27263059250,27263074455
27263524262,27263528551
27267074489,27267084833
27269857715,27269868159
27273245651,27273253506
27273468753,27273478562
27273619638,27273655615
27274858568,27274870262
27276071197,27276074074
27277636929,27277664446
27279878776,27279884323
27280008730,27280015322
27280875547,27280881647
27281258368,27281273620
27281324250,27281345429
27281581161,27281589593
27282752995,27282762053
27282853949,27282865749
27287986974,27287991856
27290191399,27290196110
27290819771,27290830990
27291132577,27291148795
27293012131,27293017319
27293651642,27293662667
27293995313,27294000234
27295097530,27295110062
27296197439,27296209486
27296604847,27296633316
27296720948,27296777395
27298116727,27298123229
27298672408,27302470115
27299320449,27299402552
27302861436,27302873617
27303978166,27303981878
27307575520,27307581587
27308310619,27308317301
27309859254,27309863477
27310103732,27310125349
27310367696,27310384184
27311045044,27311105334
27313136738,27313143541
27313557016,27313561560
27315892821,27315902055
27315901467,27315905323
27315948489,27315963641
27316363679,27316371774
27316486593,27316496379
27318026525,27318039118
27322599623,27322605200
27325544766,27325554225
27333333990,27333337218
27335997446,27336009259
27338774961,27338782963
27340599280,27341611032
27345212632,27345224322
27345791857,27347632447
27347789363,27347798487
27349705070,27351629969
27356138521,27356140649
27356269868,27356303950
27358225514,27358242991
27360207030,27360258208
27360408319,27360419755
27362189194,27362237292
27364633002,27364636660
27369445106,27369450866
27371803710,27371820642
27372603769,27372669494
27373901812,27373914782
27374546979,27374557139
27375282913,27375311633
27376452049,27376467481
27380125458,27380130683
27380559070,27387514116
27383120042,27383124181
27384729030,27384736113
27384934822,27384959947
27385020801,27385063543
27386303004,27386309679
27386750237,27386800547
27386975131,27387028023
27389767624,27389772064
27391440918,27391453974
27391777168,27391795129
27393557452,27393564532
27394287857,27394296520
27395274032,27395280611
27396820556,27396838495
27404515740,27404573139
27404791113,27406569142
27405012678,27405018224
27409796136,27409802725
27411207418,27411215780
27413170016,27413179779
27414143463,27414148100
27417362141,27417379408
27417983149,27417990827
27418245025,27418266097
27418737433,27418749771
27420295757,27420328242
27420572169,27420585570
27420879613,27420889820
27422033125,27422711079
27422307593,27422315742
27426304724,27426308960
27426531929,27426605873
27430107395,27430111909
27430354008,27430359123
27433254461,27433262991
27433866389,27433875700
27435971848,27435980842
27438864950,27438874960
27441376080,27441418077
27443352965,27443362210
27443759241,27443763828
27445675315,27445684563
27449894589,27449905842
27450654459,27450657676
27457453194,27457462345
27465444562,27465448284
27465593710,27465618213
27466525620,27466535667
27467635548,27467696115
27468596182,27468601167
27468597007,27468606646
27469283219,27469365206
27469759493,27469788414
27470799888,27470865359
27470940800,27470950750
27474334977,27474347720
27474902495,27474912124
27479059746,27479067945
27479294495,27479298956
27484829096,27484841327
27484840121,27484846533
27485621280,27485649859
27485937267,27485958142
27487962099,27487966997
27489751521,27489762777
27489802362,27489820280
27489827590,27489831666
27491661124,27491668849
27491801038,27491810997
27495399654,27497345942
27495827229,27495830236
27497772247,27504345007
27506630167,27506654123
27507583180,27507587202
27508358512,27508373667
27510394306,27519240657
27510669576,27512132463
27520281469,27520296129
27522420993,27526101121
27523136593,27523175246
27524012003,27524020459
27524160864,27524165615
27524394644,27524403281
27524966626,27526125317
27525362842,27525373165
27526238555,27526294334
27529607665,27529611878
27530351286,27530357374
27531247401,27531250521
27532671412,27535289572
27535850826,27535906398
27541683949,27541690595
27541830445,27541837160
27545999045,27546026488
27551376973,27551427690
27559101157,27559106168
27559201064,27559214041
27559672160,27563177367
27561098055,27561103645
27561387293,27561431051
27563329388,27563351970
27565667749,27572136314
27576711033,27576720077
27577600906,27577608019
27578005879,27578009968
27579114180,27579146505
27580251792,27580262667
27586558995,27586562937
27591051006,27591058222
27592152087,27599053446
27596410678,27596422476
27597755894,27599088878
27599870013,27599888265
27600429015,27605111927
27602803816,27609841219
27609316537,27609952897
27617187490,27617197339
27618552003,27618559571
27619036028,27619042854
27621826140,27627881049
27623757473,27623803723
27623909224,27623919557
27630084264,27630094371
27631231682,27638025713
27638043645,27638084272
27638991986,27639005835
27640076893,27640086689
27643184702,27643200038
27645113286,27645240650
27646189419,27646201384
27651072070,27651081809
27651324693,27651333584
27658624720,27662033264
27662360183,27662367891
27663002080,27663011886
27663227481,27663239736
27663885338,27667020145
27664041555,27664045648
27664628685,27664633233
27666876600,27667040282
27668304002,27668308235
27671991741,27671998684
27674471849,27677915501
27674654909,27674671852
27675017524,27675026755
27676312563,27676335232
27676394720,27676402518
27676615994,27676682137
27676729791,27676736810
27678140969,27678148402
27678231150,27678243532
27679302593,27679306556
27679657747,27679667533
27679676487,27679684005
27681805975,27681812741
27682409587,27688705971
27682611941,27682619001
27695108995,27695114945
27695201024,27695205976
27695251808,27695261116
27699708725,27699754911
27711350716,27711367037
27711709214,27711721192
27712489694,27712508705
27722103395,27728621030
27722184606,27722194322
27722305148,27722315368
27722838243,27722891018
27723069728,27727837944
27724065910,27724095495
27732189614,27732194746
27732440069,27732446194
27736558474,27736684398
27736787860,27736793998
27739830986,27739845904
27741122795,27741139761
27741365549,27741401392
27742330048,27747800734
27742772608,27742780680
27744824406,27744951904
27745087106,27747855778
27751014688,27751028360
27751046311,27751056969
27752442732,27752456838
27753937710,27753950536
27755846758,27755884586
27757924226,27757934854
27758057374,27758064129
27760047015,27760053397
27768824420,27768829789
27769138004,27769142154
27769384066,27769388967
27788389701,27788409754
27791792495,27791801145
27791974556,27791978237
27793952771,27793962717
27794854451,27794895309
27805145263,27806715375
27811254481,27811261096
27815148570,27815153268
27816527581,27816532996
27816743613,27816755638
27819976491,27819990059
27822171851,27822176729
27822381769,27822383998
27823999541,27824006521
27824000547,27824012308
27826194307,27826201460
27828592816,27828600842
27828925311,27828929013
27835627731,27835639671
27840155220,27840160128
27840269464,27849385124
27844339530,27844351317
27846171661,27846192850
27850754238,27850756964
27852542747,27852590555
27853673136,27853685522
27854038594,27854053358
27854346683,27854355924
27854430102,27854442661
27857954771,27857959773
27858140093,27858144780
27859794185,27859797871
27860783328,27863613672
27861398329,27861408580
27863783982,27863788279
27864879521,27864885635
27867840864,27867911805
27868135171,27874546037
27868229128,27868234651
27868297232,27868306734
27868685526,27868691968
27873675485,27873690202
27878837167,27878894907
27880174928,27880185994
27881901251,27881910609
27885889137,27885895057
27886674762,27889543462
27887389317,27887396597
27889089423,27889118931
27890152516,27890159075
27891727493,27891736694
27896732887,27896775368
27902828500,27902839442
27907410656,27907463448
27910030009,27915454512
27911746028,27911798436
27917120836,27917159001
27917154547,27917184553
27919605184,27919666198
27919623336,27919652427
27921511580,27925429153
27923911105,27923921549
27924579383,27924587889
27924970346,27924975130
27925857055,27925864823
27928661483,27928708164
27929756988,27929813990
27930909642,27930914496
27931965816,27931996326
27932045443,27932054481
27932217905,27934450287
27935403811,27935408689
27935600275,27935619666
27935749182,27935752991
27937243061,27937252670
27937583451,27937591694
27939084403,27939096632
27941713055,27941735948
27946395546,27946463840
27946935500,27946946078
27947524498,27947536032
27949872090,27949884058
27953489036,27953492677
27960932427,27960955116
27962077426,27962118545
27962358389,27962365646
27965080811,27965117452
27968650427,27968666514
27969095719,27969116133
27969214370,27969223274
27969438518,27969483388
27972439633,27972443763
27972697192,27972710048
27972731374,27984344241
27973420898,27973442979
27976336004,27976344213
27978571504,27978575386
27978661352,27978714204
27979621851,27984332137
27983014428,27983055349
27985279219,27985283365
27988461890,27988493868
27990297021,27994084207
27992021861,27992032960
27992941172,28000292287
27993104326,27993111492
27998849209,27998899301
28007513137,28007559561
28007597746,28007601599
28007831012,28007846698
28008714026,28008726408
28008918696,28008930155
28009338212,28009348399
28009564936,28010375242
28011050399,28011059984
28013759797,28013780391
28014166112,28016304875
28014406535,28014420604
28017355870,28017366201
28017455718,28017465607
28022442526,28022490770
28022852740,28022861784
28023043140,28023049665
28023238047,28023266503
28024370879,28024411930
28024760005,28024768658
28030295975,28038200796
28032343717,28032349530
28032615338,28035371511
28038474071,28038481211
28038530177,28038543247
28038655804,28038695883
28039268126,28039272509
28040943407,28040951713
28042430731,28049976379
28045296223,28045308809
28045653967,28045675891
28046414347,28046426155
28046451116,28053169725
28050117448,28050176552
28050550452,28050556002
28050712534,28050719109
28050744574,28050755416
28051274786,28051283560
28053523874,28053546075
28053780931,28056218287
28054219204,28054250710
28055427757,28055435368
28056318362,28056327002
28060460982,28060466615
28060569089,28063281046
28061181932,28061186048
28061401636,28061413066
28061651082,28061659786
28062240936,28062297556
28063088912,28063094181
28066162077,28066170954
28070207486,28070212521
28070612599,28070668879
28070706279,28070722426
28073295202,28073309204
28074857549,28074870145
28082260644,28082352216
28085314936,28085341203
28086497869,28086512049
28086971608,28086975467
28093151319,28093202875
28096252258,28099127409
28099721065,28099757699
28099989699,28099993247
28100154416,28100164914
28100413097,28100420387
28102207173,28102218169
28102433366,28102439360
28103806827,28103809566
28104140431,28104162693
28104346734,28104375003
28104971983,28104975454
28105181383,28105245318
28105356872,28105370728
28106265853,28106269849
28107008252,28107023995
28107045899,28107052280
28108008954,28108017731
28109099862,28109108632
28109944832,28109948978
28113856281,28113862054
28114438500,28114443030
28115332760,28115360357
28115397098,28115406049
28115434394,28115471066
28117880434,28117943139
28118707258,28118716352
28119731759,28119769069
28120232433,28120239572
28120266107,28120278997
28123104259,28123146908
28133736788,28133748291
28133918989,28133924284
28136157632,28136162727
28138874568,28138913858
28139172229,28139183408
28146806354,28146819354
28146882998,28146893479
28148260355,28148274908
28151309972,28151318599
28158140588,28158214238
28158597500,28158606170
28159548284,28159590729
28159718053,28170020248
28162143889,28162152943
28162778512,28162780768
28163575113,28163592744
28163673568,28163682201
28163914040,28163923706
28164741288,28164749140
28165083586,28165104785
28167696401,28167702906
28168296394,28168308191
28168580461,28168619387
28169276489,28169279222
28170131298,28170145815
28175268760,28175280688
28175570671,28175577233
28177292745,28177334314
28178588001,28178592375
28181704283,28181707417
28182249433,28182259052
28182520248,28182547040
28182564441,28182573645
28184689000,28184701175
28185813800,28185855342
28189699764,28189715159
28192384578,28192408928
28192396729,28192406505
28194891221,28194937752
28197128431,28197137285
28198015872,28198070227
28200322994,28200327571
28204940037,28207996002
28205358654,28205364000
28212911278,28212920342
28213913985,28213923374
28214966959,28215065510
28215009835,28215015935
28215765347,28215778698
28216117772,28216130471
28218992612,28218996478
28221964076,28224852584
28227057096,28227066881
28227262771,28227268103
28228181344,28228192279
28229124951,28229133404
28229178508,28229190282
28230265517,28230273843
28230798983,28230808515
28230897841,28230904630
28231303322,28231371813
28232470359,28232477104
28232926396,28232931267
28234042362,28235673468
28236126037,28236134132
28236314533,28236323734
28236801408,28242862024
28239766500,28248849725
28243251176,28245914802
28243315465,28245940281
28246019310,28246031224
28246494488,28246499129
28246812066,28246827291
28248188750,28248198002
28249806973,28249821203
28251041182,28251061569
28251113817,28251156997
28253605171,28253616093
28253972266,28253980408
28253994527,28253997471
28254836507,28254845571
28254939758,28254943941
28255724555,28255728611
28256223746,28256229783
28256492520,28256501778
28256524664,28256532513
28257005526,28257016748
28257075203,28257092864
28257215234,28257257137
28258429881,28258433813
28259144769,28259160416
28259406785,28260852964
28260695640,28260702262
28261399002,28261409142
28262330398,28262336332
28263898535,28263906053
28267988066,28268015730
28272646776,28272656822
28273268105,28273279685
28273960879,28273991086
28274614283,28274654225
28274844434,28274854311
28275210550,28275214607
28277584757,28277599585
28278207623,28278216928
28280133116,28280137410
28280134376,28280142154
28281628486,28281632014
28283774071,28283779754
28286052329,28286056863
28286274756,28286287372
28286484377,28286500401
28286521423,28286549338
28288863987,28288878373
28289461785,28289478360
28292446542,28294817859
28292549009,28292560035
28293249348,28293257751
28294984975,28295030574
28296099114,28296110523
28296718872,28296737836
28298138577,28298141851
28298313588,28298317590
28298420749,28298424852
28302036004,28302044460
28304813091,28304819319
28305614450,28307795126
28307986916,28307994677
28309201523,28309206334
28316945549,28316951777
28318006174,28318017246
28318028873,28318063737
28318439863,28318450086
28323471604,28323475837
28323737739,28323744832
28324817792,28324830334
28328821067,28328830074
28329099433,28329104679
28329662508,28329669865
28331272121,28331280220
28331862726,28331872839
28332340323,28332353624
28334967728,28335729428
28335905489,28335913380
28336833573,28336844121
28337214661,28337230300
28337577676,28337619222
28338286414,28338294162
28338974578,28338978483
28340216658,28340228613
28341064484,28341073876
28343260690,28343290318
28344666094,28350635589
28345145596,28345182180
28346212641,28346257940
28350867840,28353679594
28353879028,28356634994
28354900111,28356714912
28357302253,28357315600
28357480755,28357511336
28361183051,28361193923
28367844018,28367851712
28368945664,28368949650
28371001936,28371006336
28371231710,28371272658
28376351298,28376357736
28377987262,28377995210
28380571043,28380588062
28383197349,28383238989
28385475307,28387589589
28386990294,28387043457
28387857378,28390584932
28388777739,28388787661
28389968033,28390625682
28390481914,28390486464
28391441889,28391452049
28391477668,28391488012
28392204554,28392265910
28395658931,28396545697
28398209676,28398212268
28402075566,28402082325
28405528543,28405569130
28406536599,28406555239
28408896666,28408918059
28409208584,28414582236
28422455003,28422474712
28422795824,28422847510
28424852146,28424895623
28425622820,28425629536
28431014403,28431021546
28431384194,28431395571
28436665747,28436672653
28436810127,28436823037
28436877820,28436893837
28437377725,28437386446
28440602140,28449472683
28440719538,28443438001
28441882095,28441892459
28447476701,28447489377
28452235715,28452245568
28452250790,28452292206
28454181632,28454190356
28456249909,28456263300
28456351179,28456355048
28458667456,28459467641
28460314712,28460320225
28464708072,28464721179
28465396206,28465413181
28466823905,28466828405
28468348010,28468350496
28469516203,28469567585
28474622932,28474670214
28477891352,28477901124
28481614603,28483358008
28484186760,28487414887
28484512383,28484534190
28488053633,28488067766
28489895720,28489899592
28490983651,28490992989
28491349657,28493365261
28493482248,28493524844
28493635452,28493669294
28493747685,28493763682
28493873001,28493877552
28494793729,28494801778
28506683620,28506691645
28508367852,28508374818
28509014106,28509020778
28509033343,28509040249
28509455172,28509465368
28509556018,28509559747
28510853202,28510867733
28514189974,28514201233
28514968864,28514978008
28517310632,28517385736
28517612399,28520466458
28520465476,28520472993
28521100751,28521109638
28530971559,28530981502
28534850339,28534856878
28538076101,28538087357
28538343465,28538354571
28540760387,28540772258
28542425215,28542436076
28543555731,28546105423
28552386325,28552395329
28553957242,28553961495
28557521756,28565223922
28558592697,28558598163
28559040970,28559045671
28560838257,28568950447
28561014952,28572247042
28566637348,28572282197
28567226393,28568286139
28568467849,28568472580
28568619556,28568624023
28569504421,28569508467
28569877924,28569923182
28576176216,28576191374
28576369412,28579169400
28583042905,28583051047
28586438996,28586444860
28587003143,28587024763
28590549689,28590559595
28595304320,28595383948
28596833197,28596879882
28596917027,28596921184
28600235503,28600239746
28601287090,28601350613
28602489268,28602502275
28603652640,28603663522
28603745124,28603754398
28604570057,28604575386
28605362020,28609114566
28607279822,28609972842
28609334367,28609916168
28609710393,28609713951
28610271650,28610281289
28610282364,28610287125
28610731656,28610736561
28611622889,28611628094
28612947861,28612956127
28612977099,28612984228
28617024916,28617030599
28619284381,28619330531
28620248042,28620257724
28624311556,28624319440
28625145890,28625193744
28627586688,28627591475
28627766476,28627775865
28627894626,28627899985
28628008115,28628013714
28629297197,28629301791
28629353748,28629359361
28629518104,28632118948
28629555648,28629567128
28629892857,28629925195
28631019387,28631070459
28631121146,28631125696
28632067533,28632070784
28632530937,28632547191
28633766362,28633771922
28636242468,28636278795
28636461450,28636499722
28637377334,28637386114
28638760727,28638769454
28638846232,28638851273
28639133368,28639206544
28642504496,28642510279
28643594886,28647022376
28644517762,28644530829
28644547263,28644554991
28647164408,28647173258
28647392518,28647399090
28648948180,28648952303
28649592713,28649636588
28652499711,28652523309
28652973853,28655054044
28653485840,28653490417
28655448121,28655492845
28656990990,28657004969
28657608718,28657616756
28657902527,28657909997
28658203917,28658234584
28659019151,28659026247
28659186644,28659198392
28659896194,28659900521
28659972731,28659985628
28667837804,28674027020
28668580781,28668584129
28669511021,28669514024
28671453563,28671467505
28677056712,28677072191
28682063352,28682071467
28682262355,28682273832
28682480820,28682485133
28683748179,28683751961
28684206228,28684214416
28684649976,28684654156
28684777785,28684788917
28685168949,28685178367
28685405349,28685448846
28686076991,28686119165
28686773013,28686778709
28687881855,28687884424
28688019116,28688023466
28688116274,28688125365
28688123540,28688134616
28688318942,28688323633
28689275229,28689283568
28693247418,28693255894
28693987923,28693995838
28695666074,28695682195
28699028936,28699039868
28699195177,28699215995
28702783416,28702792036
28708150472,28708170315
28713409472,28713415827
28715147018,28715159450
28718210825,28718221777
28719053900,28719058895
28719669833,28721891033
28719998125,28720012268
28722530618,28722533899
28722989769,28722994189
28723291205,28723330907
28723523018,28724886148
28725502041,28725509405
28732237166,28738832959
28735195944,28735213658
28735385144,28735404973
28735423590,28735464324
28738967146,28738979387
28739078510,28739090765
28740204468,28740214431
28740622992,28740638124
28741199768,28741206290
28742732103,28742749222
28743338531,28743343429
28743380284,28743389034
28745448754,28745452503
28745495135,28745502983
28751085270,28751125847
28758124488,28758130812
28761493597,28761502868
28762670821,28762685595
28763310335,28763312945
28766376952,28766826822
28771137384,28771146020
28771568326,28771577878
28772699193,28772702029
28773008615,28773011875
28773847229,28773853116
28776706403,28776729116
28777320479,28777328488
28778135864,28778153428
28779294057,28779336782
28782172880,28782182064
28783899249,28783908641
28784523986,28784530007
28785597410,28789761042
28785864100,28785869924
28790606881,28790615203
28790854713,28790857162
28805029925,28805041178
28805552640,28805579485
28805611062,28805619331
28806526567,28806536550
28810953418,28810974409
28811252218,28811257520
28811480653,28811490980
28815491562,28815523115
28816696393,28816718811
28818704176,28818716100
28818746788,28818752277
28818915144,28818922230
28819006495,28819011710
28819044559,28819050002
28820915206,28820917394
28821455484,28821463663
28821887115,28821896991
28834612767,28834624204
28834750318,28834793224
28834858265,28837698398
28835053395,28835067368
28835192049,28838640595
28835587834,28835602027
28836115971,28836159134
28836213981,28836253990
28837906028,28837908988
28839466190,28839472735
28845455361,28845464896
28845546849,28845555101
28849547007,28849552105
28849595733,28859579709
28853423194,28853431377
28853593398,28853610163
28853689837,28853705223
28856676743,28856684792
28858044464,28858053705
28859129164,28859153494
28863679453,28863690692
28863913741,28863918121
28870275463,28870286699
28874402871,28874406543
28876424336,28876437998
28878197063,28878210775
28883694825,28883716719
28884399453,28884452763
28886158963,28890590648
28890931415,28890940075
28891886579,28891891350
28891919559,28891925613
28898779054,28898797012
28903118362,28903128215
28905655519,28905668562
28907659223,28907666426
28910131185,28910139167
28913184368,28913201681
28918129456,28918137768
28918820092,28918828491
28921836643,28921877501
28925964496,28926001658
28925974078,28936424168
28929315206,28929359592
28933861185,28933870757
28943531884,28946450425
28949542314,28953258224
28949898280,28949903301
28950180485,28956419249
28950846501,28950856978
28950927468,28950939613
28953014200,28953017916
28953356288,28953412735
28956581685,28956607538
28956812829,28956822251
28957900820,28957906547
28963947921,28963957270
28965911693,28965917750
28968021739,28968025271
28968802530,28968827956
28969462328,28969471523
28969662327,28969677499
28970124171,28970138160
28970157879,28970166569
28970460395,28970469777
28970531265,28970538175
28971139625,28979360316
28971666509,28971669987
28971747503,28971755204
28974175951,28974190776
28976547078,28979357152
28980658272,28986332839
28984065442,28984073939
28986565139,28986575276
28987517834,28987572106
28993451209,28993511606
28993969935,28993973978
28997037771,28997051690
28997813170,28997845525
29003335235,29003340153
29003419559,29003459579
29003658695,29006322030
29004882895,29006346266
29006484459,29006548941
29006497656,29006502862
29007735149,29007742039
29008154589,29008183165
29013607484,29013616902
29013717003,29013722005
29014280469,29014284969
29015355045,29018326285
29020040694,29020048732
29022666038,29028326312
29022776326,29022793796
29028000843,29028008908
29028845799,29028860570
29029834183,29029845118
29031263282,29031277395
29031479756,29031492348
29031525883,29031533169
29034788436,29034797737
29035931180,29035937010
29036010767,29036015110
29037304293,29039349573
29039425211,29039431462
29040107434,29042402084
29044711571,29044720395
29045513945,29045539792
29048522010,29048528699
29049171792,29049213492
29055391048,29055432253
29055539982,29055546901
29057410014,29057437380
29057797255,29057800887
29059508633,29059524440
29064222724,29064261120
29067260361,29067323617
29068088819,29073158017
29068513483,29068517663
29070623122,29070632076
29070980678,29070988390
29071317133,29071326197
29071412583,29071422299
29074018669,29077201712
29074057178,29074093940
29074178225,29077214565
29077265439,29077356226
29078222735,29078226570
29080042941,29080073044
29080173135,29080180399
29080453029,29080463506
29081554464,29081607968
29081988497,29086129373
29083675098,29083680284
29084217802,29084221889
29084977144,29084982526
29085008597,29085015396
29089382515,29089388362
29090559866,29090564627
29090562665,29090567476
29092328215,29092366691
29095667282,29098201041
29098231267,29101261674
29098682871,29098695203
29108320694,29108329912
29108769504,29114122441
29109420890,29114133136
29111852232,29111868603
29112082965,29112090232
29114080832,29114090067
29114233301,29114238279
29114449347,29114464495
29114703711,29118138192
29115597266,29115600858
29117311488,29118188775
29117386117,29117393942
29117587977,29117591963
29118163570,29118168478
29118655798,29118659737
29118995293,29119010678
29120357273,29128121693
29128395683,29128406097
29128678320,29128686014
29128908625,29128919337
29129103933,29129107642
29129255373,29129258952
29129686590,29129699176
29131855786,29131870447
29131890647,29131895471
29131967107,29137100874
29135074331,29135083729
29135194188,29135198925
29136010317,29136019231
29136018266,29136049581
29136671973,29136685394
29137236972,29137247379
29137313860,29137325249
29137882474,29137892838
29138789126,29138800642
29140458737,29140473281
29146232718,29146246142
29148588879,29148632620
29150253089,29150266279
29150502415,29150570739
29150924634,29150927921
29152329100,29157998902
29156213707,29156218598
29158959085,29158988539
29160413325,29160428307
29160894651,29160899616
29160950377,29160959010
29163998828,29167090493
29167265060,29170031242
29167598420,29173048101
29167840192,29167844616
29170125774,29170143064
29170427511,29170488188
29176266024,29176318859
29176455692,29176494141
29176932290,29176942494
29177404081,29177431785
29178153182,29178158354
29178372054,29178380477
29184151641,29184192549
29185920465,29185938330
29186599137,29186603778
29188181507,29188186986
29188386046,29188401639
29188712053,29188716841
29195274716,29195319727
29195890065,29195896242
29196009614,29196022588
29196411944,29196451913
29197994094,29200920580
29199223381,29199280209
29204310097,29204320387
29206211257,29206222035
29206392479,29213887760
29209570550,29216872461
29209653966,29209657922
29214017914,29214072036
29217806410,29217845864
29218865039,29218874124
29221400382,29221423021
29221776254,29221784132
29222574178,29222583857
29226919547,29226927451
29233049426,29233067728
29234247013,29234253635
29234555580,29234562696
29236021324,29236030388
29237223452,29237251828
29237614085,29237619962
29238329702,29238340644
29241007240,29241058608
29241458309,29241468496
29241593047,29241659881
29242135804,29242141404
29242431728,29242481841
29245577040,29245588320
29245926234,29245999226
29246039713,29246108041
29246101399,29246106300
29252092641,29252139710
29252179936,29252216988
29252994625,29252998939
29253953080,29253966097
29255090569,29255099971
29255619278,29255628659
29255800934,29255810386
29255864080,29255884741
29256182970,29256227062
29256700249,29256708007
29259011403,29262836106
29263503114,29263508623
29264410340,29264416835
29266688518,29266715878
29266995451,29266999641
29267857530,29272769959
29268745900,29268753474
29278388173,29278453624
29280545552,29280580883
29282986703,29283575992
29284074835,29284091323
29287590499,29289781305
29288044061,29288052383
29290307518,29290317578
29291068707,29291078319
29296097218,29296101348
29299921095,29299925562
29300657894,29300700169
29300916084,29300963644
29301374691,29301389776
29301390511,29301395455
29301874095,29301881245
29304466817,29304475961
29305246077,29305252208
29307868020,29313693309
29307883219,29307892594
29312640549,29312661725
29312985490,29312997912
29314030040,29314034601
29314397446,29314414442
29314759229,29314764768
29314973060,29314979485
29320227777,29320231492
29322389676,29325663234
29323378448,29323392604
29325580744,29325587496
29326184683,29326189240
29327043421,29327047848
29330475265,29330481807
29330854398,29330863181
29331743212,29331754541
29331927120,29331931427
29333500413,29333556305
29333535096,29333541765
29334005122,29334012787
29341297913,29341303435
29341767544,29341773288
29342826525,29342869508
29343068995,29343074321
29346419318,29348754237
29364549790,29364553756
29366543180,29366601599
29369824808,29369837524
29369959392,29369962416
29371074021,29371116372
29375783698,29375793561
29376292354,29376295832
29376391116,29376400781
29376725131,29376728776
29378960076,29378964269
29381710088,29381749759
29381807182,29381816858
29382277409,29382280623
29386896734,29386905948
29388359347,29388382484
29388995420,29389014839
29389601555,29389609045
29392619178,29395614393
29392749092,29392819822
29396571154,29396582153
29405925435,29405941626
29407731339,29414504171
29408685674,29408765445
29414999519,29415046564
29415268437,29415279656
29416810113,29416816508
29418589478,29418596909
29420186633,29420196088
29423604308,29423610562
29425020457,29425032214
29427551854,29427565869
29427612978,29427623416
29428059550,29428065420
29428125746,29428135268
29428466026,29434245492
29441237267,29441273390
29441420089,29441432264
29446209832,29446217169
29447858839,29447872852
29449018349,29458392546
29451183994,29451192039
29455344064,29455349253
29457532919,29457538051
29457561866,29457577044
29458737774,29458744442
29464653986,29464659168
29468254577,29468305240
29468618304,29468626339
29468850380,29468920659
29470234308,29470244853
29475176744,29490326020
29480343070,29480353781
29483698223,29483726031
29489947342,29489953817
29490510029,29490521131
29490794747,29490803420
29490817840,29490839119
29496081735,29496088684
29498152457,29498160836
29498488587,29498504480
29499733885,29499739625
29505153977,29505209806
29505901023,29505907595
29506100307,29506106435
29506615244,29506627573
29506717517,29509331000
29508246758,29508263263
29508669829,29508729303
29509895394,29509900232
29515800591,29515813712
29516347565,29516415048
29516728623,29516736691
29517849640,29517853733
29520132536,29520136782
29521744160,29529090497
29521780364,29521783935
29523394273,29523515253
29527781509,29527791448
29529310262,29529341654
29529543494,29529553009
29531679724,29534381815
29536034100,29536058537
29540850554,29543276972
29541278300,29550263909
29544886521,29544894283
29547863464,29547870999
29551032709,29551039661
29551453417,29551502721
29552430860,29554120003
29552687336,29552730926
29552749610,29552758594
29556491691,29556510741
29557497007,29557544688
29560974410,29560994944
29561131827,29567303674
29567317449,29567335250
29568546726,29568550118
29570713490,29570722865
29574337556,29574385219
29576196522,29576205128
29577088526,29577097928
29581546094,29581553692
29581578302,29586137732
29585186928,29589122884
29589217145,29589248127
29590338670,29590345870
29590606860,29590615022
29592037035,29592040991
29593084075,29593152410
29599506701,29599516868
29600662185,29600678813
29601507815,29601518233
29604479069,29604485006
29606211192,29606259052
29607108164,29607114653
29607133152,29607137325
29607260647,29607273480
29607275498,29607288231
29609279853,29609291794
29611392535,29611437917
29614707754,29614731959
29614768908,29619078701
29620222812,29620249287
29621182380,29621189807
29622793065,29622853197
29625161372,29625191946
29627255541,29627259821
29630684071,29630736536
29630730655,29630738918
29630875908,29630886151
29630953908,29630958976
29633677329,29633686129
29635357277,29635365874
29637603308,29637608510
29639507088,29639519092
29641021404,29641030712
29642212490,29642219934
29642711008,29642718339
29643329137,29643338081
29644073614,29644084620
29646677692,29646680081
29647122570,29647175339
29647398735,29653104752
29647676991,29647737498
29650474824,29650484413
29653559142,29653572048
29654307782,29654320281
29654353668,29654365321
29656318054,29657065141
29656452542,29656459060
29657169331,29657175215
29657841969,29657860134
29658037935,29658083180
29658502008,29658508175
29665649997,29665673929
29667160394,29667170627
29667706640,29667716148
29668907090,29668916820
29670629193,29670632999
29671634229,29671656772
29672364043,29672369759
29672929165,29672932653
29673947946,29674014139
29674062357,29674076791
29674614828,29674634363
29677368501,29677377124
29678185466,29683937044
29685880339,29685893432
29692762092,29692768296
29696663936,29696668369
29696759159,29696773008
29700188879,29700194946
29701522912,29701527836
29701961602,29702034450
29703258576,29703268175
29704056012,29704060342
29704207977,29704216767
29704894587,29704904630
29706233127,29706243253
29708226594,29708231462
29709876958,29709888097
29711531581,29711539653
29711649227,29711662417
29712760889,29712784206
29717751011,29717757189
29717855593,29717867838
29718407902,29718436816
29722967119,29725935251
29723016636,29723056873
29723585361,29723652189
29724857056,29724867383
29725240088,29725268220
29725421938,29725427221
29727177726,29727183904
29731808391,29731816092
29732184169,29732235932
29734664087,29737939339
29734681076,29734725609
29735530556,29735541588
29735753555,29736890485
29738130427,29738138095
29740243116,29740256033
29741649894,29741662587
29742465228,29742500814
29743095525,29743130937
29743606295,29743613231
29744157913,29744162173
29744262141,29744269815
29752141169,29752155262
29755406535,29755453671
29755772434,29755776206
29758383281,29758390949
29766715166,29766722670
29769847796,29769852005
29769955692,29769960486
29777028447,29777036729
29777395595,29777438417
29778836729,29778889848
29782607473,29782621318
29786648144,29786654222
29788269601,29788274115
29788697497,29788720413
29790712123,29790735430
29793397689,29793405671
29793659150,29795786306
29793784580,29793790433
29796997304,29797012506
29798009741,29798017408
29798858342,29798906600
29801948653,29801973280
29802890480,29802898087
29806452214,29806459391
29807630283,29807678395
29807915436,29807925379
29809385433,29809395707
29813353386,29813362504
29813738503,29813787001
29822045390,29822056502
29822061303,29822067137
29822324572,29822329022
29822807959,29822812914
29823991400,29824049902
29824263272,29827711210
29824486254,29824529450
29825385629,29825404496
29825907879,29825912707
29825921761,29825924621
29826297055,29826338184
29827936962,29830779377
29831809678,29831820517
29837126211,29837130999
29837739261,29837777516
29838055619,29838065007
29838415056,29844773053
29845392224,29845398021
29845512796,29845516745
29849525847,29849530183
29849600723,29849611057
29850029607,29850037492
29858793103,29858810246
29859089414,29865687716
29859151688,29859202101
29862603419,29862613057
29866941881,29866946659
29867007630,29867020513
29868084866,29868093643
29868495478,29868508144
29870538309,29870547317
29874355290,29878548765
29875491830,29875530042
29875873302,29875899870
29877162227,29877169383
29877167553,29877172334
29877436728,29877447072
29877516609,29877527037
29878770905,29878774964
29885333795,29885344960
29886638897,29886656999
29886743259,29886746145
29887139795,29887144185
29888211368,29888225818
29889355335,29889365813
29889935790,29892668278
29890133888,29890139353
29890216632,29890220130
29890385339,29890389719
29897236732,29897240711
29899627788,29899635569
29900123169,29900130753
29900164518,29903483401
29900833187,29906585981
29907102238,29907113878
29907128248,29907137178
29910844182,29910854476
29914114860,29914131622
29918114457,29918122492
29929680492,29929688551
29929692874,29929698357
29930135089,29930139730
29933638933,29933697830
29933660978,29933684850
29934923412,29934934127
29935567707,29935609404
29937995428,29938007472
29938560561,29938563217
29938934909,29939516867
29939850729,29939866946
29939987227,29939993948
29940365091,29940374175
29941088429,29941103681
29942801522,29942806278
29943750544,29949503236
29945514718,29945527628
29949635665,29949714982
29950062804,29952437283
29953746157,29967482174
29954207921,29954220029
29954282033,29954289236
29954352515,29954367119
29954967490,29954972211
29959301466,29959306761
29959597941,29959618057
29962608852,29962614682
29964272701,29964280131
29967657904,29967689069
29969077100,29969081748
30017079363,30017109389
30017551109,30017559148
30017562539,30017572399
30018376808,30018385247
30018463304,30021306087
30018759191,30018792635
30018876422,30018884551
30019958616,30019979077
30024539082,30024543535
