start_ns,end_ns
610441,651557
1695504,1704487
1701332,1709121
1967985,1990995
2063016,7488044
2070199,2073105
3756015,3763716
8016110,8021964
8242385,14339078
15221236,15228054
15574439,15580783
15673546,15724600
15797348,15802670
17108368,17203733
17604351,17617235
17618359,17622918
19587593,19593395
19851984,19899696
21485593,21490106
22510499,22512807
23241885,23283508
24251543,24293043
24601366,27208411
27694686,27704824
34070143,34076538
34094375,34100880
34315388,43359022
36086732,36090314
36223064,36226813
37892154,37929523
40729093,40737305
41445867,41449317
43309698,43315746
43718476,43747030
43862632,46707587
46997035,47004200
47260135,47263681
47522704,49432319
48369521,48414084
48868571,48872427
51483404,54994528
51999356,52003042
52213407,52218751
55017264,55022366
56029974,56033118
59305568,59313616
59785236,65624858
59842518,59847901
63484094,63487899
64181760,64187954
65388684,65635548
68557101,68562402
76135635,76229726
77541677,77547564
78512053,78518288
78969033,79046522
79278802,79347173
79934587,79939933
80101864,82166449
83130243,83139461
85598373,85607982
85765185,85860258
87574700,87579110
91018255,91072230
93305096,93315267
96429303,96464364
96748167,96799468
96906366,96916980
97443216,97447005
98448927,98471957
102766097,102770928
103476890,103536027
103578097,103587369
103636883,106129066
103688856,103745698
105641288,105644112
115217806,115221789
115796076,125184903
116954877,116957620
117593754,117601558
118673579,118678728
118968464,131293016
122249623,122311947
126437114,126442012
126741557,126746232
127549585,127555228
127926459,131374765
131677424,135421777
133291307,135388811
135682182,135733194
135818163,135823034
136078872,148995583
136186966,136192244
136732997,136820941
136843506,136867966
142301917,142314550
146261885,146347323
148642153,148647171
148854894,148857838
149021639,150234252
149137013,149202023
150346180,150359966
150613091,154764511
152096302,154011240
154699982,154708051
155949717,156090098
156619555,156623420
167842314,167851869
168065890,168072669
168428933,170951636
171161087,171309617
171637902,171675532
171658302,171664647
172501641,172565816
172576782,172630776
174507113,174560479
176423942,176465248
178786201,182947154
180064770,180069180
181458641,181519802
183931395,183995383
188335256,190406436
188737736,188742270
190243559,193884490
191039595,191046645
198409637,198486562
202032851,206149137
202982405,206172761
203267698,206179042
206389465,206396866
206524504,206597473
210873461,210878456
210930640,210988022
211401084,211408782
211611102,211617698
211732770,211740197
211834522,211840011
213845733,217335949
214059033,214064739
214399640,214453321
217855019,217863084
219430139,219434659
220052099,220112669
220424827,220429588
220699379,220745933
221078288,221155656
221579462,224403168
227563742,228050303
228548271,231940203
239868608,241810643
239979087,239983554
240304345,240309333
241317807,241324763
241495561,241501472
242253543,242289717
243359141,243365048
251748933,251761549
257004743,257044819
258252009,258256125
261551727,261594974
262078174,262082838
262266152,262270739
268317740,268326965
268464339,268469748
268831628,268842870
269929505,269932629
271342424,271347890
272981281,272989022
273556240,273561816
274877944,274931892
277348574,277351634
282274431,282281213
289840937,292206266
289898864,289912255
292541023,292620239
296459806,300262571
300298978,300304387
300411127,300420860
300537195,300543634
300619937,300622800
302465031,302470801
302568273,302575883
302581456,302586782
306361215,306364833
306788442,306844141
306865236,306879639
306925886,306933891
306948702,310133242
307051557,307082124
307074172,307085879
307201647,307207657
308009741,308016614
309340941,309352310
310246343,310252768
310720733,310782997
315802547,315809055
316214312,316217806
316303641,316307527
316721003,316724628
318273293,318277814
318988703,318994907
321641801,321723456
322256869,322261958
322652620,322659423
323447110,323451610
325051454,325126197
328987844,329029240
329993445,330036985
330089280,330095203
330444350,330452476
332441118,332448836
332762153,332767332
333179210,335651778
333934128,333937459
334034948,334042268
334229468,334238502
336104524,336109392
336614479,336618879
339503295,339509770
339798654,339804942
340646828,340705186
342204040,342209746
343879435,343892519
345732107,345736941
347564317,347618740
354904714,354908072
355359910,357117902
356589220,356597480
357453571,360570661
358156122,368320515
358775784,358781677
362231707,364107041
369298010,369302734
369416471,369423049
369815666,369824664
372669044,372676341
373207288,373210248
375887228,375892704
376078510,376082733
376173078,381814536
376264597,376276400
376938003,376946532
377107301,384967636
378239684,378243914
380658210,380662908
381229113,381299729
385570342,388030925
385702100,385768416
386578238,386586059
387218163,387223412
389179229,389184698
389664012,389692578
390538791,391995768
391548608,391554561
392858298,395659615
394230749,394235196
395693974,395701050
399085498,399091633
399922987,399934855
400271636,400279317
400619731,400625564
403251179,403255699
404328913,404394915
406362515,406369886
406411876,406485132
409900174,409905269
412388678,413654641
414615110,414688497
415250355,415314527
416738581,416741909
417334635,417344054
418529055,418535350
420554750,420566340
421849950,421903414
422872119,422879035
424629513,424634462
425293865,425299037
425619538,425679914
425840475,425862406
426706447,428446648
426728056,426733933
428323951,428621268
428641806,428649166
428896825,428902231
428982269,428987518
432197473,432202347
433314882,434675967
439024580,439031580
439139222,439142864
439559085,451867797
442027560,442033848
442304821,442309137
442395918,451873450
444262802,444291565
444300519,444304793
444439855,444446343
444870410,444879718
445396653,445449288
446451106,446454922
451302838,466299679
452187596,466616762
452487199,466627674
459957028,459992159
461152932,461159604
467069498,470403884
468831764,468836896
469848901,469901947
470308159,470314721
470402384,470458306
471127827,471182998
472390852,472394728
472714504,472718563
473842965,473848688
474095137,474151999
475602037,475608936
477383654,477391639
477629308,477694947
477872046,477948967
477945897,477951743
478985616,478991590
479663957,479670946
480339004,480345722
481768454,481776442
482470122,482476142
487127969,487133405
489315351,489392239
492126989,492134229
495047371,495057534
495179971,495211748
495422936,495430389
495859217,495864332
495998222,499325000
498549090,498587683
500593261,500601126
501653992,501657811
501726620,501732443
502893243,502954735
515902630,515908253
517378281,517434928
522439460,522489780
523465992,525468921
524055154,524059544
524503737,524508198
524528735,524538394
525130786,525133529
525268936,525273637
526582110,529555679
526905324,526954758
529558789,529568011
529799930,532247714
532831533,536284653
539437309,543832432
549185931,549191580
550161422,550166998
550669820,550676679
554556408,554563799
556954363,561698106
559904768,559911120
564412302,564496079
565224753,565251221
565703232,569144982
567613146,567617299
570089662,570158214
570387611,570393965
571152622,571160280
581125292,581130070
582967887,582983433
584256217,584266498
584514892,584521921
585542724,585546756
588555169,588594814
589955976,589962799
590923519,590947852
598074712,598079359
600082431,600112204
600176830,600188657
600600138,600604852
601213312,601219282
601456400,601526422
601570751,601581766
602065110,602074552
602173303,602177907
604392602,604399241
605389827,611279822
605445358,605452996
608704450,611297462
609254221,609259987
610578087,610583549
611108796,611171966
611506579,611542759
614829284,625175123
614911565,614918227
615025662,615091226
615233732,615240939
616855457,616876612
617375786,617380317
617420937,625025782
622070773,622079810
622226810,622233462
625490562,625566261
631911732,635186804
632160169,632165999
633882984,633889980
634003382,634043869
634577733,634581939
635147857,635236582
635924298,635929036
637285714,637289406
638863150,638867343
639332474,639345120
640088602,640094666
641668877,641722654
644140569,644146663
644545391,644608557
646384401,646388704
648024969,648033980
648410313,654265905
654381642,654391362
654450702,654463615
654612950,654694626
655435331,655492553
655573006,655626660
656211030,656215093
656778542,656808010
657623802,657632358
658078195,661222575
661756071,661763007
661936976,661941329
663280765,663339587
664255197,664259804
665394904,672451365
668315781,672465691
670687739,670690251
672924384,672930595
673726876,679133290
676291532,676325838
676613627,676619390
677649521,679997250
679955627,680108898
680063179,680068765
681000886,681005450
683808090,689986281
683904653,687005622
688016839,688047053
688105488,688110098
688298731,689946385
688470337,688474681
688917721,688925005
697266161,702930939
697357579,697365995
698099721,698105895
699663428,699666244
700073679,700081207
703171318,703178494
704487877,704543435
705858190,705862059
705868644,713351454
713472824,713477054
713807588,713813381
714492691,714498642
714524996,714577848
716413864,716495052
717452999,717458846
717503339,717507916
717897880,717907252
719848051,719890068
720119885,720138813
723448912,723455678
723652920,723658339
724498367,727082372
724860127,724865195
727469119,727482103
727507658,730350709
727885896,727893183
727960592,727964250
728175168,734028541
728299211,728327303
728979039,728983198
730652917,730712866
734094504,734150467
734686522,734691507
734936079,734940208
735248835,735260438
736286743,745813322
738279031,738287831
753862003,759756281
754254623,754260424
756732299,756763665
756885029,756894581
757521109,757527647
760213975,760222525
760541432,760548265
760797096,760811119
761796115,761801464
762874243,762878797
765444045,765450968
768106164,768117093
768315986,768326664
768517852,768523138
771378727,771383602
773506280,773569476
773844068,773903689
774093137,784868722
774506021,774512192
775336062,775341288
776805321,776812083
782371792,782379473
785635340,788753914
786826035,786835340
788350465,788362910
788797829,792199403
789915405,789923280
790866616,790871013
791023028,791040037
792535436,792595348
792574610,792601756
792963709,792968698
796082777,796094401
797104552,797111361
797651022,802849756
799073983,799080291
800468663,800525150
800855437,800867081
802986271,802990932
804115287,804148895
804260282,804266142
804954547,804960758
813704130,813765782
813988444,816860972
814252357,814305978
814759659,814764484
820702243,820716706
820982607,821012219
823001790,823007714
828765443,828868164
830556502,830561667
832233945,832239010
833685537,833692215
834403262,837897982
834471226,837877200
834900210,834906722
841854986,841888052
842169620,842173171
842176362,842187935
842322851,842326285
844454898,844496470
849046198,849059432
850981955,853806222
854079911,860843244
854147333,854216483
854425239,854431934
854832440,854840739
865378184,865437024
865980212,866035383
868438012,868442506
870303340,870308334
871016521,874752966
872583636,875565457
872678251,872682655
875459114,875464089
875477240,875507109
875602696,875657556
877016450,877026223
880423951,880426608
887201571,887205801
887406214,890424178
890912173,890915577
891093118,891100181
891575623,896529501
891734390,891738579
891872569,893529010
891964846,892044693
892664041,896538839
893562200,893568632
893864185,893867837
893923542,893930461
895673389,895677295
896625884,896630922
897511120,897521998
899313846,899320431
900704930,900715692
900746216,900754802
901608345,901640666
903847560,903853801
907908043,907939372
908651906,908662941
909442286,909449980
910055302,910060484
910127990,910134475
911315444,911319828
911554073,911559138
911557664,911566140
911808293,914001639
911819235,911831654
912070299,912078023
912634052,912684047
913237329,913248378
914308294,919306986
916183484,916188452
918031605,918035424
918317242,918368237
918468445,918531293
918620439,918625514
919502705,919520329
921685673,921690912
922730107,922736729
923144184,923777815
924121876,924125077
925411707,925423802
925616507,925645173
927141328,927151712
927631961,927657591
927814219,927822485
930904641,930914237
931141165,931145184
932178953,932229426
932205765,932242924
940057550,940061867
945710654,945714042
951250166,951327134
953217215,953222504
953787697,953818368
954405692,954460117
956797800,956877096
957143345,957155329
960502197,960526981
960737808,960744096
963548962,963560124
972041234,972156046
973064158,973073700
974416987,974482703
974587926,974619241
974993483,974997937
983082366,985372465
983536706,983542917
985394633,985502175
985505980,985534162
986070522,986079984
986692295,986697945
989282972,989294579
989531684,989536141
989714309,991836911
990657873,993166146
990952654,990955190
992576961,992590416
992690330,992699591
993904773,993911155
995360190,996822713
997075127,1004280992
997187152,997200155
997248110,997252757
997775338,1001162639
1004460123,1004466231
1005894478,1011315038
1005979428,1005984513
1008680647,1008686604
1009847774,1009851897
1010382580,1010387424
1011727762,1011733144
1011735189,1011740157
1014447156,1014481282
1015257870,1015263493
1015653163,1015661225
1018109356,1018121568
1018146769,1018156168
1018325730,1029448083
1018966614,1022444381
1019405916,1019409868
1019634180,1022457809
1021015900,1021020447
1021379266,1021490330
1022795365,1022825201
1026292233,1026300690
1027165080,1027221257
1027412566,1027418743
1031155736,1031167012
1031363870,1031369447
1033163676,1033244804
1033661537,1033673835
1033855452,1033859952
1036641370,1036647791
1044041889,1044150921
1047592775,1047598301
1048957014,1051454296
1051904737,1051916116
1052097682,1052151654
1052139589,1052145303
1052183949,1052227786
1052270572,1052274919
1052646882,1059162225
1054786276,1054792961
1059656671,1059668428
1060987911,1060993597
1063227567,1063232869
1064370144,1069659928
1067232896,1067264145
1067646402,1067653518
1067723584,1067770419
1067934397,1067941704
1068185585,1068200773
1068293397,1068297767
1068323650,1068335264
1069142516,1069171991
1069272707,1069280044
1069517306,1069521205
1070478022,1070502826
1070995655,1071005842
1072043921,1072046988
1077443018,1077501908
1077598745,1077603362
1077872033,1077876270
1077983624,1077993323
1078294135,1078298335
1080051166,1080087403
1080363330,1080654704
1080803257,1090091138
1084281722,1084285939
1085776801,1085782390
1086390613,1087157325
1090884829,1090897151
1091059984,1091065593
1091073966,1091082315
1091785617,1091857964
1095253241,1095255362
1097923926,1097929673
1102014506,1102021986
1102250799,1104357287
1106102349,1108136307
1108456052,1108505456
1109107120,1109110618
1109321308,1109330513
1109467810,1109470781
1110600257,1110604564
1112126902,1112130477
1114995331,1115031237
1115078874,1115086421
1115138148,1115180876
1115865773,1115872983
1116381147,1116385971
1117674269,1117679013
1118576888,1118587001
1119730988,1119737076
1126033056,1126036600
1130026314,1130033821
1130102540,1130113646
1131136934,1131142226
1132382479,1132452086
1132728926,1132734329
1133164927,1133168272
1135368109,1136366586
1139832703,1139836398
1140392146,1140397304
1140765732,1140775592
1143207228,1143277063
1143404260,1143408443
1147652304,1147657509
1148189532,1148195209
1150161472,1150188993
1151471299,1151479605
1152942279,1152951146
1153427667,1153433548
1154112226,1154117395
1154541441,1154546994
1156037345,1156041839
1158843343,1158875617
1160640790,1161485482
1161636925,1161641757
1164252510,1164258150
1164393893,1164398207
1164670907,1168036010
1168128334,1171151861
1170124376,1170153176
1170495611,1170500623
1173217708,1173225473
1173979389,1173994320
1175598086,1175636615
1175803173,1175862891
1175855000,1175866834
1178964923,1181477186
1179470381,1184930523
1185040243,1185046070
1188215725,1188307771
1189431197,1194395714
1189690861,1189693724
1191096142,1191104107
1191452960,1191457447
1191885967,1191936079
1192220988,1192226417
1194041859,1194074505
1194275987,1201117454
1195879850,1195888520
1196146359,1196153369
1196817437,1196822742
1197381641,1197388777
1197544637,1197547775
1198053283,1198083446
1198054435,1198086703
1198887701,1198891376
1199801546,1199806057
1199998435,1200010138
1200591889,1200599190
1201136378,1201146481
1201170667,1201230799
1201636888,1208912983
1202292727,1202298691
1205104708,1205111163
1209049365,1209107238
1209299860,1209355255
1209356541,1209362575
1209856516,1209913555
1210188333,1210192092
1210613676,1210621595
1212486631,1212528090
1212942762,1216778176
1218026237,1218063135
1218469204,1218479745
1219748644,1223815215
1219956567,1226840165
1220329874,1220335757
1220345359,1220350104
1220798941,1223877018
1220827407,1220831894
1223814196,1223893877
1224712552,1224718095
1225542643,1226878835
1226844395,1226893803
1228034255,1228041345
1228255396,1236822314
1231563955,1231571717
1231600563,1231604616
1232286428,1232293307
1232858353,1232863699
1233479014,1233486000
1235008078,1235011362
1239164416,1239169211
1240373050,1240380433
1240963053,1240968285
1243778419,1243784747
1245132024,1248008839
1245383415,1245442872
1246157778,1246166655
1247370320,1247373932
1247415785,1247465490
1248011983,1248015394
1248526108,1251935420
1248541183,1251897128
1252071030,1255320757
1252421928,1252425937
1253141380,1253148457
1253867966,1253871197
1255916423,1255921913
1256738149,1256745305
1259020086,1265249378
1259439669,1259447109
1260753445,1268765163
1260818255,1260873202
1263261818,1263312967
1265647141,1265676111
1268967344,1269025735
1269207104,1269232156
1272331692,1272794999
1274711371,1274714916
1274903492,1276015382
1277011801,1277021513
1277497430,1277500831
1282084711,1282113681
1282228891,1285209466
1283616234,1283645722
1284324754,1284334059
1285793489,1285799185
1286817335,1286827244
1289185354,1289190105
1289632427,1289639988
1289703735,1289711590
1293000414,1293053536
1294028065,1294037083
1294082701,1294088598
1294573058,1294576429
1295194127,1295203512
1295516936,1295520187
1295770014,1295776051
1296891887,1296901840
1297700148,1297704558
1298163619,1298169032
1300491896,1305678158
1301313699,1301318443
1302384507,1302392034
1302845278,1302873219
1305047845,1305075215
1305544419,1312714289
1306844661,1306849692
1309120674,1319147529
1313833929,1313844160
1314145713,1314151052
1314952875,1315006549
1317335224,1317344385
1318262738,1319212162
1319969218,1319986919
1322346769,1322352065
1323535904,1331128911
1329318514,1330889631
1330904242,1330909344
1330915845,1330922090
1331538204,1331542884
1335307344,1335311738
1337981193,1337996412
1340656188,1350585588
1341642929,1346677527
1347299000,1347308161
1347963950,1347978400
1351724343,1351730962
1352314247,1352322806
1354260922,1357195293
1357575986,1357581185
1357707761,1357711015
1358092964,1358097311
1358978347,1358984705
1360828737,1360834657
1364098152,1364104691
1364416441,1364421523
1367866351,1367870430
1368435031,1368442572
1368849756,1368852593
1369117161,1370825081
1371401610,1371406642
1372114555,1372119459
1372377710,1372382811
1373829023,1373832184
1373955011,1373987226
1374615541,1385692496
1385758365,1385775882
1385881944,1389096222
1389961679,1389969176
1391506152,1391598415
1392278025,1392326033
1393203314,1393207036
1393309372,1393316732
1393355679,1393362973
1394448495,1394453115
1395107217,1395112559
1396940079,1396947680
1397157856,1397164538
1400266627,1400271278
1400315142,1400328547
1400463068,1400470936
1400631002,1400669124
1400877773,1400887107
1401395639,1401402843
1406366627,1406371475
1406475165,1406484436
1408244968,1408258720
1409934843,1409983048
1410374877,1410377937
1410461761,1410492926
1414210721,1414244446
1415267246,1415294319
1416825030,1416887394
1417174096,1417178286
1417293349,1417302059
1417727672,1417736546
1417895978,1417900148
1418002213,1418045166
1418687333,1419716605
1418916373,1422938464
1419758516,1419817412
1419765275,1419819209
1420350604,1420361098
1420635923,1420641884
1423740214,1423786300
1423760290,1423766017
1424930414,1424956000
1426546279,1426554003
1431654858,1431659729
1432193930,1432200997
1432720895,1432727851
1434178403,1434186041
1436055778,1436063600
1445667444,1445671881
1445881783,1445886811
1448394994,1448400597
1449606470,1449627409
1450470617,1450481499
1455390517,1455398646
1455735825,1455765250
1458519167,1458564088
1458535468,1458602059
1458589811,1458595497
1458726747,1458731074
1460379206,1460388701
1462063141,1462107543
1462069419,1462086284
1464160845,1464167858
1465531600,1465560844
1466314572,1466322314
1467369915,1467399877
1467734527,1467742987
1467825841,1467833252
1468637962,1468678596
1470021365,1470025732
1471006843,1471014781
1471016936,1471065792
1481150889,1481158934
1481845684,1481850155
1482489873,1482493993
1484170337,1484175211
1486388533,1486445401
1486506950,1486514013
1486639005,1490313046
1487345972,1487418269
1487550261,1487600550
1491178041,1491195241
1492611180,1492618564
1493505149,1493511704
1494093432,1494096248
1494401050,1497312802
1495105494,1495111515
1496628838,1497339644
1497232777,1497236442
1497337536,1497342427
1497948090,1497977902
1504838844,1504844070
1504841845,1504847227
1505238227,1505243510
1511026009,1511033771
1516835482,1516843253
1518404728,1518409028
1519792134,1530247400
1521813840,1521818958
1523254045,1523269377
1530478841,1530484307
1530622196,1530629663
1531430330,1531434663
1532348893,1532352632
1534265054,1534270303
1536335335,1536340397
1536829000,1536839915
1536881117,1536906646
1539896385,1539961465
1540399615,1547445264
1540752290,1540756302
1540899483,1540902376
1547887041,1547889453
1548455548,1548468535
1548668287,1548672680
1549234128,1549238618
1550955669,1550966230
1551941631,1551952496
1552392841,1552415456
1553410152,1553473421
1553756201,1553760705
1553991047,1553995154
1554478521,1554485567
1555274731,1555282081
1555427387,1555476895
1558292912,1558299364
1560434869,1560447796
1560464180,1560469937
1564949753,1564960194
1564955693,1564961817
1565303895,1565371217
1565846632,1565852182
1567171467,1567175443
1569526062,1569531367
1571608718,1571617281
1572502390,1572510636
1573065405,1573076032
1573445470,1573474477
1575600062,1582132649
1577366915,1577372759
1577682966,1577686480
1580718484,1580767060
1583271003,1583275577
1586352581,1586360072
1586752402,1586757700
1586772942,1586777563
1587273509,1587277341
1589460871,1589465729
1589502029,1589536920
1589606664,1589609611
1590371616,1590379687
1591143429,1591149129
1591546290,1591645312
1595714733,1595718950
1596156855,1596161075
1597042796,1597052966
1597787199,1600363199
1597912572,1597918526
1602212282,1602223806
1603679403,1603687451
1607428741,1607436786
1619084921,1619138118
1619643088,1619648584
1621268812,1621280098
1621696807,1621701271
1622271706,1622298464
1622562237,1622566577
1623772123,1623818467
1623841056,1623843408
1625041099,1625050952
1629507635,1629511607
1631232932,1631239811
1632798129,1632806866
1632848372,1632853854
1633151365,1633157603
1633422445,1633433902
1635727953,1635735140
1636089462,1639172894
1636166106,1636171137
1639390771,1639400838
1639929877,1639986835
1640164272,1640178091
1640236830,1640315274
1640241153,1640273702
1641190350,1641194205
1641702477,1641706994
1642131502,1649172390
1643221193,1643227909
1646398456,1646409170
1648281016,1648283910
1649562581,1652534566
1650298068,1652209017
1653410567,1653421459
1653502703,1653529719
1659772048,1659783555
1660804501,1660809807
1662943501,1663007830
1663131756,1663141823
1663187131,1663192460
1663224711,1663229619
1663777211,1669160308
1670656419,1670708709
1673866236,1673875037
1676434371,1679986617
1676626883,1680014231
1729121129,1729127564
1729144270,1729156638
1729718854,1729724069
1737962451,1737988278
1738051143,1738056689
1744999664,1748005113
1749205611,1749263110
1756494920,1756509647
1757744828,1757749489
1758375232,1758381850
1759095516,1759099599
1759499092,1759549031
1763236576,1763244648
1764226764,1765980133
1766549486,1766556839
1767189535,1769294135
1769130557,1769136414
1769247280,1769258028
1769394006,1769432655
1771010214,1771013772
1771712768,1771768677
1772391710,1772399508
1773036520,1773044355
1773730123,1773736738
1774433676,1774466983
1774662434,1777098651
1780858600,1780871861
1781157681,1781162466
1781895122,1781900541
1784954265,1784960189
1785931991,1785945650
1786041755,1786070488
1788130452,1788139717
1789352683,1789358513
1791406262,1791410893
1791836430,1791848434
1792360474,1798212662
1792516779,1792521820
1793295542,1793299885
1793316567,1801913334
1793897172,1793958831
1794749088,1794790112
1795472349,1795502809
1795797814,1795802746
1798700623,1798722273
1799964874,1801956143
1806033576,1806050832
1808170147,1808186745
1808887304,1814863809
1810099906,1810105245
1811816543,1811849112
1812076180,1812138755
1812084265,1815487864
1812846103,1812851395
1815285711,1815291126
1815858491,1815864638
1815878744,1815881985
1817664067,1817671036
1817893327,1817897286
1818087566,1818093432
1826192877,1826197594
1826395371,1826459810
1830161659,1830221677
1830237397,1830241423
1832567883,1832574591
1832618249,1832623835
1835412496,1846831469
1844580597,1844596019
1845448824,1847133286
1847157609,1847250186
1847961200,1848029514
1848556609,1848561828
1848600297,1848633807
1848989533,1848994100
1849074018,1849081251
1850367751,1857067240
1854099154,1857103283
1854346756,1854356826
1854794992,1854802176
1857205774,1857211313
1857210805,1857218774
1858076833,1861238383
1861236666,1861302244
1862111868,1862117628
1862670195,1862681134
1864349519,1867747632
1868636961,1871675192
1872289271,1872318415
1872826857,1872840154
1873040320,1873045633
1873312757,1873323261
1875121142,1875127771
1878612765,1881772189
1879176290,1891720323
1880174627,1880229558
1883002072,1883006806
1884188831,1884236254
1885628421,1885632597
1886086964,1886093850
1889389222,1889394464
1891890449,1891896640
1893344312,1893350279
1895558125,1895680742
1899987949,1899995998
1902554467,1908754465
1908764034,1908827707
1910085471,1920458239
1910737745,1910749024
1911115531,1911129129
1913879666,1913886802
1914459596,1914465299
1918329850,1918339432
1920795582,1920806347
1931463365,1931478266
1934570418,1934576663
1934844191,1934853482
1937001854,1937006902
1937511913,1937524562
1937763862,1937800911
1938796167,1938822448
1941405678,1941451170
1942126734,1942130991
1942790862,1942797725
1945922289,1945927000
1948324400,1948331744
1949296540,1949301218
1949394767,1949444178
1949614695,1949619837
1949930298,1949935420
1950431089,1950435930
1951263025,1951269530
1951522357,1951527018
1955564930,1955575193
1957391654,1957399302
1960048658,1960057251
1960518457,1961898232
1962847529,1962855274
1965582353,1965594772
1965684927,1965746285
1965904447,1965954854
1970956379,1970992422
1971670766,1982823894
1973198831,1973204180
1975565243,1975571227
1977026888,1977031421
1977265900,1977270845
1977924539,1977931044
1978898931,1978902455
1984869382,1987400280
1985080379,1985085822
1987783830,1987787131
1988151640,1988155760
1988354683,1990364972
1990706240,1990711379
1991131854,1991139261
1991212554,1991218755
1992874688,1992879543
1993342152,1993353251
1997380798,1999403707
1999446893,1999489017
1999449629,1999486458
2000144028,2000148949
2000167378,2000172116
2000624799,2000633893
2002544558,2002574514
2007018407,2007025504
2007362803,2007367922
2013870218,2013909199
2015134848,2020820089
2017587987,2020803548
2018527378,2018533652
2020990811,2021003777
2024052657,2024064848
2024412268,2027523979
2035541861,2035546038
2037712133,2037719571
2039908783,2039915572
2040307067,2040310485
2041460569,2041507391
2046146933,2046152482
2047403667,2047408642
2050497764,2050504680
2054311307,2054316897
2054426109,2054454054
2054497404,2057229741
2054572404,2060386600
2054699404,2054710466
2057835257,2057840784
2058686341,2058690591
2060488546,2060493417
2060672234,2060678201
2060858374,2060895500
2065324869,2065329817
2065903446,2065958560
2066150918,2066156434
2071317441,2074756399
2074980192,2074987813
2075017899,2075023061
2076425746,2076433300
2077793410,2077839106
2077984138,2084696593
2078650090,2095104082
2084903041,2088318293
2088291491,2088383798
2088518519,2088523267
2089309624,2089317355
2092257497,2092263848
2092526652,2092553063
2092997193,2093004509
2109339857,2115565080
2110272245,2115624621
2110981130,2119554386
2113324502,2113331819
2114069059,2126043522
2115816183,2115823768
2115935740,2115943113
2117494275,2117499143
2120230515,2120237511
2122325961,2122331674
2126113961,2126628724
2127163704,2136533277
2129306082,2129308775
2134719565,2134724894
2135463799,2135469482
2137211892,2137216279
2139524680,2139534453
2141174616,2141179865
2141852115,2141857174
2143255178,2151164118
2144473376,2144480656
2145910982,2145922602
2146275464,2146278237
2147940890,2147945801
2148160551,2148165024
2150545415,2150553050
2151399950,2155062728
2151894366,2151900183
2152674860,2152678007
2154857427,2155014193
2155488970,2155495842
2158519022,2158524127
2158528384,2161523806
2158563816,2158615689
2158700465,2158706512
2158891700,2158921880
2158983111,2169187490
2159256065,2159260539
2159271361,2159331617
2160540130,2160544824
2161909912,2162036648
2167634401,2167642129
2167763222,2167767709
2168416796,2168423768
2173728681,2173734802
2175657703,2175661886
2176348967,2176357466
2176959585,2177045450
2177615206,2177619774
2178568850,2178581994
2178634960,2178666041
2178756544,2178763537
2179321302,2179337336
2179415356,2179421267
2179484967,2179549413
2179566382,2179601627
2180508082,2180518626
2181268593,2181275114
2183206902,2183217934
2190475640,2193118704
2192117778,2192120521
2195057184,2195064642
2199625846,2199677769
2199708914,2199750658
2202952473,2202957486
2203077817,2203081853
2204158780,2204194169
2204503633,2204506160
2206046368,2206069084
2206309492,2206352404
2206875281,2211897776
2206982545,2206991323
2208463917,2211926489
2213318093,2213338374
2215463633,2215489328
2216061797,2216064930
2217983036,2217992661
2223158737,2223188934
2223250743,2223285823
2223302024,2226363108
2226425140,2226437964
2227891731,2227895775
2228306259,2230064977
2229254965,2229264453
2229385788,2229414924
2229554558,2229924095
2230556499,2239831260
2230733252,2230737455
2237287524,2240426191
2240725480,2240729873
2241509583,2241513104
2241607094,2241611768
2242181180,2242187709
2243264194,2243266324
2243362181,2243365068
2243567431,2243574143
2244048713,2244059892
2244454470,2247376433
2248338032,2248342756
2251195793,2251209478
2251519835,2251527002
2251832197,2251853479
2252740533,2252774862
2258737612,2258742747
2260336226,2260340964
2262276056,2262280529
2263686733,2263691159
2264925512,2275907735
2268570957,2268575350
2272451554,2275252076
2273697146,2273703033
2274447931,2274460935
2275880218,2275886068
2277075667,2277079757
2279719711,2279747161
2280626530,2282234035
2281161486,2281166341
2282366397,2282377680
2282572988,2282630748
2295243994,2297250735
2297559986,2303879758
2301451890,2301525297
2302726840,2302730659
2303427690,2303431849
2303661777,2303666612
2303790578,2303794628
2304324562,2304328715
2304738268,2304742278
2305869890,2305901627
2306424849,2306451862
2306553594,2306558171
2306921216,2306927902
2307397658,2307404931
2313048533,2313052703
2314899721,2317967250
2315235871,2315242433
2316462894,2316471507
2316478202,2316482843
2316610284,2316613742
2326180568,2326214590
2326197911,2326207901
2333353234,2336906088
2334541827,2334608177
2334963886,2335023550
2336496905,2336520146
2336638696,2336643424
2336864779,2336868153
2337307308,2337360528
2337571696,2341016573
2338397942,2338406168
2340117816,2340124515
2343316104,2343320662
2343553623,2343558461
2344235589,2344245713
2350776512,2350779783
2351162928,2353721217
2354175811,2356809922
2354704790,2354757993
2357242297,2357247496
2358706027,2358734870
2359735272,2359778970
2359783026,2359795575
2360282724,2360288714
2365277981,2365286511
2368439293,2368444091
2369854384,2369858740
2370239748,2370307220
2370316966,2373579192
2373882853,2376944522
2376983192,2380560910
2378007452,2380639702
2378138919,2378144559
2378284188,2378290098
2379616915,2379620871
2380774881,2380781266
2381033168,2381045179
2381407553,2381417379
2381980073,2382044886
2382586260,2382621365
2384320628,2384332967
2388334865,2388375856
2388412895,2388420556
2388447712,2388454973
2391092605,2403727484
2400290715,2400295018
2401070467,2403819941
2405335934,2405343522
2405567723,2405573109
2407033163,2407085765
2407062324,2407125443
2407139275,2407154056
2408581241,2408586089
2409209726,2418480494
2411133101,2414033644
2411605857,2411617688
2414557705,2414568597
2417029107,2417034690
2417924697,2417927533
2419024912,2419084230
2420504121,2420508003
2421873141,2421880034
2426823916,2426829335
2430284253,2430294202
2430332180,2430344034
2430356743,2430390662
2433165939,2436800976
2437007032,2437037897
2437388627,2443707858
2437396809,2437401333
2437482738,2441254605
2447678988,2447689980
2448125587,2448135269
2450419595,2450446109
2452069334,2452109985
2452121612,2452129984
2453704753,2453716400
2453967307,2453979512
2456714479,2456719972
2456803020,2456808733
2456813451,2467384210
2460865184,2460906687
2464325788,2474363031
2467885542,2467941932
2468076607,2474921448
2470730008,2470734990
2471589034,2471622257
2472349398,2472380312
2475129883,2475220666
2479705457,2479742620
2481550595,2481554340
2482919552,2482927781
2483392608,2483396941
2483575097,2486390991
2487574840,2487603072
2487733129,2487742420
2488162371,2488174289
2489615105,2489678558
2489647109,2489682066
2489853442,2493376902
2497333512,2497386785
2497491099,2497500394
2499536556,2499592867
2501153510,2501232656
2503633428,2506561905
2503770240,2503821345
2504670695,2504724088
2506578664,2506696122
2510031420,2510038683
2510540760,2510549233
2511908023,2511912056
2513043120,2513556296
2513956420,2513967509
2514132340,2520783210
2517682739,2517690797
2520878324,2520884053
2525713097,2525720036
2526560431,2526566014
2526578617,2544407355
2527260924,2527273653
2527608965,2530381261
2531335420,2531393360
2537146382,2537227697
2544402294,2544408468
2544531696,2544539046
2544626184,2544734588
2545289638,2545294753
2545442060,2545449403
2545935657,2545939483
2547449556,2557704932
2554733542,2554779595
2557371412,2557379831
2557715250,2557723776
2558557994,2558602470
2558567857,2558574211
2558744371,2558751952
2559052119,2561625145
2561433750,2561450485
2563946126,2563953837
2564502508,2564708314
2564938897,2564947373
2565409678,2573168488
2565736363,2565805432
2565788961,2565801697
2566119084,2566174064
2568791623,2568858688
2570465455,2573193880
2571054453,2571060470
2573958598,2573964231
2574107415,2574111224
2574841087,2574848026
2574983780,2575034915
2577848220,2577852216
2578349445,2585143272
2579603035,2579608678
2581169519,2581174894
2582153850,2582224647
2585211479,2585218018
2586489055,2586499289
2589012955,2589019219
2589724038,2589733597
2591430552,2591434477
2591783046,2591813129
2592367203,2592371970
2594495451,2594545129
2597738770,2597744774
2602654393,2605601039
2603825392,2603868051
2603904455,2603909647
2604056403,2604057950
2604640951,2604672854
2604952795,2604959624
2605640470,2605773895
2605841037,2605882787
2606429397,2606435822
2609678666,2609683233
2611067399,2611098430
2617443273,2623292985
2619871505,2619878939
2620176119,2620180125
2623713069,2623748494
2623904749,2623909603
2624359754,2624367117
2624467606,2624479273
2626788613,2626794083
2626978886,2626982772
2627410270,2627415074
2627605461,2630086338
2629112113,2629119717
2629368990,2629376798
2629558444,2629579784
2630094132,2630100136
2630503271,2630507965
2630779867,2630845305
2630867780,2634262459
2631128082,2631132592
2631592365,2631598188
2631706408,2637528236
2633491995,2633495529
2634998366,2635002539
2640300031,2640305511
2640685502,2640690878
2640968573,2640990864
2641448823,2644273260
2642408881,2642458436
2642598226,2642602275
2644227474,2644232720
2644453052,2644459193
2644995255,2645002980
2645484583,2645513904
2647469309,2647473763
2649058983,2649064506
2649500493,2649504713
2649525962,2649532972
2650043214,2650048349
2650458761,2650473345
2653767163,2664772025
2665513532,2665560665
2666290067,2666295613
2668969389,2668992432
2670339599,2670350644
2671620552,2671626032
2674355987,2674381299
2675849940,2675862208
2677872731,2683478001
2678695055,2678702378
2683864795,2683869803
2683868621,2686489651
2684067824,2684121816
2686989386,2686994331
2687244806,2687285150
2687729610,2687734321
2688929500,2688934197
2689295031,2689323350
2690025402,2690033915
2691912827,2691915757
2692609150,2692612294
2693039127,2693044412
2693271427,2693276185
2693456558,2696460514
2694317468,2694327040
2694473164,2694476746
2694731915,2700130284
2695541082,2695596808
2696198548,2696220756
2696767934,2702205393
2697081609,2697131922
2697833456,2697837422
2703031325,2703073536
2703559676,2703563562
2703698367,2703708407
2708036368,2708098539
2711585390,2711593399
2715787778,2715791784
2717693954,2717699263
2718453726,2718458671
2718469950,2718477017
2719469614,2719473894
2725954293,2725959161
2726447413,2726454573
2730056784,2730063827
2735795382,2735800604
2737028198,2737038077
2737407678,2739372890
2740128526,2740167787
2740186169,2752810511
2743707597,2749906583
2746346035,2749912794
2750179978,2750186553
2750247391,2756585972
2751989791,2751993770
2752163659,2752185770
2753541199,2753546201
2754224585,2754234749
2760845970,2760857246
2762740114,2762788409
2763921992,2763927846
2767943422,2780226522
2770759584,2770764111
2777315969,2780003513
2780451067,2780505700
2780471675,2780475103
2784628959,2784654334
2785901958,2785906572
2833785646,2833791887
2834538940,2834546116
2835135071,2835142114
2835533542,2835538507
2835930596,2835936276
2838181982,2838186489
2838785373,2838789914
2839318064,2839323517
2840913361,2840963758
2844279625,2844294056
2844599613,2844648743
2845142755,2845149417
2845439016,2845450306
2846015839,2846020820
2846257889,2846266997
2846679932,2846683928
2846744831,2854613442
2846821902,2846868700
2847177294,2847182860
2847316609,2847322225
2847562297,2847568137
2848990758,2854683316
2851892911,2851903820
2852726301,2852737166
2853140691,2853146869
2854213821,2854218232
2854261555,2854270125
2854995398,2857878878
2863180066,2863184974
2865288111,2865294345
2873209797,2873275342
2873341929,2873398888
2873646994,2873653262
2874379233,2874386597
2874470741,2874478339
2874743311,2874796006
2874989390,2874993112
2875851165,2875864332
2876237895,2876277470
2876323600,2883072346
2876434573,2876441850
2876697180,2876703525
2878297138,2878302186
2878410055,2878420493
2878512178,2878518122
2879152504,2879160793
2879984253,2880001356
2881112220,2881120075
2881251331,2881257355
2881686691,2881703059
2882474695,2882482831
2882522038,2882526538
2884247502,2886608969
2887065444,2887433625
2887382540,2887416763
2887888880,2887917537
2889211975,2889264536
2890071601,2890151596
2890219172,2890234094
2890241467,2890284630
2890665307,2890693211
2891360594,2891384118
2891362652,2897568092
2897897146,2897949584
2899258098,2899263584
2901886666,2901891206
2903037980,2903049907
2907497028,2907507355
2908409924,2908414592
2908464724,2908474924
2908845875,2908850920
2911217319,2919962936
2911267445,2911275821
2913616757,2913620576
2917224301,2917231888
2917518420,2917525260
2917866792,2920005237
2917887036,2920520886
2919284929,2919293322
2920278141,2920289207
2921084775,2921093265
2923772888,2923823966
2924273909,2924328378
2925526380,2925532447
2925933210,2925956293
2926119050,2926123326
2926355379,2926360738
2927037546,2927044057
2927162140,2927192848
2927189052,2927197766
2928346233,2928355284
2928556643,2928562503
2930045898,2930050913
2931218434,2931296017
2931576401,2931613176
2931612906,2941440247
2934761185,2934819416
2935685735,2935695310
2938699413,2938741603
2939856430,2941479631
2941359741,2941366052
2944365427,2944371995
2945579993,2945646317
2945812444,2945818424
2945894296,2945898413
2946177454,2946183171
2946206481,2946216939
2946409434,2946416473
2946686424,2946691973
2946867823,2946873169
2947207652,2947265515
2948654228,2948660656
2948731045,2948736809
2949630113,2949688341
2949758042,2949761507
2949820045,2949827155
2950218663,2950248923
2956324380,2958933964
2957273641,2957285521
2957932653,2957939833
2966909332,2966948719
2967635483,2967643355
2970835645,2970848572
2971329186,2973903522
2971578181,2971582702
2972639544,2972647589
2972758633,2972762164
2972946056,2972951405
2975344846,2975358130
2978050890,2984380076
2978805076,2978810542
2980717549,2980724021
2981468992,2981481391
2981867333,2981872217
2984818937,2984831272
2984983083,2984994332
2985098490,2985106869
2988225282,2988277537
2988689956,2988717233
2989095767,2989103388
2992761399,2992822670
2993819203,2993826490
2993917955,2993922940
2994184200,2994210287
2994293964,2994353127
2994452400,2995580654
2994492777,2994499950
2995622440,2995683669
2998078179,2998084938
3003482274,3006383563
3009577908,3009583220
3009686733,3012554076
3012544988,3012592080
3015030602,3023462361
3021602430,3021606857
3021894448,3021902747
3022230140,3022235316
3023423739,3023429355
3023661248,3023731453
3023699630,3023770497
3024556079,3024585400
3025394707,3025398873
3026226372,3026230107
3027135867,3027142169
3027389650,3027394595
3028199001,3028206712
3028279179,3034805391
3028978887,3028986040
3031786558,3031810544
3031871284,3031914761
3032948487,3032990644
3032950024,3032957575
3033100107,3033107103
3035023622,3035037942
3035210170,3035217267
3035256895,3035265719
3038479947,3038544091
3039010740,3049243899
3046004546,3046012655
3046265826,3046270069
3046267988,3046279718
3046572401,3046577710
3047636718,3047640042
3050919344,3050996201
3053246956,3053255118
3053473546,3053487422
3053819950,3053848433
3056468588,3056476242
3057058154,3057067639
3057342157,3060260217
3060142174,3060152451
3060265402,3063210979
3060487756,3063262856
3060777375,3063257995
3061931723,3061943183
3062308948,3062318844
3062749466,3062756436
3063589945,3063602518
3063826823,3063942767
3064512952,3064542824
3065551325,3065555381
3065845548,3066238098
3066615287,3066621912
3066832602,3070446200
3067319802,3067373412
3067746087,3067751940
3068882627,3069719223
3075680827,3078198963
3079067824,3079098783
3081375604,3081388431
3082241465,3082249487
3082703673,3085223921
3083732909,3083790398
3084763651,3084775822
3089129116,3089134441
3089986313,3089992935
3095557144,3095563439
3095724320,3098637680
3097453343,3097457603
3099435858,3099443375
3099477925,3099482683
3099732831,3099739663
3099997252,3100003894
3100767194,3100775240
3106313672,3109655151
3106680570,3106687165
3106712477,3106741057
3107347612,3107350816
3107355677,3107435161
3108210990,3116317488
3108497736,3108509523
3113305945,3113344728
3113544088,3113553854
3113695866,3113702691
3114307603,3114312150
3117093036,3117161561
3120222913,3120229241
3123662077,3123667497
3124274696,3135557745
3126344610,3126412059
3130524710,3132338061
3135756437,3135783069
3139624413,3139632157
3140145266,3140153248
3141663625,3141671527
3142630663,3142687531
3146307220,3147142470
3147221382,3147226745
3147668001,3147671770
3147993654,3148026834
3148184906,3148190425
3148312541,3148343502
3148692773,3148724045
3149178956,3149209340
3149264060,3149270652
3150882620,3150886683
3151574021,3151584312
3153237609,3153242069
3153477206,3153482829
3153584912,3164991352
3153989951,3167999253
3154444963,3154482165
3162247330,3164261712
3162247437,3162260447
3162403916,3162407962
3162876187,3162880901
3163010203,3163018837
3163549496,3163553980
3164439687,3164442627
3166406024,3166410531
3167826153,3167833056
3168746279,3168792018
3171361005,3171367734
3172899250,3172908712
3173200670,3173205027
3174723690,3174728898
3178481617,3178485025
3179239733,3179294195
3180457200,3180485432
3185120513,3188789729
3188570152,3188579220
3189882605,3189937849
3191075682,3191195282
3191536460,3191577545
3192064153,3192120710
3195681529,3195692094
3196242001,3196251560
3198918092,3198923034
3203913894,3203919798
3203958554,3203963412
3205804019,3205817480
3213471381,3216144389
3213534845,3213589668
3213832676,3213838430
3213964588,3213985042
3214502802,3214514455
3215310766,3215315152
3215559931,3215564201
3216637218,3220923343
3217520632,3217524585
3221103867,3221169709
3221346905,3221353473
3221420575,3221463230
3225125260,3225130308
3225497123,3227144293
3226547396,3226551767
3227336944,3227343279
3229289831,3229296015
3231963566,3231969129
3235232625,3235243443
3235520834,3235550616
3235785121,3235796842
3236456359,3236487257
3239127492,3251298700
3239256520,3239262985
3240609751,3240632500
3243760733,3243767926
3245950219,3259046625
3248518401,3248529487
3249355599,3256094031
3252388231,3252393764
3253733720,3253741749
3259898677,3259902012
3262910842,3262914965
3263937905,3263944878
3265956263,3266009893
3266211850,3266258181
3266578337,3266587241
3267281452,3267310021
3269609328,3269614150
3269691756,3269758019
3269728621,3279778656
3276558829,3276566296
3279982273,3279991090
3280394874,3280425892
3281207448,3281213479
3283306749,3283311688
3287225613,3287231155
3291547003,3291555081
3292406957,3292458138
3294767605,3294830604
3299332020,3299337059
3302212761,3302220031
3302463507,3302505127
3302520094,3302575596
3302935013,3302997080
3305592495,3305621265
3309637713,3309657282
3310084776,3310109881
3311781187,3311833631
3312029955,3312081133
3313107358,3321732417
3314083604,3314111078
3314146489,3314153419
3314664430,3314668409
3314704405,3314730249
3316425439,3319013627
3319089503,3321755246
3319237622,3319244220
3320018657,3321886483
3322170513,3322176777
3322624148,3322682830
3325881803,3325888859
3326568456,3331656882
3326664495,3326669446
3327807109,3378416530
3327811252,3327815101
3332241721,3332305895
3332411429,3332416418
3333346874,3381207857
3337270034,3337277461
3339074728,3339078774
3377717330,3377732262
3378816634,3378826029
3386926533,3386932954
3388635425,3388684168
3393786519,3393789870
3395901918,3398832330
3399173946,3399181744
3399837757,3399879570
3399933211,3399962565
3400099936,3400109518
3400122976,3400129471
3401347860,3401351198
3402199969,3402253129
3405220750,3405251571
3405493855,3405558582
3409130703,3409138701
3409572981,3409649385
3409763134,3409803731
3409979999,3410007375
3410103467,3410135702
3410829004,3410872231
3413177187,3413182777
3416016606,3416023585
3416728568,3416735641
3416903997,3416932853
3416963674,3416978272
3419879720,3419891347
3423560296,3423589046
3425051796,3427327559
3427441458,3427455397
3427853210,3427879945
3427856327,3430526845
3427959820,3427965376
3431206309,3431214662
3431238176,3431243649
3432086516,3432091785
3432298426,3437492216
3441135619,3441140106
3442237512,3442241110
3442340760,3442371575
3442740491,3442781760
3443054076,3443058041
3444378520,3444400968
3444520250,3444586681
3445530752,3445536198
3445610741,3445615291
3445686733,3445691474
3449546386,3449548795
3452111193,3452116245
3459010230,3459067268
3459098795,3459108631
3459726448,3459734975
3460737465,3460745827
3460772045,3460777394
3462527004,3462557381
3469745011,3469804609
3469752579,3469850575
3470021470,3470032783
3473068318,3473075972
3473565447,3473570903
3474271381,3474294665
3474861121,3474866076
3478090698,3478095432
3479484569,3479489363
3480485368,3480491239
3480829888,3480841214
3481157104,3481167398
3481704155,3481709350
3481787220,3481837019
3482693020,3482697808
3486718049,3486764770
3489850418,3489853926
3494150061,3494158176
3498123547,3498129190
3499104153,3499109789
3500149078,3510519797
3500548795,3500580398
3510157761,3512929757
3515859233,3515865505
3517547966,3517552948
3519378576,3519386695
3519512169,3519518931
3519551897,3519557774
3519895682,3519906005
3519956686,3519960525
3522609303,3522617238
3522935156,3522944400
3523317112,3523322153
3525024979,3525028597
3535282423,3535291090
3535292533,3535299289
3535769399,3535777000
3535848081,3535854459
3537012358,3537019865
3537201732,3537224919
3537564704,3537570865
3538067941,3538096684
3539352593,3539359896
3540238403,3540246612
3543317820,3543324234
3543410634,3543419140
3544342825,3544375621
3544776277,3544782982
3544786216,3544789407
3545004708,3545012666
3545743986,3545748410
3546392221,3546396919
3548232534,3553788363
3549661577,3549665676
3550180583,3550187342
3553377437,3553392529
3554062550,3554067265
3554237538,3554247110
3554471415,3554504665
3555380904,3555385528
3556146724,3556154274
3557092165,3557096151
3558753200,3561272145
3558930203,3558934997
3559746506,3559752440
3561043323,3561071688
3561418523,3561772074
3562433145,3562440178
3562835728,3562844388
3562867462,3562891775
3563679609,3563689471
3564285322,3564315983
3565770207,3565776334
3566217911,3566276981
3575845019,3575854525
3576505709,3576577796
3577629694,3582433101
3585557444,3589144190
3587072292,3587142618
3589532731,3589540703
3589709543,3589714792
3590356782,3590361162
3590380711,3590390467
3590710837,3590715622
3590811897,3590842989
3590931567,3590943789
3591273451,3591277213
3591320372,3591323991
3592147681,3592156979
3596922185,3596926184
3597162981,3597171027
3598306233,3598336787
3598452745,3598455144
3599285256,3599289265
3599735951,3599771132
3599814562,3599849947
3605770410,3605775892
3605910026,3605914352
3606954085,3606962648
3607563203,3607568522
3608605856,3608613373
3609213998,3609218565
3610463632,3610512625
3614228670,3614236448
3614634955,3614659910
3615081628,3615140357
3615348361,3615378614
3616063700,3616078147
3616705544,3616712416
3624018243,3624024748
3624433613,3624437105
3624820407,3626169415
3626241498,3626253479
3627242411,3635235653
3630702641,3630818351
3632980308,3632990348
3634806171,3634810577
3635165862,3635201518
3635262963,3635334679
3636385768,3636394267
3636982781,3637035182
3637213577,3637258331
3639378126,3639383048
3639454800,3639480125
3643133495,3643137531
3643701217,3643708026
3644034550,3644071195
3645261446,3649409836
3650498642,3650529777
3650582924,3650587728
3651756826,3651788333
3652679756,3652696080
3652888151,3652895251
3655615865,3655622293
3658692141,3658697740
3659514424,3659522479
3659540902,3670204626
3660299796,3660305589
3660798669,3660802143
3662048818,3662055189
3664626000,3670281266
3671137869,3681997041
3674412751,3680464526
3677770607,3677818969
3678076614,3680551480
3680782471,3680786343
3684000040,3684004149
3686316086,3686324428
3686717473,3686767940
3686964320,3687002769
3689520584,3689528319
3690421887,3690436484
3690528574,3690576742
3691141377,3691147143
3691674783,3691683520
3691860432,3691865029
3696238740,3696291575
3697026968,3703393545
3699942599,3700025017
3700311001,3700366690
3701049467,3703430356
3701071371,3703427329
3704536536,3707191568
3707538082,3707544350
3707598412,3707603427
3707753878,3707756775
3708929007,3708933587
3709734959,3709739517
3710997788,3711002649
3712793758,3712800333
3717642190,3717648778
3722113549,3722140859
3723946281,3723953171
3724858556,3724866137
3727564777,3727588355
3728335411,3728345581
3728433461,3728438469
3729017979,3729024019
3729433165,3729440392
3731482825,3731495645
3732705524,3732710579
3732946284,3732949979
3733727703,3733731592
3738617470,3738633159
3741533672,3741538366
3742953704,3803871313
3748453798,3748500135
3749746205,3803858577
3789836162,3789841394
3790065281,3790103880
3794999638,3795003817
3795537450,3806715249
3803949544,3804014391
3804004154,3804012479
3804075702,3804086918
3806933770,3806979707
3807791897,3807797954
3809201631,3809209864
3810595406,3810603852
3810619328,3817185348
3810679828,3810700061
3811022309,3811030057
3811468610,3811478593
3813018121,3813998159
3814184256,3814198563
3814459532,3814470471
3814968933,3814987015
3817406159,3817443522
3817761851,3817765499
3818216759,3818221246
3818670654,3818715782
3821533153,3821538234
3822446233,3822449403
3824519040,3828069729
3828060029,3828085742
3829170629,3829182447
3829961778,3829966144
3830417344,3830420591
3831795442,3831800387
3835223036,3835229792
3835465814,3835474778
3836815226,3854858821
3838369775,3838406286
3838418668,3851949514
3840031211,3840039350
3848531642,3848542758
3855675044,3858222434
3859045259,3859053912
3859257069,3861660175
3859845408,3859852124
3861777720,3861836807
3862021520,3866409170
3862534045,3862576737
3862787036,3862810397
3865363718,3883775433
3867191388,3867197743
3869963036,3869969371
3874021175,3874026500
3874024202,3874031833
3874093739,3874099058
3888443140,3890866731
3890949105,3890954641
3892095618,3892144975
3892220576,3892226199
3894337068,3894343275
3897092342,3897133403
3897275381,3897308070
3897637157,3897659269
3897766620,3897868839
3898256208,3898265900
3901244237,3901252933
3901261560,3901372714
3901836442,3901898993
3902598296,3902605690
3903169249,3903175897
3903651623,3903680597
3904170469,3904179046
3904835773,3905574654
3906210056,3906257014
3907604482,3907607900
3907632179,3907642677
3909475168,3909483320
3909590428,3909598002
3909955375,3909960824
3910897051,3911759688
3912151877,3912219270
3912689977,3912696432
3913904397,3913915209
3914342273,3914366492
3914540227,3914570173
3914686401,3914693180
3915184522,3915193065
3915488846,3915503416
3915876461,3915902395
3916727929,3916730589
3917163923,3917169219
3918162969,3918198905
3918225009,3918259017
3919797209,3919803219
3923577258,3923587298
3926568404,3926578347
3928222914,3928253822
3929793781,3929801572
3931174385,3931181838
3935642320,3935723467
3935918418,3935924375
3936914847,3936918900
3937207430,3937258201
3939055321,3939059153
3939416823,3947943501
3939632377,3947928971
3941754525,3941803241
3941984964,3941991937
3942063733,3942081811
3942212841,3945055667
3945498410,3945507101
3945540551,3945544948
3945849579,3945915838
3946704000,3946711668
3948397039,3948403437
3948538690,3948588435
3951773736,3951816441
3952476857,3952546508
3953423632,3953431270
3954807056,3962634064
3955372599,3958022964
3958661711,3958670487
3960376891,3960386984
3960541441,3960565534
3961481901,3961485894
3964020682,3964032776
3965578528,3965587095
3971306880,3971315503
3971978502,3971984509
3972481558,3972489216
3973038605,3973043603
3973372477,3973377144
3973915769,3973919364
3974154120,3974164337
3974754577,3974761437
3976985253,3976988577
3977983620,3980571494
3978030294,3980523175
3980942294,3980990198
3980944793,3987387619
3981123797,3981128511
3984010324,3984015997
3988430516,3988436870
3990298289,3990304206
3990754296,3990792250
3991918433,3991923130
3992096491,3992113103
3994372117,3994380125
3998368946,3998371579
4003904222,4003935571
4004957643,4004965224
4005014163,4005020962
4005800193,4005806725
4006158478,4006218039
4006287426,4006291218
4006290159,4006293156
4006506255,4006516559
4008385615,4008439539
4008671338,4008677506
4009756199,4009791380
4011770364,4011783661
4012139022,4014630938
4015012352,4015018025
4015152543,4018333634
4017579141,4017584557
4017781823,4025505696
4019869948,4019875387
4020685820,4020688901
4022480989,4028630931
4029291735,4031570725
4032297130,4032300542
4032491172,4032499358
4034624997,4034630449
4035173357,4035285630
4036046004,4036052893
4036118428,4036126537
4036178069,4036184514
4037177034,4037254640
4039482830,4039529935
4044586688,4044598926
4055017674,4055025656
4055406790,4055413011
4058705897,4058710013
4060977477,4060985402
4061136992,4061146006
4062001543,4062005305
4062042231,4062048432
4062097639,4062126920
4065089583,4068313333
4069377402,4069380914
4071752143,4071757449
4071905124,4071909387
4072483631,4074230738
4072516964,4072520960
4072822290,4084681643
4074400855,4074464371
4074847226,4074852976
4080739550,4089475074
4081816355,4081845302
4083108241,4083141454
4083186221,4083191693
4084519732,4084524490
4084626098,4097142874
4085629367,4085667826
4086222955,4086230165
4088618535,4088630609
4089981798,4090036335
4091467672,4091472216
4091682840,4091706397
4091926005,4091930706
4091980086,4092711350
4093055061,4093091592
4093195783,4093203724
4093823213,4093829353
4094344444,4094351219
4099183283,4099190135
4100157942,4100208168
4100594628,4103438751
4103525879,4103533784
4103927807,4103941626
4104650952,4104657440
4105756036,4105761635
4107199198,4107208566
4110064920,4116663783
4114402327,4114407212
4114981185,4114985939
4121643398,4121649595
4166417423,4166426554
4171686797,4171701665
4172053785,4172060875
4172298427,4172303552
4176240744,4176244433
4178635328,4178639642
4179770435,4179774685
4181418403,4181445980
4182385314,4182389284
4182435647,4182499715
4183024615,4183031972
4184167871,4184173724
4186409521,4186419724
4186969077,4186987757
4187595502,4187601970
4187834948,4187838707
4188362147,4191497837
4188397445,4188403472
4192328396,4192367737
4192483488,4204158502
4192485158,4192489455
4193059372,4204167459
4197410641,4199990252
4197995436,4198000243
4201716452,4215419836
4204421750,4204429896
4204577006,4208345481
4208986275,4209014344
4209131371,4209137685
4209357360,4209362141
4209776174,4209828732
4211685473,4211691898
4212993823,4212998324
4216948462,4216956862
4216984482,4216989300
4222522347,4228426645
4225386984,4225448536
4226143098,4226151353
4226238368,4226247793
4228499463,4228546866
4228571206,4228618301
4228919156,4231918648
4228949219,4228956984
4229990252,4230021831
4230500762,4230505726
4230605814,4230686858
4232298917,4232353587
4232979142,4232984742
4232992807,4232996289
4233197564,4233206818
4233309950,4233319208
4235096726,4235124661
4236063430,4236074853
4236289857,4236335769
4238318866,4238322912
4238353616,4238401500
4243383801,4249361411
4243525314,4243532457
4244751578,4244781614
4246313782,4246319632
4246502441,4251288882
4247417506,4247422110
4249565613,4249629417
4249864608,4249874938
4251430516,4251435551
4251455484,4251463042
4251856264,4251859889
4255530892,4255573320
4255575545,4255588131
4256079834,4256106469
4259922404,4259960967
4260488219,4260492659
4269325298,4269370816
4269401474,4269498585
4272822045,4272826642
4274648078,4274652913
4274752146,4274756412
4277899589,4277931209
4277994686,4278177759
4281650063,4281696173
4283438292,4283449121
4284296900,4284323418
4291135273,4293829393
4294080439,4331958271
4294605055,4294608470
4294826026,4294833339
4296133354,4296141603
4297518645,4297521869
4297658829,4297720993
4300196691,4300203179
4300724667,4300774703
4332318607,4332324477
4334835998,4334846432
4335506651,4338278794
4338702343,4338737438
4338747310,4338795385
4339490662,4339497972
4339605871,4339661369
4341834882,4341877030
4342052936,4344823649
4342093313,4344820819
4344940533,4346786766
4351014266,4351018218
4353202072,4353255555
4353397841,4353439941
4354060669,4354109114
4354287664,4354293166
4355501876,4355514502
4355978120,4355998758
4356708137,4356714161
4360818095,4360826963
4364324071,4364331408
4366778941,4368887337
4366820473,4366871100
4367348704,4367387333
4368850111,4368857989
4369398311,4369405989
4372864274,4372871497
4373455744,4373487377
4375587437,4386077292
4376353113,4376360377
4376891314,4376928987
4377498691,4377505463
4386520998,4386528351
4391598097,4391638972
4392209156,4392217987
4395248303,4395253889
4395433648,4395438903
4397110136,4397119778
4398314943,4398319510
4398479811,4398515213
4399541107,4399592415
4400967102,4400985271
4401157025,4401162684
4401526742,4401548379
4401558933,4401600506
4402951612,4403009198
4403409199,4403414662
4404439186,4404447806
4404873684,4404914538
4412274570,4412284657
4415065123,4415125652
4415392873,4415401002
4415574176,4415578389
4415728719,4415735675
4416194025,4416201111
4416739355,4416745442
4417926883,4417981619
4417967794,4418027816
4419219416,4419225875
4421256798,4421274185
4421968613,4422006571
4422422916,4422443774
4431530116,4431561455
4432047291,4432058444
4435400661,4435435401
4435813472,4435835055
4435979375,4435986177
4436323858,4436330146
4438363912,4438371169
4438733870,4441052332
4438878141,4438887960
4439509463,4439520672
4439666021,4439694972
4452519148,4452615120
4453450504,4469417640
4456426882,4472416049
4456648551,4456654541
4460261337,4460274444
4460275813,4460297002
4460912184,4460917560
4462182754,4462189235
4463096355,4469516759
4469565969,4469597446
4469796967,4472442681
4472134305,4472140359
4473473075,4473536863
4473690715,4473745238
4476799773,4476823318
4476827030,4476853137
4477303755,4477308462
4479724456,4479728765
4480900463,4480908498
4480904877,4480910607
4482194036,4482239244
4483652774,4483663605
4488509544,4497341341
4490581513,4490588048
4491036527,4491048869
4491149171,4491158035
4504177075,4504255563
4504518247,4504541668
4506912480,4506919252
4511488605,4511492982
4512241522,4512247172
4517384280,4528076299
4517657227,4517670097
4518130387,4520693989
4520359365,4520366348
4520657959,4520666535
4521413147,4521417992
4523564235,4523593015
4526870893,4526877034
4528161609,4528207753
4531172802,4531177867
4533517149,4533521433
4534875338,4541820478
4535654672,4535661565
4539151701,4544785123
4539166127,4539181600
4539172586,4541826258
4539483778,4539487694
4541906991,4541963465
4553617240,4553661272
4553888875,4556785826
4554050067,4554054340
4555363028,4555369309
4557123406,4557184270
4558091370,4558097741
4559568380,4559574150
4561408723,4571225636
4561438284,4561441428
4561708653,4561719738
4562916180,4562921242
4567770291,4568422973
4575961534,4575966846
4576110525,4576160868
4582797088,4582804408
4583040998,4583047683
4583490994,4589202220
4584297725,4584358175
4587032980,4587071075
4593184075,4593252547
4593741436,4593748543
4594387496,4594397078
4604105855,4604111739
4604167511,4604197881
4604314440,4604320097
4604730422,4604737772
4605101232,4605108606
4606553602,4606684030
4607416990,4607421678
4608163442,4608168928
4609064270,4609072583
4609448031,4609453513
4613633476,4613639417
4614440057,4614450865
4614614694,4624615101
4617573802,4617614807
4617753247,4617760688
4621572921,4621619900
4622577693,4622581632
4623381597,4623386168
4625323144,4625330575
4625393039,4625397974
4625449573,4625462072
4628171871,4628181296
4628398648,4631641169
4628749957,4628756108
4629125124,4629176098
4631373807,4631381295
4631524232,4631664877
4631692537,4631768122
4632183505,4632219645
4632234854,4632241797
4632597328,4632602524
4633432585,4638279025
4634087412,4634139345
4635695585,4635759503
4642208269,4645089170
4642449363,4642455904
4646016627,4646025835
4646267717,4646292207
4647783881,4647788745
4648219574,4656189593
4648856907,4648861822
4649412855,4649425194
4649838796,4649851308
4654202868,4654234712
4654599926,4654634399
4655055776,4656269805
4656093982,4656107496
4656989899,4657005735
4659308794,4662651833
4662894765,4662934814
4662930190,4666065419
4666396394,4666411565
4674137002,4674149187
4677552933,4677559806
4678832179,4678836927
4681654141,4681682399
4682595406,4682626628
4684465915,4684475267
4684714169,4694443851
4685827034,4685855256
4686046966,4691500455
4686531606,4686536594
4687324765,4687331945
4687359155,4687363989
4695121153,4695134377
4696080754,4696084606
4696211603,4696216638
4704156213,4704161956
4706799635,4706809371
4708591903,4709025168
4709896328,4709920527
4716316194,4716323447
4716527292,4716533774
4716622712,4726403756
4717344116,4717353478
4720103506,4723517215
4721228222,4721238122
4726682036,4730132867
4726865166,4730157828
4731156363,4731161755
4731692087,4731699872
4732014279,4732042978
4732307189,4732311953
4733165145,4737888982
4734528265,4737927678
4734772840,4734801112
4736620270,4736628335
4737827784,4740899285
4737994255,4740890531
4738386441,4738446988
4741513097,4741519886
4749092115,4759064852
4752147713,4752154212
4753096803,4753103034
4753225634,4753260498
4753358989,4753365467
4758532846,4758540303
4758556524,4758564031
4759294349,4766078176
4759500552,4759505210
4759563939,4759581543
4759914171,4759961284
4760075501,4760080783
4760563258,4760571397
4761256300,4761260770
4761897705,4761921534
4761953488,4762010152
4763709539,4763735636
4764602175,4764610568
4764856279,4766107210
4766677551,4769373007
4770248972,4770258296
4770356373,4770361669
4774332204,4774339618
4778268314,4778274254
4780298262,4780307333
4780932962,4780963974
4781426068,4781468607
4781594491,4781599579
4783767192,4783769594
4785080290,4785090413
4785291685,4785338049
4785395789,4785399427
4788219124,4788265537
4788551809,4788556583
4789350979,4789356265
4789351918,4789360411
4789417917,4789427553
4791296475,4791302867
4791819638,4791826918
4791881584,4791909652
4795736596,4795743372
4796422531,4796426016
4797475899,4797501224
4837717086,4837722471
4838240686,4838245741
4838380101,4838391718
4841989994,4841995135
4842647109,4844712632
4845128907,4845144975
4845816620,4853574338
4853695171,4856831632
4853881895,4857465257
4854206997,4854212683
4855817291,4855923778
4856938623,4856944694
4857757966,4857762647
4858853809,4858865125
4859060978,4859113028
4861183613,4861189861
4863186124,4863194122
4868083345,4868091076
4868119034,4868173466
4868483914,4868492504
4870347928,4870353070
4871735174,4873296893
4871772387,4871839639
4872345722,4872356944
4872976296,4872983242
4874805733,4874813515
4880663464,4880667383
4881037081,4881088356
4881442497,4881466316
4881739063,4881749026
4885267296,4891887014
4897823136,4897848822
4902322344,4902327683
4906368805,4909886905
4906589031,4906593534
4906601954,4916713805
4907106974,4907114144
4909992680,4910032675
4910354192,4910362571
4911585023,4911594866
4911603058,4911609566
4911928667,4911938159
4912541674,4912546207
4917826781,4925729611
4917888634,4917894952
4918379782,4918392642
4919402258,4919405830
4919579438,4919615164
4922358697,4922364247
4926894890,4926899855
4927209284,4927220673
4931986159,4931990683
4932213271,4932218824
4932233571,4932285207
4932526321,4939991409
4933022110,4933048030
4933576074,4933585218
4934443361,4940029461
4940284032,4940288974
4940664849,4940702486
4942756018,4942762276
4943916126,4943947071
4944487553,4946822015
4946958280,4950452294
4947241494,4947248637
4947823342,4947832119
4950014980,4956635811
4950039096,4950104581
4951626715,4953007446
4953033700,4953095048
4953341799,4956724172
4958379798,4963724623
4964138520,4964228354
4964246923,4964258103
4964397648,4964402443
4965600755,4965629027
4966938791,4967018422
4967211167,4967217662
4967313196,4967354274
4967845192,4967854741
4969436677,4978415510
4971968865,4971983449
4975500199,4975504516
4976156269,4976167455
4980093525,4980100511
4982814693,4982821285
4986593128,4986601514
4987949359,4987956025
4993775690,4993783071
4994211237,4994267898
4994422609,4994431897
4995204826,4995255253
4997169610,4997175684
4997557092,5000866500
4997824300,4997829910
4998331940,4998337920
4998412753,4998439428
4999437351,4999448012
4999827055,4999833717
5000205316,5000213211
5000718331,5000727546
5004979916,5005018028
5005688788,5005694287
5006218693,5006268778
5008639674,5008655026
5008881513,5008886932
5008910884,5008990057
5008993729,5009044897
5009101962,5009115614
5009715828,5009724043
5010214834,5010221997
5012627640,5012671054
5012666864,5016317694
5020704131,5020732784
5021382229,5021389823
5023505191,5023508349
5027776452,5027783351
5030680306,5036296849
5030791804,5030886396
5032050680,5032055855
5037270603,5037274462
5037607348,5037612770
5037704466,5037709297
5038625598,5038631254
5039981351,5039987000
5040568033,5040572046
5042998503,5043003635
5043698063,5043703386
5044910605,5044917912
5045680752,5045687143
5048949974,5048996952
5049009371,5049022996
5049169190,5049776624
5050761470,5050776004
5053526383,5053535731
5053577852,5053625713
5057673958,5057723285
5060684900,5060689884
5061151378,5061159633
5061501026,5061547496
5062555055,5062562308
5063612522,5063618208
5065951684,5065958664
5067554041,5067560399
5068295063,5068301595
5068803819,5068865314
5069468151,5069473463
5069866421,5078715010
5071026425,5071033081
5071783244,5071792285
5072926002,5072965961
5074679999,5074684920
5075305688,5088183729
5078979859,5085366699
5081120011,5081124989
5081382591,5081409824
5091326014,5091361850
5092239321,5092295003
5092564990,5092572110
5093189437,5093197525
5095232254,5095302861
5099390882,5099450342
5101312796,5101319228
5102123734,5102205005
5103029370,5103040098
5106099792,5106132391
5106345704,5106373752
5109472062,5109481407
5110154052,5110184288
5110740657,5110746818
5114067753,5114073920
5114437851,5114449064
5114980338,5114992724
5115568541,5115597328
5115932215,5115937975
5116283102,5116288986
5117556164,5117563565
5118043975,5118055288
5118364018,5118367636
5118616765,5118622656
5119303640,5119312797
5119738899,5119810110
5120075650,5120084287
5120259642,5120282936
5120358357,5120385663
5120969262,5120983365
5121122493,5121132610
5122698084,5122702872
5124410284,5124421500
5132072077,5132078976
5132297755,5132307601
5133002163,5133029807
5134408757,5142082939
5135621085,5135642575
5135831214,5135835661
5138095143,5138102413
5138415473,5138428577
5138445316,5138480260
5138899488,5148581817
5142263703,5142267462
5142698505,5142730037
5142804590,5142808799
5143822028,5143828115
5144187252,5145129987
5145620708,5145634566
5148830485,5148837799
5149051914,5149062107
5149138200,5155643781
5154067548,5154078367
5154651498,5154655747
5155906027,5155913511
5159352194,5159363260
5159355225,5159363804
5159445182,5159452610
5159644059,5159650547
5159696009,5159702681
5171565907,5172269055
5176876776,5176880893
5176957156,5176983824
5179224973,5179232374
5187122955,5187134542
5189484790,5189489748
5193498222,5193502304
5195079095,5195100284
5196053286,5196097445
5196204543,5196266115
5196293735,5196331165
5196369380,5196377683
5197346695,5197351800
5200196177,5200238782
5202717631,5202722462
5203037122,5203044419
5205192199,5205195457
5208010452,5208019112
5208760529,5208767502
5209283408,5209287764
5210325994,5210330962
5210813236,5210824429
5211739620,5211747692
5212745335,5212767950
5213813189,5213844027
5216564357,5216582823
5216857722,5216920226
5217693289,5221295277
5220993382,5221043638
5224327674,5224333030
5224721090,5224760983
5224919258,5224993664
5227457785,5227527259
5228237340,5228323462
5228500682,5228543420
5233246957,5233283999
5234558992,5234562931
5235141291,5235150259
5238192269,5238209034
5239008769,5239019340
5244060066,5244066003
5245073685,5245080641
5246055911,5246111186
5247189057,5247201378
5248048179,5248054988
5249423337,5249427232
5250073105,5250077655
5251382765,5251411475
5251942298,5251945906
5255264038,5256903804
5256841092,5256848790
5259218446,5259221433
5260676122,5260682490
5260746461,5260794819
5261157324,5261161543
5261519755,5261524045
5261652672,5261655899
5261711705,5261714779
5262306279,5263441776
5264044907,5264053086
5264141273,5267338919
5264988294,5265001264
5268079477,5268147926
5268540503,5270880992
5268902199,5268905857
5269418752,5269423149
5278659140,5278666955
5279016867,5284781876
5279952863,5279959345
5281383710,5284866084
5285076771,5285149051
5285331146,5285340290
5285867051,5285881170
5290716611,5290727206
5291729566,5291736401
5294372386,5294377632
5295301788,5295308376
5300521988,5300524731
5303946622,5303954373
5304547979,5304553314
5308130220,5308140070
5308436398,5308468783
5308471041,5308475639
5308818301,5308825634
5308979700,5308992777
5311456260,5311464105
5315716589,5315725226
5316493822,5325237545
5316628704,5316633388
5319411648,5319419727
5319432002,5319455914
5322321904,5322329548
5323107743,5323141799
5325524067,5328851193
5329886495,5329896338
5329946263,5329953116
5332575005,5338863097
5332660152,5332777356
5332827382,5332834284
5339127665,5339135637
5339179822,5339184526
5339255681,5339260408
5339561217,5339568547
5339882516,5339891430
5340671626,5340679134
5342543546,5342571116
5342752502,5345487422
5343248234,5343254402
5344581923,5344592557
5345235650,5345238550
5346522751,5346580381
5346968294,5346986907
5348852569,5348857697
5349517131,5349528127
5350152436,5353730792
5355039924,5355050058
5355093899,5355097791
5355458188,5355464803
5356503988,5356508355
5357214527,5357270549
5360487266,5360495699
5361072449,5364204330
5361427105,5361433092
5362105175,5362107634
5367842735,5368017823
5368082696,5368091730
5368275629,5368281111
5368480375,5368520331
5369551474,5380838725
5375385980,5377996527
5378092435,5378158922
5379274300,5384095194
5380753334,5380761917
5387097669,5387102828
5389710404,5389717864
5390272419,5390277194
5391431799,5391440131
5391678432,5391689584
5392360806,5392365212
5392675309,5392680321
5392721315,5392749681
5392728241,5392853842
5393031860,5393041986
5393050162,5393055945
5394091108,5394096149
5396233833,5401561568
5397411194,5397416446
5397585814,5397615606
5399467903,5399477395
5400263936,5400305639
5400634035,5400640149
5402258245,5402303987
5402542485,5402589016
5402948944,5403022434
5406643994,5409091343
5409218253,5409252084
5409652035,5409686361
5409864463,5409871900
5410731393,5410736785
5410912197,5410935358
5410987986,5411052518
5411160498,5411212204
5411693570,5411704706
5412054955,5412061951
5413741085,5413753096
5414285249,5417377719
5416159490,5416169433
5416323052,5416333165
5416414012,5416488788
5417114828,5417119800
5417408764,5417417204
5417651579,5417662297
5420533231,5420579762
5420846382,5420856351
5425329188,5425354787
5425711081,5425718595
5426579103,5426585665
5426610676,5426618585
5428394198,5428401101
5428767992,5428789575
5432827981,5432871882
5433446801,5433452858
5434816306,5434843465
5435282654,5435289413
5436311318,5436370504
5436667233,5436707607
5436933108,5436938811
5437053242,5437104564
5440468742,5442291458
5443044474,5443096274
5444490022,5444546973
5444721002,5444725726
5444992299,5493512117
5445002894,5496891611
5445367610,5445374285
5493723065,5496924273
5497420302,5497429834
5497425378,5497432050
5502048568,5502057095
5511432381,5511437102
5511538646,5514867005
5511573881,5511579020
5512160941,5512168843
5512775067,5512783687
5514722771,5514730576
5515375223,5515383004
5515718162,5515720323
5516161824,5516253345
5518991904,5521561649
5521455908,5521606079
5525363315,5531535368
5525574633,5525580116
5528194130,5528220598
5529237298,5529262903
5529503242,5529557902
5532219022,5532223462
5532625147,5532629554
5533212815,5533246656
5534014705,5534018256
5537862400,5537868918
5538825716,5541654169
5541927010,5541965539
5542007970,5544510737
5542043740,5542051685
5545440850,5548625801
5546487750,5546491264
5548339018,5548346311
5548506051,5548512449
5548624561,5548670781
5548762921,5548769590
5548781160,5548786900
5548978730,5548983003
5549424389,5549474736
5549619046,5549625614
5549660255,5549667281
5549692669,5558749977
5549703668,5549707059
5551994619,5552000914
5558539240,5558545662
5558822883,5558983547
5563028659,5563034622
5563473587,5563499874
5564018149,5564073928
5564358793,5564412834
5565403012,5565433737
5568814456,5583430557
5570170243,5570229870
5572426741,5572461484
5573622367,5573633336
5575709641,5576506071
5577449117,5577459622
5578629402,5580284921
5580313961,5580322999
5583692235,5583701116
5583910246,5583960913
5587306788,5587337476
5590361912,5590369827
5590719492,5601403956
5590762788,5590820054
5591563031,5591568246
5593494738,5593499165
5593793923,5593801053
5594456972,5594499437
5602237008,5602243273
5602381830,5602387854
5603678119,5603689144
5604042885,5604046941
5606347969,5606359058
5606363344,5606368155
5606606326,5606611554
5608272012,5608284651
5608985400,5609038025
5609378218,5609401682
5609957704,5610000717
5615116847,5615120909
5616200665,5616208994
5616231312,5616238546
5616395378,5616401997
5617175026,5617189560
5617676896,5617683455
5618793677,5618798812
5619332536,5619380817
5619358970,5619416172
5620774999,5620778698
5620825603,5620832038
5620926894,5620930742
5621205441,5621210793
5622577314,5622626194
5623301398,5623307846
5626135547,5626209659
5626806274,5626817443
5630786576,5630808516
5631960783,5631965961
5632103095,5632171079
5636374623,5636414609
5637786416,5637801968
5644374083,5644447793
5645006534,5645010721
5645481646,5645488441
5647038868,5647096491
5647606366,5650682455
5654340642,5658090003
5655834915,5655878830
5656601654,5656610147
5658926610,5658951638
5658986198,5659025873
5659475689,5659481249
5664368560,5664373641
5667867182,5667872474
5668654438,5668661484
5669769615,5669775308
5670417225,5670606749
5678408613,5678430607
5678710410,5685556611
5681630371,5681636769
5685654822,5685670849
5686301229,5686310360
5686337152,5686344095
5686460581,5686493697
5686673793,5686683840
5687030006,5687037678
5687394225,5687399664
5689732856,5689743397
5691665790,5691718381
5691949445,5691955062
5692524681,5695071824
5695207130,5695236862
5695333880,5695367417
5695647755,5695656469
5695741245,5701058085
5696159558,5696165415
5696358818,5696363326
5696588035,5696600023
5696751138,5696757159
5697786381,5697869045
5697923180,5698170732
5698339817,5698346856
5699751372,5699756828
5700144681,5700149021
5704979908,5704994452
5705012059,5705019283
5705268896,5708025092
5707784313,5707797386
5709455207,5709461793
5711221462,5711278818
5711735617,5711757154
5712777138,5712786125
5713017152,5715448474
5713928087,5713954843
5714268982,5714280702
5715779723,5715792048
5716019003,5716021819
5720060295,5720069714
5720290501,5720299368
5721825715,5721855414
5724459769,5724515886
5724560231,5724601540
5725026198,5725077109
5725079645,5736699231
5729009744,5729019824
5729881148,5729887225
5730625678,5730637857
5739563704,5739599093
5740522851,5740530238
5740898689,5740912354
5741125894,5741150849
5742099718,5742105037
5742932686,5742937952
5742985011,5742991128
5744285984,5744295412
5744954609,5744959627
5748110051,5748141901
5748467591,5759160993
5749680945,5752487106
5752619853,5752667597
5752740766,5752745270
5755045796,5759072779
5755146182,5763170419
5756442287,5759239227
5759934731,5760002117
5762564909,5770139548
5763247787,5763255121
5764100184,5764155595
5766665332,5766703520
5766745407,5766754184
5768512073,5768516680
5769147682,5769153930
5770738939,5770742845
5771010236,5771017039
5771513145,5771518571
5771572406,5771576959
5772042729,5772081302
5772267385,5772273369
5777342493,5777391831
5778030300,5780904231
5780924167,5780939947
5780981259,5780995612
5781571540,5784912949
5781666352,5781675604
5782356484,5782362087
5782848357,5782878834
5785700348,5785711701
5788864881,5788874547
5789120098,5791350830
5790574315,5790625577
5792115330,5792157100
5792619351,5792628880
5793978208,5794004646
5794983926,5794988399
5795124527,5801270604
5795757026,5795783323
5798938047,5798941993
5800561586,5800566056
5801449594,5801479006
5804524911,5804569905
5808573832,5808583250
5808911576,5808917322
5809442666,5809450143
5809623731,5809627600
5811111667,5811120360
5811241547,5811246742
5811786413,5811815019
5811935928,5811940228
5811982165,5811986368
5812720020,5812751406
5813569664,5813573352
5814446500,5814551272
5814929436,5814938474
5815401550,5815406889
5815702883,5815707538
5818074397,5818098306
5819247642,5819289335
5820738895,5820770541
5822109168,5822164934
5822210115,5822216176
5822294406,5822302762
5826179074,5826182201
5826647182,5826653139
5829767597,5829774940
5830485907,5830535855
5830550633,5830559333
5830692173,5830698752
5831219525,5831228443
5831490127,5831494441
5832376078,5832381598
5832480399,5832484399
5832777342,5832780286
5839169290,5839176955
5846591887,5846598222
5846783189,5846906448
5850502675,5850507961
5853499671,5853508217
5858218910,5858225522
5861029683,5861067961
5861173789,5861215586
5864441758,5864450321
5865571803,5865576066
5866202955,5866212530
5866529840,5866535654
5868460468,5868529598
5872003029,5875711636
5872036977,5872042323
5876323269,5887254177
5876503836,5876508140
5878297759,5878305958
5879542332,5879550714
5884686740,5884738560
5885925957,5887311466
5886440179,5886490442
5887986930,5887997638
5888712019,5888716894
5892434479,5892464074
5895023829,5905076397
5896561937,5896634147
5896745010,5896751418
5899894111,5899925734
5902003997,5902046425
5904619067,5904625405
5904986416,5904996476
5905066765,5905106958
5905638566,5905644547
5906112518,5906118692
5906787615,5906792720
5907251915,5907254314
5907893484,5907897283
5908920113,5908987278
5909209261,5909215599
5909608618,5909633926
5909664103,5921718981
5911416826,5911420428
5912701873,5912709156
5913064100,5913072045
5913346202,5913351407
5915278778,5915286693
5915573723,5915581384
5916210986,5916217838
5921880554,5925113977
5925436539,5925445506
5926189005,5926192075
5927367635,5927375998
5928357563,5928394672
5928374672,5931062103
5928812340,5928826002
5931252229,5931256559
5931801882,5931805908
5933120239,5933170148
5933132965,5933142163
5933226057,5933230440
5933577035,5933581782
5933709919,5933714208
5933761558,5933766780
5936192890,5936198025
5936849852,5936854302
5937811965,5937838911
5937937408,5937944331
5939200220,5939205445
5940670043,5943094282
5944007693,5944012000
5947561513,5947567216
5947950939,5947954431
5947988456,5950018567
5950470605,5950480742
5953233771,5953238265
5989560187,5989565132
5989898392,5989906755
5998561606,6001906967
6002485207,6002492069
6009963980,6009990949
6012372857,6012652523
6012705131,6012742217
6014853433,6014882684
6017031099,6017036762
6022093471,6022098800
6028145317,6028176736
6028250012,6028256981
6032091924,6032099298
6038646568,6038677159
6039091483,6039101617
6040270725,6040278727
6040936203,6040945698
6042596710,6042605053
6045525913,6052780775
6047539590,6047549680
6048905253,6048950487
6049676899,6049691463
6050068213,6050079072
6050309875,6050314716
6050512584,6060239101
6050664411,6050671133
6051949187,6051981969
6056782754,6063306744
6056821914,6056827070
6057977158,6058035980
6058305072,6058309866
6059910602,6059996501
6060074725,6060104821
6062566233,6062605357
6062949772,6062956782
6063483386,6063490332
6064228427,6064235657
6074411574,6074420815
6078122222,6078129994
6078470394,6078481068
6078981428,6078989082
6079330969,6079341480
6079794467,6079805716
6081531621,6081628649
6085354169,6085358455
6085478452,6085483634
6085568477,6085573465
6085634790,6085641539
6091752194,6091761800
6092292236,6092298988
6102129990,6102136198
6103237587,6106207497
6103400209,6103444916
6103590492,6103599727
6105107167,6105114227
6106011768,6106018971
6106699156,6106706921
6107094563,6107103982
6107994396,6107999258
6110213765,6110223521
6114018972,6114077033
6114476901,6114483496
6114797892,6114821961
6117082562,6117088128
6117237811,6117242949
6117817828,6117871038
6123987272,6123992571
6126343370,6126350694
6127917785,6127923602
6128056119,6128127146
6129446067,6129480925
6131437523,6131542479
6131990451,6134146797
6132380936,6134158023
6132581660,6132585933
6134251700,6134261559
6134619396,6143290592
6137559303,6137577405
6138410133,6138419889
6144041484,6144052960
6147552117,6147559079
6148319176,6148390548
6149433682,6149441553
6149539914,6149549346
6151257166,6154192807
6154524389,6154533019
6159215227,6159221544
6161208637,6161214233
6161324752,6161329162
6168747562,6168755380
6168805266,6168817009
6169014867,6169027967
6170173882,6172106321
6172185491,6172193021
6172265181,6172270524
6172268863,6172284336
6173360673,6173366326
6179499567,6179541624
6180083526,6180090048
6182277403,6182284499
6182304104,6182312975
6191084659,6191092457
6191309542,6191323672
6192728107,6192776563
6194425153,6194509825
6194980650,6201553045
6202241245,6202248873
6202415846,6202425875
6203389720,6203423113
6204718651,6204725767
6205233160,6205292597
6213288268,6213353656
6217078661,6217123999
6217562295,6217565536
6222145377,6222152263
6222760605,6222765072
6225919218,6225927213
6226713577,6226721298
6229611985,6232028717
6232866931,6232877134
6233116183,6233120012
6234747336,6234785077
6238576769,6238584103
6238598663,6238632488
6240263788,6240275024
6240383314,6240391520
6241741536,6241748309
6242440625,6242446041
6244432405,6244443380
6245168723,6245176458
6245456989,6245465155
6245780263,6245806307
6246131759,6246137956
6246698926,6246704933
6248164917,6248231368
6249080259,6249089745
6249520236,6252281253
6250784695,6250794795
6252239089,6252247769
6252526918,6255994632
6255889843,6255938191
6256028036,6256038119
6257306483,6257312995
6257333005,6257337635
6257713698,6257783329
6258289438,6258293240
6259450562,6259510336
6259748901,6259759312
6259798165,6259807276
6261842272,6274155986
6261858814,6261865262
6266771634,6270224727
6270728194,6280821603
6273992718,6274000767
6277827397,6281041357
6280432992,6280438651
6280769606,6280774187
6281523869,6281568269
6282749622,6282772455
6287795363,6287828683
6288465615,6288474863
6290871618,6290922179
6290988341,6290996136
6291183309,6291263317
6291394042,6291426918
6291828700,6291837353
6291922801,6291998616
6294502770,6294509893
6294636489,6294643268
6295494094,6295507876
6295991033,6296038171
6296432543,6296441246
6298732902,6298800986
6299458796,6299493069
6300963474,6300968973
6309068037,6309098905
6310134077,6310158223
6310375872,6310377957
6312332491,6312337362
6312450664,6312459337
6314991051,6315345667
6315562071,6315570627
6316176842,6316235360
6316864163,6316902853
6319730481,6322068768
6320536627,6320567418
6323039835,6323045655
6328220875,6328245565
6331748494,6331758049
6332084450,6332088149
6332238269,6332242699
6333129586,6333134119
6334311707,6338998408
6339530648,6342778578
6342957144,6349693414
6343982062,6346565352
6344005710,6344009602
6346702556,6353994297
6347720435,6347724728
6349147947,6349198484
6350212460,6350221107
6350653850,6354054038
6355138722,6355145133
6358040835,6358051967
6358279944,6358286185
6358572891,6358577926
6358776799,6358803314
6359462891,6359469867
6359713594,6359762270
6361370901,6361404201
6367445312,6367448275
6368012001,6368016963
6368323906,6368371522
6370510980,6370547508
6370571647,6370580357
6370770717,6370780810
6375008306,6375015182
6375020398,6375046080
6377663853,6377721159
6378335138,6378347543
6379887061,6379895267
6380016296,6380058364
6387169220,6387176717
6387496660,6387502604
6392212849,6392221202
6392446392,6392451878
6392540266,6392588514
6393942252,6393947665
6395146098,6395152085
6395333868,6395340457
6397151105,6397158265
6400552980,6400609216
6402652789,6402660189
6406145554,6411616644
6406960818,6406966468
6409295991,6409322356
6410408836,6410443045
6412449930,6412505856
6415711514,6415720819
6416852274,6416916459
6417431940,6417439481
6418701293,6418705443
6423958573,6423962732
6424459394,6424462818
6424745017,6424747820
6425781282,6425791388
6426478610,6426481637
6426556149,6426564281
6426730910,6426742506
6429029946,6429087155
6429202882,6429207717
6429693379,6429726299
6429872924,6429878677
6430234556,6430240109
6430324788,6430333004
6430399792,6430404593
6435677979,6435683536
6436984345,6437012507
6439008847,6439015272
6439744013,6448726384
6441418556,6441430483
6449293882,6449297915
6449484646,6449493881
6449781222,6449786821
6450109915,6450113065
6450479024,6450514359
6450817473,6450827720
6451127476,6451132672
6451709267,6451713484
6451909136,6451914632
6452916561,6452950138
6454328674,6454364684
6454703694,6454709427
6455172407,6458505507
6455919624,6455925778
6458646232,6458673465
6459700051,6459754958
6460568772,6460597304
6462039400,6462046747
6463030691,6463038496
6466407829,6466416552
6466593321,6480950092
6467861147,6472993355
6473329551,6473340861
6473886448,6473892526
6474954493,6474987774
6475847851,6480995988
6481834780,6481861078
6482878836,6482884362
6483168750,6483178201
6485073147,6485079870
6487810039,6487853108
6487868093,6487872573
6489257881,6489266298
6489509510,6489520836
6489627720,6489635357
6489645711,6489656596
6490984261,6491042863
6491810029,6491837593
6493230489,6493239129
6494191129,6494197076
6494429951,6494435871
6494667429,6494710716
6494778112,6494781797
6495778637,6495783395
6495865114,6495872281
6496849469,6496852740
6497918620,6497929221
6497961900,6498024885
6498202476,6498210317
6498361998,6498371760
6499223448,6501644911
6502354815,6502363214
6503048745,6503053613
6504330865,6504364462
6505458548,6505471080
6505657066,6505660788
6506142164,6517162178
6509134650,6509226766
6513850428,6513860053
6513936002,6513940887
6514226864,6514235962
6517170905,6517178432
6524352521,6531505141
6531639027,6531674482
6531706499,6531721521
6531724845,6537837571
6531885610,6531894801
6532005611,6532017936
6532419704,6532425628
6534821572,6534827676
6535517984,6535523420
6545066487,6548438560
6545530373,6545537098
6545559567,6545564849
6545809448,6545817272
6547501307,6547508487
6548301928,6548308580
6548557131,6548597227
6552058225,6552089955
6552267569,6558485047
6552402304,6552412059
6552965261,6552982017
6554348261,6558782100
6555314083,6555318222
6556206568,6556212970
6556217323,6556280613
6556433640,6556442106
6557279334,6557285585
6559093934,6559100246
6560652740,6560664203
6560708045,6560716758
6563455167,6563460138
6570259271,6580253397
6570750409,6573365663
6581063522,6581068678
6581516523,6581572064
6583327728,6583378091
6583496548,6583554335
6584031304,6584039764
6584958270,6585022699
6585655999,6585661578
6586890575,6586894919
6587246972,6587251479
6587883186,6597415872
6588221214,6588224638
6588951625,6588984708
6589397886,6589449285
6597753583,6597762954
6597936612,6597948453
6598171579,6598177907
6598221644,6598228751
6599782612,6599786658
6601427353,6602548464
6601558716,6601585194
6603060457,6603071292
6605080592,6613689464
6615437670,6615442946
6617847289,6617852367
6617924390,6617929041
6618809847,6618816415
6623659664,6623670045
6627301494,6627311684
6627893429,6627900699
6628909590,6630421825
6629325859,6630883472
6629913327,6629964535
6630020899,6630828218
6630521215,6630527346
6630607795,6630673520
6630958636,6631008648
6631100771,6634172362
6632637766,6632645394
6632723224,6632730731
6633529333,6633534826
6633728106,6633733936
6634052773,6634057297
6634851953,6634860336
6635888645,6635944317
6636448777,6636506193
6636935331,6636939744
6636987455,6636995019
6637105010,6637109076
6638294836,6638354567
6638460699,6638484294
6638839966,6638901291
6640105133,6640113329
6641022927,6641029128
6641567543,6641610873
6647842230,6647847535
6647997225,6648004318
6648390687,6648426256
6655952135,6655968693
6657334303,6657342164
6658327929,6658332322
6662634371,6662729608
6662650819,6662677775
6662991927,6666181712
6663003009,6663040546
6666278486,6666288379
6667178853,6676049493
6669202750,6669211514
6669519589,6669574880
6669683916,6669695058
6670269462,6670278663
6673068608,6673188795
6673629200,6676665360
6676715198,6676720661
6677966537,6677988771
6678736767,6678747785
6679413357,6679420837
6683980632,6684018529
6684003879,6687238293
6684225598,6684233723
6684343517,6684349865
6684506146,6684518127
6686012123,6686014612
6687567979,6687579318
6688145600,6688151838
6688398652,6688405497
6688926542,6688935375
6690503900,6690511417
6691123575,6696526418
6691604193,6691629849
6693927101,6693938010
6697571119,6697576555
6698910040,6698919014
6701118484,6701127260
6701291363,6701301380
6701555009,6701615205
6704816687,6704820709
6705096857,6705105320
6705871140,6705883419
6715335596,6715340874
6715654503,6715705427
6716095652,6716101750
6716148334,6716152584
6716346124,6716352709
6716373568,6716383651
6716641510,6716650965
6717814461,6717823375
6718213700,6718219009
6718266038,6718271694
6718704377,6722168276
6719417465,6719421642
6719630675,6719637768
6720081503,6720133156
6722233289,6722239557
6726921474,6726947547
6729376648,6729383306
6730349676,6730356652
6730570490,6730576955
6731606541,6731613577
6772739635,6772785080
6773967840,6786148282
6776750671,6782127373
6779098794,6782159775
6786371201,6789354980
6786486851,6786491348
6786754727,6786765094
6787747161,6787778269
6790304524,6790313488
6801421077,6801467418
6801792783,6801796528
6803198331,6813781499
6804436182,6804446122
6804909649,6804914658
6805733704,6805743901
6806857825,6806866856
6806991086,6806998817
6807011757,6807024320
6807105367,6807110589
6807553800,6807564702
6809324562,6809346446
6811113453,6811121174
6812561118,6812602671
6813265556,6813277898
6814857101,6814867549
6815992014,6816000099
6816148529,6816172424
6821682468,6821687443
6822215099,6822265548
6823633844,6823640342
6823893664,6823951695
6824156756,6824164540
6831377593,6831386220
6834864414,6834901440
6838629011,6838662401
6848190019,6848194116
6850725462,6850731593
6851877925,6851884798
6860347829,6860398242
6861548581,6861573261
6863493071,6866946241
6870349513,6870355547
6871172578,6871178833
6877423197,6877434088
6881083065,6881142088
6881100388,6881128306
6881471415,6881474994
6881540669,6881591035
6881827675,6881835520
6882054510,6882062308
6882884150,6882892827
6883827460,6883829966
6888123391,6888131513
6888308275,6888315849
6893047788,6904588722
6893885905,6893982344
6897411780,6900204110
6900793147,6911088326
6900952091,6900955633
6901325909,6901329928
6902574150,6902578697
6904784257,6904794411
6905679520,6905706519
6905865155,6905887457
6907265919,6907294365
6912020624,6912029040
6912646998,6912653012
6915222243,6917631774
6919886074,6919889071
6919941008,6919953273
6920330728,6920338062
6921909213,6922000905
6922360125,6922366566
6922423244,6922433474
6922677702,6922686509
6925921331,6925982633
6925961107,6937248462
6933220319,6933226353
6934499242,6934508266
6938069215,6943588249
6940901951,6950031810
6943760808,6946559790
6944226428,6944260964
6947008173,6947015724
6947627314,6947632886
6947646348,6947652515
6947839734,6947904097
6948223972,6948234483
6948692729,6948700313
6948980554,6948986211
6951249431,6951294308
6951510150,6951514423
6951678168,6951687443
6952305445,6952312528
6953368217,6953375989
6954037000,6954108378
6954065004,6954102414
6957123125,6965470960
6957818081,6957848017
6966799734,6966806132
6966801511,6966812176
6966890390,6966915485
6967146131,6967155042
6967297417,6967352401
6968336933,6968363625
6973054425,6973067118
6974163826,6974216327
6975115806,6983404140
6980232186,6980236539
6980917527,6980950366
6981534048,6981541519
6981889934,6981894845
6983726942,6983776514
6984189107,6984192973
6987631730,6987648154
6989001976,6989005785
6989891068,6989896807
6990991023,6991003602
6996234163,6996244413
6998144788,6998157728
6998359755,6998365094
6998437976,6998450715
6998620518,6998624818
7005720078,7005728695
7006056987,7006060722
7010271533,7010283708
7010918141,7010966766
7013472283,7013508554
7013829629,7015668228
7024788635,7024825377
7025725664,7027599063
7028161222,7028166906
7029548341,7030614051
7031513940,7031521909
7031867454,7031875282
7031913300,7031926734
7033292020,7033295892
7036438174,7036443673
7039433626,7039444257
7048041816,7048046567
7050759791,7050766793
7052017260,7052030210
7052359641,7052363520
7052489134,7052497917
7053321106,7053352699
7053881829,7053936843
7054014368,7054024151
7064052757,7064214284
7064251520,7064266284
7065468342,7065477954
7066424876,7066432045
7068635508,7068639858
7068653950,7068658264
7074898461,7074904081
7076263472,7076267358
7076430254,7076434434
7076698194,7078831941
7076710756,7076718895
7076792933,7076796935
7078915762,7078920499
7078999542,7079039818
7079221368,7079236553
7081776626,7081790823
7081879959,7081887944
7081978754,7081991673
7082531337,7082538126
7082735963,7082748583
7083169265,7083177795
7083186969,7083193080
7083495532,7083523771
7084771010,7088256401
7086176725,7086180260
7087627765,7087633652
7087960765,7098505847
7094946478,7094984707
7094983504,7094988756
7095474756,7095481665
7095822269,7095827381
7096213597,7096220202
7097802943,7097812565
7098990220,7098995656
7101767709,7101843567
7102768659,7104747488
7107365054,7107371726
7107920591,7107931674
7109834217,7112288686
7112445699,7112469941
7112646623,7112717577
7112939714,7112994006
7113740708,7113747136
7115393037,7115558332
7121693313,7121700109
7123594112,7123635478
7132908378,7132995759
7134877595,7134882333
7135052128,7135060187
7135080995,7135089628
7137696717,7137766140
7141897862,7141907130
7142944624,7142982151
7143257374,7143284657
7148359004,7148364677
7148585581,7151137501
7149290139,7149294806
7150552817,7150559663
7152783188,7152791711
7153099101,7153148839
7153928231,7153931344
7155786258,7155829702
7155795449,7155886142
7155982471,7155987085
7156670050,7156682325
7156748669,7156813124
7157656436,7157681070
7159576403,7163126838
7159617138,7159625544
7160171271,7160183266
7165827784,7165855508
7166993531,7167050780
7167252366,7167292278
7168515715,7168526714
7169634153,7169641621
7170824310,7170828550
7171043704,7171103910
7171749071,7171754233
7172182987,7172194925
7172647664,7172660678
7172709571,7172742493
7173365677,7173370872
7174354729,7180096756
7174982029,7174989042
7177221070,7177229185
7178493975,7178556767
7180139017,7180248490
7184034088,7184043583
7186722959,7186727138
7211236686,7211240795
7212159782,7212165295
7212629378,7212635702
7212780063,7212835537
7213194905,7213206107
7213788777,7216581711
7218391594,7218448679
7218697508,7223536952
7221688834,7221749721
7223669909,7223682655
7224255916,7224264383
7224281699,7224289093
7225113943,7225142388
7226129339,7226137194
7227933656,7227939609
7228305231,7228312822
7228866491,7228869772
7229517282,7229664830
7236852119,7236857191
7236921723,7236928583
7237534663,7237541255
7240145644,7240193033
7240215699,7240257168
7244549508,7244554456
7247133372,7247222689
7247287051,7247321019
7247750442,7247755062
7247801356,7247806749
7249859038,7250940040
7251109795,7251148645
7253622285,7253632819
7254785677,7254789499
7256139051,7256145827
7257770688,7257778055
7257780504,7257788416
7261327288,7261336318
7261387313,7261435945
7261446767,7261452637
7261756596,7261762139
7262094688,7264913221
7262978537,7262982613
7264996644,7265010957
7268824066,7268828887
7270570037,7270576709
7270837863,7270842350
7271984693,7272119558
7279372423,7279381350
7281030277,7281035015
7283232139,7283237879
7283452829,7283459311
7284858775,7284864505
7286157149,7290039812
7286781622,7286789146
7290981986,7290989256
7291499963,7297102313
7293636671,7293645915
7295266126,7295270323
7295425424,7295437803
7297270381,7297299295
7302202322,7302252304
7304852186,7315774734
7312162106,7312187732
7314173357,7314179855
7315907211,7315919205
7317510392,7317515157
7317693315,7317697585
7317717979,7317728921
7318179709,7318221255
7318285731,7318292991
7318373346,7318379046
7318568999,7321804850
7318987088,7318993272
7319096354,7319106644
7319300242,7321071204
7322098642,7322105906
7322583493,7322642963
7323321765,7323331742
7325239788,7325245140
7325634530,7325680463
7330906183,7330929764
7332543627,7332548428
7332658944,7332669949
7332967978,7332983888
7333169433,7336293406
7333402094,7333407276
7333584309,7333590456
7333628788,7333633649
7334491385,7334499494
7335568107,7336306580
7336343435,7336376124
7339850620,7339860038
7339998899,7340011562
7340216886,7340220441
7341533930,7356702230
7343519582,7360718121
7353495627,7353530915
7357261332,7360814417
7361174780,7361187456
7361176256,7361184462
7361891219,7361934813
7362889422,7364769460
7364845212,7364857684
7365195060,7365200520
7365356487,7365361976
7365864561,7365868306
7367523859,7367531740
7367994326,7368057435
7372756709,7372771503
7375742128,7375800550
7376650253,7376656845
7379671806,7379685508
7379743498,7379748968
7379869212,7379914731
7383082855,7383114462
7383323051,7383372542
7391320112,7391329781
7391800488,7391806659
7392006090,7392011516
7393609823,7404606934
7398617927,7398626249
7401940241,7401945076
7406287063,7406296341
7408961106,7408967401
7409133642,7409160063
7411710584,7411716871
7411891385,7411915106
7411995839,7412002451
7412317529,7412322471
7414635520,7414678586
7414967520,7414984680
7415577717,7415581529
7417257222,7424094202
7418497896,7430557358
7421150265,7421261355
7421568946,7427656387
7430605249,7430698454
7434634874,7434676297
7435445494,7435498153
7435809716,7435818079
7437011423,7437016441
7441892747,7441940721
7443765692,7443857327
7444080917,7444115955
7444405414,7444412056
7444458316,7444467364
7444554836,7444567235
7444626017,7444631052
7444752142,7444756903
7446217074,7446221384
7446787826,7446799012
7447748299,7447756341
7450443768,7454065879
7451234523,7451240964
7451260897,7451268611
7451815849,7451844141
7452151862,7452158494
7454239634,7457010948
7457075935,7457082808
7460922932,7460956864
7463576064,7474442609
7464555694,7464562122
7466333676,7466343078
7467812470,7467868547
7467993375,7471277478
7472763051,7472774016
7473187211,7473192119
7474290384,7474299194
7475175012,7475184327
7476356405,7476361517
7476532913,7476560139
7476616710,7476621475
7476728325,7484644329
7477867457,7477872770
7478214676,7478274501
7478701558,7480726992
7480928010,7480934816
7481124812,7481130114
7481779451,7481788462
7482246781,7482285197
7484663710,7484691872
7484803433,7484846279
7485087172,7485095374
7485311711,7485315660
7486737252,7486814925
7487589191,7487614924
7488145630,7488154591
7488981431,7489032954
7489365813,7489370464
7489467191,7489472864
7490337495,7490341885
7491090950,7491097054
7491950533,7491954606
7492770237,7492781276
7496392047,7496440015
7497831440,7497837621
7503407306,7503412171
7504014429,7504022271
7505368268,7505373019
7507854146,7507886638
7508609471,7508616164
7509029185,7509060260
7510150763,7510160984
7510405582,7510433276
7512246517,7512311537
7515036561,7515045913
7516060267,7516158220
7519476662,7519503203
7519699951,7519726062
7522262664,7522270345
7523562194,7523569861
7526505081,7526510263
7529336621,7532666213
7532884557,7535677676
7533440646,7533447846
7535808829,7535815514
7535906738,7535921843
7536520834,7536525986
7540536544,7540548308
7541940372,7541950235
7542223456,7542228534
7544482754,7544491925
7545513706,7562521471
7545887961,7545895779
7546195636,7546201198
7546385892,7546395030
7548780235,7548785016
7549019996,7549026514
7549803894,7549809811
7550420489,7550426981
7550702825,7550711084
7550755236,7550758440
7551130597,7551196025
7552307697,7552315936
7554930876,7554937605
7555762571,7555772521
7558036419,7558045835
7558825303,7558897152
7558923703,7558958854
7563358803,7563369073
7563604915,7563609392
7570600942,7570612075
7571420059,7571434325
7572111680,7572156942
7572601352,7572637322
7573704976,7573760190
7573837843,7573843960
7576368504,7576378414
7576978544,7576984224
7577261602,7577268234
7580601063,7580607177
7580924884,7580985685
7581145250,7581152377
7582741125,7582745919
7583806888,7583813249
7584163311,7584190595
7584819154,7584876159
7584828114,7584834098
7586265840,7586271971
7589623607,7589627903
7594732958,7597741300
7596562228,7597258564
7606936921,7606943396
7607067807,7607076807
7607608573,7607614119
7608184063,7608192897
7609042239,7609055450
7612565916,7616732121
7613020904,7613076767
7615931791,7615942031
7617897260,7619787214
7619891789,7622721836
7620648755,7620653152
7622460091,7622512182
7622727523,7622822195
7622791267,7622802175
7623451542,7623456918
7623926410,7623933810
7626292134,7626301428
7633555669,7633588218
7633556458,7633561754
7634474179,7634481760
7635157809,7635163168
7635195900,7637508187
7635894471,7635902667
7637677776,7637690712
7638186394,7638194981
7638345148,7638355291
7638440649,7638444471
7638652415,7638658786
7639918638,7639921695
7641024450,7641062999
7641931513,7644326795
7644543051,7644547682
7644655959,7644661759
7644986780,7645048409
7645875303,7645880545
7646018320,7646023519
7646826679,7646862956
7647532503,7647560501
7648615623,7648628198
7651921051,7651927734
7656674624,7656680905
7656782306,7656787060
7658673997,7662310849
7658939882,7658946962
7659234245,7659246584
7659593683,7659600037
7659663511,7659692291
7659829595,7662102043
7663524560,7663530925
7663730931,7663736173
7665106456,7665134982
7665517432,7665525431
7665922602,7669120122
7669322432,7669337614
7669782058,7669792084
7673670130,7676183782
7676519902,7676574245
7676736640,7676792108
7677138512,7677151522
7678629758,7678635445
7679181927,7679269777
7681204893,7681209253
7682252901,7683324534
7682269743,7682275059
7682526340,7682557198
7682851598,7682857966
7683156252,7683160278
7691340329,7691347078
7692778024,7692790493
7696965117,7697019460
7697013202,7697076007
7704062065,7704073842
7705951628,7705956209
7711601428,7711614158
7711665132,7711678085
7712188729,7721494558
7714404750,7714414242
7717376133,7717417466
7717824429,7717987323
7718127226,7718136187
7719332759,7725204535
7723195739,7723203023
7729539676,7729547167
7731022577,7731027759
7731148688,7731154505
7731624842,7731629195
7735632921,7735681253
7736223867,7736231368
7736513917,7736520325
7736913156,7736938625
7736985116,7736991107
7738486506,7741036505
7741714766,7741719674
7742748308,7742756771
7742886688,7742891960
7747878193,7751173418
7748204043,7748210524
7751254015,7751261315
7752513542,7752617222
7755004799,7755039914
7759133597,7759142130
7761433058,7761438287
7764945856,7765020672
7769013232,7769018000
7769404650,7769411687
7769585054,7769592732
7771131548,7779658684
7772171224,7772224056
7772415408,7772423216
7772789489,7772794788
7772837403,7772841700
7773820301,7773822884
7779363348,7782407176
7783484422,7783492213
7783910774,7783986445
7786298909,7786309771
7787323340,7793823719
7787602809,7789139667
7787897483,7787909625
7789719918,7789871943
7793331742,7793898171
7794086446,7794101407
7796814564,7796824129
7797444503,7797457289
7797869806,7797876468
7798835812,7798843463
7800799313,7800806489
7801979834,7802044296
7804975307,7804983910
7806595979,7806619603
7807647228,7810129588
7811337135,7811345648
7811413659,7811426499
7811531261,7811590738
7811718303,7817294570
7816920946,7816997099
7817182076,7817194010
7817557908,7817560170
7821471549,7821481666
7821895582,7821900704
7822127492,7822163431
7824436220,7824491304
7824863100,7830025607
7831342230,7833978502
7832273265,7834289127
7833861813,7833868321
7834219443,7834229947
7834277420,7834288342
7834312464,7834378236
7834379489,7837817888
7835252156,7835264571
7835679891,7835691611
7836313886,7836317655
7843503484,7843507921
7851182440,7851255118
7851958694,7852014667
7857448999,7857480886
7857630174,7857649188
7857913994,7857958466
7862120511,7862126375
7862591045,7862600223
7862639524,7862647195
7864510174,7864519208
7864702575,7864756376
7864835108,7864861419
7865125523,7865131105
7865132943,7865139137
7865447366,7865474101
7866378471,7866431253
7867984573,7877686060
7871378122,7871455554
7871580613,7871607372
7871904986,7871914645
7872097495,7872112984
7875133608,7875143534
7877840330,7877845618
7877945977,7877955623
7878447319,7878505350
7879365832,7879370589
7879766518,7880993617
7885102095,7885110314
7889336443,7889387675
7889370492,7889422315
7890105872,7890113245
7891267877,7891274205
7891515372,7891524550
7903646437,7903654736
7903785004,7903794850
7904100500,7904103667
7904404165,7910588550
7906944221,7906951441
7907055856,7907065993
7907521689,7907530219
7907565631,7907591811
7908261465,7908274058
7908330024,7908356706
7910479211,7910486675
7910782171,7910790122
7910995096,7911000415
7911870095,7911876009
7913084886,7913088658
7914597488,7914647975
7915241877,7915246828
7916706124,7916714594
7917058017,7917061686
7917794753,7917798455
7921901574,7921954466
7921998926,7922029623
7922928203,7922933041
7924917524,7924923154
7926345437,7926351875
7926529666,7926534180
7926831667,7926836903
7928906088,7928913679
7931341774,7931354376
7935191550,7935253320
7936106959,7951747050
7941769696,7945171103
7948216878,7948220336
7949248592,7972713509
7949331768,7949340104
7961852463,7969726877
7965142062,7969852053
7969798172,7969841656
7970013136,7970052867
7970253063,7970261763
7970445952,7970481034
7971010905,7971023026
7971142572,7971151914
7971649537,7971659073
7973049553,7973108024
7975382721,7975391685
7976372472,7976468320
7977013978,7977021716
7978932445,7978935308
7980200572,7982792709
7983389939,7983399331
7985029742,7985045562
7987268740,7987275144
7987479149,7987484405
7989574732,7989582510
7993238977,7993250360
7993266737,7993320752
7993681195,7993688088
7993702170,7993709407
7994705853,7994710982
7997004412,7997015224
7997512499,7997520190
7997542048,7997548817
7998069573,7998077622
7998177991,7998185511
8000042499,8000053254
8000176045,8000179125
8001270955,8001278102
8001547077,8001551156
8003624885,8003631607
8004235119,8004274059
8007044454,8007051992
8007089986,8007125625
8007267025,8007271315
8007597001,8007602029
8008391774,8008398868
8009128821,8009132353
8011344969,8011353589
8012632976,8012642267
8013356474,8013362378
8021645864,8021777599
8022732666,8022742328
8026957830,8026967095
8027202058,8027214350
8027287078,8027296774
8027956194,8027989718
8029526256,8029531548
8030829294,8036644125
8031134295,8032418182
8038313837,8040711067
8039254872,8039260658
8039735108,8039742616
8039886769,8039891824
8040438370,8040482232
8042788181,8042796443
8043056300,8043061492
8043650109,8043654449
8045833254,8045868703
8047009386,8047021864
8048065747,8048070294
8048498397,8048507261
8051161371,8051176923
8053704652,8053757530
8054948399,8054985411
8055062199,8055067033
8057353882,8057362251
8057669157,8057679477
8057804296,8057807527
8061360404,8061629055
8062613663,8062619159
8062783593,8062818654
8062989783,8063044202
8063590898,8063598496
8064355322,8064359401
8064486789,8064498262
8064731070,8064739343
8064908971,8064952913
8065199536,8065207775
8065600285,8065608645
8066257952,8068563821
8067127465,8067135116
8068387801,8068398348
8068390400,8068529117
8068794100,8072398894
8068926175,8072425004
8069546822,8072412966
8072018538,8072398666
8072487722,8072496282
8072711122,8072716531
8072842335,8072875174
8074122884,8074149810
8074146315,8074154845
8075896961,8075904074
8075920061,8075926970
8079405576,8079411680
8080156197,8080163167
8083811615,8083825313
8085622199,8085632763
8091068763,8091074817
8096979803,8096993100
8097144437,8097151059
8098428614,8098436115
8099848081,8109739139
8100153641,8100162625
8100916554,8100923032
8102552862,8102590783
8106786797,8106792503
8107524782,8107531000
8107781385,8107789080
8112254045,8112262541
8117146207,8117156020
8117830418,8117836055
8118770103,8118804740
8123225864,8127524027
8128134872,8128139215
8130221738,8130234661
8131604179,8131608101
8133467809,8133477208
8133871298,8133893693
8134524431,8134535016
8134788592,8134822436
8135870291,8135923307
8136579945,8136589523
8137858633,8150645503
8140637739,8140686735
8147669389,8147676649
8147900349,8147903800
8149013244,8149018243
8149148317,8149154524
8150775266,8150788938
8151635394,8151641983
8152195652,8152203497
8153122117,8153179716
8156663761,8156711084
8156982003,8162161162
8159020808,8159031834
8161215931,8162138857
8161460647,8161465872
8163204670,8163211790
8163224202,8163230584
8164229115,8164257590
8172964539,8172980840
8173802148,8176310698
8173955840,8173967179
8174373635,8182579689
8183036104,8183047861
8186969247,8186997879
8187722895,8187750656
8189659647,8189665257
8189764102,8189813941
8190370674,8190383387
8190915597,8190922850
8192457420,8192469421
8192486069,8192493409
8193261027,8193268043
8193554552,8193557368
8193560566,8193572961
8197684055,8197691245
8199780129,8199793684
8200314931,8200342552
8201341648,8201348807
8201590733,8201595939
8204093250,8204106985
8204266323,8204273476
8204271114,8204278525
8204306072,8204317374
8205112121,8205119060
8205502867,8205509095
8210344917,8213271320
8210989560,8210995758
8212990588,8213000741
8216708837,8216719151
8216775251,8216783323
8218915160,8218948229
8219479029,8219483540
8220105534,8220212538
8220289228,8223113164
8223518809,8229999823
8229357936,8230539329
8232566431,8232573818
8234429129,8234459268
8235425886,8235437275
8235624799,8235632860
8235763345,8235770315
8246133851,8246146337
8246654728,8246666536
8248104332,8248107943
8248249210,8248255267
8249113160,8249119755
8249300262,8249305254
8249820294,8253267814
8257153955,8257193373
8257294951,8259201106
8257934272,8257940867
8258940447,8258962899
8260248861,8260257822
8260722629,8260727895
8260868553,8260877440
8261640086,8261647480
8264593404,8264644516
8266245930,8266269955
8266632239,8266639757
8266794798,8266802864
8272884144,8272890525
8273107263,8273143213
8273461101,8273468354
8273679098,8273687811
8275073707,8275080927
8277578145,8277587594
8278534579,8278541070
8279769329,8279775309
8281283261,8283967250
8284885078,8290901843
8284925815,8287389105
8284948705,8284953078
8286992542,8287021706
8288424307,8290908037
8288742482,8288754026
8289825759,8289833788
8290832248,8290839809
8294422024,8294487736
8295886966,8295892352
8295978284,8295983530
8296058002,8296095051
8296065973,8296145995
8296082351,8296085900
8297215390,8297301890
8304435198,8304471859
8308977883,8308985253
8311642868,8311651966
8312061018,8312068629
8312809183,8314842556
8313250563,8313282039
8313654945,8313658486
8313662372,8313716941
8314934926,8314942727
8315727100,8315731607
8315792344,8317811440
8316548659,8316555397
8318263806,8318295556
8318534277,8318567294
8318570828,8318577063
8318722125,8318729241
8324699555,8324703785
8327845592,8330804968
8327919744,8327924872
8328314235,8328327442
8335413578,8335419636
8335703933,8335709863
8335952561,8335990398
8336506547,8336513955
8336767120,8336798165
8337918019,8337923739
8341321765,8353227265
8341587960,8341612103
8342287644,8342341285
8343382200,8343387807
8343845037,8343852804
8344706116,8344717182
8347022292,8347028403
8347273530,8347280015
8347584361,8347589500
8347980751,8347988211
8348833371,8348841440
8349966249,8350007147
8350253433,8353746144
8350749138,8350756235
8351757138,8353275594
8354063768,8354075008
8357557385,8357564315
8363085016,8363115253
8364806161,8364836307
8364934871,8364960734
8365323389,8367922269
8365454499,8367899606
8367337019,8367344660
8368701255,8368709778
8369157757,8369216473
8369292077,8369318301
8370292596,8370298279
8371446329,8371475547
8372559599,8374935830
8373030447,8373034930
8374586813,8374593696
8375267363,8375272889
8375753590,8375765788
8376830422,8377722223
8378163045,8378179476
8378557623,8378588986
8382872535,8382881569
8386405931,8386411133
8386817291,8386842142
8387891116,8389207742
8392929460,8392942790
8392961464,8392966465
8393366353,8393369199
8394121972,8394127776
8394310130,8396917887
8396007753,8396013253
8396536572,8396541353
8398143429,8398146690
8398443325,8398448728
8400318619,8400391153
8403947753,8403961785
8406613921,8406619487
8408326595,8410883765
8409655376,8409661153
8415063868,8415073818
8418204984,8418213801
8418911403,8418916174
8419107633,8419112585
8419926773,8419933562
8421367770,8421373881
8421549844,8421556580
8421594430,8421598961
8421666671,8421731774
8425561608,8425622843
8425661479,8425671766
8427312268,8427348922
8427313170,8427324910
8427637710,8427644743
8428399888,8428405113
8428796060,8428801569
8429001876,8429011314
8430573160,8430578122
8431001249,8431008496
8433023733,8433030516
8434938101,8434945157
8435263580,8435267221
8435675979,8435684198
8436557974,8436568007
8436840644,8436890686
8437570985,8437575873
8438353253,8438357837
8438709109,8438714966
8438888467,8443601472
8439176856,8439193134
8440770366,8446776840
8447049226,8447054488
8451252854,8451263615
8452296947,8452347032
8452557779,8452562798
8457077451,8457084420
8457723354,8457726812
8461193690,8466761230
8464119662,8464124383
8467008645,8470092692
8470879136,8470887068
8471158642,8471217498
8471543652,8480784952
8473010225,8473021952
8473087029,8473150866
8474254296,8474264764
8478096232,8478100485
8478222199,8478230769
8478528671,8478533662
8478535744,8478540993
8480193438,8480199509
8481554026,8481561924
8482548187,8482555423
8487981610,8488046032
8488517655,8497921541
8497886720,8497902076
8498790171,8498802363
8499515665,8499523008
8500905340,8500960136
8501482032,8504021872
8504047154,8504069358
8504120757,8504127967
8504607549,8504610963
8504662182,8504669392
8506177413,8506185398
8508359623,8508363215
8508591068,8508597864
8508977247,8508983124
8518797765,8518802453
8518813769,8518853828
8519096068,8519108029
8519102426,8519162381
8520652565,8520678629
8525247303,8525272081
8528830006,8528836297
8530928365,8530937473
8531874061,8531880386
8532558055,8532593370
8532671036,8532678761
8532769674,8532776750
8535371193,8535377003
8535489556,8535499767
8535764478,8535800755
8535855134,8535860928
8536122913,8536128623
8538767291,8538772947
8539255199,8542358012
8539696375,8542574723
8545890449,8545897322
8548732046,8548846628
8549735682,8554886308
8552205433,8552241283
8553089179,8553131844
8553873468,8553885967
8555205974,8555274756
8556049814,8556096729
8556632160,8556638989
8558311200,8558337377
8560572285,8560577340
8560751576,8560759304
8562630886,8562642773
8563021308,8563085530
8567311957,8567316154
8569436504,8569483412
8569876427,8569931711
8571022566,8571071896
8571962805,8571968264
8573402977,8573409328
8573923393,8573927509
8574930911,8576541643
8576658450,8576664020
8578208141,8590555606
8579700069,8579704937
8586093775,8586102114
8586962289,8586965553
8592866734,8592874575
8594034168,8594166584
8594191462,8594196764
8594696265,8594702369
8594706990,8597272175
8595246657,8595255798
8597330476,8597442455
8598152947,8598209300
8599167979,8599174127
8599644664,8599650772
8600245820,8600251012
8604580086,8604583815
8608828945,8608837285
8611625184,8611686172
8613919780,8669723034
8615242611,8615252570
8615598737,8669693231
8615712777,8615719255
8615750190,8615759261
8615965708,8615985096
8616365937,8616370437
8616738915,8616742801
8617213295,8617221651
8617232085,8617238988
8617959265,8617965209
8670462640,8670467531
8670686908,8670769225
8670797527,8670803066
8672255373,8672643924
8672726398,8672756023
8680355726,8680401201
8680487861,8687668729
8680981041,8680989711
8681722454,8681771578
8687721819,8687771290
8688736306,8697797015
8691183859,8691191119
8691462924,8691512161
8691861011,8691874271
8692245055,8692247671
8693274714,8694060396
8695536993,8695542048
8701075669,8701079956
8702261272,8702268719
8703012258,8703017133
8706785295,8706793789
8708787942,8708833140
8710541591,8710547351
8712174638,8714519100
8715218907,8715249364
8715302831,8718009309
8715454304,8715460044
8715713984,8715721582
8717759593,8718545910
8718143332,8718152841
8718351911,8718356722
8718423533,8718429794
8718951647,8718990944
8719364841,8719392229
8720139071,8722209773
8723630526,8723639283
8725420740,8725451765
8725765189,8725779432
8726723096,8726728258
8728625212,8728673166
8728731765,8728736503
8730654007,8730711523
8730895091,8730899157
8733075727,8733079773
8733219195,8733239940
8734506363,8734552236
8737312124,8739999187
8737343263,8737351488
8737622321,8740135586
8737649524,8737682112
8737934121,8740002134
8740480252,8740483399
8741194566,8741222979
8742034374,8751932829
8743856919,8743861907
8746901057,8746906323
8747158001,8747163988
8749096922,8749105665
8749703550,8749714061
8751968916,8752045178
8752321889,8752327637
8755915843,8755926007
8755977175,8762178206
8759570556,8759585046
8759990884,8759994930
8760703020,8760763670
8760736681,8760741195
8761202394,8761213095
8762294007,8762300468
8762854495,8762917284
8762956618,8762967647
8763132912,8766480131
8764204746,8764210683
8764351037,8764355096
8764908231,8764913574
8766214734,8766259758
8766559778,8766567666
8767031565,8767034639
8767865893,8767878549
8768857769,8768864167
8770102505,8770107657
8770542873,8776922165
8776928774,8777008535
8777110514,8777118716
8777299447,8777325842
8778359193,8778379637
8778443568,8778481910
8781173146,8781181034
8831547570,8831552872
8837373557,8837378124
8837688228,8837696594
8837983163,8844772770
8838302684,8838310365
8839749591,8839754633
8845173783,8845226104
8845929353,8845933636
8846742596,8846749268
8847943050,8848014525
8848123811,8848282026
8848407139,8848419708
8849251814,8849256087
8849504732,8849518815
8849872672,8849878055
8850607531,8850613765
8853477877,8853481582
8858568191,8858572050
8860518364,8863094130
8862783486,8862786503
8862830164,8866239710
8863425082,8863427755
8863936410,8863961582
8864020825,8869193970
8864390763,8864396076
8865696748,8865703424
8866588242,8866592405
8867592472,8867599128
8867888283,8867917580
8874134541,8874141988
8874209237,8874223771
8875485921,8886899932
8877002749,8877040523
8880343981,8883743965
8884574822,8884585924
8884626715,8884630537
8886413000,8886418138
8888225010,8888271872
8890103578,8890139264
8890418022,8896023005
8896371236,8896383809
8897009247,8897056360
8897930182,8897936938
8898692330,8898696998
8899052753,8899058510
8899344912,8899349816
8900173834,8900182831
8900902675,8900923573
8901382253,8910604973
8903141262,8903174595
8903310292,8903317843
8907074398,8907081117
8909422367,8909426994
8909929135,8909935002
8912015697,8912024815
8912378101,8912384118
8916060077,8916066769
8916378817,8916403290
8916724225,8916730900
8918296445,8918300077
8918501001,8982495077
8918685223,8918690663
8919004625,8919008581
8919338684,8920666946
8919570463,8919582774
8986752125,8986756221
8986765158,8986769892
8989952156,8989965527
8989959954,8990007591
8990030524,8990035649
8990756990,8990764587
8992913336,8992923453
8993525498,9000048810
9000695130,9000701545
9000955512,9000965508
9001377898,9001383668
9001909754,9001967046
9002949112,9003032562
9002978767,9003037149
9003243710,9003248771
9005480108,9005536258
9009381781,9009385767
9009809700,9009817943
9010349294,9010355735
9011753001,9011757268
9014634223,9021578384
9015380090,9015403584
9019078437,9019130143
9025094643,9025100868
9025989956,9029634274
9026555195,9026562479
9026711012,9029630202
9026917289,9026922808
9028544857,9028548906
9028968903,9028985077
9032361220,9032365864
9036444944,9036500248
9038285417,9038293953
9040796209,9040842503
9040801999,9040835971
9041042465,9041089337
9041455399,9041478012
9042617271,9042623061
9043812380,9043817181
9044060710,9044068458
9044216032,9044222544
9044235317,9044242123
9044300842,9044306973
9047677281,9047684605
9047747637,9047751216
9048038813,9048046655
9048456322,9048467598
9048544472,9048552698
9049082830,9049088620
9049429932,9049434339
9049522208,9049525082
9050837327,9050859706
9051305249,9051311363
9051323828,9051329498
9052239862,9052245007
9052715361,9052753185
9124427239,9124434623
9126596779,9129768706
9132769544,9132775231
9133386998,9133394903
9134787144,9137459750
9134894121,9147115421
9135241277,9135251029
9135928441,9135933393
9136184299,9136188920
9136449265,9136496888
9137073895,9137079468
9137436857,9144451077
9137583292,9137614668
9145003594,9151350769
9145626817,9145678032
9147467227,9147475510
9148704002,9148710149
9148753085,9148758936
9156222824,9156227395
9159052327,9159058167
9159601994,9159605859
9181717666,9181742760
9182038825,9189292247
9189072145,9192196913
9189511925,9189516649
9189832683,9189894589
9189853214,9189863327
9190380455,9199359432
9195163131,9195170077
9195175196,9195215098
9195273807,9195282023
9199361470,9199366903
9208128277,9208132991
9210283107,9210340062
9211212458,9211221074
9214937125,9214941044
9216256808,9216317552
9226876727,9227036557
9229279864,9229345991
9230095747,9246199616
9230926339,9230931645
9234260488,9234265332
9246467167,9246477077
9246966301,9253257971
9250645600,9250651507
9250671510,9250710968
9253722297,9253733349
9254773323,9254781963
9257714272,9257720159
9260216732,9260224594
9260509238,9260514280
9260708479,9260718405
9261476447,9261480690
9264288168,9264297065
9264422642,9267039189
9267961727,9267968319
9270365228,9270397035
9270652509,9270658784
9271113040,9271185691
9271371998,9271378627
9274087491,9274097577
9277427085,9288176827
9288221090,9288268229
9288433367,9288440046
9296054406,9296066173
9300394963,9300454644
9305645310,9305694594
9305877674,9305912517
9305993765,9305999519
9306304366,9306371184
9317524954,9317530226
9317555695,9319864387
9317759586,9317764952
9321138812,9321144592
9321646111,9343524117
9327679674,9327690857
9327816036,9327851972
9328811233,9328822539
9332593253,9332653482
9337454200,9337504890
9337851929,9337857321
9350446154,9350501702
9351699721,9351702915
9352405465,9352418709
9353010213,9353022344
9355456346,9355461431
9366580183,9366606022
9367024489,9367031579
9367195284,9377205287
9369776365,9369832626
9371298921,9371306211
9372807293,9372816655
9374840104,9374850128
9380927586,9388096042
9388072133,9388082136
9389264572,9389305139
9389472546,9389524643
9389861893,9389867786
9389942332,9389948162
9390039483,9390049416
9390065707,9390071193
9397666299,9397729909
9401984441,9401994588
9403743867,9403793522
9404912772,9404921923
9405033407,9405039598
9406023455,9406032887
9406432584,9406441585
9408343677,9408356804
9408669380,9408676085
9417618518,9417711419
9418397518,9418465936
9419341459,9419392220
9419796675,9419805228
9420554219,9420565969
9424034582,9430789318
9427703754,9427712582
9427819218,9427824550
9429081071,9429087459
9429090710,9429157705
9431284332,9431296193
9431796680,9431804872
9436245140,9436253393
9437710557,9437747148
9437966461,9438018094
9438068928,9438075547
9443333381,9443336334
9446172098,9457254646
9448135605,9448203389
9449028676,9449086934
9449495862,9449502822
9450205856,9457265190
9450546203,9454419006
9455981216,9456827636
9456555891,9456561979
9456596505,9456601059
9457573640,9457577358
9458296380,9463578240
9458312938,9458316507
9463715580,9463726305
9464580065,9464584455
9465244607,9465252576
9467084529,9473539720
9467703877,9467709884
9467896058,9467933976
9468343322,9468348250
9468573560,9468583280
9470466127,9470501195
9473801138,9477128400
9477424625,9477432717
9478977577,9478984436
9479712151,9479718329
9479762027,9479771034
9480803296,9480871123
9482286240,9482294188
9484553353,9484562390
9484672298,9490480326
9485099959,9485156543
9487322145,9487327667
9488175039,9488186175
9488615838,9488672585
9488677069,9488683805
9490328091,9490334246
9495305795,9495340451
9495429895,9495435471
9495654928,9495664831
9496303784,9496310510
9496336430,9496349179
9497806951,9497814669
9498892176,9498900168
9499848837,9499857126
9504869286,9504991144
9505168945,9508516665
9508821015,9512345002
9512579878,9512586122
9512993437,9513005786
9513314412,9513327345
9513889485,9513894977
9515815592,9515819936
9516465063,9516474378
9518517543,9518584762
9518574438,9518629829
9523949029,9523954033
9524382360,9524387803
9526873861,9526885682
9528714598,9528720860
9529665790,9529748661
9529817367,9529855859
9530592211,9530603714
9530691731,9530698176
9532356602,9532359067
9533418519,9533487612
9534531471,9534536653
9535790858,9535800190
9540520936,9558502548
9542076832,9542104900
9542952809,9542960357
9558870658,9561606317
9559952809,9562328747
9561940646,9562000849
9562526276,9562534993
9563345042,9563368513
9571718934,9571730978
9572667757,9572691027
9580922901,9580932379
9581089292,9581098964
9581701837,9581741837
9586306295,9586535067
9593373978,9593439553
9593872991,9593940150
9601891111,9616713682
9614325406,9614336836
9615015084,9615050566
9615801164,9615811240
9617542812,9617569019
9621144913,9621215122
9623062986,9623069474
9630373634,9630379400
9630993078,9631002113
9631015019,9631065726
9631592581,9631637438
9632017873,9632030690
9633195782,9633201044
9634175049,9634180588
9634276994,9644699206
9634793829,9644412237
9637746759,9637783992
9642605976,9642637585
9645640756,9645644544
9646882936,9646890941
9648428896,9648476041
9648644922,9648650735
9651208416,9651359775
9661705501,9661718972
9667485548,9667495772
9667693763,9671268768
9667732756,9671215081
9671130405,9671188513
9671358756,9671369815
9672154171,9672158645
9672857814,9672862324
9675348449,9675354036
9676517555,9676523228
9681601841,9681607771
9681680970,9681697161
9682116707,9682122641
9683260711,9683269141
9683909855,9683947171
9685483024,9685520300
9688664810,9688716105
9689555388,9689560944
9690922785,9690925224
9693077037,9693120931
9693647301,9696354895
9696818112,9700146958
9696982128,9700162274
9701574297,9701579325
9703558028,9703609727
9706908788,9706915861
9707103612,9709642656
9707120207,9707131683
9707262201,9709609486
9710661972,9720579778
9710816465,9720582795
9714243796,9717245035
9717406100,9717423307
9718468770,9718503273
9718896658,9718901640
9719128063,9719131294
9719441210,9719445126
9720087327,9720594362
9720628297,9724301706
9721309297,9721318559
9721522483,9737986495
9721676686,9721680963
9724887567,9724950245
9725484600,9725536840
9728171536,9728212450
9731660378,9731699716
9731856301,9735238624
9736549454,9736556677
9737862451,9737870480
9744573360,9744583423
9745626307,9745676519
9747716845,9747722361
9748982994,9748986389
9751107437,9754511621
9754797722,9754810598
9756297752,9756370667
9756418731,9756425183
9757223755,9757252548
9757648968,9757654280
9758254941,9758284703
9758398105,9762392202
9762263609,9762309665
9762395249,9763955138
9763055816,9763064102
9775521307,9775557150
9775995533,9776000838
9778840544,9785886825
9779398657,9779437517
9792527207,9792533264
9794058576,9794072351
9797573920,9797584608
9797794466,9797862741
9800918185,9801017632
9801056070,9801063868
9802178254,9802211106
9802184194,9802191698
9802819552,9802830150
9802860444,9802896828
9803960489,9803977231
9804093186,9804132056
9806667214,9806711847
9849144519,9849154231
9851280762,9851287892
9851642565,9851654449
9853507972,9853513335
9853569498,9853621528
9853580072,9853585000
9853731602,9853737506
9854128226,9854132188
9854321880,9854325485
9854600544,9854606117
9854693693,9854708644
9856197685,9856249561
9865160087,9865169980
9865178008,9865217697
9867741005,9867757887
9871685433,9877812142
9885031706,9887990908
9885138787,9885146903
9885375280,9885381348
9889456539,9889466238
9889874982,9889909696
9891427019,9891504351
9891574467,9891584032
9891871840,9891926607
9892480881,9906672738
9894322397,9894326413
9894936479,9894941120
9895039708,9895047847
9899064152,9899073082
9899332318,9899343156
9899577251,9899587000
9899943487,9899951165
9899999203,9900002303
9902859887,9902868911
9903274261,9903277900
9903296763,9903306075
9904532285,9913213801
9905710411,9905715814
9906807303,9906814379
9908372954,9908380037
9909733969,9909738473
9911057595,9911090123
9911636894,9911646122
9913812351,9920233350
9920279132,9920285711
9920334691,9920372939
9920417793,9920434388
9920609733,9920645115
9921184247,9921225603
9921711005,9921737927
9923320909,9923332308
9923805682,9923861839
9924500895,9924528863
9930327270,9933723606
9933757918,9933769759
9934462891,9934466720
9934769984,9934820420
9934815272,9937176749
9936733388,9936742038
9937248632,9937343885
9937494590,9937544212
9939298406,9939305522
9940612563,9940618373
9948752601,9948791123
9950990269,9950998417
9951911267,9951998742
9955770840,9955774177
9957982457,9958023592
9962588208,9962597803
9965130132,9967590384
9965241062,9965250390
9967395801,9967398584
9967673116,9967679978
9978392638,9981174006
9981450385,9981476064
9981574164,9981590458
9982500354,9982544810
9982989174,9983001833
9987946931,9988015400
9988532424,9988536828
9989044872,9997467269
9990536128,9990538129
9992184153,9992241873
9992416644,9997506092
9993648938,9997753902
10001191797,10001195585
10001445393,10001454677
10001812037,10001816580
10002070881,10002079628
10002096016,10002105949
10003562071,10003566301
10003595441,10003607573
10007697989,10007708236
10008110235,10008118838
10008794964,10024665300
10009342803,10009368312
10010400521,10010409819
10013171815,10013180081
10013757088,10013764976
10013801257,10013810020
10014761643,10014766026
10015493868,10015500764
10025391114,10025438046
10026081443,10026086979
10030011455,10030071310
10030504354,10043599981
10031010410,10031015118
10031678481,10031686933
10032169809,10032177277
10035033454,10035067055
10036026369,10036030077
10037084678,10037090688
10039481914,10039534185
10040190575,10040228934
10048540265,10048549222
10048692653,10048906447
10049068308,10049128173
10049134311,10059877097
10049372137,10049380523
10054445765,10054453416
10061252569,10061260598
10061718870,10061727052
10068648190,10068653379
10069871414,10071364260
10075120067,10085824588
10075657766,10075667719
10076842397,10078880894
10081143460,10085860528
10083196484,10083236403
10083203360,10083271488
10083232538,10083245120
10083457471,10085867564
10088389509,10088394490
10088543735,10088576561
10089475158,10092861046
10089606157,10089613380
10091780519,10091785186
10092885946,10092898489
10092913777,10092922701
10093189976,10093200376
10093210496,10093214960
10093524499,10093579369
10094061279,10099611462
10100344567,10100359234
10100389266,10100393627
10103954773,10103959524
10104011698,10104016175
10104459078,10104463545
10105754495,10105759601
10107268077,10114281080
10114358172,10114368856
10114640708,10114653852
10115601114,10115608267
10115749717,10115757358
10116196771,10116244240
10118381660,10118391543
10118755905,10118760332
10119709027,10119716695
10122216713,10126041672
10122967768,10122981854
10125789339,10143174409
10125852849,10125859872
10126421313,10140186130
10133756838,10133767112
10133933045,10144183247
10140486223,10140491452
10144630136,10144645612
10144844715,10144854892
10146510152,10146534446
10148619639,10148623969
10148695618,10148702968
10149230675,10149237357
10151004400,10151012783
10151622345,10151625990
10151788362,10151793193
10153453236,10153457062
10153802109,10153828888
10154835187,10154881891
10158453358,10158476271
10189605968,10189629345
10190018855,10190052683
10193337792,10193718572
10197666255,10197673879
10208786296,10208834698
10209722553,10209730004
10213741037,10213774344
10216073828,10216145470
10216435637,10216501640
10216573469,10216641329
10217365282,10217373678
10217577232,10217586340
10222663817,10222679173
10223486939,10223494413
10224770355,10224775394
10227096661,10227169573
10227480999,10229570822
10228157008,10236790039
10229953898,10229959858
10230057003,10233066384
10233188322,10233225956
10234384604,10234390263
10241682836,10248960478
10241741766,10245180416
10241820261,10241881459
10245040001,10245092462
10246496380,10246501706
10248462855,10248470295
10248514989,10248524350
10249054482,10249093903
10249360903,10249366650
10249719505,10249812487
10256282098,10256290427
10258065256,10258069489
10258743343,10258746687
10264090450,10264134996
10265262318,10265327809
10265575047,10265584529
10265700694,10268260767
10268741041,10268746750
10269723671,10269776767
10270012455,10270020327
10272589514,10272595378
10274676163,10274683163
10274685578,10274689748
10275070788,10275078784
10275910937,10275920642
10277214787,10277222601
10278125631,10278131585
10278628026,10278680210
10283592251,10283598138
10284981154,10284994225
10285369869,10293397621
10290877434,10290885746
10292149968,10292155908
10292173446,10300051522
10292198557,10292204781
10292281562,10300064368
10293243869,10293253264
10293866508,10293870645
10294085591,10294091368
10296909734,10296916978
10298941273,10298944209
10301002496,10306104106
10301786104,10301811923
10302800882,10302806355
10303040509,10303047940
10303350115,10306845940
10303696966,10310045200
10304771289,10304780240
10304824642,10306886848
10306882438,10307007774
10308683226,10320159441
10310250251,10310256652
10316315865,10316323309
10316600834,10316656820
10317570875,10317574149
10317603925,10317609969
10323645417,10323653014
10327295094,10327342093
10327782654,10327813395
10328941720,10328946207
10331143281,10331147150
10331637703,10331652331
10332089360,10332094258
10335138467,10335154414
10337130424,10337134784
10337625521,10337628404
10337787900,10337792327
10338979473,10338985093
10341063135,10341100231
10342557298,10359082438
10352469572,10352475008
10352874241,10352881140
10362304981,10362318429
10362691067,10362698060
10363448457,10363454602
10366445179,10366495810
10366776077,10366785837
10367535041,10367537664
10367957438,10367962817
10368003257,10368015993
10368785561,10368789781
10377444442,10377456105
10378391196,10378455254
10381799232,10381807902
10383628710,10383633748
10383871007,10383921403
10384247377,10389943627
10384806776,10384813481
10386289282,10386295904
10390164377,10390173121
10390745527,10390756185
10392378457,10392388430
10392953844,10392960008
10393833507,10399742409
10396685457,10396750845
10400187163,10403010675
10403247950,10406005482
10406431460,10406435570
10408323569,10408389659
10408776670,10408786416
10409993940,10410016435
10413289783,10413318453
10413373303,10417712474
10413827836,10413839600
10413847178,10413852300
10414432714,10414441100
10414589413,10414629091
10414837189,10414847195
10415179036,10415188922
10415578148,10415604800
10415738058,10415742932
10416144260,10416148737
10416977639,10416982086
10417239544,10417272661
10417626401,10417650881
10417737248,10417777982
10418748695,10418754482
10421062970,10421090864
10421189232,10437113826
10424514737,10424522719
10424800521,10424808081
10430752158,10437143328
10437636541,10437687465
10437875894,10437881026
10438712778,10438751140
10438895978,10438940688
10438916055,10438925400
10439119037,10439156203
10439390855,10439394587
10442598715,10442603393
10443281416,10443287681
10443290688,10443296394
10443625899,10443635869
10447106222,10447109049
10447597137,10463572275
10448536257,10448539304
10449320178,10449326693
10449976438,10449982462
10453079409,10453083756
10453258821,10453270815
10456583233,10459867734
10460817983,10460824441
10461368499,10461417438
10461714618,10461719396
10462086241,10462090076
10463552506,10463573798
10464416182,10464423589
10468434869,10468442192
10470082546,10470109268
10471386303,10471391879
10471554669,10471560769
10475169629,10475175971
10475941480,10475947911
10479063017,10479068613
10479610582,10479636606
10480026457,10480034031
10481384659,10481390903
10482061446,10482099755
10483636169,10483668497
10484232567,10484249062
10484732205,10484769444
10488347112,10488410449
10489095391,10489100680
10491603170,10491667957
10492160171,10492178473
10492936451,10492941089
10494029040,10495072965
10494336397,10494345835
10495677058,10495691188
10495757354,10495764180
10497630322,10497633867
10499165213,10499172135
10500282010,10505458389
10500980691,10501043029
10506149837,10506159189
10506549123,10506554963
10506791871,10506796071
10506823938,10506828215
10507640492,10507694798
10507796623,10507803312
10508174510,10508180864
10512060533,10512136683
10512347994,10512393079
10512630574,10512645786
10512888864,10519754912
10513021354,10513027451
10519826196,10519834686
10520175504,10523661236
10523882003,10523892871
10524445027,10524450136
10525044492,10525054509
10525433341,10525439141
10526041015,10526091385
10527124199,10527722956
10531069600,10531075169
10535442856,10535466925
10535467470,10535520305
10535814532,10537998779
10538445168,10538449524
10539030490,10541679145
10539835401,10539840178
10542542664,10542551952
10542828895,10542839232
10543632616,10543642118
10550095271,10550102718
10550263901,10550269266
10551513221,10551519997
10552796911,10552800686
10552955507,10553045278
10556393760,10556401558
10556736809,10556744190
10559621279,10559670589
10562922441,10562928345
10563011493,10563066905
10566167567,10580341827
10567491897,10567498603
10570404939,10570424157
10571045657,10571050388
10572216366,10572220308
10572552225,10572557350
10573680503,10576644693
10577761153,10577767888
10577806798,10577847365
10580823209,10580834706
10580948495,10581024768
10581891799,10581897385
10583830275,10583872559
10584192512,10587670142
10588196920,10588207173
10588601351,10588610131
10588951260,10588960638
10589549766,10589627953
10593964919,10594012503
10594125634,10594135988
10594893552,10600814953
10596798524,10596820064
10597535885,10597541809
10597779261,10597783561
10598985990,10598991867
10599111186,10613051675
10601503992,10601515773
10605404987,10607587040
10608230143,10608235438
10617341185,10627563492
10617420418,10617432292
10618208990,10618262290
10619414199,10627227676
10621163612,10621170741
10622507888,10622518342
10623744108,10623766744
10624421153,10624428667
10624542216,10624544852
10628622091,10628634149
10629344103,10629347892
10630831905,10630909568
10631026244,10631067285
10631449489,10631461032
10632056956,10632061760
10633435104,10644697147
10634652825,10634658384
10637531798,10637536656
10642145744,10642151173
10642226631,10642296189
10642239868,10642244352
10648490377,10648503340
10650180392,10651218294
10651770854,10651824428
10652363320,10652367660
10652650511,10652658596
10653120988,10655219885
10653275876,10653283447
10656648540,10656653802
10657656182,10657710831
10657907683,10657916082
10657983996,10657989429
10658656216,10658659875
10659269674,10659310852
10660616493,10660621348
10664576027,10664673910
10668547388,10668608025
10669430455,10669486749
10672074643,10672078341
10672323715,10682106546
10675341332,10688631736
10678738232,10678742111
10685424678,10685478191
10688134450,10688139391
10688567003,10688571844
10694093047,10695639330
10695558944,10702577036
10695818016,10695824060
10695838744,10699446001
10695992249,10696029833
10696259059,10696264715
10696347858,10696400419
10696637350,10696645098
10696732202,10696741400
10697864349,10697911909
10697988776,10698014823
10698032153,10698040670
10699991772,10699996783
10701109605,10701123116
10701612895,10701618521
10702052658,10702061191
10702281219,10702288409
10706494079,10706500213
10706508746,10706521555
10706649962,10706657309
10709355926,10709363025
10710451641,10710465019
10710683577,10710689571
10711874676,10711879768
10711882391,10711887115
10714700353,10714706120
10714799743,10714811614
10716081986,10716091742
10717514911,10717523711
10717643498,10717673972
10717686725,10717694743
10718158157,10718163814
10718474201,10718483376
10722336306,10722347933
10723540967,10723572700
10723640169,10723654011
10724884939,10724892250
10725117306,10725154439
10726124320,10726129536
10726298606,10726350189
10727026338,10727031774
10727946311,10728012935
10728456393,10728465584
10729956406,10742242232
10730042836,10730053066
10730287582,10732582291
10731297302,10731301842
10736564651,10736628041
10736802167,10742349997
10742914408,10742928752
10743069687,10743080780
10743134404,10743164720
10744424331,10744435768
10744451467,10744459148
10745259191,10745262745
10746162094,10746177556
10746271183,10746277704
10748013118,10748017408
10748138642,10748145066
10748246735,10748297415
10749336159,10755955195
10753644225,10753650222
10754212348,10754216180
10755490725,10759958684
10755674944,10755686762
10756303534,10756309675
10756405897,10756413625
10756775374,10759580266
10759837223,10759910937
10759979539,10759989288
10760135058,10760150935
10760272533,10760276382
10760585396,10760590965
10760796928,10760804358
10761008711,10761019826
10761409818,10763225671
10764680753,10764684649
10766591372,10766635137
10770067021,10770082670
10770196978,10770205047
10770231267,10770246960
10772302303,10772306236
10776678089,10779937301
10780627215,10787460928
10780799169,10780808561
10781051573,10781081515
10781061018,10784287564
10786441662,10786450125
10792334060,10792343628
10792397506,10792410373
10792527737,10792534473
10795102284,10795161477
10796470622,10796478243
10796506936,10799728378
10797051000,10797054495
10800321819,10800327997
10800661464,10800666011
10801997742,10802005497
10803646669,10803654137
10803816402,10803820899
10806007004,10806013773
10806020616,10806448782
10807809440,10807815497
10808576308,10808605359
10808767574,10808798889
10809727071,10809730332
10810134199,10810224755
10810849188,10817411005
10810929974,10810937111
10812029589,10813918588
10818283802,10818305857
10821963189,10822014277
10825993523,10825997762
10826235515,10826241466
10826287462,10826328954
10826386631,10826395288
10829136673,10829144929
10829349204,10829354750
10833227346,10833234563
10833333873,10833337521
10833878060,10833886329
10833950548,10833954788
10835679597,10835715527
10835910086,10835917771
10836280429,10836308574
10840158588,10840165076
10840827156,10843065529
10846257639,10846266840
10846865521,10846909015
10849191589,10849201185
10850153690,10853032115
10861876912,10861881669
10863229210,10863242918
10864340822,10864472483
10864386508,10864396902
10865043373,10865056155
10866606254,10866616167
10872260672,10872321098
10873381345,10873389153
10874525539,10874534597
10875316574,10875323831
10876924613,10876938151
10879648735,10879708276
10888997316,10889005051
10892015187,10892022177
10894024825,10894095926
10894081830,10894092154
10897552200,10897561204
10898649121,10898659061
10898723209,10898748705
10904897682,10911167885
10904914314,10907248521
10908037190,10908048654
10908729738,10908733807
10909179129,10909186266
10909416488,10909422756
10910714705,10910738005
10911730038,10911760612
10911915400,10914715928
10912092619,10912102368
10913072774,10913080726
10913697842,10913703271
10914430111,10914433656
10915295835,10917705948
10915797788,10915804768
10917724067,10924889419
10921238361,10921272707
10921276129,10921281912
10921807741,10921816554
10922635360,10922648814
10924631256,10924638496
10924890217,10924901774
10928815188,10928820423
10929291008,10929300256
10933123484,10934667229
10933425302,10942136517
10933589625,10933602698
10935073280,10945182743
10935645763,10935658940
10936898341,10936902377
10938636752,10942188938
10941020107,10941047724
10942821753,10945826955
10944825347,10944854494
10946103020,10946111392
10946196506,10946202530
10946311598,10946320299
10947737741,10953592728
10948804002,10948807937
10949547092,10949553714
10949950160,10949955245
10950173623,10960574647
10950175698,10953654194
10955032546,10955037838
10956034043,10956144983
10956657113,10956807234
10964625585,10964638735
10965540369,10965545210
10965650313,10965656818
10967133150,10967139725
10970162584,10970169544
10970515042,10970528781
10970546288,10970551593
10971052641,10971056680
10975646457,10975659852
10976525275,10976531573
10976787728,10976790829
10977753827,10977758602
10978551397,10978555270
10979208616,10979243654
10979523928,10979529461
10981464342,10981468505
10981772912,10981780650
10982218813,10982273639
10986376040,10986405802
10986656906,10986685037
10987653535,10987663355
10991123144,10991157490
10992274655,10992282616
10993826043,10993867903
10993853941,10997476195
10993906422,10993953361
10994625932,10994630132
10995251755,10997500839
10997688453,10997696221
10997903276,10997958490
10998125165,10998138185
11001922304,11001930021
11002037289,11002050446
11003073220,11003079224
11003477718,11003504216
11003553005,11003561542
11004400648,11004407788
11004609804,11004613510
11005992887,11006022599
11006553379,11006562991
11008517956,11008528039
11008891700,11008899565
11009492321,11009498829
11012183621,11012251972
11014153937,11014166526
11019240930,11019321727
11021979348,11022641582
11026394158,11026402881
11030128982,11030136209
11031060167,11031069191
11033673660,11033682718
11034306773,11034309570
11034782342,11034789519
11038461802,11038471408
11038821671,11038878185
11041308671,11041321227
11042743708,11042749805
11043387913,11043400245
11043645508,11043652324
11046277695,11048445742
11048545185,11048553350
11048745210,11048754071
11049798474,11049810238
11050455713,11050460043
11052135859,11052159116
11052459531,11052465404
11056664722,11056672514
11058203144,11058212603
11059524859,11059538714
11060491462,11060505415
11060726950,11060734427
11061102972,11061109474
11062919447,11063016093
11063397882,11063411106
11063759916,11063765148
11066344793,11066352427
11066551297,11066554594
11067063657,11073874133
11067345786,11067359043
11069890447,11069898769
11071211961,11079833725
11071519919,11071523310
11073559275,11073573104
11073983285,11073986593
11074271748,11078146590
11078008684,11078040929
11079915080,11079921538
11080374291,11080440250
11081003154,11081008627
11081391692,11081451404
11081996126,11082060054
11083141025,11083151346
11087844097,11088589450
11088903322,11088916412
11089967477,11101293355
11098575781,11098583893
11100268817,11100273545
11114893815,11114965681
11115612559,11121567758
11121843773,11121893611
11123739310,11136214951
11125116640,11128515331
11128930313,11128943293
11129049011,11133062629
11129135858,11129140592
11136387002,11139226631
11136723894,11139318958
11139437715,11139480641
11139474871,11139537098
11139723877,11145764607
11146484962,11146499315
11146539447,11146550637
11149009599,11149023324
11149836357,11149848805
11153382879,11156213751
11165812093,11165870190
11166108815,11166116951
11166473989,11167175905
11176845481,11176851054
11178186289,11178192808
11178478765,11181363863
11179165078,11185482698
11182913287,11182920754
11183695484,11183725063
11183951823,11183955519
11184109291,11196334102
11184375355,11188670448
11189079724,11193161463
11191702278,11191706665
11193639361,11193697385
11194861332,11203079661
11196546105,11196571861
11196658174,11196694946
11196887230,11203116155
11200201265,11200205241
11200480818,11208097377
11200590181,11200655291
11202025104,11202082760
11204163656,11204170963
11204199776,11204285718
11204297452,11204325116
11204367991,11204372682
11204435798,11204443426
11204547760,11204552508
11208506315,11208514166
11208531694,11208539351
11209887480,11209891636
11210736516,11218850737
11213182425,11213186825
11213187994,11213196323
11213833212,11213840215
11214465964,11214473689
11214793829,11214857125
11215075753,11215080444
11215326757,11215331528
11219673041,11219679062
11219931572,11219941431
11220408905,11220413509
11223484459,11223494128
11270446193,11270485324
11270449935,11281156378
11270944913,11270954277
11271784256,11271790597
11272027752,11272040170
11272806020,11272810086
11273376742,11273428726
11274783320,11274849994
11276813628,11276820120
11277429598,11277484656
11278893902,11278898851
11281237759,11281305506
11281259326,11281297176
11281313955,11281325041
11281380275,11281411758
11283127630,11283196920
11285946297,11285954566
11286830798,11286836969
11288038977,11292450067
11296082294,11296086451
11299306479,11299313041
11299421124,11299462456
11300008020,11303170692
11302159205,11302187263
11303213655,11303253781
11303275170,11303360067
11303748113,11303753085
11303935343,11303942670
11306469830,11306481059
11307871810,11307928584
11312847134,11312854745
11313004408,11313011665
11313784280,11313789455
11315033223,11315041318
11317980117,11320421188
11318012301,11318023554
11319601430,11319606993
11319977750,11319984068
11320630682,11320659094
11321116431,11321127243
11321797064,11321801277
11323244105,11323279744
11324115689,11324147559
11327169757,11327174010
11329394929,11329398344
11332056407,11332086526
11332496661,11332504231
11333767354,11333771470
11334025985,11334034819
11335547955,11335556856
11337150983,11337157685
11338216426,11339192281
11346389383,11346394896
11347404786,11347412414
11349884637,11349892793
11350036351,11350063922
11350085538,11350144922
11351149864,11351176606
11356521385,11356526974
11358210645,11358239245
11360890562,11360897294
11363480216,11363495271
11367489188,11367504506
11368129274,11368159029
11369528350,11369536696
11369643042,11369704464
11370002753,11370012993
11370547231,11377259570
11377408341,11380293224
11378007108,11378012901
11378629316,11378634531
11379808126,11379817084
11380611493,11380659611
11380932789,11380940336
11382120971,11382127189
11382588278,11382617108
11384319485,11384326007
11384779853,11384838979
11385462928,11387257619
11387083921,11387097472
11387343313,11387349571
11389101356,11389133083
11392537992,11392547651
11393695807,11393700010
11393881460,11393886585
11394163104,11394169372
11395157345,11395190017
11395539157,11395551449
11398014584,11398022192
11398203942,11398258134
11399935520,11399946616
11401622288,11401631663
11402110300,11405886603
11406101156,11408936749
11406790031,11406832352
11409405823,11409411062
11409525179,11409529101
11410093044,11410123434
11410218087,11410225951
11410552443,11410556031
11412679151,11416021077
11425069742,11425073771
11425119914,11438649327
11425803000,11425811904
11426698873,11426771097
11438825314,11438835638
11439274322,11439284391
11439530607,11439545124
11456619797,11456627170
11456669826,11456675682
11456788119,11456794129
11457017606,11457086919
11459439550,11459449399
11460871973,11460901181
11461080752,11463621718
11461504348,11461518207
11463669866,11463737462
11466832368,11470071867
11467905534,11467910583
11469748560,11469756762
11470158180,11470203131
11474153921,11474159467
11474722886,11474730477
11476683918,11476751290
11478552987,11478560073
11479654148,11479658004
11479723205,11479729793
11481442164,11481453737
11482010430,11482014192
11484158231,11484581292
11485088955,11485096990
11488621669,11488678373
11488954772,11492024917
11488981848,11489017851
11489233342,11489269332
11489260328,11489273091
11489993670,11490000586
11490340408,11490402805
11495951241,11495960980
11496030724,11496033377
11496320691,11496329689
11497089154,11497099561
11499493447,11499500794
11502719853,11502728827
11504294194,11504298524
11505770352,11505772918
11506738613,11506743094
11512906942,11512916741
11512952854,11512966616
11513278403,11513283348
11513740485,11513779425
11514891929,11514896025
11514962372,11514983795
11515429946,11515434927
11515923433,11515939744
11516006151,11516012184
11516502220,11516512397
11526031008,11526038091
11527039629,11527043384
11527468162,11527558331
11527515505,11527617872
11528167051,11530670573
11528297232,11528334625
11528760238,11528765601
11531959538,11531967747
11532498314,11532503171
11533773430,11536574116
11546145756,11546154235
11546691089,11546696515
11548199459,11548203895
11550483547,11550587163
11551073631,11551129039
11551084292,11551089056
11551456923,11551464711
11551499655,11551504259
11554187306,11554198061
11554803457,11554813874
11555074082,11555083217
11555301518,11555338721
11555377447,11555406076
11555414175,11555421001
11556894018,11556904255
11557667599,11557753768
11557898703,11557938859
11558323064,11558339983
11558491877,11561737605
11558978419,11567833015
11561528649,11564928101
11561602182,11561606766
11569493502,11569528543
11570066099,11570105363
11570173273,11570181048
11576517825,11576549756
11577666850,11577676413
11577697338,11577702887
11577829019,11577832710
11577943366,11578000932
11583108249,11590312942
11589797327,11589807741
11589903796,11589911528
11589929730,11589940885
11589940418,11590346045
11590805961,11590811257
11591828585,11592892650
11592939656,11592995982
11600252639,11600276474
11600276675,11602600348
11601070148,11601088273
11602017377,11602022807
11602062164,11602091769
11602539450,11602547900
11602687162,11609525154
11602691749,11602725313
11603779850,11609800070
11607319213,11607327716
11609814032,11609895062
11609894244,11609906359
11609983019,11610011592
11610010202,11610067070
11610092990,11616512950
11610488624,11610496289
11610794267,11619794149
11615193467,11615202742
11616866116,11616876968
11616892400,11616920284
11617456076,11617463670
11617645868,11617651387
11620300001,11620462674
11620770171,11620777796
11620924451,11620949960
11626982294,11629854381
11632091952,11632097819
11637819676,11637877676
11638013721,11638020069
11640610495,11640616806
11640761474,11640814273
11641133049,11641138783
11641162995,11647396090
11641779684,11643784477
11641995155,11642006468
11642695507,11642702787
11643366979,11643374509
11643672117,11643680720
11643777467,11643855815
11644008799,11644102766
11644592738,11644597863
11650846099,11653842885
11650908029,11653807079
11654677230,11654681503
11655149047,11655159220
11657553507,11657616963
11660717900,11660777347
11664836431,11664840333
11667988542,11667993350
11668754980,11668763038
11675319327,11675330840
11675521394,11675530608
11675696876,11675700972
11676081207,11676111153
11676529660,11676537435
11676619541,11676626130
11677687396,11677734849
11678837915,11678844156
11678845676,11678857567
11679072610,11686363235
11683287872,11683298282
11685806616,11685870704
11686422947,11686487934
11686652056,11686706459
11691132367,11691145771
11694608844,11694622011
11695026743,11707108611
11697627754,11697664482
11698858368,11707089944
11700275400,11700283598
11700612231,11707144417
11700800206,11700850114
11701019041,11701024888
11707260549,11707269322
11707623805,11707630881
11712460098,11712467034
11712989368,11712994790
11714071302,11714119008
11715335600,11720681040
11721435133,11721439539
11721682277,11721692507
11731580274,11731586051
11732283490,11732294919
11734958177,11735016044
11735242905,11735329155
11735363043,11735373450
11736216706,11736225409
11736522025,11736527791
11736681246,11736686966
11737836238,11737845640
11738315663,11738321229
11739570383,11742390854
11742427031,11742433914
11746943368,11746950946
11747422536,11747446902
11748999273,11749007722
11749583212,11749590957
11750034562,11750060124
11751152175,11753554637
11752736142,11752785673
11752998816,11753006340
11753815075,11757257440
11754435125,11754442552
11755059167,11760209108
11755161527,11755170153
11756651136,11756654928
11756682585,11756689424
11757345427,11757400521
11758731490,11758737671
11759032950,11759036839
11759076284,11759082495
11759115040,11759141635
11762485830,11762526313
11763882544,11763905491
11764418890,11767236592
11771219025,11771224184
11771901997,11771949594
11774737770,11774749808
11776613686,11776627474
11789116489,11789129670
11789215989,11789222077
11789286790,11789300471
11790473980,11790479145
11792399971,11792413485
11793287642,11802907256
11795402864,11795453948
11795534140,11795546699
11796137512,11796179983
11796802639,11796810744
11800663868,11800668098
11803130078,11810420907
11811315494,11811322971
11816279766,11816303725
11816365919,11816370112
11817228105,11817272908
11817424910,11817435320
11818618885,11818624375
11819583752,11819591383
11820402270,11820417125
11825674681,11825681046
11826414167,11826418012
11827168076,11827171885
11827391121,11827400660
11829156461,11829166708
11831490398,11843349354
11832844457,11832870250
11834060444,11834098308
11837764126,11840870592
11838444472,11838506609
11843544087,11843552637
11843588633,11843594176
11843709376,11843715523
11844315473,11844328607
11844535969,11844542631
11844592767,11844659789
11844905540,11844910388
11847045749,11847049551
11849964675,11858314321
11850356083,11850367449
11851845278,11851851078
11855180866,11855198634
11858456997,11858510989
11858796044,11858800541
11860046046,11860057670
11860557842,11860565106
11861512011,11861522405
11862517698,11862613984
11862627522,11873767977
11862912467,11873808718
11867051506,11867054259
11867346180,11867349718
11871182385,11877770611
11874349962,11874360233
11874772001,11874785669
11874793604,11874801609
11875683688,11875692999
11876055958,11876061728
11884217700,11884221792
11886224788,11886252813
11886265014,11886269835
11890187135,11890191943
11890531778,11890558393
11890560050,11890569021
11891247432,11891273318
11891817660,11891918623
11895543954,11895576510
11896381583,11896386107
11898260516,11898265647
11898429493,11898459693
11898690496,11898717158
11900864062,11900872485
11901215231,11901775719
11902419109,11902426887
11902660093,11902672258
11904051432,11904058491
11906223595,11906229732
11909561706,11909574111
11910987705,11910995653
11911610216,11911617296
11913955042,11913962813
11915667760,11915698371
11917166981,11917213135
11917480469,11917488976
11917840060,11917848476
11918619719,11918626925
11919550129,11919561505
11920498093,11920505700
11921120999,11921128740
11924566411,11924634709
11924928592,11924937088
11927104734,11927152047
11930039058,11930046877
11930739009,11930747142
11934782871,11934826612
11935320517,11935325372
11935390462,11935418022
11936339322,11936343632
11937156440,11938201786
11937803138,11937814364
11938145826,11938154436
11938749882,11938757687
11940776957,11941675461
11942411747,11951110642
11942463331,11954559152
11948275579,11948281039
11948604215,11948609585
11948871263,11948898252
11949859106,11949865577
11950005083,11950010241
11951338411,11954625383
11955239247,11957592451
11955880183,11955885068
11958532609,11958544624
11960738404,11960780625
11961176904,11971894856
11964645765,11964655817
11965975358,11965978523
11967883815,11967905002
11969589124,11969596321
11972440852,11972443955
11974233015,11974240817
11975368210,11975421161
11976070890,11976075925
11976721484,11978902822
11977404616,11981827865
11979286902,11979295326
11979860724,11985026167
11982116919,11982121942
11982212901,11982570985
11982742127,11982760251
11983112176,11983121067
11985786262,11985795019
11985959385,11985964682
11986306049,11986309607
11986797690,11986803543
11987007460,11987012599
11987506313,11987509495
11987663965,11987689975
11988654828,11988685372
11988687290,11988708653
11988824138,11988854829
11989112294,11989118105
11990135292,11991791345
11992086054,11992111513
11992213031,11992223008
11992629146,11992688868
11996909892,11996918556
11999065965,12001591465
12002399622,12002413284
12008721255,12008730513
12008882310,12008892013
12013763187,12013828441
12020491201,12020545537
12021391187,12021394462
12021824391,12021826187
12022175243,12022181250
12025432290,12025440954
12025645566,12025671680
12028814764,12030745686
12030627453,12030630460
12030832814,12030860114
12031367597,12031427141
12032006296,12034006832
12032303673,12040946964
12034134601,12034143231
12034498860,12034511038
12035112224,12035116681
12037559653,12040424981
12041299983,12041312015
12041941656,12055708946
12046209746,12047949099
12048439623,12048444628
12050303637,12050309451
12051761948,12051840269
12052090607,12052096805
12059062151,12059072926
12059879627,12059892667
12063573667,12063581993
12065649769,12065681485
12065875507,12068558551
12071489601,12072924824
12071672226,12071680138
12073014869,12073024264
12073744843,12073749166
12074027984,12074032895
12076326208,12076332082
12076464267,12076534710
12076916793,12076920589
12077352072,12077360726
12077831784,12077836736
12077862218,12077870146
12078730859,12078759615
12079869734,12079879560
12080574817,12080628628
12085331015,12088323427
12086073284,12086116076
12088268487,12088280782
12088686449,12088695306
12089018794,12089025155
12089266019,12089282390
12090338831,12090347782
12091070559,12091078711
12091421707,12091431496
12091706716,12091773029
12091958337,12092042883
12092617120,12095387749
12092862149,12092869145
12096182573,12096190230
12096315443,12096325483
12096805886,12096813070
12096992100,12096997616
12097696267,12097700601
12098983823,12098988170
12100064293,12100078349
12101222450,12101230034
12101756955,12101837217
12107576671,12107588528
12110686909,12110751488
12118659480,12118706388
12118662567,12121286046
12120737569,12120747321
12121177455,12121819459
12121500666,12121552562
12123253857,12123261929
12124496148,12124502870
12125378247,12125471900
12125755812,12125792531
12129530188,12129608369
12129730050,12139478849
12137203381,12137210350
12137725397,12137761791
12139583608,12140297401
12142059022,12142067154
12142124684,12142128479
12143981007,12143985665
12147796004,12147903769
12151936302,12155198537
12153852430,12153856513
12154194363,12154203444
12155087778,12155095516
12155166600,12155220034
12155786072,12155792012
12155840628,12155845867
12155967591,12155990464
12156070071,12156077485
12157128537,12157132958
12158317555,12158323205
12158336432,12158342860
12159433010,12159439341
12163801936,12164743766
12164962194,12164996547
12168381750,12168393283
12168520457,12168527647
12171869958,12171874649
12171955773,12172013934
12172016744,12172025073
12172647478,12172652673
12172767920,12172776530
12172880236,12172889494
12174443816,12174470555
12175341263,12175367000
12175681647,12175689715
12176295208,12176302679
12177248314,12177255019
12179908795,12187430090
12180016511,12180028572
12180712516,12190651445
12184583171,12184591768
12184706226,12184717836
12188467107,12188475857
12189012537,12189039259
12189582695,12189627803
12189640408,12189648480
12194804529,12194860171
12195215018,12195220587
12204172575,12204230773
12204305402,12204314527
12204405798,12204523583
12208213143,12208220854
12208952759,12208962809
12210609214,12210619898
12211678759,12211687890
12213805901,12213816282
12215816678,12219333766
12216073956,12216081804
12216693942,12219128331
12219370060,12219425117
12219475423,12219506107
12220367351,12222417546
12222963110,12222989244
12224176337,12224185311
12225038045,12225051409
12225844763,12225851588
12225881765,12225886055
12230761518,12230767546
12234523004,12234536960
12236332971,12236335744
12236574312,12241028057
12238035221,12240576106
12238549593,12238554598
12238682854,12240585471
12241374455,12245326812
12243068847,12243076435
12245416449,12245491285
12245555925,12245607370
12246051219,12248552506
12247268242,12247272248
12251171285,12263525753
12253499318,12253503485
12254079152,12254087878
12260941814,12260945947
12261186600,12261194946
12262071238,12262076580
12263530183,12263536654
12263742888,12263746974
12263758698,12267350411
12263982321,12263988839
12264061688,12264068894
12264870894,12264875392
12265188365,12265193166
12265574136,12265578700
12268100167,12268157567
12268562853,12268568065
12271128449,12271148893
12273991004,12273997068
12274571245,12274576243
12274830050,12274879965
12275098721,12284037014
12276003031,12276030975
12279361328,12279368675
12279593805,12279601687
12279867966,12279895225
12284174876,12284200445
12284178798,12284185487
12287449055,12287485754
12288070198,12288076272
12288070605,12288082904
12288117517,12288123033
12288223438,12288284860
12290396661,12290404779
12291365169,12291393969
12291369165,12291403264
12291691677,12291696197
12291693758,12291697534
12292540599,12292571720
12296443956,12296752793
12297516825,12297532070
12299714070,12299720595
12300459075,12300526647
12300565130,12300573870
12353488468,12353493783
12353525119,12353533078
12355285147,12355290606
12356435131,12356439187
12356655129,12356710464
12357158259,12357162605
12357655327,12357690522
12363903640,12363909831
12364400017,12364412703
12364457587,12364462184
12364595783,12364601443
12365701108,12366362620
12367042481,12367047790
12367308101,12367319190
12370439247,12370443090
12370877544,12370934068
12371175636,12371204840
12371430334,12371442202
12372127415,12372131632
12372156653,12372164825
12374102653,12374109609
12374401233,12374408126
12375374713,12377005021
12376952322,12376957424
12379309697,12379314825
12380617977,12380624756
12381074549,12381079838
12381584855,12381599809
12384346056,12384388818
12384644325,12384649657
12385267181,12385277902
12385638412,12396038236
12385838097,12385889052
12387773603,12387829683
12389385214,12389426881
12389491724,12389558258
12392524419,12392535815
12395939217,12396005968
12396826578,12396836945
12397032875,12397037318
12397071217,12397102616
12397876548,12397888669
12397966933,12400001475
12398151463,12398156110
12399287091,12399299663
12400217097,12400222670
12406565441,12408718560
12407255131,12407305665
12408727010,12408738590
12408872619,12408882790
12409446950,12409496364
12410123647,12410128398
12410126728,12410137496
12410682923,12410687824
12410953462,12410961059
12411953807,12423208626
12412105480,12412112293
12413749760,12413774581
12414729294,12414731907
12416293776,12416301989
12419999878,12420059312
12420008234,12420018761
12421879211,12422914954
12423154849,12423228412
12427146483,12427184140
12429310554,12429321115
12430023515,12430029021
12431897105,12431937285
12431917138,12431927495
12438031335,12440698034
12438047198,12438092376
12438415345,12438426134
12444997216,12447928804
12445386262,12445393665
12447188436,12457139968
12448050094,12460100523
12450156462,12450160368
12454526017,12457183395
12457554011,12457566049
12457642599,12457647116
12458823896,12458830581
12458852301,12458862141
12464817183,12464821633
12467691679,12467716967
12467696470,12467713062
12467996360,12468013910
12468168117,12468180936
12468416982,12468454462
12468548035,12474109116
12468765821,12468773439
12468902059,12468912119
12469031996,12469057940
12469528450,12469535290
12471245168,12471255074
12471264389,12471275902
12471552855,12471558736
12472085266,12472092452
12473254074,12473260909
12475200639,12475216619
12475534587,12475539074
12475749146,12475753283
12476152615,12476159785
12476463046,12476520746
12476581603,12476586665
12476723314,12476728182
12476831107,12476872375
12478242959,12478293897
12482301241,12482308592
12482635257,12482646342
12482675520,12482679816
12485478845,12485514474
12485614545,12485645370
12486010931,12486015796
12486193710,12486198625
12486601148,12486608786
12487747290,12487760665
12493292642,12493303344
12497347590,12497381966
12498475082,12503532496
12500349704,12509755073
12500617744,12500678731
12504425777,12504433068
12506498253,12506503613
12510390816,12510398721
12511111003,12521001159
12517989162,12518033829
12521497710,12524525207
12525137422,12525146893
12525217877,12525228555
12527910350,12527914606
12528001798,12528061526
12528165232,12528186351
12528176144,12530998430
12528389818,12528399133
12528746205,12528784954
12530764288,12530769270
12531765556,12534718413
12533085319,12534671605
12535020785,12535027230
12538059845,12538068879
12538213991,12538242684
12538662555,12538699490
12539094212,12539098158
12539343341,12539351076
12539917104,12540489730
12541193614,12541199377
12547758796,12547769564
12548965935,12549046782
12551111607,12551175612
12551511458,12551541521
12552983921,12552991913
12554737460,12554744416
12555280562,12555284437
12558461971,12558469952
12564795614,12564800662
12564888813,12566959685
12564921552,12564926904
12566232989,12566237580
12567911147,12567968497
12568073843,12568080272
12568187269,12571625284
12568189283,12568194175
12568562727,12568577671
12574932427,12584581178
12576979972,12577014435
12577324902,12584660385
12579005533,12579016722
12580306743,12581433805
12580913526,12580919008
12581541674,12591540655
12588917940,12588933115
12589447200,12589476875
12590262364,12590310846
12592439575,12592494115
12597989047,12598409726
12598623102,12598683161
12601824340,12601830598
12602294373,12602301088
12603320478,12603329174
12606152496,12606156849
12609429459,12609437370
12610399363,12612623878
12613317835,12613344366
12616078685,12616087522
12617475212,12619574123
12619602071,12619663964
12620818796,12620827757
12624431358,12645216732
12625842923,12625854052
12626872536,12630131253
12631041968,12631109858
12631204023,12631216121
12632583260,12632587924
12633432299,12633473180
12633912432,12637667820
12638621364,12638625226
12639479654,12639484151
12639497799,12639506242
12644705043,12644711398
12646127901,12646136464
12656850170,12656859365
12658359071,12658364821
12662901030,12662908845
12663668524,12673164268
12672906977,12672959786
12674444300,12674450792
12675856590,12675862150
12675928082,12675941139
12676165618,12676171956
12676708409,12676714095
12677092817,12677099419
12677337433,12677345341
12678505438,12678513303
12678624126,12678627754
12681582463,12681588928
12681615162,12681623645
12681659197,12681667289
12683062623,12683067528
12683498992,12683505423
12683870601,12683956051
12684086319,12687136314
12687416699,12687424724
12687735228,12687743634
12687983739,12687988925
12688448269,12688453936
12690057254,12690079686
12694085119,12710336750
12696326813,12696338183
12700899113,12700914522
12701496387,12701502150
12701626611,12701632672
12701748453,12701754106
12704944933,12704986666
12705470838,12705498285
12705622175,12705636762
12706276423,12706282504
12707304743,12707313189
12708308423,12708316177
12715699991,12715705584
12717711593,12717716561
12718611336,12718616885
12720328420,12720338604
12721419579,12721430918
12721601603,12721607450
12721907516,12721911950
12722467537,12722484336
12731757533,12731764152
12733525111,12733530871
12735038990,12735047563
12737601635,12737608839
12737654447,12737701165
12737919577,12737932289
12738429024,12738433307
12738824491,12738833302
12741946516,12741993404
12742830997,12742836596
12760531766,12760542788
12762136839,12762185020
12762481549,12762508932
12766220934,12769344309
12769739348,12769748907
12775356783,12775407514
12775551166,12775602668
12775608712,12775617001
12778168982,12778173967
12782351184,12782399068
12784291317,12784301427
12784526107,12788240607
12784556955,12784618016
12785596076,12785606437
12795478431,12795488096
12796312635,12796320787
12799091751,12799101597
12799220234,12799227257
12799413989,12799429201
12799728953,12803000086
12800200363,12800208772
12800753070,12809903183
12801206952,12801215522
12803397755,12803457467
12805469349,12805515857
12808488958,12808491734
12809582645,12809593383
12810287968,12810295957
12812037502,12812080868
12813752585,12816913015
12817264468,12817276268
12817867558,12817872743
12819197739,12830852095
12823328993,12823400976
12823697026,12823753567
12824430822,12824437431
12824536493,12824539644
12828003348,12828008487
12828233831,12828246771
12831021109,12833931578
12834579205,12834584126
12834996890,12835005797
12835446001,12835453599
12835759549,12835784440
12838466696,12838523524
12839434810,12841176398
12841030825,12844110973
12842153008,12842159683
12844658308,12844670436
12846593259,12846641247
12848850606,12848857188
12849362619,12849369184
12850098206,12850128335
12850891686,12851864922
12851553232,12851556857
12852034457,12855379036
12853173152,12853178571
12856282731,12856286076
12857304342,12857312879
12857329270,12857340446
12863261035,12863270530
12863617726,12863621992
12864027833,12864062921
12866653438,12866660367
12867547330,12867560137
12868201131,12868206383
12868877240,12869816217
12870071921,12870075122
12870287195,12870295999
12871386987,12871419786
12871601710,12871607931
12872033254,12872041436
12873435551,12873443680
12876934283,12876951249
12878282609,12878299004
12879721812,12879735293
12884103835,12884109622
12884580667,12884585929
12891409950,12891414891
12892079711,12906598106
12893014892,12893025116
12894461275,12894466370
12896410957,12896416356
12903159312,12903164404
12904761401,12904770315
12905268790,12905335702
12906945362,12906952364
12911343566,12911349102
12912322598,12912327309
12912327680,12912359059
12912346604,12912401190
12914317799,12927003987
12921751679,12922594704
12928159370,12928196646
12929923721,12929930192
12930156375,12930166612
12930404762,12930432720
12930601133,12930606696
12931080107,12931134786
12931300115,12931311642
12931998335,12932003116
12937825819,12946913554
12940089270,12940120793
12941625046,12941633027
12944321394,12944348239
12947558608,12954837165
12948483071,12948490004
12949279675,12949331846
12954940795,12954945021
12955266675,12955308424
12955485600,12955489870
12956089245,12956093255
12956738586,12956741810
12958552645,12961955212
12961141641,12962011248
12962851015,12962857019
12962938340,12962942968
12963125362,12963161058
12963889709,12963895419
12964322776,12965636522
12964964326,12965639950
12965119067,12965130510
12965183198,12965191347
12965510297,12965515653
12965517668,12965528149
12968952669,12978278448
12972023870,12974839544
12972740289,12972773529
12972824063,12972828269
12973935331,12973938431
12973947285,12973956366
12974437307,12974444317
12974895840,12974936220
12977183661,12977186825
12978342342,12978353575
12989290717,12989295444
12989441572,12989444713
12989925774,12992594064
12990791061,12990841728
12990967264,12990979529
12992108405,12992119601
12994705159,12994718276
12995681268,12995686641
13001150575,13001160240
13001422643,13001476468
13010532596,13010539044
13010998550,13011005730
13012107950,13012113600
13012331640,13012341510
13021722125,13028245113
13021962237,13021967579
13021989112,13022003205
13022702688,13022739332
13023902434,13023912236
13024712733,13024723020
13028516627,13042234238
13029348042,13029409156
13032824315,13032828926
13045470410,13045480336
13045830960,13045841274
13045980212,13046029472
13046099661,13046102939
13047857747,13047864393
13049113195,13049120011
13049396537,13049403182
13049685919,13049688475
13051352784,13051356235
13051901419,13051908478
13051965393,13052005436
13052519594,13054992940
13052572102,13052585680
13054308268,13054336961
13055357589,13058027710
13057636596,13057662760
13058931482,13058935107
13064604956,13064652082
13065226907,13074916676
13068233214,13068246428
13069741009,13069768977
13072300076,13072305846
13072567083,13072572883
13079455282,13079467657
13079987542,13079996088
13080070450,13080080326
13080201129,13080233073
13081237925,13081242976
13083531422,13083553860
13084272344,13084276179
13086112116,13086116673
13086285964,13086294414
13086638950,13086647914
13087178132,13087182613
13087370170,13087374934
13088072022,13088077217
13089924035,13089931462
13090327484,13090338730
13091381186,13091386177
13091818650,13091828643
13092576588,13092585118
13092785678,13092790292
13092871159,13092923319
13092886317,13092922548
13093286699,13095981346
13096756518,13096793908
13097510216,13097516297
13098095863,13098099999
13098154786,13098163342
13098485771,13098517137
13098890760,13098895357
13098951363,13098986989
13106750677,13106755846
13107129870,13107143602
13110199882,13110208956
13112698396,13112711439
13112953515,13112967234
13118547991,13118552511
13118743229,13118749293
13118851753,13118862972
13119032377,13119039153
13119425662,13119434399
13122109909,13122150506
13123542998,13123550902
13124300608,13124307381
13127903705,13127908994
13128893476,13129561727
13129022708,13129029420
13129114540,13129119575
13129216693,13129220368
13130095183,13130106482
13130697996,13130702974
13131502194,13131527443
13132815035,13132839408
13134527880,13139836802
13137858150,13137865213
13140489330,13140541751
13140524976,13140540341
13141027063,13150178127
13143421650,13143477860
13143956690,13143962406
13144463154,13144471897
13148265678,13148268798
13150588436,13150594386
13151478954,13151484303
13151733976,13153787382
13152161080,13152166469
13152907872,13152917562
13153308889,13153328324
13153351304,13153361234
13153689265,13164183443
13155816207,13155821710
13156232786,13156246104
13156564723,13156618441
13157594283,13157621402
13159246197,13159274001
13160428569,13160433223
13161054232,13161064192
13161077740,13161083680
13164700274,13168832551
13170639547,13170715806
13171874217,13171880424
13172128578,13172154842
13172129600,13172136763
13177106298,13179487360
13180541433,13180554998
13180932821,13180936737
13181367415,13181371902
13186718705,13186782045
13187408506,13187421834
13188069440,13188099032
13188665544,13188673820
13188896458,13188904467
13189344126,13189349047
13189658192,13189718451
13190139447,13190147051
13190229692,13190238850
13190324348,13190333272
13191005662,13191014773
13191449735,13191499704
13192369374,13192401271
13192489849,13192501766
13196251993,13196264218
13196888441,13196946268
13196998999,13197054605
13197130834,13197136374
13202163231,13202193347
13202659735,13202664258
13203390300,13203396444
13203686558,13203721645
13204103575,13204113665
13204294038,13204302137
13204665841,13207158047
13205151032,13205158960
13205732970,13205744818
13208613707,13208663703
13208676907,13208684170
13210667761,13217431261
13217690751,13217696929
13219320972,13219329592
13221334184,13221344331
13221519957,13221529372
13221632868,13221640803
13222060790,13222087492
13224056191,13235314355
13224237547,13224241663
13229482886,13229493474
13230082792,13230088455
13230679725,13230685421
13232581413,13232590053
13233012599,13233026074
13235679720,13235758736
13235783403,13235788214
13236123408,13236127130
13236470481,13239360275
13239981301,13239988978
13241466379,13241475407
13241780993,13241786071
13243621062,13243625646
13244040274,13244109294
13244850971,13244855522
13247562537,13247571605
13248225867,13260016458
13248380481,13250318483
13250982337,13250993055
13251425902,13251435220
13251813678,13251818720
13252355016,13252366215
13254463245,13261297295
13258629132,13258635273
13258724262,13258786579
13260205395,13260216420
13260608510,13260615449
13260838926,13261333388
13260879342,13260886362
13263113986,13263118945
13273477687,13273526583
13274898193,13274908116
13276473012,13276477623
13277692337,13277722109
13279708770,13279713621
13280013474,13280055120
13280046374,13280165355
13280317574,13283600063
13283826449,13283864972
13284755931,13292493986
13286662497,13286729244
13286836552,13289594258
13289620573,13289705175
13289630449,13290027256
13289817919,13289824728
13289844681,13289910894
13289871519,13289879862
13295057958,13295065796
13296342804,13296368433
13299894054,13299949172
13303423504,13303430056
13303501698,13303564300
13304209725,13304258651
13305621136,13305625610
13306873574,13306877109
13308953541,13308991465
13309818012,13309821540
13314659106,13314673299
13318966554,13318984275
13319035664,13319065409
13324690335,13324693990
13326180736,13326185096
13326994784,13327002755
13328611323,13328620190
13329807136,13329855993
13330027743,13330035260
13330225998,13330238212
13348466421,13348506123
13348584240,13348595943
13349667500,13349670547
13350258202,13350269434
13350879614,13350934321
13351031973,13351036637
13354248423,13354251336
13355911894,13355997779
13356224413,13356232144
13359080526,13359086403
13363939034,13363943795
13365942722,13367176132
13366112524,13366123469
13371024890,13371082854
13373705180,13373713647
13374797568,13374805356
13377682886,13377692254
13379438253,13379494897
13380276256,13380282711
13380286620,13380822071
13380935185,13380963708
13382168549,13382194957
13382552072,13382558387
13385073709,13385122288
13385511618,13385516269
13385858573,13385868065
13386388384,13386393880
13388357796,13388402001
13388391006,13388446287
13388665650,13388671103
13388958938,13388965032
13391311117,13446456003
13391438014,13391477679
13394773285,13401255138
13395558643,13452835826
13447257512,13447312131
13452981403,13452985689
13455064817,13455072996
13456028668,13470410855
13456248984,13456259518
13457305760,13457311179
13457357974,13457368314
13457693449,13457698076
13459890279,13459987320
13460197516,13460206550
13466579003,13466588087
13469849334,13469890399
13471003458,13471009054
13471185168,13471215869
13471288042,13471315249
13477484793,13477492514
13477825818,13477832176
13479085773,13479111459
13481223212,13481233443
13485151661,13485221021
13485312155,13485351890
13485318403,13485405731
13487300463,13487307152
13488967653,13488986867
13489012801,13489049218
13489676688,13495584945
13492725220,13492771199
13493097233,13493146731
13493354892,13493383160
13495487270,13495494844
13504288676,13504296588
13505109707,13505113562
13507411105,13507425305
13507548987,13507592177
13510814190,13510818854
13512048629,13512058953
13512939535,13512998748
13515324914,13515353811
13517964614,13517981136
13520845869,13520858332
13521698537,13521728496
13521796202,13521806563
13525608329,13525658642
13525989282,13532695313
13526145848,13526161340
13526297338,13526304020
13526337607,13526366654
13532863181,13532869703
13532898904,13532904533
13533824329,13533831175
13533979224,13537025420
13537367985,13537376876
13537394199,13537433500
13543947233,13543994729
13546891250,13546900104
13547550794,13547560533
13547777347,13547829114
13547846360,13547937067
13548215143,13548243906
13549710822,13549717655
13549988745,13549994475
13550521055,13550549674
13562241210,13562245874
13562346039,13562357094
13562994304,13563020862
13564987423,13564998485
13565631712,13565645574
13565762294,13565772163
13566383386,13566387762
13566516289,13566565530
13567684770,13567690540
13569942297,13569958825
13570019495,13580580649
13575574172,13575580600
13576142880,13576150688
13577036829,13577040674
13578127580,13578131616
13580170491,13580177310
13581593219,13581605190
13583673586,13583684248
13583930209,13583934473
13583999620,13584007023
13584114298,13584123376
13584629940,13584633652
13585276083,13590659835
13585586286,13585596804
13587521599,13587526273
13589879571,13589887052
13591926616,13591953167
13595780301,13595837099
13605800257,13605845846
13606292735,13612876864
13608054026,13608092926
13609370341,13609413714
13610816135,13610819934
13611355836,13611361766
13611680426,13611736559
13612607696,13612615591
13613035027,13613100277
13616917963,13616921649
13617774860,13617780066
13621506050,13621563198
13626587085,13626591114
13627003401,13627032655
13627154012,13634042829
13627255456,13627293755
13627914215,13627946209
13628255097,13628263175
13632544857,13632553523
13632573937,13632635800
13633415014,13633441021
13633501501,13633509329
13634737831,13637297680
13642817944,13642845338
13643661885,13643666859
13644080626,13644152408
13651286535,13651292673
13651386660,13651398033
13651884871,13662232387
13653023375,13653030863
13653470963,13653480579
13657063011,13657072049
13662487754,13662493294
13669519772,13669574826
13669659087,13672528428
13672780671,13672788997
13673285067,13673291709
13674009270,13674016116
13675811184,13675854698
13678430491,13678434674
13680658550,13683013940
13681252419,13683026963
13685484733,13685487877
13685780356,13685790640
13686396019,13686462255
13686418427,13689734778
13686839474,13686844365
13688206008,13689416793
13690521369,13690527256
13690525095,13690533474
13693646759,13693654694
13693749894,13693764010
13693963738,13693982809
13694873981,13694878305
13695131784,13695168268
13696029385,13696035953
13697011501,13697024588
13698611803,13698617930
13699166368,13699171944
13700923802,13700936445
13700931403,13701001175
13707893406,13711375102
13709557471,13709561748
13711393665,13711465033
13711735982,13711743567
13712576181,13712603364
13712608088,13721569484
13714996571,13718414697
13714997777,13718470606
13718468855,13718532740
13718645046,13718651133
13718815553,13718823999
13718836117,13718840688
13719601276,13719609207
13721599169,13722084277
13722145686,13722193794
13722882595,13722917352
13723817503,13723868484
13724743870,13724748223
13724817447,13724822261
13724906887,13724915717
13724985729,13725006103
13725485213,13725499613
13726267772,13726281243
13728183165,13728240464
13728827704,13728886290
13729573464,13729578262
13730152456,13730160608
13730999032,13731009025
13732801304,13732810963
13732852275,13732862245
13735308648,13735321475
13735374641,13736435887
13736714938,13736771699
13741712678,13741720135
13742024512,13746326126
13746953907,13746991978
13747608423,13747639505
13749967495,13749982867
13750004377,13750072674
13754146205,13754153903
13758065723,13758071984
13758517346,13765804226
13759129414,13762046522
13759697387,13762057575
13762263223,13765608153
13762293085,13762298755
13762983795,13762995382
13765003513,13765026756
13766122903,13766128389
13766393361,13766403010
13769017455,13769024806
13769195393,13769210248
13770357208,13770361572
13776521270,13776532743
13777316631,13777323811
13777633514,13777659360
13777809096,13777814752
13778169987,13778180441
13779036041,13779060531
13779693324,13779723924
13780105880,13780109506
13781500480,13781508338
13783193199,13783203669
13783300480,13783349640
13789070123,13789092866
13790128295,13790181301
13791963837,13791968084
13798096506,13798102938
13798904681,13798917223
13799810320,13799845295
13800926961,13800931949
13806671136,13806676161
13806873791,13806895989
13812708003,13812713012
13813090644,13813099856
13813845358,13813850016
13814190072,13814234023
13815141246,13815148286
13815892185,13815902857
13815934029,13815937166
13819096971,13819101532
13819253981,13819261933
13823739537,13826006005
13826079327,13826100286
13826980249,13826992494
13829549260,13829575390
13834953566,13835035859
13835623564,13837481020
13838333523,13843315517
13842116546,13842149161
13845120378,13845128112
13847847871,13847912360
13849248929,13849253693
13849651479,13849732172
13855621753,13855686907
13855692396,13855699773
13857409638,13862485371
13857871271,13857880122
13862594664,13862607249
13863069451,13863110122
13866526016,13872325719
13869483647,13875780529
13872182524,13872193526
13872227919,13872237000
13872863952,13872869161
13873397452,13873439660
13874084861,13874145417
13875130855,13875135298
13875309137,13875341919
13877939368,13877945653
13878046065,13878100541
13878297205,13878302277
13879055511,13879149705
13882844233,13886084558
13882925752,13882934976
13883523717,13883529621
13884011000,13884016135
13884547249,13884553199
13886768873,13886786183
13887286399,13887292136
13888539428,13897080630
13889916805,13889949069
13891152383,13891157104
13891878922,13891883299
13894369378,13894420977
13897149476,13900332091
13900269319,13900278310
13900460036,13900465095
13901486509,13901490287
13902016951,13902022046
13902557029,13902562498
13903821779,13903828371
13904490300,13904505893
13904664192,13904698174
13904726172,13904774694
13905194952,13905199863
13905703828,13905710393
13907685377,13910266913
13907870475,13913983325
13912160967,13914265320
13914052705,13914061058
13915296313,13915331718
13915430977,13915436807
13916113688,13916125696
13916744920,13916752632
13918106851,13918166115
13919089576,13919118359
13919891816,13919900196
13921248612,13921266423
13922413270,13922418739
13926202553,13926209449
13926209613,13926218908
13926477890,13926484438
13926608315,13926619554
13928479809,13932001124
13928538261,13932011471
13931251004,13931995137
13932293195,13932322056
13932824764,13932831820
13934006515,13934013337
13935863480,13935871652
13936606163,13936616400
13937751446,13937758078
13939095412,13939126337
13939198062,13939205887
13939772386,13939795981
13940184846,13940204171
13940220185,13940223910
13941034005,13941036929
13941159652,13941169883
13945137665,13945141875
13945141407,13945177514
13946935049,13951335355
13950675680,13950684327
13951338719,13951412226
13952189138,13952214086
13952640698,13952646468
13954039818,13954090375
13954238758,13954242420
13955513541,13955577241
13955894210,13955951453
13956093317,13956099685
13956227424,13956230855
13971254451,13971260137
13972745309,13972793818
13972984409,13972993182
13975020948,13975033370
13975570111,13975575954
13976379398,13976387607
13976391061,13976404095
13977445481,13977451826
13978149128,13978176708
13985308834,13985316491
13985821391,13985826697
13985903394,13985910915
13988313146,13988325411
13992417284,13997869458
13997943505,13998344211
13998103518,13998412726
14000504410,14000512566
14002909087,14002917774
14004563223,14004590967
14005282021,14005284888
14007428331,14007441144
14008047612,14008051391
14008094504,14008104711
14008655701,14008683358
14009187677,14017834984
14013932900,14014121402
14014333345,14014347271
14014820414,14014872491
14017887736,14017934414
14020643879,14020659792
14022102737,14022112680
14022299976,14022309231
14023312025,14023324213
14024004655,14024015784
14025571142,14025574724
14025856679,14025895101
14025960569,14028092038
14032528407,14032569950
14032576014,14032618696
14032839118,14032842513
14037993644,14038000075
14040202291,14040259978
14040452590,14040463304
14043589175,14043595179
14043849065,14043858524
14044242074,14044244683
14044759342,14044768811
14045047799,14045057775
14046187700,14046195979
14046276395,14046279883
14047875504,14047882744
14049914219,14049919668
14053066707,14053101815
14057168764,14057224766
14057502498,14057507760
14058122357,14058136249
14060834442,14060840552
14063666944,14063679587
14064240914,14064278668
14064674359,14064682571
14064806494,14064817039
14074466284,14074471944
14076664130,14076720584
14076803840,14076880380
14077210346,14077220403
14078004598,14079675015
14080274821,14080311252
14086979586,14096574022
14087283425,14087294851
14089784591,14089795112
14089993023,14096371123
14096885562,14096916263
14097773323,14097777356
14097791281,14097803687
14098462038,14098475158
14099637044,14099640602
14101828989,14108569941
14101868978,14101873943
14102400099,14102406701
14102550934,14102564235
14103057344,14103064321
14103592147,14103641207
14104763076,14104768913
14105969344,14105982925
14107168986,14107172789
14107231073,14107262155
14108334674,14108587247
14109334835,14111951672
14112152243,14112216819
14113526605,14113535463
14118278754,14118286151
14119931043,14120010616
14120526622,14120538577
14120574820,14120580036
14120743103,14120751432
14126213515,14126220364
14128740377,14128750751
14129496271,14129503999
14132976617,14132980693
14145407418,14145418550
14145661452,14145676640
14145726920,14145759010
14146012901,14146018143
14146246226,14149100696
14152986009,14152994114
14153214477,14153227573
14153248215,14153256494
14156724555,14171390919
14159378214,14159403980
14163447288,14163476174
14178879628,14181762574
14179531134,14179534732
14179886381,14179893458
14180753428,14180797099
14181231176,14181262445
14181378533,14181386896
14181660729,14181686542
14185414360,14185423184
14187536461,14193403235
14190154568,14190159372
14194198927,14194206518
14194885885,14194892978
14195609955,14195619965
14197028253,14197057230
14197296987,14197325105
14204257623,14204267536
14204604294,14204613328
14207043237,14207067861
14207556086,14207563222
14218365867,14218375639
14218552565,14218568174
14223679937,14223758566
14224806725,14224866961
14226529857,14226953132
14227078121,14227090937
14227670530,14233284894
14228003987,14228010709
14229631358,14229637676
14230842901,14230879111
14231730549,14231735811
14233738810,14233765615
14233796824,14233815404
14237118721,14237128012
14237158433,14237200246
14237299639,14237319832
14237327794,14237415834
14237569095,14237572185
14237906415,14237954536
14237985945,14237990950
14239005237,14239033245
14239177799,14239185941
14239380140,14239382462
14239516482,14239541533
14239640261,14239645704
14240794546,14240806664
14240886258,14240890785
14241094208,14241110723
14241435640,14241441681
14242354928,14242360357
14243093448,14243096819
14243451409,14243458108
14248590689,14248596452
14249354217,14252352796
14253152735,14253160386
14253498604,14253514525
14253791779,14253797134
14254031001,14254040179
14256437312,14256450930
14256580015,14262562447
14257301446,14259281539
14259217043,14259259788
14267762354,14267772210
14268679674,14268685321
14272083390,14272089117
14272984366,14272989487
14273250658,14276548663
14274263532,14274267939
14275732089,14275741200
14276878157,14276907098
14276926035,14276933916
14280511922,14283544339
14281210259,14281270759
14281721574,14281724758
14283243143,14293966608
14285015529,14285055231
14289148664,14289154889
14290758033,14290770068
14290984423,14290994500
14291037359,14291042257
14291650650,14291656289
14291872456,14291887607
14293683210,14293688459
14294173517,14294184849
14294566772,14294575439
14296848201,14296851689
14301341485,14301384504
14301468883,14301475054
14301516215,14303963725
14304193710,14304208978
14304265826,14304360759
14307818223,14307825192
14308265533,14314190178
14308335171,14308338749
14310554877,14310561392
14310649876,14310706277
14310765577,14310772149
14314205737,14321444867
14315981802,14321931157
14316175209,14316221335
14318108543,14318163099
14321742982,14321750994
14325720354,14325725746
14326038346,14328175932
14326330193,14326368392
14327071009,14327075963
14327215232,14327221433
14328590083,14328597767
14329310574,14329313357
14329737558,14329745095
14331391226,14331397771
14332475849,14332981745
14333145380,14333150976
14334051861,14334058253
14336173411,14336182512
14336981308,14336985711
14337222301,14337230016
14377989133,14377998949
14378283092,14378334133
14382862452,14382865532
14388261769,14388271378
14391379427,14391386584
14395563891,14395618166
14395738798,14398321791
14396240013,14396247347
14396452190,14396465007
14397424624,14397427678
14397899098,14397910818
14398031109,14398042045
14398157735,14398164915
14398444354,14398460502
14398810748,14398818803
14398845869,14398896028
14401101973,14401107532
14402900375,14402907034
14403018959,14403024639
14404005095,14415492235
14406102709,14406113461
14409029092,14409039058
14409413293,14411840439
14411842988,14411851381
14412181992,14412195055
14412276383,14412284489
14413280433,14413285916
14415360541,14415368405
14415560118,14415606716
14416209790,14416215827
14417400558,14417467303
14418749018,14426210738
14420086345,14420164596
14420786045,14420793098
14420991537,14421001654
14422839628,14422844650
14424671568,14430493459
14426279424,14426352519
14426773963,14426782998
14427088524,14427095623
14427495982,14427504335
14427839416,14427902996
14433235626,14433243010
14434699643,14434707220
14434959721,14437740397
14435086367,14435092016
14436082666,14436086104
14436407466,14436413530
14438451968,14438459632
14438906271,14438914961
14439287692,14439297739
14441266335,14441333985
14441343470,14441349003
14441727882,14441762578
14441893311,14441905666
14446013395,14446023853
14448059036,14448070984
14448282108,14451273141
14448638098,14451267959
14452889178,14452894267
14454264968,14454279278
14458146281,14458157457
14458529086,14458538811
14458788736,14458792427
14459514416,14459523651
14460690965,14460701376
14460984517,14460992011
14461012668,14461083485
14461423468,14461431296
14464501481,14468058120
14464553942,14468054759
14468296528,14468310002
14468843041,14484551570
14469017150,14469068522
14470063381,14470121649
14470281622,14470289043
14470568545,14470583176
14470573012,14470577399
14470959569,14470965656
14471154052,14471196834
14475821575,14484568422
14476172893,14476203060
14480781093,14480829969
14481022347,14481032404
14481204531,14481251737
14487904398,14488133033
14488180569,14488206977
14488378921,14488385299
14492210389,14492219066
14493135607,14493140485
14493248251,14493274121
14494281846,14494295037
14495237013,14495244344
14496059217,14496074943
14496072915,14497651730
14497715187,14497748855
14498073368,14498138699
14502090385,14502095390
14503947811,14503956050
14505374441,14505381126
14505800686,14514786836
14506105383,14506110749
14506505478,14506512518
14506954065,14508595137
14510716984,14510725681
14511040231,14511048844
14512545914,14512607757
14513294641,14513304885
14515117771,14515170008
14515250898,14515289574
14515622430,14515631070
14519085203,14519093068
14519243896,14519252670
14519606086,14519646052
14522323563,14522333099
14525961250,14526042892
14526625752,14526630750
14526734149,14526754737
14527324788,14527329405
14527649505,14527677292
14531805041,14534508399
14532240097,14532250828
14533324025,14533332381
14534960494,14535023065
14536051421,14536066363
14537937269,14537947376
14538822468,14561429510
14545362436,14545370668
14549798310,14549871021
14552911996,14552921792
14553107611,14553111931
14553730922,14553738088
14558871565,14558878852
14559005381,14559010392
14559201995,14564671532
14560234889,14560242570
14561041683,14561046671
14561842925,14561893886
14565520801,14565529979
14569633061,14569647130
14570175067,14570184572
14570710471,14570714978
14571068929,14571981645
14572252565,14572261719
14572586864,14572595541
14573083635,14575454792
14574151667,14574163731
14580217745,14580248844
14580513389,14580521304
14594186196,14594240295
14594360796,14594366900
14598417064,14598426846
14598901513,14600954484
14602157448,14602169028
14602692611,14602724344
14602814810,14602863960
14602925646,14602931760
14607350983,14607381056
14607438806,14607442378
14609275564,14609280813
14609502585,14619288591
14612209324,14615381378
14612610291,14615385324
14615713819,14615721039
14622413516,14622443632
14625359370,14625368966
14626783431,14626809004
14627668516,14627672633
14630220695,14630227868
14630596045,14630600643
14632018275,14632022916
14634146280,14634153146
14634324011,14634339720
14637402458,14637464973
14643394349,14643437355
14648003921,14648018468
14648475214,14648484278
14648495754,14648499346
14648739037,14648747576
14649037179,14649050172
14649325348,14649333106
14649761610,14649765789
14649817522,14649826684
14650919529,14650945355
14651383561,14651393491
14651538109,14651545212
14653239293,14653247051
14653608593,14661787498
14654297756,14654844299
14655189009,14655207552
14660497306,14660501660
14660559697,14660587749
14666530272,14666541875
14666891400,14668521878
14668443299,14668449270
14668666916,14668678049
14670022746,14670030153
14673419693,14673432940
14675983485,14676075895
14683725363,14683736331
14683908148,14689727627
14685609861,14700413482
14686484335,14686539312
14686539867,14692748792
14686943072,14686949056
14686946563,14686951047
14688582634,14688623405
14690678929,14690685233
14693239513,14693333430
14693672069,14693694488
14697751487,14697757013
14703214224,14703228163
14705494491,14705529735
14710820141,14710853068
14712082068,14712088914
14713485965,14713492898
14715627448,14715666394
14718160091,14718173619
14719610693,14719620148
14719826438,14719880740
14721315800,14721380473
14721706436,14721819668
14721954389,14724728801
14722266604,14724751924
14725697012,14728483899
14726755842,14726802540
14727064188,14727072009
14727218591,14727222794
14727595382,14727647923
14727651044,14727685871
14727765843,14727770009
14728865584,14728875560
14733557180,14733565175
14734156017,14734161089
14740052821,14743156931
14743387357,14743392906
14744851414,14744861865
14746597452,14750071881
14749332266,14749334701
14750281994,14750289351
14750295522,14750305471
14751350470,14751357893
14751651448,14751657830
14755604965,14755614457
14756457181,14756492342
14758569152,14758573866
14758720582,14758727965
14759643611,14759671098
14759949211,14760023760
14761210736,14761229453
14771214358,14773298160
14771280397,14771285091
14771739435,14771745124
14771795922,14771800643
14773412795,14773421154
14774047325,14774053215
14774636694,14774642026
14776194574,14776199365
14777068026,14777074597
14778504398,14778517392
14779448777,14779452917
14780392595,14781068918
14784142909,14784208039
14788101988,14794189222
14789548591,14789554816
14789734534,14789738263
14789809324,14789817967
14792066898,14792071625
14792488004,14792537816
14794627154,14794631945
14794707944,14794713083
14796065428,14796073146
14796471847,14796477283
14798696094,14798714797
14799185966,14799198689
14799245227,14799257475
14802345104,14802374154
14802986960,14803001658
14803094636,14803100022
14803395060,14803421438
14803942853,14803946869
14806411428,14806416489
14808485698,14808493706
14811781698,14811789600
14816435810,14816448690
14817780451,14817835331
14818739407,14818778798
14822023420,14822033911
14822231765,14822276695
14822347078,14822356954
14822675056,14822690381
14823064299,14823074288
14823135530,14823150678
14823591287,14823598667
14823953223,14838924174
14829497299,14835257664
14835800589,14835812530
14838016733,14838020646
14838777786,14847668649
14839330052,14839334485
14840484637,14840489261
14841081937,14841148437
14841219211,14841228616
14849569365,14849578506
14852678222,14852684053
14852849736,14863377575
14854917932,14860124945
14855130085,14855138715
14858874733,14858927698
14859444633,14859456129
14860939457,14860998704
14861350187,14861354667
14861444398,14861456459
14862190492,14862220561
14869664561,14869679886
14869827387,14869838643
14870612111,14870668865
14870673459,14870725630
14870908188,14870920560
14871132527,14871172532
14872526077,14872530614
14873218083,14873232259
14873757312,14873762261
14875632319,14875640394
14875945646,14875994513
14876171809,14876182901
14876439711,14876448792
14876631852,14876642691
14877183921,14877241050
14877486534,14877491128
14878152971,14878163736
14881799167,14881811128
14882340154,14891835340
14882915213,14891836557
14883138649,14883153631
14884599869,14887905332
14884630808,14887938983
14891955585,14891961619
14892257296,14892266988
14892868755,14892878986
14893017469,14893034822
14893705055,14893748071
14895081352,14895151715
14895800083,14895802655
14896131419,14896145685
14897420615,14897429061
14898502866,14898530292
14898867632,14898879890
14899663515,14899718679
14899887074,14899942118
14900015745,14900028191
14900737009,14900741566
14901001487,14908984749
14902578270,14902611811
14903216191,14903220769
14906022958,14906077056
14906908234,14906916035
14907454606,14907481174
14907687377,14907691160
14908206066,14908249523
14918522076,14918529052
14919620191,14919626144
14920516275,14920565131
14920577510,14920605307
14920868509,14920929530
14923033626,14923052108
14923845505,14925965986
14924715649,14924727276
14925321363,14925327991
14926514667,14926523895
14926679264,14932928048
14927475654,14927503205
14927899003,14927903476
14929377232,14929382631
14931030713,14931035799
14932536587,14932582743
14933685789,14933745173
14934934445,14934942901
14936720847,14940663080
14937510565,14943903850
14937955329,14937961029
14938371875,14938378157
14938387054,14938390893
14940904298,14940981309
14943954196,14944000573
14946267699,14946270816
14946808532,14946815609
14954495600,14956667784
14954763389,14954819803
14956240837,14963876476
14956540643,14956547633
14956780992,14956794389
14957138491,14957188263
14957509161,14961048481
14967587228,14967592951
14968524918,14971876166
14968548466,14968558930
14972187389,14979143391
14978789857,14978795483
14979908723,14982639407
14988387524,14988439340
14993278413,14993283903
14993317083,14993321997
14993335194,14993362935
14993509898,14993520930
14994025286,14994032018
14999471148,15006074635
14999857357,14999917396
15005619069,15005623723
15006870063,15006877487
15007044747,15007049441
15007045188,15007054189
15007219404,15007229544
15007222057,15007231245
15007540456,15007550352
15007581908,15007588066
15008111425,15008115161
15008603913,15008611808
15008882728,15008889597
15010156201,15010163404
15013083626,15013087782
15014860101,15014916405
15015962192,15015966836
15016145716,15016221945
15016335284,15023031408
15016811043,15016820221
15016838965,15016843415
15016903033,15016911248
15017192769,15017218017
15017719880,15017730528
15020058976,15020084582
15030210402,15030225524
15030460026,15030474483
15030479942,15030495010
15030582626,15030589174
15032372429,15037096082
15033864724,15033883220
15034376617,15034384188
15034486187,15034533626
15034628867,15034637704
15034793220,15034806470
15034982387,15034991040
15035049913,15035055275
15035662646,15044037099
15040649283,15040701046
15041530352,15041540082
15041656848,15041660637
15044055451,15044061398
15045583810,15045626195
15047704795,15047712402
15047806139,15047812196
15047895773,15047898272
15048607227,15048652208
15052140379,15052146185
15055708237,15055780110
15055896268,15055984893
15055954714,15056014455
15056118860,15058711334
15062133850,15071996068
15066028176,15066036496
15066256664,15066265475
15068490169,15068493741
15070565589,15070569939
15072131725,15072147498
15078161977,15078176571
15078445168,15078451633
15079883863,15079890749
15080564807,15080571569
15083502666,15083510110
15083758982,15083764231
15094961274,15094965941
15095654866,15095714397
15095691899,15097650655
15095911002,15095919588
15096011835,15096015620
15096552010,15096557840
15097677855,15097688312
15097693681,15097698533
15097814003,15097817678
15098078070,15098138523
15098392757,15101595345
15099019208,15101485715
15101841116,15101850618
15102638028,15102643641
15103211830,15103221038
15103527396,15103533313
15103574004,15107351347
15104910733,15104916507
15105649497,15105675207
15105895165,15105897998
15106217169,15106249106
15108393752,15108403057
15111768277,15111772253
15111926737,15111938120
15112557558,15112566997
15118075951,15118117454
15118590500,15118593664
15119243840,15129296926
15119333514,15119340985
15121497953,15121553802
15122986813,15123023381
15123032332,15123049314
15127032296,15127036589
15129706312,15129719823
15130652475,15130661396
15131012754,15131019764
15131400156,15131403431
15131727496,15131735886
15131995325,15132002659
15133682457,15133711514
15133982574,15133988565
15134644290,15142599361
15134663287,15142576007
15137145868,15137156269
15139018880,15139029254
15139122396,15139128794
15143334259,15143354609
15143768376,15145841072
15145867570,15145873952
15146867585,15146872767
15148534133,15148542365
15148658059,15148670932
15148667942,15148697387
15157439372,15157444123
15158086274,15158096478
15162308254,15162389923
15164303639,15164345375
15164874729,15164888841
15165906102,15165918417
15166406134,15175212235
15169653476,15169728643
15169989576,15169995242
15170016485,15170027336
15170145760,15170208000
15170237312,15170261270
15175619697,15175627782
15180397725,15180426385
15180454142,15180501619
15180687138,15180694678
15183755118,15186780733
15184848491,15184854114
15186494896,15186507548
15186773359,15186787435
15186882956,15186901044
15187737631,15187743037
15189177418,15197690352
15191449078,15191454364
15192054765,15192065696
15192716564,15197691397
15197941522,15200825955
15205260392,15205266413
15208550259,15208564568
15209163145,15209166463
15211909746,15215122133
15212187494,15215184754
15215302017,15215309267
15215379928,15215383871
15215980100,15215983255
15216597278,15218712233
15216799937,15216807731
15223877386,15223904435
15227796276,15228302075
15228690719,15231699860
15228992586,15228995912
15231317794,15231321242
15231908592,15231918617
15238263291,15238383984
15238420017,15238432663
15238967085,15241319264
15239766636,15239775383
15239769212,15239794804
15241713280,15241720374
15242020538,15242025586
15243200875,15243208720
15249565050,15249570031
15249603559,15249616609
15253133840,15268052474
15261216813,15261224307
15261274102,15261311388
15263881257,15274258172
15265039504,15265043500
15265305853,15265313718
15265694418,15265706876
15266587712,15266600989
15268282234,15268286753
15268865740,15268917683
15270188029,15275612014
15274794494,15274802640
15275777362,15275828624
15275926948,15275934622
15276537212,15286252109
15276544930,15276549203
15279539527,15279544926
15283382384,15283393039
15283496311,15283501910
15285695409,15285717624
15286257729,15286319121
15286428657,15286461767
15287591905,15287604404
15287710864,15287720843
15289865012,15289872873
15290722985,15290772793
15290749329,15290754143
15293877034,15300551993
15296786788,15296798221
15300688993,15306954322
15301701138,15310141480
15304513090,15304520270
15304725952,15304734345
15304875718,15304883874
15306178903,15306204288
15306515457,15306521949
15307631483,15307646030
15307718668,15307777073
15307743572,15307750919
15308249966,15308260878
15308324057,15308330121
15310314611,15310319923
15312499436,15312507171
15318325457,15318335867
15323820753,15323851370
15324742072,15325198336
15325210528,15325285588
15326389372,15326397488
15326900510,15326907643
15327636575,15327641556
15328730593,15328734672
15329080836,15329152892
15329882535,15329888529
15330309659,15330318466
15330894597,15330897507
15332134756,15332139504
15332909199,15332913797
15336137851,15336196824
15336154720,15339404587
15336509125,15336542787
15336981594,15336991407
15337084766,15337136829
15338737228,15338748287
15339549124,15339620893
15339957191,15339966652
15342171451,15342179266
15342625313,15342632416
15343504024,15343549005
15344134150,15344200831
15344358682,15346473149
15344382664,15350866996
15346147870,15346206947
15346784041,15346789924
15347336257,15347343383
15347565423,15350481489
15347748683,15347751744
15350783991,15350793079
15351210453,15351264127
15354735643,15362075876
15361115738,15365394526
15361901540,15361953644
15362394967,15362429413
15362514233,15362522091
15362583924,15362593599
15365487367,15365527954
15367893818,15367944131
15368644206,15368730883
15368715163,15368722460
15369552969,15369566193
15369963067,15369984065
15370134095,15370191468
15370694955,15370701483
15371380182,15371390422
15371982614,15372009489
15375632469,15375677750
15375982899,15375989938
15379347755,15379359131
15379806949,15379811399
15381961171,15381979219
15383536060,15383563237
15383812573,15383819054
15383923188,15383990277
15390871937,15390881479
15394224735,15397354084
15397981754,15398044335
15398639180,15401069015
15398845323,15398849319
15399123346,15401053042
15399722126,15399730723
15401722415,15401731620
15402794466,15402799040
15403006216,15403013723
15403080427,15403088509
15404230214,15404237691
15405746786,15405787346
15408226760,15408233733
15408797015,15412248641
15408882619,15408919855
15408913233,15408922769
15409152760,15409231218
15409591116,15409619178
15410280550,15410283694
15411443337,15411492290
15412012422,15412020167
15412189608,15412199357
15413575100,15413602350
15413646254,15413703734
15414660054,15414666021
15415180567,15415188502
15416502656,15416513033
15416930551,15416941546
15420566564,15420620769
15427569902,15427595043
15427661343,15427669746
15427918641,15427921364
15427926482,15428050415
15429747157,15433071001
15430214086,15430226875
15432079162,15432083650
15432831484,15432853773
15433278344,15433284324
15434982114,15434984847
15440726145,15447270630
15444700133,15444704934
15448463513,15448468174
15450301040,15450304711
15451517280,15458186132
15451878538,15451883717
15455841587,15455849592
15457062465,15457067173
15458382482,15458393728
15462586070,15462595555
15463616662,15465242556
15465439551,15465523345
15465593433,15465650021
15467383884,15467435661
15469385096,15469394698
15469507585,15469514034
15470339441,15470344884
15470899546,15470903598
15472366212,15472391403
15472671390,15472774786
15474057871,15474066698
15476901940,15476909431
15477491399,15477554104
15485014421,15485020933
15486255122,15486261944
15490538551,15490549329
15490768669,15490773671
15491008470,15491018330
15491640858,15491648600
15491867211,15491873696
15493078621,15493086118
15494352004,15494407014
15501445904,15501458283
15508236283,15508244663
15512955924,15512967300
15516555445,15516560808
15519051591,15519061266
15519709975,15519713126
15520358541,15520364344
15523648213,15523655296
15525161367,15525169345
15525241185,15525250516
15530798441,15530808103
15537322608,15537360482
15539760368,15539772580
15540017676,15540027870
15541644462,15541689272
15543008180,15543019841
15543060445,15543117373
15543132615,15543143025
15543245081,15543248302
15543875859,15552998107
15545760244,15545834739
15546958540,15546961329
15548212885,15548239156
15560525894,15560537744
15560683605,15560700123
15564226362,15567476065
15564376726,15567865676
15571351916,15574064778
15574704330,15574709284
15576055465,15576066862
15582752916,15584834006
15585598426,15585604450
15590059559,15590065943
15591980852,15592008205
15595674708,15595685233
15599438947,15599511305
15599651505,15599659531
15600785716,15600813314
15602706542,15602714096
15602802006,15602812236
15603811666,15603825455
15604473546,15604481711
15610041416,15610070082
15610280348,15619459361
15610770935,15610819681
15611219743,15612936223
15612021495,15612026888
15613729352,15613736863
15615240775,15615294025
15618409592,15618440870
15619993866,15630872727
15622635260,15622642831
15626895937,15626959096
15627180618,15627205355
15627891564,15627930898
15628115418,15628129928
15633944606,15634688311
15636036310,15645079061
15641527396,15641535976
15641848305,15645139564
15645757081,15645764836
15645968155,15645983524
15645985980,15645996488
15646112282,15646128603
15648158868,15648181774
15648274926,15648282524
15649044348,15649102268
15649151803,15649156514
15650359861,15662265669
15652208600,15652264322
15652513161,15652518547
15655667166,15655691325
15656083478,15656099081
15662512168,15662573333
15662613559,15662618167
15664122496,15664130488
15665295103,15665307184
15665320966,15665326125
15665489810,15665495900
15665870850,15665919312
15665907000,15665917344
15665996958,15666003032
15666468074,15666496192
15666790338,15666795988
15667018920,15667073680
15667412850,15667427624
15668758012,15668795753
15673663228,15673707828
15674492124,15674548541
15675053287,15675058523
15678011621,15678019338
15680357214,15680430357
15684228290,15684235203
15684366644,15684379082
15684883197,15684894129
15691429432,15691481422
15691658605,15691668194
15695240119,15695247345
15696989381,15696998051
15697915578,15697943573
15703342316,15703415305
15703540073,15703564827
15704074648,15704080512
15704190930,15704193947
15704327289,15704336199
15704724169,15704736755
15705196665,15705210861
15706290606,15706299867
15709051530,15709777307
15710154522,15710162260
15710846080,15710851600
15710994373,15711000838
15717006066,15717012096
15717132258,15717143243
15717229576,15717234460
15717245235,15717253949
15718276121,15718312295
15719792719,15719798389
15720320773,15723955215
15721638161,15723420473
15724396582,15724403962
15725147447,15725156471
15728387909,15728397895
15730405595,15730494898
15731655721,15731661307
15731735572,15731757650
15731869819,15731879812
15734486416,15734494608
15735949373,15735960322
15738530702,15738541617
15738549619,15738620373
15738917239,15738942367
15739547382,15741413103
15740310552,15752333497
15741521060,15741529576
15741892785,15741899979
15746115083,15746124284
15746726623,15746729356
15747003944,15747012487
15748149468,15748153851
15749650042,15749658769
15750745597,15750755998
15753898617,15753937009
15756275487,15759372952
15759534608,15759593545
15759951689,15765242716
15760743208,15760746883
15761247089,15761276126
15762503319,15762551430
15762870367,15772565920
15763658519,15768585348
15764372272,15772053182
15765832643,15765841938
15766473127,15766484743
15766846229,15768621338
15766939200,15766995838
15771129574,15771137482
15771745591,15771749072
15772267878,15772279532
15776464082,15776512297
15776683650,15776690345
15776748366,15776759451
15777011100,15777022944
15777146031,15777154154
15777348148,15777357664
15777736329,15777744281
15778499746,15778506482
15780946628,15780991765
15781668987,15781717696
15782748064,15783615987
15789755124,15789760349
15790036023,15790041763
15792166523,15792173600
15792714891,15792720821
15793575199,15793586188
15794244215,15794279737
15794654279,15794660266
15796596170,15796610069
15797319321,15797393834
15799091273,15804016084
15805399909,15809217097
15808410349,15808420686
15809306647,15809352213
15815372148,15815382665
15817486133,15817492575
15818410309,15818444929
15819950294,15820039594
15820159465,15820171532
15820203470,15820259432
15820697779,15820706900
15820753524,15820762087
15821960493,15821982294
15822090029,15822118241
15830920854,15830990732
15831124221,15831133352
15834071949,15834081795
15835388438,15838269871
15846129447,15846133173
15846290546,15846339282
15850402816,15850416889
15850432264,15850436588
15852422841,15852431725
15853813812,15853828252
15855187500,15855196872
15859834012,15859842411
15860868933,15860876000
15863162704,15863170014
15868493310,15868502250
15869181343,15869189595
15870711459,15870720921
15872283161,15872339899
15873912878,15873968503
15879567054,15879572153
15879726362,15879731491
15881063933,15881073332
15881110795,15881117671
15884539322,15884590380
15889643213,15898792280
15890485757,15890492563
15890723316,15890731358
15891098523,15891232757
15891590851,15891596711
15891860203,15891864647
15896565437,15896572236
15898058999,15898064999
15899929431,15899941429
15900099210,15900107382
15900335486,15900345155
15901037646,15901045093
15908546983,15914943405
15908944274,15908952737
15909441039,15909450588
15909486193,15909490346
15911526746,15911530755
15911743189,15914363124
15914905701,15914912677
15915142201,15915147777
15915753213,15915768719
15920560092,15920564816
15920831880,15920840206
15921715879,15921774084
15924938520,15934928771
15928503064,15928512075
15929071468,15929121620
15929741289,15929747129
15929938418,15930000341
15931375108,15931385342
15931413216,15931454659
15931627445,15931633619
15931830848,15931839164
15938113624,15938202586
15940542150,15940553800
15941984356,15950852296
15942484635,15942557591
15942692145,15942699926
15943078067,15943084615
15944769061,15944837586
15948151374,15948158731
15948780234,15948815944
15950464858,15950493046
15950866416,15950873605
15951287215,15951291050
15951426931,15951464939
15951926642,15951935216
15952371958,15952377050
15952608759,15952613607
15952936336,15952997955
15953030567,15953037510
15953786825,15953796073
15955365747,15955375215
15958546554,15964710866
15959921361,15963947031
15964276763,15964290839
15964575053,15964582887
15965074981,15965084350
15965094673,15968235098
15965267396,15965284151
15965857486,15965897983
15967872687,15967879128
15968403533,15968443085
15968551816,15968629232
15969287259,15969341371
15969385299,15969455755
15969690772,15969697237
15971050688,15971062381
15971136319,15971145540
15971712704,15971723666
15975692856,15975708011
15976809225,15976817495
15981907631,15981939615
15982366896,15982373287
15982553875,15982591565
15990026320,15990086970
15990188982,15993645240
15990518180,15990560093
15992077667,15992083691
15992982926,15993046025
15993324856,15993371233
15993419217,15993426782
15993640790,15993643947
15993861663,15993894827
15993877346,15993884229
15995187400,15995193084
15996290754,15999222505
15999205660,15999250634
15999542244,16006152841
16003698396,16003709826
16006253227,16006296657
16010733681,16010770990
16010980962,16010993491
16011290067,16012392899
16011425419,16011434614
16011708480,16011714544
16013273664,16013280740
16013453767,16013485754
16013981804,16013988626
16014011863,16014039434
16014441770,16014446555
16016078232,16016084346
16017506075,16017510395
16017779798,16017820822
16017928050,16017939296
16018201135,16020797461
16020599728,16020605053
16020855843,16020869752
16020908064,16020916704
16031251617,16031257548
16032737708,16032745336
16033720740,16033725357
16034888569,16034895037
16036185112,16036194427
16037522219,16037530448
16039299957,16041512898
16040917355,16040923245
16041659099,16041666660
16042446228,16042496858
16043177408,16043207267
16043667580,16043674303
16043721298,16043725381
16044681430,16044722515
16045105503,16045367008
16047473613,16047523278
16048802664,16048855737
16051292491,16051301055
16051821838,16051873805
16054817718,16054828126
16058738659,16064462434
16059451523,16059459659
16059896111,16059903929
16060947881,16060955178
16064019647,16064500558
16074543928,16074594706
16074913045,16074928280
16075499493,16087653421
16075667391,16075713521
16081125598,16081129494
16082391350,16082399756
16085088553,16085102913
16085679142,16085712161
16086693352,16086731153
16088065907,16094929843
16088169904,16091521062
16091530350,16091587810
16091552074,16102187819
16097120476,16105588812
16099603213,16105403153
16101979819,16102016480
16102707059,16102720497
16103127575,16103155021
16103296117,16105418930
16105431516,16105468167
16105635076,16105774979
16106688166,16106693198
16111590014,16111652906
16113078006,16115928851
16114947296,16114957553
16115745802,16115834410
16116610958,16122386732
16119995583,16120003070
16120176050,16120186137
16120542139,16120549606
16122199760,16122249722
16127056093,16127070172
16133677912,16133682737
16134784974,16134820473
16142065643,16142072272
16142350458,16142356398
16145715073,16145722083
16146340335,16146351484
16146763363,16146771060
16150708720,16150712566
16150942848,16150955033
16152991877,16152996484
16154945354,16154951739
16156684821,16156688526
16156978987,16157015385
16157280571,16157289238
16164632047,16164678711
16164920059,16164927202
16166101439,16166106354
16166401716,16166414656
16168021232,16176754428
16169616836,16169627334
16174223238,16174231571
16175788319,16175792946
16175846630,16175849744
16179876901,16179884552
16180151532,16180230852
16185537559,16185574641
16187423975,16187487609
16187782597,16187790843
16187923680,16190952098
16187936830,16187945280
16188015719,16188056560
16188516466,16188528705
16188960513,16188966760
16189960590,16189978034
16191463601,16191503984
16192021931,16192027089
16192403466,16192409416
16193296015,16193304775
16194866167,16194875515
16195423535,16195429569
16195579970,16195605492
16195697408,16199254662
16195722533,16195735169
16195846696,16199275250
16195948017,16195979390
16196549681,16196587265
16197292959,16197303770
16197688844,16197693177
16198771920,16198782595
16198836349,16198844792
16199355051,16199392411
16199741922,16199747027
16200736961,16200744866
16203130726,16206211546
16203734816,16209740368
16206536343,16206543329
16207598835,16209767103
16209141881,16209145971
16209957296,16213269193
16213657747,16213664192
16215018492,16215026330
16217252836,16217255655
16217888692,16217901144
16220796405,16220805679
16220875290,16227685322
16228894863,16228918799
16229100332,16229112343
16229182124,16229192865
16230005871,16230012924
16230310020,16230320227
16231345871,16231353542
16231788785,16231832245
16232533960,16232541036
16232730451,16232736729
16232968584,16232989556
16233349003,16235425115
16235554216,16235604830
16235953102,16235960198
16237208232,16237213615
16238871626,16238885558
16240175991,16240183882
16247027050,16247031316
16250131451,16250138280
16250158630,16250221977
16250738768,16250743966
16251025453,16251030037
16253194189,16253207396
16253504873,16253515555
16253671963,16253676069
16254633525,16254639716
16260968261,16260985651
16263639822,16263653370
16263811572,16263815995
16264018928,16264029452
16264815879,16264825355
16265151475,16265159387
16266181539,16267095708
16266700425,16266729913
16267784964,16267853516
16268963003,16268980113
16269086873,16269096602
16270386306,16270391882
16274102213,16276650619
16275011578,16275018534
16276733928,16276745545
16277285577,16277292399
16277457273,16277484764
16281285701,16281301073
16288791794,16288803133
16290752442,16290758058
16294496788,16294503143
16295895965,16295899840
16298533256,16298542341
16303313012,16303375036
16303711717,16303716849
16309851910,16309856517
16310010263,16310014666
16310271363,16310280073
16311345328,16312301762
16314580885,16314588029
16315031614,16315034701
16315579299,16315583479
16319598772,16319649983
16325323845,16325330300
16326908798,16326915811
16327389780,16327394521
16328494636,16328544672
16329350040,16329994833
16330102662,16330156240
16330382112,16330389285
16330854410,16330862321
16330979679,16330993946
16331411083,16331437831
16331943847,16331954218
16332635880,16332639655
16333825863,16333837484
16337678714,16337724650
16337947285,16337954428
16338785301,16338798782
16342775332,16342802806
16342840830,16342850723
16344244527,16344253876
16344794619,16344802029
16344817909,16344869649
16345310748,16345317550
16346753148,16347200061
16347346232,16347351745
16362355745,16362407144
16362412547,16362418691
16362917500,16364914271
16364534404,16364587981
16365404047,16365411794
16365910634,16367912169
16366078532,16366086687
16367625333,16367630649
16367925731,16368007674
16368068578,16368075210
16368949841,16368956443
16369206013,16369293011
16369444694,16369457000
16371284102,16371314091
16373059495,16373074964
16374749233,16383092207
16376679938,16379919341
16380030461,16380066718
16380406079,16380434111
16381543585,16381553478
16381567944,16381577413
16383670236,16383677486
16383817446,16389806400
16383893943,16386871243
16383900238,16387074052
16383901437,16383909793
16384570887,16384582100
16388320449,16388325060
16388840548,16389868126
16389851344,16390009533
16389874932,16389947172
16390232822,16390244806
16390690480,16390697683
16390960694,16390983447
16391427820,16391432287
16391606236,16391614756
16392002956,16392034867
16392454977,16392458242
16392749745,16392803286
16393434859,16393492241
16393848601,16396846032
16396668672,16396677499
16397022550,16397027531
16398024161,16398031274
16399854949,16399860862
16400086898,16400128534
16400099403,16400134094
16401871525,16401898745
16403798970,16403869072
16403845133,16409777553
16404271315,16404278515
16405985035,16405990812
16410658091,16410662982
16411102759,16411151304
16411299777,16411308160
16411339362,16411346074
16412245466,16412249636
16413765940,16413774239
16415689047,16415699087
16416285857,16416293307
16418124218,16418129561
16418290165,16418300182
16423027473,16423033069
16426843211,16426929350
16427857432,16427864662
16428395034,16428401780
16428596286,16434013338
16431114335,16431123820
16431263861,16431270964
16431614417,16431647918
16433610965,16433621933
16439027766,16439036119
16439262843,16439266073
16439840174,16439845229
16440653403,16440698911
16495290702,16502201229
16497993314,16498041028
16502577478,16505897223
16503186552,16506392060
16513328009,16513337441
16514478829,16514486837
16515845139,16515853118
16521326149,16521366833
16523266069,16523274158
16523316699,16523324705
16524206362,16524260333
16525140056,16525145238
16527103417,16527182857
16527589968,16527598217
16529329204,16543515311
16531837434,16531925317
16532385063,16532393529
16533426379,16547037000
16537716888,16540573991
16547265588,16556996339
16557180869,16557193301
16559805337,16559810008
16560961734,16560982878
16561116621,16561121836
16562640787,16562649457
16563043818,16563053664
16568926870,16568936259
16569754824,16569759063
16569968070,16569990341
16571942088,16576229106
16576821494,16576875446
16578989151,16578999311
16579296862,16579301937
16580132870,16580140708
16580437969,16580525792
16580844702,16580848354
16584045148,16584092210
16584079030,16584088271
16594616685,16594655338
16595069412,16595109919
16595153857,16597441049
16596762882,16596767078
16596957201,16597026929
16597429128,16597464824
16599855516,16599867948
16603185247,16603192437
16663179600,16663195526
16694831376,16694840965
16696192037,16696199374
16696832250,16696890425
16696925001,16696935616
16696935252,16700294298
16700684790,16700690643
16701889243,16701898782
16702129619,16702134514
16702572051,16704042152
16704098228,16704104580
16704598715,16704606603
16707807454,16707829725
16708553939,16708582017
16709071552,16709083813
16709444203,16709449896
16709681384,16709684802
16710394646,16710402604
16784158640,16784219911
16804404140,16804486868
16804439074,16804444550
16804485033,16804533342
16824494826,16824504094
16826245358,16826252735
16827150052,16827156677
16828700391,16828709726
16829647129,16829657206
16839163548,16839192351
16839345241,16839355194
16843297602,16843303526
16843853700,16843865594
16846143251,16846152322
16852314015,16852322879
16861404580,16861415098
16865602044,16865627178
16869244090,16869253368
16869413261,16895825185
16872504074,16892660371
16877431498,16877435343
16893499544,16947555413
16902036396,16902046894
16905841486,16905844787
16909340362,16909350134
16923180987,16923192424
16926404640,16926409271
16927102319,16927106990
16947688791,16947702857
16948936344,16996609098
16949385829,16970422014
16954791014,16954797041
16955498098,16955501132
16970625594,16970636693
16970813141,16976301832
16976205857,16976264602
16976599189,16976636712
16976717830,16976745651
16976756342,16976767247
16977981544,16977990167
16978142225,16978149074
16979392625,16979397813
16980932931,16980943786
17003196167,17009031276
17012084712,17012092383
17023483965,17032528440
17023942458,17023952491
17027794651,17027820664
17028292802,17028332564
17028810765,17028819218
17028851426,17028880550
17029638695,17029649283
17030117208,17030123720
17030710228,17030717976
17030936769,17030949876
17031919065,17031929052
17032322588,17032380368
17033526226,17033552507
17033704715,17059035194
17037704452,17037709190
17038752173,17038757589
17039449658,17039481412
17040895142,17040904250
17041553116,17041604050
17053734671,17053743374
17057384018,17057391976
17059223338,17062655954
17066952153,17066961103
17067275376,17067300307
17068207778,17068214313
17117987301,17117994377
17118451096,17118496444
17119552772,17119557573
17121221301,17121235627
17121294570,17121327630
17133625072,17133679842
17133955737,17133962365
17134569675,17134582853
17153873673,17153882667
17160874225,17160956973
17162237612,17162246716
17164387076,17164394056
17166123663,17166149997
17171032230,17171044094
17173977456,17173988872
17182247518,17182364699
17182466217,17182519149
17182911486,17209039915
17209848573,17209885044
17210017514,17210031419
17230295813,17230307554
17230751012,17230759602
17234684061,17234733709
17247286405,17256449183
17258450247,17258499862
17259593028,17259602587
17260206503,17260237040
17260276892,17297171097
17297532536,17297541847
17299512010,17299523393
17300595651,17301434650
17301783817,17301830238
17305533329,17305543205
17306296402,17306303786
17306382986,17306411548
17307871188,17307878883
17307888044,17307892250
17307980728,17307994593
17309167761,17309192699
17311334555,17311339343
17311454212,17311461225
17321140006,17321152033
17322047015,17322052006
17322083957,17322090322
17325507054,17325511114
17334808904,17334831520
17357557679,17357590702
17357632796,17357641346
17359316881,17359322551
17359812193,17359815394
17365021719,17365091269
17365714159,17365734857
17384568601,17384622653
17384962825,17384969347
17386747109,17403129618
17400403936,17400406419
17400430013,17400434300
17401059929,17401064583
17406676088,17433711222
17407375975,17433713901
17408498786,17408509999
17416592100,17416678232
17419027488,17419040091
17421641496,17421650306
17430762517,17433352266
17431379497,17431415744
17431729997,17431746057
17432098475,17433753363
17434636046,17434704190
17441359190,17441390876
17442922836,17463728251
17458791158,17458798815
17461568540,17461575071
17464453507,17464466457
17466481169,17466505211
17470472580,17470501924
17471952543,17471960746
17472208081,17472211151
17473051269,17473062682
17474103645,17492654776
17475606137,17475610761
17494327418,17494338494
17500642843,17500650016
17501893814,17537565507
17502048097,17502056453
17524565972,17534529838
17538562932,17541119918
17538982455,17541178857
17541208279,17541214937
17541720569,17541728758
17542272024,17559396114
17559441672,17564037603
17564964382,17564983640
17568537483,17568581721
17569365008,17569375178
17569691737,17569698760
17570870972,17570879241
17571939207,17574541277
17572323108,17572345793
17573380328,17573388022
17574214395,17574272593
17577176674,17577186116
17577436792,17577445489
17591888787,17591964946
17592029582,17599046943
17592256350,17592263289
17595850496,17595864949
17596130536,17596139266
17597308004,17597349523
17597376552,17597403050
17597765120,17597773406
17599814105,17599852618
17600919774,17600923847
17603521547,17603529037
17606764030,17606769863
17615963837,17615982236
17629142904,17653367052
17629745717,17629758987
17634364614,17634369616
17635010938,17635910764
17637271051,17637281619
17678275725,17678287412
17678952172,17678963281
17699601956,17699619484
17699730437,17699740540
17699813365,17699824451
17701244031,17701252965
17708263520,17708267806
17718866520,17718880011
17719240243,17719247824
17719422705,17719429842
17725155534,17725159793
17727528411,17727532423
17790663491,17790672068
17790741705,17793103303
17791122305,17819848861
17793148711,17793193675
17793471921,17793482279
17794253571,17794257660
17794882912,17794897506
17795089386,17795096773
17803304484,17803314848
17803316188,17803323595
17804264523,17804274075
17804727463,17804757235
17804872698,17804881051
17805829954,17805858349
17807444181,17807451869
17807488450,17807493882
17807914150,17807921614
17808072880,17808136234
17810043180,17810051029
17819936577,17819952861
17820027962,17820038005
17837979648,17837985361
17840561895,17847476572
17844465283,17844471086
17844554208,17844563413
17845070819,17845080564
17845437305,17845446958
17845767976,17889675459
17846902902,17846907005
17847678274,17847729737
17847852674,17847862761
17848035777,17848046255
17848556815,17848563320
17849606574,17849632260
17851998979,17852047839
17856709555,17856718008
17856882689,17864451363
17857961108,17864500661
17864769996,17864781964
17865024157,17865028540
17866281416,17866353329
17866829021,17866836021
17867214746,17924305635
17872867813,17872924748
17898246045,17898251645
17924512353,17938587290
17929781336,17929815021
17938701480,17938735629
17942518548,17942575092
17943553036,17991129367
17966282015,17966308723
18000699019,18000757404
18001987734,18001994713
18004616205,18004632155
18007838281,18039127282
18007871675,18007876365
18009331061,18009338498
18010359875,18010386319
18010457654,18010484266
18011944440,18011949087
18039165053,18039176910
18041700806,18041709226
18042297458,18042307305
18061758529,18061769485
18061764851,18061809587
18062449673,18077446183
18078315970,18080524778
18078432376,18078437220
18082220276,18082225982
18093576744,18093588087
18097030569,18097042770
18097360625,18097373972
18097408409,18097413297
18097962633,18097989037
18099107482,18099112296
18101466684,18101476336
18101543675,18101569478
18101682125,18101696224
18104364962,18108250668
18108321051,18108333670
18108822263,18108829159
18108930596,18108936754
18109807349,18109811515
18111978603,18112077429
18112245323,18112255139
18112490677,18112494623
18113227894,18113238071
18115645828,18115650673
18115848523,18115912929
18116341623,18116346207
18116561925,18116578804
18132152077,18132157717
18133844956,18141339436
18139094655,18139105413
18139679683,18139685093
18140520724,18140525304
18146641702,18146651285
18146890995,18146901463
18152011231,18157394980
18158178120,18158185269
18159461061,18159466190
18161341687,18161346131
18163840899,18163848457
18175514474,18175520751
18176735048,18176741272
18177525671,18177536009
18178469072,18178476128
18179759534,18179770058
18198118919,18201315339
18202044066,18204817743
18206089652,18234943142
18208528745,18208541021
18209549107,18238297627
18212623087,18212686013
18212843480,18212852194
18215083891,18215109219
18231890928,18231898456
18239048519,18239113804
18240738141,18240742832
18241844905,18241853348
18242222655,18242230286
18245134514,18245145376
18245887447,18245895904
18247637208,18247641461
18253966682,18253991536
18254508768,18254516937
18255195715,18255204990
18277447225,18277473816
18278234223,18278244206
18279892014,18279897049
18287926535,18291148177
18300945375,18300955545
18302976546,18302983405
18304183117,18304198059
18304261004,18304268979
18304998261,18305075349
18305762531,18305766794
18306660102,18306669447
18308193996,18308202129
18317685050,18317754019
18319347318,18381410047
18321287662,18321301394
18343851156,18343861246
18344407221,18344417328
18345592430,18345602149
18381439271,18422573669
18385172646,18385240289
18387740487,18418181883
18388103248,18388110081
18390752751,18390760793
18418902976,18421377621
18422031850,18422037961
18423025997,18423122928
18428757867,18428766661
18430986825,18443052461
18439313167,18439323009
18441671744,18441677988
18443379461,18443391852
18443755697,18443768373
18446508385,18446518351
18447332937,18447363645
18447509097,18447519441
18449294189,18449343978
18449589813,18449594831
18450327648,18450331907
18452827611,18452917056
18460376318,18460383597
18474317812,18474390176
18474681784,18474689231
18476404856,18476421444
18483807485,18483816333
18491070534,18491083991
18510807438,18510813426
18510996880,18511048502
18511092350,18542550920
18511946060,18511954128
18512568809,18512578207
18512816715,18512821406
18513109595,18523534617
18513352981,18513362045
18513716307,18513727169
18514016905,18538911877
18524803326,18524812080
18525660283,18525669060
18525756846,18525785646
18526211240,18526220127
18528317217,18528356263
18528458299,18528505802
18529465042,18529473950
18530527538,18530533779
18539693747,18539709744
18540384053,18540396829
18555776528,18555785034
18558855490,18558863502
18559252688,18559290174
18576143131,18576179662
18576277335,18576296552
18579845751,18579908660
18582775455,18582809834
18583922910,18583925426
18584613800,18584621575
18584620746,18584627702
18585425389,18585433204
18587895096,18587899610
18608611916,18608619229
18619720147,18619779905
18621413530,18621418675
18666921114,18666958183
18667191505,18667203089
18667467747,18667515431
18668328794,18668335048
18669414626,18669421195
18688944182,18688951101
18691766712,18691770811
18691937824,18691941856
18704773654,18704782671
18705006371,18711269876
18712219464,18794430632
18712695160,18712736081
18723226648,18723231640
18723345122,18723350291
18725103268,18725107445
18726354573,18726361944
18779189273,18779196847
18780451888,18780461670
18782021408,18782032297
18790769832,18794480762
18796670829,18796677806
18798649044,18833997831
18804606238,18804615833
18804824098,18804838107
18805612670,18805626943
18806269144,18806278356
18807396155,18807401531
18807535945,18807544598
18810571874,18810584163
18827199648,18830952393
18827221214,18830953416
18838033541,18838040437
18838424284,18879805489
18860175116,18860183476
18863315343,18863321648
18863422832,18863482747
18863659973,18863666101
18863817851,18867530461
18864425987,18864434106
18865804766,18865816908
18868418366,18868424267
18871350810,18871385801
18874335915,18874342671
18882896271,18882904079
18883104272,18883118705
18883526548,18883578478
18883982141,18912789070
18886176539,18886184273
18886877168,18940410509
18913183237,18913189826
18916112343,18940470193
18920783695,18920810808
18941045383,18941089271
18963248540,18972692458
18968834713,18968840760
18973075644,18973092122
18973216389,18973225397
18975188811,18975195499
18975870707,18975883971
18976431646,18976454131
18979951648,18979956368
18992465016,18995316849
18995916920,18995928329
18996291295,18996302758
18996962589,18996968079
18997335140,18997344061
19050761026,19050766081
19053641988,19053646695
19055784362,19055790600
19055945137,19056010110
19057021237,19057024495
19057894749,19057907198
19060723172,19060732273
19066516848,19066529297
19066873475,19066879285
19068601435,19068607185
19077408602,19084493732
19077979658,19077985602
19082200058,19082212340
19085177071,19085190292
19086188659,19086196507
19088862248,19088893637
19101470726,19101513127
19101698793,19101712197
19102096124,19102104493
19102437871,19102496035
19102480686,19102484388
19102617893,19102621832
19103044666,19103069701
19105487301,19105496830
19106009718,19106015331
19122078062,19157276268
19122325531,19122332584
19122549959,19157261059
19124980981,19124989677
19128753923,19128759760
19144392590,19144442155
19145587592,19147413826
19147017757,19157325525
19148975652,19148981893
19167771579,19167780807
19170233458,19170240969
19171864020,19171871099
19172011357,19172104966
19187544450,19187549719
19188081043,19188087796
19221685539,19221703003
19222250762,19222256659
19236986179,19255022407
19255797635,19255804461
19265521239,19265606019
19267722012,19267727418
19270107094,19270116068
19277722730,19280138687
19277988374,19277991648
19284062622,19284073670
19288179359,19288186091
19313311231,19313357341
19327336109,19327347519
19327490880,19327504926
19328783300,19328787971
19331436425,19331442572
19331866502,19331875336
19369226493,19369239935
19369695501,19369704769
19369745256,19388989054
19389885950,19389889786
19390451718,19390460197
19391022504,19391029583
19391531650,19391536531
19397489799,19397517059
19400289646,19400299249
19400516410,19400526236
19402362761,19402394948
19402623420,19402631171
19404530260,19416768439
19416677061,19416686115
19417388692,19417396954
19420816363,19420832049
19421349108,19479251980
19423243228,19423247074
19435840707,19435930057
19436299481,19436306818
19436512373,19436521344
19441342515,19441348726
19441517239,19441521736
19441988291,19442058941
19465277388,19465288400
19483159597,19483203749
19483222082,19483253561
19483296975,19483303480
19484157610,19484187038
19484197248,19484211582
19484349707,19484357285
19484873735,19484882893
19485890127,19485899385
19488232006,19488238668
19489328233,19489333171
19496795319,19512645866
19499058933,19499104683
19510137125,19510151585
19510508423,19510519719
19548983284,19548993789
19549377338,19549387261
19550797417,19550823821
19550797774,19550807871
19552436615,19552455355
19552868750,19555591078
19557120442,19557124331
19561175985,19561184899
19563699176,19563706673
19564455306,19564490758
19570690305,19570699547
19572118309,19572123808
19574460020,19574469412
19616606209,19628954132
19616625621,19616636276
19640202490,19640212333
19640302778,19640309785
19640567597,19640573143
19641803059,19641811261
19644185475,19644190540
19644475451,19644502861
19645236517,19645248712
19648619675,19648674933
19687480301,19687529097
19688094594,19688101704
19688167402,19688180730
19690098305,19690152891
19690308063,19694292437
19691883333,19691932139
19691929547,19691940054
19694904385,19694991493
19694988670,19694994506
19695188438,19695200713
19695843686,19695873588
19704628136,19704638477
19712150844,19712188281
19712643059,19735214501
19713153515,19713170698
19720565678,19720578130
19722529716,19722587710
19722874824,19722880601
19727749145,19808345709
19757189678,19757197563
19757373540,19757377128
19757509998,19772014511
19757684268,19757690933
19757755459,19757762843
19758048429,19758110326
19758066494,19788262226
19760886231,19760895439
19767240783,19767244067
19772218974,19772290295
19772826889,19772832906
19809265601,19809292764
19847121966,19847130890
19847666288,19847678369
19848143641,19860466191
19849833606,19863923411
19850621972,19850630628
19850788847,19850815967
19852793122,19852868193
19853860522,19853952759
19854808142,19857592380
19857938096,19857950020
19858286688,19858296952
19864396130,19886504849
19887052265,19903829296
19887556901,19887627965
19888587974,19888614588
19889058504,19889063659
19900989069,19900994161
19901257940,19901312951
19902461268,19902470910
19903733287,19903788705
19942909456,19945880258
19946004332,19946066321
19947059316,19947066697
19947811394,19947859155
19948527810,19948538154
19954681738,19954687665
19957263715,19957270464
19970921718,19970932026
19971117247,19971160534
19971985727,19972047911
19975195311,19975203527
19975237953,19975242985
19976632940,19976642566
19976769860,20000192132
19979421104,19979471250
19982347112,19982373904
19982506925,19982512184
19983981339,19984009026
19984420627,19984430717
19986566794,19986573529
20000621945,20000625677
20000740947,20000751307
20000756419,20000762500
20002826069,20053897246
20003388686,20003394920
20007670581,20077629401
20050567846,20057208966
20050623678,20057212919
20057558190,20057568902
20057767470,20057776886
20059401102,20059411864
20061148661,20061154418
20061707489,20061743325
20064189645,20064198913
20064668108,20064672381
20103647024,20140937171
20123362516,20123371102
20125612776,20125669785
20138428510,20138433959
20141189193,20141246686
20142517790,20142521752
20145764383,20145788168
20159822103,20162395768
20161122044,20206023327
20202635374,20202643583
20216981100,20301756026
20255685919,20278005315
20256075443,20256085185
20260126488,20260134764
20278294741,20278303531
20278607186,20324033061
20301954852,20302027744
20309299245,20309314694
20325772113,20325777613
20337492549,20337504042
20337517019,20391663073
20341384650,20341391272
20391680824,20408495145
20394472622,20408540042
20409201561,20409239121
20410703034,20410709696
20410981303,20442063100
20412192082,20412197735
20417272746,20417281313
20424403866,20424407525
20442370216,20442374315
20442954951,20442968241
20442985752,20442991478
20443243845,20443249475
20443556918,20443571843
20444163610,20444209891
20444448866,20444477406
20446007455,20446186626
20446045643,20446154004
20446396801,20446407285
20447692512,20447744252
20450610726,20450616753
20480175707,20492517482
20493537626,20493540737
20499235340,20499305596
20502312221,20502319865
20502508036,20502560899
20503833176,20503838301
20504866804,20504871585
20508877526,20530510526
20509957014,20510026234
20512585148,20512589982
20531006870,20531013646
20535853915,20539435415
20539740697,20539746891
20540234605,20549171234
20544163328,20544192164
20549277369,20549345216
20552507397,20552519398
20553797940,20553809172
20554058301,20554065445
20555073768,20555084914
20555112758,20555117629
20555218676,20555226167
20555285741,20555298016
20556105519,20556114727
20558640036,20558643347
20570622457,20570630436
20571363774,20571382273
20584581446,20584592616
20585154925,20585161641
20585266683,20585272560
20585326558,20585386143
20586388589,20586411566
20602736058,20602785826
20603082375,20603088479
20603701275,20603737639
20606381292,20629990379
20610066365,20610077815
20617366198,20617375907
20627014725,20627023065
20640874301,20673008763
20673016779,20673025248
20674707710,20674715157
20676638899,20698617090
20684563930,20684633464
20686597731,20686627239
20699809179,20699817070
20704572767,20704577004
20730350188,20730358681
20732064991,20732071907
20732836287,20732844198
20740053683,20740066686
20741833128,20741840362
20742642539,20742648252
20745496571,20745502515
20745635075,20745639284
20793052028,20793064500
20815946062,20815952383
20846084992,20846153494
21006230405,21006237695
21008608554,21008620077
21009540421,21009567751
21037922501,21108366249
21038282560,21038292059
21038295236,21040659837
21038980660,21038988057
21042778019,21042788807
21050488899,21050495384
21051318566,21051325332
21054580638,21108464773
21091470226,21091498361
21108880300,21108898285
21109632893,21109642344
21111312377,21111318728
21116061389,21120582547
21120765042,21132372961
21121793389,21121800074
21122700862,21122760874
21123211823,21123224239
21138609403,21138617783
21163769671,21163776748
21195353551,21195362114
21197376135,21197440210
21197509951,21197529219
21205576583,21205583302
21230066532,21230077066
21243029018,21243035433
21243168614,21243176045
21243297054,21243325320
21243928042,21243936973
21247915370,21247924378
21248266382,21248270284
21249489849,21249494059
21264458000,21267269487
21265061973,21267268361
21269383222,21269387729
21298563059,21301682823
21298724970,21298735344
21302681390,21302689148
21305631394,21372045419
21306841083,21306850161
21307674219,21307700409
21308724736,21319715907
21321104736,21321109754
21323356894,21323360322
21342840330,21342849498
21343438382,21343441636
21353743494,21353811614
21373029169,21373033021
21373129635,21373139725
21373896079,21373908321
21374751369,21374755064
21376061517,21376068326
21383082084,21383093778
21384092763,21384102389
21389557980,21389563369
21393595721,21393612126
21397056492,21397060284
21399412758,21399475730
21399487373,21399490684
21399981328,21400042583
21401422562,21401431082
21406095655,21406106006
21409738711,21409745379
21414098907,21414106969
21414841680,21414891709
21415731777,21415738145
21416323251,21416961115
21424111720,21424121586
21424682756,21424711944
21425020062,21425025378
21426855821,21426869643
21443579907,21443634587
21443958996,21443967670
21451199793,21451209238
21451273577,21451282785
21454226254,21454274141
21455280564,21455284650
21499032032,21499040348
21499334301,21499340238
21499979933,21499997370
21500230803,21500236974
21500449879,21500501365
21521243930,21521248765
21523444269,21523454308
21541325986,21572687255
21572836921,21572841909
21576248201,21576256192
21630391077,21655752270
21637927069,21637936351
21659601582,21659615287
21677028592,21680460079
21687571359,21687586845
21687735766,21766597247
21702434601,21702478556
21716815480,21716888275
21723056005,21723057895
21727065767,21727090574
21748054735,21748117707
21750942405,21750963337
21767161056,21836308264
21770837522,21770985134
21774802502,21774810938
21780827145,21780835394
21812532592,21812592938
21812969071,21812996170
21813234481,21813260601
21813936002,21813941936
21816265188,21816273497
21820038882,21820067876
21823063111,21823114250
21845034600,21845043868
21850662653,21850725595
21850711900,21850718101
21856662292,21856737920
21856764832,21856805807
21894359155,21894370231
21894612350,21894619353
21933241020,21933278387
21936213854,21936262135
21965433794,21965488373
21965732190,21965742841
21969206332,21983016166
21971989741,21972005427
21972762340,21972767007
21983311322,21983322982
21983338989,21983351885
21986450139,22007252172
21986746637,21986750225
21987305903,21987313878
21987959123,21988018403
22007294483,22007304590
22010823305,22013750850
22011311847,22011315602
22023309072,22023370564
22024030927,22024077458
22024162758,22024174004
22024427971,22024433304
22026958990,22038875513
22026994299,22027010312
22027814915,22027850033
22029039001,22029049929
22030716567,22030724432
22030778995,22030794351
22039355027,22039360734
22039812548,22086557979
22041835222,22041884774
22065987301,22066021523
22086542279,22086651552
22094924761,22094931316
22098397400,22098401346
22126588776,22126602180
22148447795,22148494981
22148849403,22148866356
22149138719,22149181945
22152140820,22152165169
22152712641,22152740876
22161249343,22161308974
22164594774,22164621502
22165184881,22173850059
22165274030,22165284675
22166489502,22166493338
22169129046,22169137088
22173951734,22174028041
22174301873,22174339447
22174449528,22200685542
22175293926,22175298674
22178483130,22178491743
22182454714,22182485312
22183444749,22183449884
22183737369,22183742918
22185285754,22185323177
22198337526,22198342882
22200299290,22200327060
22201542422,22251311945
22204845215,22209882860
22206220517,22206230266
22207666893,22207688830
22208498000,22208503980
22208867647,22208872502
22211054608,22211119438
22213400052,22213408702
22239787125,22239797038
22239812089,22239819684
22251962125,22300871904
22301891734,22301894821
22302026937,22302033365
22319413276,22364752564
22319900943,22350469069
22322149730,22322157722
22323183709,22323191033
22323220274,22323231186
22324035628,22324083576
22324719656,22324723521
22369099490,22369103994
22369105467,22369121902
22372490069,22372498752
22372791836,22372841855
22372805658,22372813490
22373119757,22373128080
22373745396,22373749700
22375723421,22375731570
22378010252,22378072850
22379921422,22379986025
22382103529,22382155953
22384781818,22384791146
22386199899,22386226680
22402867203,22402877801
22403181068,22403202905
22403511819,22403516326
22403881393,22409546148
22409756568,22409774172
22410030521,22413444413
22410128561,22416880046
22410478780,22410503113
22411441538,22411447342
22417514773,22441157097
22425313272,22425323623
22437741403,22437752419
22438687075,22438694964
22441986263,22441997409
22442922881,22500729768
22444185141,22444188546
22445659148,22500738224
22452438498,22493161341
22493208249,22493221543
22501337269,22501350195
22511707935,22511718750
22511824952,22511880771
22514998002,22515008523
22530029736,22530081132
22533276012,22533289269
22534334184,22589354819
22535034051,22535040529
22539660904,22539672621
22540640434,22540654864
22542485491,22542490496
22551329162,22551394854
22574269166,22574281261
22574708839,22574717566
22575922467,22575930422
22575948467,22608859570
22576399893,22576403562
22577758179,22577764804
22582227785,22582280213
22589894753,22589905538
22592657939,22592666037
22592731352,22592734429
22594387432,22594394472
22595313121,22595323365
22595386815,22595395168
22609046305,22609083304
22644614399,22644659771
22645354820,22645393286
22645962849,22645983643
22646146760,22646156623
22646805499,22646856220
22687786786,22687790111
22687894067,22687900349
22687984259,22687996427
22688112255,22688117140
22688657121,22688666509
22689302572,22689313738
22690139764,22690166071
22690491577,22690520006
22691576444,22691589765
22691993398,22712369954
22697219829,22697226966
22712593868,22712605869
22714357260,22714366739
22714816551,22715371283
22717192696,22717221486
22718312317,22718333299
22718491514,22718506011
22718495126,22718505086
22718510141,22718515911
22718965165,22718981015
22719030092,22719037937
22719101490,22719108293
22721175159,22721178430
22721221810,22721225001
22722205985,22722216503
22724009132,22724017912
22725691774,22791275263
22764424474,22771746906
22764616194,22764650841
22765038968,22765049940
22768695180,22768763017
22769459928,22769467298
22769989983,22769996077
22770423378,22770453190
22772838205,22772842879
22773951972,22774035482
22791468048,22791476137
22791593591,22791597614
22794306367,22812409313
22795334046,22795371937
22797468545,22842269626
22809802311,22809882634
22814693849,22814701831
22815494753,22815504957
22828694668,22828699649
22845720501,22845724517
22847190699,22847198213
22847647387,22847652095
22848884453,22848922608
22848950272,22848955918
22849210272,22849217386
22849215311,22849229928
22851178067,22851223475
22851424072,22854601963
22853516337,22853521105
22855684367,22855694417
22863571070,22863579309
22863577281,22863586609
22864923459,22865003764
22865611692,22877530289
22865920910,22865925484
22900905870,22900908820
22901567419,22901579984
22901631564,22901642055
22902350722,22902400050
22903342628,22903355103
22903776795,22903782150
22904920888,22904929769
22905372800,22905383768
22907438136,22917130044
22908952542,22908959298
22910442485,22910471870
22911317063,22911321016
22918188964,22952400934
22920454035,22920461873
22921302927,22921307504
22921591962,22921606238
22924040169,22924050761
22925233126,22925258201
22927113235,22927116699
22948877765,22958837682
22949038340,22949089291
22949104342,22952506708
22952672963,22952685956
22952731668,22952737515
22956078990,22956086491
22959654213,22959659725
22959663504,22959676290
22959717910,22959725531
22960263995,22960272639
22976759102,22976767538
22977282652,22977288699
22978397912,22978405821
22984909377,22984920339
22985491125,22985497857
22986231900,22986241576
22988519864,22988528270
23000889497,23000899784
23001600657,23001604786
23003309065,23003315814
23003362498,23022228009
23004548870,23004569985
23005064411,23005070896
23005643429,23025244063
23006822097,23029229463
23007822335,23007835185
23026921265,23026934483
23027576800,23027582737
23038608551,23038618330
23038685709,23038692709
23038864553,23038875244
23039391861,23039400214
23043609251,23058003305
23058075723,23058138585
23058439420,23058448852
23058907411,23058937952
23058917441,23058926308
23059526425,23061664450
23060089169,23060129432
23062147696,23062159139
23062252472,23062309978
23062556782,23062563454
23064831331,23065247263
23065685459,23065696050
23067075344,23098566967
23067589308,23067619602
23068991435,23069021759
23084381973,23084404568
23086568636,23086572929
23086698930,23086722712
23086886514,23086895795
23088028734,23088060834
23090721222,23090726084
23098814051,23098819220
23099372332,23099376986
23112724188,23122023505
23117677855,23117685677
23118219925,23118226136
23126915824,23126986117
23129994472,23130002324
23132619007,23132626972
23157430934,23157437502
23157943879,23157956432
23157988653,23158023664
23159375167,23159382083
23159467758,23159476117
23161644752,23161652700
23162069931,23162079069
23162361548,23168423217
23165701500,23165712068
23176978428,23177007929
23181489596,23217254174
23203994037,23204068118
23205271472,23205275184
23207376036,23207380500
23207793648,23207831519
23210677041,23210680810
23220958715,23220962060
23221178637,23221224362
23235920535,23235961951
23236253321,23265857552
23236337185,23236365153
23236806182,23236811033
23237043126,23237055642
23237949581,23238016930
23238173852,23238181711
23250126354,23250144306
23250699369,23251868975
23251937226,23251949447
23252066167,23255275370
23252878778,23252888190
23284945501,23332556352
23297718472,23297727142
23335839539,23335846378
23337243447,23337256096
23337562207,23337585865
23337850957,23337856560
23338222443,23338227762
23339648211,23339657355
23344915082,23344949151
23355152548,23358868221
23355266444,23355276611
23361039810,23361044751
23361110546,23361120429
23361582090,23362869578
23362327412,23362335975
23363739796,23366601904
23368858970,23368884519
23369142892,23415752302
23373263094,23373271510
23373723167,23373728530
23376219941,23376255279
23377965655,23377975979
23378464047,23378475413
23378769366,23378778079
23433352566,23433380604
23433422768,23433432564
23438054205,23448498869
23474009935,23474054270
23474232192,23474237627
23474318775,23474326276
23502110718,23502164436
23503221706,23503225545
23504076418,23552967557
23514922907,23514939876
23516341826,23516347536
23516431908,23516438824
23520163094,23520169348
23520705287,23520753946
23520979109,23521024581
23521112919,23521149891
23524935105,23524939148
23525083925,23525095021
23527900003,23527962221
23529142421,23529153086
23529304249,23553025845
23529419338,23529448903
23545055252,23545070841
23553566167,23553575850
23578109630,23578174440
23579376391,23579465300
23581409229,23581434200
23582863266,23602331286
23585001013,23585025773
23587247073,23587260357
23589980610,23589987062
23591458569,23591469094
23595737805,23595741300
23605861527,23605877541
23641702372,23641709936
23643593883,23643598574
23660629338,23660658155
23664114178,23664162884
23709102438,23709109809
23709662757,23709675683
23709668984,23709719735
23710595071,23710608128
23710640309,23710689970
23711470895,23711478880
23712101345,23712109621
23713141219,23713192290
23713602157,23713607229
23721306822,23721313946
23722540062,23723867711
23724057452,23724071101
23724079042,23724096443
23727665811,23727669777
23728755824,23767348477
23737595699,23752112464
23740296651,23752067991
23752281658,23752286482
23752820229,23752871772
23753675940,23784384273
23754459965,23754470009
23785610851,23785617687
23786087934,23786095792
23786160588,23786167090
23787548910,23787559952
23791621254,23791631561
23794330048,23804884208
23794722060,23794725896
23794881058,23794918324
23795598442,23795612729
23796112089,23796125697
23796957710,23828631123
23815670745,23824886743
23825559177,23859558432
23859489593,23859525911
23859734025,23859744429
23860787874,23860791943
23863085373,23863090000
23863408440,23889759169
23863653990,23863705593
23865087550,23865111031
23866188047,23866201324
23883276705,23886093909
23890388416,23947361781
23893469560,23893474742
23894902004,23894916060
23911108891,23911118350
23911116799,23911129632
23913746934,23913752601
23921954428,23921959757
23922867809,23924519459
23924503405,23924549462
23924602174,23924611555
23925035863,23925045749
23925109499,23925136235
23925464022,23925472986
23927477438,23927481992
23928214816,23928217816
23928399877,23928407488
23932216330,23932223567
23935728393,23935755419
23935822450,23935826182
23947898695,23947968062
23953651857,23953683403
23953928429,23953941981
23954043071,23954053435
23955486841,23955498645
23958024809,23958042667
23958053726,23958064127
23958078467,23958115268
23958114036,23958119816
24005383718,24005389612
24006935434,24007004066
24009511330,24009521036
24020945398,24020952594
24021191089,24021220614
24022565976,24022573647
24023861867,24023867210
24025891899,24025897602
24026156266,24026160353
24026562565,24026570714
24027482047,24027522871
24027914550,24027941078
24034487099,24034497249
24034850773,24037346911
24041845053,24041853937
24060903928,24060936690
24061467076,24061471629
24061671742,24061686493
24065545010,24065553175
24087341107,24087347715
24087741458,24087747339
24087809091,24087814340
24092081926,24092085791
24107840136,24107846424
24111115980,24111120357
24111214635,24111235710
24112943994,24112955153
24117339689,24117384850
24123875103,24123887180
24124524323,24124531777
24165594986,24165604014
24165823735,24165833103
24196641678,24196722104
24196926089,24196935517
24197119696,24197129425
24198420472,24218324029
24198565090,24198576108
24216104633,24218362077
24218627991,24218667486
24219309981,24219338901
24219542618,24219546357
24220204755,24220217902
24234562756,24252152078
24256024140,24256065756
24272411634,24272452716
24273439957,24273451116
24273583282,24273586827
24275812112,24275836776
24276022549,24276027584
24276044135,24276048552
24279347212,24279378083
24298178347,24304261829
24303712252,24304316937
24304388382,24304400787
24305344080,24327104672
24307104836,24307112099
24308818560,24308828853
24312057846,24345358409
24332613987,24334519831
24333703415,24333714838
24337740621,24337752709
24339002467,24339056365
24339868559,24339873808
24339898876,24339906727
24350578656,24350584861
24350878706,24350887066
24364679443,24364686643
24369639011,24369642462
24392073961,24392087322
24427601027,24428005896
24429181028,24429190356
24434709247,24434719905
24434886767,24434922857
24436356404,24436364987
24438944154,24438980875
24440590031,24440602039
24442484576,24442567711
24443026926,24443035572
24446755469,24446762044
24457996684,24458003232
24460276192,24460283054
24461115588,24461125170
24498163562,24498169212
24498199268,24498203217
24499539953,24499548028
24500240351,24500245289
24503029981,24503087164
24523398139,24523436230
24523707002,24523742037
24524053790,24524080569
24525267793,24551665661
24529163559,24529167111
24531347543,24531360145
24532568324,24532615119
24533107968,24533116371
24552051616,24552202094
24553587198,24553589871
24559877789,24559889486
24560085325,24560088342
24560255659,24560264760
24562315887,24562325141
24568738867,24568749548
24570327842,24570357233
24593779011,24593784697
24617574598,24636435876
24636334966,24636396539
24636612358,24636663536
24636676583,24636684952
24637022355,24637035312
24637302519,24637313685
24638995555,24639049259
24640398614,24640412155
24641534426,24641603305
24642931758,24642938534
24643201478,24643211605
24650788221,24650845961
24652511136,24652517033
24654650066,24654653958
24688378314,24688387957
24689608340,24689620545
24691098223,24691107007
24701845042,24701848925
24702773281,24702778556
24703510648,24703520274
24703701081,24719620411
24703788681,24741859187
24703850634,24703865054
24719845117,24738299558
24766876746,24766884173
24767162403,24767170886
24767673079,24767711321
24792338581,24792344321
24795145735,24795197735
24796317727,24796325468
24796671220,24796675336
24810120087,24810782337
24812635490,24812674727
24825199278,24890666625
24841393883,24841437905
24841486487,24876127896
24876499054,24876532418
24877449858,24877460342
24878638832,24878648628
24880650311,24880658012
24893712140,24893721632
24896336986,24896346745
24899032281,24899037296
24899210997,24927861932
24905650268,24905656125
24928938504,24954859730
24931213281,24931282050
24932367328,24944532611
24946046714,24946054953
24948526861,24948539983
24949755508,24951472757
24955419720,24955423192
24956217468,24956220385
24958380711,24958445945
24961152970,24984368256
24966961576,24981411852
24970182086,24981372200
24982116565,24982123384
24982175062,24982177402
24982939951,24982960059
24982991920,24984875850
24985279306,24985286720
24985509621,24985516193
24987281428,24987284303
24989041764,24989050651
24996183933,24996220925
24996235625,24996264076
25024468184,25024479049
25025315025,25025327871
25027336433,25027345691
25027804885,25027818346
25027939904,25027946569
25028454356,25028519216
25029725617,25056809377
25036819110,25036828783
25037241306,25037248349
25037450232,25037458117
25037728495,25043730051
25045314727,25045319725
25051654358,25056867000
25061328023,25061335243
25061443443,25063686844
25064631040,25064638784
25065388630,25075009865
25066277959,25066281049
25067481995,25078163202
25068551443,25068566354
25075288779,25075352397
25075349573,25075411199
25075606089,25075614800
25078376846,25078382031
25078501126,25078516435
25078766547,25078774732
25079820165,25079822711
25080161026,25080170224
25081639182,25081668319
25081790475,25111558475
25082017119,25082065039
25083043554,25083051168
25085552716,25085558148
25105559855,25105642276
25106560341,25106572115
25106874139,25106883257
25111829641,25111834031
25112248593,25112316363
25112613590,25112629603
25114586145,25114595363
25115966067,25115968870
25131655542,25131664279
25131706874,25131769649
25134334934,25134393746
25134863753,25134925619
25135317538,25135323358
25135320181,25135323846
25137429094,25137472308
25138678575,25138709864
25139675770,25139686144
25145878728,25149058132
25149241376,25149276637
25154056837,25154060850
25154360506,25154372828
25154941385,25154965775
25155988816,25155993871
25164546713,25164557237
25176167909,25176179229
25181847581,25181874046
25193559581,25193565448
25193934551,25193948282
25194684674,25196448961
25197662964,25197706878
25201408459,25201419084
25204346412,25204355426
25204508046,25204517561
25204988957,25204998158
25210561826,25210576817
25211018114,25244752757
25214919072,25214928324
25214987487,25214993581
25217814804,25217817671
25217907428,25217920391
25219219133,25219224325
25219558804,25219587374
25219747698,25219755877
25220861211,25220871552
25244868080,25244883389
25245501090,25245505904
25245801548,25245816582
25248968493,25279096542
25251378185,25251385241
25252521524,25252535002
25253126706,25253133358
25253591199,25253597484
25254136189,25254151985
25254162780,25254167327
25256071084,25256078036
25257336050,25257339719
25257747307,25257752108
25263292479,25263328185
25264992380,25265001612
25279601398,25279610476
25284611644,25284619742
25284856439,25284881327
25288850710,25295102461
25295193204,25295231984
25295757515,25311188191
25295964456,25295986317
25299327776,25299334872
25301005733,25301009729
25304044312,25304058131
25312597695,25312601645
25314045261,25314084184
25315510811,25315519334
25316225803,25316229849
25325757173,25361968547
25328347837,25365055391
25362826313,25362831628
25366454641,25366459769
25382034152,25382040132
25385031645,25385035902
25387448537,25387460495
25388108927,25396726592
25398598040,25398632774
25401115281,25401122458
25402158786,25402162675
25404348740,25404361941
25404995201,25404999547
25405044815,25412073712
25406871246,25406902786
25407568685,25407576088
25412311829,25412317011
25413379600,25413384040
25413544976,25413554655
25414010421,25414037958
25416185241,25416192948
25427241264,25427329007
25456425685,25460497622
25458951115,25458957907
25460591880,25460598572
25460744887,25460751382
25461712102,25461725988
25468017711,25468030394
25468482926,25521269121
25469374199,25469396711
25486271375,25486303045
25487669312,25562009721
25518392212,25536374616
25518900707,25518936550
25521821460,25521827668
25522125787,25522138039
25522125884,25522144086
25522467249,25522477523
25523940424,25523948359
25526484754,25558524824
25536439930,25536458961
25536748700,25536757260
25537300733,25537328346
25539210814,25539220329
25539335114,25539339351
25539492341,25539496046
25564962124,25564984195
25566375437,25569209329
25570158884,25570187898
25571611581,25571614688
25574541913,25574624574
25578517718,25603130354
25578731134,25578782008
25579295906,25606101386
25580207710,25580214933
25580385477,25580397321
25581369217,25581391629
25581638249,25581696046
25597112189,25597116940
25601666267,25601678732
25602361503,25602366819
25606278716,25610666008
25611688638,25611703676
25613658467,25613664882
25628039087,25628052552
25628175198,25628181179
25644062744,25644078587
25650372830,25650378977
25650562288,25650572515
25652510440,25652536326
25659268087,25659270770
25670449527,25670459670
25679580167,25679590435
25698587159,25712962874
25698852863,25712928114
25713101732,25727479559
25727569684,25727755774
25731943658,25756890046
25741715417,25741763666
25757058685,25757073379
25758301952,25758310856
25758453312,25758463188
25763173380,25763228013
25776872592,25776916790
25777138255,25777157009
25777480062,25818411277
25780396218,25780405727
25818494238,25818541778
25822757845,25855341819
25822851060,25822859055
25824835005,25824848967
25827409191,25827413547
25828644114,25828651785
25845750861,25845765365
25846083112,25846138002
25846820944,25846832123
25846835197,25846923344
25847434475,25848694380
25849521742,25849529660
25849680887,25849692691
25849915038,25849920794
25852311402,25852365043
25854921768,25854928744
25855100989,25917713104
25865141576,25865167472
25865901572,25941982490
25898620071,25898630084
25901613091,25901621253
25917859837,25917872336
25918421044,25957772344
25918507143,25918512278
25944106619,25944113869
25945738724,25957784946
25960947301,25960951434
25974423297,25974429100
25974569956,25974578309
25975332131,25975339033
25975684515,25975691591
25975710665,25975713886
25980132354,25980154990
25981630068,25981639801
25987308909,25987317525
25987829375,25987838202
25989960600,25989969267
25994046018,25994096451
25995343142,25995348007
26001577914,26001604743
26012968995,26012992730
26022274757,26022303046
26026979076,26027022606
26031627458,26032340960
26032688326,26032692319
26037757377,26037766341
26039478104,26039488404
26040066233,26040077526
26040499892,26040503079
26042379843,26042391894
26042889919,26042901646
26042983037,26043051499
26043156291,26043172839
26043355932,26043364612
26043976957,26043985343
26044702962,26044732540
26044746442,26044753525
26054569680,26065685261
26058880907,26058945202
26065239054,26065278101
26065961393,26066004710
26067088969,26067093229
26067466374,26067473972
26070562125,26070567802
26072995783,26073002084
26074482315,26074494977
26075906907,26075929198
26076425245,26131512520
26076884843,26076932460
26082696558,26082708689
26096482032,26096485123
26096935868,26096945039
26097170567,26097183356
26098360791,26098381067
26099184591,26099193702
26103288802,26103295455
26131564350,26131637706
26131741132,26131747376
26133840133,26133852996
26136344213,26136359117
26137170532,26137178508
26137265826,26137279321
26137788778,26137796589
26137960655,26138016013
26138489330,26138526286
26138723899,26138728155
26138911305,26138927005
26139029936,26178559986
26142245207,26142253847
26142344970,26142381084
26142925703,26142933474
26144434950,26144459704
26151876324,26151923252
26153302573,26153311006
26179402804,26179428867
26195028103,26195120333
26195156457,26195161589
26197735453,26197740605
26198080411,26198088907
26199681745,26199708921
26215204915,26215213271
26218634173,26218673380
26218903479,26231824108
26242256126,26242266457
26246904712,26246913366
26248436145,26250327422
26248558828,26248562600
26251995143,26252003021
26253521150,26253527290
26254065357,26282787196
26280364123,26280391530
26280625120,26447910519
26280663238,26280669816
26281763524,26281771222
26282059989,26447932881
26433381567,26433389057
26433494711,26433524831
26434546532,26434556772
26448118777,26448129502
26449950784,26449960981
26455962534,26455981695
26456019619,26456057433
26456539000,26482206717
26456833991,26456849684
26457361627,26457371908
26457436380,26457447148
26468105516,26468162080
26469522304,26469527810
26484642981,26484649008
26487276173,26487290075
26487579597,26487588862
26497873917,26497884946
26498939663,26498945691
26538192402,26538197384
26538591578,26541590231
26542471621,26542478898
26542505573,26542529742
26545655412,26545681092
26546023734,26546028521
26547996904,26548005360
26550512243,26550552459
26551719817,26551730769
26553414059,26553489701
26553491358,26553527541
26557381438,26557389730
26559104470,26559110176
26559455738,26559480552
26560977712,26560983753
26569658847,26584287601
26572074724,26572079351
26572489679,26572493872
26572907909,26588426987
26574473844,26574481933
26584559278,26584598636
26594777900,26594785454
26595502785,26612769518
26613062479,26634525279
26613212860,26613265505
26613333759,26613343291
26613961824,26613966631
26614142932,26614147246
26614150446,26614158468
26614652323,26614679135
26615096833,26615105988
26615127404,26615142793
26615523663,26615526546
26622160324,26622168599
26624270514,26624319189
26625690268,26625693926
26635201582,26635216570
26635286919,26635297784
26636590117,26636615937
26637772607,26637782837
26638884840,26638893794
26638994434,26639002937
26639517796,26639524168
26639905606,26639911336
26640498309,26640503959
26640913164,26640921043
26641691697,26641698670
26642232119,26642235607
26642615933,26642626544
26644759877,26644764545
26645996495,26646000444
26655190750,26655199396
26659057462,26659062958
26664026883,26664070564
26665790495,26665819970
26712950090,26746870727
26718998324,26719006470
26719756757,26719762483
26721007441,26721038897
26740475795,26740503435
26742597562,26742603859
26744302154,26766260503
26746917294,26746969378
26766081723,26766089324
26766991656,26767031936
26768224298,26768229617
26768254361,26768308840
26769485623,26769510584
26770455694,26770469984
26773882534,26773892346
26774084928,26774094129
26774263524,26774269144
26775487586,26775499033
26776261966,26776270693
26778460894,26778468893
26778759110,26778811157
26781115766,26781119872
26790296489,26857069156
26810136346,26810143946
26810582918,26810589673
26814751895,26814756693
26857269920,26857330590
26857448333,26897083208
26857606304,26864636504
26861578040,26861591738
26864311002,26864317230
26868590502,26868598170
26869423156,26869426992
26870128810,26870142382
26870309568,26870321649
26911098570,26911102904
26950187274,26950235027
26971078880,26971129377
26972024091,26972056279
26972633563,26972644184
26972680181,26972689489
26972981096,26973028556
26973055010,26973062451
26974120496,26974138414
26976066256,26976069253
26979086579,26979093485
26979913266,26979919818
26986612916,26986623023
26987871511,26987880752
26989820615,26992854530
26992809149,26992837317
26992984998,26992990003
26993702770,26993733715
26994308721,27002055330
26994382986,26994435156
26995932430,26995940602
27002768879,27002813198
27003073720,27003104344
27003537254,27011726058
27012353669,27012365239
27014350704,27060243929
27058987368,27058990659
27059783488,27059795867
27060422882,27060435472
27061227843,27061238808
27061981494,27061987455
27062933167,27062941139
27063696792,27063711643
27069371152,27069381295
27069599954,27069602293
27087880323,27087889988
27090583206,27090592631
27091244527,27091249178
27179528289,27179635083
27180201649,27180214512
27181208328,27181217135
27181640390,27181645950
27181816013,27181824332
27183060479,27183066242
27183306454,27183355668
27237211123,27237217939
27243005554,27243054898
27243523708,27243529331
27248375604,27256728364
27265438255,27265442849
27273366828,27273423977
27273749158,27273756913
27275066620,27275076426
28142597929,28142605200
28142713948,28148536564
28142987506,28142999100
28143425288,28143473426
28144239613,28144255998
28149574255,28152953611
28149724756,28149743062
28158180945,28158188172
28248738134,28248748922
28248807081,28248814182
28249052998,28249076945
28249935649,28249947801
28251622298,28251631695
28252030239,28252038759
28252158077,28252233094
28252299665,28291712119
28252791625,28255008895
28255173840,28255235776
28257189324,28257194323
28258225486,28258239461
28258735026,28258740660
28262669218,28262717343
28263142990,28263167380
28292978218,28292985699
28294023327,28294027908
28294383593,28294390940
28294731403,28294735159
28294861531,28294942845
28295805235,28295814744
28297476845,28297487459
28298338212,28298349411
28300019791,28300028204
28306384711,28306389582
28308647640,28308652515
28310944582,28310954862
28350145401,28383511038
28355789922,28355803092
28388718389,28388795046
28428640882,28428713754
28428847817,28428856454
28429226893,28429238460
28431347814,28431352478
28445031280,28445034641
28464179451,28464221912
28467866181,28480040449
28468055244,28480055346
28471353386,28471361077
28472684312,28480063345
28473223408,28473272057
28474195528,28474201585
28480324769,28483994256
28483550788,28483995429
28484154102,28484202186
28484167740,28484217044
28484630125,28484682997
28484804605,28484811458
28484906955,28530625159
28485225912,28485235655
28489584602,28489620832
28495761530,28495810713
28512675558,28512714220
28531139741,28531174338
28531174121,28531182898
28531767145,28537823253
28536338442,28536341653
28572090845,28572098817
28573430591,28573433488
28574547509,28574552821
28575166924,28575196743
28576651314,28576659603
28576858500,28576867881
28577492304,28577502856
28585814520,28585842311
28586292966,28586321970
28589064688,28589074748
28590056868,28590067803
28590814803,28590825344
28592372045,28592381092
28593307951,28595291625
28595616152,28595634257
28595853447,28595900709
28595860109,28595866741
28602419494,28602425194
28609388653,28609392094
28612292988,28612341370
28612400978,28612404198
28612412184,28612444268
28613209366,28613214391
28613492784,28613501481
28614748152,28614756077
28619353912,28619364347
28622206555,28622259096
28625869901,28625900385
28639560570,28639643404
28640957885,28640966883
28644209246,28644218664
28673034013,28686745105
28686898857,28686907404
28688681470,28688701867
28689486250,28689513466
28689826276,28689834091
28690710917,28690722778
28691117881,28691143336
28692126719,28692136515
28692216356,28692242720
28692488308,28692501528
28692666259,28692673502
28692812250,28692817739
28697335028,28697365930
28725002908,28725056375
28756211811,28756218280
28758132707,28758140659
28760527976,28760534000
28776730346,28776772447
28776849792,28783347331
28790578195,28790583527
28790748886,28790758886
28795419353,28795426369
28795927333,28795931784
28796606382,28796613339
28798910511,28798962447
28799254900,28799258932
28817858556,28817931585
28818092814,28818102827
28829294684,28829327520
28830092799,28830102588
28832076156,28832081521
28846746288,28846758483
28851157576,28851169410
28867127398,28867136262
28877512702,28877517513
28922225596,28925073036
28928102140,28928111167
28928121327,28928137912
28931706072,28931757056
28931727297,28931782578
28932476171,28932485867
28933665784,28933675837
28937084190,28937094594
28939084420,28939115445
28946788263,28946799509
28948990486,28948993205
28958508986,28973603011
28958757500,28958764961
28959143419,28959152029
28960150760,28960184799
28960203529,28960213144
28961518367,28961539800
28974348481,28976580325
28977193900,28983512666
28977415966,28977429254
28983533019,28983545361
28983553213,28983560713
28983782549,28983794985
28984580634,28984613957
28989281163,28989290528
28994600108,29008256989
28995661508,28995666059
29000437642,29000462466
29002095620,29002107094
29008230809,29008315073
29012319558,29012325535
29012497569,29012569285
29019245036,29019253428
29025797826,29025807241
29026451136,29026491332
29027305523,29027333251
29027324096,29027330321
29028947364,29028953275
29031571605,29031580382
29045737356,29045747917
29046099262,29046112656
29046978013,29046990375
29048526251,29048535986
29079128281,29079165654
29082923549,29082937184
29086333720,29086341518
29086437984,29086465711
29091302392,29091311958
29096300847,29096365072
29112571010,29112600936
29127452307,29127472327
29127871780,29127883894
29130231015,29130291716
29133650421,29133666257
29133962793,29133985298
29135593742,29135639461
29137639185,29137670220
29139108915,29139114030
29139365328,29139368742
29159760394,29159769171
29160775199,29160779322
29164289945,29164298561
29164421783,29165144907
29164724810,29164729267
29166387469,29166397315
29166776732,29188841165
29182437129,29192017409
29186332311,29192080097
29186549533,29186622832
29192562225,29192628528
29193848250,29193857983
29194361543,29194372198
29194782723,29194791607
29197044540,29197054730
29206764954,29206771669
29207886415,29207894511
29209062192,29209072530
29211291277,29211325627
29212925741,29212928337
29218536521,29218564412
29238091418,29238190421
29238182623,29238218789
29238437117,29274843351
29238722500,29238732420
29238835612,29240998420
29242020448,29242055369
29263296473,29263306126
29275185231,29275195682
29275957697,29275967088
29278585810,29278594377
29281074648,29281099349
29285539206,29285545921
29304699939,29304711332
29324121649,29324126898
29324180057,29324184611
29328614823,29328628180
29328810612,29328825052
29330773485,29330839113
29330934614,29330959194
29331757786,29331775550
29333142951,29333174954
29333344937,29333348302
29335597663,29335604867
29337712908,29337718114
29338052309,29338062560
29348095011,29369085787
29350340530,29350345158
29404299098,29404335391
29407783149,29407801866
29407785451,29417997882
29421364813,29421372721
29437933907,29437943439
29438846285,29440821403
29441187142,29467284726
29441531143,29452926337
29453978793,29453983901
29455055558,29455084856
29455119442,29455129402
29455126642,29470479172
29456640507,29456646845
29456926308,29456934143
29467840778,29470533447
29472531187,29472571587
29475912334,29475920510
29476129005,29476134057
29476798793,29476854528
29478122017,29478129688
29479834455,29479841234
29495902952,29496016160
29497643428,29497650841
29498003259,29498012514
29518952940,29521479395
29521493799,29521498453
29521784714,29521789248
29522333098,29522342684
29523297657,29552170709
29524138053,29524147003
29528445166,29552251596
29552303990,29552318714
29553571667,29567739672
29553611569,29553658247
29554149863,29554163631
29555761106,29555766345
29556026156,29556040048
29556164559,29556167856
29559686879,29559693741
29560946059,29561004437
29561236557,29561276883
29563891810,29563919079
29568409854,29568415053
29568781172,29589330297
29570138970,29589336822
29571997963,29572007177
29589805138,29596288889
29591412018,29591418660
29595735861,29595783370
29596983447,29596994977
29597797842,29597807040
29598182374,29598207676
29598460260,29642135997
29598519186,29598548895
29599287355,29599298143
29599739252,29599751303
29602552350,29602558835
29639294203,29639303287
29642183500,29642685306
29642714126,29649603895
29642775635,29642785468
29643004895,29643008841
29643688815,29643699971
29646655264,29656845420
29647207363,29647214563
29647704435,29647720182
29647747632,29647753068
29651552548,29651578518
29651681804,29651684436
29657189622,29657194704
29657897087,29657901785
29663580164,29676425476
29676824358,29676830341
29677784019,29677794189
29680668565,29683546659
29684380222,29684388502
29685338801,29685372726
29686362918,29686382356
29687517897,29704476164
29687789735,29687812608
29698549360,29701605597
29701649308,29701656100
29701916415,29701930821
29705829120,29705841793
29707277855,29707292937
29708073621,29708080614
29708339468,29708348062
29708558468,29708563222
29708580305,29708583048
29710771853,29710778462
29718263579,29764896457
29722062405,29722068011
29761925398,29762010651
29762061830,29762068589
29762706068,29762713185
29763517430,29763528703
29763774407,29763804868
29764109141,29764116929
29765472525,29765476016
29765760561,29765767804
29766203458,29766220200
29766425932,29766431595
29767980157,29768084291
29772966918,29788298636
29775595890,29775608101
29785173022,29785187476
29785472474,29788435021
29789054539,29789057543
29789981859,29789992326
29790392154,29790399788
29791518487,29791525329
29791981420,29791989756
29795052053,29795086917
29795127804,29795135222
29795162949,29795186841
29795189043,29800923709
29810047540,29829775591
29812295378,29812304717
29815617165,29815620720
29825204508,29825231527
29827729433,29827735390
29827952819,29827963063
29828310425,29828318297
29828350892,29828359870
29830299191,29830306692
29834729085,29834778015
29838595036,29852213482
29845228783,29845241149
29845892764,29845902641
29846770907,29846794381
29847408517,29847415293
29852427302,29873711540
29870741132,29870767817
29871016121,29871019305
29871437398,29871442179
29874286929,29874304787
29877869956,29877875082
29882362796,29882369538
29886841456,29886866922
29894248791,29894261748
29894534568,29894537521
29894682801,29894689266
29894894092,29894903711
29895441474,29895483341
29896030632,29896034478
29909825562,29909828996
29933606646,29933614407
29942460123,29942464012
29943677794,29943725574
29945375644,29945382684
29946218970,29946234532
29967080834,29987639762
29970911924,29970915837
29977271608,29977279493
29988273256,30013646122
29988534049,29988542629
30015412334,30015424388
30017269556,30017278841
30018207584,30018218659
30018701659,30036344294
