start_ns,end_ns
2040277,3811156
5494206,7180721
5578715,6905229
7673836,9434369
16071675,16812250
16834343,17029509
17273417,17306089
17310133,17705943
19211363,20668718
24184677,25176995
25452407,26158054
25766206,26602249
31040743,31166962
31414962,31814612
31701960,32378321
31826223,33239938
32804227,34088647
33432733,33910738
33924065,34417594
35044102,36534902
35408302,35555630
37782878,38247783
38186444,38891424
38911371,39535829
39078287,39488764
39452690,40609966
41427066,41638559
44060534,44205558
44407819,45125872
44681743,45824907
46045720,46460414
47184052,47541305
50669385,51583585
51076614,51419635
56275490,56667889
57342842,57996442
58075142,58278181
59514977,59711321
61520389,62199351
62600996,63302310
65664846,66231381
67048595,67125139
67148407,67624843
68959042,69042890
74595902,75569286
74627124,75258104
74705257,75115382
76260410,76661223
77951199,78315087
80315632,80977980
80996882,81107948
81601717,81938716
85582603,86046186
86502672,86898487
88289798,88789288
88426151,89279485
91034727,91103802
91671026,91917234
92095361,92468318
92471601,93179673
93087020,93435188
94824957,95284964
99266171,100081610
99325254,100216543
101441212,102264470
103066953,104094085
103664766,103920764
103853970,104186591
104601392,105012281
105060205,105557501
105907262,106063243
107494510,107574790
110560148,110850070
111402368,111977309
112362410,112513314
112504239,112918798
114664909,114940748
115662692,115853044
115855345,116193691
115877245,116602799
116539819,117261541
116615383,117612804
117773320,117829162
119933965,120122117
122813819,123538687
124065211,124464947
125237146,125610032
126881878,127365615
127863382,128310558
128360065,128689343
129398185,129836288
130825322,131091148
134020238,134955315
135595325,136250817
136515244,136562042
137126261,138434441
138485996,138871935
138895587,139677281
138923889,139336042
139908460,140274447
140612690,140674304
141073014,141607484
143643921,144452813
144190827,144630825
144297095,144584215
145479029,146355111
147272216,147925177
148145269,148251977
148169649,148916578
148282779,148605985
149067003,149215800
149624476,150335042
149913081,150612748
150845002,151523892
151123249,151591206
151592678,152116011
154144971,154682590
154846369,154885699
155765176,155801579
155989461,156157613
156114931,156775164
157573795,158148596
158182116,158341306
159975577,160220191
160005424,160041465
161020792,161270834
161419639,161714650
161603354,161723681
163037498,163105291
165954036,166368149
166163945,166712611
167479455,168087750
167503091,167740243
168092708,168315491
169891455,170217613
170665835,171104695
171133947,171334998
171918903,172023931
174515633,174556608
174863989,175200810
175225979,175505432
175905836,176532055
181486814,181858935
181977583,182250168
183802971,183954927
183917030,184186810
184000153,184254207
184093332,184246470
185515266,185911450
186258885,186531077
186822444,187331932
186925341,187232740
190102833,190341058
191126809,191687652
191621326,191727269
191702544,192258554
192278504,192800895
195927825,196357551
196794232,196975372
197122226,197906520
197688840,197732578
199750301,200062631
201135508,201359991
201152853,201345097
205100563,205370869
205100955,205256427
205640929,206103664
207051310,207385308
207381131,207497745
209076671,209331960
210605164,210780955
213237904,213684177
213531067,213906692
213677596,214160972
213955510,214004519
214727996,214771245
217826252,217924533
218492837,218827802
218864498,219204743
220387880,220851168
221829264,221916013
222129893,222551792
224615013,225250287
225101006,225680888
225521242,226169615
226605906,226851800
227939190,228534104
228088343,228350759
228991264,229380286
229715591,230228359
229785769,230312774
230572308,230906501
231641502,231961481
231774860,232053164
233404303,233763132
234473814,234491527
234530988,235063098
235660573,235966586
236695820,236947696
237005664,237630043
237297651,237861719
237636963,238272478
237863824,238397544
238493156,238599982
239704225,240128240
239786328,240220011
241778646,242166935
242789745,242993874
243256243,243568235
244375024,244803266
244458361,244782184
244460652,244628599
244497964,244726810
245932731,246453969
248957061,249398722
250509136,250804400
250820508,251112134
250977575,251218897
250982953,251214614
252467244,252771368
253348831,253430067
253573579,253847056
254350324,254531153
254392069,254608748
254635762,255073756
255091203,255204080
255503523,255888574
257371987,257688134
259264672,259391583
259659204,260248851
260270005,260901934
262494674,263206846
264303456,264884925
265798648,266296837
266094493,266297331
267748484,268048436
268196659,268641462
269841069,270534564
272164853,272323170
273913332,274426781
274463040,274907542
274840313,275283887
277232150,277660659
278868008,279142925
279558328,279992138
280829898,281190153
280955758,281209016
281485064,281606556
282081922,282359410
282099941,282574551
282583369,282897226
283473491,283726143
283544685,283812603
283933363,284537212
284434392,284666897
284551942,284761190
284810381,285163953
285332599,285582630
286801830,287037668
289348661,289939324
289786014,290230208
290681855,291233747
290749241,290960249
291155584,291294756
291304674,291547193
292558338,292716440
292741317,293112080
294252783,294332499
295830517,296116534
297508984,298022181
298900803,299057174
299213703,299380264
299844575,300289949
301119474,301437421
304847726,304892551
304872987,305241073
305483244,305748596
305860677,306238968
308475721,308487531
310610418,310977891
310938641,311417562
311466026,311787464
313942643,314400270
314675088,314711161
314914072,315422576
315585891,315815914
316890125,317172759
316909219,317115922
317426029,317771639
317912172,318242843
321774510,321892637
321779222,322124535
322409967,322549511
322430923,322752226
324822365,325076006
325940628,326315548
327178640,327604198
327725978,328067308
328944160,329526527
328998920,329170341
329102199,329333789
329531006,330002723
329903785,330294679
330225856,330307798
331509809,331719782
331691734,331754742
331731962,332230258
332045045,332320997
332596759,332728915
332842459,333317914
332954493,333079629
333628277,333700375
334440920,334643320
334697793,334768455
336237248,336594335
336332454,336429267
336478695,337244035
337222676,337766868
338781505,339034509
340848427,340905246
341922702,342266288
343099386,343152212
343251354,343341449
344034613,344258627
347533412,347828026
348137206,348327028
348781710,348882984
350181386,350300267
351901922,352243881
351965234,352005053
352714171,352876003
353036351,353902775
353212953,353954961
353832330,354295800
355728796,355882133
356745954,356935642
356749135,357372608
359858360,360306325
359952735,360005831
361283264,361393858
362160525,362522711
363297940,363897171
363563006,364089819
365636052,366252477
366873304,367353465
367527223,367559798
367672805,367928354
370076295,370110252
372106661,372343924
374616884,374872679
375240495,375568338
377256892,377322066
377743827,378188924
378662859,378917033
378828953,379097461
380351586,380413812
380743765,381126103
381262844,381807570
381513698,381601056
382505963,382755051
383737894,384165470
384252716,384713739
384359460,384434219
388385911,388516509
388856359,389079222
389140868,389381462
389974186,390389096
390720142,391259401
390789535,391368906
391371999,391648478
392402728,392741840
392942099,393450145
396154189,396553794
398316471,398638724
400442944,400955975
400706202,401059631
402661055,403175633
403112053,403444334
403581479,403985639
404978049,405441986
405849036,406059146
406518397,406650984
408577172,408718386
410071748,410446376
410721402,410873546
410895971,411512485
411631897,412102007
411897806,412283777
412467872,412827013
413210486,413584673
414237821,414299626
415882368,416106040
415890080,415962881
416707304,417465248
419081932,419411395
419438067,419580246
421609325,421632037
421922554,422496922
423821141,423872918
425302421,425413031
426071962,426476518
426103124,426147833
426238029,426724887
426386275,426771619
426774159,427034074
426978806,427417774
428501442,428950230
429155697,429282796
429175721,429436158
431631450,431799692
431692421,431872294
433675026,433813452
433997423,434560645
434369358,434602892
434611861,434718102
435722093,436129119
435922869,435958607
436306460,436580302
436456703,436780949
437133308,437583136
440419307,440457045
440445822,440769653
441423690,441670496
444890401,444958464
447324856,447469677
447374499,447773877
447472246,447799262
447816254,448103492
448128659,448791867
448495531,448988511
449460542,449733480
451739231,451932540
452449997,452803625
453858975,454004854
453983288,454416514
454437185,454940838
454687695,455029900
454953865,455440487
455105398,455442949
455206716,455666057
455994731,456029559
456082547,456795221
456228901,456641852
457054595,457397060
458087807,458382044
458940941,459356361
459846063,460548317
459878160,459897047
460781011,460991189
460880925,461562487
462704475,462849276
463034661,463357422
463496220,463812018
464014899,464274548
464667646,465110900
465852750,466385416
467529092,467711593
468670270,469113143
468870151,469318631
469331009,469722675
469746519,470103419
469980748,470244123
470171274,470355071
471154243,471205355
472702303,473160068
473082056,473112704
473791900,474073264
474182433,474444368
474394935,474934375
474646410,474847508
475000383,475451737
475931611,476120866
478408110,478713710
478816489,479429101
478891314,479388771
479646962,480021192
480030493,480460029
480132255,480619227
480786783,480960346
481565963,481812210
482340642,482770939
483653396,484140507
484512592,485386023
485935900,486000281
487086093,487151988
488374022,488592486
489323667,489412099
490597624,490852614
490650600,491047677
491254212,491292466
491417552,491640265
494541661,494973630
494889739,494918514
496067490,496218397
496220323,496265599
496271544,496679482
496330617,496578565
498092595,498598877
498436507,498540788
498676660,498932532
499436972,500075699
501069312,501244468
501111320,501301343
501143674,501321496
503699915,504191247
504465110,504607433
505275794,505355203
505281985,505786014
505792936,506247810
506648820,506735955
506736977,506864397
507099969,507490735
507409893,507705535
507682470,508102444
508544572,508751383
509972606,510294553
510608236,510819356
511674241,511786945
513246198,513504569
513268670,513375697
515675508,515784454
515856136,516262820
516586445,517024730
517375157,517565180
517471257,517826097
517833464,518184009
517853528,518164538
518332351,518677088
518429244,518480316
518606053,519115904
519250372,519575944
519900001,520503842
520668993,521118959
521028809,521252054
524083914,525095939
525326197,525914174
529439737,529961029
529629510,530057147
530458881,530628095
530606611,530861330
531126167,531650146
531561009,531931022
531908017,532132850
532666876,532722164
532741439,533489390
533843503,534010325
533935501,534031962
535160567,535411909
536061666,536642591
536951116,537206128
537690491,537949589
539553968,539659328
541450853,541775492
542022923,542153636
542414596,542534527
542770228,543052225
542966296,543500959
543054122,543434545
545811065,546091900
548474732,548643996
548719728,549009933
551972790,552175718
552024578,552549628
552107772,552283037
553650398,554175829
555381949,555692124
555540557,555649214
558950897,559540745
559761121,560114089
559828687,560181376
559986364,560354570
560982237,561044326
561129058,561173669
561236047,561618699
561478062,561778090
561564517,561706172
562733867,563046201
562864300,563178711
563421248,563689740
563882659,564295812
564343437,564783879
566588142,566859307
568200674,568456539
568802705,568992135
569902671,570323621
570015395,570433283
570368166,570620716
570728957,570989339
571383474,571585525
572705922,572960275
572992288,573354143
573494009,573877762
573645167,573770478
575553875,575924970
576224639,576546290
577044384,577236985
577520490,577760717
577839293,578463827
578908590,579408788
579173859,579310902
580058703,580361364
580754066,581003515
583494090,583844924
584480994,584807937
585489616,585678176
588416310,588631597
588599725,589021965
588633444,589168433
589669311,589749557
590889132,591266685
593296548,593653466
597936497,598054698
599540153,599618518
600934510,601261183
602746122,603309410
603729258,604356430
604666164,604988047
605528275,605807265
607481094,607603309
607487861,607722926
607854004,608183135
609371960,610029298
609938357,610452933
610314547,610716177
610355127,610569564
610819527,610844370
611951091,612383818
612632139,612729104
614835305,615414561
615035469,615490763
615872450,616220645
617514398,618001641
617771217,618190784
618003749,618130601
620525064,620909339
622570242,622777872
623406073,623561964
624796463,625006217
625726935,625939812
626397818,626960587
626979568,627273587
627128389,627617552
628371280,628811630
628452651,628735512
628499785,628866425
628755776,628905826
629162305,629661071
629193232,629574998
630063396,630484588
630467851,630844891
630899645,631474298
631489193,631957854
632632952,633105839
634215897,634813487
635186412,635658376
635194725,635543319
635526571,636070413
635704694,636170938
636645551,637018845
637140705,637660338
637839537,638022852
638537066,638818010
638747235,639116084
638876801,639181403
640518229,640750275
641056138,641363577
641793651,642247103
642349959,642750281
642806783,643084211
643208011,643430990
644321939,644633137
646580977,646971435
647372678,647651112
648137135,648234069
649167156,649479162
650451911,651091919
650926629,651259365
651381683,651711347
651802351,652092117
653008451,653362905
654116936,654395613
654728636,655112980
655843492,655947021
656659240,656986236
656747421,657137483
658167482,658398721
658650966,658713717
659513225,660090915
661057737,661347506
662963081,663299375
663001014,663554313
665205009,665325317
665610630,666070203
665990417,666338091
666175500,666257637
666339527,666768093
667936212,668487339
668532118,668827571
668653110,668990080
670873351,670895159
670914010,671136323
671458827,671816758
671867226,672278083
673072708,673177823
673423598,673990897
674089222,674402500
674650729,674834271
675485531,675763740
675523247,675762443
676458500,676906588
677400375,677787162
677936609,678388686
678734183,678779560
681016121,681252845
681630610,681983617
681686409,681925607
681708376,682173708
683460307,683684771
685587272,686108197
685889575,686268317
687753413,688205983
688732054,689076001
689062189,689100639
689092272,689437069
689370697,689598786
691284487,691502779
692264950,692738265
692392180,692562965
692785022,693406386
692938448,693326356
693536426,693795269
695835732,696135666
695989867,696258995
697296300,697354628
697676843,698001701
698345667,698475815
698488257,698772134
698932576,699111532
701102511,701348085
701837108,702222783
702784330,703138219
703333962,703698254
703587170,703728763
705264633,705409222
705641184,705880995
705662319,705729935
705746371,706209470
707800940,708324096
708020556,708456842
708579385,708867296
710179827,711013292
710853542,711427390
711197031,711858968
712142480,712220226
712475066,713033822
713161288,713887662
715359597,715657818
717200638,717382482
717384787,717823936
718318846,718472448
721121952,721223061
723481808,723691672
723883970,724092396
727631030,728094201
727899567,728169511
731573409,732235039
731960774,732323007
732090197,732293111
732902307,733270210
733345771,733653567
735154024,735196706
735670940,735910757
735797130,735827881
737486487,737761203
741370716,741857211
742030243,742139987
742288598,742498530
743788768,744002287
743912874,744322989
744320237,744626326
744964679,745625488
746129890,746424512
746341845,746434919
747406999,747638487
747960516,748383566
748299342,748685187
754294028,754546097
754903073,755557867
755933958,756237113
756041344,756631914
756997773,757028466
757281725,757439038
757646472,757921802
758185402,758312670
759010026,759335030
759434040,759734821
760157403,760370789
760197656,762372247
762316887,762529736
762651700,763107875
763986235,764006156
764644541,765108135
765286972,765413021
765551752,765586130
768975803,769255207
769781223,770219945
771194149,771502782
772599589,773025755
773180344,773467514
773608185,773928047
774680771,774922458
775673292,776310418
776766213,777166340
777064024,777569483
777453182,777686535
777589060,777811917
777811866,777872118
777815160,778045970
777874341,778301145
781875930,782031633
782034123,782674117
782326566,782831115
782511625,782770477
783772110,783836689
784642606,784704708
785008675,785176916
785355977,785423000
786686931,786884803
787352431,787572676
787466079,787885669
788224910,788284072
789644372,790118734
789689700,790150565
790878501,791263444
790937423,791404919
792240998,792679206
793481157,793590826
794729488,795337798
794957972,795005674
797857610,798347073
798150740,798252022
798890181,799301688
800112827,800598897
801844075,801928666
802667058,802885385
803468332,803823470
803514963,804020918
804271142,804659397
805608696,805823061
807189925,807424638
807385171,807596881
807686852,807745625
807918285,808448115
808625705,809105146
808738498,808792924
809164156,809743994
809957475,810610559
810519606,810849414
813154820,813339062
819109513,819294331
820172918,820566796
820286875,820868611
820427496,820819943
821150371,821572634
822131853,822541765
822925727,823447062
823320291,823880918
823989677,824266853
825033265,825497070
827384882,827872848
827463908,827990165
828059296,828330212
828404917,829192096
829644457,830170161
833355515,833516734
834087813,834507837
835243880,835780801
836568059,836712964
837612498,838046791
839311661,839329506
839611735,839907935
840105909,840579340
840586418,840828286
841029381,841349033
841135374,841503204
841683738,841888775
843172696,843452565
843520193,843850788
843584256,843983920
847027232,847443667
847412099,847738206
849991028,850485551
850679560,850990484
851088044,851476618
853380974,853610639
853520365,853697333
853677074,854039370
854073151,854871935
854272347,854955475
854430253,854746440
854612599,854832250
855302975,855655411
856159604,856384519
856725148,857507109
862182188,862555939
864935453,865182407
870419070,870651021
871263865,871749857
872021058,872351480
872388007,872735605
872740902,873227198
873734635,874151634
877340319,877521552
877688138,877750502
878294386,878586280
878932051,879153979
879168718,879542274
879606359,880280926
881653115,881907852
882925042,883403093
883877045,884511323
885429282,885881188
885579449,885722726
888763185,889141414
889719344,889972957
889789443,889901692
890096784,890629564
891365162,891417461
891690608,892248057
894931436,895122985
895052023,895411262
896796758,897125525
897246763,897478188
898391431,898673962
898396020,898879330
898496042,898995522
899477069,899795504
900159724,900579638
901018616,901146222
901528331,901643297
901948264,902348751
902123724,902274890
902946169,903422286
904131316,904279310
904296794,904405506
904934837,905514310
905149901,905554922
905547290,905916921
905816410,906297282
906336710,906611794
907547417,907920650
907939848,908182456
908193701,908549474
908356906,908395441
908981855,909270260
910533635,910750987
913187762,913395805
914912530,915415555
915200970,915821341
915282215,915670188
916132122,916255296
917018274,917395316
918212291,918605669
918531509,918914088
920972910,921620768
921521499,921945748
921524124,921661834
921767568,922119482
923394570,923939016
925720660,926055711
927426979,927667786
928268552,928494632
929817637,929838016
929940912,930153795
930691236,931180842
931616996,931905432
933022821,933382573
933307290,933708104
935533486,935590967
935920945,935940691
936399127,936765979
936950718,937348046
937036032,937590208
937736778,938419551
938429771,938779695
939921706,940223141
942079249,942323333
944803985,945236895
945020080,945319901
948508205,948744015
949648953,949840957
950221401,950565203
950274056,950801740
951450819,951800394
953575670,953794055
954531290,954852878
954638856,954865179
956231956,956648146
956511899,956920885
958248764,958510880
960933800,961621240
962078696,962501589
962801652,962863654
964430842,964830532
966225066,966649262
966869774,967315095
967190509,967347218
967327525,967777980
967889360,968237763
968185789,968669925
971023837,971081075
971515770,972132213
971929153,972188830
972623786,973072482
972778224,972937901
975190133,975358173
975278987,975441801
975443362,975551317
976531721,976707740
979154133,979289504
980216677,980464444
980646570,981017000
982546876,982569017
982930628,983012637
984231235,984540308
984709551,985202211
989645805,990041621
990491355,990865554
990903916,991300790
991686880,991990217
991712975,992007347
991824197,992456156
992151519,992600554
992272271,992524390
992697836,992947911
996278220,996732976
998569637,998905224
999874199,1000250690
1001898365,1002357244
1002284564,1002990641
1003289597,1003617402
1003482083,1003674304
1004638608,1004788074
1005135999,1005524016
1006321820,1006800637
1006471858,1006612558
1008652128,1008996794
1008678511,1008996651
1010300626,1010843768
1010641184,1010957295
1015197463,1015636963
1016046374,1016235808
1017575434,1017748304
1017884915,1018209264
1018077427,1018474908
1018217471,1018462421
1019146399,1019995358
1020939166,1021216119
1020994499,1021325960
1021218053,1021706564
1021951744,1022309377
1022198418,1022255150
1023060059,1023328626
1023315270,1023558002
1023382801,1023778724
1023679471,1023894234
1023835848,1024254517
1024985150,1025414885
1025280926,1025737507
1026555386,1027110955
1026948816,1027069271
1029138476,1029673167
1029837749,1030071063
1030615528,1030777680
1030767739,1031271677
1031507025,1031676560
1032919422,1033451208
1033805916,1034294972
1034357156,1034831882
1034886329,1034958562
1034972222,1035262331
1035111369,1035567298
1035171140,1035545535
1035360350,1035601626
1036031114,1036163266
1036363744,1036519482
1038780310,1038954109
1039564170,1039762233
1039827856,1039949866
1040515179,1041171870
1041789993,1042346267
1042142632,1042595672
1042243035,1042443510
1043067104,1043294564
1043296096,1043457928
1046803975,1046996846
1047874393,1048221171
1050157331,1050383645
1050349168,1050514134
1051600763,1051947183
1055289665,1055623906
1056352167,1056426919
1056491553,1056833344
1057292204,1057322495
1057663746,1057907212
1058496251,1058563479
1059496458,1059593074
1060124841,1060306160
1060670767,1060769294
1061163612,1061387936
1062119287,1062659318
1063164423,1063720772
1064125195,1064389565
1064664033,1064865988
1065589516,1065944549
1065889042,1066171107
1067559459,1068169419
1068758026,1069413199
1069400212,1069465809
1069513095,1069829322
1075616888,1076081320
1075843087,1076218987
1076531085,1076832474
1078181170,1078489220
1078816697,1078838203
1078878563,1078962679
1080506501,1080580964
1081280081,1081714910
1081738065,1082171964
1083108609,1083567728
1085929113,1086176103
1087777179,1088091544
1087811511,1087979037
1087997555,1088059245
1088636653,1088852566
1089533937,1089795249
1089741686,1090109062
1091306191,1091819849
1092291457,1092678905
1093693539,1094295453
1095422443,1095749257
1095688083,1095797050
1096684633,1096717087
1096918987,1097309631
1097119486,1097412057
1098636942,1098737579
1098658279,1098912808
1100390040,1100662722
1101278315,1101592843
1101852971,1102299561
1102397213,1102808498
1102959647,1103060007
1103651618,1104079476
1104115522,1104729051
1105674144,1106208893
1107449750,1107551240
1109005535,1109132972
1109537937,1109840117
1110521978,1110819492
1111146085,1111586969
1115993055,1116346214
1117397530,1117840723
1117596907,1117749425
1118663377,1118703581
1118756449,1119204941
1119844170,1120016783
1120536851,1121150729
1123241793,1123615576
1123359127,1124159553
1123740673,1123875026
1124132363,1124564729
1125785911,1125998370
1125812713,1126188847
1126685518,1127399609
1127125247,1127220849
1128468883,1129063572
1129295010,1129715105
1129442995,1129786377
1130124944,1130360516
1130362398,1130429706
1130644826,1131004839
1131012013,1131255940
1131013818,1131277966
1131611093,1131727816
1133486272,1133726152
1133727072,1134093656
1133842444,1134190813
1135660111,1137162787
1136089979,1137310230
1137690281,1138295459
1138669343,1138863698
1138937465,1139075955
1141723996,1141748598
1141779631,1142339173
1142444132,1143003291
1143571865,1143853822
1143913698,1144251368
1144690633,1145206779
1146577929,1146760591
1148566628,1148936986
1148954101,1149309606
1149071216,1149375667
1150177228,1150261329
1150860502,1151211833
1151132063,1151391125
1151701476,1152143910
1154549275,1154607827
1154718678,1155012892
1155232126,1155558222
1155268834,1155709937
1155972245,1156458994
1156697695,1157091214
1157628168,1157913985
1158047950,1158504929
1158592999,1158676908
1158648216,1158980750
1159144829,1159234277
1159242737,1159591307
1159799849,1160046703
1160787307,1160966213
1160904507,1161391898
1161345488,1161451794
1162572397,1163015923
1163020296,1163363684
1164768091,1165102619
1170367092,1170571671
1170633140,1171010690
1170804221,1170964285
1171063584,1171164922
1171597119,1171988986
1174379638,1174806482
1174534639,1174603950
1174959272,1175293149
1175626759,1176131248
1176227769,1176639461
1176374544,1176620657
1177291994,1177716773
1177411016,1177848300
1177646151,1178157860
1178120633,1178523490
1178181105,1178556741
1178792594,1179037888
1178802539,1179341524
1178961352,1179313397
1179325250,1179464476
1179620839,1180033280
1183008392,1183547410
1183132780,1183273820
1184128171,1184149450
1184484410,1184627095
1186066981,1186208424
1186905800,1186976734
1188549627,1189064216
1189719765,1190559742
1189756167,1190141444
1190230766,1191025011
1191427891,1191615996
1192041899,1192347004
1192162045,1192890646
1192366395,1192458043
1192736858,1193228785
1192895686,1193109514
1193567224,1193784075
1193672481,1194194814
1194616676,1195047293
1195349107,1195653413
1195843741,1196300333
1196927571,1197167096
1202026494,1202661076
1203483786,1203660198
1204221261,1204865149
1205056493,1205516364
1206340562,1206545461
1206420448,1206916886
1207202441,1207672451
1207260982,1207477391
1208187178,1208310570
1208580623,1208924163
1209216498,1209302245
1209375902,1209663637
1210425807,1210798383
1212453997,1212629629
1213215276,1213801298
1213338018,1213683457
1214006632,1214171678
1214481485,1214886522
1214920009,1215183890
1214998229,1215201385
1217311414,1217714849
1217767912,1218002661
1218218781,1218250327
1219203954,1219467518
1219781749,1220074640
1220030790,1220118131
1220509123,1220944330
1221538366,1221830091
1222285118,1222854852
1222590405,1222986055
1222924429,1223086289
1223537075,1223908902
1223552477,1223620862
1224234389,1224598183
1225945990,1226343048
1226635887,1226889477
1227044320,1227747219
1227455563,1227990078
1228000672,1228215713
1228015338,1228094784
1228397788,1228473538
1228757788,1228893350
1230077146,1230582100
1230575905,1231032911
1230786786,1230991100
1230862820,1231362062
1230987648,1231053676
1232737474,1233163564
1234021171,1234378948
1234684457,1235009908
1234903743,1235543175
1235246892,1235794617
1235804590,1236035577
1236645940,1237157093
1237498588,1238011585
1237910526,1238292912
1238577420,1238983903
1239338236,1239714649
1239893231,1240173722
1239921188,1240013182
1240446396,1240938074
1241612362,1242141604
1243212756,1243560046
1243573523,1243783310
1244630723,1244867755
1244707454,1245557372
1247097752,1247595811
1247589787,1247749221
1248962055,1249104060
1250814336,1251206123
1251699945,1251850232
1252566336,1252936654
1252955075,1253347222
1253233743,1253465711
1253706007,1254279819
1255352884,1255656692
1256096243,1256525831
1258807121,1259303748
1258902905,1259389040
1258958133,1259577730
1259488183,1260070166
1261213352,1261664018
1262584493,1262882912
1264672825,1265075424
1266792002,1267043810
1268398545,1269039987
1271071526,1271527502
1271410651,1271463256
1272007947,1272527137
1272017427,1272335417
1272932631,1273367831
1273404275,1273718394
1273601284,1273844727
1274384566,1274593246
1274647231,1274985104
1275609357,1276013123
1276316595,1276671996
1277616455,1278159797
1280817719,1280989638
1282470040,1282782690
1283314732,1283941085
1284279245,1284726594
1284990404,1285256134
1285161037,1285511857
1285255694,1285604069
1289959760,1290193872
1290038680,1290527750
1290091267,1290143848
1290206530,1290767124
1290686567,1290877973
1291844885,1292307919
1291871648,1291894706
1292335410,1292892127
1292839587,1293238289
1294706776,1295153691
1294749407,1295267841
1295788753,1296076533
1296105158,1296532333
1296755580,1296986373
1297810596,1298339046
1298045870,1298492370
1300181723,1300593660
1302077877,1302316976
1304139088,1304559040
1304734578,1305081524
1306448836,1306696869
1307023320,1307094796
1308754954,1309270637
1309041279,1309536579
1309431782,1309568420
1309605433,1309934003
1309847722,1310060412
1310014056,1310379957
1310063906,1310681383
1310706437,1310897092
1311028617,1311250049
1311351994,1311526688
1312000066,1312327874
1312224432,1312487541
1313431698,1313720757
1313661947,1314106248
1317388956,1317683854
1318770281,1319036264
1319692856,1320009366
1321339263,1321542203
1322082239,1322144659
1322154000,1322608297
1324096526,1324394112
1324224578,1324376188
1324224602,1324673517
1326304143,1326411451
1327478941,1327939498
1328251256,1328368722
1328848669,1329178203
1329643339,1329832039
1330053769,1330195341
1330582793,1330902916
1330673856,1330866047
1330869954,1331231431
1331641421,1332304512
1332763678,1333075692
1335455366,1335964172
1335846700,1336279271
1337241336,1337823447
1339117317,1339542493
1339538620,1340067991
1339920095,1340519268
1340547757,1340829681
1341115708,1341499325
1341438520,1341498764
1341946891,1342322961
1341962355,1342259818
1343303919,1343788225
1344223942,1344601060
1344734184,1345078012
1348599242,1349164354
1349429177,1349950908
1349920838,1350489139
1350031706,1350355388
1350576732,1350819796
1352628493,1352783490
1353599974,1353780219
1353954484,1354149000
1354894699,1355421840
1355178430,1355214891
1355352667,1355708227
1355503151,1355799782
1355742287,1355851474
1355811201,1356501415
1356674944,1357270482
1357824784,1358271496
1357935215,1358255182
1357990971,1358432338
1360276280,1360393330
1360973118,1361210000
1361578398,1362108719
1364833912,1365337385
1366620036,1367304441
1367565112,1368321408
1368443340,1368863527
1370814862,1371060787
1371452161,1372020959
1373137160,1373196301
1373191651,1373602662
1373213450,1373605748
1373801117,1374134827
1374221157,1374470960
1377509783,1378005853
1378219760,1378793544
1378973982,1379511211
1380419496,1380850878
1380695868,1380937755
1380928764,1381239754
1381698114,1382175590
1383227721,1383260198
1383715613,1384493523
1385160226,1385534714
1386772218,1387185919
1387416114,1388206403
1387746885,1388400080
1389198295,1389455962
1390173386,1390342475
1391069074,1391425169
1392213920,1392753413
1392611234,1393067459
1393071049,1393489636
1393290742,1393833120
1393687888,1394070789
1394074432,1394688817
1396628964,1396763382
1396657432,1397025692
1397541794,1397860817
1398487003,1398830886
1399450515,1399517379
1400020863,1400370178
1400414757,1400660508
1403166399,1403657428
1408102478,1408425306
1408811897,1409209912
1408819398,1408998320
1408892972,1409373051
1409508372,1409927299
1410545543,1410740213
1410553758,1410944311
1410832992,1411120546
1411235231,1411890473
1413321086,1413419196
1413502588,1413704530
1414308082,1414526350
1414719494,1415088586
1415194671,1415838452
1415287417,1415729446
1415655457,1416078346
1415773724,1416071877
1416327041,1416595889
1416567220,1416875992
1417180410,1417348032
1417293103,1417896585
1418024114,1418375768
1418663928,1419082253
1419099319,1419512109
1419628970,1419821921
1419705261,1420162633
1421027636,1421047538
1422102913,1422132073
1422715769,1422837795
1422904331,1423424155
1424054456,1424661698
1424879077,1425092564
1425635736,1425801898
1426709726,1427244182
1426973224,1427228108
1427521485,1427655944
1427712172,1428033798
1427773955,1428315545
1427784495,1428376260
1428679731,1429068111
1428728761,1429111094
1430862368,1431468450
1431366628,1432167548
1431571130,1432161513
1432169129,1432200877
1432283923,1432683362
1433202156,1433373747
1433940563,1434297944
1434843664,1434953724
1435362242,1435521338
1436682561,1437050594
1436994883,1437199153
1437161177,1437396253
1437470804,1437823841
1437483750,1437770402
1440497050,1440666875
1442317431,1442424400
1443120016,1443273474
1443265835,1443644073
1444554551,1444912185
1446023569,1446603643
1446323180,1446417120
1447791997,1448243788
1448615022,1449147674
1449117752,1449542723
1452165983,1452608021
1452959015,1453349968
1453186191,1453759556
1453624913,1453741087
1453748072,1454366195
1453800097,1454167281
1455320471,1455765689
1455561946,1455905073
1458786802,1459269307
1459062627,1459301241
1459589474,1459729426
1460655126,1460980772
1460906820,1461064604
1462269549,1462484167
1462972220,1463050575
1463908208,1464162399
1463999491,1464184522
1465726161,1465783030
1465768356,1466064314
1465998144,1466524966
1466067039,1466304113
1468174883,1468286291
1468691962,1469057914
1469031027,1469417435
1470167195,1470573055
1470230435,1470606151
1471557475,1471906531
1473053277,1473528478
1473641583,1473988941
1474153347,1474629554
1474374810,1474815157
1475620594,1475991790
1477070076,1477668237
1477495463,1477765185
1479350802,1479553730
1479492668,1479690957
1479704412,1480150314
1481572252,1481789482
1482152607,1482649071
1484333268,1484668999
1484702432,1485205348
1485628735,1486214486
1485711095,1486019217
1486044937,1486433044
1487413552,1487797262
1487651494,1488194317
1487806095,1488144828
1488039214,1488347840
1490793160,1490870726
1491509235,1491985502
1492240212,1492815859
1492784753,1493335488
1493421755,1493448660
1494998328,1495421771
1495694282,1496119409
1496125763,1496228892
1496624578,1497310296
1497762851,1498065513
1498242416,1498960883
1498455864,1498762694
1499528495,1499669987
1500177421,1500514302
1500797745,1500961480
1500831099,1501255420
1501073803,1501444448
1501396339,1501508421
1504867206,1505463516
1505318568,1505517219
1505626917,1506044372
1507401263,1507602464
1508038916,1508331998
1508071138,1508262180
1508198595,1508290980
1508581109,1509009641
1509848123,1510137926
1509906883,1510359509
1511129349,1511229068
1511227075,1511271271
1512386734,1512881049
1512733035,1513563619
1513944031,1514324780
1519973153,1520532754
1523358689,1523706570
1524334912,1524750145
1525036657,1525445326
1525480596,1525793766
1525950930,1526485975
1526304320,1526584585
1527364008,1527607204
1527376482,1527747847
1527759508,1528107106
1528018375,1528227984
1528199511,1528481738
1530065413,1530914013
1531910606,1532375076
1531978656,1532387050
1532543747,1532773626
1535496395,1535581646
1535736060,1536087553
1535810552,1536160053
1537571172,1537889488
1537745058,1538064012
1538150664,1538656365
1538152196,1538534833
1538157953,1538433902
1539059260,1539327931
1539288502,1539366771
1541844577,1542105196
1542176964,1542324409
1544657750,1544817774
1548158061,1548639532
1548921208,1549144309
1550008427,1550395337
1550329446,1550447720
1551706293,1551768137
1552404746,1553046257
1552626787,1552985807
1552856440,1553341985
1553057246,1553566715
1553235412,1553530285
1555730048,1555929200
1556672961,1557040111
1558742512,1559170687
1560171323,1560519139
1560400936,1560612303
1563265350,1563584152
1565751444,1565918800
1568143588,1568581476
1568620819,1568930289
1569834057,1570211651
1571444847,1571773217
1572807290,1572857948
1572859757,1573254486
1573362750,1573874946
1573562611,1573948665
1579565909,1580128300
1579733386,1580014989
1580299486,1580538265
1580758057,1581285771
1580942648,1581317900
1581370014,1581749666
1581713650,1581964548
1581759492,1582165148
1582226630,1582547937
1584754893,1585281700
1587270262,1587724265
1588447323,1588776816
1589161507,1589603985
1589501108,1589873649
1590457653,1590806149
1591138332,1591368681
1592288631,1592518059
1594288054,1594685190
1594719816,1595138086
1595090846,1595436511
1595302841,1595657236
1595682694,1596014444
1596029196,1596257010
1598851608,1599024293
1600003074,1600468647
1600735931,1601128110
1600923584,1601293703
1601702543,1601928028
1606493026,1606950937
1606978362,1607508949
1609707386,1610253339
1610293892,1610471968
1610458656,1610591070
1611977662,1612279680
1612530382,1612717080
1612627485,1612945808
1612940907,1613228549
1613932930,1614220539
1614662477,1615028321
1615087974,1615433123
1616637676,1617081371
1617628848,1618042930
1620539218,1620941733
1620760520,1620855121
1621359618,1621431536
1621789275,1622100333
1622126449,1622679239
1625712051,1626086657
1625718906,1625841091
1625785674,1625913256
1627018918,1627091572
1627931562,1628727762
1628225314,1628369196
1628418062,1628792252
1629245046,1629277471
1629742790,1630249800
1630062320,1630199325
1630466013,1630674347
1631343397,1631428149
1632470048,1632644471
1632752302,1633258945
1633345859,1633407302
1633384647,1633886218
1633632020,1634042497
1636267809,1636539669
1636857222,1640998201
1642752450,1642841734
1642962980,1643427590
1646140944,1646532910
1646855424,1647303834
1647054154,1647631749
1647323823,1647944291
1650435636,1650467470
1650961638,1651200448
1652254161,1652995418
1652322238,1652690273
1653018969,1653406187
1653040847,1653441982
1653144030,1653383608
1653446040,1655893384
1657339272,1657534830
1657881631,1658272911
1658099597,1658726491
1658480216,1658964246
1659768538,1659867813
1659926100,1660138727
1660273515,1660404536
1660742275,1661251411
1661367234,1661637860
1661903986,1662451205
1661928115,1662139301
1662619681,1662864060
1663360481,1663517538
1663546755,1664002092
1663935583,1664462023
1664056289,1664686047
1664505635,1664935551
1664972135,1665239413
1665564486,1666044859
1665643771,1666094413
1666116076,1666550661
1666934416,1667397985
1669934070,1670249431
1670286777,1670737100
1670825994,1670900405
1670917439,1671155289
1672057625,1672375092
1673322361,1673901082
1673364911,1673522651
1673973128,1674629886
1675912211,1676347071
1675997641,1676328779
1677806119,1677902984
1679749354,1680347649
1679826671,1680335616
1680230639,1680490631
1680324357,1680674994
1681103444,1681618026
1682525990,1682782148
1683577865,1683683948
1684690559,1684996872
1684710170,1684948511
1684965883,1685466068
1685857661,1685880080
1687707850,1687823597
1689181160,1689759826
1689406093,1689703519
1689423908,1689843264
1690912681,1691232746
1692211616,1692409517
1694696407,1694928757
1694931230,1695281976
1695064537,1695238139
1696900407,1696985617
1697165303,1697614432
1697791858,1698281520
1699254395,1699800965
1701300071,1701506258
1702404426,1702769923
1702675126,1702872033
1703117927,1703332727
1705235635,1705528727
1707187831,1707448252
1708069451,1708191330
1708190159,1708687491
1710148103,1710381859
1711584175,1711667539
1711961153,1712258756
1712335701,1712549522
1713924301,1714423017
1714562868,1714757429
1714618153,1714733159
1715958444,1716096337
1716872286,1717357450
1718760052,1719047363
1719153669,1719619086
1719889402,1720354614
1720842724,1721154221
1723032026,1723127253
1723702890,1724166327
1724931873,1725510414
1725119373,1725426001
1725429105,1726034476
1725604676,1726019684
1726217510,1726688924
1729811424,1730171508
1730249571,1730514624
1730727606,1731125067
1731454676,1732047098
1733257192,1733722646
1734097444,1734638337
1734483361,1734714192
1734666590,1735154159
1735285587,1735788759
1737224185,1737486452
1737461010,1737508317
1738109704,1738226645
1739128860,1739329437
1739611156,1740094954
1740496993,1740639174
1741548400,1741791964
1741919063,1742518051
1742528006,1742657727
1743063862,1743440323
1743404725,1743989016
1745629566,1745834932
1746063941,1746461710
1746624498,1746666824
1749266352,1749524278
1750151968,1750391459
1750448091,1751022142
1750528055,1750926170
1752699840,1752976712
1753182265,1753280542
1753480093,1754175910
1753675932,1754016223
1753869974,1754196558
1755304406,1755770660
1756222081,1756509110
1757737183,1757820147
1758350953,1758677349
1760125403,1760260276
1760964807,1761059938
1762073262,1762507751
1763926202,1763986118
1765784379,1766182032
1767289931,1767379904
1768292727,1768595169
1768447787,1768696889
1769099292,1769205193
1769351328,1769647776
1769475087,1769707049
1771323856,1771524834
1771991757,1772320521
1772323416,1772693694
1772899553,1773318983
1773005878,1773373084
1773117226,1773445390
1773644717,1773979797
1774056319,1774507274
1774513562,1774799407
1775236277,1775598279
1775789349,1776178729
1777951986,1778213173
1786099432,1786678448
1786212583,1786621592
1789327695,1789480962
1789504826,1789982551
1791018898,1791281568
1791735737,1791980788
1792917992,1793379048
1793673383,1793871636
1794373416,1794568791
1794898496,1795355071
1795000738,1795310704
1796168771,1796382958
1796992248,1797454733
1797389534,1797582568
1797848301,1798153306
1798860881,1799374608
1799763439,1800305985
1802794843,1803163087
1804750582,1805534034
1806041205,1806331247
1806534317,1807134353
1806961440,1807388421
1807101102,1807319672
1807502330,1807924471
1808340663,1808708751
1810468437,1810624296
1812405116,1812957579
1813697690,1813875997
1814090955,1814296068
1814120821,1814503161
1814962917,1815093655
1815875826,1815966227
1816721647,1817266139
1818405913,1818699594
1820488317,1820569152
1820666113,1821032273
1820880972,1821230579
1821308683,1821417837
1821982218,1822095939
1822092444,1822664851
1822499776,1823064226
1822845297,1823321247
1823446053,1823471711
1827118823,1827499739
1827144648,1827562791
1827972793,1828173265
1830779143,1830845681
1831126447,1831574839
1833320071,1833908701
1834489951,1834798793
1835411881,1835956937
1836749794,1837039514
1836898804,1837274690
1837529628,1837984207
1837960039,1838018434
1838264808,1838643317
1840802084,1841035200
1842597237,1843057457
1842745581,1843147332
1843221216,1843279020
1843236856,1843537958
1843547565,1843578403
1845016416,1845123312
1846040371,1846344643
1847732641,1847981909
1848611056,1848951299
1849174714,1849545182
1849674734,1850171679
1849928984,1850113605
1850099898,1850387014
1850936994,1850989888
1851717550,1852233329
1853132981,1853346661
1853950635,1854314222
1854731726,1854910081
1854871956,1855303833
1855309345,1855896830
1858352622,1858499550
1858571670,1859103350
1859068572,1859237081
1859846380,1859862816
1860266736,1860703313
1862852825,1863145673
1868594528,1868999093
1868672272,1868809936
1869137248,1869599286
1869373913,1869704490
1870177038,1870371272
1870718007,1870879291
1870858585,1870991440
1870896259,1871227873
1871108528,1871479210
1872902363,1873056103
1872951474,1873168526
1876239761,1876488861
1877715417,1878041800
1882576655,1883080222
1884925821,1885202945
1885068729,1885716244
1886959013,1887502450
1887521672,1887799707
1888525287,1888682202
1889743954,1890113199
1891019048,1891339426
1891134647,1891693788
1891352155,1891917770
1891722353,1892221490
1892662053,1892979983
1893320343,1893740875
1895966359,1896143363
1899585465,1899678202
1901139112,1901758773
1901259417,1901623331
1904807318,1905150293
1906117244,1906360449
1906205319,1906506306
1906384384,1906496918
1906508031,1906914138
1908065964,1908114587
1911639780,1911989827
1912857074,1913412099
1912907836,1913409691
1915334096,1915392053
1915704718,1915942360
1915975299,1916119809
1916044624,1916447038
1916051132,1916460745
1916465342,1916802046
1918374204,1918744528
1920596935,1920776810
1922308725,1922745972
1923681746,1923954920
1924033305,1924414493
1924516249,1924884354
1924938664,1924957617
1925055865,1925292819
1926416431,1927083497
1926942363,1927001081
1927515244,1927613485
1928150685,1928503809
1928332578,1928488330
1928471124,1928653259
1929001968,1929185608
1929547632,1930598144
1929754039,1930285730
1931223139,1931413530
1931821312,1932024771
1932704825,1933123281
1936335948,1936733419
1937457335,1938102962
1937714915,1937804657
1937815397,1938026639
1938177856,1938477875
1938255122,1938445377
1938854764,1939121380
1939280585,1939462334
1939315623,1939478715
1939949441,1940318837
1942585794,1942931149
1943333483,1943652080
1943492408,1943942454
1944546812,1945004340
1945439822,1945488559
1946820372,1947098925
1947344592,1947447291
1947428145,1947643775
1947695207,1948253828
1947879053,1948478622
1949528806,1950176385
1949533637,1950139033
1950187015,1950339882
1952493224,1952752651
1953140141,1953229273
1953200907,1953515485
1953929480,1954084449
1954555663,1955406449
1958854778,1958882916
1961444048,1961888380
1962683701,1963084792
1963700755,1964044363
1964835999,1965047276
1965384746,1966030720
1965894785,1966119270
1967207498,1967630939
1968737056,1968925484
1969026635,1969363940
1971962196,1972242645
1972013941,1972408329
1972468910,1972681935
1973041070,1973311486
1973845700,1974130788
1974822582,1975197703
1975809658,1976155226
1975937874,1976435194
1981116046,1981338006
1981309242,1981474496
1981478758,1981721291
1983407299,1983910707
1983813158,1984110873
1986943613,1987093733
1987919003,1988277179
1988886745,1989245405
1990130074,1990457669
1990244311,1990799389
1990330573,1990416734
1990669173,1990704167
1990711684,1991088256
1990801456,1991312180
1991010621,1991268841
1991294643,1991630287
1992159774,1992199293
1992353707,1992489868
1993057867,1993116209
1993563464,1994064945
1994585981,1994824534
1994866670,1995086998
1995670811,1995767946
1996157603,1996281854
1996978743,1997091130
1997023111,1997325534
1997697384,1997981556
1999193136,1999683251
1999400440,1999543529
2000103757,2000562328
2001416077,2001653055
2002250090,2002524556
2002541756,2002930226
2002570862,2002869163
2002922434,2003071884
2003133923,2003481949
2004612087,2004941217
2005843210,2006228631
2006215192,2006255778
2007230326,2007683622
2008758407,2008866789
2010245331,2010796443
2010750711,2011556593
2013491450,2013882705
2014756572,2015208883
2015873226,2016090805
2016438521,2016689302
2017428892,2017753189
2017771892,2018031672
2017885832,2018044094
2019416389,2019782865
2020066243,2020209435
2020240325,2020635350
2020981757,2021166649
2025886307,2026391597
2026189512,2026600158
2026766795,2026832750
2027043414,2027342713
2027088855,2027355273
2027663293,2027916659
2027964563,2028477969
2029575427,2029696034
2030370391,2030746388
2032807872,2033059338
2034542748,2034935235
2036569003,2036633096
2037029761,2037506848
2037594422,2038016567
2038762768,2039115416
2039017122,2039106770
2039423381,2039464415
2043823786,2044346533
2043878738,2044122103
2044564957,2045097331
2045080453,2045546684
2045566156,2046144766
2045770942,2046003744
2046308646,2046448776
2047418513,2047789232
2048463946,2048862247
2048503991,2048671884
2048686210,2049213180
2049284984,2049687409
2050065316,2050340754
2050356166,2050921944
2050683069,2051003092
2051591630,2051906104
2052385872,2052826445
2053040425,2053290142
2054115935,2054293222
2054168510,2054528020
2055224305,2055658495
2056783385,2057037770
2056997609,2057439889
2057557287,2057901922
2057619799,2058130468
2057892147,2058212658
2061648105,2062031525
2061689381,2062076525
2063731925,2063992940
2066425506,2066854236
2067924206,2068365013
2069063807,2069240239
2070312476,2070552630
2070365160,2070556171
2071703816,2071897187
2072161983,2072596740
2072206312,2072491037
2072746319,2072958519
2073131531,2073794853
2075383092,2075511075
2077334694,2077360468
2078152176,2078370531
2080063778,2080691744
2080196464,2080473829
2081767369,2081909395
2082048969,2082481384
2083941002,2084244916
2083950765,2084248328
2085453880,2085544812
2085761015,2085898902
2087685831,2087945299
2088006036,2088100248
2088278197,2088707686
2090606487,2090740695
2091189292,2091579925
2091810136,2092011562
2092033419,2092430760
2094346305,2094633561
2094641437,2095186325
2094973403,2095037117
2096325448,2096851154
2096922757,2097094993
2098329069,2098704767
2098375467,2098596913
2098709515,2099273138
2100059385,2100430552
2100179474,2100374365
2100357334,2100741996
2101302234,2101587156
2101974684,2102173686
2102184955,2102255338
2102557119,2102815929
2102928715,2103122259
2103185920,2103384037
2104363380,2104928917
2107059556,2107454534
2108045872,2108454356
2108541780,2108742463
2108654502,2108987270
2108871269,2109158306
2109695583,2110237721
2112150758,2112662543
2113254108,2113469923
2114394227,2114439437
2114460394,2114888099
2114937557,2115528154
2116627402,2116824234
2117589636,2118070118
2117995690,2118361561
2118889310,2119175718
2121962470,2122420050
2122211658,2122703234
2122923974,2123178486
2123282918,2123376763
2123647586,2123964498
2124169140,2124550249
2124355818,2124460684
2125230129,2126047422
2125705880,2126088104
2127564334,2128015245
2128343253,2128830832
2128613072,2129182962
2129682440,2129872568
2131071879,2131425529
2131955036,2132476100
2134088944,2134463936
2135259828,2135565125
2136188576,2136455188
2136243433,2136608973
2137432217,2137724524
2139494375,2139804311
2141136786,2141419300
2141270898,2141759458
2141797820,2142061843
2142630976,2142805458
2143246954,2143525707
2143283020,2143516621
2146990402,2147301592
2148590180,2148904828
2149742293,2150038012
2149746327,2150054210
2149819709,2150270079
2150611808,2150885356
2151177951,2151478954
2151838037,2151921805
2151924364,2152235223
2152358316,2152712592
2154298475,2154507324
2157013596,2157554857
2158201249,2158703685
2158281306,2159005046
2159124074,2159251648
2159425894,2159864609
2159872381,2160452764
2161157869,2162067892
2161446288,2161745597
2161692149,2161947701
2164495247,2164953156
2164776021,2164913784
2165665122,2165900056
2166916268,2167416374
2167435575,2167805639
2167578855,2167995325
2167852228,2168022343
2167971546,2168511752
2168369181,2168646447
2170185822,2170522401
2170594728,2170896226
2170636303,2170860465
2170659504,2170761375
2170737210,2170902612
2170765765,2171202836
2171023571,2171510860
2171094658,2171272042
2171550702,2171665287
2171559043,2171727392
2171789104,2172166682
2172340057,2172716038
2172427627,2172728131
2172521855,2172838318
2172751028,2173145798
2173093015,2173508302
2173669682,2173982222
2173854725,2174209557
2174709053,2174897315
2174899222,2175409539
2175321958,2175828985
2176279371,2176512082
2177744088,2178252771
2178743908,2179156802
2179334939,2179842408
2179540719,2179834879
2180130931,2180541201
2181076997,2181485490
2181140697,2181609120
2181347050,2181465575
2181582075,2181882493
2183709176,2184138406
2184401699,2184625224
2184628657,2185073201
2184853427,2184883762
2185546363,2185886142
2186767556,2187113763
2187754267,2187786719
2188503533,2189029251
2188747669,2189311772
2192440420,2192951994
2192535793,2192992196
2192709629,2192945320
2193669479,2194128752
2193839339,2194450270
2193955236,2194259395
2196495001,2196803248
2197204944,2197481343
2197801472,2198039291
2197964978,2198310147
2200448898,2200920524
2201122750,2201406344
2201387554,2201454686
2201932409,2202033158
2202964223,2203507261
2203606931,2203993552
2203648054,2204157297
2204586004,2205158641
2205585388,2205906429
2205762183,2206369366
2207215685,2207481946
2207251418,2207647883
2207302581,2207771404
2207929549,2208056948
2209200375,2209786072
2209292699,2209715035
2209436274,2209458967
2209950604,2210320287
2211929826,2212163104
2212170972,2212314204
2212224064,2212422482
2216491987,2217041013
2216533282,2216795429
2217180279,2217303157
2218245877,2218610862
2218391201,2218739111
2219783902,2220276985
2220073361,2220222128
2220289986,2220685277
2220410652,2220653896
2220937558,2221069625
2221079522,2221493833
2221322491,2221448806
2223251840,2223715605
2225111379,2225540496
2226206590,2226281634
2226283153,2226521370
2226534690,2226854263
2226687139,2226972567
2226903748,2227131751
2227136793,2227570095
2227714787,2227876480
2227972933,2228216484
2228230056,2228639338
2228368182,2228759529
2230744103,2231047174
2231175221,2231254113
2231609527,2232142267
2232204820,2232683854
2236239389,2236398409
2236610244,2237052624
2237450313,2237578064
2238106709,2238674977
2239098686,2239505146
2241080756,2241141959
2243184301,2247597203
2247507552,2248129743
2248128582,2248410000
2249756836,2250111020
2250207850,2250703555
2251806128,2252194977
2252368396,2252687998
2254023252,2254172790
2254623614,2255074888
2254710711,2254936113
2255257118,2255318661
2256125033,2256653281
2256421024,2256742254
2256533520,2257069758
2257045691,2257629776
2257938807,2258427373
2257955748,2258298463
2261703877,2262097867
2262542191,2262829146
2262955018,2263268986
2262955986,2263311964
2263649402,2264093760
2264995319,2265491840
2265710377,2265910487
2266150214,2266398558
2266841561,2267233842
2268594377,2269084269
2269635337,2269766601
2270855887,2271154796
2270903811,2271467132
2271861145,2272314049
2272168912,2272390517
2272297917,2272863540
2272544419,2273080365
2272676510,2272828007
2275134703,2275401839
2276197369,2276961676
2277110380,2277584384
2278534053,2278751045
2281040520,2281445980
2282954817,2283291428
2283731815,2284085772
2284138864,2284788490
2284945869,2285567800
2285819816,2286424294
2288155143,2288272076
2289682821,2289725006
2289868886,2290339350
2290863550,2291286458
2292183969,2292698121
2292542019,2292980486
2292711440,2293092283
2292742928,2293130139
2293017312,2293259052
2293090097,2293366964
2293099626,2293319368
2293769743,2294266920
2295954007,2296356816
2296189492,2296356610
2296429322,2297035596
2297497695,2297797525
2299764422,2299886684
2300034820,2300569805
2301636228,2301985341
2302576011,2303059513
2303062378,2303523734
2304501675,2305077044
2305384178,2305737793
2306547731,2306835952
2307491291,2307964037
2307637476,2308132004
2308401016,2308699483
2310682369,2310981488
2313152485,2313654105
2315575013,2316163937
2316484229,2317103821
2317325350,2317899511
2317628837,2317650191
2318324578,2318680595
2320173805,2320537393
2320372978,2320460580
2320660443,2321077981
2322222088,2322470628
2322559910,2322639712
2322827335,2323134041
2323575506,2323624697
2323857608,2324197059
2323972505,2324538609
2325040683,2325188888
2327459930,2327809279
2329692910,2330240075
2330253167,2330699905
2331850635,2332283357
2331987220,2332412520
2334029902,2334074675
2334417117,2334914857
2336510687,2336834766
2336513224,2336706537
2336887105,2337111088
2337101430,2337488702
2337793464,2338225360
2340552298,2340811758
2341236661,2341670871
2343212282,2343471381
2345338434,2345527852
2345778922,2345993826
2346062874,2346539915
2352188579,2352725176
2353191924,2353524242
2353312309,2353422205
2354562899,2354832105
2355801898,2355979849
2356395759,2356788276
2357361956,2357685613
2358779591,2358945289
2359032943,2359318520
2360653502,2360704079
2360987991,2361555051
2363713722,2364229328
2364054623,2364179308
2364902315,2365299603
2365344818,2365506439
2366013484,2366340440
2366412523,2366989050
2366622534,2366783238
2367331859,2367692540
2368134520,2368449553
2368212074,2368557701
2369462896,2369547145
2369897588,2370209467
2374623215,2374856957
2375024526,2375478857
2375982044,2376014023
2376413562,2376445079
2377123049,2377425550
2380546315,2381187662
2382212157,2382580319
2382690052,2383138473
2382779019,2383286761
2383808714,2384178627
2386127671,2386675404
2387300811,2387737160
2388883070,2389493009
2389501529,2389996838
2389697021,2390009245
2391329478,2391586115
2392288415,2392542412
2392571063,2392944644
2393561527,2394225733
2394840469,2395460621
2396355149,2396690865
2397289520,2397758921
2398340429,2398669871
2398481222,2398612819
2399546671,2399789411
2402750381,2403315592
2403086246,2403253580
2404048598,2404149362
2404990790,2405359088
2405901443,2406338389
2407420278,2407831330
2408147824,2408630777
2408456533,2408720506
2409234524,2409608436
2409624454,2409891220
2411438255,2411701506
2413052624,2413511413
2413334232,2413864191
2413882967,2414385061
2414702392,2414879805
2416843527,2417511226
2416933185,2417210193
2418691796,2419114534
2418764755,2419294032
2418770670,2419345951
2419049389,2419596786
2419406734,2419638105
2419751211,2419964475
2420976098,2421296531
2421833820,2422169959
2424362977,2424637233
2424788164,2425193733
2424895445,2425131070
2427873939,2428103818
2427964626,2428476874
2428492807,2428920471
2428696901,2428842519
2428911704,2429048232
2430308308,2430500747
2430331079,2430428452
2431019760,2431627383
2432147720,2432287689
2434098583,2434147605
2434529153,2434922374
2436060149,2436282992
2437793257,2438145050
2438566951,2438655887
2439143319,2439220990
2439701842,2439846602
2440590475,2440868705
2441235976,2441805474
2446328059,2446637199
2450427181,2450619699
2454054645,2454644501
2456507311,2456655090
2457867718,2458130153
2460294451,2460803449
2460526812,2461028881
2461598458,2461710692
2463050030,2463696831
2465374648,2465798471
2467022305,2467434498
2467480299,2467923741
2467849109,2468007932
2468064299,2468526752
2469550206,2469907119
2470699539,2471418648
2470862338,2471366629
2471419861,2471760592
2472614162,2473215957
2473130181,2473496900
2475121163,2475301445
2475651900,2476270018
2475937318,2476109532
2476272469,2476739790
2476575113,2477075080
2477827299,2478406867
2479165316,2479443466
2479710014,2480046345
2480888588,2481060898
2483062331,2483473985
2484139331,2484418289
2486412883,2486743331
2488181475,2488612329
2488712873,2488808148
2488847823,2489032289
2489054997,2489676065
2489124712,2489231130
2489535734,2489556289
2489678082,2489858558
2492153481,2492443067
2492942974,2493441051
2493619976,2493941187
2495725735,2496109919
2495930732,2496307771
2497521921,2497670479
2497671733,2497984421
2497738286,2498331835
2498206686,2498320355
2499474430,2499959794
2501004345,2501291756
2501611249,2501906433
2503292585,2503481574
2503419270,2503593937
2504993324,2505267858
2506431914,2506935973
2507653964,2507789289
2508034488,2508194298
2509619041,2510143050
2511012507,2511523584
2511470071,2511955622
2511653844,2512079743
2511922137,2512562745
2514039376,2514279334
2514284906,2514873161
2514897436,2515210816
2515642233,2516179799
2517902211,2518369014
2518975537,2519322207
2519558317,2519875045
2519906589,2520592074
2521072666,2521606416
2521093502,2521344483
2522396864,2523361901
2524282839,2524366016
2524879813,2525153643
2524948437,2525183545
2527088516,2527133401
2528375375,2528731610
2530315322,2530667926
2530664975,2530823393
2532506550,2532840877
2533654524,2534258271
2534795136,2535238122
2535907585,2536159651
2536104774,2536477806
2536951486,2537325575
2537227477,2537521195
2537337675,2537900018
2537787825,2538191630
2539445018,2539923769
2539757199,2540114526
2540214278,2540267402
2540667046,2541098069
2540682118,2541080207
2540752613,2541652546
2542807681,2543279901
2544344543,2544541620
2545476183,2545961254
2546401722,2546893517
2546702950,2546942372
2547719958,2547881976
2549350294,2549548963
2549798120,2550238300
2551757757,2552204923
2551948650,2552229746
2552403816,2553013861
2552511740,2552823726
2553160657,2553676302
2553711492,2554009555
2553723288,2553739667
2555262380,2555882874
2555316770,2555859812
2557267732,2557609202
2558093822,2558198382
2560019491,2560519593
2560925212,2561766270
2561451831,2561990374
2563562724,2563927586
2565484874,2566135396
2566249502,2566867567
2566719983,2566999866
2568535792,2568933965
2569339590,2569825789
2569929213,2570460811
2572175881,2572419801
2573820836,2574115961
2573890813,2574301674
2575301386,2575790833
2575633044,2576386852
2576373613,2576675825
2576844077,2577299886
2577307545,2577623443
2577756677,2578205764
2579050891,2579358260
2579739582,2580215309
2580216849,2580291494
2581419895,2581992255
2582275786,2582892559
2584830578,2585367443
2589381348,2589900285
2590011330,2590503940
2591106134,2591385017
2592742318,2592977955
2594000481,2594180736
2596024347,2596602213
2596422508,2596687020
2597471083,2598006899
2600432490,2600518052
2601300944,2601556249
2602098309,2602602382
2603738369,2603775980
2607605545,2608200846
2607924424,2608215514
2608637163,2609416417
2610553854,2611072138
2611689353,2612282753
2613006457,2613285686
2616924127,2617357095
2617789670,2618522931
2619456413,2619892792
2620536239,2621050915
2621742257,2621863971
2621896999,2622378473
2622658710,2623127545
2623850988,2624722558
2624015929,2624609859
2624751096,2625135821
2625708154,2626014280
2627074129,2627665082
2628442529,2628927605
2634542627,2634736340
2634742886,2635209923
2635097772,2635598533
2636570383,2636937400
2638953404,2639332538
2639473412,2640132746
2639477597,2639801892
2640114552,2640145319
2641561975,2641847515
2641729972,2642217991
2641862521,2642358732
2641882244,2642416589
2643149189,2643530549
2645190175,2645828361
2645860508,2646287134
2647857994,2648581784
2648076651,2648579634
2650781558,2651369024
2653533014,2654297369
2653770705,2654405213
2654335472,2654831124
2654794885,2655223229
2655630731,2656469367
2656481947,2656785716
2657103447,2657509566
2658555464,2659386625
2660630368,2661052768
2660985177,2661620840
2661062478,2661616256
2662594298,2663016289
2663785343,2663980954
2664239477,2664458921
2665115444,2665337955
2668343629,2668552277
2672045857,2672650351
2676357914,2676634110
2677909942,2678109849
2678162379,2678784259
2679314058,2679787099
2680067787,2680446332
2681552120,2682024363
2682157019,2682242938
2682252027,2682759695
2683326972,2683600228
2686050911,2686741341
2688110641,2688532914
2691527127,2691817739
2691739731,2693141218
2691850721,2692240883
2694249703,2694450044
2695247751,2695514281
2695915000,2696394203
2696046850,2696270569
2699110033,2699685272
2700029838,2700597126
2700466586,2700731234
2700934006,2701582467
2701157233,2701610273
2702477665,2703059813
2703114647,2703648457
2703588429,2704084826
2704242766,2704641309
2704623421,2705121360
2705769196,2706390441
2707009405,2707365465
2707362350,2708071796
2707649773,2707944783
2714286046,2714862100
2714662430,2715398893
2715423586,2716109009
2717842961,2718087811
2720963716,2721802921
2721034255,2721209452
2722235830,2722929858
2726254603,2726856049
2726587163,2727581839
2729974042,2730337471
2731152164,2732013700
2732584724,2733063235
2733859629,2734321364
2734923926,2735252372
2735973606,2736601064
2736114509,2736556372
2736573835,2737371854
2736625989,2737295397
2741006349,2741421454
2743271723,2743569278
2745076726,2745589191
2745234599,2745834781
2745295264,2746015497
2749996708,2750580387
2750878012,2751502467
2752006673,2752753652
2754489665,2755087818
2754842141,2755159700
2756451025,2756768249
2756600692,2756895968
2757746854,2758167681
2762272558,2762536292
2765618287,2766118183
2767482810,2767602541
2770024872,2770472508
2770223362,2770605875
2770698358,2771381258
2771961663,2772351471
2779116194,2779700731
2779935696,2780367017
2783761750,2784316515
2784251632,2784835471
2784618404,2785055641
2787656044,2788271273
2787809274,2788726523
2789636898,2789838226
2790303679,2790758024
2790948309,2791071342
2793975487,2794303063
2794705573,2795179852
2794964639,2795269826
2795220725,2796136776
2796563233,2797488027
2797007571,2797236986
2797932703,2798542777
2800619361,2801184230
2802207019,2803018892
2802798860,2803395220
2803897004,2804626638
2807734528,2807993948
2807948230,2808391778
2811857826,2812678251
2815546034,2816099956
2815554421,2815645975
2816363779,2817140347
2818344834,2818913281
2819839855,2820676612
2820448449,2820798856
2822014962,2822367776
2822734226,2823212281
2824439617,2824852393
2826387039,2827184344
2827677278,2827997945
2827867951,2828841482
2828014640,2828270980
2832514393,2833007773
2832951421,2833333342
2834811504,2835526219
2835716094,2836343326
2836190769,2836375661
2837601584,2838229903
2838692306,2839363443
2840574956,2841111279
2841567942,2842046211
2843428894,2843737437
2843609930,2843743740
2844276933,2844918720
2844446376,2844954819
2851800626,2852554225
2853247729,2854098804
2853578775,2853877958
2853898304,2854580029
2854705140,2855444280
2859760870,2860381653
2862270981,2862461724
2862911452,2863591250
2865218542,2865687121
2866008190,2866166288
2868310058,2868645828
2869900203,2870349715
2870470748,2870628379
2871787793,2872104625
2873436849,2874743874
2874549799,2875341412
2875533897,2876707169
2876429462,2877451785
2876973013,2877138034
2877840794,2878138640
2879948900,2880150216
2881044567,2881696358
2881904217,2882216668
2882249040,2882303451
2882784215,2883492453
2882936282,2883482244
2883783015,2884746686
2884683570,2885006085
2887525142,2889432143
2889886050,2890797561
2895882795,2895993934
2896561687,2896812085
2896850887,2897771712
2897961477,2898438964
2898896115,2899549460
2902294985,2902564049
2903466081,2903842930
2905849304,2906165285
2905982135,2906901952
2909084670,2909810826
2909122971,2909805680
2909280679,2910081539
2910901490,2911119139
2911557626,2912159833
2912244831,2912445263
2914156058,2914431316
2916237309,2916756641
2916915595,2916966745
2917035121,2917911965
2922064860,2922432782
2924280600,2925127198
2927395798,2928021097
2932062152,2932476919
2934242395,2934885649
2934398951,2934978279
2934990440,2935281505
2937894197,2938391017
2938204040,2938445215
2938370674,2938688985
2938638974,2939105214
2938695548,2939311895
2938760820,2939079208
2940120284,2940368152
2941471280,2941767312
2943931691,2944077363
2944710383,2945459277
2945307870,2945620584
2945959348,2946161108
2946176501,2946920837
2947718193,2948358084
2950305046,2950868483
2952041061,2952986422
2953319356,2954053476
2954517696,2955244771
2954946332,2956110938
2956745360,2957069031
2957766582,2958464939
2959216701,2960121700
2960206103,2960809898
2961581604,2962002738
2962877862,2963596384
2966392718,2967298851
2967332195,2967675201
2967955169,2968461265
2969996991,2970366641
2970116447,2970588222
2970613204,2971349015
2970913186,2971097020
2972526269,2973096365
2974453234,2974470043
2975631601,2975994254
2976011121,2976353863
2979944796,2980512423
2986528100,2987368731
2987722136,2988520049
2990124816,2990487477
2991672479,2992393155
2991778919,2992238209
2992160866,2993051408
2994575878,2994922518
2996133131,2996637112
2998992104,2999791435
3000800401,3001436662
3001001574,3002069413
3001857859,3002255058
3005537395,3005912295
3007442227,3007890237
3007903042,3008756961
3009248188,3009952880
3011349550,3011751740
3012092478,3012534131
3013722623,3014169284
3014321833,3014839563
3016042112,3016675935
3016635245,3017406212
3016965147,3017591082
3020089925,3020525738
3020530668,3021070014
3022555784,3023407084
3025089569,3026092265
3026454215,3027018236
3026671898,3027309238
3029663428,3029996301
3032234794,3033107917
3035297903,3035602490
3039534961,3040341782
3039547691,3039924269
3040723622,3041747097
3040764837,3041485032
3041642863,3042592152
3042633767,3043599992
3042646168,3043649558
3044112447,3044494816
3044475830,3044989563
3047528923,3048021558
3048486024,3049438987
3048550762,3049396623
3054049720,3054648531
3054642887,3055311573
3056154811,3056928872
3057649057,3057929875
3057961993,3059042352
3058242443,3058921999
3063751706,3064397731
3069636363,3070170992
3069888745,3070369714
3070437491,3071243041
3077577679,3078286880
3079058407,3080485267
3080056568,3080987895
3082276244,3083273755
3084694747,3085731311
3085832754,3086264965
3086280946,3086635625
3087037942,3087639248
3089067342,3089576409
3090112613,3093106458
3090651249,3091079570
3091511698,3092071369
3093837303,3094443339
3093960981,3095069095
3094509082,3095020740
3095072417,3095379100
3095249723,3096069039
3095702948,3096515500
3100079762,3100787579
3101567942,3102335430
3102350745,3102894987
3102448792,3102747378
3102604178,3103250221
3103455603,3104078435
3104231855,3105269837
3106180381,3107102671
3108107018,3108925997
3113438943,3113544263
3114905919,3115174375
3115689833,3117198078
3116153600,3116789088
3117047697,3117744831
3119761506,3121042295
3120936599,3121973513
3124760708,3125791344
3127590098,3127829761
3127619245,3128907319
3127933731,3128886270
3131835630,3132158063
3132644363,3133848170
3135170080,3135636536
3139563054,3140125535
3139608432,3140033301
3140660789,3141652211
3140953139,3141720248
3142305103,3143047729
3142976895,3143420965
3147925377,3149040652
3149274339,3149425473
3149544090,3150503526
3152726806,3152946714
3153776914,3154710630
3157295729,3158194973
3159136983,3159659781
3160468936,3160888936
3161616336,3162949604
3162212144,3163503690
3165120122,3165438538
3165295484,3165892187
3169044582,3170109101
3169048936,3170443513
3170559054,3171384763
3176017248,3176416595
3180880212,3181492027
3182214808,3182862294
3186748164,3187032849
3187845765,3188031109
3188025494,3188474917
3188914283,3189249605
3191485079,3193140150
3196863049,3197634070
3197015387,3197643814
3197120015,3197662425
3198965582,3199409252
3203825858,3204080093
3204593153,3205682010
3204820991,3205626334
3212146957,3213109035
3213668533,3214363638
3214041085,3214928291
3217311752,3218270251
3218530433,3219205616
3218579808,3219370987
3220621883,3221093211
3221363026,3221826948
3222915426,3223724729
3222953079,3223690061
3224379561,3225068727
3224499642,3225458852
3228483389,3228919649
3232854484,3233918578
3233031957,3234398339
3234538925,3234928770
3236114769,3236910659
3236761266,3237587351
3236894603,3237694110
3239995841,3240643933
3243505102,3244229184
3246668622,3247437129
3251107112,3252183110
3251334350,3252146982
3252624552,3253854315
3253357977,3254176490
3253940125,3254812305
3254602492,3254983559
3259369957,3260185333
3259453319,3260285437
3260012238,3260947645
3262042270,3262214238
3262792495,3263623010
3266072470,3266952835
3269078307,3270018781
3269289414,3270405729
3269723996,3270889191
3270614840,3271243280
3271277386,3273653574
3275324250,3277098064
3275469909,3276565221
3278815776,3278856178
3279377559,3279809582
3280237065,3280730527
3282479629,3283034533
3285014943,3286047041
3287423749,3288032086
3290492546,3291092394
3295207916,3296605111
3300069454,3300544531
3302439850,3303246102
3302829965,3303365185
3304126991,3305010001
3305743791,3306163948
3308682683,3309830611
3312143722,3312568604
3312576991,3313740222
3313662464,3314348594
3314680591,3315798579
3322047678,3322747431
3322765965,3323018575
3330396458,3331478783
3331131598,3332030358
3331489679,3332268600
3334792418,3335780583
3335196236,3335845374
3335865901,3336921387
3337227298,3338039064
3337246324,3337942245
3339441842,3340472137
3340945177,3341940067
3341375086,3342105672
3342604753,3343938373
3343303217,3343941114
3352669370,3353501382
3358765673,3359331471
3359143783,3360718628
3362696285,3362883867
3363182960,3363990176
3363609849,3364672876
3375940267,3376932473
3378963241,3380168639
3379054319,3380360633
3381393260,3381795676
3381884692,3382900795
3383807412,3384611245
3384546022,3385317583
3385282255,3386775887
3389293889,3389329854
3389337462,3390896954
3390116165,3390957177
3391262876,3392296429
3391421062,3392257754
3392625054,3393476926
3393272892,3393509998
3400132631,3400904849
3400458301,3400502951
3403171788,3404261383
3405838761,3406896430
3407122439,3408188999
3408466226,3409303466
3409316511,3410098917
3411228273,3412088524
3414275331,3415437612
3414354854,3415488727
3415493045,3415937384
3417638519,3417916354
3418015676,3419048655
3420339731,3421272356
3424298414,3424928377
3425026809,3425595845
3425600353,3427225161
3425702209,3426281556
3426488757,3427456656
3428055071,3429209128
3428269081,3429819121
3432953805,3434083106
3434101513,3435462063
3437540186,3438000714
3437731937,3439012293
3438672910,3439793822
3439150844,3439656170
3439901013,3441060166
3447068453,3447904153
3450144499,3451111345
3457126606,3457848777
3458418899,3458601913
3459702797,3460270528
3460553000,3462004046
3461528377,3462412650
3463661937,3464318849
3465882970,3466199507
3467338938,3467407653
3471667851,3473319169
3472447934,3475939745
3474098053,3474652752
3475122672,3476318608
3486238048,3487434369
3486631689,3487690277
3489286533,3490325531
3490666677,3491994733
3491678009,3492092334
3492017231,3493555269
3493716968,3494598106
3496627945,3497403517
3497226774,3498102860
3497422784,3498487344
3499127281,3499464607
3499176489,3499940289
3499468238,3500407549
3501524998,3503118503
3502882387,3503337210
3506403612,3507475164
3510126656,3511039392
3510897090,3511524090
3511044581,3512042633
3511413962,3512738386
3512143213,3513279760
3512993684,3513648812
3516639369,3517338188
3520829216,3522220663
3522238535,3523391782
3525239385,3526035370
3528369400,3529608338
3531015615,3532300155
3531682797,3532734306
3536098207,3537367242
3537483461,3538356097
3538677024,3540004666
3540890584,3541809570
3542853282,3543724465
3544781918,3545071865
3545095914,3546517339
3545461279,3546789840
3547446488,3548670024
3551511241,3552033814
3552453251,3552958933
3553184713,3553816977
3554138271,3555299347
3554956637,3556897608
3555328623,3556236829
3556581903,3557443871
3564802097,3565742452
3566432076,3567231631
3568978092,3569990166
3569154690,3569892798
3571495675,3572703733
3573136950,3573965449
3573398119,3574473534
3574705912,3575663022
3575236226,3575571394
3575775249,3576893000
3580715382,3580999900
3581402010,3582323890
3584277903,3585992708
3590168716,3591173175
3591194363,3591501498
3597798959,3598584420
3598415092,3599213522
3600500467,3601071528
3600964539,3602571570
3606458526,3607574301
3612272510,3613111125
3613031799,3614605438
3613229891,3614386179
3614657266,3614757893
3615138098,3615917512
3617281931,3618460014
3620603945,3621272665
3625013176,3625295301
3627934168,3628816541
3632228774,3633564791
3632349042,3633905633
3637585641,3638551682
3642274097,3643803870
3644634808,3645878032
3645068349,3645665648
3650019083,3651387955
3653209389,3653619778
3654016890,3654351073
3654353636,3655948296
3654803407,3655348735
3656124812,3656955709
3659293469,3659996515
3659961029,3661220723
3662330904,3662915060
3662524836,3663423553
3665081698,3665350457
3666825395,3667344410
3668139333,3668662621
3670527289,3671680784
3671457695,3672164277
3672193048,3673054086
3672520812,3673621875
3674266983,3676047439
3675818774,3676432370
3676078355,3677013939
3677484057,3677856257
3679274104,3679618417
3680488646,3680813859
3689432516,3691270236
3691169291,3691582403
3691724147,3692204925
3694236648,3695322446
3696697866,3697617652
3702203610,3702905342
3713413229,3713601302
3714651736,3715387639
3715149737,3715367944
3716547525,3717904553
3717481022,3718109821
3718139451,3719840992
3718317274,3719071201
3721557997,3722835556
3723833104,3725126462
3724954276,3726063450
3725307194,3725921061
3727058556,3727553770
3732846495,3733430350
3736181258,3738778711
3738979138,3740029409
3738988368,3739873249
3743609414,3744516544
3747234249,3748446593
3754786636,3756094627
3759632101,3761233346
3759990501,3760332060
3762207091,3762763958
3764602954,3766063681
3764694849,3765984164
3765666241,3765765279
3766007394,3767852440
3773211582,3774183542
3787387356,3787714847
3789505391,3789877266
3799300077,3800752909
3805426065,3806044398
3805986076,3807165970
3806172381,3807155827
3807037914,3808604991
3807706805,3808013339
3809306509,3810205768
3810760117,3816291980
3811301328,3815923926
3815927367,3816510013
3816375418,3817601698
3818755079,3819232877
3827881175,3829034923
3829874230,3831044352
3832098435,3833198589
3835242228,3835706823
3836008911,3836721079
3838727218,3839536830
3843662079,3844035127
3850770370,3851408846
3851533845,3853889254
3853915153,3854687037
3854805555,3855133698
3856595013,3857239482
3863215336,3864420321
3866685318,3867160173
3869236747,3870709151
3870982145,3871844942
3874976417,3876453788
3875547914,3876844035
3880406567,3880456105
3880822047,3881933183
3884961996,3885741808
3890175418,3891116772
3890796861,3891586452
3890931569,3891471966
3891027410,3891335450
3897688075,3898394430
3897824082,3898175201
3899394848,3899847887
3900408232,3901674880
3904239713,3905117116
3904791736,3905389375
3908903560,3909680670
3914798011,3916040243
3915286196,3916943725
3916027895,3916568131
3917329929,3918011051
3922692188,3922946651
3923218282,3923689529
3931242998,3936056315
3941615599,3942712640
3941866414,3943221431
3943282216,3944419490
3946849919,3947898883
3949122213,3949966384
3949528068,3951247554
3951794646,3952325487
3956331951,3957268290
3957514808,3958679578
3958144778,3959352097
3959237849,3960836504
3961801696,3962777973
3962782129,3963707504
3964852031,3965761861
3966319751,3967002189
3968324536,3969941563
3971675712,3973423422
3985628063,3986536654
3987786640,3989480377
3991640170,3994464758
3993776466,3995518851
3993851092,3995229275
3994641384,3995781081
3995718593,3997200113
3996390764,3997800412
3997527625,3998202322
3997760154,3998267700
3998404256,4000031306
3998650493,4000047870
4000607119,4002501675
4003537930,4005112308
4006326657,4007688329
4009687415,4009828875
4010665753,4011161746
4021507222,4022850961
4023237750,4024349667
4027327778,4028282376
4029339312,4029645579
4029795993,4030404761
4030331542,4031621916
4036508458,4037328481
4049978611,4050192372
4052890473,4054093794
4055809682,4056862057
4065726788,4066947689
4067132597,4067469994
4067771771,4068537618
4068882763,4069085839
4073605764,4074576609
4077321332,4078767633
4081027659,4081600990
4084625511,4084855565
4086156657,4087727730
4093037727,4094485234
4093273290,4093986371
4098023190,4099849621
4098875660,4099563634
4099034178,4100701493
4099300197,4101127768
4099724190,4101131206
4102500883,4103710859
4103108625,4104051202
4103755246,4104816732
4108366371,4109502316
4109321403,4109995462
4111665025,4112010444
4111682605,4111741779
4111749847,4112582622
4112601278,4112836901
4113277358,4113866372
4114798328,4115790294
4115025579,4116415943
4115576226,4116627489
4121787436,4123438257
4122373333,4123276694
4126489173,4127889410
4126586504,4127619880
4126950825,4127592982
4135135700,4136346846
4136393371,4136955039
4137239750,4137905494
4139618956,4140039451
4140231847,4141915107
4145876913,4146883478
4146825911,4147572084
4147122486,4148029078
4147759558,4148358480
4148105979,4149316419
4150447045,4151521815
4152182380,4153144605
4156457675,4157075260
4157412193,4158847585
4157677189,4158760878
4159600112,4160804258
4162557577,4163060559
4163700251,4165338249
4164948305,4165592340
4169281762,4170659866
4171344282,4172048138
4174708761,4175229981
4175823234,4181122183
4182924620,4183877591
4183674377,4184807960
4185770412,4186604968
4186655322,4187869735
4188440503,4188659426
4191577521,4192358576
4192105784,4193005935
4192636285,4194583473
4193803504,4194932015
4197478450,4198951946
4197616208,4199227279
4198862700,4199674782
4202182589,4203671867
4202389487,4203315059
4204848377,4205830270
4208035532,4208672815
4209777235,4210184513
4210714223,4211127532
4216625431,4217176856
4222529931,4222859370
4224370681,4224848773
4224677669,4225519418
4226559446,4228179229
4227610031,4229152162
4228034969,4228842751
4231785406,4232553976
4233746636,4234444449
4234118712,4234487313
4234124020,4234999793
4236174328,4237778423
4238378692,4239608656
4239910413,4241735755
4240208357,4241354742
4240238605,4241267902
4242560027,4243909562
4245321936,4246443980
4245466089,4248912094
4247218690,4248577864
4252775693,4253537631
4253814936,4254536850
4262771886,4263395120
4266757191,4267997104
4268582844,4269754833
4274676532,4275498008
4276167554,4277090226
4284071981,4284710767
4286424880,4287738511
4286867359,4287606185
4294528742,4295343647
4296200413,4296905065
4307192026,4308794396
4307398096,4309197696
4310595948,4311334654
4310738788,4312260987
4310763337,4314681096
4311250476,4315567172
4311374982,4312747138
4312134792,4313538412
4312438726,4312964019
4312953846,4314725460
4317269322,4317938533
4318668008,4320337998
4320341777,4320686157
4320408672,4320531577
4321865530,4322328394
4328495184,4329620622
4329498693,4330077082
4332860613,4333930933
4338931303,4340209984
4351273011,4352202963
4351381711,4352600112
4351625797,4351824276
4352263390,4353405933
4355351995,4355466571
4355775561,4356445380
4357473438,4358374788
4360921991,4361356505
4366305779,4367769141
4368955434,4370228205
4370548724,4371228573
4373321411,4374690035
4374758474,4375747165
4375775763,4376668300
4376687848,4378300084
4377343081,4377484722
4381379372,4381748788
4381481670,4383198677
4383482145,4384124817
4387863327,4388876697
4388079489,4388996094
4390155903,4391624043
4390523028,4391521902
4408044272,4408891573
4411102425,4411664935
4413488971,4414324448
4414956466,4415929114
4418154763,4419476909
4422651058,4423087603
4424436062,4425190320
4426021097,4426747568
4427053671,4428459520
4430778690,4431052270
4433385765,4433877839
4434442748,4435322413
4439360290,4440636663
4439685640,4440785230
4440818695,4441359363
4440919453,4441251893
4453586228,4454695746
4457995503,4459034899
4459828302,4462857630
4463314881,4464281794
4465660027,4466807758
4470361704,4471691664
4470647942,4471010118
4476038592,4477078673
4477497625,4478631822
4481798674,4482755180
4485963483,4486228035
4490152008,4491154611
4490513155,4492198260
4493414423,4493849438
4497347547,4498872309
4500605823,4506205068
4510150162,4511478676
4516182999,4517413117
4533137828,4533215012
4534065765,4535051997
4535787005,4537704011
4537039948,4538233840
4537415815,4538068857
4539066091,4539705529
4540048074,4540450184
4540489817,4541993491
4540546122,4542356537
4540565395,4542062224
4544137548,4545165145
4547523727,4548649021
4550905045,4551424150
4551019785,4551902587
4551710846,4553018807
4554160461,4555148916
4555721365,4557029162
4560627745,4561673963
4561011945,4562234740
4569472140,4570379644
4569946170,4570915908
4574833828,4575445295
4580069373,4581164028
4583004614,4583062155
4584110969,4584878536
4586685641,4587777990
4590459962,4591027262
4592664769,4593376066
4596858750,4597765590
4597455975,4598153207
4598871014,4599363497
4599700189,4600869830
4604284812,4604412887
4605031455,4605254860
4605262409,4605815661
4606805694,4607672665
4608106925,4608922317
4608514786,4609450143
4608613453,4609622237
4609635708,4610302571
4610366280,4610950394
4611350403,4611965798
4612339043,4613198741
4617547562,4618523226
4618410542,4619246493
4621375771,4621812984
4621716984,4621992636
4622833722,4623287008
4623778440,4624611240
4626936556,4627418955
4628186138,4628328180
4628909677,4629647964
4631072334,4631789086
4631510560,4632199968
4634826343,4635233606
4636350282,4636621066
4636729649,4637281527
4638465292,4639166163
4639954029,4640211541
4640351569,4641178391
4642834449,4643343467
4645850833,4645907849
4647773052,4648195944
4648088962,4649011084
4649127728,4649519468
4650110368,4650555838
4650557902,4650955542
4650965778,4651080880
4654490822,4655045881
4655335295,4655693065
4657499847,4657922645
4657926978,4658688043
4661610766,4662506586
4663066318,4663582899
4663547405,4663659451
4664362225,4664789741
4666356797,4666873070
4668918714,4669195565
4669637732,4670422620
4671236582,4671436426
4671337150,4671847451
4672517247,4672724664
4675043247,4675763826
4675047785,4675505266
4675514088,4675741279
4677941807,4678329984
4677944317,4678648540
4680157579,4680822978
4680806115,4681283658
4680837626,4681059344
4684375594,4684945959
4685220921,4685749747
4686144057,4686673267
4686694894,4686861497
4688269739,4689160594
4690693873,4690799807
4691236483,4691965390
4693220071,4693447777
4693440158,4693870543
4693630190,4694176719
4694680432,4695248923
4695663307,4695694549
4696127476,4696623255
4698507902,4699008756
4698869231,4699414657
4699445702,4699837228
4699477726,4699789542
4700431757,4700856235
4702411404,4702897035
4702490114,4702867193
4705196615,4705712106
4705266120,4705342210
4706184065,4706293926
4707115815,4707487305
4707670029,4707930036
4710474892,4711108225
4711102825,4711406639
4713271081,4714187879
4715040236,4715479563
4715942033,4716001375
4716946342,4717047622
4718501438,4718758566
4720879688,4720905594
4721857955,4722248299
4722670216,4723164416
4724303633,4724900690
4724860086,4725027876
4726060734,4726398113
4726541975,4726815779
4726676062,4727018585
4727128464,4727387315
4727299789,4728032854
4728263005,4728433391
4728386920,4728409386
4730913358,4731029479
4731121272,4731659628
4731772341,4732086814
4731952146,4732430836
4732252841,4732322463
4732336236,4732439946
4734796830,4735115742
4735235788,4735689061
4735768839,4736032499
4736289418,4736537077
4736519093,4736686654
4737052840,4737500718
4737126848,4737247196
4737569631,4737647764
4737669622,4737901752
4738078760,4738148936
4738683698,4739111900
4743154470,4743462068
4743523067,4744010597
4746080083,4746654101
4746375882,4746679733
4746827665,4747013032
4749068750,4749128223
4750467847,4750736956
4750619459,4750861971
4751606312,4751938181
4752668200,4753168620
4753247905,4753430043
4754208571,4754717137
4755980060,4756334943
4756588072,4756764577
4756799042,4757334251
4759126551,4759444425
4759592675,4759980188
4760804042,4761257353
4761045394,4761781433
4761446165,4761982505
4761524044,4761636613
4763643676,4763670516
4765517894,4766121481
4766715249,4766770312
4767566401,4767665480
4769039234,4769405740
4769541969,4769877498
4770417314,4770882040
4771234737,4771278148
4772204309,4772746948
4773655842,4773965817
4773727931,4773863837
4774061715,4774566151
4777947522,4778005917
4778000077,4778462051
4778919484,4779500782
4779703438,4779854857
4779713497,4780267376
4780290214,4780847795
4780423040,4780806318
4782041172,4782647759
4782182377,4782723455
4785050332,4786044786
4785475273,4785863164
4789795552,4790157418
4789852811,4790291434
4793467838,4793762147
4795026664,4795324880
4795547978,4796141195
4795844608,4796572051
4796066748,4796594060
4796586240,4796733323
4796893395,4797050024
4798392897,4798816537
4798419335,4798667221
4799150805,4799250617
4802713989,4803072486
4803555540,4803595546
4803699546,4804313389
4804798923,4805390685
4806041918,4806403543
4806712689,4807093152
4807369456,4807783116
4808902119,4809086074
4808956751,4809166065
4810141804,4810410883
4810496332,4810676484
4810630527,4811009821
4811345490,4811384156
4811696671,4811861036
4812368072,4812553197
4812436925,4812600285
4812607959,4813018845
4813407017,4813865270
4814203560,4814566577
4815488545,4815702774
4817451644,4817773761
4817608242,4818231570
4817805740,4818039936
4818000763,4818527601
4818093033,4818552753
4820235186,4821100712
4823190815,4823710869
4823696269,4823826637
4825872771,4826275129
4825981504,4826531051
4827144757,4827656000
4828487348,4828946785
4830141125,4830486264
4831575472,4832106129
4832066599,4832670549
4832499271,4832824914
4833232813,4833401530
4833785284,4834177214
4834437150,4834747880
4835837845,4836229698
4836711428,4837203556
4837579518,4837995555
4837797558,4838235619
4838250581,4838685252
4838604900,4838849988
4838790767,4838855257
4839491467,4839534495
4839676591,4840066614
4840144632,4840657894
4842900530,4843125869
4843580308,4844146613
4843669454,4844285750
4844972695,4845474394
4845638602,4845740076
4845690443,4845776312
4846116122,4846508028
4846688251,4847039919
4847432074,4847818456
4848609394,4848855142
4849587346,4850016240
4850309910,4850478310
4850732580,4851208811
4852553941,4853156881
4853218734,4853576580
4853354433,4853698935
4853506105,4853578375
4853771902,4854088477
4853948867,4854011563
4854306207,4854323053
4854569681,4854999573
4855006785,4855266737
4855017885,4855464690
4856453462,4856924116
4856796891,4857414300
4859474056,4859865956
4862166533,4862584441
4862174684,4862439605
4862676284,4863026784
4863956410,4864480279
4866713951,4867056236
4867143272,4867385792
4867835650,4868528359
4868112128,4868336615
4868990150,4869306141
4870405960,4870880695
4871413964,4871573607
4872338469,4872667109
4872715764,4872774345
4874760926,4875265297
4874788029,4875211124
4875572773,4875783929
4875873876,4876033453
4877079987,4877334791
4879374963,4880041413
4879515159,4879589437
4879524937,4880017536
4879700631,4880278497
4881178881,4881809094
4882001941,4882141289
4883339694,4883378907
4883630161,4884196115
4884076341,4884144622
4884455123,4884513847
4885453893,4885581234
4885645555,4885978692
4886957229,4887280324
4887615237,4887706382
4888503903,4889007627
4889072577,4889498046
4890205337,4890675632
4890607526,4891244647
4890720085,4890946282
4891254537,4891281388
4891491327,4891643234
4893623401,4894424799
4894785219,4895228255
4896012996,4896408291
4897177886,4897830038
4897233016,4897705022
4897715788,4897826027
4897894968,4898083195
4899853029,4899904872
4900890749,4901294349
4901319370,4901763654
4901643831,4902045141
4902962644,4903101596
4902965303,4903553807
4904025430,4904171534
4905584312,4905675726
4906380654,4906470760
4908920229,4909397813
4909336668,4909647362
4909420665,4909929417
4910115608,4910183227
4910420598,4910984163
4910571122,4910919632
4910973020,4911219518
4911192168,4911612239
4911447094,4911724025
4912287452,4912683289
4912814465,4913126368
4913439873,4913681728
4914359213,4914764247
4915470658,4915712895
4916236811,4916598604
4917022737,4917659007
4917051524,4917239903
4917986549,4918297689
4918507146,4918677333
4919154921,4919528308
4919957874,4920291901
4920793253,4921212979
4921276913,4921429663
4921330566,4921486894
4922219342,4922518472
4922542229,4922979224
4923165865,4923680995
4924517319,4924626537
4925124672,4925608701
4925374198,4925868321
4927109846,4927401455
4927340039,4927721217
4927610268,4927751102
4928155032,4928366925
4929386725,4929960338
4930786714,4931037374
4931389181,4931542816
4932582591,4932965012
4932842704,4932880455
4933156728,4933371467
4933238456,4933837959
4933793653,4933932097
4935257787,4935831113
4936179745,4936515872
4937363797,4937930845
4938123962,4938452286
4938624261,4938693403
4939694768,4940329243
4940379964,4940447816
4941096284,4941288578
4942506462,4942729928
4943745610,4944153954
4944791190,4944939935
4944891591,4945513648
4945377878,4945580925
4945693233,4945839268
4947007355,4947338501
4948216046,4948770883
4949101874,4949155915
4949592138,4949837334
4949774339,4950066649
4950147061,4950703700
4953924620,4954409168
4954155056,4954519441
4955879876,4956304645
4956278128,4956708176
4957433419,4958229189
4959251258,4959305451
4959700170,4960177305
4960025713,4960420617
4961005959,4961272319
4961059064,4961390404
4961782693,4962233738
4963577760,4964518098
4963755844,4964081666
4964545457,4964749840
4966785110,4967141434
4968165272,4968249232
4968398573,4968785073
4969328839,4969698915
4970388814,4970835393
4971335075,4971768572
4972462862,4972493362
4972990226,4973460654
4973276858,4973594299
4977238888,4977536473
4977412122,4977891604
4978499834,4978766929
4978789740,4978976881
4979885491,4980083247
4983658190,4984281497
4984235313,4984512418
4984379904,4984786776
4984829577,4984880607
4985012322,4985259174
4985090824,4985153508
4986872373,4987298356
4988082994,4988207153
4988278210,4988314287
4989386457,4989867890
4990001842,4990764704
4991956560,4992327900
4992341694,4992955530
4993711556,4993942841
4994373921,4995043817
4994591170,4994830358
4995143672,4995621962
4995698920,4996324024
4995742638,4995928222
4997853442,4998427736
4998225531,4998760769
5000310674,5000823205
5000479594,5001067430
5001165968,5001245417
5001514681,5001717008
5002389158,5002978824
5003411820,5003845549
5006208715,5006468239
5006474561,5006535708
5007952369,5008208719
5008013247,5008102642
5008512151,5008541244
5009300706,5009776659
5010444579,5010712230
5011253326,5011327644
5012557793,5012857135
5012752994,5012938183
5015270859,5015601299
5015862723,5016047059
5016449049,5016720475
5017171730,5017217717
5018092137,5018459934
5018171650,5018344900
5019017126,5019663980
5019156634,5019427187
5019972491,5020264333
5023060782,5023439673
5023828688,5024346519
5024331301,5024440208
5024955278,5025229260
5025861697,5026128158
5026158211,5026569134
5027091461,5027612889
5028106184,5028682735
5028914122,5028940500
5030784152,5031093958
5031744921,5032027699
5031945362,5032577059
5033958519,5034404161
5035110126,5035420561
5037088495,5037253454
5038647181,5038912841
5039636661,5039816203
5040326746,5040621857
5040735063,5041138115
5041411075,5041478496
5041577138,5042157225
5042054349,5042515913
5042465305,5042830319
5042628837,5042799721
5043490337,5043845630
5044343975,5044639371
5045870755,5046430244
5046408860,5046807326
5047072733,5047601657
5047274468,5048171261
5048696335,5048844900
5048935789,5049374878
5050298562,5050401527
5050883822,5051198541
5053330039,5053588998
5053375156,5053893844
5053707879,5054284341
5054305403,5054551796
5055148489,5055481649
5056038720,5056443373
5056729289,5056933349
5058265889,5058408075
5059660965,5059996008
5060561584,5060848982
5060584397,5060987630
5060693961,5061168892
5061007130,5061291249
5062806996,5063034508
5062806996,5063200969
5064169234,5064235681
5065655031,5065838468
5065667455,5066135889
5067490640,5068067549
5067547503,5068000617
5067637789,5068120201
5068006031,5068563526
5068372748,5068765015
5069707779,5069826452
5072163703,5072559880
5072376648,5072702074
5072756692,5073053015
5072950137,5073267145
5072992473,5073081950
5073626351,5073751990
5073942112,5074112533
5074238649,5074849577
5074878719,5075306336
5075352385,5075636275
5077480154,5077939020
5077624157,5078311718
5082040310,5083049559
5082100347,5082396187
5083545688,5084076811
5084039044,5084117860
5085052338,5085313113
5086120485,5086868554
5087873499,5087986599
5087951044,5088326477
5089025845,5089517296
5091544051,5091754752
5093249605,5093663629
5093641113,5094005675
5093689902,5094147790
5094783938,5095256399
5094818011,5095274291
5096113876,5096245548
5096425945,5096928016
5096554411,5097295223
5097683119,5097709765
5098436069,5098788631
5101381416,5101825159
5104722504,5104825569
5104827419,5105254388
5105144937,5105236188
5105792062,5106106735
5107963550,5108456140
5108010517,5108338805
5108266178,5108473915
5109317381,5109569668
5111038671,5111341289
5111326104,5111380031
5111712930,5112007889
5112403694,5112877600
5112762495,5112895963
5112835822,5113285987
5113089578,5113325236
5113651526,5114150041
5114294805,5114609497
5115244755,5115755938
5116126619,5116461463
5117242962,5117725729
5117749673,5118536415
5118060678,5118459589
5118410167,5118827715
5118636959,5118695178
5119073511,5119205579
5119201568,5120102665
5119628813,5119856328
5121185497,5121371390
5121475800,5121693059
5122563307,5122912271
5122826363,5123098258
5123546189,5123656866
5123992384,5124422016
5123994984,5124469090
5124849981,5125411246
5125858522,5125932069
5127945288,5128490797
5127955488,5128324356
5128691321,5129036849
5130463278,5130819842
5132494433,5132714249
5132822797,5133292899
5134598967,5134930942
5135078544,5135350275
5136885177,5137081862
5137163476,5137380451
5138138643,5138183631
5139674414,5140134288
5139958861,5140484764
5140696826,5140765700
5141332930,5141671452
5141481787,5141915698
5142352273,5142651758
5147191803,5147310349
5147553060,5147713818
5147776166,5148145937
5148026384,5148631160
5148441744,5148665751
5149264782,5149326855
5150729729,5150796022
5152613197,5152991468
5152642707,5152724859
5153937286,5154495836
5154728188,5154793961
5155456544,5155733405
5155502975,5155954715
5155697540,5156112884
5156960237,5157608951
5157603521,5157831303
5160441167,5160819439
5160691755,5161222215
5160721299,5161020013
5161254661,5161573619
5161499100,5161719846
5161509459,5161862980
5161592894,5162245295
5161943339,5162626255
5161954467,5162316878
5162218642,5162460854
5163880567,5164445597
5164344168,5164722842
5164530455,5164577094
5164986727,5165386241
5165169960,5165234102
5165229569,5165592333
5165682775,5165908133
5165903277,5166235547
5169910278,5170167347
5173064453,5173438918
5173420875,5173530342
5173782849,5173933837
5175134591,5175733050
5175816513,5175931857
5175907738,5176316818
5176128078,5176501488
5177453103,5177669177
5177683604,5178273302
5178335837,5178692241
5179083451,5179724966
5179772952,5180212269
5180885999,5181121091
5181124001,5181474788
5182604309,5182644050
5182901582,5183296307
5183057755,5183539722
5183592990,5184132102
5184785422,5185069154
5187481671,5187513784
5190061169,5190385555
5190345725,5190772225
5190820338,5190888011
5190957378,5191478912
5190965531,5191085740
5191308464,5191821805
5191559752,5191891208
5191767478,5192304005
5191901702,5192316687
5192355523,5192423962
5195778388,5195985990
5196163800,5196279065
5196327501,5196373499
5196401480,5196487388
5197978491,5198036478
5198462409,5198845398
5198509792,5198966510
5199127612,5199736544
5200881490,5201741332
5202037050,5202082620
5202151017,5202464705
5203264791,5203316592
5203708356,5204000379
5203760935,5203925913
5204774097,5205070488
5205018283,5205601969
5206101690,5206387795
5206409680,5206940742
5207886714,5208238582
5208152840,5208314607
5209302098,5209869528
5211106014,5211396480
5211663110,5212063271
5211846160,5212178186
5212052312,5212278696
5213344128,5213472680
5213720831,5214487688
5214661403,5214988596
5216238713,5216349224
5216775393,5217107718
5219465113,5219691740
5219695686,5219723910
5221199149,5221788296
5222799667,5223247835
5223684966,5223961035
5224201830,5224763419
5225144832,5225601964
5226682613,5227092059
5227316051,5227548615
5229774651,5230402332
5230372406,5230518051
5231742903,5232194800
5231792259,5231989147
5232117960,5233101311
5235324260,5235408153
5235583345,5235599267
5237947208,5238546888
5238894661,5239316569
5239295124,5239590224
5239391924,5239587999
5239566904,5239598214
5240916710,5241317679
5241189316,5241731864
5241203506,5241726664
5241782245,5241935293
5242848128,5243051967
5243594509,5243942173
5243617201,5243961589
5246309972,5246396458
5246315258,5246821224
5246530415,5246682311
5249196353,5249376090
5250184450,5250436850
5250440750,5250627318
5252396741,5252836925
5252598820,5252895254
5253191752,5253886270
5253721410,5254408614
5258078891,5258535522
5259054325,5259530434
5260881354,5261511155
5261140902,5261849425
5262286041,5262358276
5262657611,5263131542
5264024117,5264407471
5264722677,5264946885
5264861822,5265358375
5265362016,5265743608
5265819377,5266044612
5266608331,5266681234
5266858048,5267269922
5267053114,5267265032
5269546732,5269860118
5269837711,5269965218
5272152661,5272550671
5272537751,5272929826
5274693275,5274984714
5275236843,5275277536
5275858308,5276139416
5275862867,5276082002
5276980212,5277261528
5281396263,5281827949
5281789623,5282122738
5282675404,5283177091
5284707531,5285552333
5285406996,5286129431
5285844108,5286143529
5287273782,5287946752
5288761034,5288882254
5289868347,5290173569
5291964898,5292431543
5292640389,5293103454
5293756053,5294030179
5294107924,5294555294
5294193538,5294410581
5295417646,5295489527
5295441977,5295904153
5297655929,5298197657
5298138129,5298440330
5298786414,5298994047
5298813325,5299146728
5299085552,5299427307
5299280045,5299858177
5299442217,5299679053
5299684786,5300141788
5301936045,5302091133
5302297200,5302651498
5304140464,5304513178
5306793786,5306935415
5307814607,5307985643
5307862016,5308116672
5308255654,5308292187
5309110151,5309494958
5312035481,5312472885
5312430896,5312874504
5312537984,5312696417
5313896698,5313966363
5314627410,5315078932
5316439344,5316678897
5316841840,5317119737
5317468401,5317928465
5317675354,5317720483
5319775017,5320230316
5320616606,5321212544
5321829224,5322138695
5322035768,5322624532
5322145248,5322999734
5323050916,5323651626
5324626097,5324756626
5325562337,5326086568
5326162288,5326725962
5326301811,5326653053
5326566431,5326942571
5326737501,5326992546
5326929696,5327149504
5327466108,5327667411
5327672707,5328005904
5327866640,5328044914
5329218989,5329575036
5330515740,5330808524
5331364746,5331708294
5332001270,5332504496
5332755338,5333127404
5333575958,5334081700
5333830358,5334126677
5333881996,5334003278
5335823252,5335876113
5335863941,5335928298
5335921652,5336157082
5336160314,5336343440
5336512772,5336769103
5337303834,5337646949
5337448155,5337815412
5337683515,5337985077
5339087814,5339506593
5339876601,5340053471
5340083365,5340464298
5340781508,5341402768
5341367473,5341552048
5344817900,5345159239
5345077755,5345454630
5346071646,5346228098
5347785384,5348077205
5350166709,5350664015
5350406312,5350898923
5350949355,5351238348
5351611933,5352112073
5352717783,5352847743
5355550254,5355956287
5356927208,5357486080
5358037925,5358368097
5358382584,5358520808
5358546040,5358738596
5358861497,5359287530
5359939587,5360556200
5359972940,5360872990
5361343684,5361680606
5361363243,5361732397
5361407536,5362196313
5362121279,5362368499
5362137994,5362431995
5362251223,5362979340
5362433218,5362697435
5364299118,5364690128
5364668792,5364721020
5365321355,5365734291
5366833624,5366922458
5368787697,5369070056
5368909268,5369002100
5368934401,5368961610
5369746927,5369854203
5372804449,5373574355
5377617815,5377981947
5378137575,5378475879
5378269041,5378448423
5378958925,5379307357
5379097700,5379479143
5379700100,5379748972
5381307047,5381456141
5382291133,5382488493
5383280892,5383358358
5385587160,5386000295
5385654042,5385807969
5386348598,5386693117
5387881288,5388038325
5388303799,5388493558
5388449488,5388749505
5388636432,5389007158
5390325372,5390719144
5390731874,5391254389
5394523365,5394663722
5394799793,5395044048
5395076486,5395396469
5395712430,5396090490
5395738459,5395871582
5397879600,5398124758
5398771295,5399400062
5400204936,5400473587
5402856405,5403359737
5404092586,5404380677
5408743013,5408862602
5408768605,5409089885
5408913845,5409134858
5409194351,5409503380
5410143851,5410554821
5410304671,5410656844
5410742556,5411078406
5411202573,5411236775
5411627567,5411754563
5412450876,5412602885
5414789473,5415286790
5415289318,5415905880
5415357840,5415404346
5416329968,5416772303
5416404611,5416779611
5418270654,5418523898
5419481420,5419820949
5420533874,5421145759
5421269399,5421558812
5422817043,5422943064
5423617857,5423719978
5423972743,5424123440
5426126101,5426680480
5426219040,5426536437
5426260667,5426488740
5426384426,5427213842
5427973854,5428355224
5429768588,5430270119
5429831171,5430146588
5430119786,5430338369
5432917923,5433223173
5433636749,5433952419
5435727011,5436166278
5436461913,5436709476
5436912088,5437535834
5438169181,5438341369
5440466789,5440642006
5440623349,5440887179
5440672127,5441369338
5440869466,5440955452
5440903479,5441148595
5442477707,5442850371
5443083716,5443758120
5443723144,5444024562
5444679796,5445167807
5445827421,5446361422
5446564058,5446906669
5450857909,5451343474
5451074736,5451384994
5451588979,5451704752
5452105711,5452569828
5452992358,5453598297
5453480465,5453785296
5454596265,5455033741
5455151165,5455522671
5455638136,5455935707
5455933758,5456336885
5456598969,5457064119
5457227351,5457298233
5458446883,5458840363
5459435614,5459893498
5460067692,5460486453
5461965335,5462253224
5462851890,5463064668
5466383026,5466483944
5466805594,5466952057
5467774452,5468261411
5471511622,5471642312
5471861952,5472783006
5472718203,5472824919
5473191883,5473748932
5473279404,5473684870
5474070832,5474207968
5475357021,5475704483
5475871172,5476260440
5476478792,5476875965
5476801664,5477294775
5477375506,5477889408
5478065837,5478337378
5478454535,5478584961
5478761335,5479285660
5478930051,5479066398
5479091831,5479649505
5479454229,5479483507
5480352442,5480900290
5480640051,5481443600
5481779735,5482158675
5482751738,5483239229
5482959949,5483001641
5484232387,5484247208
5484301525,5484591658
5486012826,5486408303
5488358533,5488602786
5488584047,5489200708
5488670660,5488854187
5490731743,5490902561
5491035203,5491502831
5491191979,5491384575
5492587939,5493159529
5492820759,5493267788
5493975028,5494093366
5494106873,5494429101
5495714085,5496037974
5497655972,5497707779
5497842765,5498046445
5498323392,5498590677
5498462001,5498599173
5499833824,5500003418
5500251349,5500826915
5500902450,5501429217
5501955991,5502341121
5502093117,5502384246
5502162776,5502265168
5502698998,5503182408
5502797461,5502889783
5503669756,5504026675
5503819002,5503979616
5507237143,5507288057
5507258403,5507706911
5508246382,5508510012
5508954137,5509007869
5510368679,5510539369
5510737808,5510973242
5510746646,5511024432
5513337735,5513661513
5514072826,5514367396
5514417227,5514834612
5516725033,5517122258
5517003122,5517404893
5517601072,5517769005
5518839657,5519185224
5519389695,5520029453
5521795770,5522013361
5525439674,5525759267
5526357444,5526547665
5527098623,5527570636
5527324917,5527649536
5528004404,5528650131
5529025507,5529094029
5529804845,5530287780
5530091779,5530331475
5531618369,5531789040
5531836825,5531920144
5532901258,5533319712
5533958414,5534315847
5534163800,5534500635
5534557023,5534928654
5535123613,5535533584
5536387677,5536591227
5536911205,5537245035
5537133875,5537601613
5538334960,5538750186
5539824818,5540149631
5539890016,5540260127
5540248068,5540505869
5542784951,5542852368
5543258886,5543676642
5543899707,5544398041
5544120160,5544565656
5544239499,5544605601
5545024041,5545330334
5545106841,5545500538
5545244069,5545473362
5546683957,5546716499
5546692829,5546846501
5548959720,5549187188
5549297272,5549570738
5549450762,5549643521
5550166830,5550441545
5550942858,5551460834
5552576751,5553072993
5553369416,5553731498
5553746774,5554036778
5554022138,5554567665
5554753135,5554912871
5556348235,5557090756
5556603747,5557125106
5558628796,5559216463
5558689559,5558883577
5558729441,5559240579
5561003888,5561219313
5561147860,5561760872
5561393709,5562245289
5561986196,5562379820
5562251985,5562515818
5562460439,5563057036
5563604364,5563637611
5564143633,5564599127
5564522729,5565125731
5565923895,5566147462
5567697475,5568197426
5570721303,5571179947
5571379047,5571447877
5571404350,5571709433
5571459074,5571610704
5571656352,5571793178
5573535414,5574073085
5577211261,5577590958
5578533879,5578847863
5581595570,5582073638
5583956045,5584396090
5584269836,5584507748
5584435456,5584606416
5586452183,5586830796
5587180088,5587639246
5587212480,5587628890
5587332033,5587630574
5588103265,5588467394
5589177915,5589651874
5591007447,5591471291
5591793347,5592253918
5593132898,5593634257
5594653009,5595402204
5594860180,5595136502
5595312836,5595451775
5595737667,5596389373
5595977132,5596207588
5596866552,5597186116
5599357094,5599848358
5600216817,5600815417
5600509763,5600534402
5601372446,5601925664
5602442560,5602513206
5603836035,5604281157
5604370449,5604701187
5605496081,5605664090
5607576660,5607974420
5607773329,5608147197
5607983432,5608362666
5608085470,5608485410
5608369171,5608694002
5612500658,5612670280
5614082300,5614887961
5615328889,5615636017
5615756795,5616008556
5615757608,5616121845
5616411531,5616875459
5616564928,5616940519
5616860217,5617077434
5620867258,5621403304
5621104936,5621321528
5621777503,5622170588
5622324285,5622788337
5623849019,5624046708
5624463447,5624689080
5624564100,5624917235
5624620085,5624725594
5625280507,5625315922
5628440787,5628765163
5628515920,5628984619
5629334878,5629651177
5629338743,5629935317
5631890370,5632163918
5633183286,5633649601
5634185439,5634714483
5636116454,5636693316
5638051575,5638081600
5638672009,5638909826
5638678143,5638904416
5638917807,5639305366
5639287503,5639759802
5639665951,5640076549
5639835343,5640107891
5640956391,5641565265
5641622181,5642186259
5641695444,5642153024
5641760448,5642132207
5642142953,5642187188
5644526468,5644961560
5647662394,5647973467
5648687564,5649349093
5649731560,5649966558
5650285723,5650730606
5650693973,5650981958
5651099455,5651537921
5651284548,5651678613
5651348865,5651527427
5651464255,5651940440
5652865168,5653204389
5654322980,5654463781
5654529431,5654648154
5656548798,5656855503
5658120647,5658526401
5658415914,5658828465
5659581803,5659908225
5659920449,5660197784
5660165508,5660298437
5661661796,5661704376
5661704216,5662042674
5661745471,5662314366
5662184041,5662530402
5662710500,5662924281
5663268439,5663621423
5664864716,5665168644
5666953134,5667023188
5667459064,5667698679
5668189814,5668508439
5668597900,5669057690
5672709706,5672926002
5673171849,5673433427
5673490374,5674015025
5673982434,5674288739
5677901642,5678485163
5678288460,5678664224
5678894219,5679321824
5679469939,5679888213
5680235726,5680702270
5681411315,5681480926
5681641942,5682074608
5681849499,5682207567
5684078246,5684705728
5684707943,5685124334
5686438239,5686974635
5687813819,5687864795
5688406451,5688586911
5688614664,5688694208
5689753510,5690360079
5690216896,5690363498
5693416485,5693565057
5693986589,5694036237
5695067123,5695248013
5695277239,5695428562
5696926185,5697254413
5697199041,5697369770
5697342822,5697982417
5699019585,5699393752
5699916842,5700546794
5700062403,5700317771
5700997034,5701157774
5701699161,5702247969
5701740227,5701892973
5702069803,5702335331
5703047291,5703700620
5706325125,5706429179
5706359548,5706525228
5708202612,5708618999
5710657649,5711013128
5711446638,5711600713
5713953904,5714063710
5717697967,5717871444
5719159458,5719754652
5719176100,5719480784
5719443304,5719632714
5719500299,5719568373
5719873820,5720098633
5720072796,5720422403
5720105822,5720198765
5720714420,5720917926
5723008171,5723513555
5723013447,5723284027
5725249963,5725659721
5725347508,5725504299
5726003359,5726037910
5726758059,5727211778
5728100729,5728542499
5729642027,5729861641
5729707447,5730180393
5732785430,5733327235
5733058818,5733482384
5733083734,5733334606
5733391545,5733900920
5734088060,5734108381
5734625928,5734988722
5735930209,5736479604
5736535452,5736603410
5739227399,5739479680
5740158160,5740369712
5741433797,5741792240
5743279648,5743578655
5743972910,5744243118
5744942459,5745418746
5747444658,5747875021
5747740098,5748471365
5748460619,5748797608
5750866522,5750932650
5750957215,5751318443
5752144407,5752555250
5752147078,5752506567
5753462334,5753732776
5755014930,5755507967
5755137434,5755469625
5755686401,5755729917
5755838656,5756114822
5757562760,5758241388
5758784104,5759196010
5762191752,5762276301
5763459680,5763847949
5764626384,5764881328
5766202109,5766331184
5766263819,5766626582
5768627242,5768950903
5769112744,5769511501
5771182023,5771829763
5771202708,5771729152
5772156487,5772681484
5775729978,5776357569
5776740766,5777183722
5776871163,5777035564
5776888047,5777480522
5776943106,5777224198
5778016540,5778602809
5778711266,5778870626
5779318923,5779619628
5783343321,5783493478
5785735807,5786017661
5786982835,5787345030
5787674804,5788049005
5787741231,5787857465
5788269155,5788321139
5790169530,5790290975
5791770271,5792053595
5792054967,5792325896
5793100846,5793199844
5793159013,5793700667
5793636908,5794050194
5794062692,5794191810
5794203423,5794602810
5794526297,5795026694
5795037825,5795602274
5796065606,5796112588
5797022169,5797616913
5798283641,5798592337
5798290929,5798623634
5798636073,5798929187
5798789562,5799346341
5799791548,5800195521
5800232273,5800393820
5800235337,5800707486
5800641622,5801220276
5801087532,5801165402
5802788471,5803184897
5804004070,5804472132
5806622749,5806664673
5808818189,5809210191
5808906657,5808938128
5810613122,5810905408
5812231327,5812456175
5812313015,5812835277
5813563351,5813953151
5813984230,5814823325
5814391510,5814843727
5814851910,5815244905
5816931751,5817380896
5817238481,5817524200
5819499048,5820015917
5821319975,5821341340
5822181157,5822503910
5823031555,5823530994
5823385913,5823934891
5824068196,5824673224
5826696360,5826926292
5827116956,5827493676
5828042842,5828484705
5828331388,5828413080
5829079354,5829139233
5829191551,5829626585
5832495468,5832965187
5832888197,5833317703
5833429821,5833957678
5833585356,5833633441
5833792867,5833955765
5834710477,5834891148
5836278450,5836393107
5836534422,5836679642
5836714401,5837067241
5837904628,5838439221
5838577207,5838960829
5840962642,5841243316
5841127563,5841287727
5841391144,5841507088
5841533682,5842070724
5841568651,5841981954
5844010356,5844321573
5845185552,5845493535
5847340774,5847388931
5851611361,5851978387
5852247970,5852705806
5852298000,5852787601
5853864657,5854082985
5855008459,5855559655
5855582593,5856186620
5856253815,5856309428
5858185435,5858327371
5859134546,5859585424
5859173420,5859192525
5860138618,5860697802
5861245952,5861407794
5861865228,5862107963
5862589970,5862792649
5862613060,5862645597
5862653733,5863078018
5863470386,5863797445
5864670202,5864702445
5864686039,5864718018
5865763311,5865976777
5867807338,5868146268
5868434623,5868896117
5870045120,5870150815
5870339744,5871026928
5871107520,5871349702
5874779510,5875120191
5875266574,5875770768
5876095625,5876171968
5876478329,5876546771
5876619359,5877026687
5876909051,5876949922
5878396757,5878985510
5878477059,5879021364
5880211845,5880476806
5881441918,5881679267
5881876500,5882467528
5883022460,5883484568
5883318211,5883846792
5884038287,5884307104
5885822131,5886037242
5885830331,5886414439
5886269184,5886291352
5886446367,5887020147
5887021487,5887450756
5889078863,5889583363
5889589037,5889624616
5890592444,5891089816
5891199677,5891298783
5893272588,5893419544
5894142203,5894672487
5895306471,5895707649
5895440767,5895856280
5896443498,5896659580
5897637439,5897839855
5898678505,5899206521
5899088507,5899491504
5899501856,5899713479
5903672182,5903943416
5903720973,5903831307
5904196137,5904516359
5905303633,5905810393
5906421948,5906896331
5907219193,5907641398
5907315570,5907895062
5907509250,5907823455
5908347610,5908504401
5909477712,5909994994
5910375597,5910415947
5913490898,5913863947
5913557659,5914084333
5915236126,5915685797
5915441203,5915657125
5916459842,5916724677
5916546156,5916718802
5917255840,5917738226
5917508815,5917648828
5918016252,5918330611
5918616328,5918662404
5919649620,5920035224
5920328238,5920616756
5920552965,5920882078
5921885006,5922206341
5924878074,5925386870
5926649759,5927167839
5928315347,5928697144
5929140827,5929205189
5929212670,5929739029
5929858052,5930243151
5929954754,5930274564
5929973055,5930170869
5930720333,5930862443
5930786242,5931075533
5931877534,5932261891
5932081474,5932644380
5932152476,5932775322
5932642394,5932927383
5933376593,5933528484
5933691973,5933929291
5934187191,5934764529
5935108667,5935515916
5935466266,5936013189
5935931863,5936262144
5936009157,5936542524
5936411725,5936981247
5937369627,5937998423
5937711747,5937923110
5938623717,5938771948
5939504527,5940091440
5940564158,5940873330
5940773131,5941059122
5941068527,5941304009
5943008403,5943508670
5943063942,5943344485
5943450203,5943900488
5945004184,5945112453
5945023688,5945449452
5946418007,5946763959
5946785681,5947285049
5947756808,5947990358
5948012783,5948580155
5948143223,5948516498
5948907292,5949247480
5950211722,5950313625
5950253763,5950646923
5951188244,5951489843
5951518753,5951986887
5952592973,5952815531
5952826374,5953037300
5954192609,5954814047
5954572885,5955016406
5955759922,5956044296
5959266201,5959546639
5959626827,5960142488
5960397340,5960688739
5960477737,5960810735
5961039417,5961099493
5962437945,5962605856
5963078019,5963449744
5964070548,5964146394
5964569857,5964964253
5965430719,5965779038
5965854305,5966157288
5966607947,5966944682
5966767676,5967160866
5966792767,5967112251
5967488254,5967808668
5967820369,5968143317
5968629973,5968862115
5968732342,5969279102
5971360875,5971743594
5971911161,5972149529
5972523510,5973164060
5973257173,5973581986
5974274874,5974624245
5974391876,5974634713
5976448375,5977085652
5977170531,5977595692
5977298307,5977522718
5977926235,5978097926
5979330521,5979755659
5980420637,5980557686
5981111883,5981729178
5981749727,5982140480
5984644719,5985247073
5985764745,5986324946
5986138418,5986268293
5986367336,5986927378
5986502818,5987022363
5988075718,5988529667
5988908407,5989072702
5989016815,5989347047
5989523206,5989991442
5989779737,5990307224
5990286564,5990443088
5990546687,5991007485
5992917981,5993439695
5993156047,5993349064
5994326290,5994605179
5994546669,5994880441
5995564952,5995982385
5996082896,5996633807
5996137594,5996556817
5998163080,5998568584
5998209013,5998794331
6000376329,6000493689
6001713691,6001964351
6002743032,6003009198
6003099428,6003710558
6004210676,6004587736
6005780851,6006134138
6006090648,6006280856
6006136308,6006489784
6007101522,6007372896
6007631830,6007681323
6017582563,6018155483
6018708329,6018915162
6019440605,6019521833
6022435061,6022645634
6023950073,6024485511
6024573640,6026667142
6024660015,6026759731
6025617717,6026883275
6026867755,6027226091
6028847450,6029000496
6029523324,6029659363
6029781634,6030221632
6029863102,6030202053
6029984955,6030246607
6029991889,6030041557
6030634571,6031481541
6032417626,6032902283
6033880203,6034099841
6033883600,6034222273
6036661847,6037212304
6037175800,6037744949
6037376970,6037757667
6037774649,6038259125
6038399383,6039056627
6038549851,6039522074
6044755361,6045090814
6045624541,6045939483
6046760621,6047168470
6049624766,6049986976
6051276643,6051777415
6052887648,6053370201
6053719927,6053791967
6054336090,6054361054
6056629370,6056679662
6057394864,6057474761
6058321861,6058789829
6060714462,6061003565
6060803963,6061119487
6062236742,6062408956
6062613499,6062676380
6065881147,6065990358
6066049482,6066301341
6068301702,6068988381
6068577469,6068697335
6070801650,6071147444
6071241938,6071552497
6071403323,6071964296
6071597918,6071866250
6072518091,6073017390
6074144492,6074357744
6074446644,6074896458
6074534968,6074750140
6077147417,6077633189
6077312695,6077816338
6077839625,6078164612
6078213964,6079000471
6079579474,6079914654
6079590091,6079877086
6080853243,6081160431
6081200529,6082023988
6082657198,6083103606
6083257381,6083591003
6085179096,6085640095
6085393236,6085708209
6085710145,6086433697
6085710171,6086421336
6087983097,6088071458
6088004001,6088556470
6090498921,6091073826
6091945605,6092069050
6092930671,6093214407
6093836601,6093927027
6095389271,6095905468
6095548336,6095928600
6097904048,6098673804
6098178966,6099140651
6100246552,6100684913
6100561866,6101004072
6100829721,6101404661
6102763925,6103043766
6102797484,6103095046
6104305347,6104743012
6104502860,6104784499
6105421574,6105989994
6105971606,6106113254
6107152702,6108097211
6108311075,6108799193
6112864931,6113443941
6113081804,6113175698
6113852379,6114454080
6113978412,6114671129
6116480897,6117070548
6116943503,6117449823
6117505962,6117906609
6118664158,6118837571
6119158911,6119627194
6119355178,6119558816
6120825935,6121409556
6122748858,6123118106
6123724698,6124256018
6125941055,6126492993
6126690900,6127231342
6132992216,6133252011
6135037479,6135556636
6135542396,6135574893
6135686089,6135852537
6135914632,6136085156
6137023870,6137460929
6137896036,6138275601
6138367473,6138433278
6139895088,6140122248
6141524642,6142038582
6141864006,6142445758
6143486271,6143633065
6144324537,6144839119
6144669240,6145076053
6144822042,6145187751
6147159221,6147465973
6147368455,6147676913
6147741880,6148278658
6147900727,6148551714
6149538159,6149990267
6152388682,6152862862
6153235982,6153833433
6155389440,6155600529
6156699485,6156816661
6159578844,6159809355
6159693129,6160039452
6159811921,6159865492
6160185269,6160788117
6161739173,6162154673
6163339162,6163933666
6163525242,6163609094
6164572567,6165031765
6165131870,6165261930
6165254695,6165671642
6165711773,6166167066
6166749520,6166804093
6167712200,6167727106
6170045190,6170110400
6170791197,6171036637
6171102894,6171615412
6171504147,6171825570
6171596941,6171874578
6173356776,6173417132
6173894863,6174042048
6175356261,6175478134
6176081072,6176436482
6176132022,6176258762
6176471603,6176924288
6178588458,6179062361
6179754628,6180205025
6181938751,6182000888
6182401177,6183020735
6182480072,6182903658
6183051235,6183547897
6184291590,6184603820
6186518156,6186812606
6187962834,6188817463
6188587448,6189171825
6188678059,6189161616
6189183333,6189664410
6189374913,6189709263
6190164280,6190493566
6190441673,6190984123
6190809502,6191204240
6191438886,6191940387
6191900781,6192104551
6191983728,6192085518
6192261127,6192718714
6194333868,6194910764
6194380737,6194641649
6194483929,6194815611
6194919591,6195346838
6195126749,6195422260
6195144018,6195632360
6195374794,6195797224
6195499321,6195893270
6196179456,6196487592
6196187178,6196642222
6196237768,6196461703
6197122349,6197351445
6197693301,6198195080
6198807627,6198976416
6198818616,6199315820
6199493322,6199955714
6202055206,6202547454
6202203885,6202665692
6203207479,6203608393
6203525132,6204005307
6203580149,6204121277
6204117368,6204541437
6204556739,6204608804
6206401906,6206600165
6206852817,6207190193
6207394612,6207845650
6208541406,6208794867
6209876311,6210016753
6210279468,6210497573
6210499475,6210868712
6211336708,6211746827
6212538943,6213086826
6214147937,6214495831
6214148681,6214721370
6215067493,6215339047
6218001459,6218149716
6218189411,6218667611
6219629838,6220152220
6220055095,6220382948
6220824465,6221248800
6222181291,6222771916
6222207324,6222236759
6222305834,6222622000
6222822455,6222863817
6223582464,6224016097
6224442732,6224733278
6224955713,6225173592
6225743077,6225895993
6226190186,6226386951
6227015208,6227439014
6227182227,6227908797
6228207123,6228642977
6229064836,6229687031
6232694211,6232985304
6233512173,6233613532
6233550691,6233773993
6235743513,6236014497
6236925074,6237287979
6238386570,6238730812
6241599833,6242457735
6243027447,6243269066
6243205724,6243235643
6243726702,6244037899
6245425963,6245580750
6245585472,6245946368
6246519783,6246999816
6246770368,6247251962
6246895641,6247409834
6247850046,6248246932
6248488133,6248953853
6250294182,6250713660
6251184444,6251530155
6251820889,6252133692
6252762000,6253462367
6253334487,6253450746
6253419498,6253694830
6254678956,6255149021
6255636115,6255895203
6255659499,6256229780
6256633589,6256894601
6257850174,6257911504
6259998323,6260635402
6260383450,6260763319
6264721217,6265260651
6264762233,6265090683
6266468345,6266694866
6267092854,6267358593
6268863755,6269136588
6270264708,6270631909
6270488304,6270576983
6271552542,6271890730
6271845608,6272062101
6272806509,6273183561
6273131824,6273680716
6277573154,6278157296
6278091660,6278244045
6278565272,6279189892
6278598847,6279144502
6279952961,6280552199
6280154947,6280387893
6280400315,6280719310
6280871363,6281402421
6281379676,6281820900
6282151627,6282413878
6283033658,6283137549
6283237104,6283604207
6283444075,6283762515
6285623665,6286105801
6288851525,6289381879
6289773651,6290266173
6291663993,6291834565
6293551161,6294070179
6293823532,6294124922
6294469288,6294877525
6296701022,6296841136
6296898304,6297410535
6297200712,6297656104
6297710808,6298228564
6297742555,6298166393
6298094440,6298332412
6298902096,6299034988
6299825909,6299859181
6299862334,6300144132
6300453090,6301058069
6301060486,6301205479
6301739711,6302027437
6302391442,6302914409
6304022827,6304373084
6304221481,6304781085
6304429430,6304936704
6305288512,6305743496
6305746049,6306196135
6306823862,6306910084
6307512539,6308031408
6307605460,6307818922
6307824234,6308195062
6309163126,6309714285
6310032531,6310100149
6310148701,6310400113
6310738980,6310781414
6310896050,6311314857
6312314569,6312583041
6313013697,6313521306
6313170927,6313602541
6314990624,6315040353
6315556057,6316086685
6317184785,6317698209
6318014684,6318663182
6318319000,6318616619
6318434952,6318530553
6320450969,6320823812
6320825736,6321295303
6322233165,6322429007
6322564101,6323164164
6323157503,6323307606
6323341832,6323643284
6324118483,6324337185
6324321593,6324607357
6324780106,6325235010
6326773281,6327088084
6326866534,6327358436
6327218092,6327456423
6327458249,6327831283
6329953277,6330500114
6332473449,6332787175
6333088560,6333460328
6333798609,6334010151
6334428169,6334724731
6334584733,6334884278
6334890385,6335267307
6334890664,6335435767
6335631695,6335906916
6336656288,6336863064
6336975945,6337365130
6337927831,6337986262
6339447614,6339773801
6340144553,6340261407
6340473776,6340801134
6342627040,6342710713
6345404716,6345710260
6346060059,6346739378
6346415210,6346917394
6347266850,6347598689
6347938055,6348183001
6348818499,6349168870
6350453263,6351134242
6351055148,6351376589
6351668727,6352249243
6352889504,6353086139
6353974355,6354027372
6357710376,6358313129
6358539462,6358714847
6358648504,6358689993
6358700670,6359021724
6360300028,6360764058
6360609489,6360944511
6360856521,6361415467
6361848084,6362115214
6364582352,6364751927
6366892449,6367186378
6368107360,6368491264
6368144003,6368653202
6370992771,6371451163
6371502121,6371760058
6371911428,6372212108
6372084298,6372531431
6375579184,6376117360
6379852865,6380383323
6380150870,6380567363
6380587246,6381024705
6382111723,6382719435
6385616816,6385801235
6388693969,6388835894
6392836521,6392976554
6393461157,6394034472
6394332077,6394615391
6395260950,6395876057
6395288272,6395860814
6395327674,6395571401
6396568610,6396927856
6399051939,6399325162
6399979736,6400211136
6400837193,6401690899
6401314568,6401480720
6401810537,6402175372
6403419237,6403934088
6405597663,6405647972
6406418256,6406772830
6408730105,6409089022
6409493289,6409630244
6409752328,6410264881
6409776271,6410305718
6410398617,6410914456
6410588373,6410781071
6411805676,6412043547
6412358780,6412639647
6414252887,6414865371
6414886719,6415501241
6416085197,6416438707
6416557653,6416907999
6416795913,6417048486
6416885889,6417352078
6416904562,6417203374
6417352430,6417642504
6419148901,6419265065
6419279220,6419564560
6420567627,6421125075
6420964926,6421017203
6421467722,6421853423
6422894685,6423219662
6422917614,6423580914
6423587741,6424046214
6423906154,6424567633
6425083497,6425315357
6425523617,6425685213
6425666268,6425903878
6426046339,6426812109
6426274983,6427096079
6427421538,6427801800
6428456601,6429253255
6429271666,6429701114
6431118337,6431182551
6431184220,6431748337
6431851558,6432239917
6433866225,6434136956
6434096476,6434295869
6434570722,6434947213
6435121733,6435629019
6435770020,6435991142
6435988941,6436142541
6436068068,6436642021
6436163464,6436696492
6437516166,6437861678
6437741512,6438209918
6438575116,6438664995
6438616564,6438900362
6439511944,6439868008
6439744089,6440146489
6439770281,6440393449
6440149009,6440518053
6440574811,6440849774
6440992346,6441306459
6441318562,6441364486
6443508631,6443880668
6444308032,6444511204
6445021420,6445135318
6445248922,6445624627
6445351078,6445574614
6446906752,6447079589
6447429351,6447507001
6448706667,6448913405
6448752753,6449042847
6449447687,6449880098
6450429474,6451049383
6450494378,6450974197
6451649059,6451931486
6451986825,6452330775
6452398570,6452834695
6453302362,6453575865
6454025237,6454429823
6456060970,6456620164
6456085100,6456130560
6456401420,6456673887
6456911836,6457454542
6458315198,6458874180
6458568007,6458638848
6459430745,6459507412
6463527076,6463637199
6463854428,6464406598
6465602308,6466135603
6465819660,6466280284
6467056714,6467390756
6468392902,6468736099
6468458821,6468771426
6470508000,6470700610
6472381100,6472825803
6473662296,6474166684
6475609476,6476167151
6475848826,6476158951
6477803435,6478039252
6477983414,6478490270
6478570917,6479133230
6478695233,6479021354
6479040225,6479247426
6480303237,6480488127
6481335889,6481538531
6483202370,6483637368
6484735037,6485025870
6484912731,6485554536
6486718401,6486742203
6487644771,6488056779
6488164092,6488302630
6490542872,6491073403
6490792336,6491391812
6492414136,6492457512
6493407662,6493721384
6495666065,6495719132
6495684321,6496210439
6496295175,6496929030
6496341417,6496966528
6496816149,6497128666
6496941840,6497293594
6497580427,6497727871
6497957625,6498340370
6503085872,6503283591
6503369985,6503869092
6505748834,6505839733
6506049703,6506685760
6506219040,6506455823
6507113219,6507206500
6507319448,6507749480
6508011577,6508405775
6508055996,6508115823
6508417904,6508550057
6509757525,6510033086
6510662861,6511485843
6512561880,6512664789
6512786190,6513199213
6512911439,6513238612
6514767217,6515270755
6517280423,6517863585
6517303639,6517419733
6517370758,6517536648
6517466298,6517850839
6519731393,6519746145
6520503097,6521080135
6521364635,6521747797
6521747918,6522084825
6521759453,6521888429
6524420631,6524539075
6524881070,6525047100
6527236447,6528145282
6527863200,6528183113
6528223519,6528848015
6528443420,6528516441
6528580937,6528922876
6529486187,6529753240
6529759056,6530418957
6529940284,6530258066
6531432439,6531853546
6533442811,6533948310
6533494076,6533785371
6534092324,6534505674
6534548752,6535008776
6537030871,6537357592
6537369437,6537886969
6538201260,6538426261
6539537226,6539768955
6540699963,6541038392
6541161054,6541654856
6541246417,6541752497
6542660472,6543364704
6543542999,6544035767
6545028258,6545456049
6546569321,6547015699
6546915545,6547543649
6547099125,6547236110
6547879799,6548225105
6548130074,6548640915
6549899995,6550304932
6550246445,6550323591
6550798044,6551133087
6550942098,6551192865
6551778641,6551811245
6551994763,6552209012
6552997536,6553341076
6553314387,6553815777
6554049239,6554085579
6554312693,6554777541
6555564492,6555901819
6556397553,6556660695
6556676829,6557352278
6557047419,6557093641
6557204605,6557335965
6558573019,6558903812
6562300208,6562391408
6563486278,6563911449
6563633470,6564206353
6563794251,6564185624
6563979389,6564133770
6564192161,6564912962
6565639093,6566054889
6567106182,6567436096
6568414675,6569234699
6569332222,6569420635
6569366070,6569668677
6569707487,6570165541
6570128297,6570190812
6570897718,6571363840
6571142636,6571591949
6573240329,6573459616
6573375647,6573465538
6574136107,6574399574
6575582354,6576067704
6576015343,6576167244
6576613959,6577012665
6576630693,6576792296
6576807006,6577218403
6577840870,6578429313
6578694240,6579134643
6579476925,6579817060
6579643641,6580194415
6580390415,6580559232
6580869350,6581152376
6581159998,6581748022
6582385678,6583348005
6583763551,6584177785
6584251915,6584729431
6585051710,6585364753
6585071680,6585184061
6585704953,6585944875
6587386537,6587588705
6588589064,6589237141
6588795760,6589120266
6589732056,6589830745
6589836249,6589916144
6594165888,6594698371
6594711346,6595271056
6594926104,6595493509
6595623707,6596019151
6595741372,6596349076
6596037971,6596474492
6599181694,6599449468
6599710284,6599931228
6599746129,6600295759
6600565511,6600861252
6600911926,6601345950
6601349718,6601760087
6601762869,6602271909
6602255438,6602653326
6603574984,6604128239
6604221911,6604638479
6604410331,6604869036
6605328091,6605718471
6605426772,6605995557
6606041223,6606505640
6606545625,6607038178
6609293015,6609702286
6610826982,6611151015
6611072269,6611473230
6611494293,6612016676
6614357185,6614634135
6616336420,6616738191
6617333525,6617382437
6617400772,6617431210
6617772593,6617966198
6619017222,6619533392
6619423079,6619941145
6622290751,6622480001
6622836718,6623050684
6624258242,6624536844
6625022637,6625529291
6625655484,6625781250
6627108228,6627640693
6628738488,6629358522
6629727132,6629825247
6630855163,6631496533
6631166223,6631597528
6631235325,6631291402
6631678614,6632250565
6633556998,6634190144
6634156727,6634207341
6635457844,6635996005
6636120165,6636412440
6637536108,6637808969
6638078171,6638492111
6638427203,6638914874
6638526622,6638662365
6638666477,6638747786
6638988448,6639220082
6640610123,6640723335
6640994288,6641523157
6641345081,6641531409
6641532853,6642072138
6641545877,6641680334
6643738952,6643801240
6646186641,6646328067
6648822208,6649318419
6649460342,6649544891
6650527567,6650650319
6650574968,6650729936
6651552105,6651882113
6652330114,6652503968
6652516562,6652856613
6652569334,6653005797
6653362155,6653795586
6653491293,6653868179
6654863091,6655100416
6655422261,6655871601
6657692148,6658100600
6658752576,6659140791
6660319142,6660632572
6663365325,6663686916
6663915063,6664425551
6664290297,6664605789
6665799892,6666313754
6666947519,6667070665
6667751594,6668248692
6667874497,6668283575
6670084278,6670170873
6670262724,6670402457
6670858557,6670985348
6673537016,6673793386
6674092511,6674180607
6674711821,6675120147
6675708718,6676446683
6676528853,6676897420
6676533093,6677089396
6677108932,6677245422
6677304910,6677322964
6677337328,6677740616
6677746535,6678328630
6678336179,6678644468
6679268129,6679855653
6679857554,6680251240
6683593976,6683874956
6683997492,6684296330
6684500476,6684917358
6684788986,6685040973
6685244052,6685545608
6685560739,6685926908
6685678305,6686504225
6686911862,6687119822
6688949217,6689020245
6692068122,6692571530
6692723755,6693171495
6692725513,6692948596
6693438659,6693830477
6694917794,6695298240
6695377992,6695675268
6696182416,6696409142
6696257169,6696639784
6698015789,6698414138
6699673716,6700015739
6700215885,6700708045
6700934031,6701442957
6701390708,6702053873
6701691281,6701987236
6702770222,6703088343
6702855386,6702903312
6703159364,6703380459
6703443691,6703826901
6704717582,6704747789
6705233717,6705709135
6705903019,6706248546
6706142235,6706499775
6706647151,6707093224
6707628660,6707811351
6707823254,6708179509
6708929587,6709116919
6712111099,6712375483
6713504642,6713781417
6713665226,6713930304
6713778883,6714254784
6713790820,6714172766
6715228324,6716116954
6715817804,6716073426
6717442559,6717620600
6717616851,6718024885
6717836537,6718147474
6719899148,6720005201
6720048278,6720242512
6720572851,6720938876
6721281372,6721388240
6721931896,6722466488
6722390121,6722817490
6723004107,6723589991
6723112511,6723471857
6724450560,6724514725
6724801673,6724959366
6725384339,6725867305
6725761789,6726520737
6725940938,6726392029
6726433650,6726755161
6728426807,6728926630
6728848229,6729018835
6730004405,6730111105
6732827944,6733325439
6732831622,6733133155
6733532120,6733838633
6734896177,6735272973
6735107904,6735752805
6736476816,6736605924
6736476866,6736631990
6737082906,6737259626
6737174615,6737499625
6737836366,6738261765
6738825067,6738880788
6740653244,6740804570
6741547656,6741956575
6741582250,6742140309
6741965925,6742363628
6742245741,6742429381
6743322050,6743559077
6743842484,6744383265
6744172397,6744803235
6744388287,6744912605
6745462264,6745623280
6748721099,6748906005
6748825746,6749032716
6750175001,6750375814
6750832693,6750976899
6750922971,6750990732
6751034401,6751345453
6751347013,6752175050
6751988941,6752440173
6752147115,6752929713
6752450754,6753088957
6754323262,6754710624
6755683406,6756096739
6762018384,6762426510
6762407786,6763358063
6763261438,6763606311
6765782468,6765953873
6766477185,6766598060
6766975646,6767223373
6767691829,6768051370
6768817596,6769164848
6771086192,6771694635
6771429759,6771853672
6771874450,6772286589
6772456382,6772685511
6773355976,6773474089
6773592714,6773927474
6774397806,6774450635
6774618545,6775117481
6775075516,6775451474
6776010239,6776439770
6777102540,6777382720
6777821702,6778025504
6779502145,6779667257
6780858747,6781199652
6781655119,6782078182
6783654761,6783717117
6783668602,6783896261
6783784082,6784289362
6783857576,6784019873
6784082142,6784589794
6784676965,6784942266
6786173781,6786457370
6786935071,6787545390
6786938891,6787472300
6787606718,6787786629
6787716530,6787784741
6787796245,6787889634
6788141785,6788560442
6788727271,6789142809
6790238438,6790430514
6791096223,6791688541
6791267220,6791578503
6794754839,6794828242
6795086856,6795503495
6796205023,6796845691
6796635843,6797022263
6796744654,6797122778
6796973714,6797295377
6797489345,6797507432
6799053535,6799566940
6799293034,6799741562
6799483760,6800131187
6800318318,6800423943
6800388344,6800650902
6800398429,6800518408
6800757698,6801330757
6801337906,6801487520
6801975141,6802521123
6802347045,6802963842
6802396671,6802810229
6802816950,6802868418
6804097862,6804700853
6804411160,6804539932
6806457795,6806634549
6806774785,6807184740
6807326480,6807791346
6807431677,6807633904
6808411782,6808666631
6810491254,6810866972
6810496805,6810952958
6811576117,6811601999
6812812304,6813193725
6813200811,6813515996
6813853086,6814027743
6814033898,6814100035
6814040298,6814455783
6814605915,6815008158
6815872744,6816166741
6818280161,6818688240
6818397455,6818693020
6818770179,6818992372
6818876104,6819056010
6819178501,6819551364
6819185055,6819402093
6820805825,6821008556
6821163565,6821203411
6821930722,6822209244
6822025672,6822438232
6822296171,6822822741
6822753171,6823199949
6822996825,6823159273
6824450208,6825348724
6827541738,6827596222
6829359470,6829854985
6829637820,6829723050
6830115364,6830525634
6831261297,6831362707
6831373149,6831513107
6831732690,6832145794
6831760556,6832382794
6832546047,6833104574
6832843503,6832993359
6833689321,6834050763
6835398278,6835676412
6836089727,6836507633
6836282869,6836368544
6836860126,6837410191
6838352742,6838488017
6838709396,6839260517
6839398453,6839490457
6840228126,6840695239
6844855281,6845731516
6846230505,6846702885
6847234350,6847356981
6847847288,6848512740
6847907678,6848442707
6848637729,6848902361
6849393408,6849795142
6852437519,6853042105
6854044584,6854209183
6858367140,6858831790
6858526150,6858848078
6858838014,6859254753
6859192110,6859629410
6860923222,6861199020
6863776800,6864092340
6864539650,6865166954
6865819837,6866249392
6866250819,6866422875
6866434452,6866575492
6867087486,6867487433
6867159622,6867308464
6867315699,6867618524
6873472848,6873828664
6879021605,6879502982
6879895559,6880075557
6880010373,6880590114
6882197211,6882559713
6883462800,6883729228
6884993819,6885450453
6886669777,6886935389
6887147480,6887211212
6887267059,6887663995
6887567099,6887625959
6888413519,6888699508
6888844334,6888964312
6890616044,6890685094
6890852953,6891442503
6892360500,6892572866
6893590732,6894378717
6894520544,6894672368
6894888904,6895027512
6895231405,6895582717
6899656947,6900066877
6900316651,6900832685
6900729657,6901165726
6901160929,6901738365
6902190725,6902775679
6902341230,6902646044
6903141053,6903493731
6903538517,6903984139
6904089798,6904157036
6906920716,6907296633
6909709606,6909835144
6909868225,6910081102
6911469972,6912003304
6912899726,6913037901
6913039959,6913544737
6914875589,6915168343
6915113547,6915529238
6915267999,6915673080
6915610565,6915953195
6917418746,6917807988
6918729058,6918999980
6921148284,6921599922
6924402746,6925035105
6924721977,6925182126
6925382547,6925867500
6925719671,6925816148
6927409553,6927589318
6927752717,6927834598
6929153934,6929531439
6929962578,6930550711
6930765899,6931113844
6931424277,6932101844
6931588814,6931649700
6932873598,6933435677
6933450366,6933926060
6935300648,6935944850
6935640563,6936181208
6936905837,6937306193
6937286903,6937950884
6937526340,6937563419
6937961262,6938458197
6938329990,6938558732
6939418419,6939609784
6940496122,6941098169
6941231941,6941994533
6944410719,6944936051
6944943354,6945833201
6948215510,6948549046
6949635659,6950069315
6951984732,6952209861
6952695464,6952796917
6955160512,6956138785
6956253981,6956504922
6956863882,6957079093
6957664224,6958260051
6957712072,6958032081
6957883284,6958149980
6958129394,6958173542
6959341516,6959717158
6959804971,6959845308
6960881418,6961284987
6960909373,6961526117
6962330730,6962772462
6963309291,6963822023
6964229016,6964684221
6965071969,6965144646
6965304786,6965647558
6965618340,6965910162
6966333658,6966681293
6966865771,6967240794
6967356735,6968068418
6968029450,6968334242
6968659335,6969275914
6969320552,6969979513
6971681623,6972033845
6972055349,6972136062
6972382142,6972848499
6975546934,6975806579
6976703528,6977276065
6977294219,6977783057
6978753823,6979070690
6980202786,6980734106
6980384932,6980449118
6980497330,6980945785
6981246825,6981313028
6982326452,6982820202
6982387403,6982644774
6982422446,6983007342
6982839956,6983416557
6983277503,6983995330
6984279649,6984346492
6984309852,6984681625
6984429462,6985048435
6985844284,6985925984
6986677493,6986832719
6986835820,6987179978
6989907466,6990586513
6990808890,6990933956
6991395495,6991840920
6991468995,6991678932
6996772530,6996935104
6998794290,6999188055
7001437306,7001835022
7002382866,7002577694
7004001058,7004126846
7005159309,7005549055
7005628514,7006186212
7006083495,7006519201
7006911544,7007383090
7007003412,7007415112
7008717118,7009424172
7009013979,7009099669
7009995657,7010327096
7010074898,7010376482
7012293728,7012853197
7012476761,7012795070
7013608861,7013746529
7013753202,7013834690
7013860409,7014440730
7014377791,7014748062
7014753034,7015258822
7015246239,7015662726
7015582626,7015858647
7015986878,7016424518
7017008764,7017368059
7019205503,7019527508
7019607643,7019933366
7021090566,7021467329
7022796244,7023281441
7022973825,7023287717
7023520044,7023802731
7023732036,7024222895
7024945709,7025316036
7026145007,7026286720
7026501907,7027027192
7026674031,7027129581
7027145400,7027380038
7030077015,7030667822
7030453138,7030781835
7030496503,7031026918
7030995155,7031430578
7032091099,7032745288
7032734945,7032803536
7034012869,7034306896
7034462108,7034740618
7034973229,7035236034
7035923060,7036369959
7036034142,7036243605
7036998807,7037244268
7037670591,7038143149
7038544830,7038943767
7039029282,7039352150
7039156421,7039710338
7040575377,7040725746
7040816263,7041026768
7041042544,7041147868
7042584808,7042985193
7044144039,7044566204
7045851731,7046141527
7046284307,7046822214
7047444792,7047752147
7050097007,7050140455
7050203731,7050608207
7055639243,7055978569
7055659453,7056294584
7057981506,7058961451
7059275058,7059546089
7061322586,7061461458
7066402652,7066711082
7066786866,7067118888
7070913087,7071565355
7071262118,7071369941
7071839457,7072275183
7073876452,7074260187
7073944309,7074433548
7074472442,7074945123
7074930768,7075561140
7075312409,7075813774
7076125499,7076166466
7077394365,7078059538
7077831887,7078678311
7078167144,7078561544
7079724273,7080351324
7080514637,7080844804
7081428603,7081700824
7082055194,7082554366
7083025654,7083387871
7083392529,7083560880
7084039290,7084498450
7084126138,7084728359
7084369321,7084813723
7084509208,7085102755
7085179699,7085603109
7085991456,7086325707
7087069504,7087561187
7088430043,7088488831
7089083969,7089497334
7089173779,7089763700
7090030109,7090574668
7090692607,7090983778
7090909703,7091141031
7091722424,7092241794
7091891944,7092414245
7094474129,7094864822
7094943903,7095163653
7094950333,7095415696
7097539265,7097572931
7097882383,7098085940
7098713122,7098787316
7100836711,7101039317
7101431141,7101882298
7101720134,7102181631
7102438509,7102572125
7102827665,7103049873
7103617793,7103795448
7103863611,7104079442
7104012787,7104306114
7105028021,7105286505
7108012876,7108521441
7108101564,7108272285
7110932918,7111117377
7111274136,7111609006
7112104615,7112534763
7112996026,7113139019
7115944118,7116161976
7115995091,7116087447
7117049194,7117467930
7121088515,7121364163
7121429710,7122080120
7121681407,7121868405
7121743166,7122645719
7122063946,7122360581
7123155775,7123520214
7124917374,7125261735
7125636624,7125724304
7128290897,7128563916
7128319274,7128940453
7129561881,7130006668
7131241307,7131648412
7132884739,7133402135
7136465648,7137000108
7136923542,7137244824
7138043417,7138083665
7139167380,7139450136
7139219972,7139545446
7139655166,7140159694
7140205725,7140761175
7141492419,7142010191
7143135497,7143198544
7143458891,7143534118
7145126437,7145236449
7145147545,7145593310
7145386673,7145793580
7147994136,7148232248
7148534956,7148943550
7149744869,7149860246
7150610638,7150668948
7151508711,7152017719
7152090207,7152253999
7153176518,7153463453
7153381591,7153451649
7153466063,7153576679
7155425628,7155768882
7155858134,7156156458
7157581656,7158070852
7160836517,7161086826
7161137900,7162973503
7163023506,7163543475
7164125392,7164592415
7165394246,7165693638
7166235915,7166549551
7166513637,7166621485
7166797885,7167418649
7167115637,7167429224
7167162078,7167618427
7167550039,7168087400
7167907767,7168050785
7169479710,7170070807
7170506954,7170952875
7170655349,7170830386
7170929333,7171530510
7171801008,7172179191
7172962985,7173479603
7173009559,7173580465
7173505743,7173852069
7174331589,7174467362
7174416592,7174734471
7174735982,7175064266
7174844500,7175351187
7175004515,7175282207
7176414649,7176987099
7177158330,7177577825
7179923462,7180026925
7179997331,7180043115
7180225877,7180925824
7185491907,7186227966
7185648995,7185984085
7185985671,7186367622
7188972814,7189628995
7189595560,7190231036
7189894113,7190364178
7189945378,7190063743
7190237169,7190518249
7190489816,7190756795
7191257067,7191801928
7191680900,7192169598
7191961767,7192152467
7192341902,7192626622
7193977772,7194231842
7194521056,7194661692
7194642473,7194724882
7194663284,7195152714
7195028372,7195324628
7198569357,7198648828
7198638218,7199041492
7200931767,7201133765
7200963582,7201223942
7201086396,7201241182
7202397458,7202804292
7203037553,7204034016
7203717714,7204123185
7205125890,7205576296
7206044072,7206559158
7206216502,7206277946
7207823494,7208396159
7208154624,7208411779
7210177563,7210203037
7210279146,7210525865
7210375865,7210712132
7211166823,7211308485
7211196035,7211668321
7212134559,7212594771
7215100155,7215480801
7217137505,7217761178
7217707867,7217868994
7218886278,7219183128
7219941469,7220166837
7221449941,7221958524
7223057353,7223484653
7223290892,7223858495
7225785675,7226449890
7226056399,7226507498
7226268279,7226604901
7226858534,7227047331
7226930435,7227293223
7228167213,7228267817
7228260132,7228275660
7228308095,7228422988
7228365103,7228858066
7228508669,7229170250
7229703881,7230106985
7230498252,7230867671
7230894263,7231105080
7231123735,7231468995
7232270915,7232498876
7233800831,7234241446
7233908404,7234545863
7234540879,7234934245
7235686809,7235744512
7237987013,7238181416
7238546106,7239117005
7239978875,7240001834
7241402458,7241526298
7241584695,7242133165
7241817520,7242423640
7242957986,7243679936
7243043692,7243296236
7244127120,7244727114
7244367569,7245054478
7244907306,7245055469
7246135130,7246406888
7246274140,7246755583
7248592055,7248888530
7249540028,7249714865
7249957324,7250055250
7252366708,7252802970
7252822023,7253429451
7253537733,7254011075
7254736965,7254847284
7256410152,7256777850
7256800123,7257283086
7257468649,7257866908
7257496674,7257934242
7258509428,7258600224
7258771968,7259386885
7259705373,7259904473
7260163158,7260452626
7261016763,7261418383
7262638974,7263150134
7263137690,7263591078
7263235815,7263587077
7263283259,7263315154
7263728025,7264210517
7264054117,7264376460
7264202591,7264529082
7264215816,7264658021
7264752186,7265023815
7267754418,7268347005
7269762069,7270113564
7269832059,7270179260
7270190407,7270278356
7270529117,7270687896
7270979427,7271018463
7271319006,7271817739
7272316589,7272452574
7273602265,7273935744
7274770232,7275168281
7275173568,7275278660
7275237991,7275844176
7276019096,7276256924
7279631366,7280047334
7280097848,7280400852
7281292531,7281813346
7282175159,7282402646
7282407260,7282778849
7283777923,7284135613
7285252245,7285548988
7285915254,7286492726
7287243123,7287657185
7288106625,7288494947
7289523978,7289606563
7289861319,7289893609
7291268152,7291486098
7294646636,7295128364
7295756475,7295939669
7295973186,7296365340
7297114355,7297558342
7299334767,7299413166
7300162145,7300183504
7301559120,7301997330
7301874867,7302235278
7302001766,7302192465
7302200175,7302711009
7302259156,7302608341
7303657649,7303881815
7303887097,7304304758
7305850112,7306502876
7307800518,7308191218
7308884626,7309177363
7308992626,7309091083
7309438709,7309628156
7309527337,7310051682
7309641449,7310178243
7310054930,7310556045
7311448178,7311545149
7312469251,7312743848
7314482007,7314950601
7318195710,7318470951
7320211805,7320606652
7321365023,7321959570
7321416578,7321645956
7321772404,7321959098
7322865170,7323024112
7323662862,7324075983
7325135607,7325352773
7325501432,7325876968
7327377751,7327810805
7329032301,7329553640
7329817366,7330245121
7330741893,7330816944
7331460545,7331869115
7331786906,7332429506
7332519380,7332678030
7332985145,7333557770
7334417703,7334597259
7335578608,7335766811
7335688697,7335724844
7335883734,7336420259
7337265721,7338086620
7338869120,7339232565
7339564326,7339993005
7340432436,7340869801
7340601155,7341386873
7340849308,7341590251
7342638210,7342958233
7343488454,7344390998
7345100573,7345494986
7345976327,7346118911
7346395612,7346704251
7347175107,7347592005
7348003828,7348826988
7348622267,7348777750
7348856648,7348995317
7349913476,7350439041
7350841193,7351291305
7351357383,7352115897
7352470762,7353073131
7353068412,7353181083
7353672670,7353817848
7354115862,7354398318
7355132586,7355684607
7356538102,7356871345
7357188168,7357531398
7357696546,7358059528
7358352999,7358616112
7360263085,7361343615
7361686726,7361911008
7362610035,7362790731
7362920791,7363402389
7363972995,7364377144
7365163515,7365317799
7366789011,7367427848
7368164290,7368693339
7369327545,7369773507
7370463634,7370574054
7371009763,7371354198
7371676136,7372287830
7372733755,7373016191
7372795615,7372842244
7372898092,7373326848
7373503212,7373975418
7373586265,7373995384
7374420648,7374728661
7374572396,7375208486
7374821370,7375375792
7375842582,7376143090
7377419254,7377493697
7377876635,7378426802
7379184258,7379493998
7379789378,7379912644
7380801664,7381129586
7381427562,7381622857
7381500560,7382021766
7381852962,7382311116
7383203038,7383668459
7384447942,7385000066
7384495987,7384867561
7385679520,7385862626
7386017996,7386282193
7387852415,7388308188
7390285435,7390529635
7390470277,7390628111
7391720566,7392111306
7392317898,7392777092
7392481243,7392980645
7392708342,7393093391
7394211715,7394280034
7394311729,7394741565
7395800758,7396058187
7396415670,7397002826
7396568850,7396919373
7396582833,7396986469
7397726320,7397759123
7399722089,7400187527
7399956729,7400219717
7401334210,7401886125
7401355793,7401879270
7402136774,7402176510
7402184857,7402429229
7403063992,7403391420
7403117673,7403387013
7403890395,7404324482
7404645210,7404821291
7405942929,7406502404
7407059371,7407241640
7408532358,7409126970
7408759779,7409331596
7410298931,7410503456
7410759133,7411253479
7411255427,7411694237
7411876939,7411990587
7412006493,7412214564
7412646743,7412911938
7416060430,7416406048
7416859997,7417543898
7417622679,7417664183
7417999734,7418344200
7418293883,7418445536
7418407297,7418799558
7418960907,7419097150
7420937707,7421245689
7422383767,7422926135
7422960192,7423217589
7424970751,7425448213
7425018364,7425190800
7425188140,7425331036
7425395939,7425847959
7426884079,7426953450
7426907923,7426952139
7427455800,7428119961
7427464610,7428158577
7429258126,7429601877
7430184721,7430563945
7430668291,7431081770
7433145482,7433410376
7433676733,7433788755
7437394969,7437815196
7438335832,7439044642
7439738574,7439880599
7441725892,7442023464
7442094049,7442128003
7444618423,7444845319
7445920061,7446308635
7446102588,7446441490
7449564117,7449693122
7449694600,7450074613
7450122684,7450449089
7450167430,7450349968
7452451342,7452790739
7452657533,7453025116
7453560606,7453818700
7456856019,7457368603
7457034584,7457391194
7457766288,7457902337
7458364299,7458703706
7458403301,7458864258
7460246481,7460412283
7460558655,7461132815
7461565859,7462028090
7462288893,7462772932
7463647894,7464033737
7464678850,7464744466
7464771708,7465194761
7464880062,7465356168
7465272333,7465999835
7466807473,7467214973
7467809549,7467950988
7467987943,7468298417
7469947362,7470481528
7470472808,7470818067
7472979899,7473456063
7473646172,7474000619
7473912499,7474331286
7475315998,7475782999
7475357777,7475736532
7476329983,7476575745
7477572178,7477921775
7481732507,7481792324
7483983780,7484287345
7485125301,7485349639
7485612063,7486087141
7485618975,7485928039
7486973774,7487098336
7489298243,7489635801
7490145900,7490644114
7490647619,7491255817
7491006722,7491468429
7491477254,7491758848
7491847975,7492029480
7497530543,7497793818
7497800583,7498369939
7497932220,7497974969
7497982804,7498312493
7498381235,7498605815
7500815094,7501024639
7502923389,7503195045
7503609868,7503873979
7504470431,7505260549
7505028538,7505393761
7505999827,7506422873
7506952054,7507071575
7507065239,7507102541
7507832656,7508288961
7508465183,7509010511
7509821867,7509837903
7510512494,7510642868
7511736104,7512221082
7512429385,7512664638
7513475820,7514003907
7513601037,7513948163
7513690642,7513953985
7513896771,7514211297
7515389603,7515493691
7516706672,7517134691
7518868907,7519047050
7519706852,7519903897
7519722151,7519977320
7521852896,7522001914
7522534763,7522662910
7525783517,7526302758
7525894533,7526258626
7526452348,7526772122
7526918216,7527101216
7528651789,7528850622
7529317685,7529879654
7530294034,7530710085
7534864321,7535274596
7535151345,7535321039
7535331231,7535484635
7535671506,7536301406
7536540802,7536813038
7537478104,7537830126
7538469991,7539034294
7539664987,7539777509
7541867386,7542029816
7541902040,7542179531
7542807326,7543280500
7544722751,7545307455
7545508530,7545947812
7545659596,7546293337
7546598014,7547312083
7547323696,7547651327
7547361604,7547547310
7547587471,7547816059
7548278671,7548346517
7548388634,7548591662
7552018216,7552339797
7553836777,7554272064
7553984055,7554254393
7555165322,7555351203
7555342755,7555742848
7556731472,7557090608
7556931046,7557360466
7558214754,7558347417
7558730713,7559416327
7560795121,7561673540
7563194398,7563411900
7563858473,7564361089
7564810804,7564835012
7565062342,7565134801
7565896582,7566151933
7567407997,7567723064
7567704274,7567986011
7567723212,7567886702
7568767456,7568920614
7568912331,7569125124
7568923842,7569243135
7569790217,7570148545
7570530336,7571087778
7570788229,7571062939
7573565960,7573832665
7574606789,7575153671
7575394120,7575689298
7575561623,7575879703
7576725419,7577262657
7579318903,7579784362
7580501025,7580559121
7581173212,7581650063
7583425739,7583777221
7584361975,7584688282
7584537299,7584675050
7585116508,7585469379
7586582071,7587101898
7587487983,7588008944
7588329875,7588795052
7588799436,7589124993
7588857903,7589477332
7589464556,7589851688
7590335188,7590545685
7590847611,7590898084
7591231446,7591769024
7593945322,7594462069
7594103645,7594721730
7596248293,7596556230
7596605128,7597024328
7597348559,7597463919
7597704634,7597800067
7598251985,7598698785
7600538124,7601062392
7601322226,7601919985
7601839252,7602404160
7602245559,7602560318
7604716440,7605176659
7605851124,7605993016
7607703700,7607949792
7607715158,7608459598
7608166116,7608200450
7608273137,7608877497
7608477371,7608628718
7608492229,7609093254
7608643950,7609038622
7610210403,7610424036
7611033987,7611435596
7613864183,7614206403
7614956166,7615490513
7615129110,7615229417
7615614667,7615954300
7616183815,7616313955
7616975875,7617042327
7617778494,7618203129
7618113110,7618661915
7619187563,7619531894
7619972751,7620030814
7621208935,7621388811
7621522949,7621762793
7622188427,7622466263
7623837132,7624393042
7625912247,7626040122
7627828467,7628025283
7629879350,7630466788
7630176858,7630571686
7630750688,7631264152
7631461026,7631823965
7631764473,7631999020
7634253622,7634279301
7634698915,7634732552
7635133983,7635337477
7635236026,7635343757
7636620900,7636790482
7637298475,7637567261
7638384509,7638826360
7640829957,7641165511
7641292013,7641529619
7642425109,7642911734
7643277318,7643363634
7644279855,7644454436
7644535849,7644572813
7645561512,7645753321
7645911189,7645925649
7646206824,7646491439
7646521301,7646914982
7646921472,7647573686
7647502526,7647773348
7647660593,7648144497
7648376211,7648703252
7648926563,7649064316
7649230872,7649776580
7649626563,7650005846
7650331709,7650562133
7652030167,7652100714
7652617059,7652871462
7652625695,7652941871
7653044647,7653147515
7654165597,7654293272
7655797656,7656018921
7657209843,7657274226
7657299300,7657628731
7659681701,7659725260
7660198901,7660353590
7661767346,7662268267
7667648727,7668211139
7668050612,7668403600
7668281804,7668362507
7668369443,7668834756
7669387658,7669567174
7670337715,7670607705
7670337916,7671095303
7670868239,7671529644
7672379131,7672530666
7672456260,7673060336
7673067508,7673469843
7674907102,7675517919
7676055574,7676294938
7676212518,7676246184
7676915944,7677325786
7677504412,7677816942
7677606029,7677980974
7680703540,7680989237
7682350790,7682754305
7682705566,7682849529
7682973600,7683668424
7684219445,7684466067
7684701954,7685228637
7686228118,7686642282
7687544645,7687599877
7688275795,7688810161
7689347395,7689788330
7689407779,7689716578
7689951131,7690455402
7694351582,7694664080
7694778048,7695519507
7696433301,7696959464
7697799533,7698038810
7699833686,7700642944
7701441663,7702022522
7701991310,7702668261
7703185216,7703736133
7703449358,7704197480
7704182174,7704291563
7705671083,7706370099
7708705661,7709452554
7708769777,7709069025
7709458006,7709771377
7709823183,7710113828
7711074242,7711307006
7711808867,7712470789
7712597178,7712811900
7712990186,7713415665
7714219199,7714628843
7714284011,7714772819
7714587490,7715008971
7714828624,7715453268
7716485641,7717013609
7717011133,7717289247
7718657403,7719253210
7718816955,7719228815
7721317845,7721513185
7721448785,7721945379
7721515846,7722088238
7722127253,7722378408
7724163154,7724432048
7724519168,7724778543
7725835250,7726450625
7726062568,7726467277
7727550457,7727965917
7728020384,7728332664
7729146992,7729489636
7729916874,7730459259
7731318045,7731659736
7732178079,7732768308
7733037510,7733226657
7733127747,7733488119
7733221258,7733416130
7733335501,7733614532
7737224569,7737532525
7737586643,7737998703
7737719065,7737901262
7737954434,7738594501
7738114124,7738189718
7738334361,7738586727
7739589200,7740322400
7740146266,7740723872
7743411079,7743605008
7743615014,7744160702
7748072503,7748294720
7748447800,7748881298
7751976227,7752229343
7752148635,7752726797
7754373613,7754806423
7755050670,7755457783
7755259317,7755626545
7756791479,7757230496
7757315743,7757783585
7758941424,7759416502
7759577304,7759759620
7760908159,7761116618
7762549927,7762981056
7764139018,7764563315
7764405825,7764954612
7765372930,7765698129
7766372765,7767042288
7767705386,7767959029
7769151281,7769748003
7769768014,7770245699
7769778404,7770262805
7770856767,7770874930
7770877546,7771044541
7771197153,7771783843
7771344891,7771825659
7771717357,7772304968
7772468186,7772658802
7772682771,7773303058
7774641538,7775185829
7775231803,7775468551
7776972371,7777034942
7777037391,7777333709
7777312920,7778027994
7777566107,7778060177
7778425983,7778709558
7780043269,7780153813
7780103528,7780644076
7780336040,7781011917
7780700462,7781030515
7781126767,7781305552
7782190328,7782436661
7783667125,7784197178
7783817122,7784316208
7784601982,7784986916
7784936198,7785435783
7790016015,7790450158
7793394091,7793601230
7794726160,7795241140
7794913695,7794995838
7796548466,7796770392
7796913775,7797329953
7798438951,7798576112
7799148066,7799514191
7799319967,7799847722
7800499782,7800592668
7800566198,7800681585
7802343237,7802676729
7802632068,7803109116
7803679061,7803963658
7803705898,7804330822
7807365887,7807596663
7807758627,7807822165
7807809580,7808316702
7808117578,7808561190
7812766006,7813027410
7813938554,7814237845
7814071624,7814207172
7814495127,7814932567
7817395844,7817568616
7817446762,7817863650
7817528001,7817839748
7817833068,7818408499
7818034685,7818292694
7820180124,7820919735
7820744016,7820810443
7821200368,7821836032
7821407800,7821478576
7822621447,7823013263
7825048015,7825074555
7825278263,7825549440
7825315366,7825446314
7826153895,7826192980
7826877688,7827030149
7826933353,7827556430
7828183423,7828213247
7828838302,7829559005
7829042589,7829155664
7830072695,7830572633
7832372277,7833031602
7836147030,7836288081
7836339838,7836514698
7837219029,7837437817
7837715935,7838103660
7837906757,7838156210
7839527951,7839963470
7839641753,7840264728
7839767243,7839904518
7840041282,7840170387
7843477316,7844062880
7844706497,7845142749
7844742789,7845723247
7844803408,7845120135
7845157147,7845465006
7845770052,7845931136
7846233713,7846373694
7847026835,7847363359
7847243126,7847840197
7847636816,7848181790
7848582172,7848857223
7848852150,7849466412
7848859020,7849606382
7850553727,7850901921
7852177787,7852571420
7853326070,7853366382
7853866280,7854258025
7854235739,7854625613
7855210991,7855381670
7857587857,7858303532
7860613252,7860790197
7861055295,7861423860
7861557049,7861681306
7862519679,7862873796
7862762364,7863002242
7863252069,7863284316
7863902245,7864337577
7864255098,7864430244
7865098985,7865767775
7866151087,7866240317
7867223469,7867760052
7867496643,7867613643
7867639406,7867913820
7867950762,7868260617
7868180007,7868558325
7869110113,7869510370
7869312758,7869991620
7870375732,7870919440
7870914175,7871560212
7870919448,7871016855
7871308359,7871597564
7872742129,7872995890
7873571944,7873879242
7873631348,7874184843
7874186458,7874782811
7875072195,7875095852
7875119244,7875314511
7876551936,7876868241
7877860716,7878076970
7878571703,7878810345
7878908945,7879256797
7879425657,7880008931
7879740492,7879876212
7880111981,7880244314
7880331129,7880837002
7880876724,7881123571
7881127792,7881249008
7881792163,7882427394
7882215623,7882720048
7883091131,7883525762
7884412481,7884739323
7884998330,7885051716
7886278018,7886403096
7886429518,7886499187
7888116768,7888438430
7890549455,7890848024
7891204721,7891446798
7891376980,7891645954
7892708192,7892795580
7892814293,7893156114
7893221670,7893325651
7894911005,7895313104
7897060122,7897423858
7897363327,7897702625
7898064351,7898184545
7898120872,7898270768
7899142159,7899552785
7899526495,7900154577
7899750243,7899999191
7900784850,7901182025
7900900215,7901086349
7901064876,7901380845
7901195134,7901517364
7902030318,7902134201
7902626434,7902692143
7904545335,7904920834
7905144084,7905500459
7905980752,7906469186
7907765630,7908299411
7912077098,7912536896
7913402012,7913636098
7913549115,7913837299
7914195112,7914272100
7914477860,7914782673
7916263677,7917066907
7916736639,7917440753
7917162549,7917559979
7917844168,7918269571
7919653531,7920015470
7920054071,7920182060
7920872309,7921159433
7921319462,7921536700
7924736609,7925066498
7926044779,7926182689
7927047074,7927152083
7929056351,7929547102
7929484078,7930037746
7929518317,7929939403
7930039570,7930312629
7931106496,7931367187
7931119602,7931266796
7931438508,7931629118
7931867907,7932307693
7932600320,7932793362
7934744174,7934875085
7936250954,7936761312
7937223505,7937751730
7937623531,7938095781
7937754145,7938130228
7938461360,7938695100
7940298272,7940848672
7941115980,7941925892
7942091000,7942208749
7942383356,7942887543
7943162700,7943397591
7943553346,7943960960
7944421577,7944757346
7947535280,7947792919
7948293759,7948462482
7948636804,7948689427
7948951734,7949096333
7950278799,7950500864
7950750648,7951037090
7952406362,7952462191
7953288805,7953668722
7953441492,7953743586
7953732897,7954308880
7954310840,7954592814
7954375771,7954817404
7956225122,7956742130
7956391666,7956892059
7957315926,7957635569
7957385589,7957626713
7958109738,7958790912
7958465711,7958761946
7958734317,7958997359
7960491441,7961000196
7961235257,7961775265
7961253217,7961724912
7962155944,7962321844
7964116316,7964259383
7964185491,7964646926
7964311694,7964772278
7964815063,7964965537
7965484759,7966030233
7965865924,7966257963
7966262683,7967053555
7967158644,7967349870
7967681737,7968112020
7971126468,7971459571
7971187486,7971575222
7972120165,7972471116
7972676381,7972720242
7972902003,7972923075
7973842237,7974297681
7974713938,7974882525
7976149774,7976525865
7977218608,7977615486
7977344069,7977507641
7977613920,7977847446
7978024668,7978401425
7983106885,7983416009
7983890179,7984407087
7984289097,7984751647
7984950369,7986118058
7986301548,7987218630
7986486252,7987045565
7986789558,7987021857
7988965867,7989413818
7989467671,7989761121
7990104619,7990625146
7990154255,7990734018
7991889098,7992227923
7992793060,7994775979
7995491425,7995749643
7996127911,7996274464
8001825776,8002376690
8002095722,8002678042
8004057382,8004624544
8004139310,8004458235
8004922821,8005018207
8004940479,8005446615
8004945303,8005461606
8005519244,8005837610
8007829242,8008373730
8008076796,8008389815
8008215437,8008417393
8008414147,8009388794
8012576337,8012697416
8014734519,8015326046
8018597889,8018772122
8019270428,8019705779
8019493491,8019538219
8021520501,8021915236
8025385230,8025692624
8025995859,8026100720
8027123180,8027781384
8028048853,8028430684
8028793328,8029113962
8029076651,8029118308
8029134038,8029472209
8029972861,8030677637
8030318239,8030451261
8031621165,8031821238
8031712949,8031841888
8033277115,8033853419
8034236619,8034610308
8036767959,8037189539
8036786952,8037244584
8037447267,8038149096
8037813114,8037925583
8038210009,8038235564
8039693373,8040067795
8040874633,8042801807
8041098440,8041117666
8044362987,8044986672
8044818753,8045258301
8045300544,8045740133
8046352393,8046421841
8046475907,8046943914
8046800844,8047587144
8048435425,8048810641
8049180453,8049490941
8049320059,8049612177
8050814371,8050930016
8051496413,8051675611
8052190610,8052676637
8054020532,8054259881
8054594517,8055021180
8056172187,8056762123
8056638679,8056986256
8058018209,8058444100
8058184015,8058389049
8058625182,8058786978
8060174866,8060218252
8061219572,8061243231
8062422592,8062854336
8064483340,8064941931
8064619386,8064979882
8065479730,8065819313
8066747486,8067064033
8067019274,8067283633
8067392144,8067449664
8068299975,8068440109
8068593359,8068764264
8068772951,8069104552
8069486501,8069754841
8071461752,8072083706
8071488411,8072044096
8072742589,8073027033
8074554963,8074823326
8074871604,8075384008
8074990853,8075384209
8075782279,8076010906
8076048117,8076235487
8076705451,8077299913
8077812850,8078144132
8078489070,8078673366
8078987884,8079018233
8079344855,8079762366
8080851246,8081162939
8081691284,8082183110
8081770426,8081837960
8082610095,8083416128
8082698501,8083124571
8083251921,8083797407
8083426861,8084228944
8084816056,8085439101
8086461375,8086818402
8086617504,8086803457
8087023731,8087334141
8087471434,8087803811
8087588237,8088083435
8088872895,8089256709
8091198370,8091673474
8091412886,8092018044
8091546624,8091994146
8092067068,8092172887
8093248137,8094025670
8093607999,8093964970
8094393211,8094477765
8095041580,8095362711
8096020018,8096515173
8099193562,8099454574
8100219821,8100384995
8100758593,8101350911
8100783934,8101323118
8101096637,8101659593
8101798633,8102142591
8102860268,8103507710
8103393568,8103734443
8103762296,8104127500
8104289103,8104583141
8105282928,8105544061
8110410231,8110721553
8110856276,8111317274
8111699576,8112310818
8117322701,8117763620
8117622877,8117672357
8118197777,8118487542
8118269488,8118941767
8118616892,8118715690
8119665486,8119998262
8119861570,8119900552
8120430752,8120587789
8121435955,8121639910
8121535815,8122197357
8121544366,8121866586
8122478673,8122840548
8122953447,8123592570
8123512971,8123975789
8125112625,8125549143
8125149116,8125591863
8125924311,8126407468
8126109934,8126527660
8126325414,8126735001
8126423325,8126791784
8126529415,8127606716
8128134304,8128509286
8129869740,8130220503
8131744007,8132080586
8132084978,8132117042
8132891755,8133390872
8133047446,8133424378
8134530713,8134909774
8136050198,8136777681
8136798920,8136998880
8137670740,8138351097
8138940374,8139158608
8139569117,8139994912
8139661657,8140080200
8143087651,8143422653
8143511843,8143564565
8143781052,8144054193
8144185754,8144587446
8144633649,8145248378
8144973152,8145042970
8145236565,8145566293
8145791380,8146058396
8146687544,8146760263
8147423609,8148037231
8151677840,8152508722
8152342563,8152603173
8152352521,8152571563
8153259009,8153639824
8153445152,8153810054
8153658077,8154094808
8154080781,8154442196
8157539693,8157573798
8159383213,8159696668
8159705150,8160126645
8160018911,8160490669
8161322679,8161404141
8161378086,8161425919
8161818451,8162341142
8162277588,8162348205
8163781198,8164216859
8165071934,8165159001
8166530294,8166599153
8166707206,8166896417
8167167588,8167377118
8167421713,8167463733
8167589015,8167799590
8168535437,8168820988
8171867904,8172222992
8172436308,8172785361
8173133857,8173662425
8173688641,8173829595
8175447466,8175638402
8176250296,8176399524
8177078603,8177305850
8177736463,8178328740
8179299575,8179758120
8181148131,8181648799
8181557604,8181675095
8183260733,8183390377
8183713752,8183798965
8183808407,8184090288
8184825408,8185078922
8186209689,8186279937
8186622807,8186755221
8188440543,8189051998
8190158481,8190336596
8191207387,8191625724
8192864948,8193204508
8195070153,8195592867
8195233202,8195267235
8195253110,8195662015
8195595415,8195842440
8197660225,8198087940
8199820431,8200371308
8201216418,8201792959
8202330003,8202622223
8203824395,8204215058
8205709551,8205785397
8206012730,8206189695
8207808581,8207987689
8213586826,8213755085
8213752071,8213815584
8215163452,8215852410
8215955335,8216001701
8216142593,8216178831
8216144228,8216453994
8216203336,8216312153
8218466531,8219022892
8219882581,8220411355
8220265824,8220441485
8221044152,8221517993
8223475378,8223730304
8223976682,8224229106
8224582529,8225115191
8225419336,8225700964
8225473605,8225631239
8225697088,8226361569
8225728656,8226048805
8227851761,8227922811
8229474456,8229586863
8230073916,8230547830
8232700111,8233024948
8233568424,8234328194
8235596807,8235891677
8236126705,8236201112
8236326074,8236721950
8237688597,8237851332
8239628666,8240193166
8239919669,8240161835
8240371378,8240447864
8242293767,8242811438
8242539047,8242679617
8243028823,8243493767
8243756944,8244320301
8246734593,8247316145
8247103551,8247361879
8248911972,8249225565
8249341500,8249628394
8250540523,8250575581
8253100543,8253551398
8253119904,8253321543
8253902984,8254574457
8254129581,8254459892
8254298964,8254684075
8255440441,8256106051
8256781413,8257057631
8258611042,8259355089
8258710928,8259288339
8259381446,8259439337
8260850838,8261424475
8260982106,8261583128
8266353726,8266740071
8266805135,8267298593
8267693982,8267965832
8268227428,8268823023
8268279595,8268448921
8268526737,8269211620
8268584141,8268702986
8268879705,8268949964
8270007244,8270376331
8270117833,8270709115
8270381556,8271015663
8272232678,8272529508
8272753757,8273257005
8273126142,8273321291
8273345113,8273930487
8273948426,8274457944
8276263510,8276802521
8277194771,8277428670
8277859434,8278200016
8280720505,8281056271
8281054195,8281765018
8281452537,8281703267
8281919192,8282391675
8283072839,8283410394
8284249450,8284473719
8285291889,8285477343
8286122702,8286141395
8286151617,8286548156
8289036244,8289537041
8289326935,8289565889
8289382867,8289500796
8289683961,8289745719
8290158173,8290185298
8292025085,8292481263
8292902071,8293557753
8293128374,8293686252
8293747315,8294312663
8295760829,8296082769
8295799677,8296334479
8297064384,8297499804
8297524861,8297943026
8298068288,8298305808
8298318125,8298417205
8299107036,8299284780
8300745580,8301194906
8300948468,8301201522
8301407755,8301709193
8301725634,8302320468
8305772716,8306095060
8307324629,8307419603
8309001189,8309440838
8309515079,8309942493
8311023477,8311063089
8311110179,8311636991
8311270562,8311301195
8311345542,8311887088
8313209805,8313776626
8314381617,8314674194
8314584263,8315131194
8314900584,8315343320
8315360957,8315930584
8317636280,8318849317
8319075618,8319470446
8320470958,8321092713
8320803402,8320836024
8320971918,8321501028
8321574561,8322108366
8322055932,8322355864
8322492109,8322696522
8322804072,8322835219
8324097187,8324665773
8324741258,8325078085
8325109311,8325696857
8326772804,8327121612
8327860469,8328202044
8328458672,8328795968
8329184774,8329389714
8329227131,8329659288
8330625947,8331168742
8331535902,8332164436
8334048095,8334381110
8334382800,8334621943
8334773151,8334949772
8336635890,8336717498
8338498770,8338983570
8339534798,8340018135
8340373696,8340409697
8342017922,8342439272
8342511999,8342703825
8343308226,8343566374
8344762554,8344778280
8346207704,8346435400
8346491641,8346665108
8346865296,8347133735
8347335512,8347476780
8348354779,8348494906
8348765568,8349122652
8349815799,8350198109
8351412424,8351597623
8351413563,8351532292
8351537402,8351808689
8352057832,8352373778
8352072358,8352183198
8354871581,8355198924
8356879136,8357083424
8358026887,8358194659
8358521904,8358761950
8360853230,8360959556
8362246458,8362570672
8362266515,8362640567
8363150751,8363650336
8363236386,8363711824
8364051506,8364377140
8364366600,8364718076
8365337575,8366059692
8365347319,8365902302
8366207364,8366302318
8366671747,8367071670
8367946643,8368557299
8369907793,8370400472
8370390394,8370825211
8372793916,8372940399
8373455518,8373642442
8374078746,8374166240
8374399418,8374797785
8374782978,8375740162
8379063403,8379355950
8379926063,8379993436
8380206474,8380803534
8380373947,8380889420
8382922249,8383262586
8385361012,8385413640
8385422135,8385573641
8385845750,8386168329
8386248292,8386731575
8387011082,8387343433
8387259540,8387737504
8387614101,8388153709
8387790515,8387860982
8390337152,8390904871
8390708960,8390728665
8390802720,8391425209
8392742003,8393352598
8393724309,8394233691
8393838966,8394490710
8394973981,8395741457
8398243117,8398816898
8399069584,8399317073
8399884208,8400538558
8400175558,8400353419
8400871224,8401129947
8401084004,8401287157
8401626013,8402045462
8402477855,8402533554
8403083186,8403546563
8405389061,8405462928
8407361602,8407951504
8407386205,8408021884
8408087153,8408171181
8408191903,8408512422
8408848872,8409269878
8410507143,8410551035
8410567762,8410953310
8411180231,8411417418
8411467960,8411809123
8412053591,8412419086
8412175037,8412329895
8412773756,8412891405
8413325931,8413589308
8413407834,8413777714
8415166106,8415299248
8415752421,8416125934
8415886819,8416007114
8417297054,8417498231
8417664698,8418377185
8420065740,8420437771
8421682337,8421773619
8422522602,8422621128
8422679679,8423045922
8423139816,8423264357
8427076926,8427209382
8428016529,8428615648
8430547020,8431032388
8431401417,8431634551
8433659097,8433876370
8433860252,8434487082
8435914544,8436413483
8437266311,8437632172
8438033751,8438288577
8438305488,8438519956
8438399296,8439032179
8438932245,8439303195
8439023764,8439444605
8439946401,8440147857
8440080148,8440769965
8440227202,8440474060
8441955669,8442341015
8442062188,8442488958
8443224833,8443424469
8443339396,8444003087
8443463937,8443973168
8444926271,8445294077
8445306342,8445752194
8446264942,8446744735
8447775218,8448327584
8447899737,8448275914
8448243587,8448491454
8449212346,8449363900
8449702303,8450182888
8450682926,8451778463
8452131584,8452184560
8453589262,8453766592
8454603975,8454866477
8456271085,8456366676
8458426138,8458985785
8459838992,8460421184
8460310184,8460758314
8460810743,8461209533
8463097083,8463504097
8463527467,8463939778
8463793424,8463998549
8465129812,8465426921
8466437529,8467035444
8469301463,8469669204
8469627545,8469697996
8470153225,8470403313
8470793278,8471378523
8471760094,8471791590
8472208488,8472751945
8473051851,8473331205
8474059568,8474409858
8474408386,8474831278
8474524956,8475003270
8475651377,8475831517
8477580567,8477896730
8478313534,8478774487
8479365856,8479891052
8479888493,8480324860
8480103628,8480831928
8483803914,8484340698
8484391344,8484634145
8485327111,8485784422
8486013854,8486438856
8488877522,8489319128
8489250324,8489692815
8489374319,8489404788
8490568500,8491220194
8492095622,8492417121
8493037909,8493148489
8493690730,8494278883
8494608566,8495015175
8494736041,8494771253
8495178969,8495438355
8495475512,8495659775
8495508589,8495715329
8495750267,8496044268
8495780243,8496367928
8496751625,8497066247
8499141833,8499430469
8499460328,8500182322
8501701791,8502036309
8502158127,8502420409
8503030563,8503698454
8503436078,8504003959
8504165929,8504695310
8504541009,8505017312
8506356724,8506760717
8507256985,8507737869
8508953516,8509389547
8510777538,8511177958
8512200274,8512722280
8513036171,8513764389
8513038134,8513266405
8515515576,8515895838
8517184669,8517697248
8517549266,8518082622
8517653165,8517999123
8519602935,8519670187
8520788205,8520845034
8521371443,8521676749
8521579768,8521804921
8521953188,8522339440
8521960439,8522256297
8522243170,8522548456
8522333220,8522798318
8522598599,8523324238
8523084191,8523784455
8525416765,8525782643
8526524141,8526832635
8527349480,8527442228
8529404371,8529799970
8529910586,8530384563
8530783985,8531229789
8531493998,8531690069
8532936455,8533580124
8533319454,8533849874
8533389825,8533560695
8533418128,8533895201
8533912971,8534537918
8535796489,8536126890
8538053279,8538214844
8538129406,8538625525
8538446103,8538731974
8539180240,8539383672
8541095752,8541218543
8541333946,8541393071
8544290645,8544853270
8545077996,8545448035
8545189351,8546037650
8545254326,8546055862
8545360040,8545916425
8550649937,8551048417
8550851894,8551375237
8552342183,8552611322
8553330907,8553484108
8554294231,8554419474
8556253864,8556516119
8556801313,8556961547
8556885136,8557224852
8557732235,8557816580
8560356494,8560674705
8560998558,8561454811
8561296075,8561664184
8561319997,8561724785
8564661299,8564833896
8565015620,8565832870
8565052439,8565766357
8566466832,8566577212
8566674807,8567005785
8568445877,8568933599
8570039589,8570238585
8570162769,8570517718
8571878525,8572352532
8572005313,8572191616
8573393392,8573995666
8574449002,8574645374
8575165869,8575360203
8578695362,8579069430
8579095526,8579442400
8579945904,8580391963
8580262535,8580649802
8581088680,8581161081
8581282824,8581475402
8582662470,8583173227
8583979599,8584577522
8587951739,8588502669
8589043682,8589282043
8589151793,8590295897
8590537358,8590639316
8591386178,8591781257
8591881280,8592174796
8593620363,8593734842
8593819698,8594032897
8594339220,8594962647
8598875882,8599301624
8600531803,8601020897
8600649740,8601053803
8601288804,8601753102
8602202561,8602426058
8603706964,8603816250
8605291113,8605667034
8605583867,8605926769
8605998338,8606041583
8608704988,8611151330
8608794820,8611197428
8612615589,8613136437
8613372804,8613451433
8616293689,8616474246
8616506248,8616767066
8616698641,8617142789
8617330428,8617586126
8617793666,8618282116
8620326580,8620654121
8620918344,8621061213
8623084025,8623657507
8623914327,8624360154
8624308097,8624941792
8624773396,8624983223
8625318164,8625589718
8626999206,8627161141
8627515044,8627921720
8629542028,8629916467
8629723558,8630057836
8632249659,8632494135
8633891145,8634250741
8634204098,8634428566
8635517115,8636283192
8636202603,8636412988
8637571411,8637773999
8639771375,8640152668
8641498710,8641787808
8642615774,8643117794
8644091187,8644528024
8644755342,8645225488
8644963108,8645480451
8649102961,8649534338
8649437407,8649557092
8649559790,8649854334
8650487563,8650661577
8651213009,8651435636
8651403591,8651773308
8651871702,8652165193
8652874984,8653337675
8653248738,8653553197
8653591618,8654143779
8656049014,8656534559
8657733304,8658112141
8657794043,8658261505
8658001480,8658500703
8658068087,8658596938
8658655406,8659265633
8658918315,8659139937
8662581837,8663259139
8662860980,8663158494
8663850851,8664289626
8664291506,8665095503
8664641898,8665241478
8664650489,8665133363
8666501427,8666577071
8668206133,8668574292
8668568660,8668626260
8672356516,8672912044
8672726372,8672973062
8674247613,8674428717
8674578558,8674953615
8677263278,8677359288
8679393044,8679948109
8679808490,8680110269
8680440412,8680692734
8680626885,8680823976
8681409959,8681604136
8682917247,8683384273
8687613149,8688223621
8688161239,8688486846
8691590802,8692041104
8691699147,8692058240
8691889318,8692472441
8692685734,8693423243
8694943538,8695160828
8696100939,8696492394
8696219618,8696456823
8696693446,8696987166
8698889135,8699098538
8701092830,8701550859
8701112794,8701353239
8701438787,8701937337
8703713053,8704016674
8703740138,8704476013
8705056218,8705100853
8705809206,8706308667
8705949705,8706039416
8706310584,8706664679
8706722757,8706864428
8706722969,8707221061
8707248641,8707645861
8707353346,8707800430
8708738985,8709048482
8709513840,8709892925
8710386059,8710948531
8710774060,8711237607
8711045187,8711155909
8714308788,8714871680
8715642610,8716285497
8716287218,8716547882
8717033360,8717390447
8717572283,8718350171
8718730089,8719164626
8720534189,8720787611
8721107936,8721625362
8722137882,8722439525
8723320961,8723839668
8723459919,8723892411
8725236813,8725516680
8725714243,8726230808
8726555135,8726626167
8727014601,8727531270
8727448265,8727493960
8727702962,8728097406
8727781501,8728046193
8728058948,8728563428
8729496833,8729874201
8729599817,8729674094
8729765114,8729959410
8730313351,8730387105
8730425571,8730906255
8730663945,8731081746
8733314223,8733330497
8733899416,8733963166
8735877143,8735974300
8736816215,8737806426
8738560396,8738817646
8739733193,8739978605
8739956771,8740003464
8740006587,8740193323
8740610627,8740879489
8741124423,8741792696
8741340517,8741680180
8741814138,8741960681
8744305986,8744506537
8745608501,8746013250
8745784747,8746042776
8746230257,8746497508
8746948937,8747529071
8747311647,8747393073
8748175702,8748597389
8748813109,8749018674
8750733122,8751312906
8751683235,8752160130
8752203471,8752418919
8752569207,8753085171
8752960409,8753127155
8753748995,8754319150
8760713487,8761124419
8763518736,8763797602
8763561751,8763949494
8763824039,8764221902
8764554787,8764848645
8766708399,8767315875
8767108670,8767406740
8768588123,8769133746
8768613375,8768920413
8768890141,8769289535
8768928252,8768958268
8770786249,8771426658
8771497349,8771706010
8773314208,8773664186
8773508029,8773795324
8773949537,8774330593
8773993518,8774176372
8775666497,8775753362
8775774174,8775857998
8776060188,8776107259
8776188397,8776485614
8776597801,8776776168
8777271380,8777820028
8777332410,8777697893
8777667875,8778331015
8777821770,8777887509
8778117939,8778208039
8778591383,8778898660
8779937032,8780284006
8780494365,8780944163
8781223245,8781681111
8781234938,8781793388
8781281666,8781742605
8781296455,8781521255
8781771177,8781978411
8782314936,8782609696
8782653052,8783146673
8782890765,8783065043
8783417581,8783489787
8783506826,8783922965
8784919416,8785292545
8785319273,8785538421
8785797619,8786091162
8787667969,8787916096
8787689353,8788075543
8789660638,8790129107
8789828465,8790115210
8790072442,8790582251
8792608546,8793132224
8794486939,8794997207
8794512019,8795058303
8795614416,8796002480
8796624805,8797083055
8799781290,8800462618
8803254251,8803429311
8803729368,8804038770
8805384817,8805862226
8805802412,8805838474
8806256129,8806833888
8807829306,8808491509
8808156676,8808557844
8808273190,8808539016
8808856169,8809314398
8811251523,8811370685
8813396466,8813898586
8816814329,8817279157
8816920917,8817059583
8817849202,8818045349
8820302733,8820750981
8820395799,8820771652
8820520592,8820735049
8820736491,8820783009
8821193243,8821723913
8821249723,8821626713
8821919108,8822246140
8823087801,8823629284
8823288422,8823855706
8823371529,8823957299
8824002993,8824472238
8824186330,8824474302
8826159539,8826219785
8827869852,8828100959
8828151391,8828422805
8828424467,8828905055
8829538098,8830064215
8829793395,8829840268
8829799115,8830127024
8829933137,8830397112
8830328949,8830657411
8833132505,8833292334
8834158373,8834356084
8834712187,8834938107
8834838597,8835075713
8836081358,8836428123
8837118715,8837242084
8838377199,8838918667
8838453966,8838560752
8840536415,8840819096
8840651750,8840997241
8845160210,8845509491
8845512798,8845765747
8848135838,8848710075
8848535530,8848660735
8851825207,8852319600
8852083462,8852688992
8852932499,8853203524
8858205870,8858453834
8861724101,8862324532
8863960159,8864260944
8865011279,8865279118
8865598146,8865698405
8865954939,8866541644
8865973613,8866241588
8866001341,8866478815
8867115144,8867590762
8867368390,8867554327
8868212889,8868401623
8868803865,8869102473
8870569167,8870780932
8871305284,8871815115
8874876819,8874950978
8875263418,8875695501
8876389291,8877216192
8878847167,8878926999
8880544554,8881010748
8882137726,8882521058
8883644494,8883909765
8886121019,8886559059
8887579300,8887750365
8888804519,8889276906
8889056991,8889288270
8889864558,8890250846
8890566200,8890751473
8892348631,8892490484
8892820641,8893008334
8894418790,8894972754
8894775737,8894870463
8895604904,8895993107
8898692882,8899223580
8899692980,8900114427
8899964738,8900222862
8900428694,8900799227
8902186639,8902299608
8905579166,8906252399
8907063174,8907348019
8907160900,8907562457
8907876671,8908471781
8909690570,8910007313
8910948126,8911552384
8912665474,8912910149
8912926419,8913231634
8915541179,8915914048
8916387441,8916655213
8916804105,8917440306
8918259017,8918409533
8919255969,8919849094
8920776286,8921106327
8922301526,8922804131
8923497353,8924161936
8924699467,8925307623
8926009285,8926309024
8926237562,8926777398
8926324696,8926711548
8926491878,8926848177
8927253354,8927654919
8928523233,8928704406
8928710910,8929027413
8930801604,8931341336
8932313492,8932612603
8932909914,8933156198
8933185960,8933733003
8933716014,8934022575
8934219639,8934703835
8934290131,8934815131
8934514820,8934919572
8934814711,8935136133
8935857370,8936293067
8936434895,8936887548
8940159033,8940203032
8940795377,8941001119
8940879194,8941470065
8943118784,8943543947
8943236317,8943804909
8943840137,8943962696
8943883482,8943995127
8943954658,8944210832
8944001669,8944459319
8944350796,8944605165
8944732666,8945407928
8948001904,8948286286
8948203015,8950319693
8950166867,8950365674
8950381289,8950440026
8951015511,8951282156
8951219166,8951300811
8952434092,8952887935
8953444764,8953458421
8955539440,8955816725
8955783258,8956415649
8958199794,8958405969
8959512537,8959786595
8959795559,8960547005
8962281941,8962906722
8964468857,8965289453
8965330930,8965810847
8966053671,8966309673
8966243291,8966459025
8968009663,8968128002
8968120183,8968529139
8968489155,8968861060
8968531012,8968889013
8969925692,8970097737
8970984304,8971168396
8972029906,8972718797
8972103271,8972421792
8973339922,8973989339
8973443661,8973788012
8974548061,8974833054
8975175708,8975220181
8975907394,8976478385
8976163501,8976236453
8977141109,8977303194
8977610702,8977998903
8979111087,8979583432
8980664230,8980929672
8981550175,8981981044
8981799444,8982278183
8982016726,8982662505
8983706973,8983832542
8983847981,8984216538
8984218218,8984726682
8984405884,8984532644
8984531941,8984830581
8985078510,8985387781
8986445055,8986552320
8987610954,8987702246
8989230304,8989663138
8990065002,8990728955
8992417561,8993036479
8992575922,8993025655
8994617750,8994677009
8997337977,8997630326
8997545415,8998099140
8997950465,8998280903
8997959449,8998142217
8999008916,8999099871
8999636888,8999750847
9001521122,9001757477
9004992002,9005568619
9006018983,9006422427
9007865035,9008230669
9008288366,9008769021
9008740302,9009020212
9009998695,9010649810
9010712770,9010749304
9012182832,9012566760
9012540504,9013010642
9013215481,9013244243
9013265822,9013911983
9013606791,9014348442
9015251907,9015511386
9015516123,9015541103
9015976511,9016468547
9016842172,9017319346
9017339584,9017613148
9017361620,9018006163
9017771795,9017941107
9018507880,9018949932
9018975707,9019275535
9020149478,9020432335
9022410292,9022749061
9023637074,9023830870
9024728813,9025009627
9025590634,9025688745
9026133772,9027221308
9027220385,9027274729
9027347985,9027441454
9028592504,9029156455
9028915521,9029028434
9029334688,9029589654
9030583833,9030729367
9030697755,9031182169
9031072080,9031464946
9031448283,9031934634
9033011822,9033540001
9035170700,9035899472
9035756855,9036093175
9035902731,9036513893
9037889868,9038456999
9040721955,9041136830
9041684706,9041960779
9041854714,9042430271
9042093581,9042786520
9043975015,9044627376
9044597928,9045244072
9045884522,9046387861
9046607531,9046930710
9047192524,9047836932
9047273990,9047631796
9048713035,9049316916
9049405311,9049817332
9049818901,9050499201
9051010325,9051538341
9053373677,9053809000
9055295578,9055450115
9055577315,9056187586
9055981037,9056017465
9057124199,9057149270
9058132735,9058355788
9061016501,9061429901
9061184938,9061235584
9062517647,9062846729
9062861837,9063027435
9064093503,9064434539
9064807486,9065137674
9065115848,9065626546
9067985930,9068218942
9068142818,9068597792
9068263531,9068627502
9068753422,9068786923
9068888327,9069073438
9069107721,9069648244
9072152568,9072660144
9072975408,9073612347
9073849913,9073887567
9075144601,9075404847
9076407151,9076714038
9076878924,9077196665
9077248070,9077698858
9078451069,9078734050
9079136267,9079319515
9079619540,9080200372
9084088752,9084317154
9084722386,9085078148
9085495404,9085990143
9085782227,9085827226
9085912662,9086080735
9085980620,9086445584
9086088394,9086670925
9088197561,9088544136
9088299935,9088807109
9088379270,9088498833
9089089793,9089325446
9089416170,9089885402
9090042604,9090544510
9090946271,9091305781
9091061413,9091490749
9092093462,9092287576
9096245506,9096662037
9098055834,9098096051
9098646548,9099029966
9100177178,9100305750
9100601502,9101138570
9102068529,9102607412
9102171839,9102349954
9104308789,9104764482
9104884448,9105284617
9106074953,9106206890
9106270638,9106420447
9106870412,9107310978
9107334559,9108286064
9108130597,9108853757
9109155958,9109190984
9109886310,9109933385
9112011138,9112632317
9112016914,9112268780
9112693051,9113137242
9112776448,9113104104
9113083165,9113324500
9113272518,9113634372
9113313157,9113744355
9113750482,9114087941
9115685416,9115815453
9117275121,9117354818
9118460285,9118914917
9121838129,9122216192
9123199886,9123453835
9124002473,9124110198
9124594146,9124670952
9126564557,9126814756
9126670773,9127107563
9127716752,9128156598
9127871467,9128326126
9128172639,9128567709
9128484734,9128933281
9128605090,9128792107
9128724366,9128989260
9130106230,9130688040
9132378591,9132999841
9132423967,9132527643
9132983642,9133438990
9133635763,9133670353
9134732732,9135315304
9136435882,9137087391
9137014708,9137216082
9138681521,9139079317
9138978259,9139229098
9140510934,9140593044
9140606072,9140952748
9140751089,9141267090
9141002932,9141611753
9141229460,9141430248
9144472472,9144708659
9145279818,9145320441
9149391401,9149539084
9149689564,9150169944
9149830006,9149999285
9150948260,9151334503
9151962221,9152137435
9153544343,9153799079
9153588708,9154200671
9153814775,9153960399
9155021696,9155070861
9155679959,9155753830
9156260543,9156408336
9157122974,9157407796
9157534991,9157582710
9157819408,9157900448
9158942457,9159471803
9160198185,9160680569
9160598542,9160769988
9161621785,9161743386
9161775926,9161962886
9162253628,9162498072
9163048143,9163512710
9163754284,9164067991
9164075705,9164299799
9168172288,9168570470
9168464980,9168826770
9169187270,9169536918
9169516620,9169580502
9169908990,9170303195
9171143891,9171472627
9174716696,9174990921
9175216057,9175526653
9175615945,9175696448
9176187652,9176246952
9177236847,9177696632
9177272717,9177391450
9178241375,9178468308
9178738856,9178888327
9179071181,9179212510
9179949088,9180628774
9180021008,9180567381
9180766092,9181089002
9181199118,9181750309
9181360982,9181770864
9182311975,9182523695
9184395707,9184534990
9184884464,9185318382
9185925082,9185937117
9186257254,9186293300
9186846657,9187046910
9186934610,9187314473
9187694012,9188341982
9188320272,9188659479
9188662322,9189289348
9189372147,9189553337
9189914282,9190326741
9190129549,9190340998
9191011441,9191324968
9191497037,9191727005
9196771904,9197099358
9197626741,9197850302
9198883288,9199451373
9199912950,9199941406
9200647109,9200704594
9202869150,9202988637
9208718362,9209446539
9210870553,9211355875
9211117201,9211629331
9211357007,9211465530
9211665785,9211862981
9212111743,9212418572
9212360420,9213004952
9213405921,9213866816
9215035436,9215460202
9216105362,9216430046
9217769909,9218273779
9218347700,9218783758
9218374913,9218933214
9223090466,9223542527
9223203655,9223667235
9223921829,9224382071
9227434457,9227704170
9227905283,9228254135
9228253462,9228344387
9229459594,9229674509
9229641563,9230064638
9230517833,9230845261
9235122598,9235717237
9236392953,9237046817
9236596671,9236921834
9237736039,9237872213
9238297551,9238666827
9238829609,9239013015
9240401161,9241223246
9242207547,9242693858
9242894486,9243370384
9244170244,9244742682
9245292376,9245459404
9245836506,9246276265
9245891517,9246484990
9246899032,9247291045
9248621945,9249089707
9249316864,9249939585
9250069605,9250468753
9250615369,9251125481
9250681642,9251157685
9250783753,9251377683
9251385014,9251646045
9251660283,9251725943
9251972215,9252102242
9252154881,9252786127
9254839907,9254928656
9255306484,9255677089
9255334420,9255856544
9255565558,9256062888
9256350576,9256556840
9256466357,9256733244
9256674524,9256785968
9256858102,9257263374
9257272972,9257750563
9259035526,9259224779
9259076112,9259188900
9259209160,9260328179
9261880085,9262191257
9261974364,9262076622
9262041044,9262058067
9262639914,9263143066
9263773171,9264164531
9264456001,9264855101
9265089306,9265102645
9265213006,9265395271
9265356830,9265528254
9266431844,9266711200
9267413154,9267822612
9267833126,9268094615
9269054700,9269090356
9269194085,9269559762
9269506328,9269860878
9269651419,9269922138
9270110934,9270622711
9270595675,9270751750
9271218351,9271535384
9271431297,9271868225
9272230724,9272506633
9272296958,9272747200
9272429749,9272831667
9272748728,9272870357
9274018051,9274512893
9274089663,9274250290
9274297448,9274622338
9275138588,9275472667
9277177723,9277676986
9277874619,9278143675
9279462148,9279628363
9279850394,9280009277
9281416981,9281453476
9282074389,9282634037
9283653206,9283966558
9284366478,9284685553
9286505814,9287094631
9287142585,9287269451
9287247964,9287728292
9288196981,9288655503
9289519981,9289850549
9289564559,9289676308
9289853184,9289995462
9289911446,9290551303
9291182979,9291564618
9293657412,9293787039
9293822868,9294296838
9293929490,9294666012
9295493520,9295859497
9295532147,9295894809
9295532534,9295693584
9296145904,9296714602
9297360258,9297814515
9297490550,9298039089
9297892877,9298026727
9298599272,9299009349
9298633955,9299012540
9304661006,9304892054
9304929372,9305564456
9307173526,9307226684
9307443891,9307855038
9308300705,9308574486
9308956654,9309276696
9309305292,9309890869
9310269130,9310808098
9312486990,9312649681
9312787051,9313179061
9313067265,9313417724
9313470641,9314165367
9315242459,9315839553
9315595049,9315775006
9316150272,9316293678
9316942156,9317552334
9318451263,9319031862
9320450916,9320921891
9321763622,9322212206
9322316337,9322623319
9322455905,9322830675
9324783196,9325153088
9325514103,9325618354
9325607221,9325984140
9327149012,9327767131
9327924470,9328224177
9329133706,9329305890
9329166121,9329658785
9329804916,9330478263
9330824604,9331084615
9331088706,9331211364
9331394182,9331589694
9334396911,9334653062
9334481216,9335031696
9335873874,9336166063
9335916406,9336167440
9336095397,9336414920
9336215913,9336258203
9336764111,9337160283
9336773960,9337072649
9337517310,9337543047
9339931023,9340469509
9340607196,9341170841
9340971606,9341452700
9341125450,9341461565
9341529733,9341901246
9342223351,9342695537
9343801883,9343978863
9344085846,9344335867
9344645402,9344934683
9344658717,9345091515
9344946354,9345328377
9345187762,9345434626
9345890789,9346011844
9346849546,9347372345
9347567019,9347796975
9347656619,9347844557
9350599212,9351040595
9350849478,9351138868
9351042348,9351449194
9351489888,9351692080
9351814808,9351961029
9351877627,9352445838
9352060332,9352090910
9352254685,9352414368
9353421946,9353952709
9353823688,9354272789
9354335566,9354592988
9354367667,9354898238
9354567310,9355029235
9355270582,9355472388
9355494894,9356034851
9355610277,9356017671
9357975559,9358102180
9357978470,9358304772
9358772776,9359381430
9359716133,9360185915
9360734231,9361324473
9361122735,9361633469
9361805559,9362368778
9361864104,9362060369
9362213651,9362299705
9362385606,9362884848
9364326365,9364763976
9365852115,9366058335
9366078373,9366376836
9366215380,9366323064
9366530443,9366775295
9366929202,9367493392
9367246990,9367444266
9367478074,9367934897
9369311701,9369778932
9369742312,9370326146
9371930518,9372375074
9374942831,9375509042
9375672147,9376110960
9376244759,9376598411
9376964209,9377459212
9377913423,9378686601
9378043639,9378257986
9379164255,9379773656
9379352941,9379611022
9380101938,9380200716
9380246803,9380299909
9380802473,9381011936
9383041641,9383758940
9383974514,9384153511
9384624544,9385150670
9385946278,9386395771
9389126726,9389324939
9392226816,9392402857
9392380219,9392559917
9393088866,9393216970
9393421388,9393728512
9393867365,9394039198
9395325407,9395906140
9397300312,9397503718
9399407308,9399812113
9400508815,9400540930
9400889991,9400934055
9401136956,9401162767
9402427663,9402661417
9404597265,9404796041
9404614024,9405070514
9406104885,9406651145
9406268589,9406671047
9408218201,9408390896
9408525410,9408905537
9408553017,9408637100
9410290865,9410549249
9412461436,9412725103
9414200387,9414573145
9414212550,9414587592
9415782218,9416251416
9417453570,9417577867
9418599364,9419276707
9418825297,9418852637
9419690371,9419946083
9420500953,9420835102
9421530212,9421915157
9421679016,9422153249
9424159078,9424401889
9425268925,9425468182
9425465085,9426083107
9425933077,9426107722
9426007384,9426420058
9426288894,9426655962
9428702652,9429157041
9433216663,9433990247
9435106415,9435429652
9436614265,9437170997
9436614434,9436701984
9437015252,9437049051
9437985477,9438235793
9438391393,9439018444
9439517539,9439995886
9440908255,9441760706
9442556782,9442668040
9443710162,9444125355
9444601684,9445205063
9446474534,9446548743
9447437863,9447791038
9447807042,9447908112
9447820485,9448045964
9448590232,9449454477
9448637694,9448975652
9448958325,9449226109
9449095426,9449326046
9449524692,9450281601
9450163785,9450501928
9450212619,9450708897
9451482154,9451885477
9453230486,9453753931
9455088687,9455476494
9460455796,9461014847
9462315149,9462410846
9463173068,9463622686
9464476702,9464649807
9467143697,9467459515
9468025625,9468327944
9469823274,9470356460
9470718707,9471259375
9473984348,9474340232
9474034266,9474227545
9477083682,9477393743
9478187241,9478698579
9481005049,9481427458
9481987590,9482277668
9482455209,9483081557
9483977120,9484126040
9484713744,9485173488
9484735282,9484936358
9486462221,9486912137
9487726121,9487752954
9489124760,9490092715
9490777461,9491159947
9491954086,9492322925
9492035864,9492421844
9492719278,9492866620
9492865897,9493434364
9493165647,9493614682
9493702189,9493812225
9495539019,9495698241
9495671341,9496199954
9497600435,9497982801
9498177708,9498603258
9499674061,9499981113
9501624698,9501845113
9502290439,9502470474
9502731058,9503274785
9502905330,9503150127
9502995226,9503325225
9503189569,9503579873
9503344569,9503438643
9503769668,9504224555
9506285667,9506770272
9506307078,9506814414
9506820757,9507225639
9508313944,9508619020
9511087596,9511535467
9511540233,9511604748
9511606343,9511628032
9512194384,9512841615
9512514656,9512940582
9513343806,9513438518
9513510277,9513686248
9513809310,9514508132
9514786763,9514949064
9515007478,9515324132
9516956245,9517576449
9517333635,9517956558
9518823962,9519441065
9520614422,9520769532
9521235945,9521612749
9521892564,9522279954
9522169063,9522847878
9523122463,9523595588
9523197626,9523557150
9526372779,9526484670
9527617537,9527767975
9528228973,9528478546
9529408583,9529430439
9530146738,9530367812
9530229687,9530721061
9530862398,9531211593
9531893245,9532327787
9532322638,9532674365
9534280145,9534714470
9534703959,9534740861
9535126491,9535281889
9535390288,9535515374
9535548561,9535602817
9539722563,9540358048
9540805720,9541410571
9541405911,9541773962
9542203561,9542822976
9542220642,9542713027
9543045704,9543106011
9543545775,9544010706
9544451855,9544922715
9544619269,9544939324
9544867103,9545083981
9546791909,9546989015
9546907607,9547017974
9549986988,9550618129
9551289742,9551763909
9552566627,9553834520
9553417754,9553497568
9553522361,9553766924
9553991702,9554021518
9556666872,9557244464
9556897978,9557427924
9559098850,9559270357
9559198005,9559413082
9559775880,9560245094
9559954532,9560408132
9560249306,9560746465
9561602034,9562150891
9561727319,9562088793
9561926174,9562022737
9563474593,9563839353
9563506679,9563585864
9563612410,9564081920
9564127193,9564614769
9564559801,9565023001
9565523338,9565938306
9567350668,9567538984
9571204230,9571349619
9572082122,9572424859
9572751816,9572988273
9573125239,9573138762
9573790705,9573903413
9575841044,9576316682
9576782937,9576875033
9577677805,9578245577
9579606263,9579653204
9579877510,9580133445
9580694939,9580903510
9580856107,9581350839
9582094344,9582732731
9582768473,9583322020
9584157460,9584347306
9584260999,9585017832
9584441379,9584726669
9584749132,9585158237
9588865366,9589176017
9588963975,9589605038
9590642889,9591176291
9591247151,9591722782
9591833544,9591890652
9592490329,9593063935
9592734592,9593147115
9593584254,9594047563
9594056511,9594750180
9595327164,9595841238
9598353670,9598868921
9599060819,9599701167
9600418292,9600549176
9602905929,9603139023
9603099470,9603726297
9604238999,9604271903
9606895928,9607203162
9607254985,9607768977
9608093126,9608602446
9608930054,9609172977
9609132624,9609261795
9609350592,9610015471
9610566657,9610715675
9610650411,9611142239
9611039254,9611558140
9611301180,9611708598
9612996859,9613051896
9614478679,9614540586
9614995887,9615518023
9616856470,9617262697
9619703026,9619862900
9620068668,9620625386
9620564656,9620855490
9620695936,9621053597
9620728642,9620831629
9621095608,9621739948
9621806915,9622346818
9622612489,9623118500
9623013819,9623560504
9623552549,9623631344
9625110441,9625445123
9625135181,9625172456
9625962948,9626174828
9626284084,9626563377
9627381506,9627652753
9627907430,9628250588
9628442760,9628949483
9629841668,9630311134
9630178563,9630818550
9630891134,9631178907
9631445435,9631639241
9631491715,9631895723
9632032159,9632288956
9633376534,9633602385
9635011498,9635404232
9636212339,9636561350
9636861006,9637080458
9640728210,9640831498
9640743187,9640924824
9640971767,9641021738
9642821626,9643214537
9643863309,9644460492
9644767649,9645164061
9646907480,9647075208
9647980668,9648176481
9648223236,9648835470
9649157630,9649231150
9651138749,9651429143
9651768450,9652044259
9654761438,9655051728
9657091304,9657543888
9659972963,9660286897
9660075279,9660491580
9660512620,9661160645
9660756611,9660995373
9660862928,9661007504
9662532542,9663033246
9663846493,9664098769
9667409636,9667595280
9669480204,9669897995
9670404354,9670784340
9671337724,9671475557
9671339972,9671521814
9673236801,9673511096
9675234454,9675550810
9675635110,9676170125
9676203475,9676514608
9677743288,9678445490
9678551692,9679516452
9679613632,9679858329
9681389047,9681822879
9681553558,9681871510
9681664953,9682214766
9682074543,9682380331
9683205535,9683237133
9683260137,9683620984
9683666495,9683705571
9683946645,9684202570
9684096679,9684708476
9686365179,9686915424
9689209226,9689298850
9691266723,9691483196
9693613124,9693801125
9693888616,9694457710
9695002301,9695367623
9695306039,9695786716
9695956196,9696293440
9696973315,9697213130
9697034695,9697445622
9698814305,9698987749
9699398973,9699483636
9699937692,9700570379
9700386703,9700852241
9700858080,9701363658
9702430547,9702835123
9702804277,9702995409
9703373419,9703747142
9704247426,9704470598
9704821504,9705421137
9706777324,9706823294
9707275927,9707628838
9708511156,9708541253
9709332539,9709700447
9710283013,9710748984
9711687756,9711860090
9712109912,9712362916
9712947882,9713193744
9712986167,9713455057
9713354453,9713811416
9713665208,9713916297
9714583604,9715145267
9714645983,9715145380
9715115831,9715648044
9715186483,9715596419
9716279037,9716882636
9717942050,9718372028
9719753562,9720313945
9720444903,9721019160
9720513130,9720805435
9720773359,9720843785
9723661831,9724298252
9724861398,9725082139
9725041456,9725577214
9726439375,9726973302
9726824030,9727347785
9729058916,9729537866
9730016046,9730514588
9730138010,9730396793
9730211989,9730529091
9730964593,9731794333
9731414162,9731986575
9734381693,9734672733
9735355527,9735415678
9736858611,9737260341
9737684424,9737876358
9737825864,9738481093
9738011560,9738798241
9738753996,9739048814
9739211102,9739419063
9739398084,9739859728
9739941211,9740132485
9740977223,9741157570
9741203152,9741734055
9741496765,9741535673
9741612951,9742243667
9741743548,9741913244
9741786905,9742121707
9741905055,9742443858
9741925529,9742370711
9742471396,9742825383
9742787998,9743164917
9743481704,9743732957
9745267665,9745425659
9745675451,9746239052
9748431853,9748952067
9749566088,9749815640
9750323720,9750832929
9751246204,9751394945
9753567233,9753599908
9754125598,9754159051
9755142980,9755616908
9756676453,9757169039
9757123049,9757251338
9757273625,9757649291
9758136766,9758446577
9758292547,9758714045
9758565790,9758869930
9758873726,9759189898
9759089461,9759309866
9759701356,9760084937
9760127716,9760871968
9760692948,9760926653
9763094714,9763282744
9764329709,9764396196
9764428326,9764789401
9767146326,9767201929
9767174232,9767207186
9768047384,9768141674
9768250796,9768792482
9769330825,9769407052
9771144253,9771798315
9771328353,9771453470
9773157393,9773179165
9773192805,9773686203
9773759081,9773883337
9776523210,9776715824
9776730847,9777141940
9776780011,9776945013
9777467306,9777518792
9777868703,9778258900
9779551501,9780083948
9779581147,9779878919
9781689677,9782374567
9782005372,9782337299
9782568748,9782993309
9783088078,9783713918
9783684715,9784106132
9784126783,9784638922
9788880326,9789374668
9789481222,9789706541
9789779247,9789917811
9789959252,9790381676
9790836167,9791098062
9791365841,9791577585
9793901703,9793963511
9794199493,9794712413
9795159359,9795749975
9795594102,9796169351
9799310037,9799962538
9803154056,9803640517
9804159372,9804211802
9804303820,9804683517
9804793899,9805252837
9804942461,9805053908
9806711500,9807157957
9807203825,9807490202
9809395352,9809883566
9811674914,9812081092
9812165053,9812222946
9812328180,9812362267
9812597734,9812690498
9813744772,9814135963
9813954412,9814021852
9814063703,9814551391
9814335110,9814499711
9815295410,9815749843
9817221358,9817503936
9818814234,9819118965
9820032499,9820480473
9821561356,9821694700
9822122028,9822562807
9822161056,9822994829
9825975598,9826409173
9827595697,9827634026
9827935976,9828571509
9831177423,9831664859
9833137622,9833350804
9833196452,9833803490
9833692153,9834187912
9835711066,9836172362
9837742310,9838240110
9838125718,9838665173
9838689315,9838848054
9838740968,9839308764
9838883518,9839378835
9839218630,9839921870
9840257028,9840808097
9840901385,9840920303
9841237999,9841505291
9842049505,9842275330
9842396900,9842614965
9842522928,9842759054
9843973795,9844079703
9844924477,9845393847
9845414660,9846041078
9846063947,9846332777
9846910224,9847445059
9848193150,9848719056
9848770200,9849066316
9850115594,9850675445
9850215924,9850792143
9850545681,9850707184
9850639611,9851058046
9851029190,9851458026
9851475347,9851801791
9851645755,9852138604
9852139808,9852298273
9852884424,9852950319
9853311032,9853782260
9856080308,9856766951
9858206234,9858773969
9860166411,9860701836
9860477861,9860749255
9860727772,9860964140
9861666967,9862057658
9867668796,9868140862
9867798387,9867912968
9868202410,9868292295
9868772849,9869042813
9869584575,9869727361
9870443519,9870978709
9870880402,9871007330
9871300907,9871819574
9871718339,9872123966
9871796615,9872201575
9872106269,9872213868
9873250022,9873891089
9873579205,9873942892
9873986471,9874379222
9875308046,9875906911
9875384497,9875812704
9875436906,9875744376
9876799495,9877222724
9877699558,9878298060
9878461467,9878545215
9878760494,9879224675
9879121866,9879643570
9879239916,9879402940
9879463142,9879964046
9880187630,9880461655
9880337123,9880719539
9880856905,9881216106
9881416607,9881806793
9881821048,9881858951
9882185643,9882337975
9882884362,9883409630
9885399734,9885800986
9885612348,9885811311
9888840215,9889462078
9889106684,9889435644
9889535536,9889916663
9890233867,9890483104
9890341070,9890746267
9891728783,9892116755
9891845736,9892258286
9892312819,9893008166
9893657396,9893879109
9893888129,9894069716
9895350826,9895576872
9896330739,9896549875
9897824299,9897841825
9898018500,9898068888
9898420671,9898514407
9899047751,9899543407
9899455901,9899931048
9900176038,9900548163
9901180037,9901262705
9901862343,9902333323
9901958739,9902019518
9902242798,9902446177
9905879548,9906461557
9907003256,9907461193
9908254275,9908823268
9909327080,9909930395
9909420802,9909523128
9913226811,9913860466
9913862928,9914374310
9914502553,9915095594
9915755942,9915956607
9916011983,9916356939
9916676138,9917081958
9918391698,9918897983
9918926817,9919221482
9919760216,9920272095
9921205026,9921583037
9923371438,9923750981
9923380165,9923757349
9923642187,9924203960
9923851535,9924133252
9925153626,9925473083
9925574637,9926127238
9925837385,9925853887
9927820438,9928165054
9927884509,9928311550
9927905100,9928353929
9927917220,9928493390
9929624454,9930004007
9930363692,9930767214
9930974284,9931407429
9931567310,9932154858
9934380784,9934532758
9935216912,9935576435
9936257714,9936443151
9936843211,9937428041
9940191111,9940808699
9941748800,9941842663
9941864800,9941908084
9942719780,9942881327
9942905089,9943319049
9943816077,9943946964
9944783651,9944799438
9945162753,9945688157
9945761603,9945808525
9946517337,9946945736
9947302473,9947370269
9947502023,9947631841
9948246070,9948693051
9949743373,9949878662
9949892373,9950161052
9950828276,9951229822
9951162558,9951443467
9952295437,9952411657
9952834841,9953022315
9954553038,9954643043
9957199261,9957775421
9960003369,9960224862
9960769874,9961024677
9962764611,9962855452
9963485406,9964167341
9965070047,9965136763
9965345160,9965461824
9969896724,9970414872
9971126956,9971221985
9972196000,9972860440
9972359576,9972957840
9973214080,9973701170
9974461994,9974910965
9974703915,9974783899
9976186711,9976477972
9976469310,9976628052
9977410247,9977427633
9978250989,9978596777
9978569261,9978972624
9979964896,9980678683
9980699818,9980752009
9982785895,9983089152
9983405978,9983799293
9983408422,9983878920
9984170433,9984368436
9985948051,9986265958
9988230842,9988493770
9988382331,9988914165
9990493261,9990720630
9991001507,9991186575
9992388034,9992529303
9993366548,9993593649
9993530478,9993806261
9994225474,9994474644
9994971832,9995670277
9995060342,9995280654
9995460200,9995643461
9996022602,9996576225
9996609650,9997574853
9996958315,9997142454
9997154313,9997524312
9999536924,9999887805
10000299781,10000745242
10000491675,10000844362
10000846114,10000861068
10003457805,10003690571
10003993028,10004248388
10004261592,10005185224
10005232066,10005951220
10006546492,10006712838
10007045364,10007555318
10007596693,10007725160
10007727074,10008162851
10007848563,10008238271
10008180256,10008750650
10009586579,10010148496
10009673609,10010395625
10021446798,10021818571
10021599687,10022007527
10021603809,10022197288
10022395065,10022730579
10024417882,10024637027
10025849174,10026083527
10026099204,10026388400
10027209441,10027562796
10028528226,10028622754
10030592927,10031097247
10031854038,10032132444
10032169874,10032446025
10033113427,10033139102
10033350228,10033770097
10033987177,10034246100
10034447116,10034705680
10035108508,10035639938
10035622653,10035835511
10036072944,10036798696
10036094898,10036846089
10036101154,10036536379
10036873589,10037301086
10037889956,10037992027
10039232429,10039668990
10039361325,10039810370
10039838000,10040026196
10040088146,10040552593
10040215940,10040268422
10042374468,10042480821
10043235170,10043524299
10045392042,10045525920
10046035037,10046565998
10048300804,10048327372
10050057114,10050322963
10050838278,10051065315
10051248738,10051391490
10052762313,10053133159
10053486242,10053695285
10054353032,10054528605
10055044023,10055323667
10055352221,10055710997
10055980118,10056066317
10056116210,10056423387
10057334077,10057373501
10059102641,10059394312
10062354363,10062697197
10062435972,10062624533
10062638919,10063150106
10064479974,10064567127
10065208794,10065578596
10066020497,10066091612
10066415946,10066715908
10067588675,10067715442
10067828720,10068115399
10069878389,10069929052
10070542035,10070589155
10070936909,10071426738
10073144910,10073423033
10075113340,10075593370
10075425788,10075905112
10075541546,10075750041
10075607676,10076139112
10076012896,10076409499
10076281747,10076592508
10076944186,10077207231
10079018173,10079437126
10079963871,10080026844
10081126619,10081570695
10082161735,10082687536
10082696175,10082822442
10083680240,10084184371
10084431724,10085027069
10084823671,10085399236
10085638592,10085890140
10087658307,10088081532
10087687114,10087926049
10088334820,10089105258
10090391274,10090749276
10090988553,10091555316
10091629786,10092001300
10091700115,10091849293
10091791770,10092197221
10093659114,10094129576
10093895286,10094490405
10094053020,10094119269
10094830817,10095085207
10094907779,10095053356
10096210421,10096546601
10096457279,10096589837
10096859479,10097214271
10098583340,10098751992
10100062685,10100463449
10100239088,10100487219
10101007320,10101530439
10102361126,10102637684
10103520578,10103798645
10107455530,10107531090
10107481234,10107617491
10108636121,10109024032
10108769336,10109287951
10109905358,10110206950
10110027739,10110610568
10112273228,10112511271
10112757476,10112874962
10114997343,10115027635
10115306522,10115791923
10115993172,10116236364
10118183958,10118407202
10121203674,10121684232
10121745912,10122285193
10123323167,10123440290
10124452492,10124876784
10125853014,10126428091
10126306360,10126439096
10127895893,10128492341
10128957045,10129403302
10129294238,10129752581
10130638577,10130872131
10130873097,10130950200
10131419271,10131569768
10131683577,10132274404
10131893617,10132229115
10132518546,10133012809
10133137720,10133709117
10135977633,10136120136
10137635781,10137957683
10137926169,10137991784
10137966439,10138551177
10139517354,10139557603
10140399627,10140506477
10141343871,10141827927
10142071040,10142647200
10142579085,10142883455
10144293456,10144580405
10144657876,10145176947
10145844603,10145924087
10147014000,10147274193
10147532580,10147823375
10149332095,10149757144
10152234223,10152861583
10154324767,10154587134
10155718439,10156134892
10156873366,10157229818
10157076007,10157456810
10157742843,10158121117
10158082167,10158353437
10159199497,10159600915
10160262305,10160823659
10161283503,10161405419
10163158642,10163270704
10163185438,10163255052
10163662766,10163881746
10164006889,10164498020
10164429979,10164960835
10164976116,10165644853
10167247475,10167463900
10168442917,10168584916
10168824482,10169196845
10169396042,10169647570
10169665130,10170093489
10171673038,10171894989
10173107212,10173588342
10173537874,10173768655
10173781607,10174070455
10177706707,10178307483
10177910627,10178046029
10178274229,10178790857
10178383944,10178985917
10178931246,10179454652
10179518357,10179958351
10179755473,10180223804
10180243064,10180729460
10181507587,10182077874
10181728874,10181908748
10181910190,10182101163
10182054611,10182336883
10183372343,10183803901
10184237743,10184665570
10184673499,10184995603
10184751555,10185140676
10185088822,10185587650
10185919381,10186218461
10187783392,10188029677
10188437924,10188709054
10190503043,10190732062
10190633364,10191218715
10192107155,10192651304
10193203834,10193451047
10195101281,10195408690
10195250170,10195431630
10195514870,10196018127
10197778251,10197965897
10199369435,10199818153
10199526171,10200086631
10199827553,10200112961
10200061133,10200598564
10200452157,10200935113
10201805084,10202613595
10202065933,10202167992
10202544636,10202670695
10202617289,10203183545
10205413424,10205627519
10205479925,10205686623
10206662170,10207227415
10207736692,10208275536
10208102692,10208719614
10208367981,10208400215
10210589075,10210616365
10210726566,10211200658
10210825625,10211081195
10212074649,10212498081
10212718545,10213108149
10213124387,10213481616
10214723590,10214813021
10214822876,10215356900
10215027056,10215715289
10215912593,10216263264
10216458772,10216865115
10217575535,10217824149
10217625187,10218197479
10219072445,10219342712
10219296117,10219317783
10219521854,10219844760
10219884077,10220308254
10220233707,10220332522
10220525370,10221090963
10220667658,10221054205
10220683718,10221002318
10226223052,10226474023
10226361380,10226400175
10226580987,10226704753
10227744949,10228069932
10229626438,10229802849
10229827479,10230090058
10232378245,10232772374
10232412671,10232688876
10232854871,10233262023
10233275285,10233450906
10234478051,10234981804
10234681868,10235224371
10234770981,10235049516
10234972307,10235611501
10235836830,10236275655
10238287760,10238943074
10238601163,10238959592
10238816822,10239225746
10239093783,10239466809
10239429965,10239645383
10239935139,10240092714
10240606460,10241247142
10241724445,10242233823
10242204761,10242438993
10242374564,10242446737
10242452400,10242990175
10247267313,10247387274
10249405933,10249837242
10249845287,10249953358
10250400835,10250712522
10251918849,10252254106
10252044818,10252542432
10252281613,10252438852
10252658586,10252990608
10253631643,10254000268
10253691388,10254242373
10255134167,10255274860
10255328791,10255727705
10255728967,10255999143
10255918885,10256150289
10257143075,10257499989
10258074310,10258398425
10260285510,10260351145
10260625584,10260728358
10262101498,10262439980
10263256460,10263284197
10263337866,10263703973
10266794618,10267528554
10268883590,10269001892
10269732390,10270071856
10270815788,10271558113
10271811826,10272161084
10272210285,10272591252
10273849579,10274025848
10274219806,10274437480
10274439062,10274866816
10277251115,10277853199
10278564714,10279057096
10278639793,10278895193
10279810210,10280093275
10281521843,10282074202
10285274401,10285881539
10286199387,10286507316
10287438252,10287497824
10290153078,10290564671
10290665455,10291284210
10291053553,10291833029
10293325181,10293410349
10293347485,10293739572
10295037297,10295384558
10295193323,10295293146
10295348659,10295805698
10295856760,10296595038
10297153786,10297862290
10297465518,10297854834
10298416672,10298625486
10298645019,10299272480
10301292151,10301362552
10301693554,10302385526
10303113072,10303489474
10303684274,10304061655
10303744553,10304228168
10306518245,10306881865
10308649581,10308810190
10309393512,10309549574
10309675006,10309994876
10309686229,10310286886
10310067159,10310218011
10310236263,10310662853
10311171042,10311706796
10312449665,10312683239
10313991005,10314476757
10314018460,10314346675
10314666920,10315124175
10315434576,10316432527
10315470546,10315950328
10315821432,10316119739
10317949890,10318610890
10319022424,10319257874
10319202788,10319665871
10320020438,10320531295
10320126657,10320955219
10321428183,10321902520
10321591264,10321775933
10324738847,10325259709
10324934542,10325040422
10325395355,10325764863
10326101239,10327095631
10326637053,10327183666
10327470836,10327553227
10327654320,10327700506
10327845810,10328232468
10329186185,10329254547
10329705651,10329973705
10331043341,10331493085
10331705453,10332197862
10332008975,10332466568
10334608602,10334837776
10334660608,10334802234
10335296612,10335660808
10335768960,10336325928
10335802300,10336602315
10338014025,10338079273
10339885714,10340460377
10341668349,10341874927
10341729499,10342067769
10341920864,10342680453
10342153739,10342947974
10342964870,10343267834
10344134655,10344517824
10345373948,10345929072
10346280915,10346685157
10347304551,10347737895
10349195755,10349603902
10349507406,10349618774
10349542269,10349785848
10349583216,10350080027
10350106649,10350666431
10351840634,10352184298
10352403283,10352848049
10353603701,10354292851
10353693471,10354137229
10356207285,10356821621
10360036910,10360152345
10360199906,10360399581
10361121345,10361597238
10361725087,10362178950
10361913386,10362450591
10363058254,10363491890
10363906563,10364315467
10363974200,10364157126
10364275913,10365014368
10364421199,10364937932
10366538212,10367360878
10367925588,10368577441
10369111647,10369874846
10369797321,10370250268
10370403111,10370625994
10371208518,10371610408
10371928931,10372340862
10372788844,10373146603
10373789703,10374302475
10374352591,10374405022
10374366895,10374765155
10374772897,10374899322
10376027779,10376339993
10376448148,10376491538
10377035022,10377253437
10377203382,10377649857
10378871576,10379084962
10379229285,10380032807
10379534342,10380085975
10379877391,10379950981
10380048713,10380211790
10380809252,10381215931
10380863408,10381323312
10381483640,10381816424
10381531497,10381607312
10382313663,10382481674
10382655811,10382869442
10383100652,10383124860
10385399944,10385539122
10385768453,10386034552
10387066614,10387597097
10388580231,10388922897
10389636556,10390070791
10391441664,10391973724
10391789248,10391896631
10392638724,10392926494
10394092209,10394449044
10396867597,10397227765
10398560273,10399135486
10398767518,10399287514
10401033889,10401171082
10402079839,10402476421
10404013669,10404308621
10406236120,10406636539
10406365674,10407021120
10408585425,10408982538
10409274292,10409777571
10411835730,10412373191
10413268654,10413629708
10415096725,10415245877
10417611545,10417688594
10417672399,10418004482
10417734287,10417907557
10417911491,10418130779
10418068086,10418269860
10418963245,10419498358
10424049130,10424471815
10425749314,10425864637
10426991757,10427329068
10427243546,10427722654
10427822508,10428333649
10428828514,10428976963
10429740074,10430290091
10429815147,10430052358
10430200016,10430893710
10431250963,10431714195
10432311221,10432786133
10432479768,10433118567
10432847752,10433265814
10435009861,10435219594
10435247684,10435359763
10435686182,10435954444
10435981744,10436346819
10437903255,10438436654
10438213963,10438435078
10438444271,10438925454
10439256374,10439407899
10441445298,10441602332
10441717836,10442018481
10441998349,10442164719
10445759534,10447947694
10449173984,10449231770
10449248102,10449849966
10450306860,10451035035
10451048102,10451096005
10451972651,10452195555
10452224322,10452427896
10454276901,10454870862
10454481145,10455131774
10454481194,10454653094
10454964950,10455372013
10456479542,10456929518
10457011899,10457627660
10458460555,10458899874
10458846240,10459094831
10459565376,10459891082
10459893409,10460555151
10460068219,10460587550
10465038148,10465476433
10465645072,10465962297
10468518517,10468637881
10468849041,10468996967
10470461362,10470753001
10470972399,10471213604
10471422983,10471441903
10471636564,10471737203
10473457938,10473728276
10473811550,10473986171
10475257141,10475407704
10475392389,10475866567
10475896615,10475981266
10476448835,10476481828
10479106904,10479148478
10479161839,10479327186
10480503103,10480599525
10482834503,10483240676
10483288905,10483798675
10483391731,10484171615
10484470444,10485036272
10484849009,10484882016
10484858813,10485358506
10486449654,10486612665
10487470860,10488124900
10487945393,10488018370
10488653582,10488998663
10491402952,10491718887
10491657719,10492079671
10492314570,10493002486
10493186448,10493346380
10493679405,10494182680
10494167841,10494672420
10495943259,10496387829
10496128645,10496316970
10496990104,10497543219
10497074140,10497304550
10497353779,10497856286
10497568158,10498336124
10502322497,10502524119
10502817748,10503110632
10503934476,10504428811
10504037605,10504358373
10506890518,10507357067
10507532684,10507660531
10511017605,10511559254
10512664321,10512974455
10513578645,10513867708
10518332281,10518720951
10520070381,10520196413
10522683230,10523289401
10523905065,10524275788
10524015750,10524554314
10524842979,10524954757
10525867990,10526067428
10527496077,10527846022
10528615966,10528776555
10528979432,10529273173
10530440109,10530713277
10530554593,10530849020
10530887483,10531193143
10531422354,10531513541
10531427252,10531484801
10531464891,10531534391
10533342612,10533535267
10534060990,10534105921
10534277842,10534480960
10536320900,10536696172
10536683896,10537062509
10537377023,10538243449
10538395964,10538951582
10539311425,10539936439
10542019271,10542212846
10542189969,10542623580
10542214646,10542357169
10542321829,10542448288
10542617889,10542793820
10543255139,10543725529
10543457392,10543918392
10543865311,10544366326
10544329555,10544498357
10544410304,10544581162
10544428199,10544725968
10544870224,10544946742
10546039307,10546543312
10546327495,10546698581
10546465725,10546884415
10546702582,10546845209
10547346877,10547745730
10548298023,10548466218
10548473002,10549120320
10548858943,10549356184
10549842830,10550542766
10550894124,10551404707
10551125381,10551540598
10553737534,10554424893
10555804061,10556190749
10556267932,10556681649
10557410613,10557908502
10558039519,10558432039
10560128476,10560487556
10560935473,10561304252
10561309037,10562011865
10561723269,10562275419
10564852638,10564901303
10567137812,10567473166
10567294754,10567463141
10572263348,10572742600
10572472544,10573039329
10572533862,10572892854
10573223905,10573801440
10573287337,10573484998
10575136727,10575743065
10576677051,10577183135
10577095223,10577186175
10577138258,10577692932
10577347507,10577587387
10578131524,10578404440
10578575865,10578664701
10580576361,10580846341
10580765406,10581125759
10580957021,10581359465
10588187551,10588276882
10591503688,10591813455
10593039210,10593066715
10593068188,10593213013
10594349509,10595419491
10595806195,10595936802
10595857477,10596325462
10597089099,10597187393
10597433675,10597822316
10597914426,10598998219
10598671030,10598767585
10601117765,10601348759
10601344209,10601659172
10605355090,10605420229
10606290047,10606467157
10606539802,10606903694
10609006012,10609445324
10609390104,10610071461
10611562048,10611979128
10615132194,10615681323
10615785959,10616220900
10615932246,10616356569
10616012360,10616065794
10616571755,10616727345
10616740325,10617254068
10617404875,10617687980
10617568429,10617725575
10617704224,10618356065
10617855287,10617911247
10620625894,10620927571
10620973504,10621464249
10621548100,10621864634
10621958641,10622028754
10622266340,10622458190
10622759338,10623162729
10624380907,10624659601
10627550502,10627827870
10627837264,10627911509
10628381280,10628574681
10631546455,10631690481
10632327151,10632521047
10632506776,10632977599
10633885635,10634083774
10633978507,10634033674
10635010446,10635649183
10635950350,10636519764
10636334825,10636571641
10637560835,10637868902
10637747251,10637955478
10637896808,10638158548
10638094842,10638668236
10639385495,10640039041
10640290274,10640896672
10640498505,10640724030
10640855914,10640886035
10641508871,10641564313
10642540967,10642907253
10644117708,10644499816
10644507856,10645004696
10646332681,10646606360
10648009421,10648545142
10648636903,10649088466
10649813588,10650453571
10651846453,10652280920
10652105840,10652157524
10652844884,10653553138
10653202263,10653836997
10653825564,10654281065
10654111648,10654270607
10655952581,10656437255
10656889386,10657350408
10658393388,10659065516
10658825575,10658902490
10659980165,10660441528
10661114972,10661738035
10661254277,10661891468
10661282333,10661675951
10661900286,10662040371
10662351882,10662750955
10663308539,10663383700
10665159304,10665620674
10667830630,10668047681
10668391525,10668849995
10669330911,10669374306
10669766444,10669937900
10670973830,10671208826
10671001044,10671045270
10671091691,10671769696
10672442244,10672626886
10672578107,10673260752
10673224541,10673448943
10673244732,10673540063
10673263867,10673765455
10674551363,10674662284
10676314528,10676661041
10676426571,10676655221
10676740822,10677102521
10678104445,10678235964
10678451628,10678617453
10679126381,10679213123
10679892313,10680390175
10680239854,10680735774
10681037729,10681430336
10681813994,10681903516
10681971675,10682525987
10682562003,10683255977
10683818700,10684089045
10684103060,10684524183
10684180021,10684545206
10684226967,10684396758
10685205004,10685623513
10685527862,10686031462
10686601537,10687457251
10687724711,10688490439
10689865235,10690345798
10690351731,10690688403
10691687568,10692084599
10693514034,10693965774
10695997230,10696086963
10697765676,10698136408
10698048827,10698571739
10698713572,10699000448
10698847786,10699273067
10698901218,10699183235
10699188070,10699558943
10699312924,10699935018
10701756496,10701854257
10702179244,10702270741
10703055209,10703180727
10703897750,10704008013
10706301167,10706467541
10706688813,10706892099
10707694266,10708139994
10709651341,10710103610
10709920702,10710183256
10710988715,10711156890
10711708804,10711873069
10712015818,10712194580
10712080238,10712272745
10715975862,10716329318
10716963203,10717407190
10717732442,10718175734
10717747012,10718091788
10718924764,10719499765
10719816941,10720165050
10720166419,10720477414
10720813774,10721085747
10722057059,10722523324
10722354169,10722840691
10722641887,10722951378
10723714531,10724043355
10729163943,10730027203
10732508544,10732890612
10732897005,10733532328
10733143189,10733583296
10734226957,10734522071
10735178047,10735663197
10735589171,10735946703
10736026853,10736069414
10736612761,10736761150
10737932445,10738202042
10738443686,10738902712
10739689162,10740096384
10741431074,10741451588
10742176618,10742396796
10742361868,10742875568
10742534230,10742742410
10744033415,10744362444
10744322514,10744777633
10745522952,10745578582
10745815757,10746521231
10748758294,10748904534
10748796207,10749162760
10749017512,10749550954
10754675256,10755079020
10755257517,10755538332
10757192424,10757237128
10757265179,10757380418
10757374343,10757622902
10757407051,10757986943
10757634549,10758044200
10757648710,10758198001
10761672893,10762118609
10761888589,10761921415
10762924643,10762962795
10765395909,10765866381
10766843533,10766912309
10767470803,10767502173
10767918193,10769943918
10768173222,10768233931
10771492538,10771626524
10771783585,10771809600
10771795787,10772230779
10775550024,10775573920
10776575265,10777157210
10778911047,10779906227
10780807348,10781500566
10781513192,10782049624
10781878655,10782351591
10782644774,10782977894
10782990565,10783510806
10783497030,10783778369
10784592380,10784726585
10785185862,10785834628
10786623691,10786930884
10786943519,10787325311
10787267885,10787389971
10787911963,10788294433
10788115916,10788292268
10788336971,10788862684
10788978382,10789397820
10789450150,10789721434
10790155992,10791027881
10790313319,10790837238
10791855745,10792347206
10792421205,10792584929
10794512950,10795429143
10794965833,10795188329
10796010390,10796309963
10797975611,10798523036
10798202354,10798371475
10798487607,10799186329
10799878242,10800216519
10800143268,10800520878
10801999879,10802105958
10802215477,10802614197
10803804885,10804386884
10804837672,10805069800
10805577883,10805672033
10805874893,10806300788
10806528671,10806912231
10809488192,10809555576
10810785017,10811108847
10811268790,10811436785
10811685142,10812011502
10811859808,10812109874
10812608426,10812889907
10813368448,10813787199
10815730000,10815834075
10817236984,10817586139
10817791144,10817924722
10817795939,10818288785
10820223821,10820288768
10820682393,10820955048
10820959021,10821252345
10821173953,10821583340
10821446147,10821997919
10821686167,10822114822
10826702882,10827096256
10827677626,10827872555
10828368961,10828660399
10832352170,10833044245
10832822500,10833068291
10833674006,10834036215
10833963880,10834296570
10834090949,10834426206
10835820879,10836425598
10836220973,10836570870
10837712486,10837929959
10838313825,10838871996
10840354249,10840570620
10840487871,10840811822
10841264472,10841842632
10842610037,10842897565
10844345919,10844962743
10845842460,10846249723
10846298454,10846534943
10848525469,10848634990
10848856643,10849193742
10849104476,10849392774
10849889177,10850101010
10850638487,10850906972
10851266386,10851860552
10851569702,10851896920
10853210499,10853697601
10853497956,10853759087
10853589596,10853666943
10856052084,10856239684
10856600138,10856943323
10857226612,10857814336
10858419605,10858724672
10861192172,10861406962
10861424460,10861778974
10861760233,10862262060
10861989741,10862029508
10863448308,10863795434
10866944264,10866979207
10867159945,10867722740
10868537848,10869345438
10869679819,10870076990
10871533557,10871805228
10873252447,10873671360
10873723024,10873981400
10873770911,10874138195
10874512313,10875102439
10874777283,10875698045
10877609144,10878232469
10877959819,10878587944
10878103557,10879186682
10878266435,10878763968
10880252088,10880890141
10880933382,10880982891
10881783849,10882298436
10883316637,10883874029
10883725095,10884286700
10883894110,10884461331
10884613148,10884965683
10885336126,10885859168
10885380051,10885419181
10885524777,10885693796
10885549633,10886119171
10886418045,10887108280
10887923086,10888501394
10888297661,10888737600
10889774918,10889914788
10891419420,10891788966
10891891340,10892424796
10892587404,10893273758
10892589696,10892688027
10892839437,10892907125
10892989875,10893421929
10892992929,10893146142
10893857795,10893938714
10894608731,10895191158
10896748358,10897451267
10897163679,10897509186
10898234102,10898269394
10898617649,10899141590
10899478144,10899730261
10899937102,10900427828
10900432949,10900488807
10901241747,10901527093
10905833697,10906294246
10906756643,10907219038
10907521143,10907773968
10909025109,10909388602
10909066008,10909478357
10910643744,10911087684
10911174486,10911249145
10913758320,10914297468
10913901816,10914167145
10914720404,10915256474
10916137251,10916247811
10916268067,10916735325
10916665866,10917081305
10917591935,10917849665
10918041351,10918460300
10918276442,10918890416
10919305828,10919772008
10922198461,10922441571
10923494691,10923556234
10923878533,10924282211
10924234433,10924486303
10924308270,10924636919
10924438563,10924929065
10925730725,10926102937
10926368073,10926994063
10929205323,10929685859
10929509763,10929547685
10930451010,10930691793
10931943216,10932033429
10933549056,10933632489
10933786273,10933874083
10933904500,10934184351
10934185793,10934439383
10935084769,10935481435
10936485287,10936617571
10936801663,10937343302
10938011283,10938360226
10939420413,10940028714
10942208304,10942247657
10942852903,10943277544
10943449905,10944399460
10944402942,10944636887
10944718242,10945142028
10945293199,10945808780
10945411445,10945843214
10945884880,10946001449
10946650983,10946837018
10946913875,10947317414
10948902169,10949039017
10949538094,10949682595
10950248257,10950367354
10951364202,10951749851
10953071597,10953484445
10953157626,10953619738
10953359644,10953932542
10955790352,10956236181
10956820833,10957098989
10956832119,10957265421
10958392020,10959293050
10958667276,10958817921
10960126494,10960351437
10961003722,10961378143
10961387175,10961552887
10961899838,10962554978
10961948896,10962102858
10963436159,10963700625
10963762678,10964101917
10964431552,10964536223
10965479552,10966041620
10965496658,10965575927
10965915114,10966334416
10966353567,10966890691
10966607252,10966936420
10968953358,10969253925
10969955006,10970681091
10970662738,10970953556
10970713729,10971193481
10971541635,10971836510
10971729497,10972080811
10972311314,10972346106
10972331712,10972497155
10973644228,10973661063
10973896035,10974184008
10973911858,10974111092
10974122963,10974705103
10974556176,10974955853
10975066565,10975231746
10975268885,10975326967
10975276813,10975916318
10976830031,10977690648
10976979453,10977270046
10977406462,10977632874
10977712537,10978000804
10980512944,10981003945
10981067824,10981131431
10981843055,10982396778
10981872261,10981895223
10981907534,10982371752
10982899744,10983108051
10983444112,10983738338
10985052791,10985514611
10985149497,10985792438
10985445139,10985825015
10985577712,10985983120
10986418400,10986568890
10986448319,10986925804
10987068921,10987782684
10987244777,10987567197
10987573858,10987887285
10987893298,10988175006
10988201127,10988687304
10989357245,10989808484
10989781489,10990584243
10990596438,10991113492
10990613555,10991150531
10991723705,10992386073
10993874574,10994035072
10996031497,10996316282
10996301858,10996895699
10996351952,10996705420
10998278232,10998531113
10999250116,10999762510
10999921184,11000143977
11001022418,11001604603
11002014786,11002112297
11002277723,11002757303
11007645617,11007938082
11007686332,11007957957
11007927357,11008129140
11009587665,11009727745
11010207192,11010454496
11013207769,11013693165
11013243699,11013979400
11013698676,11014025881
11014772608,11015298722
11016374884,11016661862
11016545192,11016648118
11017991660,11018021685
11019601354,11020216933
11019603178,11019723099
11020697448,11021294651
11020723777,11021311130
11021276119,11021798718
11022660475,11023177853
11023610971,11023684387
11023704614,11023789827
11024021516,11024409255
11024330421,11024595537
11025162234,11025276104
11027555922,11028656465
11029126399,11029157408
11029496926,11029902234
11030216717,11030653423
11031279134,11031597868
11031439697,11031664323
11031931916,11032556677
11036874891,11037147879
11037946493,11038092403
11038166787,11038229316
11038263531,11038722451
11040962343,11041434311
11041121424,11041412515
11045419921,11045986595
11045759674,11045866561
11046648064,11047248645
11046948858,11047305843
11048665770,11048815492
11048804285,11049010088
11049445521,11049806400
11049872292,11049982783
11050738215,11051327978
11050898573,11051194745
11052694622,11052745851
11054480247,11054804495
11054544633,11054838623
11055087823,11055169641
11056782499,11057251735
11057608132,11058240418
11059447152,11059809624
11064237567,11064652807
11064825024,11065209196
11065761525,11066250057
11066417500,11067014761
11066820788,11067213313
11070365694,11070580514
11070743012,11070964378
11071271573,11071486833
11073892171,11074101017
11074279489,11074658845
11075182401,11075581657
11075728460,11076284239
11076236285,11076758501
11077250177,11077352890
11077564421,11078000480
11077637127,11077859832
11078529402,11078629222
11079295668,11079590159
11080603581,11080786126
11080788670,11081410381
11080976201,11081161061
11081444184,11081919275
11081459006,11081858534
11081878068,11082625682
11082352711,11082868182
11084178301,11084592632
11084491274,11084668382
11085464985,11085506137
11086477804,11086748060
11087127219,11087526117
11087633474,11088112100
11090000107,11090281423
11091589097,11092181331
11093310444,11093607094
11093374175,11093647523
11093966254,11094121752
11094376277,11094750786
11095214163,11095330023
11096888023,11097448826
11097825837,11098097314
11100629853,11101305805
11101189257,11101760818
11104949851,11105146958
11105171459,11105571788
11106075968,11106182609
11106422688,11106860643
11106602295,11106955413
11109138556,11109372087
11109237111,11109467853
11110266948,11110689798
11123223251,11123475649
11124483817,11125051365
11125114084,11125842991
11125974290,11126527815
11127402595,11127445538
11127653440,11128111418
11128038406,11128411925
11129078460,11129599584
11130692328,11131152038
11132157265,11132648396
11132240912,11132910754
11132818232,11132939661
11132999037,11133438429
11134382688,11134671823
11134463452,11134522571
11136811782,11137419910
11139439392,11139913753
11139550479,11139945639
11140891261,11141178752
11141802822,11142019802
11141905616,11142211967
11142335176,11142973485
11142919268,11143298832
11143290221,11143366526
11144256100,11144576328
11145002580,11145402946
11145238554,11145268836
11145404599,11145819316
11146379159,11146846597
11148506826,11148606802
11148551500,11149100856
11148664583,11149441433
11148732986,11149537923
11149568055,11150027190
11150511945,11150926157
11154105916,11154269362
11155274934,11155708995
11155544887,11156024587
11156400336,11156688370
11157924990,11158522353
11158330335,11158860349
11159220580,11159757456
11159937911,11160089351
11160423930,11160466320
11160526037,11160846865
11160898101,11161248707
11161274155,11161778121
11163106661,11163412056
11163205805,11163631615
11164003711,11164047834
11164557040,11164614419
11164628067,11164684621
11165212306,11165231146
11165390261,11165988755
11165403066,11165765670
11165627408,11165965494
11165976176,11166274452
11166519322,11166872192
11167343724,11167905644
11167457331,11167595980
11170035186,11170093209
11170104599,11170541971
11170720764,11171035361
11172087825,11172281560
11172225084,11172613440
11173922220,11174007281
11175075006,11175381492
11175999674,11176659086
11176197011,11176248035
11176230100,11176787506
11176414489,11176943434
11176691707,11176729853
11177403846,11177799042
11178055358,11178385714
11179364818,11179983015
11179548839,11180346576
11180192566,11180332844
11180581572,11181149255
11181523137,11182006090
11182240711,11182326729
11182377923,11182723725
11182472978,11182781931
11183098715,11183392410
11184906997,11184983137
11185228516,11185551891
11186004095,11186159232
11186994020,11187363263
11187141013,11187546286
11187155574,11187469141
11187375721,11187779369
11187974752,11188234112
11189068110,11189355029
11193332969,11193419711
11194140701,11194709602
11196183718,11196403829
11196905255,11196940282
11197110678,11197264672
11197323431,11197581604
11198232829,11198687159
11198466438,11198518609
11198596325,11199014399
11199247211,11199804251
11199632963,11199939888
11199754544,11199865921
11199837840,11200405694
11200899402,11201213450
11202052148,11202426111
11203217701,11203343374
11203439953,11203637861
11203556441,11204156330
11204071543,11204750130
11206197071,11206327458
11206918825,11207137718
11207593271,11207737672
11207803184,11207925640
11208946096,11209404286
11209061135,11209255758
11209119075,11209559646
11209707895,11209795954
11209765225,11209854507
11210829720,11211297944
11211115286,11211285599
11212281952,11212560895
11213293036,11213521794
11214653727,11215396531
11214974848,11215147649
11215413890,11215650270
11215572573,11215667824
11215981314,11216201324
11216144920,11216620677
11216150876,11216308951
11216559384,11216642384
11216804357,11217012159
11218683485,11218892386
11220119962,11220541036
11220404832,11220777537
11226172747,11226279976
11226475580,11226840041
11227250746,11227535316
11227819593,11227845604
11229918245,11230373053
11230242632,11230521108
11231011417,11231471166
11232101431,11232230907
11232350558,11232789556
11232878173,11233321615
11233869210,11234484260
11234384647,11234506264
11236437126,11236708259
11236701619,11237196879
11236725154,11237032358
11238982593,11239508368
11239051992,11239135095
11239839023,11240081074
11239912703,11240676427
11244132992,11244377156
11245858739,11245905173
11245933699,11246455066
11246739222,11247145326
11247187800,11247456134
11247215446,11247417701
11247361773,11247426349
11247388292,11247913631
11247978413,11248399677
11249539630,11250155643
11251556230,11256266706
11256936568,11257537513
11257539053,11257778533
11257924074,11257957399
11258461131,11258931408
11259171822,11259459276
11259461338,11259749766
11259920829,11260500971
11261482559,11262150137
11263348881,11263523668
11263544600,11263799242
11263934201,11264470069
11264143072,11264370746
11264463741,11264748223
11265040468,11265293206
11265209243,11265797751
11266392723,11266429844
11268900476,11269071603
11269560023,11269799607
11269837239,11270091476
11270243765,11270487687
11272860605,11273182148
11272972756,11272994922
11273118852,11273556310
11273426913,11273863318
11274945907,11275197986
11275169159,11275516161
11276154169,11276686114
11277088705,11277615191
11280482377,11280995979
11283673039,11283778972
11283734574,11283996382
11284338405,11284818735
11284861211,11285135896
11285545795,11286091345
11287981897,11288351497
11288380707,11288669848
11288486106,11288775682
11289582133,11290126299
11289635064,11290052803
11289677283,11290198986
11289722476,11290170914
11290624374,11290731241
11291160377,11291521419
11292178037,11292811901
11292839753,11293015860
11293521897,11293560482
11293773503,11293894106
11295211337,11295393163
11296412424,11296888372
11297099148,11297387567
11297660563,11298327174
11299637566,11299856480
11300141422,11300539984
11301049250,11301180944
11301847419,11302210356
11302144762,11302604255
11302907604,11302960173
11306035955,11306454780
11307096763,11307274633
11307619113,11307713222
11308445037,11308942955
11310290001,11310784660
11311933458,11312404045
11312766618,11312978989
11314736895,11315251605
11315253899,11315786933
11315309574,11315797123
11315802954,11316387631
11319810866,11319976066
11320957511,11321122743
11321240898,11321729979
11323053234,11323223031
11323118202,11323742852
11323915375,11324437032
11323960947,11324136805
11324450273,11324589531
11325161015,11325206444
11325379268,11325449437
11325456888,11325957336
11325558373,11325677689
11325987858,11326386286
11327117705,11327222124
11327131042,11327652696
11329272454,11329910336
11329357714,11329534960
11329561279,11329584745
11332011965,11332173057
11332776634,11332901632
11332927166,11333537595
11334383050,11334814245
11334772495,11334816507
11336886934,11336919856
11336954202,11337583779
11337038772,11337209458
11338445439,11338980100
11338589790,11339231439
11339452972,11339764434
11342136781,11342276896
11342616108,11343027685
11343413041,11343749714
11344888571,11345080703
11345093224,11345647682
11346541043,11346981333
11346704665,11347177386
11346826068,11347355369
11347363213,11347605530
11347919571,11348048964
11348445636,11349026256
11348476340,11348821364
11349123742,11349750559
11352541517,11353201781
11353152447,11353803658
11353368775,11353578868
11354361614,11354592493
11355104411,11355470277
11355197820,11355476252
11357630097,11357772235
11358661021,11358908937
11358686797,11358789904
11359050278,11359693199
11359101866,11359229677
11359328657,11359935216
11360149882,11360763468
11360236697,11360807114
11362095301,11362139683
11362139184,11362485890
11363100558,11363586292
11363604276,11363854114
11363900860,11364124055
11364749125,11364782516
11365179369,11365401168
11365785399,11365931350
11366384269,11366612055
11366806900,11367384952
11367490585,11368239996
11368694413,11369323626
11371266672,11371523513
11371665489,11372189561
11372385444,11373052208
11372695005,11372806639
11372986184,11373425015
11373225805,11373463942
11373481732,11374009614
11375071926,11375104016
11380651743,11381227439
11381686543,11382329876
11381845740,11382241151
11384844152,11385145197
11385938898,11386305692
11386130905,11386300655
11386564047,11387143032
11389295705,11389660523
11390272852,11390995277
11391541674,11391653577
11391669939,11391821606
11392448017,11393012932
11393072720,11393378949
11393381807,11393919558
11393917999,11394038432
11394706544,11395047761
11396128154,11396626732
11396747152,11397165829
11397286598,11397601814
11397636208,11397805109
11401883077,11402370400
11402811546,11403357852
11404241306,11404790309
11404548319,11404734978
11405679009,11405994847
11406137507,11406358294
11407379786,11407795108
11408191935,11408747319
11410581395,11410697893
11410876163,11411092876
11411084997,11411107274
11411353931,11411444723
11411695264,11412229387
11414056114,11414451070
11414241610,11414391871
11414547587,11415104480
11416213335,11416466048
11417519864,11417791297
11417808824,11418209275
11418098323,11418288999
11419497628,11419935694
11422653733,11422938641
11422730494,11423395449
11422997480,11423530296
11423400556,11423787895
11424014114,11424604506
11424734320,11425011851
11426419266,11426606752
11428613507,11428957403
11428667591,11429131550
11428806258,11428898041
11430472418,11430908644
11430668774,11431522783
11432217543,11432295086
11432819897,11432996444
11433844525,11434348441
11435851060,11436274043
11436782819,11437155559
11437337002,11437770985
11437893356,11438477543
11439216632,11439413064
11439693487,11439850507
11441027030,11441390176
11442035708,11442574473
11442416669,11442682697
11443100603,11443444906
11443495402,11443770388
11443884238,11444357469
11444947305,11445592405
11446514322,11446905366
11446551406,11447074268
11447125874,11447782609
11447291813,11447531550
11447801799,11447839090
11449089499,11449777337
11450082531,11450148251
11451431346,11451471976
11451652413,11452261289
11452769809,11453062592
11453533403,11454115455
11454510764,11454920036
11455911194,11456341912
11456559005,11456896133
11457721578,11458027846
11458832493,11459417718
11459094896,11459218875
11461330734,11461367148
11462220414,11462286600
11462404458,11463215530
11463433940,11463958597
11463443683,11463993496
11463719685,11464059509
11464005561,11464073505
11464165307,11464555632
11464194272,11464662823
11464686296,11465302099
11466012055,11466057961
11467420241,11467566542
11467898550,11468244723
11468298771,11468740547
11469911936,11470312879
11470230189,11470260621
11470553747,11471132384
11470779805,11471206053
11470971712,11471349147
11471136335,11471647052
11473776835,11474081014
11476895111,11477736937
11478334823,11478488531
11478883029,11479651914
11479050568,11479204914
11480480866,11481016358
11480488724,11480987644
11480642576,11481582066
11481855742,11482380409
11482179292,11482577836
11483492615,11483853393
11485107253,11485546085
11488076887,11488421066
11490606826,11490941774
11494433354,11494564469
11494572293,11494850584
11495207777,11495288866
11495941149,11496519153
11496337227,11496604447
11498027616,11498130101
11498381463,11498515649
11498520329,11498790128
11499438534,11499643470
11499529825,11499799617
11499921876,11500200355
11501631620,11502143657
11502049982,11502499671
11502065399,11502454593
11502921848,11503395094
11503062594,11503305918
11503929308,11503946502
11504988103,11505240517
11505874654,11506244029
11509197917,11509448814
11510499376,11510873465
11510959749,11511148439
11511364191,11511519103
11512247907,11513047309
11513625502,11514035759
11515289285,11515572622
11516132265,11516850694
11518283067,11518547208
11518552233,11518843896
11518857988,11518930776
11519053760,11519477045
11519339345,11519612282
11520097085,11520500905
11520166692,11520727350
11520254431,11520562680
11520538261,11521410948
11522784723,11523020229
11523682927,11523989920
11523925483,11524427836
11524214537,11524807873
11524239326,11524721519
11524459105,11525054105
11526139740,11526418389
11526206857,11526475835
11526210684,11526379812
11527341053,11527839592
11529065894,11529488695
11529099775,11529456230
11529477500,11529764870
11530044765,11530143288
11530158904,11530565980
11533722192,11534303821
11534318238,11534873172
11534714124,11535170482
11537556885,11537817691
11537643735,11537926844
11538839250,11539116187
11540851170,11541033348
11541680119,11542080158
11543358686,11543760568
11543537670,11543889372
11543772893,11543942283
11543862884,11543940150
11544085811,11544100506
11546106639,11546600968
11547213321,11547756936
11548000795,11548506796
11548790248,11548919887
11550189126,11550444832
11552875105,11553290939
11554222667,11554998072
11555841340,11556168263
11556944089,11557388401
11557630072,11557884170
11558044404,11558334252
11559115293,11559511191
11559606904,11559900200
11560379982,11560527495
11560867464,11561079435
11562949988,11563132577
11565231086,11565532875
11565262746,11565345093
11565836183,11566429707
11566554518,11566949526
11567839999,11568301713
11567851006,11568052402
11568696504,11569079617
11569907175,11570461421
11570252731,11570392877
11570445170,11570916803
11570450281,11570772400
11570556779,11570820651
11571069653,11571471615
11571301840,11571346619
11572590445,11572908840
11573439114,11573776892
11573691544,11573922544
11573743707,11573823205
11578021234,11578289268
11578340584,11578740563
11579567624,11580058647
11581265171,11581651332
11582573925,11582735847
11582740615,11582866290
11585750778,11586166204
11586189809,11586315937
11586732734,11586929634
11587414832,11587488788
11587537603,11588446071
11588548683,11588788072
11588752082,11588778615
11589035205,11589383660
11589288844,11589484978
11590188530,11590563829
11593013595,11593298562
11593109917,11593351123
11593410806,11593834336
11593499757,11593586186
11595820084,11595865458
11596236077,11596393627
11596511128,11596750980
11597984959,11598216603
11598413916,11598832462
11598946092,11599435836
11599057530,11599216427
11600281452,11600495134
11600515134,11600938687
11602370286,11602427818
11603287745,11603415762
11604964267,11605277931
11606731068,11607273878
11606736296,11607307167
11608309855,11608615404
11608902826,11609511580
11609077191,11609307664
11609936344,11610141403
11611595404,11611775661
11612329115,11612491599
11612874054,11612955698
11613017797,11613466211
11613712275,11614146127
11614605394,11615194559
11614782897,11615234299
11615693736,11616159122
11616768821,11616888776
11618742644,11619175133
11621033579,11621400213
11621414625,11621572911
11621910137,11622377518
11622257473,11622365945
11622448479,11622605109
11622450916,11622676827
11624525087,11624796001
11625908629,11625982394
11626546138,11626908713
11628249965,11628538605
11628430480,11628866361
11628586229,11629159854
11628937684,11629162512
11630963198,11631358436
11631592311,11632028494
11632100459,11632351619
11633047524,11633112965
11634431759,11635066656
11635071945,11635164300
11635192142,11635697556
11635875334,11636238678
11636170272,11636233049
11636316904,11636858743
11636625333,11637015641
11637126460,11637548590
11639050127,11639206907
11640333857,11640608744
11642863811,11643114815
11643247768,11643330435
11643337383,11643855306
11645207576,11645945257
11645253785,11645654426
11645477873,11645749513
11645587474,11646246569
11646706009,11646801759
11646810977,11647015574
11647232860,11647564985
11647265325,11647697829
11647427076,11647997773
11647747206,11648151912
11647986680,11648180215
11648053686,11648530189
11648197785,11648589029
11648210259,11648641207
11648467611,11649025052
11649811378,11650460216
11650388288,11650549617
11651336182,11651484544
11652958490,11653361279
11654755341,11655219721
11655149369,11655658148
11656182976,11656369242
11657455148,11657897763
11657680629,11658230413
11657909431,11658552465
11660744987,11661197061
11660958339,11661463676
11661928426,11662390845
11662352718,11662722724
11663219008,11663680530
11663543265,11663997055
11663956686,11663983716
11664204381,11664520109
11664521966,11664628013
11666273176,11666352400
11666375922,11666747692
11666447398,11666594124
11667002458,11667433391
11671640197,11671891740
11676642975,11677000208
11678016542,11678389533
11678133316,11678372858
11678374084,11678558660
11678868676,11679346398
11679400058,11679852312
11679748302,11680149354
11680693416,11681015690
11683055967,11683221370
11700262941,11700697078
11702992709,11703711869
11703369707,11703493675
11703882005,11704497350
11703913428,11704489795
11703932124,11704072280
11704527647,11704911633
11705349438,11705690081
11707318465,11707816568
11707403954,11707851503
11708015004,11708251810
11708299641,11708790441
11709328226,11709997472
11709359595,11709949147
11709685848,11709941432
11710511589,11710893257
11713440669,11713671329
11713791455,11714094733
11714988183,11715534008
11715073844,11715111993
11715915691,11716493764
11716387632,11716763649
11717576301,11718152867
11717606234,11717869845
11719264142,11719425460
11719273922,11719359268
11719293008,11719566112
11719509713,11719756550
11722121548,11722742784
11722704241,11723012545
11724718123,11724911856
11725362449,11725859971
11726085878,11726197816
11726203118,11726714535
11726283683,11726529832
11726402256,11726709394
11726541094,11726600756
11728055553,11728147366
11728519008,11728921904
11728908064,11729458669
11731078556,11731368889
11731206922,11731457862
11731825587,11732055589
11733218293,11733611686
11734668373,11735252442
11735267811,11735734694
11735452065,11735883197
11736984407,11737183227
11737482858,11737644606
11737706300,11738042330
11737799484,11738400233
11740107614,11740397977
11740224772,11740550324
11741320062,11741950949
11743839316,11744351910
11744122324,11744464797
11745322100,11745396846
11746957999,11747119107
11747249081,11747329512
11748123350,11748709613
11748865731,11749207028
11749274734,11749436885
11750583322,11750735579
11751698227,11751926269
11753078575,11753453223
11753664713,11754023697
11754660451,11754898712
11755162211,11755641376
11756345738,11756560050
11757431010,11757998887
11758502847,11759161419
11758624713,11758824577
11760046125,11760685952
11760951950,11761233982
11761188856,11761490126
11762731631,11763123692
11763277693,11763866832
11764538254,11764606694
11764932180,11765243150
11765253082,11765781372
11765348014,11765395287
11767224604,11767587528
11768223900,11768460161
11770476680,11770649964
11770683585,11771348620
11770792041,11771300365
11771233784,11771585106
11771246056,11771845627
11771310022,11771389194
11771807521,11772184283
11771998077,11772118252
11773257164,11773758602
11773849177,11773941996
11774588839,11774891357
11774773219,11774991566
11775187740,11775233842
11775491985,11775853203
11775972777,11776391196
11777924607,11778128309
11778230826,11778462370
11779562335,11779762242
11780076973,11780337837
11781194872,11781707338
11781656067,11782064939
11782201054,11782608207
11784152101,11784467797
11784787280,11784937522
11786041587,11786555869
11786688253,11786961828
11786794377,11787240422
11787320420,11787792306
11787478577,11787730802
11787931057,11788451323
11792022022,11792316471
11792319201,11792461971
11792725200,11793158387
11793597202,11793730514
11794498042,11794935389
11794558455,11794886910
11795112246,11795485044
11797019700,11797588631
11797131553,11797204211
11797462156,11797678235
11798644565,11799419935
11801928474,11802065858
11804037792,11804602420
11805390414,11805742768
11806500511,11807000222
11809060112,11809312789
11809209585,11809499842
11810924198,11810964648
11810988393,11811236277
11811298193,11811645008
11811861717,11811899280
11814272060,11814667910
11814363495,11814642401
11815355592,11815546913
11815771989,11816227482
11815831753,11815903958
11816891091,11817223452
11817652127,11818228646
11817794691,11818330082
11819850539,11820319913
11820773871,11821123545
11821230009,11821733135
11822314345,11822360967
11822691754,11822925721
11822939168,11823868575
11824278094,11824544037
11826375105,11826940610
11828950940,11829349516
11829392965,11829637101
11829506670,11829932043
11829802460,11830276221
11830646139,11830996236
11835202534,11835606993
11835514785,11835704982
11836198947,11836511490
11836754354,11837146289
11836852647,11837157654
11837302515,11837635752
11839809735,11839917943
11839811052,11840282129
11840289992,11840552866
11840555944,11840931243
11841211796,11841477486
11841285231,11842005411
11844193659,11844653493
11844852584,11845004168
11844999617,11845355236
11845259333,11845703746
11847849258,11848452642
11853918012,11854147442
11854031324,11854325080
11855505942,11855943145
11858182485,11858443837
11858398563,11858662584
11858447061,11858838319
11860009318,11860255355
11861445007,11861669062
11861785953,11862298699
11865378238,11865975050
11867473399,11867940024
11867625535,11867689195
11873139968,11873835988
11875218800,11875366440
11875546982,11875951106
11875978885,11876167448
11876104204,11876476812
11877866180,11878499866
11880439118,11881160077
11880657319,11881047714
11882364472,11882756789
11882761637,11883043637
11882910487,11883336513
11884191684,11884329701
11884692751,11884755065
11885760738,11886075975
11886077918,11886161117
11886380208,11886468367
11886456033,11886763837
11887888519,11887982456
11888790890,11889422597
11889000260,11889331355
11890286100,11890688202
11891610322,11891756687
11893270552,11893369256
11893630025,11893948918
11893918964,11894003015
11894747673,11895040191
11895111868,11895149178
11895137570,11895217654
11895164356,11895830599
11895300689,11895589254
11895371213,11896002387
11896787736,11897300041
11898612465,11899082156
11899241775,11899848598
11899697858,11900167120
11900397792,11901203680
11900889909,11900915537
11902008612,11902436046
11902055524,11902603391
11902255007,11902323444
11903588113,11903906096
11904485474,11904983788
11905601207,11906122013
11905943253,11906283506
11907324497,11907699838
11907537217,11907808276
11908499380,11908831397
11910301682,11910552832
11910566538,11910727697
11910672277,11912602707
11910748673,11913083653
11910856047,11913088507
11912660259,11912739354
11913068741,11913285428
11913098873,11913600378
11913427782,11913945730
11914501398,11914966455
11914652124,11914979549
11914982779,11915279391
11915554143,11915874240
11917351706,11917740475
11918155901,11918507139
11920882398,11921438756
11921000982,11921424964
11921702279,11922114613
11922855510,11923422014
11923485396,11923971536
11926085576,11926256854
11926223109,11926528110
11926256263,11926873421
11926851486,11927013163
11927070485,11927416127
11927324292,11927358885
11927325535,11927612469
11928908621,11929315621
11928986064,11929189626
11929233813,11929601839
11929247027,11929848224
11930810043,11930950478
11932472171,11932699537
11932834834,11933371247
11933122337,11933260975
11933764578,11934055155
11935567501,11935650271
11937240689,11937692463
11940614128,11940996408
11941275945,11941444577
11941733206,11941871123
11942486616,11942797782
11944045473,11944228458
11944330776,11944939563
11945060958,11945651658
11946239500,11946852872
11946382750,11946999881
11947915009,11947939159
11948425147,11948814561
11951741939,11951863990
11954585010,11954802548
11955424380,11955514497
11956098078,11956525664
11956106006,11956284299
11957864274,11957919729
11958066429,11958567862
11958483536,11958850448
11958538237,11958950592
11959430713,11959519270
11960569079,11961537654
11962067992,11962379092
11962381128,11962763757
11963085967,11963267423
11963156702,11963364882
11963385764,11963667516
11963521063,11963913706
11964532742,11965013795
11966223541,11966445681
11966903875,11967196069
11967756195,11968120615
11968154874,11968541624
11969215829,11970006486
11971831974,11972135473
11971896101,11972256156
11973606533,11973936649
11974154095,11974355129
11976253070,11976569881
11978917268,11979011263
11979350158,11979597463
11979546253,11980077792
11979567745,11980134850
11979703114,11980128315
11980681248,11980910225
11982272967,11982729963
11982300083,11982700161
11985338279,11985693326
11985582979,11986271109
11987771976,11988325726
11987938935,11988258775
11987957182,11988183062
11989915007,11990015258
11994651753,11994867332
11995029274,11995780171
11995984737,11996147874
11996974418,11997256312
11998798282,11999208827
11999262440,11999395914
11999683397,11999859144
11999974527,12000280216
12000334825,12000708981
12001543568,12001762364
12001616137,12002196982
12001687146,12002328670
12001759845,12002279758
12002198719,12002285276
12002973713,12002997483
12004784625,12005367584
12006470370,12006503332
12006490279,12006833068
12006613553,12006658326
12007040501,12007356896
12007220647,12008044927
12007309029,12008013911
12007518095,12007658407
12008598158,12008725474
12010380220,12010815753
12010468601,12010663177
12011314894,12011443401
12011696531,12012155569
12012821976,12013170512
12013124017,12013324512
12013572369,12014165902
12015386968,12015781782
12015402817,12015703616
12017080888,12017280821
12021441889,12022064078
12021772903,12022417011
12021904326,12022254996
12021919559,12022258487
12022972682,12023167476
12023646955,12023915227
12023718390,12024198060
12024228797,12024527314
12025923194,12026029151
12026052991,12026317822
12026368814,12026646345
12032602194,12032933171
12032653464,12033101796
12032730314,12032989101
12034450897,12035001564
12036412494,12036618385
12037044360,12037478381
12039426866,12039632540
12039436969,12039988288
12040173058,12040890975
12042702308,12042784922
12043082056,12043444406
12043099166,12043343542
12045786000,12046048235
12046353114,12046554298
12047245186,12047582607
12047651346,12047801418
12048269008,12048512830
12048469306,12049058321
12049091132,12050057580
12050538636,12051019244
12050813737,12051325747
12052562071,12053116032
12053376917,12054080441
12053432743,12053638803
12054312774,12054695475
12054324727,12054713949
12054973109,12055483951
12055156553,12055452308
12055198320,12055571479
12056661203,12056934004
12058887622,12059062977
12059213644,12059736687
12060004868,12060435722
12061768358,12062049649
12062709497,12062973344
12063071031,12063412643
12063973943,12064522182
12063986089,12064278381
12065300614,12065344303
12065782770,12065856915
12065929701,12066102237
12068078966,12068576617
12070742603,12070777741
12071009036,12071506853
12072213882,12072500203
12072879262,12073320561
12074386999,12074655256
12075103817,12075712590
12076766236,12077117635
12077911271,12078287391
12079727940,12080140483
12081429752,12081568067
12081570628,12081889844
12082392312,12082725663
12082769904,12083350407
12082811219,12083178826
12083652485,12084590636
12085129698,12085390504
12085865335,12085983061
12086345222,12086651219
12086350241,12086897617
12086713041,12087148071
12086750587,12086944019
12087375446,12087757326
12087984100,12088328728
12088121355,12088609090
12089949527,12090506997
12091291485,12091410614
12091435440,12091654696
12091470841,12092003394
12091850216,12092280590
12092726544,12092879456
12093335975,12093493847
12094027204,12094205294
12095274080,12095863186
12095324087,12095586663
12096498670,12096669020
12097634862,12098001673
12097728242,12097816064
12098138460,12098553767
12099306459,12099630731
12102432928,12102708098
12103012619,12103544112
12104625254,12105330060
12104767499,12105037838
12105334895,12105503302
12105500521,12105724949
12105586494,12105998242
12111381522,12111766672
12112665399,12113149757
12114164162,12114369540
12114999150,12115462605
12115760006,12116046100
12118068779,12118705798
12119085658,12119358432
12119221419,12119554001
12119363883,12119880451
12119802135,12120180728
12120185751,12120215551
12121121943,12121275413
12121942048,12122533435
12122877348,12122936670
12123202975,12123402898
12123625165,12124167095
12124097224,12124298296
12124982334,12125320039
12125702061,12126190108
12126601818,12126892831
12126705990,12126990365
12128311000,12128327992
12128438573,12128973841
12128787125,12129025541
12129197855,12129740671
12129815158,12129900214
12132554680,12133074363
12132787813,12133513074
12133080010,12133492614
12134091003,12134307963
12135512308,12135890320
12137067967,12137347693
12137965695,12138345724
12138867702,12138961158
12138881697,12139434289
12139396774,12139845957
12139532198,12139626204
12140711388,12141001616
12141981720,12142473163
12144823743,12145214292
12144894643,12145387081
12146256264,12146689194
12147905347,12147986358
12148208359,12148756775
12149346715,12149743267
12149757410,12150377502
12149888372,12150060814
12151099826,12151113949
12151183826,12151743487
12151980346,12152034881
12153464605,12153817346
12154103196,12154462382
12154177891,12154322881
12154403933,12154936772
12156561878,12156841083
12156568832,12157131267
12157000004,12157572331
12157463719,12157515187
12157893353,12158730138
12161018079,12161372670
12161114649,12161576872
12163139425,12163201080
12163452099,12163870479
12163802531,12164188642
12164705251,12164862350
12166248317,12166480649
12167073757,12167324435
12167138836,12167765160
12169574371,12169805118
12170179892,12170727484
12171061076,12171136192
12171089939,12171181274
12171986874,12172328447
12172783692,12172876827
12173128731,12173344066
12173478072,12173609155
12177032358,12177653426
12178464890,12178688953
12178717122,12179002905
12178831400,12179205660
12178910905,12179217634
12182129148,12182574023
12182458651,12182485752
12182767040,12182884468
12183468899,12183815313
12183965111,12184591562
12184675472,12185086405
12186039530,12186077066
12186293966,12186425018
12187000427,12187444751
12187738890,12187870685
12187855063,12188389955
12189090260,12189342927
12189206562,12189566484
12189383550,12189674227
12190087368,12190441605
12191429252,12191768280
12191840490,12192225516
12192212040,12192506004
12193146581,12193243852
12193156104,12193314115
12193176558,12193428106
12193288833,12193392925
12194101353,12194338786
12194741131,12194811256
12195185730,12195452252
12195691408,12196189284
12196525460,12196941690
12196665091,12197117350
12197750703,12197860725
12199525352,12200308471
12200236032,12200269989
12200277133,12200704169
12202350537,12203221327
12204949237,12205033913
12205669582,12206394407
12207294203,12207657432
12208873608,12209357047
12210548243,12210702620
12210550520,12210665636
12211465188,12211879222
12212723210,12213263320
12213232569,12213325479
12213487294,12213632255
12214632104,12215132547
12214733317,12215088360
12215463652,12215912236
12215705750,12215890019
12215879312,12216092249
12215891628,12216295879
12218071781,12218581185
12223034209,12223202300
12223771114,12224115650
12223888306,12224393892
12226435798,12227019920
12227679217,12227989972
12227989087,12228392231
12234567894,12234843420
12234859425,12235654103
12235766434,12235848373
12235851684,12236342676
12236027862,12236420492
12236406721,12236999108
12236602309,12236950853
12237690010,12237864772
12241550527,12241687206
12244508116,12245044111
12244562128,12245212620
12244643497,12245192415
12245853615,12246361936
12246468306,12247025584
12246558900,12246879566
12247329135,12247468811
12247492126,12247686978
12248498455,12248896058
12249932066,12250468947
12251210622,12251701025
12252081505,12252196448
12252214094,12252299915
12253364753,12253585853
12254636300,12255159496
12255342947,12255580396
12257048311,12257077893
12258328852,12258514531
12258459996,12258662172
12259146543,12259260349
12259523224,12259859278
12260564276,12260670337
12261478794,12261749399
12261758344,12262153054
12261775099,12261835892
12261815651,12262022943
12262797529,12263448590
12264462798,12264886623
12267001379,12267365556
12267868590,12267979911
12268987473,12269345923
12269088028,12269487673
12270466705,12270617261
12272154484,12272302924
12272336745,12272528723
12275754031,12275819491
12276768982,12277190960
12277628479,12277917009
12280663158,12280699850
12281077207,12281707916
12283060607,12283351537
12283474034,12283860653
12285271180,12285460211
12285972449,12285997298
12287820866,12288113555
12288778921,12288983008
12291289163,12291471801
12292351462,12292832832
12293026757,12293106732
12293229333,12293291671
12295284591,12295620178
12295916192,12296325546
12296109464,12296366115
12296171095,12296440914
12297534894,12297810947
12298458447,12298583759
12298626006,12298983131
12298957465,12299574711
12300889754,12301320516
12301946561,12302106891
12302390743,12302805610
12303318390,12303569482
12303437390,12303830616
12303669550,12304125940
12307985511,12308343608
12308717398,12308925150
12308985247,12309327800
12309185894,12309782191
12313265530,12313317433
12313418429,12313832201
12313628832,12314023456
12314722581,12314816969
12316348890,12316503888
12316525789,12316907168
12316853667,12317583410
12317874886,12318201830
12318150037,12318224788
12319349422,12319676046
12319783913,12320287633
12319798676,12320251559
12323147991,12323800026
12323253417,12323584130
12323328908,12323556878
12323604175,12324168229
12324497775,12324684157
12324542568,12325041398
12324581654,12324708379
12326107326,12326480462
12326428949,12326776994
12326764190,12327194785
12327974646,12328351721
12328123704,12328572180
12328355000,12328704341
12329607383,12329920115
12330336632,12330387062
12330553131,12331059851
12331100888,12331309987
12331419820,12331748411
12332771981,12333048591
12334075255,12334558545
12334566669,12334832249
12334882216,12335284325
12335952614,12336547276
12336132873,12336596703
12336912348,12337327841
12338739289,12339104346
12341987712,12342248350
12342617943,12342833476
12342787770,12343169331
12344128587,12344670959
12347477140,12347775058
12347762908,12348398349
12348423786,12348558436
12348762651,12349172730
12348765111,12349221115
12349251186,12349748871
12349324338,12349637201
12352897708,12353204834
12355023467,12355344190
12355397094,12355816902
12356497096,12357058100
12357039988,12357170555
12357790908,12357956076
12357931888,12358117758
12358704590,12358921819
12359314020,12359426702
12360043213,12360631678
12363394564,12363736341
12363448385,12363831336
12363887545,12364359102
12363978821,12364321367
12364323656,12364358986
12365322589,12365482361
12365625333,12366183272
12367852024,12368297257
12369043051,12369515137
12370924080,12371031298
12371085839,12371438201
12371876639,12372173252
12373238705,12373438608
12373866047,12374446697
12374883266,12375464915
12376076312,12376423247
12377683561,12377839801
12378488913,12378885876
12379343798,12379534456
12379784407,12380144061
12380739280,12381128258
12382029082,12382418112
12384338468,12385009302
12385775693,12385906400
12385830982,12386390078
12386364911,12386641169
12388390435,12389234182
12388919554,12389176787
12389682960,12389790651
12389683146,12389878388
12391633716,12391761403
12393108108,12393220145
12398603980,12398674778
12401084192,12401135289
12401772780,12401901351
12402977550,12403214685
12404017047,12404226696
12405715199,12405884423
12405903511,12406470567
12406014052,12406133560
12406274959,12406889853
12407061647,12407272129
12407084714,12407372217
12410307141,12410420566
12410714244,12411170542
12410720614,12411140404
12414225060,12414722349
12414344118,12414623528
12414836279,12415263133
12415282326,12415595031
12420520487,12420710950
12420820933,12421219262
12420987030,12421024071
12421688173,12422122763
12422831882,12422903830
12422908274,12423334918
12423048012,12423229026
12424907573,12425399953
12426245463,12426791784
12428527019,12428563379
12428881275,12429030593
12429695098,12429985764
12435571513,12435669226
12438195997,12438336568
12438468629,12438829050
12439190675,12439249298
12440837268,12440965130
12442327341,12442808473
12442569162,12442960301
12444974427,12445428778
12445004446,12445057128
12445138232,12445531453
12445377586,12445760970
12447684185,12448009261
12449457226,12449715548
12449706052,12450347971
12449763213,12449824955
12451793267,12452260873
12451840219,12452313649
12452336405,12452490586
12454053094,12454569437
12455889516,12456363559
12456145614,12456719618
12456543486,12456924786
12458746394,12458936668
12458862234,12458952462
12460025643,12460612973
12461832904,12462336138
12461978315,12462316718
12462326288,12462670438
12463292662,12463615414
12464863103,12464993515
12467923846,12467942909
12468198993,12468557741
12469000643,12469150460
12469002585,12469198884
12469458852,12469929987
12469733223,12469750558
12470446028,12470939796
12470848157,12471336619
12473086430,12473413073
12475091636,12475459369
12475632317,12475845759
12476432764,12476852126
12478301380,12478500247
12478815586,12478957067
12482911038,12482993142
12483228455,12483737224
12484252715,12484467697
12484781442,12484906508
12484919782,12485685325
12486634737,12486784369
12486737544,12486901023
12487022574,12487354183
12487683521,12487833151
12488742278,12488949855
12488955542,12489355940
12490364764,12490727857
12491299700,12491719499
12492140674,12492525089
12492626922,12493103600
12492962161,12493084409
12493052534,12493494410
12493830454,12493918189
12493895571,12494203202
12495711293,12495851304
12495725615,12496341621
12497163363,12497494716
12500196060,12500299614
12500249124,12500704150
12500305931,12500764942
12502415462,12502776924
12504859315,12505309041
12506137819,12506468635
12506347305,12506853652
12507686267,12507941041
12507873555,12508180712
12508235153,12508407309
12508442665,12508507523
12509082242,12509615467
12510140421,12510456089
12511390723,12511731002
12511639372,12512016372
12511814215,12512438624
12512112723,12512504188
12515045447,12515153471
12517216517,12517581259
12517364794,12517887472
12518096694,12518557710
12519422099,12519868949
12519913856,12520441647
12519975593,12520381962
12521829527,12521916351
12523972480,12524382163
12526560984,12526847415
12526701791,12527127452
12527352916,12527421306
12527417318,12527654767
12527443587,12527724778
12527619265,12528280947
12527807642,12528233939
12528481145,12528864540
12529201622,12529616157
12529889726,12530257380
12530061014,12530679261
12530333454,12530838225
12530548838,12530846212
12531180543,12531493291
12531480768,12532075805
12531784841,12532199517
12532413206,12532622686
12532854256,12532895323
12533877452,12534439556
12537116779,12537230282
12537233865,12537773480
12537611916,12537695157
12537964755,12538168218
12538180384,12538229570
12540644140,12540915446
12541043447,12541539570
12541416540,12541791283
12541826636,12541889810
12542103050,12542584108
12542126435,12542282207
12542229343,12542318814
12543531282,12543629483
12543966188,12544328289
12545722849,12546146585
12546145123,12546295164
12546356934,12546944131
12547137302,12547538553
12549663650,12549938585
12553272091,12553372450
12554244297,12554641371
12555958675,12556306418
12556051758,12556545602
12556233099,12556357137
12557985446,12558366143
12558939703,12559411093
12562194873,12562726116
12563445570,12563759971
12564321569,12564519327
12564716449,12565038408
12567270271,12567845365
12569201008,12569585590
12569558507,12569693849
12569902610,12570346948
12570181914,12570383747
12572570781,12573110591
12573332883,12573645370
12574658963,12575026573
12575646757,12575863116
12576539959,12576876846
12577734254,12578106382
12577926450,12578163309
12578313620,12578931106
12578370806,12578859703
12579787579,12580084967
12580838626,12580954203
12580852036,12581307666
12582412415,12582739122
12585088337,12585513215
12586166392,12586580678
12586649135,12586883328
12587127273,12587200905
12588176554,12588512283
12588770842,12588786482
12589047398,12589433411
12589319786,12589365096
12589405666,12589573317
12589520833,12589896465
12589674740,12589696730
12593034802,12593593558
12593062038,12593445363
12593122221,12593492633
12593600662,12594244730
12593958653,12594607008
12594046986,12594077442
12595825447,12596488681
12596433202,12597082728
12596738697,12596974664
12597269306,12597478887
12597838210,12598134998
12598607659,12598773134
12599730747,12599864496
12601133355,12601254529
12601321442,12601817876
12605321695,12605703896
12606813153,12607558808
12607082195,12607817751
12607941354,12608315617
12608994869,12609019777
12613639911,12613894707
12618638486,12619061072
12619301784,12619761332
12619538984,12619741806
12620122395,12620283593
12621076548,12621374187
12621105661,12621488715
12624377487,12624852178
12626390463,12626761342
12627583441,12627940190
12629731959,12629855305
12630118780,12630309834
12630166090,12630351869
12630670698,12631077291
12634109211,12634826656
12634756635,12635331498
12634989254,12635551457
12638516191,12638674521
12639899828,12640300329
12640518563,12640561483
12641251311,12641331543
12641704317,12641979288
12642218474,12642570932
12642830813,12643128449
12643483387,12644018331
12643585531,12644043236
12643973702,12644212776
12645182787,12645550352
12647308816,12647854706
12647371542,12647535628
12647463363,12647699046
12648630788,12648700002
12651980914,12652294853
12652574569,12652690332
12655707812,12655984189
12656189459,12656693820
12657469072,12657556819
12657849986,12658153859
12658707707,12659189465
12659428364,12659850269
12660911880,12661340397
12661178984,12661696507
12661875699,12662196568
12662947750,12663564573
12663937267,12664286397
12666248339,12666694764
12666300014,12666828714
12667902206,12668509458
12670736090,12671235660
12670864474,12671389527
12671004719,12671209218
12671275214,12671844990
12671593721,12671730896
12672421217,12672909120
12672736057,12673051676
12675375992,12675714772
12676119007,12676440453
12676423898,12676746670
12677752209,12677935927
12680447946,12680861285
12680595751,12681360236
12683139769,12683239277
12684999394,12685306597
12687433188,12687502475
12687680243,12688102151
12687729075,12687947246
12689602285,12690171124
12690259469,12690773787
12690884435,12691186264
12691146405,12691219877
12692107962,12692413538
12692689133,12693234559
12693240874,12693446933
12693923711,12694158978
12695540541,12695553069
12698747365,12699022261
12701173916,12701812403
12702045385,12702328668
12702123314,12702270759
12703590573,12703724475
12703830344,12704318686
12706685363,12707173783
12706708361,12706898776
12707658203,12707674550
12708352440,12708849840
12710174195,12710608726
12710745872,12711222895
12712039999,12712397179
12712302163,12712541526
12714001469,12714232983
12714067033,12714313824
12716532078,12716737628
12716632779,12717163850
12716697965,12717841363
12718248389,12718634513
12719880296,12720224201
12720542999,12720790180
12720729817,12721262961
12722725228,12723152179
12725896016,12726100977
12726084381,12726239701
12726817155,12727009250
12726853057,12727334478
12727491533,12727930427
12728752193,12729022796
12729643634,12729761316
12730068136,12730278742
12730426336,12730495578
12730426645,12730493103
12732077005,12732394733
12734731794,12734899436
12735066974,12735133018
12735158586,12735536175
12735569837,12735662488
12737106822,12737540519
12737534213,12737660645
12738086439,12738498992
12738243127,12738642701
12739265065,12739569773
12739824101,12740088118
12739826046,12740351734
12740090875,12740142783
12741812056,12742018917
12742152953,12742533113
12742579334,12742858627
12743095321,12743571910
12745406214,12745645400
12745658892,12746041270
12746162895,12746279501
12747850615,12748073531
12748517944,12748897091
12749157905,12749462044
12749164515,12749253339
12749398627,12749918855
12749474913,12749817032
12749488607,12749886870
12749871522,12750306815
12750843815,12751242476
12751480805,12751818094
12751746915,12752203948
12751875818,12752281473
12752305237,12752498939
12752566353,12752871068
12753896683,12754482367
12755290562,12755499341
12755826963,12756219885
12757316311,12757567407
12758009951,12758365090
12759374598,12760087138
12760767361,12760865272
12761518494,12761690029
12761818420,12762138606
12761821221,12761931167
12762724859,12762923840
12762840018,12763188391
12763653852,12763889546
12764351683,12764856088
12765313883,12765494087
12765496174,12765655874
12765839914,12765866145
12766114535,12766586411
12766414888,12766767701
12769604648,12769761520
12771539254,12771639401
12773349008,12773612953
12773700488,12773996958
12775036703,12775535363
12776596401,12776654818
12776675984,12776832554
12776939293,12777596472
12778601908,12778941311
12779336706,12779933056
12779599462,12779905333
12780139145,12780162714
12780174746,12780594390
12780804079,12781320865
12782053582,12782368847
12782376348,12782808369
12782614801,12783085033
12785036128,12785433313
12787248715,12787564145
12788820106,12789258350
12789076386,12789184347
12789499246,12789787007
12789857007,12790485623
12790626856,12790698957
12791102215,12791485717
12791104379,12791553513
12792552380,12792974948
12792565510,12792610412
12793986424,12794540872
12795426262,12795782450
12795477293,12795613324
12795540825,12795653475
12795782358,12795853460
12795821330,12796081494
12796044921,12796273306
12796248635,12796762123
12796459375,12796609024
12798189947,12798578867
12798377902,12798694157
12799833473,12800211340
12800196274,12800465792
12803349230,12803709894
12804413457,12804596349
12804522068,12804795600
12804620043,12805058493
12804707657,12804924700
12805180416,12805516318
12806693613,12807187154
12806728728,12806885804
12808060235,12808112505
12808937028,12809238876
12809729840,12809893182
12810958499,12811176697
12811159964,12811313375
12811286559,12811704112
12811902794,12812611855
12812072024,12812502696
12812171402,12812248037
12812769480,12813114404
12813549367,12813920899
12813579409,12813645437
12814944703,12815977014
12814990793,12815585354
12815374729,12815618731
12816036437,12816099523
12816288419,12816757279
12816551991,12816705189
12816643809,12816914102
12816916001,12817275329
12817146881,12817554468
12819854662,12820168248
12821561225,12821851046
12822787387,12823275898
12823510476,12823862936
12824739151,12825139964
12828886624,12829209015
12829240389,12829369208
12830490838,12830703412
12830941531,12831300289
12832608498,12832964551
12832676247,12832957930
12833753980,12833896179
12835846342,12836213238
12836129456,12836575971
12836310619,12836761711
12841532405,12842014358
12842003815,12842597342
12843249895,12843385369
12843609012,12844175809
12844699363,12845058246
12847071018,12847216049
12848275748,12848625687
12848719449,12849066077
12849050834,12849329127
12849086751,12849458296
12849862264,12850218907
12849869546,12850203071
12850654420,12850773295
12851029542,12851516274
12853091807,12853224277
12854951934,12855090707
12855608648,12856070941
12856870639,12857113704
12857371224,12857930742
12859725645,12859899713
12860433358,12860561271
12861440444,12861852265
12861611997,12861822997
12863229591,12863592957
12863300148,12863353675
12863716652,12864075354
12863820880,12864174026
12863828835,12864030182
12865089864,12865128942
12865280672,12865877311
12866065405,12866563338
12866765745,12867004408
12867178989,12867669788
12867491647,12867596823
12867595737,12867764470
12869005180,12869380032
12869317639,12869622964
12869431839,12869887373
12869697141,12870048304
12872445253,12872808135
12874656581,12874806066
12875281882,12875551192
12876944713,12877449685
12878275444,12878603062
12878656130,12878961035
12880816774,12881164061
12881039678,12881326448
12881285408,12881375929
12881327055,12881826266
12881385070,12881552427
12881856352,12882322011
12884018210,12884566593
12884821346,12884964276
12885142085,12885728834
12885733526,12885880118
12885933711,12886433247
12886295042,12886765813
12886659525,12887217388
12887765791,12888187709
12889513399,12889985575
12890744360,12891113656
12891112904,12891277010
12891676975,12891830433
12891806851,12892281736
12892285400,12892344200
12895805745,12896210077
12897112968,12897543531
12897995192,12898211379
12898143551,12898428697
12898305588,12898460547
12898900999,12899118202
12900023369,12900258234
12900972870,12901203873
12901897902,12902206424
12903183974,12903312457
12903243486,12903794478
12903416247,12903559088
12904856214,12904942189
12906615259,12906946247
12908240702,12908868894
12908443164,12908470664
12909204536,12909706622
12909878664,12910265550
12910007538,12910567947
12910427598,12911134468
12911144661,12911390014
12912657785,12913071552
12913616414,12914038514
12914639003,12914783908
12915120696,12915601274
12915348515,12915483121
12915864937,12916177191
12917265111,12917372348
12917708695,12917734472
12917856726,12917947086
12917906285,12918354178
12919316384,12919635210
12919998322,12920522091
12920777201,12921063833
12921151218,12921684152
12922528373,12922887019
12923281714,12923736221
12925097417,12925721766
12925181552,12925325817
12926484924,12926637920
12927324209,12927935245
12928474203,12929068968
12929398015,12929434750
12931100396,12931527182
12931261192,12931661323
12936288478,12936449560
12936430073,12936510766
12936758714,12937425479
12936846981,12937172433
12937648666,12938060169
12938559691,12938949037
12939869845,12940366712
12940859149,12941111916
12942507196,12943001075
12944090544,12944326328
12944374224,12944665265
12944734262,12945162465
12944740390,12945046483
12946057756,12946328282
12947629680,12947663782
12948070458,12948481098
12948084782,12948417366
12948606927,12948871566
12950295534,12950494351
12950307401,12950361801
12951032064,12951249786
12952361181,12952942031
12953907926,12954088285
12955171541,12955231711
12955898180,12956196116
12958414997,12958642641
12960871982,12961231138
12960880436,12960944045
12961332354,12961677344
12961939981,12962330431
12962115062,12962432890
12963034419,12963216186
12963212902,12963485295
12963400788,12963660701
12965796834,12966273009
12966181413,12966222118
12967005985,12967385516
12967498267,12967865577
12967781289,12968040950
12967916531,12968145413
12969675818,12970125931
12971360524,12971682702
12971505145,12972150133
12972446159,12972950339
12972742914,12972839219
12974516848,12974650307
12975123904,12975579156
12975150906,12975704323
12975654508,12975688025
12976246532,12976650549
12978337284,12978779181
12979006590,12979151100
12979917886,12980479150
12982482700,12982902614
12983695097,12983874918
12983979555,12984321504
12984126164,12984362522
12985808965,12986295157
12986657449,12987087704
12988180542,12988328248
12988243526,12988778439
12989957943,12990111476
12990569887,12991004351
12991005442,12991344929
12991573473,12992043252
12991704727,12992189014
12992363401,12992821531
12992847211,12992900706
12993520388,12993895378
12994054674,12994471411
12994867802,12995081822
12995817670,12996188916
12996143086,12996423657
12996195830,12996604424
12997183452,12997710177
12998678592,12999167324
12999203177,12999641924
13002380398,13002767986
13002918961,13003220130
13003327739,13003696017
13003922119,13004386920
13005391289,13005681919
13005485301,13006073564
13007152091,13007495716
13007165878,13007634971
13008285189,13008596950
13010346626,13010786875
13010505548,13011482682
13011352670,13011443483
13013410613,13013693349
13013851822,13014359231
13014170158,13014528614
13014728783,13014994534
13016915376,13017119634
13017829174,13018079226
13018235936,13018676928
13018322706,13018449992
13018591252,13018918643
13020225739,13020548748
13021015469,13021562212
13022529578,13022972559
13022905991,13023155006
13023146529,13023441887
13023449559,13023837832
13024190482,13024530925
13024440352,13024897205
13025179950,13025586708
13025755894,13026184947
13028036162,13028534441
13028910344,13029027722
13028945389,13029404449
13029318675,13029534179
13029529988,13029648644
13029732554,13030075244
13030225190,13030446908
13032090112,13032818655
13032971434,13033385069
13033298493,13033755264
13033403024,13033823012
13033812846,13034013064
13035423346,13035671703
13036818095,13037069770
13037049926,13037317181
13037614592,13037656460
13040284537,13040466700
13040725980,13041047607
13041919924,13042338555
13044469807,13044856253
13044570538,13044799749
13045468188,13045710163
13046203778,13046620335
13047917877,13048039198
13048802057,13048834396
13049499811,13049810316
13050329769,13050510773
13050908033,13051374308
13052780588,13053189717
13053031299,13053438770
13053772646,13053855936
13055096129,13055488867
13056271258,13056783164
13056571499,13056738179
13057045035,13057204336
13059492615,13059684237
13060360972,13060836554
13061819422,13062065067
13063091658,13063152043
13063111955,13063292715
13063164053,13063546920
13064618552,13064937674
13064972613,13065064554
13065256062,13065618587
13066319668,13066365662
13071074720,13071133812
13071590520,13071637942
13071711835,13071803689
13071884091,13072458999
13075231650,13075257534
13075424657,13075637064
13077183006,13077273571
13077473120,13077885395
13077588924,13077880356
13078879034,13079144058
13079468855,13079632379
13079517097,13079991508
13079888332,13080463571
13080372071,13080686862
13081473351,13081540147
13081746008,13082028617
13081747883,13082006132
13082569800,13083094564
13083657962,13083846904
13084215754,13084279136
13084383160,13084837999
13085488597,13085926286
13086071485,13086113056
13087572342,13087848351
13087575352,13087617283
13088297290,13088659152
13089101270,13089379873
13089159817,13089395140
13089460855,13089707964
13091017577,13091441878
13093978660,13094459344
13094335290,13094924647
13095250349,13095650034
13097770010,13097927077
13098145603,13098656040
13098677917,13099175608
13099605124,13100131314
13100185806,13100626814
13100400159,13100556452
13100628833,13100945486
13100849761,13101215206
13101138829,13101241535
13101318356,13101730729
13101369998,13101531061
13101373868,13101911391
13101630817,13102212030
13106869902,13107121704
13107084204,13107400030
13107976179,13108251920
13108217535,13108752080
13111016746,13111055093
13111276005,13111720018
13111915396,13111978743
13112033013,13112389763
13113470689,13113738939
13114172165,13114380890
13114452816,13114718553
13116032025,13116578130
13116082331,13116529151
13116793861,13116935783
13118113928,13118624854
13119307522,13119544125
13120584932,13120913974
13120808084,13120851208
13121876570,13122644409
13122322268,13122397879
13122370539,13122600505
13122540974,13122703239
13123588592,13123703750
13123702848,13123764604
13124016413,13124403318
13125089593,13125634039
13125334604,13125567766
13125495726,13126084301
13128309769,13128601727
13128634420,13128963000
13131735796,13132186215
13132498649,13133050865
13132575105,13133015440
13133563387,13133950646
13134832352,13134898277
13134911587,13135051514
13135529456,13135894521
13135850702,13136298649
13137176377,13137428024
13137216640,13137301281
13137506682,13138033555
13137787266,13138776896
13138601118,13138726704
13138744863,13139046844
13141036003,13141640350
13141225175,13141401535
13141642411,13142039844
13141702550,13142223215
13142101969,13142586030
13143624571,13143701348
13145304921,13145426495
13145983761,13146090588
13146476751,13146802100
13146857218,13147192432
13146997491,13147308415
13147019487,13147181266
13147190731,13147325098
13147425675,13147751027
13147503942,13147882065
13147886425,13148221052
13148067052,13148272178
13148926976,13149110502
13151206318,13151698656
13151370342,13151792469
13152253591,13152589260
13152346165,13152913836
13153746582,13154111793
13154664287,13155002994
13154697316,13154771908
13155389013,13155722681
13155992802,13156169725
13157026930,13157263753
13159084334,13159125108
13159526773,13159573039
13160571966,13160747734
13160871719,13161016729
13163381840,13163565076
13166478752,13166775490
13167096314,13167439964
13169230481,13169315419
13170484446,13171006343
13170801642,13171208352
13171431975,13171780697
13174651611,13175104923
13174670903,13174873211
13175292971,13175624999
13176784365,13176989155
13177531807,13177761365
13179150030,13179602063
13182644548,13183277860
13183340485,13183656037
13185126528,13185382951
13185363142,13185694114
13188053989,13188529126
13188659090,13189172642
13189630184,13190149924
13190340404,13190936742
13190688517,13190966246
13191386238,13191627038
13192490183,13192638749
13193310152,13193555638
13195122838,13195494443
13195313466,13195454601
13196420506,13196918874
13196698430,13196808363
13198490266,13198890977
13198588600,13198620949
13200033403,13200373960
13200080230,13200193908
13201296944,13201751680
13201307015,13201673757
13201934851,13201991844
13202047645,13202517411
13202668881,13202983021
13203305190,13203508301
13203347961,13203784902
13204052983,13204207901
13204185919,13204730661
13207526400,13207844204
13209922991,13210408938
13209980443,13210500201
13211174701,13211637375
13211641968,13212107544
13213331877,13213479030
13214790145,13214954431
13216187614,13216276879
13216858436,13216949685
13217409553,13217708662
13217727648,13218088769
13218840268,13219238303
13219429662,13219861069
13219580426,13220032425
13220374193,13220955675
13220654877,13220724446
13220820376,13221152952
13221163530,13221595594
13223196800,13223681580
13223803449,13223875366
13230696360,13231119518
13232534984,13232618922
13232546407,13232930243
13234692538,13235090244
13234828209,13235288225
13237278012,13237457338
13237364386,13238020192
13237816822,13238199454
13238343318,13238696203
13239593301,13239830480
13239647491,13239923976
13239792301,13239869936
13239880736,13240376983
13241361389,13241804877
13241473437,13242097998
13241743006,13242163742
13241793725,13242129836
13242119862,13242747341
13242929596,13243242283
13243457889,13243747310
13243934862,13244349393
13244698005,13245078787
13245681668,13245735698
13247053464,13247150782
13247951990,13248474915
13250649959,13251002972
13252186161,13253034255
13252217817,13253098293
13252583303,13252621482
13255217188,13255641202
13255514583,13255652737
13255667699,13255800182
13256188258,13256289845
13256564020,13256608950
13257917676,13257958640
13257998062,13258347464
13258388549,13258738299
13258784210,13259183859
13258946031,13259035372
13259051038,13259497060
13261095863,13261660264
13265164396,13265613954
13265463203,13265670291
13265679950,13266161783
13266832690,13267071438
13267074098,13267185851
13267376643,13267714803
13267682488,13267961185
13267793060,13268102958
13267929713,13268306877
13269002578,13269944086
13273065417,13273588116
13274442876,13274770474
13276094856,13276411858
13277543922,13277998606
13278008018,13278104312
13278125198,13278851280
13278498897,13278558517
13278597470,13278915102
13278919545,13279490088
13279400397,13279474303
13279540268,13280205718
13279866859,13280177230
13280438340,13280710731
13282019665,13282302154
13282340895,13282372991
13282472687,13282981105
13284460920,13284634054
13284980877,13285024407
13285087718,13285406306
13287255693,13287435822
13287876527,13288254806
13289120506,13289333456
13293317876,13293843394
13293547062,13293598201
13295625648,13296084240
13299751887,13299889099
13299782267,13299845781
13300439207,13300977782
13300906086,13301039080
13300907745,13301064416
13300973942,13301460339
13301590727,13302052784
13304528327,13304951640
13306545121,13307020968
13306906648,13307370371
13307471460,13307663175
13307591201,13307605292
13308588686,13308719410
13310178148,13310354933
13311776411,13311953396
13312517891,13312813043
13312877724,13312931201
13314639217,13314994779
13314649546,13315160695
13315254056,13315503419
13315435392,13315891247
13316646212,13317147345
13317096000,13317137553
13317348737,13317866155
13318664905,13318983238
13320509754,13320528598
13322269363,13322839763
13322310991,13322656874
13323213934,13323727554
13324809987,13325092867
13325157923,13325329595
13325785412,13326256749
13326879996,13327436983
13327283087,13327608554
13327443744,13327527745
13329775081,13330377330
13330438891,13330759189
13331089670,13331238614
13331192778,13331257843
13332270058,13332639145
13332888552,13333260948
13333314650,13333729586
13333413118,13333558436
13335007737,13335431291
13337056031,13337376783
13337446591,13337735755
13337540772,13337885347
13338090886,13338196452
13339909873,13340271726
13339930717,13340024113
13340035564,13340462356
13340485514,13341066531
13340636031,13341031224
13340649263,13341200222
13341056922,13341195583
13341068326,13341463882
13343145224,13343538911
13345593331,13346360615
13346564947,13346841969
13347303945,13347695973
13348075049,13348495614
13351526195,13351562821
13352902150,13353049059
13354767432,13355123060
13354838676,13355306321
13355385231,13355783564
13355689842,13356335173
13356121002,13356375853
13357059500,13357643284
13357245581,13357359655
13358722059,13359194407
13358780276,13358896482
13359217979,13359634105
13360725563,13360974382
13361927806,13362233071
13362064369,13362470245
13362300561,13362557069
13362614884,13362881648
13363058831,13363457446
13363938095,13364240872
13364131709,13364705673
13364576362,13364875500
13365559129,13366054652
13367193506,13367370896
13367323674,13367685417
13368182968,13368399614
13368253842,13368695373
13371922739,13372292422
13372301605,13372732538
13372751183,13372829753
13372817897,13373234473
13373187143,13373919640
13373871474,13374269472
13374706017,13375360456
13376692201,13376794668
13379728143,13379882003
13380098469,13380467328
13381647418,13381755424
13381994992,13382318166
13382298118,13382534645
13382845245,13383082885
13384616569,13384869108
13385188864,13385720642
13387074949,13387467319
13387863601,13387896045
13388022222,13388394635
13388128586,13388271614
13389804259,13389943709
13389972747,13390138027
13390170893,13390301655
13390689751,13391033061
13390998259,13391163968
13391113218,13391642729
13391636727,13391979835
13391758305,13392281482
13391988840,13392330621
13393516508,13394062639
13393858949,13394203900
13393974146,13394370186
13395258380,13395504099
13395514345,13395569466
13395572076,13395671030
13396414837,13396672052
13397583982,13397797373
13397601136,13398128068
13399220472,13399719151
13400184325,13400677227
13401093568,13401286897
13401858843,13401950310
13403972146,13404840860
13404574949,13404867082
13405531157,13406475202
13405920498,13406457249
13407050785,13407354377
13407453001,13407744587
13407509900,13407768935
13408521951,13408617508
13415211839,13415765148
13415568089,13415780589
13416598407,13416977836
13418015255,13418493036
13418208749,13418709263
13420278319,13420475340
13421578324,13422119514
13421964657,13422285245
13422441090,13423108227
13422912494,13422952675
13422960398,13423382015
13424438308,13424659933
13424585999,13424698596
13425254713,13426049178
13425988832,13426218404
13427381783,13427707666
13427614014,13428161164
13428054921,13428512913
13429627640,13430093685
13430100462,13430470883
13431277728,13431380754
13432756729,13433270523
13433027611,13433336993
13435781300,13436199412
13436204226,13436282712
13436796554,13436952271
13437203346,13437799526
13437673459,13437932786
13437676141,13438196138
13437944649,13438508848
13438417270,13438679915
13439172360,13439613205
13441773726,13442042266
13442449936,13442798778
13446582456,13447151836
13447351157,13447784567
13447554904,13448172502
13448162546,13448424791
13448706405,13449092642
13448774942,13448937070
13448928278,13449294885
13449397073,13449521857
13449541411,13450028903
13451616532,13452014653
13452657779,13452960623
13452711990,13452929375
13453733346,13453784883
13453789070,13454369061
13455933443,13456211489
13456465310,13456799758
13457611247,13457936424
13460706277,13460976980
13461063430,13461093514
13462074576,13462446345
13462448248,13462613971
13462650977,13463049288
13463322523,13463480719
13463971606,13464032239
13465451061,13465916672
13466100115,13466447040
13466321550,13466419415
13468964284,13469487094
13470791880,13471251950
13472181526,13472702255
13474386761,13474696392
13474701501,13475049812
13474710875,13475010507
13474918890,13475113286
13475267034,13475702743
13476639534,13476875438
13476951344,13477009252
13477411687,13477546126
13478087762,13478625415
13478408245,13479054333
13478736830,13480554430
13478818297,13479090466
13479058564,13479287476
13481681755,13481761194
13482169091,13482415057
13482221056,13482485477
13482296386,13482342399
13483478882,13483857986
13483690339,13483936728
13484292183,13484525142
13484754295,13485074836
13487560828,13487855434
13487787504,13488209385
13489420868,13489802426
13490233981,13490731676
13490286300,13490592146
13491247819,13491695703
13491361598,13492190402
13491541985,13492151972
13493681108,13494246741
13493879564,13494098289
13494751776,13494813469
13495500181,13496075456
13497003065,13497403647
13497896612,13498042475
13499638733,13499691966
13500557692,13500819194
13501435250,13501567240
13501843325,13502447520
13502937079,13503093332
13507257858,13507273754
13509126691,13509283687
13509195706,13509253116
13509634932,13510081192
13510190716,13510234091
13510509742,13510895583
13511535888,13512109862
13511960727,13512346931
13512020723,13512377947
13514038462,13514411816
13514460895,13515041815
13515038016,13515336993
13516517212,13516925174
13519024233,13519127518
13519118185,13519304345
13519305789,13519661428
13522396056,13522592969
13522451944,13522661203
13522790355,13523277816
13523287846,13523592490
13524304308,13524579496
13524345320,13524699994
13525939828,13526118538
13526198211,13526347023
13527077927,13527131006
13527612586,13527962729
13528483386,13528707243
13528938299,13529198479
13530152709,13530523321
13531301561,13531675017
13531313915,13531493570
13532391540,13532945281
13532421603,13532839852
13532647135,13533261315
13532947432,13533150308
13533464536,13533753111
13533510558,13533596394
13533772212,13533903915
13533795962,13534077291
13536426158,13536569916
13538657760,13539209257
13538816942,13539218735
13539351294,13539931649
13539707438,13540131198
13540798845,13541165115
13540914453,13540997970
13541589826,13541839703
13542259223,13542276861
13542372402,13542676046
13542422478,13543104788
13542645702,13542928774
13543032563,13543458160
13543363110,13543474195
13546935076,13547176895
13547079044,13547560402
13548921966,13549044735
13549238959,13549722883
13550699419,13551132192
13551183776,13551531921
13552129611,13552504036
13552210092,13552776980
13553310326,13553754513
13553819981,13554087819
13554380856,13554701090
13554724508,13555266122
13555616595,13555987203
13556718275,13556868986
13556954343,13557418580
13558122768,13558651518
13558535861,13558713834
13559143970,13559276459
13559282588,13559301205
13559352993,13559640076
13563307984,13563876294
13564770451,13564897226
13565125193,13565374264
13566120901,13566636108
13566228054,13566637073
13567634127,13567929226
13568636575,13568777117
13569516009,13569883817
13570063005,13570292316
13572112995,13572690366
13572362882,13572829216
13573173505,13573337502
13573197591,13573639460
13574725091,13575077367
13576355417,13576699026
13577207476,13577292375
13577668467,13577833140
13578832601,13579277011
13579895591,13579992267
13580435584,13580909623
13581013949,13581177117
13581195273,13581675155
13581730779,13581879873
13582028941,13582762945
13583281410,13583457327
13586199834,13586593193
13587301741,13587502275
13587424194,13587943541
13589067388,13589157492
13589405942,13589903601
13590108978,13590877558
13591077797,13591256417
13591314875,13591651617
13593652830,13594135108
13595988274,13596365862
13597930877,13598338381
13598729574,13598897745
13600153055,13600679961
13600190428,13600679438
13601111641,13601434778
13601931893,13602058846
13605019337,13605337510
13606179384,13606420084
13607539148,13607975712
13607985563,13608339642
13608611537,13609113508
13608737914,13609120704
13609053439,13609368684
13609371456,13609628534
13609548088,13609957257
13609675155,13610339051
13610570198,13610757666
13611054798,13611266062
13614379850,13614764572
13615075996,13615263205
13615291190,13615329298
13617839290,13618297098
13619390698,13619732732
13619835042,13619997760
13620016314,13620261772
13621620497,13621877586
13623523344,13623590229
13623718659,13623949337
13623808926,13624319491
13623934421,13624085302
13625189099,13625458912
13629127999,13629530114
13629256808,13629581281
13630917705,13630973049
13630984015,13631285243
13631116506,13631182625
13632055717,13632426151
13632474360,13632655567
13633325636,13633579051
13634808682,13635232278
13637295971,13637491588
13638377658,13638567770
13639279736,13639500112
13639793344,13639858323
13641690297,13641828753
13642290386,13643090881
13643263115,13643896967
13643284402,13644013621
13644772095,13644832651
13645403451,13645988583
13647638063,13647961504
13649153592,13649379262
13650868659,13651049815
13653589352,13654064504
13655409335,13656005764
13656362562,13656621498
13656548405,13657001010
13659117607,13659715166
13659717064,13659845499
13662933202,13663066385
13663141662,13663576174
13663926682,13664015755
13664014999,13664351892
13664497553,13665139890
13664919261,13665319464
13665787065,13666354978
13666881288,13667276995
13666882685,13667283749
13667421487,13668111733
13670590353,13670838091
13673237540,13673434305
13675229449,13675464736
13675557798,13675881061
13676486675,13676724602
13677159810,13677394029
13677221970,13677616839
13678245356,13678420849
13679214130,13679879474
13679437256,13679947525
13681825603,13681874042
13683374347,13683428009
13683705657,13684145736
13684008196,13684384903
13685101236,13685588998
13685169361,13685189907
13685471124,13685799741
13686278096,13686637481
13686902347,13687235781
13687237902,13687372089
13687303861,13687325772
13687343553,13687701072
13688411693,13688941211
13689150252,13689535994
13690394777,13690835639
13692631578,13692828055
13697562121,13697831317
13697773734,13697958681
13699713361,13699892447
13703940365,13704442313
13704339406,13704565886
13705356541,13705628538
13705638817,13705684760
13705739925,13705995788
13706649186,13706918112
13707726329,13707939504
13708347783,13708856088
13708946469,13709023362
13709012253,13709658070
13712750484,13713214514
13713446495,13713853034
13714066372,13714085489
13714902057,13715179925
13715594198,13716104660
13717180638,13717662900
13717765611,13718359977
13717883150,13718047778
13717955329,13718520047
13719998984,13720204303
13720525492,13720749496
13722059845,13723084797
13723943460,13724177497
13724183405,13724586529
13725009615,13725555574
13725537223,13725707600
13727858304,13728417735
13728500438,13728650990
13729679267,13730248509
13730548629,13730701426
13730596022,13731038671
13731821626,13732073411
13732131077,13732167632
13732659788,13732703918
13733317974,13733734226
13734605417,13734921240
13735097794,13735268098
13735186844,13735378942
13739369869,13739974796
13740152883,13740677389
13740540813,13740656249
13740683857,13741159542
13742184750,13742381385
13742386415,13742759444
13742971984,13743626853
13743896922,13744276225
13744824871,13745112056
13746489043,13746922182
13746620825,13747117344
13746799092,13746847924
13746952205,13747373846
13748961977,13749217552
13749942512,13750408239
13752749426,13753216804
13753450121,13753705581
13754225887,13754648041
13754581492,13755044946
13755139949,13755375113
13756007489,13756251493
13756010258,13756162905
13756095371,13756564624
13756099258,13756203129
13756754793,13757481035
13757418368,13757811517
13757586727,13758141305
13758251615,13758498927
13758344177,13758823983
13759512926,13759550206
13759563986,13760027940
13760006201,13760031430
13760947154,13761347125
13761496520,13761836922
13762798617,13763106956
13764724213,13764919412
13765644132,13766187995
13766357533,13766839609
13766416784,13766482254
13767843056,13768423971
13768371839,13768570269
13769141145,13769367852
13771526138,13771799255
13771920839,13772143722
13772193232,13772360913
13772576668,13772915563
13773041594,13773107040
13773063003,13773360569
13774517611,13774729913
13774668685,13775054382
13775173923,13775487229
13775282595,13775676831
13775522999,13776065862
13776359106,13776737913
13777128410,13777270324
13779285946,13779483026
13780674715,13780716159
13781136976,13781331968
13781374245,13782045206
13781582121,13781797252
13781827028,13782386649
13782055355,13782454124
13783816837,13783833482
13784208678,13784244161
13784480776,13784729619
13784482441,13784587605
13785756349,13786242325
13786849571,13787112297
13787114436,13787548905
13788652763,13789085368
13789214479,13789532303
13791845379,13792161178
13792407055,13792597617
13793595189,13793854055
13794383500,13794763936
13794589873,13794649643
13794849146,13794975820
13796952950,13797380060
13797520072,13798035049
13798908146,13799072673
13800863572,13801245682
13803787274,13803883631
13804035207,13804557949
13805641364,13805975490
13806038159,13806236385
13807172751,13807633369
13807648682,13807851267
13810554161,13810650963
13811393866,13811879550
13814062722,13814210364
13815640843,13815698126
13815727091,13815889720
13816990623,13817203817
13818125733,13818546399
13818560771,13819003059
13818932963,13819063858
13819273674,13819576733
13819519074,13819881553
13820738725,13821092039
13824108790,13824475149
13824189256,13824634196
13825254203,13825832710
13825839090,13826416099
13830810176,13831192596
13832287370,13832727286
13832503392,13832973470
13833069871,13833416506
13833515042,13834110166
13834051216,13834265051
13837386227,13837921589
13839057454,13839093467
13839350816,13839493847
13840291534,13840560663
13841004837,13841335795
13841100830,13841430376
13842050602,13842643220
13842657242,13843090984
13842884782,13843364531
13843195678,13843496326
13843952832,13844219678
13844361013,13844750648
13846560594,13846977547
13847143999,13847577697
13847871562,13848469229
13849376487,13849498599
13850652825,13850881423
13852368057,13856025340
13855934676,13856416774
13856137683,13856951379
13858985937,13859114996
13859098718,13859448173
13859383299,13859557854
13860174937,13860276995
13860694516,13860868461
13860848914,13861198968
13861105595,13861285809
13861289778,13861541638
13861364361,13861769459
13861687300,13861790667
13861820399,13862286633
13862068823,13862662233
13863005318,13863366515
13863576493,13863931114
13863605175,13863738712
13864361683,13864998290
13866475914,13866691127
13866623415,13867223098
13868634042,13869388320
13869305913,13869473734
13871915310,13872348995
13873693062,13874250280
13875301812,13875641939
13875747594,13875818824
13875850581,13876335927
13876656489,13876930152
13876876445,13877281970
13877491883,13877853581
13878233481,13878438314
13880701703,13880974872
13881442568,13881790971
13881442880,13881624681
13881625091,13882135492
13882201228,13882491801
13883572120,13883819345
13884096302,13884369767
13884305735,13884744949
13884902395,13885557022
13886364951,13886836928
13887074558,13887502605
13887179844,13887379500
13887693713,13888164218
13888825850,13889364595
13890547685,13890834181
13891286738,13891375582
13892169343,13892643862
13892204231,13892502817
13892539128,13893079585
13893361084,13893678969
13893586179,13894121962
13893934343,13894015347
13894108636,13894613979
13894523345,13894722222
13894594168,13895049747
13895777348,13896551020
13897120872,13897310858
13897479655,13897741277
13898268593,13898440696
13899709412,13899846597
13900438455,13900620331
13900895010,13901520413
13901022638,13901556959
13901630879,13902180937
13901858102,13901942951
13902788925,13903101185
13904759460,13905610126
13906395545,13906745029
13906508578,13907083852
13907990608,13908147563
13908051845,13908163469
13910472062,13910620361
13911130452,13911638577
13911420273,13911813427
13912677805,13913140858
13912917587,13913131069
13913189116,13913585864
13913894681,13914245882
13914046896,13914119072
13915173827,13915338242
13915277138,13915728902
13916018976,13916177591
13918549270,13919112897
13919248513,13919744405
13920472263,13920638972
13920484272,13920820418
13920636110,13920801281
13921453867,13922287733
13921992174,13922268200
13922458243,13922791181
13923495642,13923590959
13924004572,13924401253
13924914936,13925008121
13925518751,13925628205
13927632764,13927944683
13927949520,13928117945
13928150197,13928493762
13928649821,13929251554
13930599028,13931343872
13931226909,13931553736
13932533609,13933082136
13932700884,13932890968
13933575539,13933957364
13934733829,13934985917
13935107024,13935258055
13935794440,13936034773
13937681683,13937734969
13938076158,13938528965
13938269304,13938506464
13939368040,13939857391
13939615512,13939730047
13940297801,13940374866
13940941191,13941359334
13942034628,13942413855
13942625805,13942868103
13942792976,13943185870
13944116875,13944478903
13946762847,13947035051
13947008637,13947425473
13947331613,13947364299
13948405779,13948860665
13948547006,13948586778
13948666945,13948745571
13948862145,13949110634
13949067148,13949188122
13949669487,13950246992
13949941161,13950077918
13950797958,13951165183
13951476923,13951996545
13951488445,13952042168
13955246001,13955691649
13955698102,13956283531
13956220025,13956657402
13956383632,13956698290
13957270564,13957305893
13957711966,13958043898
13959348378,13959848127
13960041944,13960212037
13960124644,13960691287
13961122948,13961474941
13962067219,13962472780
13962304907,13962373997
13963033003,13963193137
13964297643,13964324550
13964345991,13964486971
13964707780,13964977442
13964915837,13965189995
13965211760,13965271449
13966772701,13967263454
13966878662,13967389107
13967629353,13968103377
13967686472,13967833667
13968254489,13968275420
13968652404,13968740408
13968756022,13968963486
13974666158,13975330780
13975076181,13975142280
13975533613,13975861914
13978224081,13979020440
13979272768,13979805840
13979322130,13979444644
13980483645,13981005486
13983346431,13983599988
13984076525,13984389087
13985269181,13985353957
13985308125,13985520507
13986611557,13986783344
13987285372,13987789544
13987773449,13988363343
13988335295,13988656309
13989606540,13989788955
13989794402,13990242584
13990681542,13991128797
13991615571,13991852221
13992195392,13992733945
13992839236,13993280614
13993276946,13993558420
13993393889,13993612902
13993435701,13993826745
13993793846,13994030459
13994371648,13994772630
13995380834,13995475688
13995508893,13995942788
13996603316,13997071172
13997843526,13997989812
13998060717,13998476778
13999139870,13999507337
13999555366,14000073149
14000090055,14000311933
14000808192,14001287049
14001799463,14002267314
14003564845,14003893153
14005261061,14005704898
14006546108,14006893705
14006750175,14006880611
14006990155,14007309999
14007361191,14007393899
14008367628,14008549174
14009241715,14009430276
14009595459,14009938872
14009780341,14010166823
14010867956,14010992338
14011461208,14011784981
14013141943,14013273921
14015842366,14016342584
14016380378,14016856789
14017826555,14018022505
14018255365,14018448752
14018337191,14018670329
14019863268,14020196503
14021544727,14022349014
14023606304,14023747059
14023810929,14024238550
14023911179,14024179910
14025318105,14025772328
14025776103,14025849892
14027674474,14028076441
14028153978,14028602112
14028258016,14028627762
14031106525,14031489231
14031171609,14031392059
14031564350,14031799921
14031814281,14032255791
14032657390,14032753440
14033293941,14033467435
14033795174,14033904786
14034089255,14034153243
14034732483,14034754871
14035450782,14035853704
14035864639,14035991940
14035943544,14036195186
14036398350,14036441051
14036985168,14037186588
14038888336,14039396335
14040032174,14040209935
14040194135,14040590985
14041571091,14041824407
14044257618,14044316623
14045055792,14045493974
14046977686,14047149620
14047060691,14047293049
14049439616,14049893630
14049982331,14050196013
14050292113,14050789074
14050439384,14050809896
14051661369,14052105163
14052302613,14052443186
14056589970,14056765115
14057694750,14058165786
14057796394,14057987292
14057924307,14057965697
14058166621,14058382644
14058711746,14059060371
14059329533,14059720856
14059590534,14059636596
14060998046,14061568677
14061592728,14062173018
14061631832,14062045911
14062657417,14062742079
14063129994,14063634333
14066117624,14066662713
14069425093,14069624868
14072027741,14072178851
14072030875,14072281127
14072168505,14072378791
14072842027,14073129949
14073382705,14073827496
14073532221,14073588830
14074025480,14074560443
14075973159,14076364054
14076364823,14076789400
14077930244,14078288440
14080344260,14080388834
14080555606,14080710219
14081114219,14081207159
14081232740,14081547238
14082417163,14082541259
14084101126,14084258334
14084109046,14084167438
14084406605,14084669672
14084546522,14084895755
14085130950,14085164743
14086292089,14086702900
14087308958,14087628302
14088613385,14089380707
14088973261,14089484304
14089556582,14089856486
14089725875,14089949225
14089855079,14090265220
14091004144,14091176158
14092403182,14092504952
14093152010,14093570066
14093206869,14093514789
14093810247,14094193061
14094392409,14094718155
14094533569,14094927695
14095055771,14095590620
14096186047,14096615719
14096654205,14097185397
14097004529,14097535905
14097042448,14097496709
14097517554,14097758843
14097966186,14098527216
14098273151,14098488265
14098418538,14098814229
14098517524,14098660646
14101366747,14101893538
14101840786,14101867876
14102164974,14102683382
14103145179,14103751553
14105618903,14106076599
14105671114,14106089636
14106598577,14106782615
14106737637,14107367900
14106871476,14107383101
14107366199,14107500922
14108917767,14109017903
14109309456,14109785972
14109639784,14110138317
14110494321,14110735588
14111445261,14111541400
14111768267,14112069474
14113494112,14113665360
14113539814,14113865129
14114839574,14115382623
14117022584,14117502300
14117947836,14118367732
14118385289,14118941899
14118758070,14119265045
14120148178,14120306812
14120299597,14120465096
14121647083,14122421337
14121821004,14122554388
14122450430,14122671435
14123210471,14123409494
14123433695,14123597547
14126988271,14127381669
14130060552,14130539558
14130692962,14130725499
14131335293,14131791025
14131566156,14131743295
14132323482,14132350463
14132686312,14132777922
14138822634,14139659098
14139436248,14139915606
14140366223,14140965604
14141158631,14141336028
14141466415,14141620658
14142159308,14142697931
14144903161,14145156928
14145446279,14145738818
14146102645,14146619993
14146187782,14146412818
14147617540,14147896369
14149040477,14149201544
14150065441,14150399572
14150676840,14150799758
14150801265,14151560551
14151559725,14151829019
14152438520,14152594774
14153385639,14153679726
14153510927,14153723946
14154237287,14154559930
14154257243,14154704663
14154493940,14154541338
14155121513,14155499568
14157493100,14157772272
14158409253,14159024624
14158887444,14159067964
14159162266,14159604344
14159621511,14160063648
14161071913,14161228276
14161453000,14161578415
14161479874,14161709846
14161647414,14161948610
14162390696,14162512053
14165011928,14165239956
14165176848,14165673549
14167698425,14168006660
14170887181,14171406558
14170893326,14171246613
14171182521,14171379619
14171414778,14171478434
14171428389,14171670312
14172088029,14172365104
14172129482,14172696631
14173183844,14173440117
14174308234,14174888071
14174679297,14175053504
14175092253,14175312917
14175298323,14175674453
14175374955,14175756942
14176512770,14176692818
14177095259,14177468394
14177945829,14178149978
14179364550,14179793846
14180560566,14181116599
14180652179,14181047278
14182226037,14182356502
14184384434,14184493016
14184839380,14184889412
14185331514,14185729234
14185578618,14185802954
14186665121,14187155776
14187554867,14187656603
14188027205,14188491563
14188513706,14188999486
14190213669,14190767667
14192312643,14192734322
14193396912,14193491062
14193915324,14194317685
14194653509,14195048432
14196204372,14196365220
14196383477,14196948859
14198710448,14198849261
14199356812,14199728882
14199789542,14199917934
14201180703,14201825870
14202366772,14202887466
14204281952,14204675952
14204889457,14204999837
14205001773,14205189738
14207631096,14207737632
14207893016,14208350018
14208731688,14208864682
14211253946,14211399713
14213130546,14213461353
14214062523,14214127705
14215473190,14215679517
14215557637,14215693753
14216259591,14216381303
14216677054,14217005950
14218243482,14218580979
14218451085,14218806243
14218908146,14219372230
14221422264,14221715499
14222002614,14222217319
14222247931,14222537474
14222280953,14222695427
14222850946,14223265317
14222877191,14223056620
14223455733,14223680461
14224319230,14224661884
14224573106,14224904920
14224930395,14225019749
14225054270,14225184326
14225094633,14225132902
14225121671,14225412021
14225942999,14226211593
14226517863,14226681145
14226823936,14227207925
14228804727,14229022895
14228871405,14229353272
14230325099,14230569705
14230553115,14230955802
14231475393,14231861183
14231501276,14231897410
14231877065,14232396043
14232410732,14233009269
14233136008,14233236999
14233167402,14233543115
14233278397,14233823514
14233739553,14234123100
14236305846,14236856695
14237225405,14237688618
14238321525,14238689510
14238647483,14239036969
14239107948,14239653425
14240292133,14240859240
14241581936,14241770045
14242195181,14242494545
14243155959,14247439387
14247163493,14247795893
14247352307,14247397306
14247381735,14247640325
14248061407,14248590353
14248099799,14248465965
14250674710,14251064716
14251376292,14251703540
14251573997,14251991465
14252640567,14253240190
14253160604,14253752617
14255758614,14256018013
14256034884,14256376517
14256050233,14256463765
14257819810,14258105793
14258632487,14258793628
14260166769,14260568070
14260879736,14261157954
14261204419,14261639038
14261644271,14261670059
14261672359,14262060066
14261801202,14262278704
14263374462,14263572317
14267381771,14267512867
14268589664,14269149348
14270059633,14270478905
14271009809,14271075973
14272740835,14273244587
14272909109,14273398712
14273343538,14273544728
14273470408,14273724798
14274584308,14274855189
14275116706,14275218095
14276172465,14276667851
14277844046,14278514034
14277980926,14278130722
14279877744,14280027641
14281028459,14281560444
14282920100,14283436634
14286372116,14286966197
14288071993,14288345817
14290937177,14291046904
14291019845,14291376702
14292416732,14292588559
14292600755,14292627326
14292841629,14292921862
14293410001,14293668453
14295542092,14295899127
14295707976,14296051601
14297195826,14297453999
14297458769,14297668105
14297725072,14297912310
14301385672,14301579828
14301419612,14301929650
14302483753,14302983387
14302880847,14303695601
14303583579,14303943240
14304006510,14304063335
14304428245,14304597548
14304726991,14304909979
14305637478,14306338021
14308451050,14308801179
14309042670,14309142869
14309539714,14309683771
14309691342,14310030651
14310376038,14310407946
14310397212,14310611471
14310578382,14310699738
14314412590,14314898092
14314905681,14315217210
14315091530,14315374184
14315672641,14316038286
14315697856,14315813540
14317599634,14317771388
14317767372,14318067438
14318584924,14318836091
14321979832,14322220869
14323104564,14323278774
14323671097,14324126811
14323899956,14324351649
14325608889,14325662446
14326962804,14327050963
14329748602,14330407430
14329850434,14330206939
14329930012,14330184526
14331659190,14332132024
14332583246,14333047763
14335325109,14335489733
14336301377,14336340308
14336540185,14336976085
14337212407,14337727106
14339043867,14339297534
14339322529,14339806844
14339479479,14339723205
14340362647,14340743835
14340757114,14341133225
14342187314,14342619179
14342398717,14342550923
14342972692,14343192710
14344213901,14344704833
14344651493,14344974724
14344711798,14345100533
14345598783,14345705546
14347314275,14347773088
14347369086,14347951961
14349443347,14349661385
14349822990,14350181778
14350617046,14350994261
14351099879,14351539898
14352183243,14352790459
14353620738,14354025888
14354395537,14354685333
14354644580,14354801077
14355400323,14355930961
14358131730,14358408119
14358137512,14358504533
14358273845,14358624043
14359566311,14360253084
14360616834,14361011714
14360929402,14361048996
14363055093,14363670297
14363194730,14363498949
14363418228,14363847193
14364321248,14364337242
14367676469,14368137153
14368129052,14368390068
14374493020,14374557013
14377041668,14377485819
14380669880,14381270562
14381344334,14381506343
14383692375,14383798322
14384928991,14385406752
14386790961,14387203049
14387736128,14388019628
14389372047,14389769809
14390035931,14390508727
14390872453,14391435509
14391073527,14391594975
14393845065,14394263956
14393894135,14394455364
14394610951,14394947316
14394861934,14395191196
14395756311,14395955871
14396406578,14396837047
14397870151,14398259281
14398382650,14398956759
14399714027,14399982186
14399897760,14400485976
14400074515,14400676579
14400245092,14400684924
14400449352,14400923542
14400698375,14401095990
14400897412,14401409860
14401614103,14401977218
14402239123,14402765061
14402436377,14402817465
14403415804,14403679487
14403582219,14404074498
14403584827,14403909331
14405089565,14405565565
14407048081,14407199521
14407902727,14408292849
14408097389,14408478529
14408390549,14408674804
14408538180,14408670094
14409706344,14409856680
14410394372,14410578429
14413407086,14413580669
14413923951,14414099888
14414380988,14414461818
14415253452,14415700270
14415499694,14415983273
14416023753,14416500860
14418874090,14419358785
14421370864,14421394494
14421700764,14422094432
14424545424,14424647044
14425445172,14425556617
14425660590,14426172325
14426413533,14426868821
14427092019,14427441514
14427407321,14427571083
14428506223,14429016756
14430194595,14430897345
14433920041,14434136516
14433939985,14434285283
14434436993,14434502733
14434654664,14435136434
14437780396,14438289812
14438420663,14438598594
14438532463,14439071210
14439608774,14440115339
14440114115,14440624622
14440539549,14441010085
14440644846,14441153060
14441022627,14441665919
14442735193,14443107564
14444400326,14444725029
14446266803,14446936486
14447525252,14447998450
14447722205,14447755439
14447815266,14448027344
14447849118,14448328754
14450560251,14450907887
14450748108,14451089025
14452097183,14452188599
14452208253,14452723986
14452734805,14453273171
14453830851,14454048805
14455002321,14455235604
14455118274,14455620201
14455393664,14455871620
14455708411,14456173365
14455732979,14456225134
14456639288,14457003149
14457636998,14458082325
14458550317,14458816780
14462171058,14462349677
14462197001,14462462428
14462833667,14462933597
14463819491,14464291009
14464288975,14464788721
14464744389,14465287185
14466560765,14466688798
14466861971,14467118392
14467938733,14468406770
14468765422,14469112999
14468786617,14469019372
14469142455,14469209613
14470265519,14470354954
14474144598,14474670490
14474520417,14474583196
14474584399,14474797387
14474771932,14475349222
14475222103,14475713889
14475355549,14475396135
14476474313,14476545759
14478167296,14478698080
14479338865,14479455144
14480389885,14480569492
14482065066,14482190440
14482213916,14482483138
14484571482,14485383328
14484941216,14485521552
14486034559,14486288169
14489009130,14489125783
14489280603,14489654769
14489292337,14489459182
14489803542,14490136077
14490631015,14490756887
14494679739,14495084631
14495198996,14499547959
14500376531,14500809209
14500732562,14501305290
14500822184,14501130639
14501754822,14502128436
14503130760,14503421343
14503637205,14504205294
14503940801,14504010788
14504333710,14504610013
14505404362,14505647271
14505765342,14506350053
14507078093,14507500061
14507803794,14508229141
14509087778,14509539512
14511203734,14511586469
14511664901,14511896525
14511695083,14512096327
14512788438,14512861375
14513474069,14513780105
14513893471,14514314338
14514445172,14514778158
14516189278,14516495096
14518210252,14518246209
14519279965,14519619463
14519322556,14519715256
14519972533,14520535022
14520571678,14520690607
14520656404,14520793554
14520899027,14521307280
14521415748,14521858179
14523556562,14523701934
14524843432,14524979674
14525120774,14525512228
14528216461,14528441369
14528901814,14529345336
14530716966,14531169085
14531574556,14531666930
14531901902,14532052025
14532033225,14532113624
14532674077,14533051256
14533166180,14534048072
14533187206,14533962089
14533528920,14533956058
14536010970,14536387638
14536032688,14536255405
14537843264,14538122804
14538343679,14538764048
14539262310,14539620958
14539765119,14540125178
14541290437,14541728566
14541444167,14541827807
14541980877,14542149184
14542051775,14542655878
14542593720,14542938688
14543712477,14543822055
14545331928,14545975851
14545998189,14546153059
14546861252,14547473503
14547156236,14547705917
14547438597,14547887123
14547527356,14547695422
14549556800,14549666282
14549706589,14549912573
14550927201,14551260599
14554722753,14555283865
14555645804,14555964555
14555783483,14555896138
14556360621,14556836951
14556504379,14556684632
14557086424,14557290326
14559231902,14559657513
14560047290,14560231114
14560613995,14560865804
14561957087,14562239803
14563693321,14564000900
14564557676,14565266995
14566022644,14566288148
14566963776,14567222086
14569697581,14570230683
14569980838,14570418648
14570432723,14570638785
14571131981,14571402262
14571349036,14571873848
14572008257,14572450060
14572631180,14572987921
14574094360,14574203114
14574721530,14574964381
14574849370,14575131553
14575676713,14576261803
14575842486,14576113848
14575916634,14576516411
14576153886,14576454029
14577108419,14577157866
14579428831,14579766439
14579932036,14580483982
14580004809,14580156070
14580255222,14580375159
14581173273,14581502920
14581541941,14582125997
14581636710,14581723361
14582635738,14583033598
14583333940,14583827800
14584352432,14584590202
14584945664,14585239011
14584973556,14585446052
14586188009,14586350382
14587863907,14588390018
14589640324,14589837661
14590295499,14590849212
14590390637,14590508202
14591298726,14591673596
14591343027,14591922781
14591787781,14591902442
14592054498,14592067774
14592328842,14592761570
14592677138,14593256326
14594264431,14594444603
14594387716,14594776904
14596019429,14596172023
14596092208,14596348444
14596378481,14596577529
14596804570,14596937034
14597884643,14598421509
14598234981,14598510964
14598556927,14599069949
14598623638,14599121745
14600755667,14601239496
14601354318,14601890613
14604021639,14604142939
14607013737,14607136725
14608716826,14609053457
14609011561,14609570052
14609604735,14609928735
14609825515,14610464142
14610710539,14610799366
14611517446,14611679796
14612248540,14612598047
14614295807,14614876923
14615910543,14616256560
14616015162,14616160985
14617582486,14617860634
14618796550,14618858632
14620676257,14620768808
14620843050,14620989126
14621939627,14622588188
14624310268,14624753279
14624327707,14624888196
14628289112,14628764833
14628770830,14629171989
14629151241,14629224253
14629778902,14629919424
14629830524,14630122707
14629918760,14630044241
14630303094,14630436174
14631174363,14631235134
14631282302,14632069286
14631444778,14631928004
14632823826,14632909626
14633661083,14633816307
14634998314,14635520160
14635752984,14636388866
14635984531,14636502329
14637638237,14637988914
14638602150,14638942400
14640653422,14640834440
14642306341,14642395087
14642671394,14642917427
14643050339,14643228140
14648827305,14649114776
14649056612,14649526150
14649573467,14650194838
14651065445,14651458876
14651190491,14651551388
14651498346,14651906299
14652048969,14652357185
14653070135,14653380649
14653722935,14654183190
14655158877,14655489421
14655747006,14655872225
14657766840,14658304639
14657926739,14658143061
14659360224,14659600615
14660419314,14660640624
14660534823,14660772375
14660569891,14660956271
14662974390,14663584969
14663542675,14664089148
14665070058,14665536901
14665376301,14665537877
14665452388,14665872483
14665550174,14665850416
14666092272,14666223376
14668859709,14669183907
14669337122,14669713917
14671124984,14671361797
14671244666,14671473889
14671364484,14671775890
14673065562,14673147793
14673161040,14674065001
14673183837,14673870699
14674539456,14674778914
14674938030,14675145266
14675180242,14675473386
14676006282,14676557124
14677934025,14677998810
14679762875,14680272539
14680071780,14680244415
14682481701,14683222152
14685038575,14685467761
14685991193,14686211675
14688201263,14688616890
14692393652,14693179171
14693064077,14693354197
14695236458,14695731274
14695869180,14696356190
14697116638,14697187646
14699440011,14699871485
14699945024,14700339781
14700385826,14700747087
14701939078,14702215782
14702670258,14703488308
14703462521,14703980800
14707146233,14707597201
14708790880,14709488719
14708954960,14709497552
14710602043,14711029995
14712818509,14713510847
14715857234,14716724296
14718203771,14718959099
14719129824,14719463600
14719600272,14720381536
14720409942,14720713824
14722580627,14723225656
14726695518,14727246116
14729919569,14730589349
14731785635,14732156853
14732467224,14733074085
14734416300,14734938049
14737673564,14738371284
14738072954,14738793923
14738327261,14738724013
14738953973,14739530801
14743509835,14743837655
14743636017,14744280363
14744348934,14744760049
14744406933,14744828670
14748175615,14748228968
14749436786,14750235446
14751578225,14752285004
14752061564,14752524367
14756069776,14756504646
14756326497,14756638675
14757699585,14758342048
14758344001,14758737090
14762640561,14762821575
14765893532,14766657357
14767483676,14767830909
14770997686,14771340385
14771005798,14771084197
14772522661,14772794189
14776131574,14776881373
14778433862,14778796533
14779675218,14779845376
14780309012,14781086696
14780633832,14781177183
14781772475,14782217719
14783247129,14783963446
14783758318,14784205842
14783983088,14784864323
14784419804,14784986729
14784886928,14785429842
14785242140,14785285847
14787401634,14787892323
14789662327,14790134249
14794553653,14794727056
14795698396,14795793065
14796306001,14796627475
14801103674,14801743236
14802101913,14802644393
14802387497,14802931038
14802412320,14802755735
14802589428,14803152294
14803303976,14803796079
14803936388,14804431047
14805837007,14806126133
14807157338,14807588041
14811043946,14811105398
14811807353,14812021984
14814293680,14814935543
14817364397,14817409810
14822750069,14823447887
14825452829,14825671574
14827361195,14827735088
14827737280,14828322002
14831023169,14831888658
14831899799,14832145310
14833179229,14833350702
14833993299,14834838530
14834662413,14835337743
14836694026,14836926335
14837533339,14838056934
14837910791,14838567582
14841064991,14841386609
14841863489,14842352132
14842395287,14842707361
14844531179,14845659875
14844844796,14845609951
14850991292,14851664598
14854051841,14854334735
14856272914,14856905313
14856762374,14857642168
14860657261,14861847323
14862477830,14862615777
14863183506,14863874814
14864098548,14864462452
14864148552,14864858317
14867810940,14868180519
14871818099,14872452044
14875391467,14876318512
14876506899,14877429508
14876795305,14877485536
14877056676,14877672955
14878212086,14878683454
14880450531,14881332091
14881724038,14882198307
14882526882,14882890254
14882858767,14883608917
14884672419,14885224406
14885066765,14886009016
14885121084,14885920836
14887332129,14888111109
14889585745,14889751322
14889822883,14890503763
14891721941,14892326221
14894532231,14894886651
14896785529,14897167815
14898785234,14899004920
14900336797,14900699757
14912092437,14912777865
14913043520,14913568947
14913184168,14913707247
14915576851,14915624471
14917403669,14917870912
14918210525,14918692191
14918653027,14919098325
14918736035,14918809389
14920579187,14921185525
14929327997,14929832657
14933599427,14933947527
14934539761,14936090920
14936255576,14936887667
14937113898,14937768538
14938566075,14938997502
14939468323,14943290687
14940078993,14940947527
14940877025,14941225170
14944466661,14945240520
14945873199,14946892286
14946896102,14947160683
14949979221,14950769291
14950783487,14951760611
14955543134,14957676381
14957324989,14958019248
14957940643,14959162862
14959454085,14960241788
14963756889,14964312960
14964592113,14964617768
14977571675,14978037229
14978593107,14979806521
14982895497,14983703133
14983407030,14984040883
14985855664,14986948731
14990242671,14991462283
14992126898,14992864492
14992994524,14993386729
14996371411,14997219219
14997272634,14997911508
15000343062,15001157468
15000399603,15000984639
15004011333,15004594689
15004427506,15004997837
15005917078,15006592647
15006330555,15006656040
15007958462,15008333801
15008628691,15008877838
15010779442,15011534282
15013888829,15014723804
15017468623,15017790281
15017747595,15018876022
15020133510,15020570758
15023575011,15024268769
15025366249,15026448063
15027335623,15027444642
15027620539,15028199900
15027859504,15029329973
15028210312,15028654979
15030856184,15031392210
15035497105,15036024604
15038074042,15038978873
15040204266,15041454614
15041213834,15041879741
15041467412,15041533095
15041496527,15042312826
15042371465,15042984485
15044939345,15045516491
15046161658,15047064872
15048021710,15048112233
15048830799,15050422392
15050963746,15051364673
15051236475,15052467995
15051531906,15051808432
15052678663,15054750557
15053415615,15053722793
15054783743,15055676673
15055512678,15056582892
15056744716,15057495680
15057618956,15058272203
15057831907,15059032236
15058256184,15058684047
15059836174,15060762581
15060504827,15061061142
15061330566,15061680006
15064466453,15065045955
15065427544,15066194096
15065827455,15066826494
15066038604,15073305830
15071337610,15071533022
15073666045,15074726225
15077952263,15078912790
15079414729,15080021599
15081330608,15081719711
15082171901,15083319202
15083429324,15086398649
15085076513,15086433986
15085796414,15085901990
15087057831,15088582245
15088529753,15089084790
15091141603,15092083819
15092791361,15092937167
15095783549,15096386568
15102813512,15103271218
15103227042,15103707807
15104125826,15104745746
15109144657,15110126002
15111303561,15112080300
15118742474,15118907562
15119805438,15120652559
15128504029,15129352059
15131945406,15132067523
15136544908,15137453469
15142142036,15143468619
15146260148,15148672546
15147401849,15148308171
15148324120,15148657194
15149304082,15149779128
15150338785,15150536977
15150553788,15151002667
15150636388,15151632219
15151814081,15152895272
15154412176,15154863574
15154501027,15155166634
15156367582,15157415150
15157288561,15158530659
15158831577,15159639569
15163010049,15164387862
15163156411,15164124860
15171412551,15172882629
15171609209,15172482062
15176550849,15177042238
15184464267,15184758179
15185566532,15186127913
15186182176,15186776187
15188464943,15189391872
15188769115,15189997839
15189513327,15190303502
15190165663,15190721101
15190802599,15191324558
15191685748,15192140614
15191928334,15193331892
15192399330,15192890472
15194238540,15195432149
15196542726,15197515371
15204483420,15204641187
15204947917,15205772393
15206622330,15207157822
15214087824,15215189147
15217314681,15218271094
15218274050,15219586157
15218768239,15219587274
15222343834,15223067118
15223355377,15227994673
15225961894,15228512786
15228606979,15228658298
15232575609,15232653339
15237325759,15238565823
15241354633,15242070828
15243601626,15244416996
15247417281,15248303203
15249572971,15249710288
15255460061,15256514612
15258395627,15258961341
15259727131,15260630322
15260095732,15260753802
15260778645,15261471353
15271892898,15273024597
15272329389,15273400310
15273675189,15274879205
15277055699,15278063450
15282084379,15283666247
15283728484,15284789914
15287878679,15289563393
15288291761,15288684487
15290021002,15291486493
15293275172,15294581042
15294135049,15294953589
15294432913,15295648365
15295528557,15297511192
15297323460,15297864411
15299642493,15300091453
15302556837,15303736337
15303048013,15303650420
15305193757,15305910426
15308515874,15308920904
15308537977,15309239702
15313384375,15314844109
15314087677,15314496112
15315386611,15316188874
15318366597,15319305643
15319308653,15320164200
15320793561,15321156499
15323011899,15323665165
15323674048,15324608340
15333400423,15334676783
15337213662,15338330417
15337562963,15338723390
15340949132,15341911694
15341079504,15341872275
15344166625,15345154956
15346438191,15347286792
15347653395,15348260717
15349764254,15351092304
15353051282,15354138112
15354119904,15355706245
15355699396,15356512490
15358387355,15359449763
15358489319,15358842498
15362861212,15363330545
15362939760,15364006498
15363332536,15364812937
15363472947,15365047331
15368462890,15369046057
15370112902,15370500148
15372163741,15373239580
15374745749,15374898532
15375283059,15375899939
15376384683,15377738581
15377029773,15378774750
15378424103,15379432269
15381254761,15382859925
15385381693,15390138883
15391848443,15392051125
15392054065,15393272065
15392616695,15393023098
15397744360,15398999818
15400852993,15401247603
15402070055,15403704642
15408313389,15409096795
15411477074,15412859343
15415042215,15415292327
15416563742,15417673718
15420094856,15421016536
15422635340,15423443994
15426681176,15427483235
15433827256,15434766038
15434802674,15436111260
15435904138,15436723646
15437411747,15438123054
15447368520,15447992319
15452688420,15452960145
15454799516,15455639972
15455662015,15456294323
15456037916,15457119915
15457455649,15458368301
15458759149,15459717011
15458853503,15458935712
15460580830,15461263198
15460871214,15461430263
15461368854,15461500843
15461496977,15462634947
15463915739,15464944285
15464513135,15464925686
15465837336,15467087623
15469041246,15469482471
15473316157,15474467092
15477318002,15478827379
15477637856,15478350055
15478173345,15479453590
15479143829,15480441433
15480114824,15481292309
15481154444,15482625280
15484946876,15486555297
15487119915,15487916802
15487848230,15489287732
15487924126,15488716145
15489009158,15490443335
15489401253,15490476831
15490480696,15491065467
15493458344,15494466927
15499381058,15500697505
15499435224,15500523842
15500624456,15501440273
15500718613,15501891668
15503976892,15505415198
15505088381,15505589058
15505801930,15506595767
15509501558,15509990031
15514628809,15515223448
15518070964,15518435145
15524045883,15524512476
15524839199,15525542034
15524979631,15526005536
15525070373,15525830904
15526615978,15527221479
15527257283,15528109713
15537024608,15537700688
15537377891,15538655119
15539681469,15541028685
15540797168,15542380258
15549089964,15550237569
15549137305,15549318565
15549451322,15550642435
15553609799,15554657995
15555062050,15555890285
15556386839,15558358025
15564955299,15565136296
15573420653,15573579646
15576682771,15577686119
15582521535,15583787037
15586373465,15587388680
15587279196,15588233990
15590873933,15592658169
15592857002,15594469900
15600887425,15601802981
15603572149,15604757920
15604761321,15606170411
15606304528,15607413545
15611281571,15612472334
15611788061,15612411399
15616404779,15617094771
15617026005,15618196338
15620550644,15621611947
15620718371,15621771274
15622760777,15623623794
15624908322,15625387049
15625989159,15626769051
15629304236,15629684059
15629492433,15629797373
15630350723,15631207983
15630460855,15631107917
15634718076,15634989206
15634918156,15635638403
15638541147,15640124642
15643120775,15643436733
15644071908,15644694193
15646510321,15647109855
15651735887,15652671592
15652210194,15653263238
15655819311,15656076523
15659760359,15660159743
15662841257,15663334938
15666919426,15669147376
15668054751,15668909537
15674225859,15674818848
15674427666,15675561169
15676344101,15677474229
15677633450,15678462540
15681937256,15682012750
15683596879,15684479491
15684948457,15685726802
15686169299,15686280511
15688473385,15689352773
15689819384,15690912332
15690458680,15691149163
15694817338,15695179461
15697689659,15698988599
15697748629,15698465859
15701744107,15702838695
15703067563,15703336670
15704679479,15705949531
15705695784,15706575742
15709008101,15710636918
15710151082,15711246913
15711173266,15711230255
15712631621,15713298700
15712800091,15713572106
15715348360,15716021764
15716913583,15717708337
15719017313,15719852985
15723474790,15723588107
15725445910,15726360142
15729605550,15729951597
15736885396,15737403188
15738658890,15740494259
15739754741,15741151369
15740348679,15742181809
15742186543,15742879067
15745076154,15745663093
15746164668,15747304766
15747832896,15749234955
15748563953,15749954417
15749731829,15750277971
15749963171,15750700059
15752188129,15753129738
15756030987,15756656162
15756938052,15757088630
15757982027,15758887510
15759283997,15760285842
15761612559,15762622782
15762371981,15763890349
15762627957,15763440393
15764177602,15765173600
15765502585,15765964066
15767800943,15768811581
15768479815,15769963223
15769185105,15769521319
15770253230,15771104692
15774772212,15775186607
15776658436,15777374146
15777166623,15777888417
15777720219,15778233431
15780331040,15781071746
15782599388,15783377419
15785804721,15786814306
15794637797,15795902110
15796905798,15797547631
15797622249,15798539356
15801826317,15802955286
15802242177,15802882810
15803469884,15804628323
15803549256,15804205350
15807469491,15808175116
15808186273,15808372357
15811929325,15812946087
15816426451,15817000938
15820697908,15821367533
15821106155,15822259158
15822577061,15823486851
15822900019,15823734973
15825805009,15826597680
15826101180,15827132970
15829546956,15831211525
15830961261,15832818573
15836520740,15837624619
15838267023,15838692138
15843095081,15844513578
15847842754,15848957023
15848720330,15849121862
15849125341,15849874222
15849225217,15849776468
15851708585,15851740681
15851816245,15852078917
15854742603,15855608506
15855445896,15855573347
15856269557,15856927787
15859942645,15862006200
15862857043,15863863858
15866551864,15868133731
15871718807,15872946553
15873157337,15874818611
15879873263,15880475199
15880500914,15881105242
15884037808,15884638274
15893591588,15893928648
15896146900,15896835054
15897155750,15898158280
15897708789,15898408536
15901021224,15902288429
15904024386,15905152162
15905165412,15908609265
15906027213,15907174407
15908660033,15909652176
15909069156,15910033459
15912817151,15912883026
15913402873,15913794971
15916454795,15917356854
15919074967,15919676462
15924835020,15925373906
15930216686,15930685243
15936715113,15938134570
15944989865,15945275145
15946693930,15947617664
15949306270,15949851778
15951731600,15952475087
15952165609,15953118706
15952518335,15952851315
15953601497,15959430706
15959458459,15960651359
15959989324,15960713139
15965919094,15966535787
15970429535,15970840081
15973983667,15974871671
15977886703,15978999576
15982332317,15983200860
15983220033,15983812381
15984870923,15985744524
15985275139,15986716217
15988063541,15989619273
15990229083,15990445550
15991735677,15992485715
15992761660,15993719685
15993541953,15994547282
15997563152,15998638637
15999723660,15999809150
16002643189,16004102777
16003086209,16004505979
16007978006,16008454471
16008362991,16009533901
16009176776,16010603449
16011369300,16012660880
16012282961,16013530960
16013504122,16014385133
16022731277,16024035145
16022779456,16023803277
16025470214,16027002322
16026849690,16027443451
16027979394,16028791389
16029010906,16030280674
16033327521,16033472860
16033500864,16034581169
16034295603,16035033276
16037341979,16037797777
16043725954,16044177276
16045734705,16046475335
16047915869,16048325690
16055192742,16056488255
16056406677,16056607585
16060073374,16061308403
16060940995,16062289511
16064281149,16065165966
16064511702,16065366310
16067691627,16069264287
16075410638,16075614539
16079345801,16079486201
16079681382,16080417963
16087598485,16088061366
16091108049,16091668278
16091482384,16091837230
16092175155,16092753100
16092842810,16093630202
16098963222,16101095913
16099608586,16101218404
16099744798,16100533329
16100341235,16100873038
16101105805,16102322373
16113440451,16114329193
16114695543,16116103310
16116335709,16117458384
16116685210,16117371901
16119769021,16120102533
16124492157,16125170806
16129350785,16130354621
16130894604,16132369723
16132022280,16133148847
16134623789,16135800453
16135928259,16137281756
16136944800,16138229401
16137555997,16138662869
16139045021,16139858900
16139830750,16140754484
16140549019,16141428507
16141384327,16142592639
16142600466,16143713005
16145352546,16146829446
16147230858,16147803918
16149542321,16150366757
16149770548,16150207674
16152021587,16153271713
16152884760,16153877341
16154269034,16155142154
16154494081,16154707160
16160845131,16161672591
16160880528,16161998643
16167490805,16169058565
16169518930,16171129446
16170121538,16171045910
16170860363,16171513990
16171994026,16172512490
16176487793,16177714653
16178254716,16178837572
16180214402,16180379041
16180772228,16181611892
16180946359,16182345319
16181420940,16181938929
16186103615,16188192109
16189694463,16189991255
16198141308,16198650764
16200704370,16201561296
16203420656,16204699380
16203698546,16203844233
16208402859,16209392015
16210663141,16211379873
16210898410,16212311543
16212482657,16213011624
16212754565,16213045945
16215426310,16216125092
16219397236,16220150732
16221062209,16222792446
16225390403,16226529773
16226582388,16227004594
16227618056,16228335427
16227640873,16228866423
16228245747,16229550153
16229757409,16230370447
16230956887,16232338684
16235457624,16236235402
16241871650,16242952714
16242301225,16242478764
16242864898,16243909490
16243561903,16244329039
16249004849,16249724550
16253850474,16255803508
16254443194,16254775290
16265076069,16265658351
16271369412,16274565922
16271744949,16272292833
16273923705,16275178873
16276392012,16276572568
16278441362,16278768562
16281486238,16282042216
16281953870,16282342102
16282171619,16283121202
16284608897,16285062190
16296005352,16296750596
16300935617,16301702068
16301561804,16302656048
16304036189,16304699868
16304705444,16305824136
16306433476,16306682486
16307995666,16308467751
16309747755,16310918977
16309905837,16310811183
16310282536,16311157507
16323606832,16324849469
16326365922,16327747523
16335944459,16336533696
16338664366,16338851433
16339965197,16340604468
16341258462,16341980433
16341716164,16343007254
16345437716,16346778130
16353010161,16354453218
16355655597,16356623468
16355951914,16356392605
16356438362,16357737132
16356440567,16357191988
16364996542,16366361028
16365694175,16366604248
16367490291,16368264784
16367648512,16368312265
16369096758,16370109246
16375340489,16376438264
16376515899,16377620918
16378921278,16380030679
16382499027,16384308303
16385089421,16386096962
16391764118,16392808642
16393484025,16394849185
16395433464,16395931311
16396232256,16396640500
16398377115,16398941339
16398408001,16399599656
16403517839,16405336710
16406054685,16406456060
16409369713,16409421597
16412418581,16412904983
16413194040,16414527115
16418765722,16419722147
16422831614,16423035329
16423090924,16424231831
16423548882,16424983813
16427342716,16428444918
16427880978,16428941598
16429765594,16430164671
16432724944,16433413770
16432894685,16433783037
16437652579,16438607891
16439736918,16440110572
16443826204,16444572584
16448537267,16449189045
16449551188,16449844933
16451074529,16451683648
16455682764,16455961543
16459783371,16460470561
16460820759,16461438955
16461153021,16461850824
16461893371,16462494371
16466123419,16466738168
16467961461,16469122609
16468097824,16469286426
16468430752,16468598102
16468955875,16469729945
16469280062,16469951319
16469917161,16470204208
16470596071,16471154166
16478393724,16479661417
16478847003,16479279499
16479817900,16481179200
16480815371,16481823728
16482076766,16482845578
16483066044,16483829699
16485579755,16486561039
16487065486,16488519408
16488349498,16489497295
16488423255,16488991934
16488823206,16490321777
16491817141,16492860752
16497771768,16498449161
16497920207,16498685294
16499861125,16500081730
16500159559,16501423686
16501460041,16502646987
16502098873,16503284250
16506538562,16507252040
16512914877,16514016410
16518829698,16519006447
16522212968,16522299006
16523105993,16523947687
16528227389,16528844847
16528381966,16529306057
16530382216,16531576207
16532407826,16532876366
16534724729,16535677074
16537418622,16537757621
16539362469,16539861542
16544027025,16544567993
16549141333,16550584717
16549259813,16550136575
16556066006,16557111198
16557131822,16557398622
16558423329,16559206532
16558457675,16560085818
16560128620,16560936827
16561589974,16562238729
16561945960,16562083344
16566177273,16566583109
16566950846,16567714605
16567796010,16569136892
16567934714,16569364540
16569241034,16569433627
16574822563,16575816974
16575486026,16576618160
16584959888,16586081631
16586147623,16586920937
16588047671,16589205619
16588392315,16589681948
16589220874,16590551984
16590578791,16591153970
16591403107,16592358420
16593130217,16593950888
16597904268,16598942331
16599485404,16600389550
16602110139,16603512036
16608515502,16609486403
16613244220,16614885870
16619654609,16620314506
16620587551,16620952924
16620999363,16621743681
16623291442,16624952104
16625778799,16627632515
16626551295,16627943697
16629338584,16630231556
16632039599,16633192265
16635248560,16635730123
16645379821,16645762477
16645457918,16645980778
16647313649,16648138085
16650682048,16651910485
16651760596,16653428568
16654806220,16655040444
16658890493,16659555041
16660015406,16660097692
16660909313,16662016860
16663624937,16664462209
16668600598,16669622765
16678394068,16678746666
16679996609,16680771370
16680616589,16681111456
16685040031,16685940976
16688534440,16689757472
16690205730,16690575396
16691093132,16692401701
16692117023,16692891662
16692941567,16693240036
16693477906,16693865114
16694131039,16695594435
16695052335,16695748433
16699488149,16700495957
16700476896,16701257354
16702224968,16703323841
16704657452,16705303127
16705115666,16706438446
16706239241,16706366013
16708680842,16709846630
16711834345,16712249595
16720516627,16721438310
16721370894,16722072669
16724196283,16724682704
16725105618,16725434887
16727223299,16731384379
16730135979,16730992816
16730740114,16731070037
16731554063,16733046341
16736915607,16737546622
16741611063,16742484829
16745430987,16747101311
16762362092,16763104576
16765573933,16766403166
16765741540,16766920228
16767719787,16768848694
16768478031,16769229380
16768858233,16769583469
16770167824,16770734917
16770706428,16770954278
16771906989,16772238890
16774411543,16775078243
16776470734,16777323519
16777395742,16778377514
16778187687,16779041834
16779868542,16780625553
16780210045,16781152325
16785654517,16786827917
16786895289,16787591609
16787183497,16787860097
16789015873,16790145848
16789432339,16790278231
16791707543,16792774271
16792005350,16792238705
16793979058,16794535044
16796812336,16798032685
16808859290,16810046237
16809988450,16810320425
16811854795,16812396428
16813703186,16814741496
16814585871,16816161130
16816055618,16817893973
16818531336,16819013922
16823882730,16825571636
16826763777,16827184109
16829159733,16829904151
16829961992,16831541080
16831566511,16831984524
16835137296,16836499900
16835531921,16836152766
16838417761,16839925093
16839256680,16840571038
16840236548,16841279666
16850297965,16851597697
16852109640,16852430741
16853030597,16854325619
16853067441,16853387966
16853512515,16854268089
16854980635,16855360254
16855775752,16856947300
16857004430,16857549718
16857561150,16858600907
16859661702,16860334359
16860657132,16861259840
16865605608,16867946119
16865957397,16866234348
16867557289,16869202634
16869747845,16871071421
16871839693,16873278013
16871926066,16873234875
16873189983,16874180486
16875460537,16877022877
16877036955,16877351337
16877044954,16877863467
16877765832,16878058141
16877912775,16878371690
16878924134,16880372797
16881251456,16882027902
16883884807,16884960860
16884774171,16885514820
16884937584,16886547559
16885674354,16886754279
16886669281,16888096465
16889470352,16890144704
16890457754,16890988799
16891734180,16892388307
16895159377,16895410345
16898224241,16899598381
16901251846,16901958175
16903537811,16904839775
16903830410,16904423541
16907919680,16908877535
16909306313,16909935721
16909603265,16911297156
16911113089,16911656049
16911691620,16912216419
16914604610,16915714967
16914618475,16915664934
16918960053,16919730814
16919561568,16919989727
16920000578,16920990493
16925918435,16926865770
16927603677,16928120036
16928755119,16929544167
16934905743,16935167234
16938891356,16939659004
16940307116,16941092359
16946480907,16947112059
16947827801,16948187051
16948830880,16949279105
16950768276,16952264984
16951629315,16952778259
16953223421,16954209224
16956858349,16957904213
16958417175,16958730203
16959419721,16960851699
16960923064,16961419138
16961429459,16962094595
16963635858,16964544378
16963659211,16964610228
16964266827,16964903368
16965834779,16966514128
16966518226,16967297799
16969412275,16970066215
16975472641,16976536556
16976498238,16976781654
16976787104,16977615084
16978156478,16979107064
16984331442,16985542349
16985102108,16989977701
16994768148,16996007537
16999504390,17000217133
17001114144,17002236261
17001903013,17002745888
17004229610,17005524936
17004566690,17005646852
17006418709,17006915196
17006961150,17008139013
17008239183,17008986832
17008303659,17008691718
17009362817,17009737592
17011761761,17012921109
17015271225,17016213485
17016605209,17017095980
17022769533,17024042141
17024051789,17024695704
17034269326,17035219003
17037784407,17038581765
17038587585,17039627125
17040227601,17040910667
17041910273,17042042747
17046400575,17047183541
17053961785,17054578505
17054928311,17055557673
17055018504,17055656842
17056996034,17057932765
17057142596,17058146682
17058152138,17058596240
17060745783,17061306973
17065883413,17066520469
17066724911,17067990326
17067993243,17069116823
17068955254,17070064685
17070240104,17071464992
17076736609,17077131927
17077757130,17078885124
17084461570,17086191038
17091386289,17091715317
17093070629,17093858004
17097607288,17098490207
17098030857,17098611569
17098205927,17098298710
17100459378,17100901158
17107738483,17108725979
17111909405,17113153127
17112795628,17113353157
17114184789,17114392613
17114758986,17115280336
17115406892,17116607836
17119378821,17119903733
17120290912,17121478788
17122575871,17122832569
17128164179,17128600303
17129557526,17130657717
17130959062,17131998883
17131589132,17132389698
17132006036,17133065795
17135174395,17137480074
17138640308,17139754951
17152377706,17153074577
17156469816,17157517264
17157165868,17158852493
17157654090,17158414442
17161811565,17162699816
17162093844,17163068855
17169785790,17170073264
17171443336,17171998406
17173280649,17173846693
17173753925,17174048509
17174663262,17175318555
17177017515,17178176020
17177738570,17177800046
17185162292,17186068828
17185413007,17185860894
17189677300,17190650276
17193130761,17194608289
17197139085,17197270426
17198311947,17199492864
17202895071,17203540205
17203338506,17203950805
17206887189,17207691430
17207797099,17208574382
17208054425,17208960299
17211712439,17212112922
17216447562,17221135918
17220950104,17221477355
17224185288,17224787819
17225671706,17226921713
17237541968,17237608869
17241017706,17241841140
17244396709,17245619056
17245965326,17246326250
17249342385,17250365120
17250538449,17252015352
17254098030,17254649766
17254501450,17255347201
17258346979,17259409828
17260321048,17260911237
17260701746,17261424111
17266880363,17267979501
17266890683,17267897422
17274046499,17275043362
17274791188,17275329152
17276877908,17277929532
17278101993,17278372659
17287297590,17288485348
17300331712,17300615689
17300522063,17300625467
17303113430,17303382111
17303489905,17304673177
17305693270,17306840965
17306665096,17307907442
17307353244,17308142127
17308381108,17310009253
17313635800,17314433051
17314369848,17314874775
17315774738,17316961635
17319662924,17320174388
17321064747,17321960622
17322106569,17322629453
17323779793,17324141659
17324168510,17325366412
17325373478,17326292084
17327352702,17328304576
17329357276,17329921894
17331843180,17332438602
17334492408,17335209033
17334892680,17335396868
17335399454,17337556290
17338170136,17338922002
17338584481,17339430576
17338763941,17339934310
17338801532,17339211006
17338930454,17339511029
17343810832,17344609788
17344520509,17344848164
17347565703,17347917830
17348476351,17349364946
17348888093,17349370659
17351246495,17351746420
17353414135,17353995932
17355003059,17355723136
17361578825,17362278890
17362461924,17363587442
17362632610,17364455203
17364995165,17365816144
17367254887,17368291270
17368403270,17369056623
17371316659,17372323786
17373668944,17374298285
17374882648,17375666543
17374890954,17375697967
17375070798,17375468555
17376870702,17377872470
17379946839,17380783704
17380626050,17381087772
17383574224,17384196102
17386494161,17387060737
17389900976,17390883597
17393697988,17394987792
17394039709,17394625767
17398660509,17400105711
17398978860,17399148207
17399276076,17399771735
17399614595,17400435313
17408107635,17409054148
17408319238,17408450602
17409059958,17409125383
17413668477,17414437842
17414162649,17414889976
17419065244,17420150875
17421868624,17422432711
17423240549,17423994476
17424093310,17425308183
17424115447,17425128035
17424778818,17425612021
17428809145,17429137275
17434547429,17437016221
17434820968,17435644826
17435725626,17436100575
17436943743,17437107371
17437253137,17438336971
17438269835,17438578264
17440786361,17441668363
17440808432,17441265580
17444108768,17445177242
17445984015,17447070087
17446957947,17447896989
17447081022,17448362503
17447666958,17448462944
17449583497,17449659786
17449590309,17450096762
17449662299,17449816645
17449773383,17450812118
17451273035,17452010775
17451757779,17452534257
17454802889,17455512542
17454997941,17456285325
17455112577,17456678174
17455154495,17456064021
17457301282,17458501589
17460032324,17461071196
17462126949,17463579400
17468250652,17469216044
17470777990,17471705496
17471207328,17471733225
17472829597,17473599313
17475364556,17475414322
17480119650,17480654648
17480255902,17482068151
17481244002,17483131478
17482073089,17483289586
17483387438,17484089554
17487622401,17488462036
17489742404,17489991682
17490436936,17491327121
17491725867,17491842114
17493527706,17495000066
17494359676,17494756154
17500549746,17502590509
17500676837,17503198185
17501869828,17503042195
17502567460,17503016640
17508268139,17509655132
17509820022,17509872614
17512401095,17513194651
17513751652,17514579773
17514557099,17514954953
17514964120,17515448179
17517127431,17517503839
17517491241,17518284356
17517666935,17518414080
17521238136,17522152419
17526764473,17527576201
17526770317,17527660989
17528314642,17529006565
17528848424,17529460496
17532361373,17532998232
17532717082,17533527443
17536304423,17536797252
17536668965,17537306014
17541753769,17542878649
17545483108,17545840423
17545665501,17545887941
17552372868,17553436639
17556291576,17556935670
17562223784,17562738333
17565451011,17565665610
17569766660,17570726232
17570136491,17570643074
17570517517,17571502246
17575276440,17576118937
17579371353,17580115417
17579732394,17580869080
17586265543,17587202815
17591711755,17591979471
17591716092,17592541661
17592075298,17593942452
17596213583,17597561882
17597585970,17598663840
17600258797,17600768982
17603438910,17603618363
17604566128,17605605173
17605028588,17605935024
17610234604,17610505872
17612463686,17613250287
17616055273,17616209743
17616771094,17617078667
17616941834,17616988265
17618961923,17620269373
17620121959,17621246361
17621441049,17622249332
17625326229,17625778266
17629740420,17630574091
17632346994,17633018447
17638826873,17639862675
17639290897,17639724963
17639865788,17640904463
17642686627,17643793232
17643501626,17644292322
17643590390,17644321779
17644407152,17645517228
17645121064,17646125598
17645823492,17646188428
17646139386,17646523126
17646226327,17646781607
17646786762,17647955171
17647426101,17648260482
17650231464,17656307077
17652636327,17653877333
17659600574,17660157832
17660046479,17660776843
17664082509,17664168775
17664539577,17665063811
17664980499,17665863040
17670071440,17670487001
17673537472,17674101036
17674126816,17675110035
17676183496,17676685258
17677840928,17678766203
17678606501,17679109704
17680266867,17681208007
17680639885,17681458999
17681305869,17682357743
17681985147,17682630915
17684261029,17685425235
17685359036,17686073591
17685590518,17685793053
17686870523,17687863831
17687296109,17688781722
17692483860,17693291859
17694602229,17695462533
17696135954,17696453576
17697736063,17698950305
17698701428,17700002788
17700758629,17701640495
17701858375,17703041660
17704059581,17704733985
17704700071,17705656456
17706899924,17707446452
17707939300,17708697714
17712222580,17712337003
17712345759,17713722840
17712922234,17713835906
17721235233,17721469774
17724978042,17725153246
17727387450,17728492839
17729913505,17731182862
17730749073,17731582610
17732601166,17733528836
17735333278,17736206695
17736125150,17737460072
17739251544,17740228967
17741034053,17742102585
17744171154,17745111664
17744765918,17745534939
17745554085,17745656283
17747867803,17748727950
17748139785,17749442798
17748250910,17749097160
17752053816,17753226988
17761536225,17762360514
17762138425,17763261264
17762631910,17763603429
17764182122,17764696910
17776620539,17777890601
17779653983,17780816311
17780220759,17780819531
17781363353,17781885789
17781892219,17782411452
17782714287,17783315986
17782738622,17783571891
17783322013,17783606971
17786304682,17786929152
17789102054,17789219487
17791284562,17792146379
17792230490,17792874078
17796775819,17797623097
17797912441,17798138031
17801176059,17801947945
17801951176,17802441536
17802278243,17802712603
17802728067,17803057572
17803782730,17803917652
17805055851,17805540353
17807368149,17807720206
17810059608,17810652079
17810626444,17810838850
17810664054,17811467094
17812573339,17812713677
17813318166,17813608701
17813369297,17813811017
17814124491,17814958848
17814533486,17815426440
17815479571,17815910341
17816621348,17817322224
17818288880,17819012864
17819633843,17820645425
17820424605,17820517264
17820588802,17821086093
17820687993,17821588181
17822249567,17823158321
17823164056,17823409828
17824653136,17825183551
17827637343,17827768601
17829343528,17829869761
17829828152,17830372927
17832426146,17832907227
17832444055,17833294715
17836507079,17837201486
17838315869,17838414319
17840638274,17841350326
17844532033,17845178655
17849118495,17849555763
17849734091,17850575825
17854747977,17855684222
17856930578,17857352473
17857977486,17858116256
17858238236,17858546238
17858414090,17858500896
17858508355,17859072123
17859910959,17860205861
17860326929,17860996295
17863312319,17863844836
17863764775,17863986396
17865945724,17866205396
17866160953,17866549589
17866223754,17866987105
17866296837,17866732110
17866789332,17867085915
17866853150,17866916706
17867996643,17868907707
17870116353,17870783752
17870275203,17870727088
17871722890,17871785630
17872833272,17873540767
17874141452,17874537711
17874553379,17874882862
17875249894,17875428142
17876500308,17876751735
17877833690,17878227300
17877876764,17878300927
17878703883,17879124918
17878709752,17879157270
17879302398,17880034878
17881162678,17881710622
17883303856,17883828753
17885994410,17886225976
17886313474,17886504815
17886620555,17886778607
17887154268,17887888819
17887520457,17887558255
17887693216,17888054224
17887929782,17888281296
17888399958,17888627311
17889368891,17889471256
17889591528,17890200522
17889642898,17889793809
17890289993,17890763391
17890312620,17890881921
17891742049,17892010898
17892749122,17893190187
17893934847,17894629175
17894785118,17894940789
17896004007,17896983336
17896415964,17896937762
17901573299,17901953500
17903865239,17904009869
17904301641,17904393678
17904417283,17905041106
17904642972,17904850730
17905663901,17906007938
17905986219,17906407514
17906939119,17907154561
17907196239,17907474996
17907514080,17907754800
17907994668,17908333208
17908325864,17908744328
17910462343,17910835804
17911245865,17911671921
17911503712,17912042121
17913292597,17913576407
17913364914,17914004795
17913740981,17913825572
17916453679,17916958950
17918260140,17918333393
17919631971,17919983438
17920168440,17920317274
17921717727,17921792614
17922326935,17922539520
17922478810,17922827965
17923355715,17924274857
17923978035,17924133854
17926128581,17926240266
17926939031,17927040338
17927011865,17927486858
17927632724,17927733724
17927845326,17928181389
17930896169,17931035334
17931062086,17931325626
17932649749,17933126600
17933572256,17933817986
17934172527,17934570833
17934198087,17934522405
17934198677,17934425841
17935603702,17936109226
17936336432,17936880740
17936880385,17937196423
17939546990,17939998598
17940350877,17940753027
17940532764,17940743150
17940581516,17940922910
17940936195,17941046908
17942769463,17942954103
17942990297,17943814844
17944249940,17944567491
17944873658,17945258012
17945090764,17945601541
17945847823,17946204920
17947774806,17948168852
17948474766,17948776927
17948999459,17949448991
17949285306,17949516931
17949534900,17949826692
17949633550,17949794563
17950063083,17950149697
17950251150,17950621095
17950412414,17950873426
17950874919,17951280840
17953032284,17953300769
17953720666,17953920648
17954165275,17954689725
17954822012,17955313470
17955347087,17955456820
17955485316,17955828134
17955488409,17955562833
17955540646,17955868622
17957566728,17958153303
17958165864,17958291732
17958749079,17959017640
17959440114,17959573078
17960330868,17960512396
17960331232,17960555773
17960588113,17960917122
17961800581,17961919025
17962088272,17962506026
17962191410,17962614575
17962313103,17962843525
17963423647,17963867118
17964379518,17964812390
17964514135,17964679521
17964764270,17964800810
17964822466,17965300779
17964995793,17965042865
17966012148,17966467887
17966951003,17967010589
17966954445,17966981690
17968478398,17968579487
17968764268,17968797349
17968996681,17969254816
17972193017,17972279337
17972558431,17973014913
17974106583,17974559218
17974246206,17974583231
17975262992,17975706841
17977322960,17977542033
17977492187,17977570339
17978292092,17978604253
17978672234,17979216471
17979239607,17979547076
17979449222,17979467908
17979624524,17979840552
17981354435,17981557900
17981861848,17981990397
17982658929,17982740868
17983120342,17983251630
17988171478,17988812331
17989378671,17989759893
17991073411,17991350992
17991869683,17992028816
17993333722,17993824753
17993391558,17993940654
17994001750,17994196863
17994260812,17994591684
17998469035,17998586132
17998499859,17998572465
17998587223,17998966338
17999070530,17999385307
17999963904,18000552201
18002647162,18002904451
18003570049,18004130628
18004623751,18005123228
18004699125,18005544265
18005546030,18005736045
18006266017,18006412936
18006399206,18006522598
18008006916,18008341023
18008101965,18008330835
18008305556,18008455216
18008361245,18008431668
18008453703,18008800303
18008740748,18008946898
18009249836,18009385828
18009972136,18010365163
18010612873,18010942799
18010653208,18011192878
18010952852,18011503494
18012388069,18012572237
18012670344,18012745872
18012761328,18013304592
18014792621,18015082038
18016558284,18016883796
18017487625,18017635500
18017706744,18017846842
18019102950,18019313514
18019604544,18020390972
18020235315,18020712661
18021096542,18021132633
18023605655,18023951765
18024219856,18024526048
18024418109,18024628267
18024629512,18024946484
18025918542,18026398808
18026671677,18027208612
18026720328,18027041042
18027408831,18027772930
18029753143,18030113345
18030671884,18031025626
18032265970,18032512718
18033501531,18034089440
18033696018,18033781951
18034578915,18035012176
18035138319,18035413722
18035705607,18035975474
18035876838,18036097228
18035977849,18036064030
18036533974,18036817104
18036997644,18037364709
18037052402,18037246314
18037058532,18037069273
18037475935,18038089447
18038768839,18039197673
18039201151,18039544468
18039399530,18039824652
18039793078,18040253683
18040339410,18040617006
18040861728,18041329586
18040996952,18041069553
18041206031,18041466125
18042502610,18042797611
18042807109,18043094491
18042890591,18043317304
18044163027,18044362287
18044544164,18044784688
18045200592,18045337012
18045433317,18045862273
18046481736,18046791400
18047332310,18047817463
18047826856,18048569130
18049206188,18049805373
18049452423,18049696326
18049545115,18049825353
18049867939,18050423455
18050325362,18050369719
18054797630,18054992284
18055263260,18055544328
18055310802,18055516081
18055937950,18056032437
18056165205,18056790991
18056171082,18056599904
18056601186,18057035907
18057393938,18057611337
18059281274,18059510966
18063175849,18063614520
18063209027,18063493213
18064908536,18065065848
18065087516,18065474406
18065754122,18066027920
18065772770,18066209501
18065930660,18066400552
18066708890,18066722765
18066759324,18066870845
18067407005,18067956568
18067722399,18067860174
18068802405,18069271460
18069278042,18069561209
18069706256,18070276850
18070029546,18070351446
18074979361,18075492636
18076282846,18076324760
18077216481,18077685590
18077704354,18078545659
18077712219,18078571877
18080506027,18080621882
18080565229,18080769109
18083013997,18083048999
18083083281,18083350076
18083384659,18083749585
18083587329,18083620699
18083936605,18084371856
18083985193,18084408110
18084199936,18084621383
18084373668,18084507297
18084768782,18085081746
18085251052,18085888809
18086812971,18087184926
18086846421,18086957255
18087406367,18087821424
18087716438,18087803558
18088239440,18088710945
18088506397,18088540439
18088737963,18088972198
18090399957,18090577380
18092061054,18092326772
18094081345,18094112895
18095087806,18095615351
18096867534,18097265987
18096982561,18097468935
18103074395,18103429708
18104539304,18104768543
18105422801,18105518057
18106786564,18107039664
18107721197,18108129819
18108141772,18108358227
18108411419,18108737374
18108698133,18108945112
18111832411,18112569506
18113314934,18113874598
18113832875,18114117030
18116359044,18116385955
18116548046,18117065957
18117104809,18117327130
18117118766,18117601693
18117765343,18118214133
18118279203,18118614895
18119609863,18120112651
18120935979,18121279500
18121444549,18122003958
18121984992,18122064396
18123893577,18124277697
18125392954,18125750671
18125696703,18125938575
18126545283,18126891585
18127987624,18128572443
18127996438,18128151523
18128227185,18128344168
18128504876,18128795670
18129277114,18129354425
18129387653,18129580117
18129415904,18129851260
18130609927,18130763410
18130916344,18131254409
18131534051,18131919685
18132328876,18132574533
18132939110,18133486891
18135185259,18135375498
18135854616,18136294003
18136179334,18136450676
18136493834,18136525754
18136959541,18136988704
18138619393,18138664236
18139659280,18140075484
18140963974,18141153474
18142284794,18142452611
18143336504,18143714712
18144612756,18144876542
18144896870,18145526105
18145571043,18145592278
18145616900,18146387500
18146067096,18146566326
18146626687,18146717696
18146695182,18147289068
18147313175,18147424466
18147743648,18148000033
18147966035,18148333289
18149304996,18149652843
18150682687,18150793475
18152734044,18153215319
18153632594,18154020542
18154215943,18154291279
18154443810,18154554047
18156275670,18156437711
18156608543,18157026006
18157638907,18158038207
18158442383,18158657613
18158885992,18159417018
18159966612,18160263861
18159985189,18160874226
18160179217,18160486568
18160318612,18160434741
18161312031,18161669943
18161745690,18161817415
18162232132,18162570889
18164044399,18164113088
18164821925,18165327597
18166193994,18166416316
18166917416,18167194946
18167632685,18168140448
18169007251,18169540354
18169272679,18169780600
18169501109,18169960717
18170171667,18171039944
18170539109,18170828729
18171292967,18171359926
18171748494,18171801399
18171802598,18172071442
18172359096,18172840221
18173070010,18173097376
18173083635,18173261482
18173134026,18173304488
18173206197,18173441488
18173267912,18173581933
18173382247,18173619368
18173588651,18173847211
18173850316,18174012518
18173879043,18173916261
18174567225,18174783320
18176448081,18176801712
18177387813,18177594920
18178952663,18179178988
18179299949,18179404067
18179684262,18180162065
18180456609,18180865574
18180691878,18180872881
18180767568,18181056842
18180872387,18181078340
18181299647,18181693056
18181448308,18181767164
18181762542,18182129132
18182935298,18183205862
18183554481,18183733109
18183618850,18183661597
18183697754,18183981892
18184581708,18185080927
18184889113,18185378068
18184935687,18185069329
18186512868,18187021958
18186828121,18186998280
18187731364,18188002692
18187939903,18187995301
18188761250,18189130471
18190846732,18191094655
18191851092,18192017521
18191898407,18192074878
18192022913,18192166175
18192642807,18192875860
18193158922,18193579646
18193315114,18193570961
18193438023,18193683133
18193745640,18193995284
18193836971,18194211403
18193849219,18194355865
18194015825,18194295366
18195530767,18196131291
18196617613,18197036272
18198668855,18199082824
18199731239,18200000699
18200216658,18200413092
18200775705,18201223153
18201255432,18201308319
18202875451,18203490927
18203729334,18203952367
18204427996,18204740997
18207364993,18207929615
18207528786,18207690852
18208599626,18209024089
18208782810,18209406365
18209119102,18209586615
18209224564,18209405767
18209760593,18210205205
18210441632,18210722432
18210548109,18210902345
18210918437,18211108921
18211208502,18211488341
18211508381,18212140843
18211565414,18211928190
18212377942,18212945798
18212730228,18213273216
18214108716,18214270323
18214348201,18214558119
18216395622,18216766825
18220067938,18220591705
18220251239,18220687413
18221401286,18221708784
18221731600,18221881178
18221775372,18221845167
18223448118,18223589483
18224051360,18224098896
18224800212,18225258621
18225628908,18226095408
18228607884,18228690483
18228823732,18229334962
18229072933,18229282632
18232010424,18232266749
18232059661,18232269889
18232383888,18233109003
18233370844,18233844112
18235190586,18235569725
18236151257,18236476174
18237866003,18238311902
18237870053,18238115529
18237892719,18238092422
18238354679,18238810381
18238774562,18238829836
18240999456,18241181116
18241067862,18241258782
18241181629,18241425900
18241690684,18241773214
18242190508,18242668759
18245953006,18246320678
18246329724,18246493287
18246870168,18246933524
18247975699,18248141530
18248888444,18249213475
18249140155,18249410869
18249313028,18249584375
18249347911,18249683674
18250048548,18250239515
18250462199,18250565716
18251159350,18251485120
18253866073,18254356891
18255932162,18256002949
18257635814,18257793385
18259264409,18259644828
18259550507,18259890578
18260061860,18260533186
18262586440,18262773966
18264199291,18264373280
18264662654,18264700007
18265599445,18265721799
18271150521,18271207307
18271503148,18271686834
18271879487,18272242890
18272052993,18272602396
18272266805,18272599411
18273935803,18274027051
18274750697,18275304886
18275166713,18275192646
18276366423,18276639248
18278887076,18279239274
18279014548,18279079626
18279362806,18279884249
18279611389,18279935537
18283164113,18283540817
18284973958,18285031701
18285398169,18285660020
18286066964,18286204020
18286276929,18286588947
18288024392,18288573690
18288433550,18288907159
18290991531,18291558473
18295656968,18296092932
18296094771,18296412659
18298083616,18298349297
18298741231,18298964712
18299063912,18299325286
18299168174,18299547142
18299834989,18300210370
18301540183,18301608658
18303724902,18303905376
18304562952,18304884815
18306951717,18307391368
18309384671,18309818402
18310694799,18310917072
18311653662,18312026624
18312069967,18312441488
18312636931,18313197020
18313037733,18313364077
18313371789,18313729123
18313435328,18313921901
18313949886,18314255758
18315141042,18315303268
18315209814,18315604061
18315394598,18315904654
18315694543,18316104640
18318362030,18318519532
18318521375,18318895078
18320281604,18320670350
18320305358,18320340503
18320494114,18320926751
18324041271,18324288915
18324209185,18324614770
18324540144,18324584631
18325441512,18325814649
18327493082,18327666504
18328130031,18328539817
18328931683,18329432121
18329165133,18329262222
18330155927,18330416822
18330173747,18330460844
18330464826,18330603837
18330848993,18330896085
18332258070,18332747220
18332676139,18332854404
18333106088,18333635684
18333215566,18333284077
18333298166,18333928678
18333607917,18333868527
18333626449,18333819032
18334882905,18335084828
18336460964,18336953952
18336519119,18336708920
18336787767,18337036980
18337119046,18337319942
18338847398,18339510426
18339200518,18339653801
18340188805,18340604513
18341839778,18342101949
18342468717,18342806393
18342814025,18343207362
18343402481,18343663919
18343919423,18344321830
18345774847,18346007838
18345884788,18345901547
18346024052,18346253763
18346678198,18347017131
18346818423,18347239868
18347110630,18347414413
18347706222,18347910955
18348066930,18348480631
18349085949,18349287080
18349867545,18349948673
18350151449,18350461720
18350431062,18350493350
18351944601,18352055263
18352885796,18353288308
18353694748,18354242049
18354109681,18354430036
18354233483,18354291437
18355698587,18356175602
18357018856,18357247436
18357250649,18357676241
18359034165,18359626434
18359043410,18359550754
18359124033,18359343721
18359676990,18360068640
18360738285,18361265959
18363017402,18363698295
18363198373,18363459607
18365223835,18365455203
18365636985,18366013083
18365778691,18365950858
18366782627,18366956810
18367494109,18367784094
18367720819,18367898240
18367803452,18368184233
18369261824,18369416411
18369287079,18369369739
18370169118,18370416420
18370476141,18370627132
18370622299,18370858696
18371785631,18371864773
18373323465,18373649549
18374168110,18374197041
18374446555,18374975027
18375933908,18376084534
18377998161,18378390612
18378758241,18379264340
18381474850,18381891620
18382673377,18383201109
18383311704,18383602370
18383623630,18383765419
18384333036,18384738263
18384375473,18384532330
18386214940,18386640428
18387258737,18387777267
18387381643,18387615061
18388880059,18389067267
18389921266,18390067156
18390062394,18390481758
18390295595,18390388386
18390485625,18390616944
18390748739,18390907282
18391371858,18391433754
18391840955,18392167044
18392941479,18393352950
18396064474,18396258879
18399216703,18399495852
18399718475,18399771486
18400618459,18400987777
18400746055,18401085664
18401061790,18401511960
18402560450,18402623714
18402592756,18402758100
18402791238,18403061669
18403067201,18403159287
18403832854,18404159309
18404161806,18404703867
18404773991,18405085536
18405364305,18405392025
18405864949,18406155671
18406396018,18406824462
18408057814,18408194333
18408219820,18408466866
18408503834,18408883607
18409597467,18409621627
18409642340,18409689802
18409730412,18410259980
18413130571,18413625159
18413284042,18413469766
18414496804,18414527610
18415656938,18416030762
18415900001,18416034432
18417253640,18417585603
18421125923,18421594760
18421270919,18421877399
18421898418,18422072609
18426029089,18426262775
18426324212,18426778453
18426738566,18427135523
18426740084,18427047352
18426995619,18427209382
18427467897,18428052768
18427807907,18428002065
18428679474,18429003264
18429007660,18429403807
18429725844,18430182471
18429737727,18430223956
18431264847,18431588295
18434282326,18434565635
18435632288,18436040960
18435948164,18436180708
18436248022,18436382538
18436428980,18436508290
18436660229,18437187481
18436849283,18437226299
18437204640,18437471113
18437291820,18437714344
18437473323,18437857230
18438787544,18439273521
18438972199,18439370684
18439216674,18439809965
18440233269,18440640789
18440833413,18440900873
18442329446,18442756102
18444322622,18444603196
18446446495,18446885872
18446872184,18447389174
18447034539,18447100691
18447569010,18447585837
18448386933,18448938387
18448561973,18448667064
18448942976,18449133586
18450036875,18450137775
18450183284,18450699991
18454391935,18454836152
18460335109,18460563421
18460831685,18460871817
18463126401,18463246696
18463306728,18463706360
18463432281,18463889639
18465256450,18465308547
18465511960,18465770731
18465617347,18465869256
18465922329,18466421220
18466172301,18466499813
18466550663,18467001989
18467343024,18467719348
18467373861,18467685475
18467871702,18468376313
18468199165,18468487904
18468516961,18468543285
18470328756,18470619399
18472208562,18472477369
18472257217,18472529081
18472488502,18472933323
18472711203,18472955085
18473779411,18474152091
18473794709,18473869737
18473851165,18474430093
18474466530,18474627593
18474673202,18474942324
18474768088,18474899105
18475537750,18475712380
18475798877,18475921346
18476581874,18476832776
18477269893,18477777542
18477978265,18478531779
18478237410,18478552227
18478770241,18478944522
18479454109,18479644750
18480538476,18480576336
18480553480,18480657874
18481452055,18482012785
18482472891,18482912920
18482810183,18483207099
18483454907,18483690320
18484177524,18484536639
18484388660,18484577521
18486424319,18486463567
18486523061,18486871192
18490939068,18491488367
18491748884,18492194058
18491983275,18492086440
18492251738,18492597232
18492815351,18492954452
18495214543,18495575938
18495512464,18495758521
18495671753,18495867097
18496368347,18496653665
18496379948,18496607781
18496392370,18496609098
18497076234,18497571298
18499442156,18499849456
18499803176,18500004781
18499870102,18500274195
18500707685,18500892204
18501182064,18501447344
18505343756,18505841382
18506424678,18506694205
18506870762,18507085484
18507227961,18507338308
18507878983,18507937585
18509135952,18509610767
18509488872,18509643187
18509841135,18510065446
18511072126,18511179571
18511098758,18511578318
18511352577,18511568642
18512398540,18512700769
18512650094,18513061067
18513664944,18513910828
18513729731,18514164345
18513909287,18514163232
18516448252,18516847868
18517049026,18517379893
18517109194,18517449536
18517609577,18517891846
18518052389,18518460560
18518477829,18518568346
18518575992,18518696261
18519816334,18519838557
18520028302,18520150745
18521173701,18521447588
18521470320,18521947339
18522166621,18522629177
18522555002,18522998356
18523291193,18523530795
18523416863,18523711850
18524056004,18524108840
18526044277,18526419505
18527306720,18528001343
18529159583,18529440760
18529270774,18529688658
18529772822,18529927943
18530043610,18530341144
18530216997,18530773717
18532067886,18532242601
18532480392,18532546154
18533966590,18534162013
18534432255,18534805683
18535850560,18536411699
18535889057,18536050082
18536411466,18536887858
18536568925,18537187162
18538355256,18538676417
18539018237,18539031461
18539154355,18539527915
18540618922,18541210635
18540631978,18540925136
18544261669,18544591908
18544635476,18544906306
18545595930,18545723639
18545772259,18546189897
18546377035,18546549189
18546693052,18547124990
18547498246,18547911541
18547498846,18547995085
18549422471,18550087962
18549651333,18549809935
18550198555,18550359229
18550740612,18550911643
18551111307,18551606962
18551993714,18552369764
18552371979,18552502634
18553443358,18553739353
18555151884,18555697258
18555721515,18556074777
18557424636,18557909017
18558102492,18558729116
18558272532,18558859179
18558394467,18558645289
18558924340,18559439713
18559648026,18559951426
18559850437,18559896263
18560196776,18560470305
18560683267,18560973584
18561028194,18561420200
18561077807,18561310146
18561572347,18561732088
18562180435,18562459779
18562836121,18563232054
18563141161,18563221728
18563317588,18564113476
18563379836,18563689279
18564126669,18564516003
18565576639,18565908390
18567035703,18567069056
18567450041,18567711751
18567731090,18568111669
18569002822,18569224860
18571829474,18572373034
18571853381,18572094123
18572268636,18572516830
18573667549,18574045456
18574960101,18575091266
18576445572,18576544802
18576795612,18576902396
18577748473,18577977095
18579783965,18579800147
18581375070,18581898389
18581765376,18582207405
18582556872,18583127911
18584984817,18585774375
18585419241,18585933055
18585778298,18585958411
18586507692,18586768508
18587273103,18587489934
18587499733,18587964780
18587664475,18588094776
18587922655,18588227624
18588255305,18588631723
18588885852,18589128784
18589131146,18589595772
18589635457,18589899920
18590546244,18590572249
18591349031,18591558779
18592043532,18592292444
18592445319,18592683564
18592707472,18593060722
18593205226,18593578863
18594320121,18594600989
18594755616,18594770335
18595291536,18595817188
18595417577,18595861919
18595592148,18596007887
18596308632,18596464696
18596787315,18596954096
18597268758,18597623633
18599485644,18599544899
18599854030,18599941825
18600170873,18600236891
18600206637,18600266212
18602443322,18602676780
18602689970,18603171837
18605037194,18605375753
18605303574,18605329990
18607939281,18608501720
18608443333,18609040852
18608894009,18609227079
18611856979,18612132589
18611944469,18612076432
18613373149,18613631849
18613973140,18614244646
18614576537,18614649053
18615447137,18616002361
18616458515,18616977613
18616553351,18617183916
18616556047,18617047679
18617198702,18617710145
18619346693,18619567922
18619802764,18620006289
18620343226,18620642963
18622786909,18622998053
18624113878,18624424917
18624990406,18625195722
18625733630,18626054557
18627627678,18627767592
18627642728,18627771943
18627706077,18628365492
18628448880,18628528864
18628870782,18629021658
18629338556,18629671987
18632458376,18632850074
18634932503,18635084838
18634959853,18635088297
18635263820,18635680218
18635580252,18635872864
18635686381,18635930402
18635943453,18636019521
18638444244,18638942864
18639077278,18639180428
18642822638,18643034515
18642995027,18643484305
18643187655,18643724251
18643800306,18643886650
18644914464,18645163403
18645582837,18645886211
18645752276,18646151473
18645832118,18646203445
18645933289,18646283029
18646610815,18646704598
18647466709,18647761367
18648125496,18648152332
18648951053,18649177931
18649147391,18649270737
18649793114,18650080579
18649909534,18650132695
18650696045,18651164613
18651803502,18652062133
18653598229,18653817047
18654622309,18655082339
18654866355,18655401830
18655488999,18655722761
18656091855,18656415706
18656810595,18657059121
18656974200,18657291523
18657635523,18657978751
18657956005,18658148339
18658351080,18658757262
18658451100,18658912412
18659491332,18659940561
18659602037,18659741515
18661355372,18661689307
18662696362,18662786313
18664586382,18664682636
18665923986,18666161338
18666435411,18666876864
18666458877,18666842040
18666871610,18667306670
18668092834,18668246167
18671314864,18671707708
18672353465,18672727148
18672729091,18672826132
18672757964,18672952853
18673316305,18673469049
18673676616,18673772795
18674294365,18674339182
18674332968,18674496455
18675090755,18675435167
18675135304,18675387154
18677392474,18677846924
18678866502,18679280883
18680185880,18680430365
18680837832,18681132832
18680909684,18681228691
18682171670,18682302987
18683227128,18683714631
18683285717,18683495269
18684075084,18684475411
18684299252,18684621109
18685780038,18686123703
18686004748,18686307398
18686349324,18686599715
18687090357,18687315045
18687317777,18687778845
18687836867,18687882617
18688456151,18688922343
18688586829,18688912117
18689766570,18690163907
18691739286,18691818370
18693216646,18693347429
18693651235,18694041013
18693792196,18694370436
18694380846,18694763026
18696925994,18696976341
18697025362,18697427607
18697059003,18697201826
18698633055,18698874700
18698831648,18699177153
18698913852,18699308564
18699424984,18699745972
18700716845,18700979088
18700759823,18701295555
18701316856,18701330441
18701323173,18701570427
18701404142,18701829830
18702045431,18702072082
18702395172,18702767152
18703026676,18703552638
18703151085,18703504928
18703240218,18703644814
18704262543,18704347635
18705662545,18705813829
18705862744,18706342100
18706641250,18707139425
18708406479,18708765297
18708944116,18709147709
18709751255,18710153483
18710626866,18711024998
18712006666,18712434664
18712855837,18713174371
18712917780,18713146852
18714086346,18714305306
18714180636,18714515244
18717088697,18717424494
18719297302,18719559407
18719360919,18719554968
18720468604,18720608069
18720882691,18721093243
18722380609,18722542947
18725429444,18725945064
18726636866,18727012651
18727533786,18727832716
18728500533,18728856533
18728540658,18728764727
18728984905,18729081709
18729245319,18729599857
18729797936,18729931428
18735033688,18735561837
18735116192,18735294865
18736011594,18736495344
18736262218,18736477981
18736673363,18736823935
18736847202,18736875224
18737101810,18737492463
18738263533,18738591494
18738303432,18738389710
18739672472,18740004816
18740130242,18740685427
18742120002,18742436429
18742185576,18742618506
18744416172,18744958908
18744946575,18745276703
18745208426,18745358557
18747274336,18747837466
18748337310,18748427410
18751181360,18751715412
18751356551,18751899662
18752232998,18752629103
18752476150,18752825190
18754963473,18755125480
18755426550,18755535845
18755503764,18755656064
18755942541,18756076429
18756546199,18756650906
18757689665,18758009663
18757773414,18758177655
18758656128,18758899747
18759429730,18759733085
18760722871,18761147374
18761312581,18761543466
18764629957,18765053604
18765069202,18765411163
18765076221,18765332257
18765850259,18765936027
18766472901,18766649491
18766644441,18766716272
18769577453,18769984318
18770459570,18770926547
18770634678,18770741077
18771474008,18771642840
18773167629,18773580335
18773366159,18773571031
18773515375,18773989107
18773952204,18774051977
18774058708,18774391653
18775042687,18775315849
18775633657,18775808615
18775813827,18776083246
18775890205,18776047307
18776381681,18776612098
18777283780,18777507156
18780668276,18780695152
18781012605,18781048562
18783283784,18783314820
18783289626,18783775984
18783315357,18783686828
18784275917,18784301628
18784942278,18785405129
18785201737,18785437877
18785248240,18785692452
18786236620,18786360767
18788291694,18788556875
18789251685,18789304856
18791051631,18791098254
18791362892,18791619420
18791441339,18791819693
18791866228,18791930475
18792709550,18793272270
18792918591,18793203016
18793693930,18794183057
18794317158,18794557213
18794402896,18794604307
18794701363,18794913136
18794933954,18795174745
18795470185,18795937704
18803144769,18803613793
18803305556,18803394627
18804577537,18805103042
18805180398,18805301378
18805266688,18805682328
18805694140,18806050835
18805766368,18806013373
18807227352,18807415457
18809340305,18809897269
18809623005,18810072632
18811963336,18812109061
18812425279,18812728726
18813773438,18814179814
18814833895,18815178465
18814957045,18815305810
18815328264,18815675380
18815465745,18815550534
18816345693,18816731450
18817140807,18817347688
18817280452,18817784082
18817670022,18818023003
18818477109,18818989785
18819314184,18819706859
18819778372,18820252040
18820200433,18820232593
18820417142,18820541903
18823587990,18823813829
18824440612,18824771328
18824958706,18825584009
18825646271,18825701556
18826082904,18826384886
18826353770,18826470815
18827017047,18827212694
18827265554,18827291839
18827396277,18827466240
18828299833,18828549306
18829711546,18829811987
18829730805,18830070086
18830188369,18830329668
18831041831,18831416312
18832091845,18832362249
18832922857,18833278868
18833166187,18833528042
18834088590,18834227689
18834392499,18834784033
18834914770,18835243321
18835010256,18835084543
18835073744,18835287522
18836370327,18836576805
18836450743,18836507122
18836658420,18836896652
18837815071,18837946406
18837957726,18838064780
18838912134,18839182464
18840035518,18840486171
18840780041,18841100613
18841848365,18842074497
18842673942,18843145341
18843081031,18843116524
18843338146,18843521033
18843625959,18843863834
18843759742,18844047331
18845335598,18845599305
18847825600,18848614101
18850073184,18850460379
18851684648,18852086869
18851867301,18851887037
18852243212,18852576986
18852607358,18852912553
18852645541,18853412959
18853763305,18854032644
18854444989,18854996006
18854755425,18854936347
18855860107,18856292033
18856038149,18856287875
18856088070,18856142801
18860888897,18860980072
18861868265,18862181036
18861970366,18862349029
18862923334,18862944045
18863013548,18863060279
18863256876,18863698100
18864390448,18864529922
18865236761,18865273331
18866559484,18866995607
18866924004,18867153172
18867688001,18868066816
18868143078,18868288114
18869612565,18869940122
18869980170,18870295555
18871340382,18871513723
18871514881,18871540116
18871666021,18871740085
18872476322,18872693926
18872483553,18872996866
18872560319,18872680719
18873147539,18873418272
18873720950,18874180138
18874723936,18875064295
18876184215,18876683684
18876594402,18876815391
18877214478,18877487376
18879132685,18879219480
18880112815,18880438747
18880304373,18880691368
18881037255,18881191272
18882053630,18882545402
18882111628,18882257540
18883062885,18883480915
18883281092,18883810587
18883923681,18884205888
18884642251,18884737292
18886082108,18886459215
18887411161,18887526564
18887454998,18887822620
18887768026,18888230421
18887785954,18887867917
18888383737,18888887266
18889568334,18889907657
18890744338,18890906213
18890990833,18891295300
18891193966,18891550993
18892972783,18893129052
18893934789,18893960837
18895436769,18895868187
18895682909,18896230164
18896187371,18896338324
18896415482,18896681371
18897048937,18897103286
18900279896,18900755929
18900505880,18901055275
18902229207,18902752579
18903972355,18904215887
18904158831,18904351539
18904444604,18904954529
18906696806,18906901955
18908153282,18908565083
18908376887,18908921570
18908453051,18908783724
18909156399,18909275198
18909249687,18909337400
18909622938,18910078522
18909801170,18910378777
18909928199,18910285231
18910528715,18911027692
18911655026,18912382031
18912171148,18912362383
18912648342,18913108661
18912985054,18913381851
18914157059,18914318702
18914573611,18914744371
18915154082,18915226594
18916475320,18916963980
18916496674,18916822101
18916548833,18916921526
18916687818,18917234849
18916756509,18916830683
18916871772,18917225004
18919033343,18919234731
18919196952,18919292895
18919697110,18919727993
18919847134,18920068279
18920522500,18920790551
18922952345,18923157946
18923420922,18923631680
18924410760,18924537386
18925557823,18925628848
18926370056,18926838349
18927090380,18927592993
18927374725,18927410293
18927776243,18928086405
18928124081,18928538925
18928544181,18928654083
18928579683,18928924735
18929848884,18929890905
18931090966,18931357996
18933211069,18933517976
18934379817,18934600492
18935629840,18936027162
18935722142,18936408508
18936126185,18936572930
18936277400,18936395398
18936499835,18936534167
18936864841,18937327905
18938294230,18938427858
18939138790,18939633682
18940485303,18940652275
18940802677,18940945979
18942118330,18942367840
18942638655,18943008150
18943415446,18943447489
18943990073,18944085000
18945896600,18946076885
18947495369,18947912256
18947572395,18948389389
18947596474,18948296563
18947916472,18948295931
18948579639,18948668956
18949570024,18949795108
18949696836,18949853499
18950461123,18950779098
18950733707,18951278024
18951077951,18951218724
18951897751,18952346617
18952352012,18952562635
18953075301,18953124693
18954011663,18954151430
18954583214,18954845186
18955710223,18955740264
18959483867,18959849082
18960074568,18960747832
18960088521,18960580355
18960400841,18960862758
18960656282,18961018355
18961933272,18962430688
18963937991,18964009571
18965165361,18965258035
18965855907,18966112800
18966014512,18966436960
18966905801,18967195781
18967098201,18967629402
18968003442,18968211640
18968770120,18969217323
18969432354,18969807573
18969821762,18970454036
18970464199,18970774160
18970489126,18970598657
18971040006,18971256633
18971310591,18971841748
18971598361,18971886697
18972647320,18973015846
18973807027,18974037161
18974332287,18974849110
18975303360,18975373423
18975349500,18975889543
18975799549,18975989957
18978254617,18978428184
18980094178,18980330779
18981375622,18981393462
18983074682,18983640804
18985366316,18985751057
18985575389,18986108446
18985759549,18986232318
18986040039,18986560612
18986650627,18986778374
18986687772,18986751414
18989261822,18989525971
18992208926,18992605050
18992725468,18992905120
18994165298,18994728126
18994199723,18994420235
18995735634,18996314480
18995797312,18996141576
18996240727,18996705418
18998272497,18998553023
18998713053,18999015879
18999110837,18999654163
18999653695,18999952117
19001449618,19001672151
19001630458,19001866866
19002074736,19002570632
19004502912,19004707504
19006553703,19006901862
19006758302,19007112122
19007161336,19007563807
19009733386,19010177692
19010201730,19010228371
19010432919,19010830900
19012400007,19012717502
19015370136,19015511011
19016682663,19017241807
19019338757,19019527086
19022897715,19023397953
19023352326,19023665591
19025312595,19025732156
19025897058,19026181803
19026464690,19026778611
19027904195,19028374448
19028656442,19029094247
19029172030,19029866896
19030532812,19031000107
19032656087,19032755332
19032966648,19033932903
19035019430,19035426082
19035204501,19035554533
19036654817,19037031653
19036784147,19037201955
19038458272,19038617826
19038817906,19039028202
19040199157,19040358487
19040282195,19040456302
19041206567,19041376808
19043058208,19043094750
19043113257,19043592986
19043209283,19043259067
19043903990,19044489454
19044645799,19045184159
19045196711,19045661693
19045242411,19045340364
19045659029,19045773925
19046050191,19046503235
19046779900,19047151394
19046926475,19047448272
19047632314,19047962598
19051006056,19051402466
19052051069,19052598558
19052580348,19052797400
19052930843,19053473493
19053034760,19053834888
19054020736,19054163757
19054192093,19054548269
19055290873,19055806860
19056550871,19056961944
19056836281,19056983845
19056974075,19057650920
19057906500,19058423340
19059952859,19060009194
19060641773,19060978780
19062738480,19063047138
19062802825,19063003061
19062907991,19063276184
19063683532,19064063307
19063942424,19064024567
19064492173,19064756196
19065775564,19066156421
19066879082,19067263906
19067203606,19067575137
19068463411,19068782183
19070237463,19070829177
19070683856,19070706515
19070750998,19070930250
19070913880,19071188985
19071434597,19071523819
19071906556,19072407744
19072080283,19072437444
19072145285,19072481305
19073841132,19074071197
19073978884,19074318924
19074199803,19074274583
19074826969,19075137051
19075456668,19075844941
19075667673,19075871979
19076478024,19076816780
19076478145,19076653271
19076660177,19076866509
19077808827,19078065166
19078733131,19079044463
19079742961,19080099649
19081153305,19081612382
19082154350,19082650188
19082517939,19082679082
19084356037,19084684918
19084676144,19085307937
19084824476,19084994194
19085462685,19085667836
19087408003,19087755633
19088345598,19088678632
19088894913,19089298155
19089655452,19090054544
19092093654,19092569596
19093092655,19093323245
19093458811,19093694418
19094027484,19094193814
19096062443,19096494331
19096383245,19096604812
19096605976,19096988966
19097419080,19097728439
19097866169,19098547274
19099289073,19099533677
19100035387,19100352692
19101689144,19102038569
19103832753,19104251402
19104621098,19105104242
19105369620,19105707487
19105619545,19105992775
19107569717,19107854281
19108058633,19108421885
19108169949,19108630669
19108738933,19108963268
19109323811,19109821525
19109944008,19110152756
19110990374,19111414376
19111342598,19111538308
19111541138,19111654697
19111971114,19112451839
19113855968,19114166350
19114446454,19114494897
19114674694,19115065263
19115084737,19115432999
19115625088,19115925015
19115860856,19115958722
19116531234,19116582692
19117045571,19117208759
19118231809,19118458156
19118478559,19118939252
19118953072,19119266496
19118991508,19119436935
19120214342,19120688197
19121079101,19121501737
19121802099,19121960377
19122121307,19122293483
19123299998,19123690789
19124057940,19124343008
19124987049,19125435063
19125372702,19125618691
19125702982,19126211259
19126089499,19126451163
19127025996,19127474113
19128502985,19128622699
19128629308,19128831961
19129261876,19129746235
19129808594,19130000803
19130446257,19130528483
19131720748,19132077183
19133266476,19133519153
19133690970,19134049176
19133805676,19133989364
19134305574,19134826181
19135784023,19136460678
19136887958,19137289764
19137331000,19137730440
19137390262,19137778556
19138478682,19138843000
19138496936,19138867915
19138574359,19138939963
19141215936,19141617860
19142863865,19143260119
19143182738,19143483150
19144227611,19144518807
19144784685,19144906111
19146700636,19146923939
19148346200,19148777775
19149382418,19149489196
19149541895,19149713180
19149544010,19149862932
19150453525,19150639428
19150961263,19151271022
19154095727,19154120744
19155025658,19155308564
19155713519,19156170817
19156675573,19157000926
19157007729,19157496137
19157381449,19157481785
19159978526,19160068347
19160252921,19160528083
19160591117,19160881276
19160916144,19161411414
19162085457,19162403992
19162538627,19162869474
19162731685,19163419474
19164112906,19164459203
19164733372,19164997273
19164887978,19164983858
19164987834,19165464570
19165240181,19165352876
19168300598,19168785283
19169195545,19169651675
19169344393,19169886173
19171034439,19171512436
19173030758,19173248589
19173154171,19173598243
19173194084,19173473594
19173390940,19173763242
19174272405,19174622960
19175961517,19176411820
19177689639,19177861544
19178308665,19178719693
19178379271,19178577332
19178477609,19178997590
19179830831,19180097997
19180279552,19180313640
19180683916,19180744476
19180917779,19181282526
19181134929,19181614655
19181675344,19182034621
19181771521,19182279975
19182021889,19182217983
19183001215,19183223447
19183689897,19184064531
19185364521,19185452478
19185539079,19185809883
19185887326,19186345257
19186396311,19186763281
19187614699,19187841028
19187765384,19187979221
19188460449,19188659745
19190089544,19190248278
19190423032,19190789931
19190714707,19190961355
19190832427,19191169203
19191700878,19192013432
19191797827,19192111002
19192144947,19192222567
19193991905,19194341836
19194097758,19194453354
19194324229,19194580900
19195765639,19196155201
19196176064,19196481085
19196517534,19196972178
19197727100,19197755326
19197857364,19198154899
19198905006,19199059891
19198920321,19198998469
19199904941,19200046386
19200054159,19200282944
19200265529,19200511195
19201602849,19202102732
19202172569,19202250170
19202757239,19202941706
19202813686,19203316848
19205352522,19205626327
19205416582,19205568917
19205472228,19206013550
19205834476,19206010513
19207609301,19207721744
19208055585,19208145463
19208165477,19208288306
19208531266,19209183401
19208752445,19209156354
19209706259,19210227559
19211113390,19211621761
19212030044,19212100024
19212803635,19212988496
19212957057,19213196898
19214323027,19214619749
19214412350,19214764657
19214631596,19214855037
19214641624,19215105431
19215641418,19215804312
19215725594,19215893365
19218366963,19218498755
19218515720,19218581443
19218948351,19219209244
19222744613,19223082531
19222906735,19223296128
19224730659,19224951339
19226671637,19227149524
19227233018,19227573163
19228690493,19228808747
19229422715,19229599507
19229868615,19230130532
19230053294,19230233836
19231434913,19231742846
19232232493,19232458509
19232470820,19232613132
19232934425,19233238320
19233241953,19233564529
19233253798,19233459074
19234275700,19234734013
19234837048,19235380780
19234966393,19235181729
19235201812,19235232635
19235235839,19235493355
19237858858,19237938477
19238322018,19238825816
19239717427,19240073006
19239724881,19240169535
19240043309,19240270511
19240292433,19240698245
19243713412,19244264528
19245626261,19246482734
19249693359,19250064306
19250077417,19250138374
19250467547,19250517414
19251412355,19251583137
19251577759,19251737522
19251864870,19252271502
19252529988,19252594309
19252604866,19252945962
19254035310,19254331520
19256427442,19256659244
19257181782,19257674325
19257431107,19257940534
19257709978,19258285309
19258348001,19258528309
19258399984,19258721668
19258834102,19259135595
19259095539,19259444447
19259456791,19259843139
19260599371,19260947501
19261234404,19261557318
19262099011,19262642799
19262359799,19262687121
19263170532,19263709908
19264490337,19265100466
19265365888,19265414863
19265386059,19265656735
19265834626,19266142539
19266054468,19266466156
19267295919,19267318772
19269408071,19269667101
19269593862,19269830860
19270038182,19270360145
19270885618,19271280828
19272341848,19272720829
19274090700,19274133865
19274930279,19275079569
19275750777,19275918200
19276266537,19276608297
19278338224,19278542011
19281267415,19281885459
19283363218,19283650005
19284043660,19284466545
19284470891,19284626169
19285205333,19285287726
19285377873,19285761857
19288249600,19288480775
19288370054,19288490014
19288452793,19288859140
19288972282,19289544432
19289294478,19289644214
19289568000,19289661953
19289586559,19289975703
19291220846,19291722798
19291689978,19291816618
19291733160,19292112641
19293667919,19294043858
19297409931,19297438857
19297446731,19297505038
19297570857,19297721585
19299727147,19299759140
19300020879,19300328654
19300069592,19300537432
19302882275,19303031589
19303901607,19304303446
19303909264,19304457723
19305595297,19305868244
19306084358,19306455179
19308521130,19309034515
19308611616,19308861764
19309914372,19310014871
19311624067,19312002446
19312010980,19312069976
19312289939,19312683901
19312448316,19312619774
19315089555,19315400238
19315123997,19315720380
19316355923,19316861768
19316821653,19317077013
19317261246,19317452952
19318332529,19318510554
19319860071,19319972926
19320494390,19320778240
19320800296,19321093343
19321191739,19321258520
19321651647,19321797397
19322794016,19323091110
19324854359,19325290737
19326161962,19326508687
19326530440,19326575915
19326582371,19326851044
19327206111,19327329001
19328960673,19329101624
19330006138,19330206113
19330115672,19330591064
19330239511,19330570369
19330248812,19330296792
19330725281,19331215044
19331289598,19331667190
19331645233,19332216923
19332757848,19333017949
19334179993,19334468745
19334880937,19335246594
19336017819,19336359257
19336465867,19336785442
19337053307,19337265462
19337674150,19337918394
19337921359,19338296775
19338308650,19338361113
19339231749,19339739504
19340327724,19340724051
19341049897,19341553248
19341523507,19341923635
19342409953,19342658697
19342469868,19342947632
19342912150,19343081078
19344153178,19344578279
19344591747,19344843425
19344850351,19345054496
19345082867,19345096207
19345171707,19345413433
19346977807,19347042992
19347557068,19347701660
19349499249,19349580202
19349687375,19350147600
19350778748,19350812344
19351446423,19351896118
19354194461,19354352582
19354409688,19354738056
19355355940,19355964618
19355495525,19355948043
19356092804,19356156551
19356549276,19356791686
19356807261,19357327193
19359046087,19359440477
19360541128,19360805217
19360742500,19360950100
19360855984,19361325607
19362781967,19363104167
19362972544,19363499383
19363119120,19363597712
19363599689,19364173196
19366694031,19366759577
19366717610,19367204716
19366800309,19367284161
19370107710,19370493837
19370741855,19370796464
19370932429,19371420302
19371633224,19372094833
19372611362,19372666426
19373066106,19373828344
19374135709,19374600368
19378346684,19378528258
19379802261,19379849545
19380554932,19380785215
19380645394,19380793012
19380798054,19381174907
19380856360,19381352905
19382906848,19383361173
19384976142,19385051092
19385822617,19386127135
19386701489,19386931795
19386825175,19387267738
19387623488,19387821850
19388201429,19388557559
19388207530,19388533644
19388895113,19389427921
19389480887,19389985336
19390086828,19390208288
19390700260,19390994668
19392852426,19393638490
19395204621,19395581520
19395429457,19395614814
19397074939,19397270211
19400005513,19400312418
19400931285,19401491807
19402293642,19402553590
19402775347,19403001368
19404312987,19404614497
19408882124,19409261968
19409232024,19409638115
19409433466,19409698400
19411117478,19411405132
19411739488,19412304130
19412094670,19412208166
19412305947,19412527144
19412563367,19412765465
19412646321,19413148131
19414128956,19414284628
19414337502,19414743341
19414494503,19414989814
19414710544,19415030849
19416879234,19417181474
19419329637,19419818146
19420327243,19420753904
19420832366,19420875700
19421203362,19421452754
19421942651,19422274212
19422835411,19423224018
19423204028,19423528540
19423586365,19423740991
19423944325,19424191889
19425704095,19426112998
19426461667,19426591660
19426805120,19426846093
19427058372,19427101726
19428618514,19428927066
19429786730,19430331387
19430338977,19430493452
19430556332,19430825822
19431298529,19431523884
19431582826,19431614287
19432602110,19432650424
19432710312,19433096690
19433339382,19433586732
19433378110,19433819203
19433610450,19433930530
19434528255,19434862397
19434637080,19435123534
19435645868,19436103938
19435696242,19436158889
19436430007,19436751345
19440045858,19440290349
19440925018,19441256205
19441202574,19441226129
19441258141,19441685278
19441374533,19441527813
19441387934,19441587933
19441903642,19442108450
19443622472,19444022124
19444287940,19444553123
19447690324,19447872403
19448788295,19449025603
19449177835,19449335267
19449578720,19449672146
19449614091,19449892084
19449894065,19450363889
19450925958,19451064505
19451394286,19451874322
19452399994,19452537093
19453298947,19453504830
19453971673,19454426179
19454591705,19455051749
19454751221,19455174608
19456085232,19456127972
19457321576,19457404456
19458031637,19458447242
19458177178,19458371276
19458392179,19458758021
19459813943,19460117139
19461725434,19462225495
19461962008,19462416318
19462749347,19463148015
19464932350,19465152008
19465378139,19465546776
19465553862,19465619091
19465655368,19466177540
19465960869,19465986014
19466945813,19467505221
19469038051,19469371397
19469156044,19469278049
19469375275,19469856148
19469811627,19469841242
19470007507,19470389585
19470397938,19470521515
19470833050,19471152594
19471212935,19471438147
19471379725,19471664750
19471443070,19471719655
19473400540,19473830033
19474203181,19474377511
19474385900,19474427708
19475081614,19475233094
19475447398,19475994267
19475482388,19475903662
19477773270,19478199571
19479896093,19480055922
19479989971,19480175820
19481103387,19481493318
19481591814,19481629306
19481949682,19482004423
19484354962,19484715622
19484428507,19484902550
19485407170,19485773912
19489281014,19489321381
19489284927,19489424897
19489876357,19489938970
19490240791,19490500872
19493800800,19493882959
19493867411,19494010390
19494924900,19495676128
19495427217,19495522251
19497404071,19497849819
19497673615,19498028758
19497834251,19497922482
19498328657,19498394295
19498544470,19498826331
19499103994,19499560841
19499346926,19499783548
19499492275,19499639881
19501927770,19502563299
19502408710,19502569102
19502805756,19503377098
19503187115,19503663000
19503678386,19503904071
19504645169,19505121856
19506345279,19506799467
19506505963,19506950664
19506561673,19507009166
19506858946,19506983551
19506952959,19507284545
19507387160,19507981533
19508728803,19508855165
19509053810,19509201584
19509760973,19510046177
19510794414,19511289178
19510814183,19511250327
19510948031,19511502784
19511252953,19511489775
19511549270,19511609048
19512529612,19513037819
19513425591,19513577580
19515325426,19515690440
19518371531,19518777471
19518378840,19518820288
19518544449,19519063778
19518790157,19518950626
19520756987,19521066934
19520922145,19521321754
19522443222,19522836533
19522912187,19523257859
19523443057,19523654161
19524051085,19524093838
19525147372,19525457588
19525199072,19525567995
19526971840,19527330363
19529879203,19529973943
19530040664,19530397599
19531119224,19531555204
19532324690,19532615181
19533502335,19533641556
19535558166,19535986172
19537123176,19537670022
19537393409,19537619567
19539125981,19539745703
19540449348,19540510952
19540476706,19540831771
19542367120,19542638470
19542621650,19543064120
19543593390,19543633038
19544059760,19544289975
19544277721,19544808518
19545163305,19545548240
19545637980,19546096146
19546557049,19546955650
19547255484,19547962887
19547280266,19548195177
19548329937,19548674603
19549269038,19549825363
19549419871,19549546140
19551700722,19552256750
19551868914,19552255341
19555218196,19555513139
19555648738,19555810217
19556821100,19557489191
19559398062,19559734995
19559886910,19560027636
19562219548,19562555858
19562679015,19562948322
19564090728,19564481801
19564355763,19564666490
19565574059,19565894950
19566758908,19567186359
19568622603,19569224175
19569130252,19569361829
19569225829,19569602566
19570761591,19571161343
19572000046,19572410796
19573503736,19573814194
19574258848,19574844820
19574915903,19575082322
19575433763,19575753423
19575512128,19575927298
19577037319,19577803537
19577601661,19578026069
19579901308,19580106710
19580639136,19580763626
19580839187,19581051847
19582898761,19583290555
19583711157,19584209341
19584081616,19584278712
19584127348,19584568426
19585198218,19585651418
19585327274,19585623831
19585654332,19585830347
19586917849,19587029259
19587394391,19587442334
19587616928,19588006126
19589101063,19589499883
19590060453,19590268550
19591807527,19591878768
19592107308,19592409716
19592246111,19592660986
19593022851,19593438356
19593212558,19593628237
19593351287,19593728043
19593365464,19593856319
19595547045,19595843595
19596149246,19596505128
19596218336,19596634474
19596237500,19596876751
19597853078,19598242204
19598190806,19598712180
19599063106,19599452763
19599889468,19600085552
19600142355,19600397133
19600276085,19600376995
19601912081,19602120536
19604196063,19604698791
19604504742,19604991163
19604551473,19605087873
19605180341,19605392895
19605665415,19606109121
19608160144,19608975128
19608716236,19608798738
19610906143,19611127972
19611277760,19611680576
19611328438,19611705749
19611632274,19611853753
19613003007,19613346218
19614090641,19614457672
19615233764,19615608086
19618186465,19618547958
19618626699,19618679911
19619036196,19619521883
19619322889,19619366994
19620035642,19620559513
19621613134,19622147447
19624622342,19625192443
19627392978,19627816851
19628175262,19628660664
19630268963,19630830791
19630983559,19631102723
19632973755,19633154361
19633346145,19633389419
19633539082,19634154784
19634105066,19634471994
19635879516,19636187783
19636234105,19636706433
19636524215,19636965285
19637071783,19637651497
19638528464,19638720471
19639286225,19639783896
19639598235,19639972988
19639997370,19640473333
19643394032,19643430770
19644848982,19645280732
19645687377,19645737343
19645726225,19645990934
19647047489,19647413139
19649954137,19650428952
19652258050,19652280068
19653482646,19653538211
19653545938,19653613126
19653566647,19653772809
19653788646,19653856052
19653872800,19653944762
19654442085,19654762455
19655060792,19655454443
19655280897,19655634721
19655586881,19656107740
19655739460,19655920759
19655747975,19655942602
19655765710,19656160317
19656140890,19656687723
19657692857,19657940346
19658463678,19658621729
19660730100,19660930908
19661889758,19662278704
19663217923,19663742595
19663590895,19663650027
19666409752,19666646445
19666948470,19667460571
19668323819,19668805257
19668795389,19669079146
19669860641,19670131977
19671299515,19671497485
19671357754,19671887979
19673192383,19673540130
19673984104,19674318815
19676792927,19677545024
19676855927,19677598828
19679607069,19680219192
19679987330,19680383406
19681670281,19681929436
19682348857,19682513348
19682430880,19682581438
19683671275,19684060506
19684762372,19684949560
19686202568,19686599243
19686758998,19687362239
19687973116,19688217863
19688253014,19688279856
19688909593,19689254633
19689196131,19689721975
19689503496,19689610937
19691068462,19691367525
19691428245,19691886537
19693550820,19694096011
19693673456,19694273703
19695500986,19695732111
19697042108,19697208829
19697287447,19697613971
19697325293,19697349917
19698020851,19698044256
19699151904,19699462411
19699213529,19699264890
19702425285,19702864687
19702499627,19702653897
19702643853,19702723154
19703327166,19703528128
19703848861,19704234116
19704114528,19704629949
19704222030,19704625721
19704824855,19705060345
19705317686,19705468142
19708216189,19708414276
19708407781,19708676331
19708417695,19708796022
19708810662,19709169712
19711083901,19711595318
19711315355,19711681406
19712288337,19712467325
19712385955,19712928750
19713472117,19713957066
19714210418,19714615745
19714572902,19714902179
19716188093,19716501830
19717065781,19717508918
19718452520,19718834396
19718578031,19718596178
19719866455,19719991660
19719916669,19720016247
19720852893,19721054281
19721837719,19721853052
19721975014,19722098978
19726334095,19726632946
19727269881,19727663397
19727331569,19728088749
19727348085,19728315198
19730909023,19731313904
19731659891,19732150218
19732304349,19732841284
19733291528,19734113895
19734926486,19735081672
19736509252,19736974196
19736602735,19737156377
19737142437,19737480658
19737597539,19737826407
19738177666,19738664796
19738735297,19739214971
19740017445,19740401684
19740756057,19741076517
19740786919,19741102297
19740991366,19741494669
19741331849,19741375339
19741468576,19741889300
19741632550,19742074161
19744946572,19745106445
19745257059,19746150924
19745258238,19745570240
19745551576,19745864536
19747375401,19748033941
19748175360,19748566179
19748263925,19748752552
19748928597,19749208631
19749354794,19749727598
19749716917,19750231623
19750044487,19750423534
19752458313,19752846941
19752694938,19753196843
19753205444,19753650350
19753760793,19754058637
19753821998,19753846835
19754089228,19754550593
19754556462,19755096263
19755894960,19755940345
19756480708,19756998068
19756686566,19756934994
19757683749,19757890620
19758130671,19758168250
19758316457,19758385790
19758635045,19758764942
19759420892,19759466413
19759464356,19759490992
19761596588,19761912705
19762047578,19762574791
19762219059,19762490294
19765023157,19765189530
19767012865,19767767070
19768388117,19768503919
19768474994,19768550357
19769105661,19769352500
19770776240,19770963285
19771558649,19771723628
19772196951,19772911925
19772211900,19773106540
19775248642,19775383630
19777612406,19777665129
19777671719,19778134077
19777896205,19778022488
19778322297,19778682573
19778638235,19779134076
19782229804,19782594719
19782692925,19783158621
19783352623,19783609421
19783746805,19784246963
19783762623,19783857526
19783821288,19783987337
19785347526,19785492368
19787031378,19787397637
19787824904,19788204558
19788214668,19788369280
19789607822,19790050241
19790890964,19791114730
19791906307,19792342211
19792852434,19793437832
19794589660,19794946215
19795333088,19795849148
19795487211,19795520273
19796142755,19796705322
19796347519,19796773804
19796790911,19797021533
19796848118,19797429647
19796875415,19796977985
19798211381,19798413679
19800338726,19800697594
19801018350,19801320449
19801629638,19801782259
19802195384,19802500054
19802524721,19802807977
19803015000,19803340097
19803964140,19804477873
19804804048,19805079133
19805937049,19806035578
19806055649,19806145442
19806333972,19806694074
19806708860,19807239459
19806721510,19806751799
19806887439,19807227456
19810532735,19811308567
19810577273,19811183099
19813176326,19813554911
19813365080,19813652957
19814636278,19814906332
19814902787,19815381981
19814987000,19815016682
19817602424,19818168091
19818498129,19818760816
19819635563,19819884687
19819699210,19820068622
19820911482,19821155325
19821462366,19821817715
19821900253,19822328962
19823550724,19823971953
19823634147,19824378685
19825852854,19826343884
19825894939,19826049618
19826510046,19826558368
19827391603,19827708335
19829418581,19830013190
19829644318,19829837442
19830606208,19831210263
19831596533,19831894761
19833983505,19834465379
19834444901,19834925539
19834602249,19834906246
19836102832,19836235299
19836432233,19836514592
19837340667,19837588559
19837376896,19837644113
19837902205,19838391846
19837951590,19838211206
19838686608,19838720181
19838890369,19839236554
19839997584,19840452799
19840175077,19840279504
19844156251,19844469121
19844785070,19844822577
19845244595,19845277461
19847209040,19847680388
19847606181,19847993002
19847889375,19848185167
19848055113,19848397842
19848578302,19848930343
19848868300,19849070575
19848948100,19849130293
19849973473,19850457789
19851692466,19851819820
19852422893,19852608737
19853096132,19853656465
19853287094,19853690997
19853782716,19854134354
19854623159,19855086784
19855267092,19855675246
19855677696,19856054016
19855856924,19855890256
19856219843,19856634505
19857477545,19857829630
19857643738,19857847284
19858335026,19858454131
19858764191,19858975453
19859586053,19860054598
19860315110,19860901821
19860956400,19861460059
19862786191,19863016650
19864141532,19864505414
19864181507,19864463841
19864231113,19864419840
19865271533,19865624042
19865545292,19865740364
19866606314,19866667835
19867070199,19867424638
19867448103,19867792939
19867491435,19868010378
19868046547,19868224661
19868886109,19869023714
19869375280,19869822909
19869666268,19870073127
19870682954,19871354908
19871981986,19872366601
19872014530,19872464426
19873485142,19873826760
19873602594,19874184510
19873854208,19874116096
19875796068,19875954801
19875841140,19876213508
19876158838,19876515558
19876370173,19876676890
19876525100,19876639788
19877560123,19877793591
19880222416,19880623189
19881556564,19881910580
19882736170,19882940342
19885170843,19885693704
19885298727,19885445028
19886973906,19887497362
19888267705,19888715791
19888841123,19888924999
19888972502,19889299221
19890851593,19891470396
19890859965,19891346094
19891285658,19891800862
19891881035,19892500825
19892151321,19892455187
19893248745,19893602025
19895313975,19895366635
19895401135,19895940161
19897333007,19897658344
19897540329,19897821044
19897953780,19898277674
19897954423,19898443878
19898080812,19898219223
19898363349,19898707445
19898984501,19899454509
19900233438,19900589582
19900677325,19901054093
19901177719,19901388211
19901750450,19902147501
19901929761,19902381906
19903930001,19904259130
19904305120,19904679025
19904434188,19904807792
19905181773,19905691629
19906147080,19906485755
19906372372,19906891072
19907219159,19907595646
19909116671,19909517308
19909157712,19909533675
19910501646,19910664576
19911313813,19911532636
19911541819,19911906450
19913597060,19913885718
19913701408,19914180245
19914628508,19914740336
19917337070,19917519152
19917663673,19918146903
19917991690,19918276077
19919360918,19919705881
19920295357,19920343362
19921413339,19921435748
19923330327,19923384083
19923400189,19923607285
19924208913,19924529877
19924237177,19924281202
19925860571,19926207172
19926780306,19927084274
19928465168,19928789474
19928517800,19928738947
19928796693,19928833071
19929442977,19929525702
19933071427,19933496929
19933407398,19933692174
19934269582,19934292892
19935160708,19935371949
19935237581,19935433918
19935269477,19935480587
19936254814,19936705137
19936292447,19936435155
19937200837,19937547806
19937547259,19937767233
19937696055,19938154967
19939536713,19939882433
19940579083,19940992358
19940795425,19941249074
19941528223,19941628302
19941682081,19941869692
19942168054,19942451814
19943044833,19943214318
19945084175,19945415561
19945406141,19945673852
19946151557,19946543828
19946546735,19947050405
19947666743,19948220156
19948974534,19949557519
19949424289,19949636426
19950255555,19950520591
19950368425,19950587951
19951405663,19951658588
19952937360,19953130399
19953511663,19953825700
19954528250,19954662791
19954848387,19955487370
19955119851,19955359823
19955394982,19955604385
19958064811,19958133314
19958201826,19958286757
19959492448,19959630821
19959629019,19959952454
19959954266,19960424837
19960486690,19961038329
19962598952,19962932786
19966477746,19966996196
19968471515,19968625038
19969046031,19969492344
19969309400,19969521565
19970261531,19970730513
19971028164,19971449631
19972128376,19972285987
19972357373,19972846981
19972862781,19973112718
19972904301,19973150442
19975163137,19975221980
19975745136,19976131819
19975792672,19976206234
19977197800,19977670120
19978257021,19978694294
19981904746,19982121197
19982126042,19982541280
19982787742,19983010910
19984590822,19984905938
19986160733,19986220573
19987432602,19987948323
19989797065,19990056613
19989860559,19990420936
19989943103,19990605552
19991637990,19991819572
19994322051,19994756512
19996032316,19996162667
19996664802,19997218503
19996805280,19997405523
19997000250,19997141228
19997238820,19997713669
19998336688,19998499820
19999379552,19999752107
20000203058,20000356184
20001115592,20001403849
20001181828,20001533200
20001634580,20001738031
20002013897,20002397305
20002064527,20002244835
20002538010,20002885005
20002639105,20003014482
20003259989,20003655512
20003598669,20003627057
20004718395,20005135108
20005137023,20005507092
20006823848,20007390604
20008771599,20009000881
20009361095,20009546931
20009766611,20010205200
20009875329,20010277239
20010120444,20010414618
20010325339,20010458884
20010395631,20010745009
20011054992,20011442120
20011499859,20011755119
20013242835,20013310219
20013893222,20014280327
20013932183,20014515485
20016047662,20016272803
20016742812,20016948680
20016940612,20017373850
20017102624,20017660533
20017486926,20017820144
20018516837,20018648612
20018608232,20018924740
20020547492,20021226752
20020604609,20021064897
20021794070,20022328881
20022726862,20022853148
20023079632,20023286354
20023457262,20023627174
20024992976,20025066777
20025326637,20025521077
20025545591,20025604684
20027780579,20028220699
20028630954,20028991223
20028648998,20029183256
20029018762,20029333851
20029207305,20029751314
20029536401,20029630875
20030460211,20030940994
20031994497,20032087239
20032456174,20032510225
20032504549,20032718045
20033454759,20033569042
20034188888,20034731512
20034338098,20034357929
20036483733,20036521379
20036987971,20037272798
20037123826,20037622798
20038071062,20038406858
20038977575,20039017785
20040975531,20041216532
20041048758,20041511386
20042059342,20042287513
20042303945,20042785255
20044646045,20045194740
20044822009,20044990470
20045677366,20046536055
20045789484,20046053594
20046304811,20046810260
20047094834,20047646480
20047288695,20047467782
20047639885,20048229780
20047765602,20047813412
20048141497,20048243829
20049308224,20049537510
20049353261,20049922335
20049370978,20049433001
20049479723,20050277723
20050019204,20050484746
20050358718,20050446869
20050962027,20051032723
20052287535,20052558545
20052450423,20052756803
20052602122,20053196561
20053760764,20054040156
20057153639,20057623325
20057221767,20057441359
20059140153,20059467783
20059164623,20059489399
20059166713,20059541330
20059296256,20059482920
20059423713,20059856482
20060827886,20061171867
20061467414,20061498065
20061999862,20062272031
20062280548,20062815989
20062503379,20062792733
20063910239,20064241639
20065289130,20065712841
20065628590,20065818169
20065926564,20066143155
20066376238,20066819002
20067163011,20067375413
20067629444,20067709850
20067741456,20067864798
20069953038,20070410054
20070254583,20070433556
20070575510,20070986330
20073113762,20073706303
20073647665,20073956084
20074027205,20074570495
20075631045,20075761119
20077449982,20077627527
20078223624,20078362323
20080353620,20080721899
20081223944,20081536997
20081425881,20081785256
20082925956,20083152718
20083728465,20083882398
20084246277,20084752854
20086228626,20086614155
20086281210,20086576961
20086346658,20086595033
20087231342,20087594686
20087524506,20087697934
20087667371,20087935228
20091094334,20091755598
20091719325,20092066758
20091896672,20092007128
20092579887,20092962381
20094103227,20094501549
20094260264,20094320871
20094333872,20094565161
20094802404,20095226103
20095573547,20096237007
20097924497,20098338023
20098079367,20098182460
20098916648,20098959433
20098918384,20099027178
20099393269,20099819637
20099753287,20099916471
20100274169,20100660341
20101571417,20101997386
20101927920,20102441656
20102868090,20103188492
20102974011,20103685772
20104623305,20105141937
20105133579,20105446865
20105824833,20106323598
20106340098,20106719108
20106438457,20106916548
20107661634,20107820206
20108004896,20108045802
20108009439,20108120261
20108148226,20108446459
20108291729,20108434329
20108430883,20108909187
20108880485,20109224844
20109364758,20109631863
20109457921,20109988366
20109724032,20109939409
20112086116,20112391975
20113606791,20114006369
20114522211,20114922189
20115720071,20115736732
20116028309,20116064887
20117798276,20118266836
20118747172,20119165294
20118768795,20119211058
20119798539,20120071102
20121445256,20121513651
20121717750,20121881301
20121734231,20122175914
20121885542,20122193855
20123021299,20123179596
20124514409,20125147895
20124707465,20125058820
20124936960,20125184247
20126215334,20126582465
20126592179,20126934243
20127826855,20128351287
20127933917,20128447782
20127975616,20128362887
20128044793,20128461900
20129005460,20129508383
20129251318,20129456398
20130658008,20131181166
20131014719,20131088781
20132182641,20132508180
20132413754,20132861247
20133067583,20133110868
20133782061,20133862554
20134136380,20134513392
20134168670,20134392830
20135156072,20135475153
20135782286,20136268556
20136508073,20136870963
20138007705,20138318520
20138275026,20138511604
20138699557,20138727154
20139057835,20139384717
20139901133,20140123960
20141922101,20142261366
20142908521,20143334499
20142922467,20143128503
20142938198,20143259199
20143939996,20144359608
20144068656,20144390905
20144338478,20144596478
20146078535,20146567303
20146530962,20146950907
20147271432,20147418081
20147349223,20147653926
20148170803,20148525543
20148265025,20148294727
20148666295,20148871011
20150142888,20150223249
20151473989,20151663862
20151860409,20152232912
20152213823,20152476173
20152309706,20152665753
20152544523,20153086985
20152849781,20153098382
20153664838,20153884380
20153919076,20154369353
20153977596,20154076342
20155578626,20155778445
20155771067,20156055597
20156284419,20156419070
20157296423,20157565034
20158973747,20159079766
20159049587,20159209988
20159356791,20159728769
20159940564,20160168589
20160418542,20160795024
20160450782,20160622435
20161451612,20161943252
20163567335,20163756262
20163615969,20163962966
20164150519,20164257279
20164769742,20164979238
20167544612,20167953671
20167973446,20168404976
20169507085,20169582020
20170730517,20170849013
20172057809,20172458136
20172264519,20172801828
20172469276,20172749655
20172901101,20173158250
20173062223,20173319235
20173075267,20173244806
20175372355,20175641430
20175655055,20176053470
20176068875,20176618159
20176646527,20176695179
20178058379,20178238061
20178766900,20178942775
20179719873,20180127978
20179752802,20180202458
20181987138,20182312864
20182450351,20182627388
20183216427,20183450690
20183529669,20183683182
20183663579,20183949147
20183744111,20183818961
20184528013,20184740405
20184538471,20184671333
20185603694,20186078682
20186414939,20186843760
20187998691,20188180725
20188250394,20188667793
20190034063,20190143027
20190875351,20191270770
20191875758,20191976701
20192500962,20192530961
20193465700,20193776104
20193651983,20194027554
20193790697,20194286730
20194208038,20194523807
20194313686,20194664368
20195271729,20195356693
20196859536,20197186701
20197283910,20197613912
20198960718,20199244233
20199520149,20199856845
20200111450,20200376350
20201267035,20201381065
20201336468,20201506085
20201535420,20201886757
20202457731,20202839604
20202615724,20202654069
20202921085,20203057312
20203327975,20203544462
20203382484,20203411891
20204942266,20205226212
20207883732,20207996688
20208846212,20209366769
20209521374,20209571666
20209707643,20210254217
20214497053,20214895265
20214779470,20215478867
20215486061,20215799128
20215533870,20215874108
20215685431,20216006286
20215940872,20216337026
20216173584,20216635514
20216364283,20216433759
20216730571,20216804692
20217090423,20217119027
20218143464,20218344809
20218260911,20218627048
20218916922,20219409336
20219819170,20219872166
20219883064,20220043314
20220014502,20220208372
20220534892,20220944844
20220820392,20221242866
20221812952,20222058582
20223441738,20223707400
20224933413,20225122673
20226059136,20226189140
20226504223,20226863413
20226579936,20226864287
20226930442,20227005308
20227040315,20227502032
20227608681,20227808406
20228265614,20228537669
20229397671,20229717217
20230467743,20230575736
20231216169,20231264478
20231314570,20231693267
20231519792,20231973020
20232424929,20232568251
20232844006,20232901644
20233936955,20234336190
20236530221,20236723610
20236848240,20237321981
20239686377,20239911410
20240431029,20240556363
20241438900,20241905836
20241977832,20242116202
20242048082,20242166531
20242353475,20242577747
20242568104,20243009996
20243086742,20243606618
20243375556,20243881553
20243410431,20243781257
20243490731,20243692320
20243908919,20244186571
20244149528,20244637627
20245056364,20245161525
20245982393,20246486132
20246686922,20246910825
20247667721,20248066946
20248336614,20248397520
20248606685,20249147518
20250626246,20251296096
20252341529,20252905232
20253262138,20253526875
20255346699,20255806142
20255610231,20256007545
20255638406,20256269913
20255744021,20256132887
20257312303,20257416938
20258017433,20258329077
20258338394,20258455171
20258345974,20258550686
20258643291,20259038934
20259174162,20259224985
20260290563,20260512852
20260372559,20260479912
20260755961,20260807237
20262022444,20262076392
20262458200,20262729669
20264944035,20265243308
20264962767,20265102389
20265222915,20265446873
20265682830,20266334873
20266048359,20266388221
20267660450,20267777615
20268495659,20268813020
20271155783,20271343742
20272104610,20272296385
20273539502,20274036648
20274113469,20274493302
20274371594,20274605642
20275108269,20275511642
20275362849,20275751268
20275609565,20276049363
20277741492,20277870320
20277753090,20277846669
20277829550,20278226452
20277906635,20278450446
20278458954,20278625975
20278995660,20279037735
20279073899,20279502768
20279802886,20280257500
20280931931,20281322034
20281343322,20281391348
20281358171,20281731724
20282004978,20282325759
20282677358,20283113432
20284088883,20284328935
20284529881,20284631050
20288058890,20288586139
20288094485,20288556063
20288396214,20288894354
20289120662,20289442789
20290241479,20290453789
20291525171,20291775309
20291733039,20292051467
20292050917,20292241002
20292305574,20292363423
20292345702,20292764223
20293320308,20293385468
20295523156,20295985813
20296778156,20297310415
20298836336,20299138386
20299289317,20299339044
20299532857,20299889022
20299591164,20299809796
20299744220,20300108512
20300116763,20300388478
20301926715,20302111433
20302099917,20302303850
20302346776,20302765442
20303159715,20303253476
20304217595,20304866848
20307544268,20307622709
20307700902,20307772875
20307706564,20308049404
20308272369,20308738053
20309935827,20310115709
20310124602,20310177370
20310654563,20310798569
20310748964,20310953067
20312692403,20313036383
20313445340,20313651267
20313554327,20313706066
20314215424,20314560194
20314569850,20314820123
20314591345,20314640692
20315510889,20315873370
20315900305,20316061743
20317575119,20317866622
20319211993,20319600344
20319919612,20320030969
20320785616,20321174477
20320799285,20320997974
20321404398,20321653410
20321639951,20321982623
20322749784,20323055381
20323872986,20323915458
20324154764,20324613833
20327299145,20327574398
20328965298,20329280921
20328980063,20329049708
20329676369,20329744323
20330701577,20330787585
20330965219,20331088665
20331134714,20331588520
20331327665,20331636494
20333213418,20333441264
20333730838,20334201425
20333945804,20334017427
20333997278,20334088959
20334745450,20334835136
20337067955,20337523658
20337612597,20338016750
20337615019,20337912974
20337732661,20338296863
20337831388,20338291058
20338102865,20338594071
20338759076,20339270533
20338886301,20339181691
20339057596,20339549441
20339295413,20339532762
20339320467,20339347861
20340076632,20340520930
20340981814,20341412167
20341677043,20341733885
20344195602,20344222342
20344518015,20344853554
20344927766,20345273684
20346547933,20346587209
20347269164,20347553546
20349279314,20349659113
20349535590,20349754053
20349649875,20349807482
20349780883,20350566998
20350580092,20350987438
20350910825,20351420745
20351332922,20351658834
20352453169,20352678197
20352745882,20353007821
20353801989,20354315481
20354016208,20354205879
20356312444,20356690354
20356318813,20356826352
20359147726,20359447275
20359983081,20360318689
20360076982,20360140054
20361669434,20362165408
20363335858,20363631453
20363342834,20363823349
20363989367,20364563974
20364423492,20364764100
20364610567,20365080477
20364732997,20364942578
20365314428,20365707266
20366179183,20366580075
20366875432,20366915420
20367478894,20367836249
20369772771,20370307062
20369934068,20370117633
20372299062,20372408909
20372742561,20373445555
20373665084,20373934688
20373741684,20373959770
20374101223,20374495991
20374698082,20375120974
20375160793,20375426531
20376526470,20376958253
20377329292,20377715155
20377346031,20377464644
20379374818,20379718396
20380727287,20380946714
20381512221,20381921154
20382160411,20382459857
20382240633,20382600865
20382849532,20383210117
20383011975,20383430821
20383319675,20383636723
20383638126,20383668675
20383719390,20384012143
20384123359,20384449197
20384771992,20385073216
20386774612,20387199899
20386940893,20387148851
20388676953,20388883856
20391159604,20391629295
20391500644,20392036822
20392584997,20393175766
20392931248,20393481459
20393250491,20393300531
20394502282,20394901342
20395227545,20395578408
20395274155,20395538947
20395971999,20396213659
20396795128,20397039395
20396985009,20397173491
20398296827,20399050462
20400485940,20400734182
20400986258,20401094187
20401156114,20401238223
20402111347,20402464002
20402657179,20402933936
20402919953,20403262621
20404255453,20404672538
20404258088,20404959552
20404748260,20404903145
20406895799,20407260235
20407027596,20407434539
20408688480,20408843311
20408796459,20409142630
20409247693,20409568902
20409526994,20409789379
20409721645,20410082018
20410182943,20410504931
20411714124,20412058021
20411911058,20411963820
20412299626,20412855135
20413420333,20413713348
20413858643,20414058678
20415769828,20416160574
20416729078,20416835274
20416997173,20417545791
20417272144,20417407953
20417293090,20417495935
20417548208,20417578358
20418512993,20418799067
20418944317,20419046185
20419093774,20419597089
20420638787,20420650733
20420917257,20421497480
20421694397,20421867809
20422854446,20423129072
20422921688,20423152987
20423604642,20424004052
20425559037,20425610762
20425949177,20426010421
20427809258,20428230544
20428405569,20428652518
20428597512,20428963730
20428711031,20429095439
20431521734,20431641838
20431547920,20431830961
20432212702,20432628586
20432521484,20432724223
20433404685,20433551228
20433508152,20433885354
20434469717,20434733068
20434980907,20435419195
20435980481,20436462560
20436690224,20437046208
20437060940,20437125466
20437955978,20438072998
20438468637,20438835787
20439205947,20439332225
20439700465,20439786198
20440020493,20440173374
20440721613,20441082865
20441523339,20442039645
20441868042,20442104104
20442088173,20442253771
20443107608,20443447943
20443202530,20443276919
20444176545,20444597115
20444541703,20444667627
20445005372,20445147392
20445502606,20445901449
20446049941,20446509283
20448569705,20448912803
20448681458,20449013671
20449153387,20449615491
20453197381,20453340739
20453380756,20453600588
20453606962,20453807868
20455171802,20455238025
20455498889,20455640460
20455580400,20455785862
20455639864,20456138313
20455678450,20456021544
20455684295,20455981752
20455972248,20456137883
20456070090,20456488253
20456146288,20456399305
20456653628,20457080591
20459077947,20459412867
20459285795,20459614810
20460523737,20460816872
20464093997,20464337511
20465213465,20465386157
20465943103,20466143007
20466992780,20467063094
20468461048,20468708093
20468526501,20468650742
20468833367,20469138880
20469069387,20469325670
20469597000,20469860293
20469656442,20470112945
20473833032,20473976733
20474552880,20474780484
20474587115,20474764859
20475295740,20475351147
20476423966,20476893125
20477529556,20477883526
20479676138,20479897767
20480953026,20481338162
20481043850,20481292146
20482616679,20483082590
20482750214,20482962270
20483215465,20483580538
20483560609,20483871435
20484395752,20484702816
20484545062,20484951321
20484947264,20485232697
20484979160,20485358576
20485436063,20485829329
20485618008,20485924295
20486830286,20487189050
20487106492,20487283449
20487357505,20487567928
20488170208,20488423894
20488381559,20488614250
20488973130,20489262007
20489212977,20489484599
20490258882,20490490721
20490603781,20490942862
20491168302,20491401970
20492360972,20492838768
20493042933,20493062263
20495664750,20495747699
20495702563,20496026576
20495753967,20496222857
20499720342,20500274492
20499769045,20499845946
20500079362,20500298555
20501839874,20502203400
20502398904,20502996391
20503002967,20503551071
20503619505,20503798163
20503819411,20504143303
20504007606,20504316437
20504128467,20504183378
20505003641,20505154329
20505912190,20506048525
20506257849,20506511736
20506260787,20506630494
20506633337,20507099709
20507170452,20507678334
20509310370,20509517211
20509490610,20509722990
20509553085,20510080409
20510265375,20510560840
20511659941,20512396684
20513265150,20513627470
20515331767,20515655196
20516618371,20517151176
20518154672,20518356729
20518529854,20518603473
20518813132,20519432666
20518830845,20519311188
20519802953,20520116882
20520400341,20520525371
20522220294,20522584735
20522338655,20522668722
20523230945,20523822769
20523642732,20524063872
20524592215,20525135675
20525021214,20525418488
20525291823,20525499848
20525363244,20525437651
20526152279,20526634340
20527163921,20527621361
20529131980,20529560105
20530172404,20530502481
20531683512,20532118773
20531756537,20531886336
20532680243,20532758267
20533423918,20534133515
20534550501,20534863295
20535896411,20536113115
20536232297,20536634277
20537563970,20537893322
20537908099,20538261499
20537919930,20538025211
20538021543,20538599122
20538197732,20538539039
20540476088,20540737007
20541714825,20541921035
20541716383,20541798338
20542729278,20543234882
20543448889,20543763574
20544007372,20544064003
20546158526,20546617753
20546243785,20546739943
20549538095,20549961993
20549750736,20550278806
20550348684,20550536474
20550394190,20550708138
20551455619,20551903079
20551777728,20551961608
20554358675,20554779056
20554775382,20555271391
20555526902,20556076207
20555863496,20556289494
20556099516,20556538873
20556180532,20556370901
20556815541,20556877783
20557944094,20557978866
20558662871,20558816962
20559136204,20559568585
20559236828,20559683555
20559892370,20560251744
20560415475,20560720587
20560587893,20560611129
20560947442,20561241185
20561230892,20561626918
20561484128,20561934337
20562033675,20562364250
20562139729,20562242087
20562361549,20562515453
20562944598,20563145403
20566636118,20567070411
20567330666,20567403726
20567438325,20567576384
20567464347,20567683689
20567600445,20567658303
20567988514,20568479226
20568327032,20568471171
20568467288,20568553815
20568494539,20568893023
20569466640,20569641371
20569504070,20569786136
20570002021,20570489262
20572632369,20572662187
20573357655,20573404716
20573861881,20574242539
20574876243,20575167192
20575184674,20575380814
20575392012,20575863089
20576328296,20576633447
20576438639,20576499065
20576777537,20577082654
20579421564,20579712823
20579871682,20580408770
20580434188,20580738394
20580590771,20581100669
20581058474,20581283473
20581789267,20582422049
20582241781,20582457661
20584095128,20584666244
20585248776,20585588327
20586067447,20586547052
20588217548,20588433602
20589807122,20590128844
20589939161,20590157970
20590321154,20590666098
20590751651,20590820461
20592428460,20592561481
20593303166,20593637617
20594094718,20594420803
20594543929,20594633777
20594618353,20594777320
20595685364,20596229094
20596260150,20596573794
20596341317,20596876678
20597025853,20597335219
20597947172,20598103725
20597977778,20598420216
20599322560,20599488933
20599578688,20599689369
20600181047,20600614009
20600839418,20601193882
20601115869,20601380493
20601772204,20601799206
20601814910,20602083601
20602407835,20602637564
20602767769,20602790132
20603299156,20603751083
20603496221,20603679649
20603508937,20603930550
20604049535,20604312098
20605580406,20605880185
20606860293,20607401551
20607626624,20608170209
20608388080,20608654949
20609565218,20610010956
20610560165,20610650418
20610676575,20610944201
20610754049,20611059136
20610763499,20611088386
20614429719,20614580683
20614583507,20614896680
20614596764,20615111982
20614912527,20615055827
20614918819,20615133416
20615037210,20615386545
20615352121,20615503449
20616999708,20617088208
20617296819,20617851350
20617318872,20617786100
20617786707,20617889068
20617898309,20618009356
20620064161,20620111898
20620495470,20620807481
20622301433,20622803285
20622320065,20622781658
20623142180,20623536599
20623257692,20623716170
20623673376,20624148327
20624347808,20624721163
20624612934,20624958426
20624960648,20625512310
20625514793,20625663930
20625518063,20625751673
20625666654,20625887791
20626703687,20626950159
20626790393,20626840285
20627194070,20627456644
20627637093,20627825476
20627766466,20628358837
20627797888,20627993596
20628933887,20629442693
20630943700,20631328146
20632010729,20632219147
20632470371,20632581835
20633512380,20633865083
20634713494,20635340636
20635898339,20636064343
20636646905,20636765336
20636944788,20637022903
20637695748,20637865409
20638424645,20638625164
20640253047,20640666138
20640668574,20641048311
20641188546,20641426263
20641855428,20642117768
20642043286,20642491969
20642563118,20642710410
20642701375,20642737992
20644543975,20644841093
20644840874,20645329460
20644936711,20645195746
20646800784,20646949075
20646974036,20647066070
20647319644,20647630576
20647507947,20647977517
20648286543,20648358629
20648425829,20648699891
20648993976,20649378016
20649084203,20649420674
20649277002,20649755895
20650345313,20650636275
20650622469,20651124015
20651972135,20652159859
20652475941,20652800866
20653703793,20654061915
20654296962,20654390840
20654435689,20654567589
20656532782,20656955523
20656614739,20656965506
20656866192,20657025640
20657360789,20657397937
20657554787,20658025339
20658681394,20659066128
20659101918,20659127475
20660254428,20660874797
20660699815,20660883011
20660879610,20661042459
20663565075,20663982522
20664031885,20664082852
20664732504,20664855166
20664810160,20665070712
20666347589,20666448312
20667587475,20667675049
20667857153,20667981084
20668645566,20669110701
20669026098,20669263982
20669122463,20669765002
20669485382,20669568331
20670911520,20671175535
20672154470,20672553456
20672747044,20672974768
20673354587,20673509950
20673396889,20673551150
20674199429,20674489182
20675630115,20675822817
20675909207,20676153427
20676094830,20676279663
20677404629,20677517813
20678646715,20679147291
20678725741,20679251430
20679363246,20679633299
20680213794,20680500714
20680786631,20680805624
20682021441,20682232795
20682305007,20682703098
20682765594,20682828042
20684536793,20684659931
20685821128,20686150956
20686049884,20686445238
20686505718,20686776856
20687828631,20688076614
20687952206,20688468713
20688932702,20689150909
20689217600,20689255269
20690855732,20691307668
20691236139,20691745496
20691329903,20691517132
20694921098,20695444331
20695147399,20695377809
20696668823,20697026816
20697759894,20698057689
20697982166,20698347138
20698004812,20698226893
20698059488,20698401689
20698783522,20699027428
20699214841,20699504787
20699887681,20700291178
20700172558,20700646773
20700304660,20700629038
20701159054,20701487201
20701209340,20701266985
20701433415,20701635528
20701646911,20701691382
20703396987,20703594982
20704071471,20704207595
20704860218,20705065540
20705027298,20705505692
20705204285,20705237456
20708289785,20708717831
20709076989,20709455432
20710521213,20710717787
20712526871,20712704559
20712705861,20712740607
20712808245,20712893695
20714679512,20715087756
20715639607,20716082856
20715675982,20715996840
20715976906,20716300437
20716004297,20716054304
20717375880,20717587260
20718223303,20718505900
20718520642,20719055490
20719751614,20720018540
20720032331,20720312713
20720247249,20720568416
20720595243,20720941522
20722249642,20722386157
20723655267,20724079529
20725172096,20725595784
20726103568,20726414841
20726640911,20727081202
20727213956,20727615664
20728600760,20729002863
20728975996,20729291638
20729086778,20729566321
20732487601,20732919065
20733236197,20733703090
20733794470,20733900089
20734675331,20735173801
20738466362,20739052312
20738876513,20739047420
20739548566,20739693830
20740067820,20740160323
20740156635,20740618336
20742004073,20742075389
20742240504,20742450011
20742280400,20742446195
20745152862,20745231910
20745209045,20745486335
20746084460,20746481907
20746113925,20746522691
20746124007,20746191555
20747015798,20747138303
20747972959,20748319799
20748330446,20748665653
20750710678,20751119149
20750912862,20751062533
20751876533,20752283860
20754030561,20754266531
20754652628,20754672782
20754829193,20755155502
20754952854,20755270856
20757598680,20757911701
20757755087,20758245094
20759837926,20760158466
20761139779,20761361230
20761265847,20761732250
20762924830,20763022819
20762960685,20763237107
20763007981,20763258519
20763311644,20763579321
20763909632,20764165201
20766071095,20766094796
20767417466,20767763529
20767538594,20768026656
20768036620,20768427289
20768898474,20769302944
20769049642,20769329707
20770716674,20770817818
20771461566,20771908344
20772054250,20772741827
20772054368,20772688813
20772068320,20772463344
20772487559,20772979554
20774616110,20774766970
20775421654,20775929986
20778178480,20778228830
20778916216,20779080114
20779225000,20779611947
20779914085,20780029273
20780488611,20780776696
20780751256,20781134479
20780925337,20781205918
20781333785,20781400351
20781409195,20781589061
20781781220,20782029991
20782630953,20782736765
20785242142,20785400676
20785429199,20785973509
20787634291,20787745478
20789267009,20789635896
20789987797,20790355910
20790449316,20790852743
20791594085,20791703272
20793631999,20793745743
20793903070,20793950811
20794037779,20794362970
20796106833,20796503511
20796248913,20796605147
20796689886,20797276550
20798008384,20798050803
20798096515,20798238371
20798318115,20798617547
20798998728,20799292598
20799425360,20800089887
20799600173,20800121865
20800888554,20801260657
20802091132,20802140637
20802167645,20802569495
20804399128,20804595849
20804983025,20805314627
20805162696,20805420786
20805531215,20805848518
20805681584,20805720419
20807150602,20807421511
20807606570,20807707658
20808292344,20808662472
20810251256,20810471534
20810611328,20810639330
20810752155,20811188845
20811477515,20811582469
20812236125,20812733906
20813302079,20813643249
20813567344,20813822990
20814540079,20814978610
20814584565,20814801403
20814749882,20814801529
20816029922,20816242935
20816261615,20816741641
20816349402,20816801709
20818402905,20818904245
20820547006,20820808881
20821420775,20821541120
20822512315,20822902603
20823048649,20823619816
20826367539,20826798960
20826906088,20827259702
20826975587,20827514371
20827141503,20827441752
20828037391,20828064922
20828067931,20828491344
20829230055,20829388113
20829510075,20829871752
20830090685,20830615079
20830557421,20830790817
20833206056,20833490942
20833544397,20834030889
20834725762,20835266051
20835854202,20836273379
20836711610,20836894414
20836733157,20836839190
20836781589,20837070617
20837166182,20837592030
20837606549,20838060970
20838133569,20838255975
20838380554,20838615368
20838477984,20838563764
20840753159,20840859079
20842830198,20842930162
20843582553,20843714691
20843889791,20844010854
20844050565,20844576249
20845207451,20845650311
20845666876,20845767240
20845992453,20846301177
20846187710,20846364552
20847577106,20847792009
20848838070,20849172556
20849006865,20849524013
20850225525,20850382529
20850990675,20851563746
20851363430,20851677318
20854207472,20854492724
20854569810,20854965905
20855518748,20855845147
20856715232,20856949322
20858118628,20858300245
20858500160,20858600428
20859141432,20859548105
20861260015,20861768049
20861598942,20861667235
20862798203,20862842211
20862836269,20862857928
20863144217,20863341232
20863359954,20863639390
20866120703,20866322826
20867049484,20867277891
20867367197,20867591555
20868862830,20869250001
20870274030,20870553575
20871436963,20871654369
20872152503,20872329303
20872676876,20872985282
20873382620,20873539098
20874115195,20874517793
20875415930,20876027243
20875542036,20875940696
20875910292,20876174273
20876411841,20876707659
20877228824,20877263351
20878765237,20879270823
20878961475,20879433396
20880623263,20880786126
20881679740,20882017883
20882217876,20882328565
20882302849,20882360676
20883414313,20883742687
20887299770,20887651231
20889587421,20890170769
20889681149,20890127520
20890232135,20890445783
20890306257,20890484395
20891234815,20891621331
20891500366,20891725036
20891560084,20891859334
20892933916,20893453526
20895360400,20895401450
20896054348,20896560929
20896120094,20896785337
20897339187,20897665729
20898707025,20899200844
20900123620,20900646016
20903271097,20903478795
20905279151,20905640980
20905765322,20906087461
20905773139,20906232817
20906529610,20906788957
20906770974,20906864637
20908620181,20909042469
20910180747,20910382458
20910756329,20910798362
20911727560,20912182556
20912828469,20913285056
20914008567,20914355989
20914267015,20914758317
20915218866,20915587504
20915632102,20915886864
20916078567,20916783902
20917722348,20918167865
20917810234,20918078076
20917886722,20917996350
20920316297,20920683995
20920729842,20920952214
20922833788,20923096385
20922941658,20923196308
20923136270,20923341981
20924492464,20924828764
20925452708,20925599106
20926307550,20926461892
20928103690,20928530867
20928460220,20928649505
20928489889,20928816102
20929414324,20929587955
20930272218,20930697283
20930381895,20930570682
20930745481,20931069652
20930897844,20931106409
20932200202,20932722279
20934160076,20934476093
20934489576,20934614912
20934855996,20935339582
20936908144,20937113456
20937587437,20937695684
20938124348,20938192100
20941965678,20942207938
20946789996,20947234908
20947293877,20947829746
20948720638,20948925250
20948955576,20949625919
20950742737,20951309626
20952274220,20952746059
20952339321,20952924339
20955417832,20955964869
20955937281,20956369376
20958467779,20958872455
20958941922,20959437428
20959438240,20959671596
20959466175,20959795520
20959717774,20959778141
20960217501,20960558175
20960263700,20960346834
20960313479,20960365976
20962572074,20962719753
20962612038,20962859371
20962920976,20963264081
20963332367,20963511792
20963572731,20963943347
20963595166,20963933581
20964018897,20964205383
20965215391,20965339484
20965368260,20965630398
20965724952,20965890590
20965822189,20966311064
20965823483,20965954789
20967277628,20967558279
20967919948,20968319448
20968650545,20968839591
20968879282,20969195165
20969197549,20969336031
20969616991,20969674443
20970745583,20971068656
20970852953,20971194337
20971598826,20972043621
20971995879,20972032933
20973014700,20973390515
20973984338,20974087384
20974719771,20974790569
20975604371,20975732414
20975948823,20976012828
20976044771,20976129918
20976320445,20976470018
20976599624,20976656826
20977861041,20978259811
20979206939,20979533762
20981720304,20981948209
20981907753,20981951290
20982311232,20982449806
20982570450,20983006243
20983562721,20983576353
20983831972,20984243821
20984327837,20984561851
20984582869,20984763493
20986273877,20986583216
20987427858,20987801058
20987944324,20988491115
20989316841,20989377428
20989379887,20989656741
20990243808,20990269953
20990257804,20990387906
20990472237,20990829311
20991576812,20991755303
20991639645,20991783021
20993346011,20993583924
20995745205,20996114691
20997246511,20997718942
20998345099,20998795844
20998773496,20998963373
21000456588,21000473847
21001440591,21001766904
21001962041,21002427645
21002019801,21002139567
21003354118,21003755118
21003399305,21003459676
21003416895,21003758720
21004163009,21004247773
21004741324,21004954002
21005761542,21005924040
21006017986,21006268480
21006659038,21007084635
21007607405,21007724359
21007777835,21008078732
21008983667,21009269780
21009732779,21010082687
21010032465,21010329211
21010041841,21010121366
21010305238,21010628333
21010483117,21010941238
21010545448,21010657705
21010889393,21011267342
21011939959,21012110935
21011956189,21012391349
21012777380,21013181089
21013142536,21013208346
21014387059,21014610930
21014654560,21014951234
21014831138,21015169350
21016173846,21016221511
21018149520,21018521140
21018284978,21018314143
21018525529,21018848236
21019277041,21019615363
21021270470,21021434537
21021731158,21021974329
21021823300,21022209481
21023585937,21023642980
21025047776,21025466763
21026152020,21026540354
21027537050,21027966200
21027642493,21028015928
21027948093,21028299399
21030627854,21030853891
21031190164,21031581318
21032422557,21032615413
21032629227,21032800352
21033249665,21033612185
21034510602,21034713678
21035444930,21035598237
21036250620,21036628905
21038136349,21038196102
21038996398,21039093994
21040687711,21040972993
21042897528,21043379830
21045482866,21045507343
21046240235,21046344085
21046773260,21046921963
21047122906,21047279458
21047689350,21047936240
21047726271,21048009667
21048666886,21048978716
21050105123,21050617600
21050256489,21050618766
21051007595,21051271718
21051355127,21051783959
21051737952,21052187511
21052227217,21052246979
21052519450,21052710176
21053025491,21053181041
21053211162,21053441606
21053545431,21053802493
21053680369,21053736854
21053744933,21054220588
21053935596,21054139671
21054587207,21054959909
21057988538,21058355927
21061629337,21061766963
21061998689,21062606372
21063385084,21063882672
21064716487,21064942907
21065173039,21065831521
21065476085,21065821713
21066162795,21066585602
21066356689,21066899032
21066588625,21067290823
21067000410,21067022693
21067632797,21067840665
21071972385,21072135857
21072135237,21072361203
21074922046,21074961839
21077929467,21078017963
21077979901,21078155391
21078426078,21078990029
21078633844,21079089706
21079057881,21079125896
21079655551,21080003393
21080063712,21080362464
21080172050,21080426058
21081442050,21081780085
21082364104,21082477434
21082413897,21082896615
21082805054,21082985935
21083327068,21083539866
21084038643,21084531710
21084315025,21084537078
21084736944,21084778808
21085702277,21085869099
21086307004,21086453178
21087156686,21087492034
21087690679,21088261639
21088105381,21088493746
21088978950,21089115067
21089998018,21090247344
21090178136,21090514841
21090362098,21090725123
21092043052,21092207777
21092048015,21092437504
21093136377,21093502486
21093418341,21093773865
21095394622,21095874030
21096162246,21096228203
21096579557,21096909407
21097813621,21098165594
21098084666,21098294792
21098258760,21098473901
21101539778,21102076666
21102113857,21102599167
21102781716,21103241178
21103147129,21103388630
21103578693,21103749759
21103863714,21104548072
21104244218,21104596612
21105113123,21105279075
21105637692,21106066991
21105778798,21106080212
21106203605,21106566387
21106638836,21107020581
21106960151,21107077966
21107094104,21107572493
21108442760,21108595139
21108648078,21109130156
21108794007,21109259624
21110541557,21110804730
21111349835,21111460230
21111823439,21112234561
21111972552,21112785096
21112346975,21112834184
21112783219,21112832532
21112944498,21113181694
21113536584,21113816325
21113756180,21113876361
21115476351,21115703110
21115942445,21116006697
21117207224,21117414502
21117281482,21117766338
21118153446,21118442314
21119436946,21119933190
21120415932,21120779251
21120813364,21121043177
21121541027,21121789249
21121761282,21122280138
21122014943,21122086091
21122604558,21123042289
21123045877,21123587046
21123765291,21123954189
21124075655,21124535664
21124544389,21124789639
21124808815,21125153363
21124866362,21125332522
21125156415,21125636980
21126384480,21126788499
21126707756,21126926831
21127152963,21127519835
21131037748,21131220811
21133171910,21133284400
21134160575,21134229989
21134428247,21134895550
21134440892,21135218954
21134503212,21134978389
21135444666,21135674952
21135940888,21136105445
21136457631,21136601765
21136569604,21136597492
21136612402,21137002235
21137767734,21137849788
21142633716,21142662372
21142963002,21143699379
21143048310,21143687078
21143121989,21143438812
21143778105,21143999154
21145648605,21145780145
21146758538,21147259177
21148781198,21148869235
21149708394,21150124516
21149849451,21149946273
21152469789,21152842873
21152751579,21153087962
21153218876,21153872827
21154356633,21154470019
21155728948,21155944421
21156342617,21156676511
21156680625,21156965899
21157313601,21157357394
21158648971,21158773897
21159008608,21159437231
21161295219,21161382185
21162425333,21162864507
21163649501,21163903224
21163781405,21163901370
21165117247,21165518624
21165999696,21166472366
21166991024,21167450826
21167172687,21167517195
21167278329,21167486016
21167528850,21167799069
21167924675,21168114234
21167959443,21168057268
21168186139,21168286396
21168320114,21168836223
21169995062,21170303072
21170312782,21170788015
21170565274,21171120727
21171197431,21171369078
21172622295,21172907845
21173794440,21173848164
21175167786,21175479582
21176235623,21177037355
21178065249,21178531092
21178547866,21178974011
21178646051,21178950634
21179887059,21179982025
21179948769,21180346365
21179949034,21180138266
21180116533,21180248880
21183236161,21183677576
21183742929,21184128350
21184837564,21185232753
21186918730,21187180155
21187226461,21187440802
21187992922,21188392290
21189765124,21190131357
21192641704,21192919761
21192892273,21193275401
21193156820,21193489145
21193414336,21193526301
21194708208,21194891534
21195127382,21195454126
21195434731,21195596633
21196129406,21196502049
21196716122,21196889274
21198132875,21198418327
21198506287,21198759081
21198565936,21198986473
21199644498,21199750392
21200483207,21200627959
21201996129,21202774734
21203432791,21203762954
21203442641,21203698842
21204767052,21205253364
21206020025,21206333410
21206630053,21206933036
21206811949,21207237964
21206994452,21207210526
21207072953,21207228332
21208031322,21208343350
21209032791,21209588069
21210185738,21210367470
21210861068,21211292050
21212756511,21213326501
21213383974,21213568054
21213563897,21213765856
21214369077,21214538992
21214660060,21214800546
21215285370,21215656928
21215801959,21215838619
21215886512,21216290368
21216079489,21216512406
21216464679,21216690608
21217369539,21217645889
21218343546,21218842044
21219144509,21219246036
21219686457,21219904571
21220114502,21220355547
21220659704,21220732857
21221487884,21221638765
21223262063,21223464033
21223456994,21223754009
21223701114,21224120817
21225003065,21225169929
21226112584,21226525634
21228112151,21228594053
21229413332,21229536212
21229447862,21229847243
21229777017,21229921938
21230751324,21230942222
21231012763,21231370072
21231830988,21231907594
21234053588,21234278698
21234278879,21234641772
21237143677,21237799220
21238554801,21238650211
21238798813,21239225088
21239325973,21239817167
21240136316,21240389451
21240626883,21240723066
21241025741,21241450563
21241619637,21242133269
21241899661,21242437582
21242374516,21242543755
21242762149,21243037912
21243097291,21243343991
21243755368,21244169940
21243797981,21243903251
21244535837,21244684537
21244702175,21244836160
21245865941,21246327087
21245888963,21246393495
21247092548,21247310676
21247304423,21247414779
21248132262,21249017828
21250029505,21250404722
21250645696,21250828206
21251452275,21251864979
21251517736,21251851591
21253066494,21253412589
21254085046,21254403225
21254270323,21254654385
21254745722,21254790643
21254905641,21255385309
21256346517,21256759873
21256923542,21257012532
21257227673,21257305651
21257525743,21257846046
21257866721,21258091811
21257980290,21258479125
21259483064,21259632259
21260238069,21260579601
21260365400,21260648924
21260374877,21260760581
21260636769,21261000255
21260999748,21261400383
21261978784,21262107553
21264046246,21264196988
21264227240,21264481609
21264230018,21264303313
21264491018,21264949495
21265057760,21265389217
21266326538,21266418238
21266473347,21266733831
21268082175,21268437395
21268774992,21268850731
21268839929,21269153255
21269439989,21269936488
21269807896,21269866935
21273714588,21274205915
21273884456,21274225261
21274052120,21274204682
21274339675,21274541757
21275369921,21275809642
21276386792,21276856842
21276650744,21276865249
21278289950,21278329268
21278908234,21279031287
21279863103,21280023590
21279885801,21280415546
21280508505,21280574042
21281498140,21281901553
21281978413,21282211207
21283416201,21283446777
21283425579,21283546461
21284058748,21284214057
21284656955,21284939298
21285795166,21285914591
21286394951,21286730399
21287070678,21287254467
21288111677,21288149096
21288414935,21288778641
21288523044,21289035150
21288976442,21289273413
21289271142,21289580416
21290454627,21290946510
21291359323,21291550195
21292828458,21293113754
21293799241,21294316306
21294331247,21294607153
21294636010,21295098413
21295900688,21296154712
21296846624,21297716844
21296888825,21297580710
21297732000,21297860566
21297862114,21298320602
21298881436,21299361221
21301085444,21301441779
21302180941,21302286433
21302613884,21303075135
21302757999,21302974718
21303525024,21304018541
21304516417,21304808665
21304721854,21305223686
21306820605,21307242137
21308105430,21308385187
21308821957,21309204979
21309641816,21309925149
21309772389,21309945117
21310041641,21310416741
21310859357,21310990986
21311543368,21311713887
21314362542,21314516058
21315263412,21315746022
21315775484,21316323773
21316132009,21316179170
21317091264,21317114831
21317112896,21317521891
21317141260,21317508619
21317373216,21317630756
21317594139,21317884902
21318448150,21318742611
21318681655,21319160620
21319429350,21319619554
21319861387,21320190928
21320813866,21321130248
21320891470,21321347604
21321179239,21321535425
21321233002,21321545320
21321351483,21321555626
21322365611,21322517475
21323974587,21324330544
21325552812,21325810231
21326931334,21327270028
21327921434,21328520047
21329518024,21330036694
21329908083,21330418368
21330020412,21330160961
21332831688,21333258506
21333038180,21333510382
21333421571,21333523486
21333548312,21333790973
21333729641,21333871343
21334392492,21334901828
21335922588,21336177785
21336115212,21336391765
21336150144,21336423764
21338389574,21338770581
21339345927,21339745033
21339402665,21339553084
21340567347,21340746579
21340791598,21341232228
21341074707,21341243401
21341100264,21341413554
21341652239,21341890904
21341802430,21342366022
21342023219,21342122515
21342422327,21342684086
21343044945,21343144865
21343145339,21343725333
21344278573,21344666660
21345181047,21345447266
21346811520,21346847208
21347724707,21347846040
21347871488,21348062878
21348874559,21349231547
21350095829,21350568857
21351036871,21351379627
21352540795,21352879585
21352692287,21353133311
21353588019,21353888060
21354436488,21354455813
21355595402,21355926768
21359716153,21359895416
21360078417,21360392570
21360881309,21361004550
21361459184,21361881360
21361944513,21362101909
21363325015,21363561382
21363679385,21364033359
21364790416,21365060739
21365867686,21366273832
21367351350,21367708961
21368057920,21368314774
21368906428,21369323777
21369122351,21369404718
21369325821,21369620759
21370228907,21370659956
21371475857,21372376520
21372319959,21372804649
21374727551,21375050984
21375637539,21375891761
21376750999,21377171952
21376954355,21377488776
21378108207,21378350872
21379858443,21379919440
21380284458,21380623451
21380490149,21380550866
21381174352,21381261847
21381698799,21381891719
21382640786,21382948398
21383593931,21383607868
21383624672,21384096448
21383689957,21384285443
21383865146,21385062160
21384347891,21384852281
21387143632,21387252241
21387700161,21388172361
21388730585,21388908543
21389202012,21389259305
21390279365,21390391330
21390360638,21390615532
21390619505,21390667565
21390874001,21390980713
21390903459,21391299396
21391071825,21391150871
21391639098,21391762315
21391793955,21392144046
21392120247,21392371911
21393070236,21393251038
21393706362,21394131989
21394678829,21394982826
21395095100,21395791828
21395704133,21396160789
21397151373,21397358395
21397327734,21397814567
21397847911,21397917077
21397870809,21398292814
21397921876,21398103030
21399472140,21399711146
21399849893,21400349006
21400298071,21400536791
21400774594,21401417220
21400854924,21401114884
21401778996,21402084128
21403145577,21403335301
21403666250,21403845278
21403769544,21403840847
21404246909,21404608599
21404280309,21404473505
21404551991,21405013458
21404585693,21404951514
21405973712,21406171191
21406259857,21407045686
21407908472,21408374772
21409036674,21409206434
21409684976,21409734221
21411136780,21411591564
21411894016,21412179529
21412372084,21412522662
21412804989,21413188499
21413091441,21413577507
21413383351,21413463141
21414270215,21414478191
21414349165,21414638649
21417297170,21417591403
21417317304,21417385308
21417925845,21418281601
21417974118,21418486498
21420047165,21420843013
21423349979,21423619174
21427383997,21427642136
21427793972,21428422335
21429717643,21430001092
21431812452,21432010370
21432340794,21432729946
21432560169,21432865915
21433032651,21433459856
21433074319,21433240237
21433179276,21433554783
21433782367,21434244787
21434445527,21434611269
21434699691,21434819675
21436375066,21436634226
21438067894,21438195516
21438868521,21439369252
21442201433,21442692415
21442451607,21442920311
21443481689,21443824958
21446603498,21447133124
21446652309,21446961665
21447593197,21447700781
21451736503,21452030508
21453995505,21454529359
21454361525,21454564848
21454658673,21455082660
21454974914,21455364768
21455099043,21455187174
21455350153,21455595636
21455493591,21455840807
21456065580,21456237012
21456324973,21456730068
21456573962,21456933314
21460376414,21460642618
21460724190,21460942494
21461805287,21461974956
21462100567,21462432569
21462108323,21462542979
21463047578,21463227755
21464208476,21464356007
21466688002,21467086645
21467159995,21467321801
21467673628,21467752808
21467911685,21468182735
21468020565,21468573952
21468307899,21468439713
21469108699,21469249167
21469257045,21469674683
21469676276,21469958368
21470536400,21471045970
21470804743,21470928566
21473831543,21474266057
21474348316,21474672477
21474954109,21475159765
21475248918,21475619567
21476050992,21476169812
21476378581,21476620362
21477481632,21477677059
21477506179,21477713361
21477795096,21478293679
21478042245,21478232519
21478079776,21478297618
21478416105,21478693957
21478717292,21479094724
21479921829,21480452417
21480637952,21481039977
21483168270,21483699346
21483875272,21484371524
21485012117,21485272497
21486560457,21486660222
21486766489,21487284386
21487035770,21487231303
21488306408,21488504737
21488581352,21488702310
21488937583,21489276822
21488974983,21489068160
21490570293,21491115201
21490782123,21491181398
21492252291,21492421329
21493704483,21494022168
21494225514,21494408442
21494992496,21495125581
21495079948,21495478987
21495664996,21496064840
21495927793,21496423806
21495995718,21496406786
21496127793,21496493345
21496179677,21496546796
21498346464,21498844576
21498470145,21498706565
21498900568,21499373151
21500043107,21500317546
21500274357,21500450133
21502171032,21502735355
21502185381,21502384621
21503243478,21503631054
21504098305,21504482320
21504274843,21504660832
21504681150,21504895946
21505044699,21505349262
21505669702,21505763696
21506101381,21506191255
21507393954,21507801110
21509327630,21509789364
21509379572,21509463283
21513476835,21513545794
21515776670,21516076787
21518166138,21518373550
21518562362,21518706278
21518899879,21519087424
21522272209,21522649532
21523543225,21523560256
21523562649,21524021319
21523609920,21523936232
21524204205,21524684723
21525523655,21525735810
21526303313,21526408281
21526410778,21526898367
21528096456,21528471150
21530667856,21530805927
21531019356,21531225322
21533015605,21533206084
21534384813,21534765121
21534880359,21535138772
21535837814,21536300915
21537184609,21537663885
21537460981,21537998517
21538327476,21538411403
21538923841,21539192714
21540992967,21541194946
21541276536,21541597859
21541311262,21541323867
21542116633,21542331135
21543954629,21544646811
21544330080,21544567324
21545262730,21545737354
21545385167,21545601849
21545631432,21546125214
21547552880,21547955679
21548767087,21549083694
21549099538,21549636245
21549358689,21549671472
21549901150,21550284177
21550266573,21550394252
21551082608,21551408219
21552326909,21552529222
21555948713,21555999189
21556027490,21556365922
21556419983,21556753615
21557601987,21557907125
21557689906,21558058706
21558447191,21558963008
21560397271,21560552824
21560783282,21561089604
21561091348,21561550922
21561121054,21561670618
21562578534,21562602002
21564407533,21564733848
21564527478,21564622844
21564740365,21565003490
21565958725,21566314334
21567682912,21567871110
21568846760,21569221231
21570265558,21570636658
21570717690,21571115645
21570973814,21571444025
21572026346,21572100846
21573015636,21573408120
21573070526,21573254540
21573789619,21574052340
21573864740,21574366697
21574436475,21574629601
21574460560,21574800919
21575711754,21575888628
21576060821,21576167216
21578230143,21578575677
21578451511,21578661374
21578692540,21578855270
21579231254,21579327058
21580825811,21581022363
21581531709,21581960041
21582787290,21583318390
21583689459,21583961512
21586112833,21586367082
21587487289,21587833924
21587851426,21588017283
21587980599,21588089757
21589698161,21590016591
21590671021,21591072495
21592538475,21592687352
21593213483,21593469682
21593485819,21593983693
21593994791,21594331566
21594304205,21594712435
21594532552,21594619903
21594770258,21594937317
21595169882,21595634955
21595762555,21596074519
21596589659,21596605380
21597520892,21597714033
21599313892,21599540385
21599573593,21599915717
21600129925,21600483915
21600458182,21600652746
21600566875,21600746697
21600719865,21601078677
21602779690,21602801049
21603414157,21603532443
21605750121,21606054451
21605913856,21606408630
21606984940,21607206257
21607807024,21607930620
21607923873,21608348244
21608235170,21608569656
21610156053,21610517327
21610664822,21611015101
21611277500,21611668087
21612140463,21612441384
21612179730,21612248013
21612545667,21612797713
21613285450,21613788039
21613881949,21614388838
21614158680,21614509866
21616029478,21616190594
21617740863,21617976949
21618048706,21618240855
21618761409,21619262220
21618909435,21619094370
21619064441,21619092765
21620086851,21620588351
21620765037,21621059283
21623282762,21623390036
21624009780,21624293858
21624786274,21624874183
21625572212,21626046972
21626295896,21626645398
21626694508,21626894147
21626877290,21626927451
21627230496,21627673698
21627261460,21627622600
21628176267,21628541107
21629832338,21630100538
21629929222,21630133910
21629966209,21630148796
21630153097,21630432921
21630758594,21631132253
21630821604,21631111769
21631276521,21631639313
21631342789,21631604162
21631494540,21631854115
21632747796,21632805300
21632825869,21633144184
21634138364,21634175804
21634325139,21634735898
21636996999,21637535086
21637835658,21638043770
21638217499,21638635219
21638863702,21639237352
21638918371,21639124779
21639075416,21639227918
21640263720,21640475896
21640621369,21641136736
21640768405,21641053050
21641847571,21642083471
21641867284,21642221827
21642564952,21642676243
21643172768,21643605511
21644201733,21644473728
21647194981,21647516818
21647690089,21648053888
21647832684,21648083515
21649606503,21649911404
21650325950,21650825990
21651500134,21651572245
21652961897,21653090855
21653583693,21654073525
21654326681,21654684206
21654382457,21654574396
21655062880,21655193006
21655169148,21655615663
21657150004,21657620331
21657685124,21657961118
21657816232,21658125741
21659023584,21659140666
21659206357,21659255559
21659675927,21659964651
21659683825,21660076590
21660771969,21660821939
21661948040,21662468113
21662493914,21662848667
21662693226,21663003417
21663153302,21663589322
21663226920,21663488932
21663807702,21664252120
21664055452,21664454436
21665280498,21665431809
21666430729,21666815883
21666971311,21667377939
21668650862,21668902612
21671519746,21671829253
21673418910,21673665401
21673489585,21673717889
21675034756,21675435204
21675700337,21676016443
21676021527,21676449679
21676024528,21676196642
21676048023,21676327838
21679580282,21679689050
21680682360,21681121969
21680799246,21681361281
21682552386,21682693772
21682800634,21682860022
21683937875,21684179897
21684089788,21684490280
21684220325,21684554534
21685769849,21686236948
21687137275,21687275084
21687215145,21687971645
21687647161,21687847705
21687861280,21687982560
21688109331,21688219698
21688663062,21688818650
21689011668,21689437167
21689533910,21690073791
21692889940,21693124171
21693739968,21694067443
21693867485,21694311436
21694298098,21694646196
21695350879,21695417643
21695447560,21695497455
21696160527,21696648880
21697960626,21698426349
21698434797,21698896724
21698899453,21699407194
21699663868,21700114915
21700140410,21700613154
21700146692,21700712240
21700605195,21701050410
21701231955,21701634459
21702106676,21702159712
21702402586,21702915857
21706642728,21706763216
21707370702,21707423332
21708208618,21708712972
21708500773,21708860411
21708875084,21709373080
21709113331,21709389244
21709575249,21709966005
21709738792,21709977428
21711126812,21711250635
21711685652,21712062259
21713718020,21714015134
21713863921,21714249057
21715009873,21715152452
21715144845,21715427927
21715653024,21715762723
21717853829,21717919447
21718329978,21718679848
21720861227,21721149468
21720910830,21721080182
21723997718,21724209893
21724396069,21724443081
21725533077,21725837777
21726736888,21726913291
21727911351,21728154137
21728465744,21728586983
21729083259,21729165690
21730142039,21730574272
21730255262,21730798078
21730340210,21730411243
21730437986,21730574886
21731328637,21731769649
21735412378,21735874197
21736225045,21736638231
21736292426,21736571643
21736548725,21737017565
21737194551,21737417291
21738832767,21739235735
21739655714,21740125784
21739962999,21740019514
21740730225,21741254349
21743356108,21743803528
21743447885,21743577152
21745371985,21745753364
21745439122,21746023667
21746007502,21746141296
21746168799,21746656776
21746426442,21747102234
21747376757,21748049678
21747729493,21747949583
21748496658,21748620968
21749623337,21749943180
21750422249,21750779761
21753122859,21753622134
21754513465,21754944317
21754643635,21755199440
21755049025,21755480409
21755543166,21755825336
21755572585,21755680694
21755607148,21756247029
21756940390,21757002250
21757192214,21757308057
21759419707,21759677207
21759675145,21759767623
21760292427,21760409536
21760491546,21760883430
21761382368,21761626301
21761898239,21762299194
21762960839,21763201743
21763487865,21763879710
21763992377,21764326505
21765048157,21765237163
21766290758,21766488087
21766295929,21766580550
21766518236,21766629063
21766713749,21767039536
21768249072,21768649643
21768289516,21768684696
21768769225,21769017521
21768794216,21768944387
21768824636,21769071357
21769335031,21769367455
21771138800,21771384143
21771277451,21771689831
21771651501,21771834803
21771667953,21771871019
21772418483,21772693327
21772982262,21773397087
21773579574,21773896459
21773868586,21774368147
21774949354,21775133465
21775064943,21775134683
21775282817,21775745240
21775511127,21776083235
21775695960,21776255933
21776492324,21777020896
21777642714,21778106153
21777840145,21777862891
21778046644,21778458619
21780861463,21781000783
21781433583,21781467329
21781739127,21782105392
21781981217,21782126304
21782266978,21782365919
21786931318,21787419068
21788241947,21788590650
21789116025,21789378624
21790100786,21790576443
21790709139,21790894979
21790949052,21791499458
21791063946,21791277387
21791419696,21791704042
21791842073,21792055926
21792674704,21792875708
21794605289,21794825158
21795294448,21795522584
21795814347,21796213196
21796987878,21797130348
21797280445,21797742700
21797418692,21797760188
21798973848,21799206408
21799125151,21800263357
21801517030,21801900707
21801954345,21802171687
21803610473,21804035156
21804034218,21804522951
21804664171,21804810325
21805265587,21805287972
21805714782,21805804776
21807487540,21807851170
21808547413,21808673187
21808776140,21808822760
21809089214,21809522309
21811217758,21811281560
21811435629,21811536060
21811526785,21811768800
21811743421,21812130777
21812512575,21812858241
21812794010,21813214417
21813096708,21813203292
21813394518,21813717683
21813729466,21814136751
21815440390,21815575777
21816158726,21816310524
21817972146,21818361613
21818902327,21819404866
21819708784,21819950980
21820358479,21820660729
21820455833,21820557885
21820734912,21820907761
21821468419,21821701107
21823477792,21823822236
21823774508,21823888738
21824204903,21824232117
21824693012,21825106353
21824841492,21825159232
21824979868,21825127306
21825696045,21826535571
21826211794,21826695900
21826926820,21827350385
21827281025,21827792024
21827290641,21827696886
21827338548,21827741802
21827750573,21827800380
21829484795,21829971837
21830354064,21830631793
21830481431,21830915512
21831134779,21831242011
21831392174,21831806590
21831602814,21831747009
21831712829,21831798183
21831848827,21831931747
21832169838,21832529668
21833484280,21833921609
21834077110,21834268045
21834379961,21834717501
21834736969,21835225926
21835347308,21835673243
21836743494,21836818558
21838104693,21838563173
21838496305,21838709838
21838529073,21838608784
21839180220,21839322616
21839479113,21839765122
21840511200,21841037646
21842277223,21842691244
21842609223,21842633289
21842637984,21843112859
21844592192,21844641164
21845030094,21845163027
21845587259,21845731899
21845607265,21846013860
21845720917,21845891317
21845965574,21846391819
21846017758,21846858968
21846276134,21846623683
21847192053,21847658211
21847371529,21847440046
21849233063,21849543798
21850045147,21850109572
21850593891,21850773143
21852004224,21852305938
21853471386,21853952133
21853695790,21854234770
21854052297,21854504255
21854344334,21854594986
21854862332,21855204934
21856708187,21857085741
21857266465,21857442595
21857594953,21857940306
21857977567,21858426746
21859119513,21859455775
21859900208,21860063207
21861049963,21861234105
21861226615,21861440282
21861582637,21861986977
21863362383,21863512940
21863709442,21863848458
21864543442,21864748378
21864743200,21864943950
21865505308,21865656306
21865527255,21865931812
21865670299,21865735017
21867089403,21867388984
21867278603,21867774358
21867284536,21867501938
21868424607,21868785616
21868723707,21868809474
21869276212,21869520380
21869399630,21869426250
21870721394,21871097817
21871588356,21872021480
21871775799,21871827873
21872997419,21873260848
21875186953,21875678447
21875506439,21875791452
21876513045,21876741413
21876533464,21876890515
21877800499,21878277884
21878651034,21878792314
21879103481,21879351543
21880065559,21880299551
21882010469,21882438828
21882637539,21882945731
21883505896,21883580957
21883881097,21884063719
21884525272,21884860573
21884646571,21884873854
21884875756,21885320301
21885865841,21886189163
21887013726,21887385417
21889449316,21889750759
21889530116,21889804649
21889999019,21890134546
21891035255,21891084170
21891641097,21891903780
21893829976,21893857999
21894080645,21894249539
21894379990,21894582551
21894810458,21895107287
21895928509,21896265800
21896205860,21896632646
21896599000,21896730909
21896916237,21897534704
21901902860,21902050856
21902446715,21902497280
21902938882,21903285445
21903266787,21903595865
21904972290,21905369996
21905407207,21905537805
21905901232,21905986138
21906278718,21906651419
21906368204,21906914458
21908249899,21908478551
21909589042,21909772917
21910262982,21910449555
21910671788,21911211786
21914296387,21914541622
21914673292,21914700017
21914863229,21914918540
21915214016,21915802170
21917442220,21917649146
21917499036,21917611815
21917936625,21918421925
21918938575,21918988374
21918990170,21919074379
21920318652,21920397779
21920895938,21920946105
21921053031,21921426683
21922093580,21922290016
21922315083,21922885983
21924972694,21925233336
21925237265,21925756996
21925593760,21926053263
21925697826,21926079619
21925777900,21926089241
21926441582,21926462630
21926780578,21927303358
21927535895,21927939397
21928154858,21928240877
21928948949,21929247693
21929008803,21929384980
21929694690,21929950343
21929706209,21929821532
21931327847,21931449134
21933138119,21933571459
21934445761,21934742442
21934866963,21935352447
21934991990,21935253174
21935639921,21936057093
21935718999,21936071863
21936664824,21937050091
21936824360,21937074407
21937059480,21937191568
21938035002,21938341070
21938232317,21938423908
21938345655,21938443833
21939428654,21939512708
21940704353,21940972753
21940954890,21941490063
21942264457,21942443609
21942854287,21943025512
21944070109,21944264690
21944296741,21944660589
21944760030,21945046252
21945343027,21945544707
21946224962,21946347045
21946698753,21947110007
21947350089,21947621581
21948225400,21948539766
21948923244,21948953480
21949230494,21949577104
21949608649,21949905763
21950710137,21950768570
21952832309,21953317402
21952873902,21953302078
21953023667,21953779097
21953567217,21953948303
21954613238,21954700103
21954952706,21955206434
21955362750,21955578204
21955722609,21956001861
21956627946,21956810585
21956695409,21957105268
21956711767,21957167022
21956786365,21957148580
21957092237,21957191583
21957110193,21957554062
21957566031,21957825336
21959263685,21959434449
21960510136,21960859926
21960792896,21961050804
21961776086,21961981687
21962009196,21962094965
21963150762,21963462967
21963254435,21963849127
21963948478,21964147508
21965426076,21965907193
21966146621,21966199968
21966557418,21966787130
21966693631,21966728915
21966893824,21967308851
21968079563,21968147233
21968149902,21968624974
21968573509,21968871933
21968816425,21969281936
21968843307,21969240665
21969095057,21969539423
21969262347,21969444418
21970416957,21970510255
21971000903,21971399982
21973807637,21974043758
21974581215,21974638536
21975285393,21975823809
21975497658,21975691743
21975626385,21975827674
21975794270,21976033998
21976054069,21976674542
21976914345,21977232000
21976982319,21977022622
21977311029,21977531328
21977495333,21977764042
21977901819,21978405806
21979977538,21980367953
21981214831,21981427375
21981336350,21981449745
21981430383,21981716843
21982391622,21982747881
21982525937,21982887446
21982860164,21983190244
21985209402,21985848593
21985291714,21985829390
21985972688,21986433248
21986224320,21986468466
21986474310,21986751128
21988218255,21988405433
21988245022,21988392877
21988982216,21989183929
21989188689,21989263193
21990257560,21990704356
21990576808,21990825905
21990866083,21991087958
21992033955,21992232890
21992100311,21992525256
21994117678,21994533961
21994160378,21994649067
22000886116,22000992070
22001014742,22001257090
22002187830,22002642873
22002275093,22002663994
22002748456,22002770284
22003614740,22003848832
22006056124,22006422021
22007368433,22008065410
22007779869,22007810495
22008229384,22008413803
22010147894,22010575976
22011397539,22011464724
22011400382,22011573602
22011887912,22012059961
22012287377,22012769847
22015400314,22015698697
22016002956,22016302421
22017464411,22017960753
22017765508,22018169798
22018198635,22018280385
22019088672,22019539343
22019307622,22019721283
22020071079,22020463165
22021732722,22021906802
22022159276,22022918517
22022925196,22023290880
22023240156,22023702159
22023628667,22023915860
22025447496,22025983001
22025924579,22026339620
22028238089,22028854510
22028691011,22028986915
22028875744,22029201089
22029117817,22029343369
22029408969,22029611209
22030203024,22030539788
22030796005,22031060459
22033426183,22033829694
22033837225,22034080921
22034722720,22035090767
22036425575,22036852982
22036531853,22036618192
22036728376,22036807093
22036821491,22037092294
22037092009,22037149615
22037603335,22038108071
22038050634,22038424909
22038524350,22038909044
22038632836,22038842131
22039273691,22039543948
22039626117,22039716173
22039649031,22040020030
22040380031,22040439899
22042078439,22042167492
22042496518,22042595532
22042687894,22042778634
22043065308,22043364370
22043552676,22043807905
22044470958,22044493723
22044845989,22045054688
22045046267,22045197600
22045488401,22045689231
22045515581,22045820676
22045955345,22045986115
22047124850,22047362518
22047364751,22047722782
22047386531,22047760640
22049034394,22049376251
22051222374,22051778188
22052031721,22052366027
22052136761,22052201445
22052919780,22053054515
22053801004,22054207045
22054067946,22054279659
22054118572,22054550673
22054798428,22054838098
22055290682,22055906071
22055367170,22055684955
22056586898,22057027288
22056909178,22057263434
22057328782,22057611161
22057741720,22058232522
22057751132,22057835276
22057838839,22057901740
22058267261,22058297320
22058330445,22058531473
22059217374,22059572745
22059299220,22059339789
22059332837,22059661342
22059441015,22059987433
22060046231,22060537822
22060443335,22060662335
22061779711,22062142108
22062281446,22062518930
22063101010,22063237813
22063292706,22063420405
22064396613,22064823544
22065092523,22065383434
22066117621,22066327443
22067323468,22067787988
22067679166,22067844395
22067693363,22067730583
22067743510,22067953239
22068046355,22068514462
22068592510,22068605495
22068820398,22069202503
22070698660,22071119025
22071033548,22071321169
22072699692,22073014436
22073215814,22073302713
22074640190,22075073313
22075651591,22075742704
22075924564,22076243321
22077479486,22077675691
22078199002,22078492426
22078422490,22078782577
22079160100,22079471247
22081502425,22082004197
22081760633,22081879210
22083686255,22083791427
22084456770,22084570720
22085118098,22085626198
22087772918,22088106198
22088428566,22088754157
22089059785,22089316986
22089771840,22089975608
22089906831,22090157908
22090476597,22090871753
22090862917,22091370880
22091727610,22091778477
22092364616,22092626611
22092785090,22092907471
22093071422,22093533239
22093149732,22093639839
22094121970,22094544375
22094572500,22094766429
22094795044,22095022165
22094950360,22095128953
22096880727,22097074690
22096953441,22097486192
22098542882,22099013428
22098837582,22099390225
22099748257,22099784916
22100519189,22101022522
22101563694,22102150778
22101606241,22102192951
22102631550,22102719124
22103030371,22103495929
22106140413,22106176493
22106716364,22106837657
22109029968,22109081885
22110206435,22110660747
22110261017,22111073620
22113594895,22113772182
22113796812,22114164732
22114843598,22115036344
22117564753,22118030335
22118343316,22118583182
22118711749,22119016526
22118927461,22119006933
22119050239,22119170935
22119650887,22119924682
22119663944,22120178110
22121461681,22121990109
22121857198,22122288909
22122457199,22122541591
22122708748,22123122685
22122875239,22123127027
22123471770,22123890584
22125677016,22125756707
22126070769,22126126239
22126585910,22126624874
22126646734,22126884228
22126675840,22127083204
22127006722,22127251582
22127795521,22127992286
22128176271,22128555414
22129269961,22129537498
22130609003,22130822867
22130772988,22131028817
22131799850,22131932839
22132024577,22132445048
22132632818,22132735916
22132763133,22132899161
22132919549,22133330526
22134184359,22134575729
22134527519,22134817528
22135273170,22135455899
22138554428,22138837848
22138600956,22139082258
22139260201,22139640790
22139293697,22139935136
22139924640,22140023113
22140401014,22140470974
22140564236,22140586219
22142751244,22143009489
22143217371,22143261171
22143251086,22143292602
22144586184,22144635103
22144765713,22145406221
22145578043,22145602218
22145928802,22146024504
22146107854,22146502598
22146544653,22147041211
22146547723,22146668064
22148526819,22148811817
22149111243,22149141156
22150504974,22150823574
22150750463,22151290618
22152350583,22152875525
22152883683,22153275179
22153287470,22153626137
22153397495,22153426681
22155070163,22155607458
22155220010,22155363006
22155321220,22155616670
22155945005,22155999529
22156171461,22156524585
22156463508,22156556704
22156606400,22156938839
22156987977,22157460265
22157466679,22157857232
22157562058,22157741073
22158932561,22159636766
22160574848,22161100545
22162775506,22162982091
22163504863,22163976665
22163674803,22164217334
22165273904,22165494607
22167023578,22167374388
22168428521,22168804654
22168481308,22168770498
22168858850,22169400718
22169330019,22169685819
22170271501,22170734875
22170536259,22171209662
22172446007,22172889954
22175854489,22175918599
22177598921,22177644965
22178351496,22178642703
22179617224,22179838084
22179825022,22179906004
22181465384,22181889787
22183912501,22184292355
22184634932,22184842016
22185219043,22185411321
22185991858,22186193219
22186183970,22186429573
22186308970,22186503797
22186857331,22187450829
22186866184,22187224689
22187902800,22188358404
22188425275,22188707632
22188692705,22188817200
22188783250,22189120568
22188965219,22189035867
22189537900,22189805435
22189589615,22189676336
22190861728,22191005707
22191213020,22191401312
22192345631,22192555131
22192383410,22192463010
22193232127,22193486062
22194233143,22194515395
22195851398,22195886069
22196328688,22196372197
22200830329,22201257324
22204741904,22205217003
22205291005,22205644149
22205598917,22205682550
22205926703,22206445294
22206279142,22206478393
22206645995,22206737657
22208595497,22208961642
22209310290,22209540350
22209645549,22210072474
22210234001,22210371826
22211117674,22211282049
22212115391,22212509489
22215714559,22215892145
22216277641,22216379617
22216389819,22216887013
22216731641,22216893826
22217644989,22218027942
22218515681,22218885437
22218548964,22218814060
22219718474,22220163941
22219892754,22219965611
22220449765,22220700358
22221783777,22222019636
22221812615,22222447243
22222150775,22222590703
22222870726,22222899465
22224202463,22224619459
22224856427,22225020603
22225382304,22225656577
22226827757,22227097095
22226839374,22227258910
22227461292,22227903815
22227923594,22228324141
22228021777,22228640171
22228940581,22229001379
22229808544,22229891700
22230724879,22231190934
22233255469,22233448731
22233467318,22233747388
22235222343,22235388495
22235695411,22235958107
22236227086,22236367336
22236794142,22237064410
22237254641,22237475349
22239679354,22239811346
22239761264,22239828308
22240825667,22240994163
22240974115,22241231141
22241483932,22241549152
22241647896,22241921869
22242468615,22242690694
22242688071,22243066639
22243056472,22243144643
22243408029,22243616269
22243511505,22243663818
22243579427,22243932578
22244031875,22244506435
22244148419,22244493927
22244942679,22245290121
22245292631,22245386856
22245511264,22245860773
22245943231,22246181261
22246072085,22246190854
22247443295,22247485287
22248973498,22249166785
22249471591,22249826921
22251596152,22251883600
22252234481,22252469591
22253823557,22254183783
22255921285,22256016222
22257148043,22257687527
22258870362,22259211332
22259224446,22259431933
22259594841,22259943776
22260186786,22260492914
22261152408,22261203189
22261514093,22261976857
22261690246,22261995942
22262055081,22262214988
22263347454,22263584107
22263383021,22263854448
22264878950,22265152492
22265153385,22265479515
22266448774,22266794525
22267777028,22268140207
22267923425,22268242889
22269018038,22269369663
22269594433,22269902489
22270575400,22270930682
22270649373,22271099082
22270753523,22270964014
22271242989,22271301061
22271939218,22272282627
22272304336,22272667636
22273682339,22273728830
22276148961,22276666550
22277631251,22277739331
22278247572,22278323404
22281086520,22281460757
22281317940,22281623805
22282786425,22282939770
22282799778,22283300254
22283736966,22283849327
22283876264,22284085641
22284410778,22284983914
22284538254,22284553007
22284953143,22285360613
22284956735,22285138377
22285369395,22285491558
22288577000,22288652969
22289375335,22289714321
22290845157,22291182665
22291388471,22291771242
22291835432,22292117065
22292309887,22292472495
22292835740,22293107097
22292895864,22293572541
22293198374,22293509395
22294729476,22294810353
22294897611,22295113309
22295034707,22295426275
22295576599,22295977482
22295782342,22296304766
22296324067,22296464870
22296325804,22296708383
22297335454,22297733439
22300325945,22300572185
22303110285,22303230052
22303435826,22303838131
22303528448,22303716795
22304001461,22304205646
22304169413,22304654408
22304709790,22305178028
22305105546,22305297615
22305564016,22305771537
22305768145,22305806085
22306311715,22306464027
22307872330,22308329327
22308042678,22308614252
22308394709,22308488477
22309224943,22309710444
22309281379,22309342196
22309304884,22309377122
22309735417,22309938722
22309944685,22310214091
22310779144,22311255776
22310956275,22311107248
22311898007,22312320621
22312095161,22312415026
22313080497,22313206793
22314870900,22315326829
22315757622,22316132764
22316446323,22316952506
22319165011,22319553265
22320026570,22320269072
22320505545,22320837580
22322135322,22322492339
22323477611,22323809525
22323811675,22323983506
22324642720,22324844954
22324860079,22325009143
22327857317,22327944322
22328490685,22328753637
22329247737,22329618504
22330632668,22330671890
22331451104,22331651519
22331455348,22331757825
22332668624,22332940090
22334307189,22334741466
22334514929,22334754294
22334955999,22335210368
22335757361,22336003203
22336112598,22336219827
22336275823,22336480765
22336484106,22336838968
22336723909,22336953474
22337068662,22337335293
22337428525,22337808192
22337829119,22338067043
22338092919,22338350591
22338153880,22338558082
22338404964,22338728996
22339186051,22339211685
22339304155,22339650763
22340380306,22340703369
22340785530,22341071220
22342143414,22342508143
22344242467,22344561127
22344324930,22344699575
22345051815,22345551325
22345554357,22345804830
22347055745,22347326297
22347664815,22347694233
22348729080,22349135243
22349283705,22349539410
22349358649,22349702843
22350668083,22350956055
22351948618,22351994170
22352898135,22353016745
22353039221,22353316858
22353440932,22353521579
22353617436,22354032770
22354098969,22354313638
22354273041,22354483511
22357446369,22357669772
22357450194,22357597274
22357558927,22357984370
22358775908,22358824270
22358861772,22358941381
22359241336,22359362404
22359364272,22359677749
22360816887,22361090549
22361394922,22361704290
22362403872,22362785774
22362534044,22362902282
22363460487,22363706109
22363521811,22363696610
22364243979,22364417359
22365671660,22365996032
22365817487,22365847342
22366590872,22366725094
22367140860,22367340526
22367786357,22367927508
22368094102,22368368885
22368834527,22368964143
22369157555,22369694983
22369789033,22370055982
22370779368,22371227381
22371290900,22371617846
22371777744,22372166641
22373544679,22373769460
22374073286,22374656618
22375803486,22376073275
22376375138,22376924017
22378900230,22379321528
22380741268,22380901342
22380958445,22381138205
22381725165,22381984774
22382483158,22382755380
22382776598,22383145197
22383096754,22383479965
22383152227,22383428252
22383623813,22383929368
22384803916,22385018565
22385023575,22385324539
22386866464,22387208432
22387486449,22387813261
22388470408,22388600751
22389474011,22389601304
22389892003,22390278497
22390647334,22390727742
22391437225,22391571259
22392069933,22392270681
22392303176,22392774568
22392529174,22392956029
22392709079,22392850813
22395209521,22395403713
22396598866,22396881720
22396732115,22397059730
22397322142,22397804980
22397659145,22397762748
22397919643,22398362109
22398098886,22398680345
22398271104,22398630320
22400369487,22400662900
22400469525,22400963953
22401186969,22401456787
22401324097,22401891491
22401462237,22401677785
22401734410,22402219537
22402530199,22402800017
22403653308,22404076377
22404106025,22404232403
22404565638,22404798313
22405347476,22405774533
22406711749,22406849996
22407037095,22407141015
22407859814,22408087503
22408805632,22408908818
22408929521,22409174387
22409122330,22409381882
22410090702,22410154435
22410284331,22410564522
22411360282,22411875964
22412268199,22412798892
22412465309,22412774220
22412775500,22413109294
22413260186,22413341012
22414563864,22414921044
22416623772,22416930377
22417198096,22417255485
22419276434,22419419768
22420101326,22420369231
22420137805,22420177686
22420189078,22420295870
22420541048,22420628529
22420624596,22420952787
22421513879,22421611627
22424870818,22425095737
22424962397,22425063904
22425116643,22425509839
22425309370,22425798706
22425343295,22425675500
22426091902,22426513493
22427084517,22427500374
22427806717,22427895700
22430038647,22430272525
22430253949,22430606997
22430576240,22430627250
22431528219,22431986897
22432930496,22433239283
22433152671,22433519369
22433592466,22433799323
22434583208,22434962396
22435030580,22435096961
22435679031,22436348222
22437230732,22437510576
22438508174,22438881255
22438964042,22439267241
22439405351,22439918975
22441845711,22442078772
22443205005,22443242711
22443594414,22443827887
22443845835,22444361229
22445866824,22446159713
22445885137,22446207275
22446166896,22446275737
22446549703,22447038823
22448125347,22448229624
22448387583,22448797062
22449425125,22449757552
22449518279,22449894739
22449699646,22449877082
22449973370,22450025586
22450907342,22451108964
22450987300,22451400657
22451430333,22451573069
22452031580,22452410105
22452844169,22452877646
22454115391,22454255022
22454480489,22454880601
22454634707,22455018065
22454877565,22455254092
22455869300,22456216850
22456205175,22456438207
22456289619,22456429901
22456305435,22456611194
22458661888,22458678490
22460117407,22460346448
22461436523,22461477421
22463896402,22464133302
22464548479,22465035221
22465558088,22465742919
22465931388,22466052415
22466079706,22466414303
22466109761,22466181452
22466497247,22466740745
22466717889,22466746411
22466888832,22467103248
22467098011,22467193361
22467213474,22467520554
22468004814,22468359409
22468707725,22469164284
22468735920,22469060314
22468801793,22468894397
22468927242,22469258984
22470153037,22470295133
22472540463,22472649724
22472860355,22473267968
22473301544,22473345319
22473404763,22473593167
22473456509,22473773265
22474210407,22474562812
22474574294,22474914475
22474742142,22474990827
22476123726,22476249100
22476139702,22476496067
22476334931,22476635905
22477601673,22477949981
22479702496,22480060188
22480837374,22481314949
22482110779,22482261270
22482284232,22482389335
22483669029,22484204705
22484758875,22484889134
22487328591,22487805797
22487688947,22488009020
22488485205,22488657900
22491284655,22491470590
22491520017,22491771685
22492170233,22492407617
22493090550,22493154978
22493569114,22493771645
22493826290,22494326322
22494963021,22495083664
22495409204,22495710934
22495905991,22495947555
22496104638,22496362238
22497367412,22497828669
22497458506,22497834932
22497924184,22498456602
22499209237,22499440789
22499341325,22499778485
22501121062,22501505842
22501881825,22502176202
22504064387,22504273908
22504554094,22504612838
22504701682,22505158285
22504987282,22505423378
22505256587,22505452826
22505334574,22505586833
22505437709,22505568485
22506755719,22506889697
22507253084,22507467128
22507671956,22507889483
22507894623,22508030515
22508907293,22508994319
22510227526,22511168788
22513654235,22513697352
22513769183,22514103419
22513814515,22513913964
22514352295,22514805823
22514616343,22515118870
22518244848,22518714261
22518314609,22518559768
22518908307,22519210265
22519220912,22519581064
22519430945,22523562420
22524515124,22524807599
22524721107,22525038497
22525149355,22525319940
22527386550,22527974613
22527712681,22527995815
22528433069,22528462185
22529096684,22529443206
22529232592,22529327248
22529551195,22529670051
22531207324,22531245176
22531920902,22532057083
22532270791,22532473357
22532381128,22532406966
22533022269,22533442859
22533825206,22534007354
22534996030,22535119574
22535304184,22535436340
22535477416,22535564351
22535548859,22535657724
22535622917,22535701260
22535875351,22536182415
22536272049,22536449329
22536591320,22536896271
22537450472,22537855314
22538357186,22538432948
22538487364,22538583377
22540093455,22540223580
22540290317,22540768004
22541317648,22541557053
22542104308,22542244323
22542201478,22542622300
22542446774,22542574848
22542977334,22543276740
22543109638,22543272274
22543180963,22543435092
22543304875,22543539518
22543450827,22543949154
22544111796,22544541787
22544412421,22544741737
22544439273,22544826175
22544466047,22545116980
22544748966,22545105507
22545162326,22545557980
22545461921,22545826434
22547964940,22548258141
22548273444,22548330624
22548814061,22548962746
22549681914,22549850308
22552692905,22552718299
22553744282,22553988356
22553878625,22554214823
22554024558,22554318614
22555041129,22555377214
22555360415,22555486394
22555749679,22556018808
22555973805,22556177858
22555987828,22556524881
22556884610,22557310355
22557738991,22558108673
22558251183,22558562214
22558251782,22558512344
22559370106,22559798904
22559525945,22559878037
22559809068,22560050728
22560440704,22560524968
22561735780,22562068420
22562149746,22562222313
22563195284,22563263152
22563679247,22564028514
22564161172,22564618998
22564587186,22564921983
22565801382,22566404224
22566398548,22566763152
22566439449,22566768914
22567518343,22567918450
22567679664,22567808026
22568450214,22568645210
22569425366,22569616128
22570060249,22570744356
22570395133,22570759877
22570765895,22571167831
22571765373,22572161142
22572479123,22572508243
22572866998,22573162812
22572939946,22573345893
22573007289,22573302142
22573476653,22573631773
22575364501,22575462627
22576534396,22577149787
22578246077,22578410432
22578528084,22578673880
22580170692,22580251250
22583220494,22583671535
22583432420,22583822045
22583677888,22584019552
22584115375,22584248585
22584947944,22585356841
22585184392,22585381205
22585765370,22586128872
22586136940,22586472638
22586683964,22586728890
22587570160,22587623120
22587662144,22587814177
22587867772,22588130151
22588420673,22588834214
22590320402,22590851163
22590542861,22590753191
22590693813,22591198146
22590869364,22591348511
22591477530,22592015671
22594771478,22595158954
22595757990,22595882709
22596238092,22596298805
22596283416,22596620541
22596572401,22596596047
22598020539,22598618530
22598247210,22598402562
22598953472,22599090988
22599055321,22599121729
22602010524,22602307135
22603882158,22604394617
22605979125,22606346570
22607357609,22607409151
22607594939,22607617318
22607910427,22608111720
22608099608,22608377280
22608721785,22608800074
22610257268,22610834561
22610825679,22610910294
22611998533,22612076288
22612721026,22613171252
22613159885,22613557541
22613423403,22613840093
22615440690,22615669718
22616657400,22616819474
22616944056,22617263830
22619042324,22619571409
22621804981,22622205704
22621952581,22622419203
22622053583,22622362893
22624029514,22624462795
22624602159,22625015764
22625024859,22625280760
22625322891,22625572887
22626281630,22626371260
22626595915,22626861189
22628613470,22628935484
22629585506,22629911598
22630679090,22631200546
22632742895,22633119576
22632923273,22633626066
22632972599,22633306469
22633612396,22633788324
22635318735,22635826132
22636141123,22636496159
22636833272,22637323723
22636957484,22637097969
22637329423,22637613339
22638797389,22639082806
22639329097,22639430576
22639466577,22639660598
22639491018,22640011547
22641921583,22642169174
22642224049,22642577087
22642350136,22642469740
22642593460,22642956100
22642921112,22643161496
22643232521,22643450804
22643667805,22643795322
22644066025,22644162619
22645615727,22645816489
22646527082,22646956090
22646673678,22647123661
22647522958,22648097395
22647795356,22647914448
22648395852,22648551694
22648957084,22649284487
22649239246,22649413203
22649921850,22650274542
22650173041,22650303678
22653443545,22653961318
22655371008,22655635056
22655796343,22656169175
22655959259,22656334578
22656180379,22656781594
22657098479,22657441074
22657370646,22657405621
22658638688,22659003783
22658714073,22659154609
22658881703,22659337797
22659214866,22659476887
22659733039,22659871093
22660064676,22660633874
22661588698,22662167913
22661912948,22662309116
22662056014,22662339038
22662058995,22662496092
22662348134,22662459975
22663830599,22663935628
22664757851,22664839179
22666527460,22666720383
22667481521,22667869409
22672455279,22672499615
22672645340,22672768186
22672901758,22673150656
22673352450,22673511022
22675990944,22676348847
22676629397,22676678277
22676817567,22676948028
22677834417,22677870001
22678276313,22678358936
22678351008,22678484921
22678503291,22678776394
22678904090,22679221020
22678939519,22679233006
22679535298,22679749150
22679941872,22680130098
22681306323,22681732389
22681386579,22681462578
22681485750,22681622385
22681610444,22682069888
22684397931,22684592029
22685475562,22686138158
22686513277,22686947921
22687136867,22687164004
22687605127,22687957959
22690239164,22690458422
22690464699,22690922112
22690703622,22690758885
22691304790,22691666998
22691675152,22692088126
22692556221,22693045251
22692853428,22693276187
22693027807,22693276270
22693618326,22693955997
22694666557,22695255317
22696269589,22696621770
22697352795,22697775625
22697782618,22698247744
22698249552,22698331464
22698254935,22698625393
22699013616,22699077037
22699197926,22699262985
22700696115,22700822432
22701542706,22701711058
22702128409,22702491547
22702221485,22702442680
22702446435,22702636754
22702978203,22703490010
22704988906,22705120217
22705066567,22705397860
22706441269,22706532423
22706911681,22707263097
22706921859,22706985058
22707876984,22708201314
22709512380,22709880767
22709599066,22709909141
22710531682,22710941939
22710671069,22710775475
22712381762,22712421023
22714791554,22715263524
22715343972,22715559008
22716774047,22716981948
22717190240,22717674527
22718429983,22718584168
22718707877,22719008566
22720704558,22721147300
22720897937,22721247410
22721737279,22722181748
22721793383,22722202950
22722205094,22722267896
22722206555,22722705889
22723087172,22723505317
22724446155,22724482689
22725472744,22725824162
22727489415,22727641611
22727904498,22728149095
22728487946,22728807633
22729380544,22729865827
22729619339,22729805420
22730310792,22730684977
22732920333,22733339589
22733154049,22733511050
22733693890,22734406204
22736930161,22737241233
22737609203,22738029094
22737696899,22738178488
22738095934,22738114529
22738116934,22738248322
22738616996,22739021576
22739572419,22739635258
22740443637,22740840179
22740932332,22741311848
22741005513,22741050677
22742192961,22742218324
22743229777,22743557195
22743393786,22743540375
22743668099,22744146163
22745177514,22745335687
22747197784,22747544044
22747294020,22747805119
22747644448,22747946301
22747753634,22748019143
22748358885,22748740203
22748501630,22748540837
22748675472,22749173295
22748996927,22749173445
22749396733,22749812191
22749813839,22750114737
22750269490,22750284517
22750300956,22750829399
22750346602,22750673033
22751288396,22751712924
22752672639,22752949884
22752773801,22752793341
22754193780,22754628913
22754291882,22754659571
22754491842,22754623908
22754659553,22754862466
22758140003,22758576003
22760490358,22760539054
22761638396,22761685575
22761998459,22762321453
22762199484,22762456684
22762727461,22763532387
22763456597,22763737739
22765594199,22765828555
22766117807,22766348883
22768507659,22768715024
22768971495,22769438761
22769322947,22769813020
22770120363,22770635530
22771741975,22772178658
22771993564,22772363055
22772354092,22772644766
22772699858,22772995365
22773510105,22774069454
22775117021,22775272547
22775771130,22776161929
22776614255,22777061083
22776621232,22776816975
22776977085,22777076538
22777797923,22778273529
22778205146,22778766883
22778513590,22778795991
22779755805,22779887692
22779829944,22780332389
22782116178,22782365501
22783129903,22783154629
22783460363,22783714419
22783613937,22783880237
22784078962,22784432163
22784340382,22784595313
22784536205,22784848791
22785124916,22785240616
22785888050,22786296643
22785899562,22786160919
22786300996,22786415180
22786350505,22786547304
22786987676,22787051897
22787692878,22787997574
22788162755,22788470678
22788494058,22789207564
22788509298,22789067766
22788859426,22789035641
22789039017,22789236872
22789220972,22790032927
22790650531,22790841092
22790767632,22791016031
22790815255,22790846200
22791368384,22791608385
22791911723,22791945293
22791931015,22792009880
22792879646,22793302414
22793694643,22793974748
22794182985,22794634961
22794364617,22794470769
22795040735,22795190178
22795072112,22795403909
22795819842,22796266937
22797104222,22797520310
22797459558,22797618267
22797597363,22797624974
22798159401,22798575219
22798984749,22799026668
22799486906,22799570014
22799818668,22799994028
22800192686,22800607420
22801410041,22802046121
22802153919,22802707041
22803835606,22804013805
22804040785,22804291907
22804043498,22804179623
22804294185,22804829406
22804802350,22805266332
22805007480,22805061405
22806230814,22806373704
22806641545,22806705258
22807079236,22807160553
22807448354,22807784448
22807578764,22807908150
22809933798,22809952589
22810793162,22811287921
22810929808,22811210810
22811353738,22811939451
22812404551,22812652147
22813565691,22813872871
22814128617,22814539812
22814715070,22815114274
22814874812,22814990670
22815563578,22816059522
22815772052,22816142436
22815894230,22816129243
22816703945,22816981793
22817253270,22817498374
22817307316,22817619935
22818394908,22818637744
22818528735,22818842081
22818600832,22818655324
22819294601,22819350018
22819355793,22819829538
22820035242,22820397650
22820230188,22820274672
22822925775,22822949113
22827752316,22828178739
22828109445,22828513860
22828218278,22828288340
22828978923,22828994619
22829257683,22829386974
22830281394,22830504449
22830630588,22831055321
22831718239,22831984972
22831900838,22832132917
22832221359,22832412789
22833966349,22833997958
22834185795,22834469654
22834337109,22834771552
22836809239,22836841927
22838257754,22838580268
22838321843,22838414191
22839663342,22839696830
22840057510,22840254574
22842317325,22842437851
22842578282,22842938708
22843414412,22843799297
22843821158,22844137219
22844511152,22844933538
22845951960,22846234676
22846128459,22846588421
22847443773,22847636106
22848192815,22848308217
22849356480,22849509252
22849471843,22850381078
22850644530,22850960271
22851216710,22851648927
22851719165,22852236584
22852014674,22852249194
22852245979,22852329017
22853884508,22854119335
22854434254,22854841172
22854738492,22855299175
22854835568,22855361841
22855046779,22855429189
22857904255,22858249134
22858152822,22858328656
22858793967,22858959086
22859645743,22859831353
22860254633,22860417770
22861101411,22861147693
22861368454,22861858807
22862264684,22862573123
22862776575,22863023425
22863052682,22863471074
22863822340,22863885575
22865082439,22865147774
22868836040,22868903655
22869810827,22869843913
22871052176,22871636868
22872529396,22872647072
22872655979,22872823103
22872736411,22873036894
22875769954,22876165494
22876230604,22876443347
22876371510,22876831474
22876469204,22876959046
22877625695,22877712671
22877909962,22878156754
22878632053,22879070804
22880592056,22880682970
22880686324,22880947637
22881027394,22881074236
22884129725,22884284138
22884553134,22884732267
22886611332,22886874475
22887157892,22887680779
22887721034,22887756947
22888026028,22888566500
22889540977,22889754332
22891706053,22891788452
22891711721,22891812293
22891792498,22891917335
22892577580,22892778646
22892716536,22893031757
22893498310,22893635455
22893556904,22893800882
22894177068,22894471821
22894433640,22894467471
22895330738,22895685802
22896127389,22896251684
22896149762,22896618735
22897079086,22897524496
22897512468,22897702052
22898674062,22899052164
22899359398,22899410684
22900983257,22901408336
22901300436,22901458289
22902068590,22902538738
22904363780,22904597512
22905407046,22905766521
22906774768,22907072987
22908236269,22908634688
22908413254,22908861211
22908812135,22909246453
22909604476,22909765352
22910454380,22910900871
22911726854,22912385526
22912942685,22913232380
22913008882,22913227866
22913220210,22913274060
22914359773,22914667691
22914617794,22914825239
22915817405,22916176058
22916477329,22916697412
22916702323,22916996520
22916752078,22917021684
22917753816,22918141097
22918443531,22918704630
22918709239,22918997145
22919076111,22919189035
22920173090,22920269876
22920278676,22920397910
22922508527,22922777613
22922765654,22922877983
22922795448,22922892205
22923850387,22924306039
22924330594,22924498566
22926189173,22926485217
22926650938,22926943463
22928500123,22928563869
22929307012,22929363754
22930249483,22930581170
22930423236,22930959390
22932228596,22932730122
22933048806,22933215417
22933187169,22933647633
22933271406,22933395980
22933468025,22933693694
22933661602,22933828840
22934302288,22934389375
22934692861,22934989592
22935486620,22935888735
22936201358,22936854107
22937083588,22937379674
22937878332,22938338730
22939076836,22939280726
22939186209,22939400367
22939888498,22939932636
22941475221,22941852613
22941759715,22942016471
22941778856,22942256208
22942356793,22942582770
22945185884,22945508636
22946721891,22946786376
22946872776,22947185329
22947764795,22947882161
22947808368,22947833937
22948189041,22948342404
22948722948,22949113470
22949070343,22949519646
22949135906,22949285813
22949474733,22949723410
22949847819,22950194808
22950160036,22950304068
22950988705,22951187891
22951985125,22952489345
22952083457,22952418962
22953759958,22954212136
22954050981,22954130012
22954251013,22954539428
22954713544,22954852536
22955263128,22955615178
22956062425,22956459594
22956682325,22956716374
22959118882,22959315407
22959121856,22959578052
22962035713,22962661114
22962506368,22962773017
22963260573,22963509244
22963591363,22964120956
22963798745,22963978771
22964936665,22965120665
22965582573,22966013222
22965945084,22966102469
22966255782,22966505377
22967470320,22967633814
22967940981,22968044899
22968479172,22968767947
22968976645,22969317629
22969511195,22969708788
22969643117,22970017665
22970797957,22970995768
22971731868,22972071765
22972119242,22972611707
22974623773,22974914464
22975406593,22975555375
22975647925,22975840057
22976487793,22976871134
22977501068,22977545064
22977786533,22977907209
22978538936,22978689188
22978832627,22978902014
22979077153,22979182434
22979167021,22979511307
22979515473,22979629224
22980280469,22980366360
22980550782,22981003070
22984552772,22984940621
22985018540,22985453614
22985218354,22985260876
22985495068,22985523635
22988952401,22989144722
22989434173,22989578039
22990223167,22990629607
22990795641,22991117017
22991232741,22991288415
22991433854,22991645292
22991526436,22991958283
22992204153,22992607381
22993530870,22993918439
22994133818,22994656315
22994665933,22994851215
22995170283,22995444668
22995353059,22995376394
22995972263,22996343347
22996435513,22996965334
22996507774,22996589930
22996913592,22997074106
22998325279,22998559812
22999419330,22999821694
22999974320,23000399989
23000873101,23001256585
23002760291,23003195258
23002777315,23002827702
23003241265,23003578934
23003416296,23003738983
23004058169,23004380498
23004310736,23004411262
23005357908,23005698903
23006333421,23006777608
23006531638,23007014578
23006946695,23007030613
23008786563,23009131376
23009918746,23010233657
23010334875,23010675290
23010931066,23011155985
23010984294,23011382173
23011098138,23011304939
23011447950,23011798444
23011477287,23011549966
23011868706,23012346938
23012944323,23013037755
23013098336,23013268599
23013126898,23013616780
23015291915,23015397948
23015350206,23015521061
23015419624,23015643772
23016410268,23016756635
23016949715,23017297061
23017475311,23017712147
23018739070,23019084493
23019547997,23019628164
23019548663,23019755452
23019624776,23020034624
23020243912,23020274818
23020304938,23020706600
23021198828,23021478504
23021847929,23022150486
23023102116,23023487730
23023497387,23023642251
23023672033,23023817020
23024626997,23024979643
23026961176,23027139661
23027443823,23027694655
23028028094,23028319425
23028137874,23028579392
23028310798,23028411805
23028780988,23029259264
23028868707,23028918505
23029344547,23029782202
23029437476,23029879727
23030936337,23031404284
23031084576,23031115675
23032031394,23032292833
23032339323,23032427295
23033389386,23033825605
23033515549,23034046067
23034930531,23035003840
23035304668,23035807160
23037110742,23037378238
23037613384,23037921404
23037819449,23038212350
23038855758,23039201800
23040390794,23040502102
23040831734,23041029704
23041139789,23041374785
23042540482,23042771654
23042932346,23043071128
23043220850,23043458218
23043306972,23043598305
23044197644,23044673197
23044681409,23045253623
23045517772,23045574028
23046235209,23046743652
23046749317,23047092272
23046790333,23046911802
23047314730,23047482676
23049266132,23049704447
23049593579,23049909278
23050573758,23050723889
23050731810,23051007199
23050816895,23051245143
23051350605,23051768235
23052000286,23052082214
23052585201,23052956774
23052925534,23053158870
23052953753,23053296836
23053765477,23053886772
23053946347,23054084164
23054774078,23055145677
23054871636,23055005865
23054913520,23055457805
23055007967,23055341684
23056317807,23056716492
23056538967,23056794056
23056837431,23056951341
23057437365,23057493339
23057758920,23058180585
23058487787,23058768838
23059556027,23059719516
23062439409,23063158242
23063175614,23063690797
23063819231,23064045516
23064525699,23064740226
23065459683,23065810104
23065866639,23066090891
23065913304,23066162060
23066898399,23066989423
23067197539,23067641206
23067223530,23067580927
23067803423,23067938818
23068616057,23069065984
23069522288,23069680202
23070637502,23070908595
23071412261,23071566207
23071561655,23071813999
23071989575,23072246454
23072101852,23072445579
23072388112,23072645738
23072397335,23072426974
23073095433,23073267435
23073201046,23073566428
23073762590,23074006750
23076330097,23076472561
23078605773,23078733311
23080534157,23080804871
23081524471,23081735734
23081946474,23082428319
23082717272,23082869135
23082819331,23083084736
23084224043,23084508756
23084389384,23084659385
23085462944,23085897480
23086070475,23086548901
23087732925,23088241805
23088631639,23088864825
23088636983,23088862328
23088873210,23089007763
23088906654,23088945908
23088920596,23088958291
23089008986,23089382937
23089665975,23090300818
23092180546,23092531881
23093032151,23093052829
23093631977,23093701883
23093647408,23093751837
23094034155,23094161555
23094267583,23094574283
23094393988,23095191824
23095263074,23095346017
23095489240,23095909126
23096224758,23096705744
23096311164,23096361223
23096743345,23096940218
23097329313,23097430864
23097756729,23097871880
23097837084,23098028733
23097963178,23098504194
23098814597,23098942254
23100689660,23101016904
23101921544,23102374772
23103327782,23103678560
23103591082,23103924338
23105666286,23105697993
23106154504,23106504283
23107587788,23108045974
23108269692,23108617872
23108510327,23109009023
23109164392,23109426081
23109373255,23109522434
23109402674,23109798075
23109461292,23109844132
23109781064,23110128861
23110453012,23110825203
23111890586,23112554708
23112358608,23112853059
23113108051,23113141882
23113543265,23113908309
23114199318,23114394600
23114612454,23114759240
23114769412,23115074571
23115256617,23115444559
23117330870,23117672170
23118861940,23118957812
23119510569,23119667637
23119887073,23120272286
23121214981,23121335052
23121618299,23122083999
23122194937,23122723223
23123707735,23124010667
23123775240,23123859136
23124299622,23125000213
23125488091,23125770682
23126138370,23126395750
23127265289,23127337202
23127505987,23127553502
23127513547,23127776222
23128131018,23128485288
23128154633,23128364410
23129157142,23129460725
23129481952,23129594524
23129614231,23129941316
23131152373,23131460897
23132026794,23132123294
23132093200,23132216933
23133558776,23134107856
23134249786,23134735164
23134672188,23135142658
23134800214,23135158233
23135168480,23135636947
23135819425,23136060059
23138095159,23138273866
23139674421,23139993719
23140419592,23140838828
23141017657,23141247499
23141050884,23141077268
23142008832,23142243750
23142267521,23142796033
23143858570,23143898928
23145036766,23145325037
23145144204,23145593771
23145273751,23145554662
23145712687,23145909372
23146931389,23147346838
23147210395,23147684329
23148738727,23148793280
23149727908,23150175918
23150058624,23150486543
23150106286,23150369356
23150379812,23150483741
23151150675,23151393255
23153877712,23154240209
23154082158,23154213074
23154258862,23154646972
23154643443,23155010295
23157259877,23157407544
23158151642,23158471098
23158720431,23158873520
23159294976,23159470676
23159328424,23159354752
23160316667,23160467636
23160467666,23160860032
23161398714,23161681189
23161550520,23162156906
23162017208,23162246683
23163020976,23163243383
23163650476,23163977155
23163667896,23163806745
23164214571,23164544149
23165533517,23165757142
23168213073,23168536382
23168502391,23168999840
23170022066,23170469305
23170712170,23171265428
23171813101,23172003390
23172923948,23173065306
23173540374,23173719572
23174196492,23174437589
23174349146,23174585672
23175031633,23175302476
23175463310,23175775120
23176898629,23176974439
23176972747,23177151900
23177164995,23177267480
23178178882,23178591901
23179794837,23179819947
23180692115,23180763717
23181038610,23181654008
23182462857,23182676326
23182760393,23183050450
23183012850,23183346112
23183250544,23183664195
23183691466,23183989245
23184242242,23184476316
23184364125,23184870709
23185802074,23186270572
23188993161,23189352588
23189282200,23189619907
23189605351,23190032235
23190171284,23190440717
23190273790,23190308589
23191178465,23191452405
23191432658,23191637005
23193446696,23193806711
23195111048,23195411133
23195188865,23195396246
23195839902,23195985640
23196636305,23196671988
23197662090,23198084423
23198086807,23198553655
23201790632,23202027097
23201929364,23202273785
23202378163,23202567765
23203007220,23203337920
23203495186,23203886227
23203576807,23203829967
23204400170,23204626443
23205220477,23205364173
23205562914,23205872707
23205597720,23205841223
23207544675,23207680400
23207700264,23208197033
23207956891,23208043103
23208445429,23208733168
23210263703,23210760759
23211028916,23211457540
23211467355,23211888283
23211472556,23211748384
23214555929,23214921862
23215581464,23215696947
23216217004,23216332587
23219041614,23219221487
23220741745,23221013722
23222068830,23222324286
23222386081,23222562891
23222494619,23222661143
23224048054,23224242621
23224101898,23224195298
23224145883,23224657168
23225261663,23225364439
23226134780,23226296878
23226297935,23226673103
23226335289,23226809148
23227292730,23227485217
23227615917,23227920588
23227703310,23227857162
23230475535,23230728195
23231074115,23231327631
23231372323,23231410385
23232209574,23232676089
23232752619,23233021724
23237609663,23238064960
23237950724,23238096523
23238291921,23238591818
23240548280,23240978587
23242579584,23242783968
23247080248,23247319799
23248026545,23248217527
23248654771,23249173601
23249232986,23249351238
23249301283,23249440056
23249494934,23249754595
23249813019,23250124822
23250598228,23250754254
23252329377,23252877924
23252702536,23252862035
23252907017,23253189729
23253140637,23253402300
23253817979,23254021502
23253855888,23254265013
23255626674,23256049099
23255865722,23255945358
23256129453,23256373354
23257067328,23257156108
23257111648,23257368906
23257189426,23257517816
23257496467,23257578525
23257665431,23257688476
23257673500,23257718618
23257852460,23258126965
23259382049,23259450633
23259989701,23260354123
23260027743,23260211541
23260332447,23260343566
23261502444,23261848765
23261761148,23261902186
23261846335,23261933982
23262049829,23262087510
23262220184,23262287279
23262309458,23262654034
23262611348,23262908179
23262797849,23263276613
23264039743,23264153418
23264447647,23264896154
23264719968,23264997576
23264933850,23265013936
23265319984,23265343097
23266099853,23266537221
23266749280,23267027349
23266798668,23267133815
23268351056,23268782599
23269337816,23269771164
23269722786,23269935586
23270767465,23271072110
23271730151,23271822344
23274505054,23274928450
23275829690,23276235341
23276061531,23276359498
23276688217,23276753877
23278455858,23278789054
23279601642,23279890315
23280606316,23280688139
23282352317,23282569993
23283075212,23283551131
23283523161,23283761053
23284276121,23284581101
23285210386,23285874780
23285457384,23285612160
23286438225,23286656786
23287873558,23288017757
23288113777,23288612168
23288734335,23289004960
23291394644,23291844216
23291900677,23292197535
23292562113,23292597974
23294831394,23294940806
23295029033,23295086522
23295861102,23296038432
23296052434,23296191734
23296094754,23296557917
23297378761,23297708103
23297405443,23297662668
23297925898,23298413361
23298059231,23298296551
23298434773,23298507490
23298729471,23298858854
23300881108,23301088951
23301674984,23301899187
23301710412,23301779825
23304067083,23304183663
23304189746,23304341902
23304439168,23304839888
23304649314,23304953389
23306043072,23306364723
23306682406,23306984719
23307933255,23308060207
23308030226,23308191765
23309295854,23309659124
23310258177,23310484740
23310686727,23311041593
23311777980,23311951357
23311794966,23311952333
23312075998,23312335358
23312240924,23312751464
23313402450,23313781776
23313995517,23314494468
23315145359,23315334153
23315709841,23315964897
23315728273,23316177023
23317653929,23318004248
23318585310,23319391979
23319195128,23319344959
23319368804,23319507859
23319833228,23320026267
23319943708,23320246312
23321374953,23321420665
23322298526,23322425436
23322836276,23322950449
23323568123,23323756060
23325269974,23325287387
23325996820,23326600980
23326345064,23326547810
23326393927,23326843134
23327659405,23327778844
23327809823,23328001705
23327873826,23328282352
23328162472,23328522726
23328487926,23328790228
23328661681,23329031408
23329246836,23329618810
23329864239,23330068188
23330778050,23331130273
23331256595,23331614332
23331823854,23332183240
23331883132,23332038195
23332884611,23333144850
23332975290,23333057435
23333253596,23333460215
23333285272,23333618720
23333620920,23333974642
23333683492,23333877047
23333834595,23333893898
23333919900,23334198730
23334380276,23334538168
23335094595,23335414702
23336592645,23337014773
23337030500,23337312513
23337850979,23338004836
23338068099,23338189152
23339041087,23339435244
23339079699,23339546731
23339236617,23339352763
23340224481,23340394885
23340508948,23340812490
23340683576,23341031274
23341150073,23341365638
23341623042,23341865139
23346646404,23346783124
23348869845,23349091138
23349351787,23349499570
23349833792,23349906988
23350054445,23350461508
23351105062,23351467252
23351124964,23351217052
23352052912,23352095577
23352246249,23352516451
23353766935,23353831240
23353879886,23354422791
23354219435,23354453908
23356280648,23356603652
23356326329,23356801719
23356346196,23356470975
23356497666,23356643147
23357440245,23357942927
23357754858,23357925890
23359414668,23359666431
23359801024,23360165122
23362077423,23362139765
23363309056,23363800742
23364919894,23365119211
23365648419,23366069886
23366223833,23366293544
23367400023,23367878839
23367460849,23367630745
23368177085,23368389606
23368741206,23368876368
23368945776,23369114772
23369289987,23369481805
23369494003,23369827826
23370097193,23370304490
23371074801,23371465950
23372054015,23372420509
23372241986,23372443581
23373160688,23373238333
23373190235,23373670314
23374090659,23374247568
23375942734,23376201602
23378118956,23378296324
23378356523,23378632224
23378408569,23378457411
23380224885,23380749717
23380885373,23381294783
23381342866,23381562314
23381591011,23381742612
23381824220,23381923668
23382253079,23382727918
23382832205,23383288969
23383686394,23383720281
23384639990,23385090671
23384985664,23385252263
23385009455,23385407545
23385465636,23385804039
23387755057,23387985433
23389370411,23389444337
23389972964,23390280481
23390070213,23390290885
23390432043,23390669287
23391941819,23392108850
23392424007,23392562589
23392811110,23393113708
23393281552,23393588942
23396154714,23396323596
23398853648,23398882334
23399637000,23399907582
23399642984,23400226536
23399678423,23400000217
23400050644,23400462455
23400408059,23400645578
23400847362,23401208968
23401044791,23401233326
23401923418,23402161957
23402073326,23402380011
23402106921,23402556441
23403048603,23403807741
23404774767,23404917609
23405422697,23405863398
23405832436,23406083878
23406327588,23406846626
23406681962,23406746634
23407947599,23408212485
23407972377,23408355767
23408332173,23408695020
23408379238,23408421657
23408567104,23408737542
23409343086,23409662899
23410201441,23410733030
23411028894,23411065034
23412249428,23412479684
23412716145,23413211226
23413329349,23413564392
23414065620,23414393628
23414782428,23415013776
23414811816,23414991428
23414851971,23415001284
23415395520,23415925566
23415475888,23415654634
23416298748,23416799065
23417066268,23417139229
23417249718,23417358242
23417358640,23417517928
23417392996,23417767404
23417774975,23418254790
23418313401,23418574133
23418997925,23419369419
23419511648,23419940933
23419854784,23420038343
23421498016,23421569232
23421498331,23421891788
23421716167,23422373434
23422071891,23422399637
23423080202,23423265178
23423364420,23423699033
23424524044,23424622365
23424661516,23425033013
23425075681,23425102081
23425836433,23426122423
23426877822,23427014782
23427053825,23427172389
23427286221,23427313019
23430494849,23431018450
23431474850,23431814657
23432224420,23432480149
23432608161,23432829384
23433020135,23433376959
23434153971,23434307156
23434155719,23434205742
23434361625,23434641925
23434651652,23435015911
23434653471,23434944430
23435670090,23435963927
23435833235,23436229738
23436012492,23436263470
23436212923,23436540794
23436335002,23436747273
23436630719,23436647296
23437074519,23437535546
23437701421,23437977836
23438065968,23438717642
23438366166,23438425448
23438523150,23438866675
23439231341,23439366580
23439381038,23439606587
23439476991,23439678205
23439651695,23440136722
23440721789,23441242025
23441007768,23441055647
23441104776,23441545373
23441299394,23441434150
23442361117,23442634423
23442657018,23443174309
23442732350,23442870752
23444735655,23445243869
23445438618,23445521994
23446919881,23447039538
23447366521,23447485479
23447493732,23447570454
23448943790,23449382821
23449207782,23449633106
23451582128,23452074469
23452389543,23452776903
23453406450,23453894739
23454658548,23455052678
23454778715,23454942656
23454826261,23455433842
23454886587,23455511985
23454899754,23455215851
23455468761,23455658954
23459182744,23459242724
23460234895,23460291020
23461160819,23461589909
23461178952,23461446628
23463056018,23463442019
23463418421,23463617534
23463793916,23464160846
23465839487,23465997059
23465878057,23466371194
23466092611,23466546314
23466754738,23466810197
23466862524,23466931650
23466985070,23467385976
23469718450,23469883957
23470394641,23470653625
23470567918,23470893569
23471129138,23471632798
23472024895,23472363923
23472103100,23472288577
23472266464,23472333293
23472350714,23472592028
23472403420,23472654065
23473032143,23473448615
23473204098,23473636113
23473481299,23473791190
23475126967,23475576682
23475283453,23475561060
23475871865,23476108791
23475954585,23476046813
23476622514,23476735233
23477617690,23477985302
23477853483,23478260740
23478137211,23478203437
23478271369,23478662329
23479274410,23479689269
23479633182,23479963410
23480817213,23480868734
23480849317,23480868615
23480975627,23481389236
23481337933,23481720609
23481848910,23482198018
23484376746,23484652499
23484915884,23485107775
23485303059,23485463618
23486660808,23487020457
23486746356,23487080666
23486989101,23487272701
23487564364,23487836603
23488422856,23488541068
23488701456,23488864865
23488921411,23489222295
23489581765,23490096043
23489656427,23489988811
23490370814,23490857605
23490915557,23491125859
23491364153,23491723793
23491456327,23491720602
23492871747,23493310447
23493140616,23493587005
23493720647,23493895653
23494047072,23494187020
23494219245,23494697521
23495739737,23495844283
23496003813,23496163533
23497755434,23498017858
23498235544,23498602258
23498671800,23498779330
23499485005,23499840172
23500563854,23501326641
23500702565,23501318045
23501885849,23501991773
23502014487,23502458028
23502039386,23502396661
23503671992,23503719310
23503685868,23504060731
23503842459,23504224924
23504363210,23504429407
23504864009,23505238837
23504906282,23505112182
23505240251,23505439767
23505660774,23505765077
23505697828,23505772080
23505897285,23506186683
23506191946,23506448772
23506601640,23506984611
23506920378,23507400256
23508290007,23508614740
23509054809,23509128385
23510870028,23511000641
23511684409,23512096996
23511707933,23512099646
23511765232,23511906138
23512439308,23512809437
23512963374,23513253655
23514010636,23514038745
23514045738,23514430104
23514433974,23514760537
23515229566,23515737080
23515363718,23515409421
23515971855,23516525736
23516308129,23516750131
23517239173,23517505349
23519174340,23519685882
23521005048,23521387065
23521762327,23521816445
23521819307,23522218690
23522705799,23523112628
23523177326,23523360366
23523789263,23523801665
23523837024,23523954752
23525265699,23525735683
23528385423,23528714071
23528711155,23529079931
23529835106,23530027155
23532553112,23532890842
23532710832,23533194686
23532822496,23533057361
23533246159,23533432070
23533699470,23534163316
23534914712,23535150201
23535466012,23535827033
23537928234,23538319413
23538257674,23538565974
23538293483,23538515857
23538567623,23538748573
23539120181,23539268806
23539957637,23540433859
23541266446,23541555361
23543143757,23543365852
23543151019,23543444596
23543272657,23543568301
23547371022,23547842664
23548040788,23548126923
23548555803,23548718759
23550206938,23550274320
23551693219,23552031866
23552014492,23552753742
23553360375,23553758307
23553611983,23553674983
23553901662,23554192493
23554863981,23554956119
23555414800,23555637666
23555522963,23555614612
23557017103,23557333478
23557133588,23557322632
23558403458,23558664781
23558452998,23558513649
23559978929,23560012216
23560108395,23560709602
23560665582,23560782260
23561877679,23562068857
23564063558,23564391870
23564205885,23564388906
23564226569,23564669484
23564679483,23564940956
23565298222,23565428236
23565643283,23565699758
23565750592,23566011127
23566032072,23566388739
23568517760,23568931828
23568919530,23569132783
23569809473,23569983640
23569832046,23570039311
23569973421,23570460030
23570795832,23570826538
23570866933,23571142270
23571107353,23571539180
23571766741,23572128002
23573263312,23573529231
23573936017,23574026342
23574315044,23574636158
23574534843,23574668637
23574860231,23575210067
23575703265,23575748817
23577455247,23577673823
23578180465,23578349985
23578472327,23578919376
23579291906,23579477598
23580378969,23580470351
23581278274,23581676850
23582045485,23582266305
23582072462,23582481962
23584680843,23585194554
23584742551,23585188807
23584884356,23585158561
23585633266,23585939158
23586450980,23587011794
23587065326,23587321092
23587322769,23587535184
23589632224,23590007215
23589919432,23590331403
23591383778,23591411479
23591513380,23591928139
23593732396,23593928754
23594107092,23594231990
23594317721,23594879984
23594919370,23595222451
23595378813,23595516329
23595385937,23595710327
23595420924,23595927722
23597431112,23597474851
23597914956,23598301094
23597999635,23598098426
23598189804,23598337179
23601096873,23601346989
23601985871,23602176441
23602232677,23602390318
23606025791,23606231430
23606079524,23606316402
23607499808,23607942769
23608087016,23608246115
23609145568,23609332617
23609903843,23610056569
23610288000,23610513758
23610413155,23610815044
23612912613,23613363100
23613492647,23613928269
23613668626,23613900254
23613873197,23614142735
23614014371,23614429643
23614699044,23615165069
23614819166,23615249487
23615433514,23615625752
23616405530,23616738246
23616833204,23617074881
23617237509,23617535648
23617906190,23618036376
23619088707,23619529017
23619495674,23619799250
23620962693,23621302328
23622340614,23622471128
23622560420,23623047563
23625052742,23625480071
23625287524,23625428082
23625782396,23626026637
23626708148,23627222226
23627246769,23627565741
23627746403,23627809049
23630102915,23630145308
23630262167,23630853427
23630907897,23630959876
23632455979,23632782260
23633837384,23634103755
23634396228,23634675278
23634686442,23635143090
23639514532,23639712251
23639595166,23640074475
23639647301,23639945479
23639811022,23640025720
23640975627,23641389685
23642465402,23642662076
23643477787,23643541213
23644163851,23644427565
23644358979,23644652698
23646422318,23646662794
23646891072,23647095263
23647622658,23647818913
23648128112,23648221594
23648229783,23648312884
23651169731,23651349856
23652731780,23652860086
23653616412,23653719145
23654111622,23654430618
23654458639,23654690315
23655153130,23655369422
23655583242,23656180414
23656472909,23656649297
23656563485,23657070433
23657925940,23658024308
23658680143,23658986773
23658698408,23659215874
23658706896,23659058881
23658887438,23658916944
23662210386,23662459594
23662513132,23662942685
23663342347,23663594631
23663587268,23663681081
23663614088,23663847868
23663932739,23664329275
23664074474,23664501833
23665221914,23665635962
23665268660,23665814527
23666251661,23666617925
23666900788,23667193151
23667495060,23667545694
23667751734,23668050551
23668952735,23669350751
23669106500,23669314678
23670311287,23670539660
23670715149,23670922580
23671752405,23671869745
23672480952,23672928741
23673714909,23673922383
23674351506,23674670146
23675327899,23675751299
23676307958,23676429116
23677316654,23677354504
23677632339,23677657363
23677673344,23678106433
23678162122,23678556511
23678418039,23678592537
23678624468,23679341528
23680519665,23680591034
23680755390,23680864523
23681245057,23681520050
23681848483,23682208292
23682396746,23682585001
23683417664,23683545589
23683559910,23683985069
23685164441,23685381670
23687323207,23687746360
23688654248,23689039750
23688675441,23689041204
23688757864,23688782205
23689262159,23689622407
23689317069,23689667585
23689402021,23689640385
23689486157,23689910471
23691046498,23691148173
23692020035,23692135811
23692125647,23692431375
23693512030,23693738525
23694128571,23694946464
23694709499,23695110726
23695986042,23696400886
23696041662,23696403686
23696465951,23696560465
23697450785,23697650336
23697512460,23697684842
23700919480,23701321045
23700965273,23701086654
23700977258,23701067220
23701061725,23701171157
23702284919,23702651509
23702510908,23702820480
23702656492,23703154922
23702683758,23702709700
23702743376,23702847772
23703065511,23703106740
23703733559,23704103742
23704758024,23705020307
23705307228,23705669454
23707206330,23707484642
23707496910,23707893326
23708466025,23708605529
23708791794,23709154558
23708905780,23709234877
23709388003,23709830193
23710185052,23710202284
23711210223,23711451873
23711966496,23712369878
23712849004,23712932993
23713828848,23714076974
23714446211,23714785748
23716432857,23716579655
23717831092,23718259710
23718125870,23718242750
23719614142,23719902623
23719956236,23720303234
23722763542,23723243757
23723686160,23724103197
23724791426,23725239273
23724930239,23725152831
23725419827,23725550394
23726171411,23726313529
23726930185,23727183860
23726944497,23727417338
23727949044,23728346120
23728143909,23728485550
23728501432,23728541472
23728978718,23729073570
23732775168,23732901744
23734061725,23734308671
23734081243,23734516244
23734429166,23734860141
23735375626,23735739122
23736539173,23736765683
23736958206,23737061934
23737769120,23737996512
23740644338,23740905191
23741350114,23741643988
23741611690,23741893510
23742103605,23742373810
23743087471,23743217553
23743180562,23743290612
23744141869,23744587299
23744537203,23744606079
23744849642,23745206255
23744900119,23745194541
23745038675,23745184848
23745412555,23745434842
23745874652,23745939174
23747002501,23747073108
23750091183,23750578466
23750750395,23750897110
23751209543,23751303885
23751320002,23751614105
23753643573,23753688436
23754639910,23754757581
23756512306,23756957623
23757254811,23757416543
23757907331,23757919775
23758753989,23758781336
23758945247,23759340261
23764656511,23764958588
23765086664,23765228409
23765676338,23765931397
23766461819,23766811547
23767086191,23767231843
23768169279,23768212825
23769118653,23769290839
23769606901,23770019059
23772635325,23773042385
23773228970,23773601200
23773607878,23774077127
23774193624,23774698230
23775078287,23775486781
23775625419,23775717660
23776926964,23777492827
23778971725,23779152717
23779488805,23779875094
23780122461,23780633179
23780165725,23780493344
23782627645,23783127757
23783440867,23784045794
23784803250,23785274985
23784949138,23785307705
23785627253,23785953904
23786854790,23787222388
23787819755,23788149210
23787843092,23787988299
23788689692,23788863721
23789639962,23789811661
23790517834,23790709343
23790722102,23791078957
23790929630,23791270127
23792034115,23792288206
23793582323,23793645667
23793838893,23793989542
23796272139,23796542451
23796357889,23796738086
23797798438,23797993899
23798560458,23798724822
23800208662,23800544184
23802036949,23802135243
23802191572,23802218650
23802589636,23802916570
23803150594,23803626337
23804827666,23805060496
23807439475,23807496955
23807534291,23807846531
23807955934,23808469777
23808842551,23809174258
23809854989,23810175425
23810328813,23810437218
23810706906,23810812188
23811910377,23812066869
23812893579,23812975819
23812929393,23813023791
23813303210,23813363908
23814356854,23814707932
23814360902,23814534914
23814599077,23814982947
23814796075,23814993943
23816837534,23817106762
23816874158,23817081286
23817023306,23817419927
23821001611,23821221415
23821290951,23821329072
23822510148,23822855931
23822522631,23822885300
23823046666,23823224652
23823184718,23823546255
23824242763,23824559021
23825660988,23826039779
23825908802,23826426667
23826042990,23826106747
23826109226,23826492813
23826372174,23826598334
23827654186,23827720878
23828486450,23828711392
23829086599,23829278560
23830400653,23830545564
23831070576,23831265468
23832359148,23832461864
23832406158,23832713419
23832664586,23832891098
23834571427,23834638143
23835273426,23835456509
23836197909,23836503930
23836216453,23836530191
23836241776,23836579076
23840282359,23840502562
23840511800,23840932116
23840996257,23841127492
23841081203,23841467949
23842183173,23842535448
23842584559,23842785746
23842684484,23842824432
23843620703,23844144073
23845432777,23845827737
23846980950,23847473447
23847494350,23847683655
23847920390,23848387301
23848398904,23848862170
23849280675,23849558978
23849877388,23849959095
23850270802,23850402580
23850311852,23850485570
23850836291,23851285768
23851665187,23851861298
23851731257,23851776319
23852488299,23852898801
23852831811,23853306836
23852978162,23853324595
23854194938,23854495468
23854545533,23854654540
23854692589,23855165213
23855107198,23855410437
23855182724,23855636543
23855931535,23856129217
23856644184,23856915586
23857187394,23857357072
23857886456,23858303804
23858419182,23858434321
23858563342,23858819603
23858918659,23859398681
23859547847,23860016815
23859723883,23859837567
23860013872,23860355530
23860480466,23860617933
23860767576,23861035335
23861497320,23861909310
23862574550,23862950046
23864458713,23864989596
23865581772,23865780796
23866828293,23867308540
23867972373,23868311256
23867997344,23868213738
23869146279,23869429828
23869431557,23869788810
23870161494,23870253893
23870298663,23870410965
23870516482,23870901754
23870534899,23871007657
23871731587,23872181294
23871874057,23872178608
23872315323,23872548083
23872582330,23873131403
23873346934,23873679235
23873657974,23873943587
23873726890,23874025630
23878159543,23878240190
23878535110,23878667656
23879320743,23879407660
23879778407,23880044315
23880071716,23880452485
23881174952,23881275564
23881810505,23882160918
23882509116,23882642825
23883807458,23883938489
23884128800,23884529778
23884290188,23884551985
23884568961,23884859510
23885417736,23885620395
23886232388,23886389983
23889450297,23889714203
23891012865,23891567131
23891780595,23892104297
23892802719,23892978710
23893364628,23893648566
23894183887,23894649403
23894889050,23895044757
23895213967,23895622899
23899806634,23899848113
23901116462,23901386631
23901165196,23901269321
23901545688,23901671876
23901582991,23902071942
23902460715,23902525549
23904582263,23904693806
23905665826,23905981326
23906528701,23907033358
23908708849,23909095244
23908750369,23908801694
23908832015,23909273841
23909837624,23910202818
23911245935,23911710079
23911753118,23912095076
23911818264,23912101253
23912917976,23913205752
23914080751,23914388753
23915851602,23916337451
23916891939,23917063648
23918896357,23919127099
23921462264,23921792715
23922919944,23923412691
23924280113,23924506393
23924475803,23924900478
23924618599,23925013425
23925864746,23926286332
23926387943,23926853534
23927004226,23927246879
23927318332,23927506477
23928499755,23928782075
23928604381,23928898134
23928912841,23929439586
23930732559,23931140764
23931448319,23931629659
23931588314,23932039013
23932804715,23933039913
23933561556,23933728240
23933889713,23934138089
23934653513,23935049991
23935067376,23935512717
23935539217,23935940109
23936553670,23936845206
23937312351,23937392239
23937332684,23937847147
23937618207,23937633323
23939973610,23940506419
23941197895,23941581866
23942034105,23942464546
23942487045,23942617469
23942618076,23942939750
23943409173,23943612667
23943701221,23944254317
23943814954,23944319565
23943849300,23943873790
23943911919,23944120818
23945184360,23945415871
23945693833,23945851699
23946236245,23946560101
23947147326,23947569705
23947354646,23947616391
23947358345,23947820410
23948624973,23949050227
23949137672,23949440840
23949208166,23949295959
23949443068,23949479870
23951229903,23951700968
23952862868,23953340244
23955410080,23955623690
23955683802,23955802899
23955831053,23956012849
23956148377,23956502285
23956595926,23957007337
23957591590,23957889440
23957707402,23957754348
23957901069,23958275189
23957910546,23958428195
23959475356,23959646586
23959742044,23960088191
23961638388,23961671603
23961847412,23962260067
23962402559,23962693746
23964652830,23965006434
23965255067,23965723027
23966851791,23966873280
23967105557,23967265628
23968191911,23968530766
23968573353,23968883625
23968833812,23969188585
23969015743,23969481364
23969495516,23969653256
23969553221,23969626996
23970097293,23970502171
23971788166,23972059563
23973136694,23973447644
23974198093,23974626136
23975064842,23975157569
23975178651,23975698368
23975203675,23975507128
23976654100,23976694113
23977886196,23978247186
23978456301,23978794886
23980375746,23980661606
23980668957,23981213308
23980972159,23981197860
23981790714,23982202457
23982117801,23982161732
23982330125,23982681121
23982947979,23983310214
23983293935,23983501519
23983825497,23983845883
23984296619,23984723434
23984588662,23984883744
23984838811,23985053718
23985079782,23985357129
23986103112,23986182271
23986449035,23987062085
23987556317,23987842886
23990465261,23990922225
23991360759,23991506517
23992014126,23992406013
23994287556,23994581761
23994354511,23994657691
23994553239,23995070061
23994920229,23995364456
23996805226,23997220850
23996815193,23996890018
23996898033,23997059834
23997040122,23997210085
23997374760,23997450827
23997431777,23997861802
23997916599,23998178307
23998112862,23998275447
23998141819,23998549009
23998596910,23998728053
23999552482,24000149061
24001773318,24002004496
24002671529,24003228176
24003279011,24003639652
24003346963,24003803138
24004403981,24004883227
24004627067,24005163262
24005217435,24005664699
24005689127,24006083325
24006281601,24006574632
24006442434,24006843187
24007098874,24007266873
24008223705,24008262398
24008561849,24008903517
24008847326,24009386172
24009522263,24009821686
24009744380,24009933510
24009860028,24010291983
24010304720,24010848709
24011272509,24011443101
24011981887,24012275435
24012669337,24012826096
24012925962,24013365324
24013464605,24013706866
24013972281,24014352792
24014820554,24015129864
24016071625,24016095895
24016646742,24017013603
24016702146,24016723130
24017475669,24017748379
24017942244,24018366660
24019676898,24019835031
24019924505,24020100951
24022181329,24022218265
24022347615,24022560683
24022509411,24022543426
24022977646,24023081915
24023083047,24023488209
24024886859,24025231582
24027372026,24027438341
24027451973,24027674880
24028031916,24028173834
24028093192,24028126370
24028377041,24028532193
24028591892,24028940096
24029390361,24029863171
24029857199,24030125091
24030992252,24031383669
24031353391,24031811463
24032271582,24032571852
24033839490,24034187224
24034233734,24034311095
24034340201,24034599293
24034923667,24035101464
24035214659,24035400837
24036586796,24036627524
24036897037,24037178184
24037145062,24037457290
24037658104,24038155943
24037677274,24038225921
24038899734,24039259823
24039936376,24040019961
24040122725,24040500409
24040214811,24040454870
24040459062,24040742209
24041714013,24041784342
24042281209,24042386743
24042455072,24042803769
24043127526,24043404879
24044130083,24044356783
24044364346,24044418725
24046634980,24047100623
24046669378,24047159827
24046926888,24047017850
24048348154,24048472013
24049578928,24050055262
24050092957,24050566452
24051068053,24051461578
24051094765,24051146392
24051790196,24051860915
24056076388,24056117687
24056695067,24057184844
24056747152,24057278306
24057751969,24057997436
24058003052,24058120234
24059027613,24059416141
24059271174,24059518892
24060273804,24060827131
24061140161,24061389392
24061261254,24061680090
24061642829,24061777117
24061790149,24061828611
24062119894,24062581202
24062200975,24062474164
24062408721,24062526753
24063163806,24063537217
24065581133,24065600449
24066210509,24066278222
24066965129,24067240952
24070345030,24070718916
24070441279,24070938230
24070893576,24070981950
24072290496,24072581136
24072599209,24072704020
24072601975,24072976577
24072675083,24072813869
24073128507,24073344116
24075063142,24075326011
24076227224,24076509990
24076294597,24076614059
24076940873,24076976561
24076961621,24077224426
24077153921,24077558730
24077674398,24078053479
24079032665,24079287867
24079380423,24079662808
24079635889,24079825300
24079694386,24080020145
24080856932,24081318314
24081629132,24081893072
24082832559,24082966763
24086398821,24086805818
24087426657,24087767884
24088078282,24088533678
24090173361,24090486719
24090588982,24090862565
24091462093,24091851633
24091985890,24092475736
24093897464,24094176505
24096000330,24096239028
24096303039,24096660568
24096479431,24096681953
24096813776,24097243976
24097126506,24097358883
24098533800,24098903407
24098710550,24099501271
24099372460,24099479697
24099735059,24100143434
24100667348,24100811476
24100800341,24101156464
24100906914,24101299353
24101176034,24101382778
24101429217,24101621148
24101934120,24102393831
24102047119,24102109635
24102189599,24102671978
24103464854,24103680538
24104127579,24104457577
24104875721,24105253864
24105792273,24106114051
24105793496,24106104803
24106834263,24107171784
24107855466,24108160454
24107948620,24108311583
24108636262,24108931472
24109034322,24109360748
24110366090,24110692095
24110803510,24111562680
24112601430,24113049347
24113934505,24114077804
24115503369,24115783993
24115772252,24115802296
24115785603,24116126159
24116040541,24116317109
24117137298,24117174889
24118136766,24118642163
24119676306,24119824770
24120184440,24120264895
24120352466,24120470031
24120372307,24120801729
24121226741,24121255212
24121305372,24121738450
24121483924,24122278908
24123638727,24124001763
24124133281,24124644120
24125764061,24125885827
24126201023,24126232575
24126202538,24126415065
24127516221,24127974511
24128199800,24128562598
24129379490,24129570792
24130732472,24131279687
24131001602,24131303171
24131358145,24131685005
24131400627,24131720371
24132252759,24132468695
24133518295,24133905603
24133809307,24134191375
24135214226,24135327232
24135825428,24136172804
24136813949,24137102155
24137114638,24137539603
24137544008,24137685005
24137731970,24137793316
24138286577,24138704108
24138393577,24138594176
24138788272,24138992436
24139013707,24139079419
24140191854,24140494253
24141789461,24141939967
24142218707,24142279752
24142574877,24142831067
24142691989,24142947926
24143679292,24143869617
24144790204,24145069529
24144893108,24145385490
24145110669,24145566511
24145974227,24146100255
24146382149,24146500389
24146411205,24146735390
24146908913,24147354633
24147860800,24148251209
24148891870,24149347751
24150041135,24150233417
24150306945,24150694749
24151015901,24151479817
24151696797,24151908939
24153036329,24153083231
24154189680,24154586891
24155192480,24155320132
24155961948,24156340557
24157022695,24157113446
24158594164,24158847470
24159396225,24159744853
24159789229,24160263702
24160275716,24160727422
24160792234,24160917090
24161816467,24162120660
24162371620,24162425997
24162627025,24162742775
24162872894,24163151203
24163030540,24163642379
24163850745,24164036703
24164421765,24164798967
24164557688,24165050477
24165192667,24165365410
24165356726,24165556588
24165582328,24165660678
24165837013,24166303765
24166957667,24167336081
24167609017,24168022598
24168053962,24168401865
24169509832,24169588853
24171199124,24171336537
24172022016,24172039935
24172201014,24172443375
24172398943,24172538850
24172833902,24173061154
24173588569,24173904652
24173620241,24174054192
24173793154,24174200741
24175648079,24175841227
24178077096,24178119008
24178436714,24178546649
24179359923,24179654210
24180199071,24180592152
24181555605,24181993800
24181746450,24181996888
24181790661,24182092978
24182096470,24182383370
24183401489,24183511511
24184703186,24185126132
24184902566,24184917358
24185152119,24185539387
24185566568,24185775804
24185639219,24186030687
24187369182,24187531632
24187772036,24188176010
24188687157,24188882110
24190808109,24191102335
24191069022,24191231912
24191322221,24191829140
24192145083,24192175244
24192496501,24192553915
24192551743,24192588997
24192592823,24192782292
24192624406,24193009193
24193265662,24193590589
24194442924,24194716323
24194718448,24195130958
24194975709,24195368888
24196895243,24197018873
24196935425,24197298350
24197365731,24197563773
24200431408,24200923127
24201151308,24201566253
24201244444,24201394945
24202625760,24202876391
24204490314,24204943820
24206073327,24206083321
24206205627,24206629727
24206226427,24206293925
24206358019,24206549867
24206841830,24207233923
24207774545,24208038438
24210962897,24211239184
24211553725,24211609682
24212442806,24212959815
24212712996,24213427438
24213573834,24213804410
24216344583,24216480031
24217461134,24217879063
24218290014,24218749602
24219391392,24219780016
24220344399,24220606729
24221224050,24221525539
24221353555,24221477274
24222773041,24223069671
24223607947,24223669216
24225348260,24225656572
24226552668,24226867463
24227234554,24227396150
24227806623,24228070184
24229377080,24229396051
24229796604,24229842723
24230063431,24230397673
24231321762,24231557112
24231708208,24231736246
24232176225,24232235499
24232853407,24233287386
24232978571,24233033922
24233387650,24233896963
24233905922,24234384497
24234045793,24234299758
24234387991,24234741532
24236096431,24236362920
24236163272,24236643976
24236242499,24236672116
24236472601,24236582318
24237665401,24238156854
24237915447,24238301972
24238060060,24238388084
24238476493,24238654436
24239014316,24239120090
24239684264,24239960670
24239845034,24240178393
24240126337,24240469734
24240182343,24240320615
24240351544,24240526938
24240972733,24241164603
24241655936,24241879102
24243382233,24243511627
24243657781,24244124522
24245151910,24245215335
24245538607,24245735785
24245644382,24246108354
24249250500,24249296330
24249598608,24249713284
24251265744,24251553683
24253275081,24253497413
24254475153,24254786690
24255950566,24256123851
24256442275,24256637388
24256580889,24256864784
24256739884,24256830889
24257346974,24257599137
24257388328,24257786799
24259266189,24259638271
24259725840,24260208063
24260344396,24260669366
24260432121,24260658239
24260530132,24260826922
24260650527,24260914573
24260856929,24261113097
24261778877,24261995910
24262054925,24262150241
24262079476,24262366391
24262545775,24263018307
24263111412,24263660193
24263954919,24264027721
24264084809,24264413307
24264516330,24264785287
24265868442,24265964846
24267558322,24267626785
24267650874,24268145206
24270651201,24271039081
24272988447,24273221777
24273765987,24273996157
24274177793,24274212500
24274305880,24274535759
24277088447,24277487438
24277187702,24277721506
24278414008,24278557732
24278460220,24278892231
24278558969,24278706819
24278612155,24278948416
24278666447,24278748972
24279210110,24279452382
24280695484,24280853529
24281046376,24281217303
24282857236,24282895894
24283731082,24284226177
24285160814,24285322925
24286269273,24286574877
24287608528,24288216806
24287892005,24288289524
24288220569,24288546327
24288461981,24288711907
24288987467,24289290662
24292717193,24293149918
24293290604,24293673787
24297136076,24297236355
24297584846,24297985993
24299264818,24299320806
24299286145,24299365301
24300043058,24300403927
24301828126,24301871871
24302614935,24302699495
24304855312,24304986402
24305767888,24305846245
24306152544,24306175159
24306782579,24306907000
24306919957,24307186623
24308756667,24309085199
24308961947,24309406642
24310408410,24310444330
24310541311,24310761877
24310724543,24311118784
24311659064,24312036363
24313672737,24313694755
24313737275,24313928202
24315143919,24315208521
24315209011,24315556169
24315477173,24315678565
24315495697,24315733525
24315842187,24316330630
24317811788,24318075918
24318550631,24318835199
24318814739,24319022403
24318880863,24318963503
24319825377,24320053602
24320063932,24320478857
24321218430,24321241000
24321495376,24321859971
24321848796,24322256791
24321973371,24322127577
24322560860,24322988118
24325604910,24325994652
24326311823,24326508315
24326493016,24326954925
24326554103,24326792068
24327413822,24327584652
24328132356,24328536592
24328955054,24329270482
24329325621,24329391080
24330141917,24330239160
24331305571,24331421515
24331736137,24332409188
24332568341,24332853837
24333606050,24333812434
24334061351,24334193182
24334583173,24334945021
24334991555,24335406238
24337185129,24337586021
24337317039,24337448622
24337357268,24337416190
24337468698,24337770851
24337640009,24337670080
24337724034,24338128015
24338630355,24339062531
24338944297,24339158531
24339538036,24339818011
24339771702,24340036199
24339972617,24340448767
24341242925,24341687145
24343378727,24343414742
24343429277,24343569216
24345373895,24345613344
24345656495,24345696540
24345671772,24346045855
24345860740,24346015483
24348829836,24349265900
24348880442,24349008759
24349010532,24349368585
24349289916,24349308605
24349932280,24350209910
24353049752,24353164298
24354137969,24354463343
24354867905,24355281070
24355306164,24355719050
24356521064,24356667139
24357621696,24357829857
24358908542,24359223535
24360279713,24360748331
24360674299,24360705458
24361415189,24361823910
24361690873,24361954726
24362819616,24363199942
24362971770,24363171604
24365225253,24365483154
24365649158,24366025529
24365817256,24366273222
24366243823,24366574649
24368523837,24368702042
24369385901,24369796658
24369821671,24369902860
24370331044,24370429167
24372218600,24372587803
24372656067,24372861355
24373793589,24374224332
24374435049,24374536218
24374516708,24374598484
24374551381,24374700848
24374703784,24374851365
24374858573,24374890586
24375203649,24375462873
24375246105,24375296867
24375379856,24375680451
24375950184,24376259025
24376268114,24376592411
24377214811,24377537844
24378433651,24378598615
24379391873,24379727797
24379749382,24379796188
24380049206,24380380923
24380913128,24381283551
24381066760,24381573314
24381289463,24381410628
24381408942,24381658613
24381676275,24381751540
24382475025,24382924089
24382949323,24383375345
24383580364,24383673169
24383814567,24383904756
24383821772,24384020799
24383905981,24384301936
24384345496,24384563142
24384393366,24384605705
24384658562,24384805171
24385186523,24385590758
24386764736,24386929729
24386799215,24386954421
24386812377,24387339411
24387045603,24387560317
24387562827,24387824472
24389605306,24389855931
24389645905,24389920398
24389774214,24389919369
24389928940,24389979034
24390475841,24390779061
24391559748,24392316647
24392148760,24392404991
24392720653,24392940309
24392986654,24393559170
24393411020,24393519096
24393802571,24393841579
24394297919,24394733162
24395699714,24396097215
24396654368,24396949652
24398063889,24398186183
24398740173,24399029336
24399776036,24399833538
24399978151,24400120520
24402869031,24403013471
24402945823,24403270103
24403394803,24403918501
24403716217,24403852842
24407595425,24407653174
24407709912,24408042436
24408398069,24408794568
24408895332,24408963288
24408965751,24408991249
24409323683,24409532833
24409499236,24409606206
24409543861,24409920922
24412650312,24413105878
24412861865,24413173340
24413222831,24413506795
24413889224,24414178736
24414987699,24415362580
24415607993,24416007100
24416538033,24416913370
24416868903,24417051041
24417031383,24417421391
24417832112,24418287208
24417972605,24418358520
24418368554,24418645678
24418657866,24419046994
24418947681,24419208886
24420602796,24420773057
24421064919,24421157917
24421293763,24421733567
24423137356,24423415014
24423296016,24423392193
24423530718,24423666795
24423660555,24423785524
24426574092,24426939960
24427666865,24428089139
24428469101,24428622219
24430767605,24431116212
24430810127,24431161762
24430818545,24431258495
24430920377,24431250624
24433554139,24433798110
24434012637,24434118424
24434495579,24434636612
24434802809,24434891137
24434928641,24435107992
24435206259,24435315196
24436289806,24437001301
24439464799,24439879670
24439640490,24439818149
24440377405,24440728963
24440731978,24441072566
24440928854,24441403076
24441957203,24442340850
24442120132,24442276958
24442214838,24442291238
24442316488,24442540778
24442317831,24442377139
24442599238,24442724549
24443333867,24443410915
24443612227,24443647338
24443889025,24444325751
24444194227,24444518421
24444574600,24445011567
24445646867,24445844874
24445663761,24445837060
24446444703,24446950749
24446779898,24446937994
24447092591,24447319718
24447506271,24447712141
24447631288,24448023453
24448295186,24448404401
24449872317,24450122744
24449980616,24450457247
24451785041,24451886817
24452806571,24453528860
24453277911,24453694544
24453355004,24453864424
24455546178,24455727570
24456319009,24456564848
24457475972,24457834727
24458025428,24458136181
24459389158,24459616164
24460229738,24460290948
24461389873,24461732568
24461597358,24461725014
24461769680,24461963654
24464845379,24465013685
24465268527,24465506227
24465314088,24465698701
24466753286,24466879050
24466836367,24467081615
24467733376,24468036793
24469452705,24469695515
24470302242,24470735407
24470793059,24470955213
24471003527,24471457536
24471255165,24471284994
24471294817,24471484589
24472069357,24472118168
24473223089,24473306127
24473680683,24473699589
24474360863,24474742166
24474921273,24475283653
24474943857,24475189465
24475791924,24475989367
24475990824,24476136473
24476421210,24476913708
24478698852,24479126793
24479333274,24479647840
24480446366,24480749381
24480704611,24481097300
24481269674,24482205530
24482315022,24482862572
24482541309,24482863756
24482972413,24483288696
24485149968,24485323854
24486036787,24486327690
24486895433,24487249493
24488203535,24488281469
24488934610,24489417992
24489468781,24489760171
24489701753,24490134401
24489961051,24490262836
24490188214,24490315048
24490407686,24490795093
24491201423,24491393873
24492076257,24492150568
24492274064,24492304258
24492322998,24492601822
24492894927,24493259739
24493020891,24493307654
24493676359,24494049992
24493784643,24494017985
24493916620,24494248195
24493937977,24494125839
24494777523,24495025497
24494929756,24495384766
24495063800,24495095682
24495639708,24496095759
24496016083,24496245473
24496109649,24496203014
24496705543,24497116141
24496831652,24496923153
24497717904,24497989690
24498083412,24498190178
24498117879,24498224688
24498886841,24499046420
24500113972,24500429923
24500149252,24500478788
24500708113,24501094960
24500910235,24501091163
24502128011,24502323769
24502640305,24502822303
24503540987,24503950590
24503995934,24504043561
24504452992,24505120846
24506014865,24506327849
24506337337,24506638385
24507962575,24508172740
24508665591,24509070320
24509201328,24509286428
24510722305,24511113866
24510854132,24511270439
24511782103,24512038425
24512334957,24512418263
24512769087,24512857320
24513713719,24514284963
24513887323,24513957015
24513973213,24514252461
24514276115,24514605304
24515231588,24515294338
24515625726,24515888218
24515762657,24516107254
24516358331,24516378195
24516412723,24516736267
24517114661,24517546603
24517548063,24517728264
24517649846,24517666543
24518008046,24518207118
24518167067,24518672560
24519250285,24519605648
24520533884,24520983096
24521909678,24522001172
24521991480,24522098304
24522208399,24522390182
24523122199,24523371036
24524303453,24524696756
24524429399,24524676579
24524745121,24525141133
24524952083,24525013862
24526507117,24526936976
24527515550,24527937906
24527733396,24527886425
24528229606,24528370158
24529157633,24529287785
24529453751,24529510714
24529640777,24530019530
24529840881,24530475471
24530457405,24530853607
24531570504,24531606608
24531596601,24531649643
24532218256,24532658064
24532287651,24532776394
24532464797,24532889941
24532697525,24532751008
24535004422,24535075309
24535996737,24536073994
24536151427,24536511138
24536881097,24537024201
24537200861,24537584110
24537596511,24537950953
24539324483,24539728814
24540944970,24541117860
24541012454,24541203734
24541265216,24541823428
24541439203,24541936985
24542030962,24542444604
24542031887,24542166395
24542925188,24543210288
24543074157,24543539124
24543312382,24543604417
24544743343,24545127150
24546064140,24546492999
24546179214,24546507157
24546362489,24546466568
24547526058,24547604303
24548320811,24548600573
24548325978,24548394655
24548504883,24548637686
24548539764,24548589395
24548609961,24548846898
24549238593,24549480612
24549740247,24549991467
24550309941,24550540850
24550905348,24551133591
24551134934,24551189207
24551137001,24551162190
24552268761,24552892360
24553472681,24553844471
24553724338,24553994078
24554344075,24554570148
24554841309,24554986859
24555013837,24555360523
24555144361,24555328521
24555267123,24555295462
24555434773,24555699830
24555787218,24556020758
24558004189,24558143662
24558878246,24559302495
24559228555,24559584498
24559350199,24559629397
24559861388,24559913819
24560173901,24560534577
24561739804,24562143792
24562434163,24562501960
24563635173,24563680434
24564128096,24564496379
24564242652,24564483656
24564404081,24564477135
24565130981,24565491923
24565393992,24565817342
24566519288,24567016044
24567874379,24568201168
24568950919,24569285111
24570022062,24570315407
24570267989,24570559045
24571706423,24572412833
24572058015,24572461255
24572320528,24572711630
24572355531,24572458298
24573168933,24573377866
24575306414,24575336010
24576137686,24576207427
24576490837,24576569789
24576881142,24577353082
24577146046,24577373072
24577361312,24577699601
24577760487,24577898395
24577783944,24577997896
24577975371,24578405270
24579143691,24579405248
24579231720,24579280846
24579804613,24579944172
24580438996,24580689506
24581830398,24582189125
24581923301,24582260096
24582144763,24582430548
24582847318,24583038860
24583133834,24583293636
24584537543,24584656737
24585072349,24585299348
24585529216,24585711475
24586186056,24586898803
24587338147,24587604941
24587993748,24588088285
24589492435,24589593032
24589755860,24590108630
24590098711,24590549172
24590540502,24590662746
24590929398,24591147472
24592766119,24593331090
24594941217,24595125347
24595919795,24596248338
24596604180,24596980935
24597519335,24597831633
24598635005,24598855603
24599700203,24599940188
24600732341,24600943048
24600811337,24600937413
24601512495,24601711863
24601573475,24601606032
24602230751,24602371282
24602756935,24602828527
24602815304,24602894354
24603005297,24603190755
24603674764,24604088727
24603774124,24604137083
24604104906,24604448331
24604586541,24604745028
24605133705,24605769506
24605232297,24605447726
24605574348,24605727452
24605786242,24605982514
24605999849,24606105346
24606692033,24606963713
24609056523,24609374865
24609722524,24609942578
24610100632,24610325189
24610562814,24610678904
24611844375,24612054894
24611853888,24612245996
24612850981,24612942323
24613995516,24614047215
24615339451,24615765742
24616496942,24616735758
24616521736,24616677470
24617318208,24617508063
24618311035,24618579791
24618860345,24619216787
24618966707,24619424035
24622079065,24622251494
24622626234,24622842747
24624376761,24624567829
24626898474,24627065234
24629099205,24629459376
24629862253,24630108018
24630236735,24630423405
24631156101,24631472433
24631249070,24631606482
24631908732,24632053131
24632107389,24632550738
24634002897,24634046163
24634963779,24635139586
24635236037,24635405917
24635315374,24635813546
24636021468,24636655333
24636407228,24636496116
24636793205,24636845091
24638683815,24638877978
24639229536,24639320314
24639336216,24639801678
24639420270,24639618681
24640488978,24640790458
24641201649,24641384762
24641747388,24642207857
24642239749,24642668567
24642612631,24642721415
24642765386,24642914734
24643830759,24644235008
24644058419,24644400971
24646275612,24646660783
24647111290,24647400070
24647786543,24647950023
24648038431,24648377782
24648572088,24648608612
24649293316,24649736598
24649825991,24649900023
24650517333,24650906147
24650650373,24650762464
24652965920,24653101885
24655839397,24656145205
24655964282,24656012110
24656015248,24656424282
24657234541,24657629845
24657257789,24657562719
24657307251,24657448280
24657693279,24657888281
24657995293,24658106111
24658703151,24659110526
24658913103,24659098781
24660272233,24660737937
24660525659,24660816501
24660755915,24661425588
24661734739,24662407751
24662256528,24662284322
24662764805,24662926716
24662995621,24663126320
24663401511,24663949675
24664204808,24664574554
24664254685,24664631733
24665147098,24665261343
24665500098,24665823725
24666466966,24666516463
24667361235,24667609710
24667845450,24667895151
24667920964,24667950674
24668241465,24668464918
24668945066,24669065413
24669371769,24669673751
24669751497,24669881466
24669897179,24670279760
24670008909,24670429713
24670210922,24670317280
24670399252,24670626666
24670973192,24671271909
24671461295,24671585327
24672287944,24672382608
24672745351,24672890851
24675108877,24675522530
24677974183,24678184635
24679379961,24679775379
24679811750,24680009070
24681405461,24681706177
24681506744,24681700473
24682602840,24682850621
24683085739,24683132950
24684395248,24684839785
24684413735,24684851291
24684627963,24684794745
24684783323,24685004306
24685099629,24685325572
24685287745,24685635813
24685822298,24685972590
24685889585,24686326938
24686526509,24686620051
24686918660,24687014564
24686923849,24686979866
24686951859,24687372241
24687737794,24687779205
24689306922,24689350362
24689359179,24689794018
24689617597,24689963371
24690301098,24690373408
24690500919,24690962195
24691341521,24691362052
24692993332,24693235706
24694906006,24695224050
24695614905,24695959420
24697207262,24697341091
24697432706,24697834837
24698657931,24699061115
24699080592,24699478757
24699267780,24699702325
24699871794,24700011848
24701989454,24702264347
24703000554,24703457698
24703234288,24703553756
24703419558,24703593866
24704946585,24705273136
24706017449,24706398148
24706874640,24707299485
24706932627,24707035223
24707291740,24708048600
24709240461,24709267624
24709284441,24709297707
24709687864,24709736088
24709753288,24709909439
24711664547,24711999789
24712234602,24712359186
24712506655,24712556865
24713022907,24713147480
24714450329,24714744567
24716913589,24716962050
24717404962,24717641270
24719772304,24720150890
24720972785,24721526315
24723116675,24723179296
24723477886,24723813458
24727219871,24727496365
24727494914,24727993936
24727600795,24727972110
24728559965,24728806523
24729328062,24729360743
24731050205,24731114226
24731209916,24731275105
24731634157,24731976316
24731670639,24732021252
24731690931,24731930061
24732073010,24732099344
24732317620,24732633377
24732523640,24732747702
24733118251,24733341792
24733554568,24733748990
24734029734,24734383459
24734043621,24734274302
24736232088,24736375477
24736559617,24736769866
24736971683,24737166694
24737553951,24737884078
24738756805,24738907218
24738875826,24738897836
24739497044,24739948361
24740245572,24740599461
24740496541,24740572641
24740510650,24740530519
24741261551,24741518215
24741522008,24741947565
24741731760,24742095598
24743049139,24743214605
24743297108,24743655946
24744276225,24744713972
24744440957,24744800475
24747027130,24747242688
24747170228,24747476148
24748309960,24748445522
24748685802,24749211455
24749026366,24749345868
24749322903,24749664719
24749344208,24749845809
24750785498,24751189328
24751524961,24751846125
24751584249,24751600741
24753836100,24754169005
24754157983,24754303044
24754577734,24755053776
24755637084,24755779392
24756352395,24756783233
24756400568,24756585754
24756763591,24756861589
24758024987,24758518385
24758640500,24759057409
24762913532,24762979902
24763607747,24763835649
24764114853,24764174329
24764310391,24764538560
24765739772,24765854913
24765818966,24766239358
24765862801,24765911401
24765894629,24766356599
24766158442,24766310008
24766852693,24767124582
24767404969,24767684942
24767625188,24768111381
24770893684,24770976453
24770984329,24771138331
24771101135,24771216857
24771103410,24771285481
24772241575,24772394396
24772499624,24772889315
24773346886,24773733099
24774033996,24774139782
24774382583,24774709431
24775522004,24775914078
24775709583,24775807634
24776286957,24776366790
24777367190,24777662629
24777648882,24777961451
24777951158,24778359900
24777983524,24778384557
24778781151,24779233065
24779161966,24779606214
24779850483,24780050897
24780356225,24780449057
24780466414,24780763357
24780521621,24780821122
24781193526,24781552026
24782817039,24783047698
24783814922,24784307160
24783944262,24784174789
24784589858,24784951889
24786530680,24786772662
24788162999,24788609037
24788212571,24788704408
24791438941,24791526846
24792693280,24793075902
24792807606,24792854905
24793080876,24793113758
24793397180,24793720247
24793772107,24793956280
24793948068,24793999353
24796759962,24796932759
24796809277,24797121259
24797073675,24797451994
24797402701,24797820335
24798538251,24798883803
24799201025,24799590221
24799289786,24799577029
24800309396,24800475243
24802209275,24802477943
24802270776,24802572109
24805434230,24805848962
24805928044,24806330019
24805979545,24806088915
24806464237,24806882988
24808149535,24808364874
24808455567,24808680477
24808796171,24809058921
24809493390,24809820293
24810543082,24810705516
24810645380,24811160479
24810664721,24811175289
24811894854,24811998447
24812491754,24812519923
24812695330,24813152637
24813027668,24813251664
24813374180,24813474098
24813756828,24813816881
24813899783,24814408862
24814616900,24814891833
24814734644,24814881147
24815276080,24815747470
24817844895,24818201694
24817912578,24818376835
24817927788,24818273331
24818036466,24818354530
24820520861,24820753007
24822173816,24822312769
24823216178,24823349618
24825179056,24825524236
24826282256,24826491273
24826618698,24826940110
24826668673,24827134115
24827233788,24827582437
24828565895,24828818318
24829044689,24829300962
24829264321,24829387466
24830405197,24830631107
24831309689,24831677436
24831961676,24832348715
24833702866,24833797249
24833732399,24833784823
24833810142,24834086204
24835158164,24835395976
24835660101,24835849104
24837678070,24838053255
24839946407,24840618266
24841091666,24841395306
24841692148,24842156807
24842889221,24843212093
24843222690,24843395213
24843531808,24843890738
24843691305,24843978013
24845924121,24846270395
24846861480,24847166568
24847140326,24847216271
24848283794,24848721550
24850082185,24850116106
24850377137,24850576592
24850612142,24851015553
24851202532,24851551109
24851225820,24851693489
24852367679,24852723120
24852505218,24852919201
24854165581,24854304020
24854350807,24854739955
24855118083,24855246163
24855138290,24855309127
24855434347,24855832652
24857335779,24857707585
24858142179,24858278527
24858377981,24858540722
24858846010,24859247240
24859971812,24860052073
24861496190,24861784415
24861997873,24862405859
24862541306,24862834476
24863191513,24863417637
24863543943,24864043562
24863778856,24864008586
24864674486,24864712552
24866093408,24866124599
24867503346,24867782602
24867674137,24867997215
24868331939,24868418029
24869759437,24869918076
24870746601,24871102934
24870778689,24871153151
24871853816,24872325097
24875070784,24875244122
24875427332,24875701839
24876379376,24876602631
24876447217,24876817631
24876641283,24877047662
24876917919,24877015780
24876973530,24877286637
24877725526,24877841884
24878599874,24878982980
24878620192,24878711674
24879868966,24880163802
24880003310,24880119627
24880600188,24881004071
24883130678,24883376671
24883482894,24883700286
24885141709,24885589109
24886131148,24886567981
24887618506,24888141882
24888754815,24889069313
24889042345,24889432216
24889350249,24889415513
24889618416,24890050015
24889835592,24890118130
24890102869,24890197494
24890151292,24890462646
24891172433,24891300288
24892213150,24892480829
24892858295,24893016827
24893129330,24893209255
24893682704,24894064266
24894554233,24894860622
24894992296,24895380749
24895229448,24895500237
24895780252,24896190875
24896433790,24896553192
24897088419,24897251331
24898151602,24898182720
24898452884,24898704184
24898538859,24898577164
24899091322,24899284995
24899110852,24899587690
24900186238,24900531270
24900584525,24900940156
24900755614,24901087013
24901101206,24901143654
24901421109,24901686348
24903333793,24903635667
24905092348,24905211425
24905642747,24906074197
24905817755,24905903791
24906800886,24906943416
24907030904,24907116462
24910875900,24911306940
24911072459,24911404279
24912108321,24912425396
24913567135,24913631844
24913690823,24913901509
24915282774,24915726821
24916713320,24917131726
24917218638,24917637659
24917458913,24917673236
24918246637,24918263359
24918676541,24919073373
24919546978,24919869433
24919878162,24920343405
24920069961,24920552219
24920539795,24920928806
24923513806,24923978200
24923625290,24924286560
24924387464,24924507965
24926052848,24926628736
24926092907,24926483754
24926847430,24927126374
24927688849,24927906705
24927834411,24928098568
24928637469,24929120891
24930075600,24930237965
24930284834,24930681018
24930581791,24930942444
24930747693,24931049336
24931637373,24931790042
24932417425,24932759808
24932715902,24933318095
24934359248,24934738447
24935829782,24936405997
24936288247,24936373353
24937622599,24938084910
24937799102,24937880548
24939313069,24939734230
24940619674,24941115352
24940786779,24941173012
24941038377,24941117736
24941335533,24941555888
24945010541,24945208294
24945890754,24946174180
24946214157,24946512925
24946954413,24947028449
24946979132,24947120678
24947162865,24947525385
24947514830,24947903175
24948380567,24948459204
24948948198,24949059006
24949011679,24949325263
24951052164,24951365925
24951452239,24951643955
24952868862,24953230867
24953752980,24953922113
24954815749,24955100499
24954860787,24955040144
24955291634,24955870664
24955536587,24955882011
24955859420,24956020236
24955959487,24956141877
24956859975,24957177974
24958399028,24958676200
24959172687,24959487542
24960412227,24960586060
24961025521,24961061595
24962193104,24962520916
24962254573,24962590462
24963095989,24963269475
24963358449,24963796498
24963777957,24964224334
24964177541,24964219511
24964328219,24964520888
24965760557,24966233469
24965970740,24966439365
24966587951,24966927533
24967259694,24967611086
24968607886,24969094648
24969418197,24969656087
24970026660,24970414796
24970420596,24970645988
24971164175,24971645694
24972928638,24973325119
24973283848,24973556717
24974499841,24974921677
24975290927,24975643955
24976343119,24976511354
24976421312,24976470980
24976736030,24976830116
24977144980,24977453805
24978745594,24979118602
24980160627,24980344893
24980365784,24980845660
24981183182,24981418731
24981804225,24982235135
24982032042,24982366071
24983194317,24983585696
24984053603,24984416034
24984810891,24984998058
24985233508,24985739289
24985553499,24985920417
24986034875,24986543334
24986125868,24986390583
24987101134,24987267018
24988040134,24988470938
24988061856,24988077788
24988529890,24989077553
24988734575,24989086291
24989865701,24990359681
24990859620,24991462709
24991858442,24991997945
24992568498,24992850518
24992867226,24992938255
24993849445,24994265755
24995508129,24995731350
24996548663,24996937135
24997209376,24997300131
24997535333,24997982436
24997720925,24998101657
24997985944,24998433140
24999028489,24999482543
24999434676,24999900953
25000185932,25000697343
25000594401,25000669657
25001319481,25001850672
25001338808,25001667463
25001566714,25002038551
25002043268,25002265572
25002682021,25003206994
25002719871,25002902171
25002755572,25003193940
25003757707,25003807239
25004672324,25004795636
25005340547,25005460215
25005380955,25005448862
25006069899,25006306604
25008889325,25009026023
25008948871,25009175564
25009339756,25009878191
25009518121,25009879018
25009813514,25009997937
25010271194,25010940259
25010978083,25011421801
25011848814,25011962701
25011964281,25012172825
25012461646,25012680763
25012469720,25012796040
25012659076,25012714023
25013050041,25013477549
25013984453,25014336698
25014744817,25014812926
25015298484,25015663361
25015573163,25015749623
25016999927,25017252126
25017538527,25017695196
25017962046,25018269472
25018745912,25019081881
25019520650,25019575655
25022597349,25022987175
25023965328,25024138856
25024398033,25024660163
25024937493,25025070919
25025300798,25025503733
25026366386,25026593401
25028511628,25028781344
25028690322,25029142724
25029054631,25029442650
25029271353,25029525102
25030574867,25030877690
25030892506,25031382853
25031310836,25031729982
25031442809,25031511817
25031651973,25032325686
25032362183,25032560149
25032406310,25032657220
25032799836,25032923020
25033395278,25033542427
25033813358,25033879376
25035079785,25035158383
25035862361,25036172437
25036321347,25037017426
25037349631,25037583297
25038130082,25038351079
25039583910,25039806816
25040128695,25040156840
25040240925,25040394897
25041137405,25041450244
25041260551,25041640822
25041639934,25041842434
25042586646,25042742512
25042604040,25043096616
25046427409,25046769816
25046483486,25046777488
25046628264,25047098768
25046877508,25047089800
25047661649,25048011584
25048828967,25049087278
25050424671,25050569045
25051305376,25051696566
25051417406,25051622435
25051417713,25051698833
25052088626,25052217868
25052782406,25052930015
25053972697,25054019121
25054132946,25054371666
25054399793,25054551771
25054563363,25054887454
25054938256,25055320325
25054979839,25055407517
25056124394,25056253236
25056755016,25056830953
25057312834,25057352842
25057435617,25057579820
25057625638,25057976372
25058104926,25058213353
25059892978,25059929070
25060017749,25060433639
25060175943,25060355926
25060333753,25060660819
25061128717,25061258148
25061848954,25062384094
25062893864,25063275700
25064001758,25064302125
25064692182,25064739684
25064712116,25064865522
25064951877,25065095170
25065578824,25066382732
25066341072,25066540956
25068094345,25068125159
25068287677,25068354155
25069038812,25069079659
25069566943,25069903674
25070350593,25070685380
25071009184,25071516677
25071406415,25071584297
25073378356,25073593317
25073532589,25073779773
25076245137,25076405205
25077153805,25077526639
25078437969,25078896371
25078727859,25078987819
25078913671,25078948863
25079890183,25080066035
25080270413,25080469070
25080496412,25080523027
25080558332,25080627134
25080589091,25080733162
25080973107,25081246357
25081647063,25081799639
25082299560,25082349743
25082689677,25082934745
25082923063,25083142999
25083040569,25083314649
25083937883,25084281220
25084385886,25084652871
25085441763,25085501929
25085524971,25085615075
25086776752,25086926801
25087411760,25087595188
25088422612,25088707711
25088896550,25089232188
25089356840,25089894262
25090099781,25090314600
25091115415,25091290894
25091518612,25091569130
25091738285,25091821972
25092617234,25092791041
25093690175,25093829892
25093788909,25094149494
25094036499,25094499793
25094490968,25094693160
25094533323,25094709536
25094725956,25094881207
25095109035,25095439002
25095223744,25095541313
25095498724,25095561224
25095974177,25096351656
25096038983,25096347478
25097163198,25097613527
25098201013,25098412105
25099096822,25099424812
25100045440,25100276404
25100356103,25100641009
25101635519,25101689497
25101692918,25102038607
25102051720,25102547821
25102549952,25102874787
25102715511,25102908698
25102986721,25103171508
25104475435,25104694796
25104690264,25104999867
25105424405,25105723099
25105647159,25106003592
25106293083,25107073336
25106363105,25106876125
25106554431,25106745153
25107102683,25107377389
25107536390,25107861661
25108021773,25108482758
25108430894,25108613607
25109321988,25109383149
25110402226,25110703368
25110631335,25110773003
25110786797,25111231605
25112068961,25112442955
25112226034,25112579601
25112390907,25112533319
25112544174,25112733149
25113175839,25113352799
25114269063,25114402259
25115025743,25115456043
25115301677,25115442758
25115360241,25115414232
25116533529,25116656444
25116720040,25117187488
25117634806,25117963188
25119704814,25120073407
25121750712,25122127848
25121882272,25122091157
25122646986,25122932511
25123927711,25124399629
25124264755,25124740074
25125435459,25125943273
25127034811,25127338221
25128482191,25128605682
25128528670,25128848431
25128627590,25129121932
25130072594,25130156664
25130095788,25130462338
25131642080,25132043033
25131823639,25131846308
25132208794,25132683301
25133467360,25133834370
25133578373,25133707727
25134192909,25134278313
25134603382,25134879669
25134894918,25135073283
25135093136,25135200846
25135774845,25136376363
25135980242,25136454488
25136230490,25136474970
25136556720,25136764453
25137131194,25137272269
25137377674,25137775360
25138022912,25138485190
25139318556,25139591283
25139438907,25139560207
25139557076,25139705194
25140118468,25140463486
25140247840,25140424126
25140327231,25140479793
25142354834,25142658318
25142501715,25142596718
25143290014,25143470078
25143600706,25143726340
25143842762,25144141573
25144905717,25145264883
25146252164,25146586296
25148289805,25148822711
25149278712,25149689055
25149375414,25149431507
25150230249,25150484011
25151487151,25151974936
25151640361,25152027230
25151897990,25152212939
25152225675,25152523878
25152653966,25152949019
25152973032,25153067538
25154207348,25154344591
25156106000,25156172330
25156372701,25156685899
25156692696,25156983504
25156865311,25157039236
25156883890,25157248701
25157256100,25157716145
25160239758,25160755161
25163890853,25164052166
25164008281,25164586500
25164851157,25165345295
25164975545,25165294936
25165318349,25165631802
25165535173,25165859417
25167424918,25167535929
25167503838,25167535955
25167554264,25167909216
25167975000,25168247510
25168337136,25168678315
25169427264,25169636522
25169623561,25170124947
25170161447,25170641414
25170351411,25170403350
25172956281,25173223969
25175088267,25175543726
25175249155,25175365373
25175749368,25175802884
25176392490,25176473798
25176420135,25176636918
25176447145,25176869554
25177442082,25177727262
25177977542,25178063256
25178592887,25178808511
25178658876,25179153132
25178662912,25179128007
25179005958,25179340833
25179045752,25179386581
25179196854,25179410765
25179273181,25179334380
25179399221,25179876809
25179723996,25180134845
25180537447,25180887299
25180597804,25181077640
25180993122,25181331190
25181609589,25181773307
25182141427,25182339365
25182607635,25183030742
25182857466,25183523556
25184581223,25184798227
25185122503,25185463917
25185947012,25186297899
25187102718,25187132453
25188127720,25188469787
25189586286,25189671992
25189938054,25190171898
25190256777,25190511293
25191291326,25191509909
25191364179,25191755783
25192835825,25193254844
25193909643,25194212033
25194131664,25194627863
25195513273,25195585292
25196080691,25196375676
25196482101,25196894936
25197532258,25197688244
25197607113,25197706418
25197890146,25198307642
25197958745,25198120786
25198336284,25198668974
25199113538,25199311469
25199176211,25199522036
25199814057,25200091784
25200943060,25201108450
25201521190,25201610486
25202336525,25202371526
25203950372,25204016667
25204406022,25204814797
25206057076,25206570499
25206768318,25207199656
25207414141,25207627955
25208773857,25209157754
25210564201,25210918683
25211166114,25211192864
25211308837,25211339045
25211840185,25211947928
25212691926,25212949161
25213212164,25213449428
25215508859,25215564127
25216986066,25217208403
25217223758,25217500348
25218589097,25219091039
25218863504,25219075045
25219224828,25219261560
25219472771,25219527359
25220991217,25221237980
25221459252,25221645348
25221624038,25221921576
25221677559,25221978898
25221708655,25222059862
25222393036,25222542277
25222936174,25223403553
25223520565,25223650468
25223688106,25224097963
25224027981,25224384750
25224831320,25225352460
25224965853,25225429785
25225059796,25225423639
25225672904,25226106637
25226082098,25226535210
25227331116,25227367660
25227698027,25228059952
25228103317,25228306208
25231771325,25232161071
25231825378,25231926661
25231944973,25232194163
25232789216,25233228427
25232813776,25233156528
25233251116,25233394927
25234007054,25234351520
25235538361,25235827445
25236253109,25236448898
25236632698,25236751264
25238038645,25238488008
25240247624,25240668136
25241217658,25241316546
25241321096,25241537718
25241324413,25241736249
25242798974,25243069205
25243041798,25243443460
25243130249,25243274690
25243525754,25243631160
25243961432,25244036699
25245838217,25245860894
25246292427,25246783778
25246455834,25246659013
25249650483,25249772288
25250060633,25250177707
25250197095,25250244683
25250260768,25250629434
25250421457,25250890240
25251633799,25251863930
25252169726,25252503924
25252306941,25252790749
25254039775,25254571765
25254065725,25254229837
25257233083,25257372037
25257387372,25257452990
25257972962,25258317711
25258009366,25258267655
25258286431,25258364949
25260098571,25260535141
25260573526,25261353946
25261047595,25261183132
25261474826,25261748337
25263224350,25263439944
25263306085,25263767081
25263706551,25263795939
25264300443,25264722305
25264587708,25264936423
25264732129,25265104598
25265152741,25265552431
25267073392,25267505364
25267776831,25267885225
25268185798,25268488630
25268593166,25268765651
25269103560,25269227404
25269956443,25270173186
25270122932,25270545268
25270170222,25270666954
25271426370,25271582939
25271891878,25272010703
25272733402,25273160868
25274304275,25274530039
25274593763,25275044416
25275049592,25275283661
25276013709,25276037612
25276030262,25276303465
25276241326,25276590194
25276404475,25276768173
25276473029,25276851199
25276579845,25277052174
25276900935,25277038605
25277572252,25277690777
25278238136,25278453561
25279130190,25279494479
25279374550,25279744457
25279753139,25280129241
25279960718,25280206638
25279999034,25280334668
25280739961,25281162089
25280856488,25281256308
25281163590,25281522037
25281182279,25281422131
25281735576,25282025202
25282830612,25283235870
25284179191,25284197485
25285309311,25285716520
25286171354,25286647285
25289613951,25289659295
25289749680,25290046018
25289965417,25290029904
25292194710,25292429730
25292286707,25292728722
25292697841,25292789258
25294111315,25294435409
25294141742,25294381333
25294373035,25294761986
25294841978,25295341405
25295430680,25295464952
25296207304,25296698832
25296710013,25296784486
25296887580,25297003949
25297173928,25297385514
25298551229,25298885563
25299002777,25299311636
25299796390,25299872195
25300388396,25300475760
25300893713,25301151157
25303168305,25303793258
25306029131,25306264790
25306845965,25307350339
25307285329,25307548150
25307893115,25308223948
25309525460,25310018524
25310254637,25310450784
25311435175,25311857484
25313668781,25313812458
25315951171,25316135558
25316793962,25317142419
25318312329,25318595556
25319555031,25319860638
25319573109,25319662692
25320044358,25320349217
25320826960,25321217766
25321041003,25321511790
25321988103,25322083265
25322326138,25322605143
25322486606,25322675185
25322960199,25323378203
25323632248,25324150796
25324734390,25325211606
25325759101,25325896044
25326636105,25326694262
25326912770,25327197398
25329135005,25329535092
25329465749,25329729243
25330606632,25330819548
25332141114,25332470528
25333075008,25333401683
25333086683,25333537638
25334388347,25334473832
25334809601,25335230777
25335292819,25335355577
25336024575,25336553537
25336830931,25337020191
25337933707,25338425012
25338043255,25338341539
25338285326,25338319741
25338897472,25339070390
25339415018,25339695556
25340377084,25340511408
25340581285,25340802756
25340822939,25341081638
25340892975,25340954801
25341538658,25341810803
25342020472,25342276719
25342648651,25343142605
25343486417,25343619622
25343749357,25344059871
25344030277,25344335705
25344370576,25344464802
25345956936,25346337374
25345999357,25346225347
25346261909,25346479143
25346815009,25347026918
25349066819,25349331200
25349239670,25349402878
25351000373,25351116978
25351076435,25351146814
25351151903,25351553084
25351168263,25351543747
25351369415,25351630203
25352600604,25353212585
25352908823,25352939160
25353035591,25353351746
25354533603,25354925838
25354879013,25354980625
25355196927,25355286811
25355296412,25355370330
25356340928,25356531659
25357015812,25357204641
25357755994,25357980474
25358505729,25358905282
25359083792,25359600474
25359636990,25359765067
25359903754,25360309541
25363060962,25363149788
25364941070,25365439621
25367375784,25367552460
25367407144,25367570253
25367472407,25367717302
25367804206,25368170516
25367936275,25368297498
25368396071,25368806997
25368583830,25368602218
25369262978,25369746624
25370003121,25370162544
25371643955,25371778372
25371917275,25372531484
25372382707,25372406673
25373443900,25373995153
25373466508,25373483618
25374773308,25374854845
25375361459,25375916420
25375916239,25376360010
25375960598,25376428112
25377116708,25377331307
25377882395,25378271790
25381031798,25381056425
25381162057,25381463604
25382206170,25382523180
25382923670,25383067054
25383056058,25383533871
25383556630,25383709036
25383733731,25384136935
25384420362,25384803837
25385336121,25385585206
25385923995,25386323549
25386956950,25387431358
25387475713,25387646999
25387628361,25387876022
25387958821,25388252947
25388109350,25388239207
25388449570,25388681772
25389414299,25389770323
25390185244,25390389920
25390749597,25391093298
25391271436,25391353006
25392049062,25392333612
25392269681,25392417345
25392371482,25392618907
25393589669,25393810241
25393866363,25394270128
25394226267,25394502945
25394650831,25394788389
25395040426,25395219473
25395896095,25395958085
25396635594,25396964823
25396994995,25397174920
25397177666,25397353104
25397338643,25397419734
25397568797,25397817819
25397627872,25398047622
25398285319,25398424637
25398556275,25398697296
25398605578,25398634809
25398972901,25399157106
25399274325,25399543427
25400620322,25400760054
25402871105,25402886209
25403079201,25403166591
25403902730,25404039364
25404302734,25404753283
25404680519,25404863160
25404755463,25404906952
25406303225,25406751709
25406939177,25407135521
25407433218,25407571897
25407994789,25408199777
25409230757,25409360297
25411269915,25411396586
25411443728,25411878512
25413837715,25414180757
25413921805,25414189458
25414185203,25414457322
25418306925,25418713278
25418563179,25418850637
25419342512,25419594361
25419678892,25419753587
25420043918,25420368515
25420424752,25420896295
25422450201,25422733620
25422684901,25423123663
25423780066,25424096952
25423931629,25423996329
25423940575,25424299475
25424294339,25424528160
25424899237,25425471215
25426711076,25427000220
25428138123,25428359851
25429528664,25430056811
25429774853,25429803141
25431440808,25431615995
25431635152,25431963968
25432031312,25432465405
25432103100,25432263972
25432479885,25432607620
25432785067,25433002406
25433085798,25433540984
25433496254,25433824732
25433973011,25434490413
25434589526,25434638609
25435123741,25435267492
25436156601,25436299368
25439756284,25439907080
25440004987,25440234120
25440243069,25440741656
25440243939,25440365084
25441977200,25442352875
25442174709,25442561214
25442345951,25442767431
25442354799,25442670639
25443033486,25443731036
25443839884,25444103350
25444295882,25444536457
25445030479,25445148221
25445197814,25445506389
25445238512,25445269638
25446147509,25446174924
25446692923,25447081121
25447129527,25447526351
25447410583,25447812579
25447906398,25448213588
25448175827,25448384907
25448227474,25448286154
25448318558,25448762426
25449077608,25449557934
25451130093,25451548957
25451871198,25451900818
25454815517,25455050382
25455292764,25455470864
25456031240,25456410687
25456287760,25456424594
25457859866,25457894127
25458886742,25459177462
25460966331,25461554922
25461377303,25461538817
25462613121,25462710342
25464117894,25464229782
25467025446,25467478634
25467527345,25467904108
25467570234,25467946902
25467929891,25468138854
25468876142,25469014403
25469020105,25469173824
25469685643,25469997729
25470070802,25470414036
25470382748,25470575613
25470595981,25470711476
25470820402,25471402385
25470821318,25471138147
25471219754,25471589076
25472213530,25472539489
25472939868,25473436562
25473465759,25473534145
25473623327,25473951807
25476213284,25476723607
25476619915,25476940901
25477663795,25477695869
25478287003,25478907936
25479660634,25479730891
25480204770,25480508419
25480978657,25481299624
25482292728,25482536122
25482466531,25482651666
25482904543,25483018796
25483208641,25483579010
25483249240,25483405371
25483442461,25483623218
25484782689,25484852414
25489583103,25489647088
25489802838,25490325154
25490515176,25490890311
25491564987,25491593205
25491892354,25492055288
25492321492,25492541157
25492984065,25493158228
25494454511,25494812235
25494850857,25495214337
25495218626,25495338300
25495229961,25495561054
25495692825,25496012088
25496421657,25496448745
25496547976,25496707961
25497525478,25497849644
25498262033,25498435801
25498780239,25498817489
25499619049,25499851667
25499917399,25500041649
25500793396,25501112973
25502325097,25502568974
25503957956,25504427330
25504338281,25504797010
25504751312,25504941870
25506779188,25507087026
25506931837,25507330791
25508630500,25508686672
25508785679,25508949906
25510568929,25511000603
25510593394,25511033702
25510706122,25510812698
25510846125,25510974276
25510985301,25511442509
25512353335,25512461457
25513675241,25513870780
25513973066,25514435152
25514473737,25514637800
25514510476,25514876542
25515192302,25515438323
25515290610,25515706618
25516246208,25516696344
25516819145,25517281323
25517382314,25517678290
25517732876,25518407163
25518629152,25519067384
25519737861,25520001711
25520883148,25521227277
25521163792,25521615737
25521480739,25521782243
25522738648,25523150067
25523382594,25523772639
25523693361,25523826595
25523734580,25523773100
25523777493,25523820340
25523923801,25524100167
25524390755,25524770294
25525434665,25525472175
25525512255,25525833158
25527381990,25527869755
25529349561,25529692925
25529931889,25530417143
25530294254,25530364560
25530938664,25531300764
25531257166,25531275605
25532234487,25532386884
25532730051,25533068017
25533360554,25533550826
25533901746,25534000770
25534571416,25534795551
25535131119,25535545799
25535367637,25535550594
25536269618,25536537898
25537087697,25537527790
25538181345,25538572043
25538548445,25538908026
25542870708,25543165941
25543785396,25544086177
25544182637,25544570287
25545001570,25545284857
25545841510,25546026413
25546397874,25546731505
25546576656,25546625743
25548483042,25548744886
25548631505,25548879691
25550043989,25550323017
25551333553,25552031698
25551643287,25551816568
25551770286,25551926083
25552808007,25552894381
25554104951,25554519912
25554797238,25555100340
25557427017,25557661558
25559331231,25559733791
25559875164,25560051968
25563058228,25563549915
25563175035,25563518004
25563289071,25563515430
25563419653,25563584173
25566030724,25566345679
25566867975,25566982174
25567493342,25567784251
25567781316,25568192790
25568136263,25568488866
25568263572,25568393972
25569307889,25569507522
25569362506,25569791679
25570770920,25571061246
25571787254,25572125895
25572211943,25572389798
25572707272,25572942219
25572901452,25573402064
25575773206,25575843399
25576736031,25576854678
25577384273,25577422396
25577412495,25577831944
25577807434,25577946676
25578523795,25578553511
25578538559,25578826552
25578730051,25578777458
25578941700,25579165442
25579665099,25579926930
25580696580,25580979605
25581136580,25581509681
25581593685,25582261855
25583108697,25583316834
25587489734,25587777884
25587617859,25588040543
25587851179,25587948973
25589002546,25589037337
25589330044,25589695561
25589678659,25589701058
25591384191,25591858044
25594432489,25594683762
25594612180,25594624562
25594686339,25595016889
25594711014,25594793406
25595277446,25595589850
25595347665,25595582130
25596141138,25596455748
25597031298,25597287203
25597939625,25598153209
25598509226,25598943326
25598545371,25599012380
25598698894,25599080067
25598791242,25599017587
25599241022,25599412865
25599856940,25600228546
25600062132,25600318489
25600319917,25600679751
25600444702,25600518831
25600605359,25600768534
25601650546,25602087238
25603271768,25603451646
25603355132,25603634245
25603688043,25604029976
25604258441,25604368029
25607894401,25607955589
25609103097,25609271199
25612165730,25612241668
25612781531,25613075282
25612997998,25613122101
25613083041,25613190980
25613128000,25613218921
25613196536,25613695141
25613433188,25613884972
25614578545,25614908413
25614993705,25615411037
25616839940,25617119377
25617013431,25617116022
25618353763,25618406896
25618567131,25618922759
25618677613,25619039482
25619790926,25620068237
25621531344,25621916428
25622509115,25623226422
25622891451,25623083647
25623220606,25623379942
25623234494,25623575644
25623442283,25623732976
25625426644,25625514852
25625515893,25625535367
25625616461,25626068046
25626591888,25626743580
25628259040,25628554608
25628509185,25628546988
25628677493,25628905777
25629660317,25629703411
25629789180,25630046267
25631197448,25631577558
25631441509,25631677028
25634222113,25634266809
25634228380,25634350971
25634384982,25634486157
25635535806,25635930615
25636726212,25636850836
25637494073,25637915532
25637499001,25637733335
25637878572,25638384015
25639983376,25640001550
25640041937,25640378638
25640381156,25640531156
25641519462,25641933476
25641972877,25642253191
25643832886,25644021355
25644200988,25644309694
25644345362,25644551114
25644485722,25644908821
25645018789,25645197870
25645303087,25645473730
25645388884,25645522840
25645420494,25645584670
25646021829,25646485785
25647379124,25647524485
25648373850,25648413076
25649411334,25649660386
25649616279,25650124543
25649973177,25650212785
25650946515,25651276853
25651037130,25651381309
25651643390,25652086248
25653715773,25653995590
25653877542,25654277132
25655558786,25655579403
25655612777,25655790892
25656989250,25657070815
25658407400,25658526978
25658640328,25659055943
25660955779,25661023086
25661827291,25661987708
25663101475,25663227535
25663459328,25663783748
25663527554,25663816419
25664370548,25664664789
25665614278,25666414676
25665620548,25665985653
25665700791,25666041764
25666303282,25666470505
25667253218,25667767332
25667636798,25667912831
25668027938,25668313279
25669203338,25669345704
25670704955,25670942573
25673890642,25673978646
25674195975,25674484915
25674733326,25674813500
25675333749,25675670829
25675373503,25675564660
25676847622,25676886274
25677170635,25677348373
25677286911,25677410191
25679669798,25679712440
25680600714,25680831460
25681291487,25681854568
25681579199,25681929990
25682815327,25683235644
25683612958,25683645571
25683899685,25683937613
25684136037,25684549484
25687649246,25688096717
25688413908,25688833538
25689204144,25689535990
25689214668,25689615919
25689603772,25689976802
25690709989,25691050793
25690917115,25691031235
25691088987,25691286763
25692203082,25692631291
25694111697,25694418934
25695229046,25695309969
25695766312,25695906810
25697082528,25697690189
25697620789,25698000161
25698196708,25698480844
25698837243,25699181465
25699100089,25699492787
25699155726,25699520935
25701804594,25702200548
25702701019,25703152012
25703598553,25704029540
25705839992,25706265424
25705898859,25706151218
25705935842,25705980349
25706041042,25706252873
25706709713,25706912112
25707029607,25707220731
25707060818,25707286846
25708914736,25709248849
25709336015,25709454407
25709965240,25710131648
25710065747,25710706443
25710070169,25710710965
25711429513,25711620928
25711637764,25712051799
25712236696,25712829048
25713346187,25713803173
25713515456,25713701135
25714089775,25714340302
25714387816,25714645190
25716632607,25716809324
25716648004,25716945394
25717570238,25717757209
25717719513,25718101521
25717766347,25718288377
25718465605,25718769974
25718554213,25718705792
25720006524,25720229783
25721130421,25721326678
25721211997,25721226405
25721763273,25721889223
25722743630,25723060457
25723390969,25723504469
25723485950,25723729364
25727491426,25727735012
25728355635,25728551119
25728594718,25728863660
25729091288,25729409302
25730421259,25730509982
25731068557,25731745297
25731388163,25731443945
25731736429,25731941602
25732032191,25732203178
25732640017,25732782899
25732996404,25733356101
25733572721,25733958432
25733694864,25734079491
25733847009,25734226842
25734443056,25734866618
25735042924,25735200022
25735549127,25735888567
25737288224,25737529426
25737401988,25737547259
25738266543,25738571674
25738513254,25738556874
25739396279,25739525632
25739826304,25740267820
25740369944,25740474626
25741675665,25741795881
25743231371,25743382901
25743856742,25744266570
25744137685,25744236409
25744303804,25744651344
25744570701,25744925186
25745226215,25745416292
25745474745,25745702386
25746437772,25746833551
25747250536,25747328613
25748485646,25748927789
25748662239,25748868814
25749160925,25749383994
25749326895,25749703576
25749763798,25750281646
25752182464,25752368568
25753100856,25753325345
25754629708,25754783432
25756025302,25756550067
25757383856,25757849998
25757842298,25758095248
25758346698,25758546602
25758997394,25759063223
25760032960,25760229492
25760279880,25760327038
25760985926,25761242151
25762728641,25762861955
25762742658,25762876876
25763965372,25764292681
25764191287,25764293497
25764294198,25764663634
25764296109,25764547235
25765217320,25765420131
25765672031,25765858655
25766347094,25766684217
25767418814,25767662006
25768001650,25768176712
25769167021,25769269221
25770094534,25770211646
25770099007,25770541927
25770307137,25770566217
25771376065,25771595051
25771527559,25771874964
25772634494,25773029773
25772748927,25773101027
25773470745,25773668852
25773929898,25774117289
25774745314,25774793643
25775205451,25775271014
25776173467,25776269049
25776756189,25776784468
25779512145,25780041603
25779794339,25780080077
25780401736,25780894795
25782189577,25782574112
25782259483,25782602720
25783582602,25783957753
25784687223,25784963312
25784931637,25785339650
25785500618,25785758803
25785576973,25785700714
25786098460,25786227713
25786735538,25786976455
25787768339,25788157158
25788504528,25788807534
25790661053,25790946250
25791000141,25791179556
25791378769,25791624121
25791409628,25791486969
25791532442,25791782976
25791802355,25791862059
25793057653,25793111707
25793318287,25793382467
25794519488,25794595511
25795720552,25796092522
25797942827,25798133621
25800071566,25800192779
25800438762,25800920981
25801066015,25801268794
25801785410,25801833783
25801916861,25802246236
25801982890,25802454429
25801990119,25802081177
25802174404,25802337221
25802959729,25803127885
25803836413,25804187425
25804449604,25804701042
25804716162,25805147776
25805646152,25805864264
25806306280,25806712208
25806591844,25807077168
25807628571,25807963330
25808326919,25808538346
25810683227,25810908764
25811039919,25811145502
25811355201,25811741486
25811689489,25811942428
25812616786,25812738915
25812820636,25813063342
25813477841,25813628245
25814118265,25814434068
25814813964,25815294679
25815006915,25815132581
25815465844,25815834653
25815877159,25815923333
25817806234,25818153968
25818783653,25819157491
25819092985,25819386827
25819135491,25819589029
25819235476,25819440300
25820519131,25820982962
25821763057,25822171400
25822731078,25823186118
25823208128,25823568259
25823517044,25823711048
25823693959,25823746462
25824547941,25825045260
25825062278,25825245582
25825066636,25825244068
25825271791,25825809663
25825959091,25826194483
25826068855,25826112474
25827111591,25827459197
25827488516,25828081951
25827639121,25827950556
25828179006,25828198037
25829172909,25829198524
25830185069,25830299394
25830828516,25831293391
25831407153,25831433523
25832508940,25833024052
25834379302,25834411992
25834636774,25834833916
25835323372,25835689481
25836868794,25837028332
25837346826,25837540593
25838084295,25838266642
25838216805,25838551898
25838730690,25839015486
25839060932,25839264155
25839142721,25839502519
25839221402,25839505193
25841756291,25842023638
25842679571,25842882237
25843309951,25843579009
25844294239,25844569505
25845083438,25845284247
25846407965,25846631616
25848353485,25848709029
25849109182,25849303620
25849713096,25849867706
25849713554,25849871311
25849927655,25849975716
25851564567,25851924992
25851706440,25852083322
25851834914,25852198273
25852393883,25852763257
25853028746,25853179727
25853669757,25853958597
25854031924,25854234355
25855467020,25855890536
25855696899,25855775387
25855964080,25856143235
25856146334,25856397877
25856381742,25856881588
25857128904,25857335327
25859408473,25859695470
25859760011,25860093618
25861500758,25861540836
25861549601,25861910305
25861936159,25862431820
25862483815,25862774756
25863102292,25863513852
25864270624,25864629039
25864437451,25864620059
25864448869,25864821296
25864604631,25864802375
25865181433,25865507737
25867026316,25867469137
25867110178,25867669331
25867467150,25867977136
25868138106,25868562999
25869329088,25869684437
25869425251,25869797312
25871304057,25871478290
25872867027,25873358129
25874265643,25874352669
25874659387,25874996028
25875612543,25875729828
25875768409,25876065275
25876348816,25876561585
25878050850,25878096348
25879280123,25879579383
25879607039,25879792765
25880299627,25880499889
25880504111,25880868001
25880519893,25880786197
25880601683,25881041771
25880895294,25881217996
25881225291,25881314294
25881305626,25881648714
25882125678,25882433936
25882883211,25883284581
25883122191,25883484816
25885973178,25886014873
25887683246,25887914413
25887916618,25888404934
25888298529,25888538279
25888329923,25888455863
25888490522,25888717500
25889187286,25889629394
25889790015,25890222458
25889983162,25890344370
25890620448,25891023104
25892116678,25892628340
25892419256,25892759295
25892647275,25892868707
25893355150,25893443745
25894492475,25894623185
25894500272,25894910986
25894913690,25895308135
25896156568,25896398056
25897657581,25898056461
25898930683,25899263565
25900104201,25900778281
25900848200,25901340241
25903665456,25904029947
25903818903,25904660163
25904366353,25904721151
25904693570,25905127204
25904728225,25905029903
25905691424,25906055668
25906106969,25906360941
25906374308,25906397385
25906700087,25906723288
25910078796,25910492204
25910168600,25910688723
25911004275,25911150908
25911201496,25911461937
25912229118,25912635402
25912265576,25912301430
25913359071,25913667550
25913762205,25913998469
25914692166,25915136850
25914766967,25915064084
25915602387,25915692839
25915746679,25916039591
25917767796,25918133949
25918824603,25919043537
25919956358,25920311201
25920980373,25921203698
25921022659,25921177791
25921286862,25921313097
25921620516,25921721963
25921675479,25921878706
25921690475,25922127624
25923136365,25923254252
25923834966,25924150817
25923980115,25924180009
25924454599,25924549560
25926549423,25926865648
25928797336,25929148077
25928902918,25929193329
25929396107,25929792901
25929447065,25929645764
25929562957,25930031986
25930046316,25930514579
25930063788,25930387770
25930197568,25930452540
25931026940,25931116205
25931140801,25931296538
25931158225,25931450818
25931175727,25931621913
25931249113,25931678376
25931472828,25931835134
25933043494,25933305069
25933318469,25933557755
25933566140,25933834131
25933978001,25933992572
25935796003,25936007024
25935936826,25936029180
25936362885,25936514490
25936407698,25936466331
25937044965,25937213567
25938704986,25939380216
25939225762,25939372149
25939732639,25939885621
25939745158,25939930066
25940070444,25940161207
25941159347,25941485129
25943017770,25943348843
25943091858,25943223953
25943155244,25943262350
25946536807,25946654513
25946647970,25946727805
25948473570,25948886569
25949557237,25949904348
25950416897,25950473551
25950754502,25950812267
25950853265,25951280620
25952853707,25952958152
25953130456,25953239198
25953908327,25954213204
25954208279,25954606819
25954516469,25954918680
25956022685,25956206109
25956209407,25956420968
25958574268,25958965401
25959674882,25960013402
25959815569,25960070184
25960618675,25960725970
25962102325,25962502966
25962335233,25962913342
25963313266,25963468702
25963485529,25963696637
25964589767,25964734533
25966328264,25966472470
25967569369,25967602703
25967629307,25967948667
25968889011,25969280964
25969205848,25969521017
25969244931,25969519478
25969322187,25969775780
25970419510,25970701153
25970564676,25970917363
25971404577,25971537717
25973264878,25973489324
25973600713,25973911859
25974574122,25974709338
25974766114,25975651203
25975343388,25976183805
25976405070,25976848774
25976582185,25976906210
25977685108,25978199516
25978569462,25979022978
25979351252,25979498454
25979630973,25979804690
25979817841,25980251580
25980262024,25980726148
25980297258,25980432786
25980745222,25981157601
25981888721,25982087564
25982562956,25982590950
25982808469,25983026562
25983379434,25983620543
25983869183,25984040430
25984356927,25984658578
25984598962,25984765603
25984992279,25985210357
25985835946,25985880046
25986061616,25986508675
25987558887,25987747789
25990049433,25990394580
25991570363,25991898336
25992364889,25992565641
25993220520,25993462053
25993749332,25993781797
25995094896,25995241719
25995971820,25996096946
25996085855,25996185063
25997603292,25997849060
25997781096,25998052127
25997899547,25998002620
25998286420,25998545146
25998745369,25999044824
25999551419,25999792985
25999847643,25999911613
25999892139,26000265685
26000031572,26000134864
26001772527,26001818603
26002863123,26003055855
26005153354,26005405668
26005533450,26005653345
26005559171,26005982498
26007333808,26007745449
26008482385,26008851050
26013633962,26013751747
26013911892,26014316069
26014295578,26014574701
26015108488,26015498302
26015555618,26015731497
26016470927,26016565718
26018321197,26018409059
26018545844,26018802894
26019815843,26020092591
26019899182,26020258730
26019957007,26020067526
26020094352,26020331870
26020762763,26020901141
26020914296,26021438733
26021629622,26021672460
26021685801,26021861712
26021813816,26021889608
26023342262,26023592365
26024317030,26024645378
26024615103,26025026076
26024729106,26024850253
26024972853,26025218004
26026480542,26026713058
26026759303,26026995588
26027035030,26027084337
26027239214,26027613929
26027490029,26027631838
26028076304,26028131075
26028888901,26029159718
26029040577,26029096070
26029115389,26029239771
26030296194,26030490209
26030726819,26031296143
26030817332,26030856640
26031466390,26031564073
26031639741,26031671913
26032445850,26032513115
26034940039,26035339684
26035639214,26035845440
26036824710,26037128793
26037034552,26037406718
26037411911,26037545625
26037975647,26038102299
26038109112,26038539244
26038169350,26038205464
26038510113,26038985469
26039532301,26039848597
26039584940,26039665071
26041451856,26041566260
26041840151,26042072646
26044460928,26044554569
26044561154,26044753031
26044571683,26044895670
26044956878,26045432765
26047223191,26047740477
26048362646,26048440659
26048483331,26048532803
26048686608,26049154811
26049112944,26049319351
26049658590,26050131011
26050345080,26050720947
26051206277,26051334616
26051344260,26051690529
26052342606,26052731071
26053088629,26053369435
26055034740,26055312443
26055670650,26056144702
26056257587,26056448802
26056941739,26057186522
26058191989,26058508151
26058260745,26058399808
26059181491,26059249946
26060268239,26060528736
26062219645,26062694973
26062312576,26062356797
26062359164,26062492807
26062439087,26062478901
26063340222,26063416877
26063678037,26064139534
26064164017,26064432837
26064580944,26065221283
26065472544,26065906683
26065666352,26065839501
26065758431,26065936886
26066029890,26066378953
26066471283,26066547613
26066480017,26066578642
26066776992,26067149911
26067816464,26068148150
26067894725,26068353538
26067913121,26068102845
26068533274,26068557500
26070701937,26070964734
26071626604,26072093697
26072260234,26072640878
26072409451,26072751496
26073717497,26073942363
26074805828,26075212752
26074905423,26075070190
26075441806,26075547597
26075779105,26075880450
26076084747,26076385305
26076222688,26076525157
26076361836,26076388636
26076406931,26076614625
26076619909,26077259807
26077120258,26077634982
26077808290,26078060145
26079346508,26079764763
26079351968,26079752146
26079721644,26079746423
26080433440,26080615252
26081899357,26082038820
26082921472,26083227103
26084539847,26084943531
26085385930,26085526289
26085396611,26085876535
26085844958,26086179813
26086251038,26086327705
26087295032,26087477430
26088273764,26088629683
26089893796,26090424172
26089980134,26090089045
26090274859,26090587488
26090905694,26091150030
26091170009,26091337768
26091738203,26092139029
26092668414,26092988298
26093031360,26093138371
26094929517,26095277108
26095607718,26095897928
26097437257,26097762793
26099315364,26099392884
26101345497,26101530251
26101558319,26101631936
26101883751,26102054276
26102264416,26102499882
26102431351,26102480467
26102463653,26102523969
26102680723,26102936824
26102711962,26103071618
26103908409,26104216229
26104314249,26104469213
26104592833,26104724518
26104883007,26105286712
26105974350,26106034181
26106703519,26106891723
26106760736,26107012911
26106775737,26106955730
26106893120,26107143374
26107248708,26107407871
26107813325,26108086381
26108542666,26109137478
26110094686,26110219351
26110833852,26111020654
26111349189,26111694849
26112264859,26112435182
26112432221,26112663188
26114221915,26114503876
26115063384,26115366333
26115276903,26115635390
26116238812,26116503613
26116451452,26116829920
26117181714,26117380382
26117606172,26117631256
26118314169,26118581669
26118441380,26119146970
26119336864,26119510924
26119440960,26119923201
26119940743,26120292099
26120356445,26120501002
26121076549,26121428854
26121183977,26121373450
26121284716,26121518427
26121789973,26121966549
26122150680,26122452673
26123262582,26123529510
26123273881,26123528648
26123751323,26123992830
26125848562,26125926222
26125933838,26126124263
26126694148,26126963946
26126705525,26126811519
26128553594,26128615638
26128916451,26129172714
26128947271,26129237283
26129495895,26129519176
26129771523,26130115277
26131274836,26131481747
26131594643,26131793988
26133681471,26133934266
26133859249,26133904270
26135139761,26135254758
26135593956,26135908331
26135919022,26136324764
26137554091,26137770747
26137688443,26137870775
26138083857,26138256885
26138712307,26139233916
26139300268,26139684867
26140360724,26140482871
26140624783,26140893767
26141145293,26141466327
26141810889,26141915643
26143145805,26143191145
26143563416,26144009338
26144495043,26145000323
26144788063,26144926950
26145679047,26146019993
26147003605,26147229456
26148691536,26149012192
26149006433,26149294451
26149226607,26149548546
26149324170,26149608755
26149645400,26149919973
26149826523,26150005438
26150861171,26150948846
26150862787,26151148212
26150904052,26151026330
26152287759,26152412388
26153270688,26153594767
26153629685,26153946804
26157778209,26158166077
26160661745,26160931848
26160810270,26161163231
26161512629,26161734384
26162542649,26162561924
26162889345,26163386001
26162905777,26162997317
26163219617,26163624646
26164057850,26164316099
26165858202,26166166408
26165997476,26166070932
26167562340,26167976224
26167652992,26167932941
26168304858,26168692054
26168828516,26168924485
26169319734,26169476435
26170230175,26170308365
26170511649,26170749926
26173359817,26173491181
26173887314,26174010661
26174087278,26174231660
26174973441,26175368743
26175696045,26175746620
26178190509,26178270288
26178860688,26179143081
26179160120,26179338262
26180396013,26180577239
26181888615,26182442140
26182651601,26182834220
26183144302,26183422138
26183344335,26183768172
26184039504,26184509550
26184256795,26184508230
26185352542,26185671905
26186294165,26186747157
26186356889,26186912233
26187946390,26188269582
26188601267,26188844049
26192265845,26192376799
26194249580,26194521479
26194540728,26194870924
26195809858,26196139777
26196233487,26196575277
26196300475,26196506664
26197685560,26198032488
26198289681,26198554676
26198503155,26198659347
26199147817,26199277034
26199183074,26199490807
26199387142,26199677557
26199789357,26200298078
26200276955,26200516665
26200457113,26200807887
26200799326,26201025250
26201822548,26202023897
26202059377,26202207406
26202146712,26202551709
26204315171,26204492640
26204649400,26204808752
26205529029,26205823593
26206825097,26206993833
26208651454,26208821750
26208740104,26208784215
26209337154,26209446725
26209619335,26209844237
26209797941,26210158116
26210366777,26210719963
26210478505,26210539669
26210581330,26210989378
26211149976,26211500953
26211521981,26211863980
26212153780,26212209427
26212549249,26212857977
26213282880,26213740014
26213837361,26214113281
26214784608,26214909968
26215923097,26215947316
26215960883,26216281762
26216284655,26216681752
26216840826,26217157143
26216920531,26216941929
26217181735,26217295717
26217918251,26218388017
26218586334,26218793187
26218922750,26219101070
26219742754,26220140732
26219870211,26219885013
26220143464,26220275128
26220443847,26220929045
26223227525,26223309886
26223284890,26223554541
26224426147,26224537090
26225322886,26225352953
26225358267,26225789819
26225565064,26226054441
26225611747,26226075135
26225794985,26225859297
26226573511,26226858972
26226861489,26227010433
26231999797,26232042933
26234168770,26234208070
26234605437,26235031624
26234648418,26234913891
26235506688,26235666742
26235669885,26235766814
26235872976,26236185788
26239049581,26239456434
26240034858,26240228566
26240708694,26241131228
26241148209,26241623365
26242350942,26242447546
26242572936,26242932771
26243001273,26243338164
26243061528,26243574244
26243580820,26243749809
26244369569,26244602376
26244407626,26244646164
26244924212,26245373098
26246901131,26246927394
26246911679,26247214154
26247239944,26247406919
26248750727,26249066207
26248773110,26249225154
26248780335,26248797395
26248798599,26248944899
26249760279,26250145729
26249827941,26249885242
26250221651,26250678428
26250225054,26250331680
26251063011,26251117235
26251919082,26252176054
26252606889,26252800588
26253652452,26253821837
26254413220,26254486295
26254501393,26254591559
26255381731,26255425043
26255533927,26255586076
26255588787,26255725543
26255598437,26255712186
26256505780,26256745902
26256647598,26256714466
26256657642,26256963564
26257696146,26257870472
26257778316,26258137681
26257810842,26257993038
26258899292,26259223813
26259005972,26259328618
26259862292,26260022104
26260074710,26260346113
26260639231,26260797254
26260767441,26260847846
26261813063,26261963605
26262842692,26263003463
26263168361,26263581043
26263276863,26263417082
26263926746,26264084797
26265180123,26265657785
26265637808,26265946044
26265845842,26266152523
26266989866,26267196214
26267200434,26267485660
26267424808,26267703826
26268596811,26269017613
26269030604,26269159817
26269169244,26269380197
26272474585,26272695111
26273721702,26274147104
26274059148,26274403473
26275034133,26275384998
26275064830,26275250320
26275139226,26275265596
26275789143,26275947942
26277948119,26278122188
26278876870,26279060116
26279223902,26279360423
26280304162,26280339282
26280430623,26280609605
26280800169,26281239883
26280937202,26281161643
26281237050,26281692906
26281249995,26281522550
26283962070,26284402823
26284207073,26284390255
26284408385,26284629501
26284459297,26284513402
26284656154,26284822326
26285882834,26286249620
26286056040,26286327539
26287348820,26287768832
26287392289,26287446758
26287682015,26287705821
26288736538,26288751516
26288959948,26289042372
26289866449,26290410512
26290078835,26290262750
26290690479,26290760772
26290765723,26290886991
26290900853,26291074335
26291204836,26291261264
26292736669,26292977522
26294002432,26294208757
26295177698,26295606378
26295690696,26296192594
26296125269,26296512912
26296641314,26296693004
26296755239,26296837587
26296977603,26297451369
26296985429,26297043795
26297650041,26297780556
26298456897,26298842079
26298481756,26298551693
26299787852,26299816194
26300630657,26300844581
26300974814,26301374748
26301835869,26302012542
26304038862,26304430000
26304487727,26304897017
26304956806,26305114020
26305389077,26305636981
26306171305,26306404418
26306454347,26306496112
26307249380,26307563299
26308569372,26308733521
26309741539,26310131212
26309890005,26310238853
26310085361,26310224048
26310350238,26310731938
26310577584,26310799988
26311187561,26311268568
26312155568,26312305196
26312204922,26312614663
26313501715,26313624086
26314103563,26314418048
26314788668,26315225093
26315022774,26315407073
26315277740,26315693965
26316390781,26316785775
26319326146,26319406947
26319428698,26319609522
26319916999,26320222647
26324386759,26324801585
26324891994,26325079981
26325165466,26325265627
26325501621,26325729609
26325720027,26326222880
26325820164,26326160437
26325823005,26325929343
26327043111,26327348988
26327636983,26327935474
26329524955,26329661236
26329565889,26329965590
26329823824,26330253616
26332088558,26332339694
26332436553,26332500740
26332585887,26332618700
26332641905,26333046400
26333134353,26333627161
26333484781,26333557767
26333998400,26334220109
26334414627,26334430607
26335563819,26335674084
26335829922,26335918168
26336862312,26337341633
26338919483,26339264974
26339637738,26339666121
26340358782,26340479789
26340918473,26341080845
26341205059,26341234435
26341492206,26341703748
26341588687,26341866674
26341751280,26342024578
26344450965,26344472559
26344540259,26344913893
26345305669,26345557369
26346266789,26346674528
26346696696,26347135196
26347777971,26348006706
26348026724,26348190046
26348519012,26349025782
26350178025,26350423739
26350412296,26350423821
26350682591,26350811241
26351782434,26352018146
26352136275,26352327529
26353428765,26353781773
26354819238,26354953431
26355684203,26356087966
26355801628,26356158738
26355870601,26356340273
26359239572,26359720403
26359972367,26360420633
26360101380,26360329081
26363760674,26364289842
26364808009,26365017721
26365001451,26365275925
26365359321,26365455163
26365835213,26366278877
26366514246,26366649522
26366963835,26367406503
26368358783,26368670052
26368787353,26368944330
26369675565,26369707402
26371291976,26371359028
26373502471,26373631418
26373665539,26373849987
26373678337,26373859912
26374288492,26374491592
26374324537,26374409755
26376552109,26376933508
26376777936,26377281914
26378282960,26378570430
26380318977,26380630722
26381588373,26381733152
26382636699,26382659552
26383903737,26384272071
26384339588,26384679619
26384730956,26385039226
26385521962,26385696460
26386455349,26386801347
26386502572,26386761359
26386646929,26386942073
26387297811,26387490745
26387716818,26388018277
26387898312,26388398329
26389583153,26389726599
26389604126,26389923101
26389664583,26389760702
26391716313,26391751149
26392403307,26392542254
26392492275,26392779882
26393069433,26393270016
26395621050,26395907011
26396030187,26396270567
26396304700,26396387071
26396370406,26396700227
26396456714,26396717220
26397139988,26397797825
26397349268,26397716661
26398554535,26398818412
26398860754,26399017322
26399226241,26399620922
26401675705,26402363350
26401686168,26402288221
26402742409,26403207216
26403829885,26404306344
26403900856,26404174932
26404493712,26404670457
26405950777,26406166757
26406750186,26407060961
26407602056,26407985332
26408579943,26408947671
26409065732,26409400509
26409183919,26409293763
26409653553,26409685662
26409709636,26410190428
26409830140,26410102504
26410231436,26410305813
26410382851,26410399493
26411343943,26411524931
26412070032,26412269919
26413307506,26414020870
26413612408,26413683155
26414309105,26414693316
26414818216,26415176305
26415389820,26415606672
26416011078,26416179564
26417451755,26417610817
26418257634,26418358044
26418366208,26418874789
26418574225,26419065681
26419034613,26419395578
26420057381,26420526634
26421408234,26421630217
26423004646,26423030019
26423051855,26423345932
26423330790,26423632302
26423713356,26424088415
26424528555,26424658923
26424598542,26425247174
26425574802,26425721264
26425937270,26426349184
26426111933,26426281930
26427409561,26427491421
26428452303,26428581357
26431544515,26431605709
26432390619,26432435038
26432560400,26432756109
26434927628,26434993709
26435012265,26435191902
26435292117,26435708322
26435725180,26436024807
26436754280,26436976348
26439214305,26439294407
26439661633,26440134635
26440113568,26440229245
26441222342,26441413875
26443061243,26443266431
26443994020,26444332354
26446118092,26446507656
26447112023,26447465382
26447326898,26447474482
26448069979,26448091960
26448678406,26448842445
26450367686,26450818222
26450828204,26451112548
26451003629,26451237985
26451526457,26451595083
26452258389,26452785461
26452519407,26452541659
26453881891,26454143565
26453937927,26454324625
26454336841,26454688323
26455460519,26455886497
26456166548,26456761788
26457022286,26457171546
26459015510,26459142539
26460599089,26460962244
26462713887,26463171868
26462811276,26462901823
26463306613,26463531714
26464304997,26464758293
26464944921,26465259340
26467187212,26467246271
26468591632,26469042423
26469635402,26469792267
26470170289,26470310254
26470860957,26471198144
26472140681,26472500007
26472188658,26472209514
26474944809,26475086487
26475657853,26476073134
26476049892,26476120589
26477136019,26477165817
26478060648,26478121951
26478613991,26478787300
26480143641,26480267487
26480220592,26480692682
26480510803,26480914453
26481616190,26481896791
26481622902,26482058281
26482194002,26482307526
26482335229,26482426395
26482557572,26482631799
26482740502,26482947997
26483555232,26483861149
26483668550,26483787850
26484395514,26484702939
26485902188,26485933784
26485957585,26486386811
26486044975,26486332028
26486615128,26486859926
26486953667,26487304933
26488509039,26488785532
26488515242,26488915200
26489004242,26489308904
26489409446,26489563287
26490736267,26491017796
26492011806,26492682043
26492587018,26492711972
26494005879,26494422416
26494218569,26494537876
26497416189,26497537117
26497941870,26498259478
26501261275,26501514412
26502095928,26502272249
26502177291,26502563152
26502369615,26502645794
26504013637,26504372519
26504107124,26504417329
26505582591,26505792956
26505753491,26505954928
26507091494,26507263495
26508019459,26508149516
26508915601,26509042018
26509348496,26509432811
26509460348,26509609304
26509787065,26510145571
26510113183,26510310755
26511526951,26511721125
26511839304,26512455927
26514014429,26514408193
26514691575,26515017833
26515018356,26515291716
26515179894,26515340197
26515674557,26515986353
26515873655,26516181394
26516570170,26516850899
26516713442,26517085607
26516956828,26517244130
26518064935,26518531492
26518426604,26518814640
26520163689,26520335179
26520945919,26521286888
26521016560,26521383531
26521310133,26521617944
26521978522,26522135515
26522580267,26522816528
26522582723,26522988705
26523696152,26524046594
26523818135,26524097334
26524034199,26524194471
26524139676,26524546934
26524675218,26524963011
26525273279,26525441622
26525958848,26526386475
26526021126,26526733028
26527468824,26527863540
26528848889,26528936780
26529938303,26530200220
26529953710,26530284256
26530188465,26530412286
26531704121,26531911875
26532141487,26532350540
26533206315,26533387730
26533879878,26534073143
26533972874,26534018110
26534527615,26534801155
26534890296,26535296624
26536359597,26536429249
26536614628,26537028271
26537532477,26537850043
26537990180,26538015190
26538359675,26538581406
26538942679,26539093561
26539002039,26539331837
26542182115,26542361516
26542538170,26542860116
26543198002,26543405041
26543650767,26543837330
26543887099,26544225362
26543943529,26544443599
26544475755,26544947968
26546378488,26546819674
26546994401,26547275660
26547215526,26547517226
26549153289,26549201507
26549581494,26549773337
26549658910,26549959204
26549753409,26550235579
26549950185,26550240160
26550468031,26550727429
26552522005,26552984714
26554561847,26554627943
26556094892,26556478031
26556245651,26556811828
26556518243,26556832399
26557133463,26557621581
26558586594,26558940197
26558712442,26559182924
26559635869,26559742982
26560774285,26561050357
26561518948,26561834563
26561872348,26562106199
26562633019,26562916155
26563357507,26563694331
26563378565,26563680358
26564356188,26564663727
26565897675,26565913841
26566129061,26566153256
26566229914,26566558978
26566293210,26566372524
26566536653,26566943989
26566933480,26567351258
26568287310,26568419007
26569723387,26569878044
26570033662,26570290731
26570144438,26570462994
26570556431,26570675422
26571940819,26572109437
26572572844,26572749003
26573520351,26573886752
26574201939,26574572503
26574914577,26575266495
26575599682,26575837658
26575849387,26576371066
26575853197,26576203521
26576774275,26577039507
26576782659,26576922219
26577435505,26577820166
26577740132,26578063160
26578684929,26579095742
26580894133,26581348274
26582756405,26582840014
26584017160,26584032651
26584578582,26584859480
26584818301,26585220425
26585105866,26585486379
26585495896,26585691990
26586267848,26586600848
26586937534,26587497464
26587116926,26587264981
26587612438,26587799043
26588364649,26588444762
26588802921,26589065059
26589319986,26589344176
26589684843,26590157654
26590015853,26590285006
26591488866,26591934167
26592097810,26592194936
26592540169,26592694047
26592929434,26593014863
26596014030,26596071140
26597582064,26597633205
26597635261,26598026508
26600456945,26600529542
26602664974,26602762333
26603297923,26603489583
26603592975,26603708812
26603820455,26604111303
26604122467,26604498570
26604276007,26604682258
26604572387,26605188385
26605983922,26606240144
26606746600,26607257787
26608986814,26609519112
26609946866,26610220367
26610225392,26610453520
26611112482,26611221111
26611166549,26611462225
26611332354,26611573679
26612833552,26613002302
26613574743,26613978390
26613841073,26614325689
26614384080,26614876194
26615344963,26615820163
26616829621,26617190574
26619396186,26619516461
26620238112,26620547037
26620559564,26620869908
26620866470,26621240667
26621377190,26621530414
26621410348,26621539846
26621548607,26621778444
26621782728,26621910310
26622954530,26623213331
26622999911,26623082617
26623839852,26623897314
26624426470,26624550050
26624510224,26624808118
26624983710,26625073599
26625255822,26625288433
26625273649,26625688656
26627267247,26627508864
26627606241,26627778438
26628017014,26628488355
26628433675,26628702298
26628703127,26628834495
26628907377,26629009541
26630114004,26630193338
26631013003,26631284966
26631036802,26631174667
26631504420,26631896532
26632035600,26632446655
26633484006,26633896683
26633685571,26633791618
26635526893,26635839127
26635611157,26635826712
26636387963,26636433866
26636740956,26637020804
26636825324,26637320650
26637294488,26637552719
26638091419,26638106009
26639132911,26639407537
26639300330,26639527695
26641296301,26641625891
26641353287,26641799787
26642887718,26643168887
26643965755,26644052688
26645021261,26645159866
26645384522,26645474681
26646388292,26646830402
26647856621,26648055580
26647950828,26648160912
26649180296,26649268590
26649388748,26649444318
26649455772,26649503089
26649597542,26649903603
26652554948,26652960675
26653235728,26653727223
26653604689,26653670175
26653891496,26654230072
26654236377,26654278596
26654280022,26654351233
26654792379,26654923902
26655903070,26656210490
26658486103,26658647781
26658486235,26658557453
26659030135,26659215633
26660121291,26660233917
26660164434,26660382645
26660183365,26660360332
26660218823,26660422779
26661411145,26661816661
26661609587,26661874729
26662270374,26662483591
26662597662,26663088867
26664098834,26664490225
26666070716,26666408289
26666097946,26666358379
26666501445,26666737202
26666549918,26666622502
26667131954,26667341463
26667316089,26667398459
26667751916,26668064905
26667808922,26668165073
26669537080,26669854314
26669923813,26670129766
26670223578,26670385005
26673211399,26673245972
26673373007,26673512464
26674329400,26674346200
26677289518,26677519565
26678041280,26678491276
26679882491,26680371384
26680244711,26680614517
26681985384,26682142987
26684973367,26685390919
26685166635,26685480604
26685236182,26685518662
26685349632,26685777248
26685718346,26686178703
26687078793,26687312498
26688437334,26688522313
26688579130,26688893199
26688668889,26689079514
26690058945,26690074052
26691974629,26692058304
26693019815,26693218654
26693142272,26693403928
26693152559,26693529591
26694793054,26695193602
26697009069,26697116366
26697144348,26697472711
26697638389,26697982936
26698682415,26698940853
26699098580,26699284299
26700060287,26700458705
26700261814,26700410467
26700539034,26700701678
26700561456,26700601192
26700859719,26701208096
26701215839,26701263614
26701859604,26702225750
26702932462,26703443491
26703047261,26703459929
26703266831,26703382971
26703457373,26703885962
26704075497,26704499279
26705310885,26705336598
26705698740,26706124776
26706480635,26706753623
26708015549,26708033069
26708050649,26708263270
26709016093,26709282225
26709040740,26709323788
26709046426,26709328596
26709431732,26709544247
26709691354,26710006575
26709692126,26709980686
26711225514,26711314069
26713587940,26713852732
26714052100,26714302367
26714131292,26714396955
26714474777,26714849398
26715963494,26716305010
26716449781,26716691889
26718012490,26718301838
26718761140,26718958871
26719938009,26720239103
26720137224,26720666507
26720500714,26720715811
26722647656,26723053868
26722691449,26722871273
26724158606,26724332544
26725040683,26725534895
26725197308,26725265652
26725776390,26726254273
26726284204,26726753943
26726446995,26726484771
26726494534,26726903536
26726633814,26726729542
26727313458,26728008016
26727955857,26728509826
26729677557,26729902775
26730338697,26730629612
26730672024,26730951925
26731986966,26732297561
26732928890,26733319377
26733825686,26734237596
26734480557,26734565571
26735202269,26735530959
26735716904,26736000778
26736002206,26736105832
26736519193,26736911368
26737796400,26737960834
26737873187,26738016942
26739386053,26739693757
26741098108,26741421713
26741389410,26741607693
26744636665,26744888603
26745015155,26745207237
26745407556,26745702839
26745887318,26746011598
26746839364,26747138746
26746899111,26746938088
26747470840,26747934247
26747972889,26748084066
26749240012,26749260077
26749246790,26749348613
26749604866,26749814253
26750136206,26750517726
26751375098,26751668141
26752084210,26752340754
26753483345,26753679241
26753530901,26753835569
26754022286,26754398647
26754400547,26754826044
26754743725,26754982007
26756955920,26756980503
26757864612,26758158040
26758161308,26758586384
26758821317,26759152498
26759109369,26759381651
26759759495,26759772194
26760169857,26760293476
26760508361,26760714903
26761032547,26761459190
26761496563,26761709315
26761993674,26762382614
26763783221,26763881932
26764258542,26764487725
26764498448,26764792542
26765164014,26765192158
26765526196,26766134130
26765731944,26766327597
26766748579,26766963120
26766960676,26767382276
26767049202,26767192451
26767064305,26767090001
26767141595,26767441643
26768208572,26768621136
26768810400,26769180006
26769751237,26770228448
26770151157,26770488840
26772685936,26772965055
26774604276,26774978468
26775338185,26775618545
26777080648,26777494940
26777396364,26777541831
26777770334,26778139934
26778575767,26778865591
26779599026,26779909755
26779705272,26780159269
26781758835,26782113984
26781936218,26782058713
26782263025,26782438391
26783952567,26784218817
26783982776,26784175313
26784133441,26784349158
26785258323,26785736901
26788043441,26788104923
26788216127,26788461655
26788729166,26788924468
26788737279,26789149243
26789325154,26789391981
26789360329,26789586515
26790297595,26790703007
26792171271,26792477610
26793328914,26793855283
26793690661,26794173489
26794063019,26794377485
26794362609,26794727848
26796366097,26796819121
26797207278,26797524917
26800091306,26800603500
26800245049,26800747432
26801506172,26801764608
26801707964,26801919738
26803453829,26803801095
26804320401,26804745571
26804615486,26804868777
26804787331,26805051848
26804824545,26805227489
26805380353,26805740609
26806518402,26806743071
26806884842,26807144966
26807783151,26808033292
26808042546,26808441679
26809021154,26809090939
26809063236,26809287107
26809772386,26810254172
26810129637,26810509211
26810427360,26810733517
26811021148,26811383008
26812093569,26812201231
26812427160,26812530358
26812810694,26812839966
26812906492,26813373349
26812972678,26813026560
26814305284,26814513268
26815577635,26816015774
26815590852,26815943453
26816214337,26816453777
26817117032,26817403782
26817140798,26817833088
26817851512,26818009666
26817857941,26818249804
26817901882,26818237503
26819110252,26819291896
26819111184,26819296081
26819429026,26819548661
26819739227,26820070090
26819906746,26820382247
26820547786,26821133558
26821403391,26821948051
26822144052,26822191838
26822847573,26823073263
26823521094,26823701134
26824455393,26824981129
26826184642,26826613533
26826222572,26826434893
26828604407,26828691646
26830192378,26830422632
26830393650,26830431062
26830713903,26831059081
26831424175,26831504787
26831942471,26832338137
26832932811,26833067568
26833826728,26834230204
26834487388,26834760834
26835235295,26835354094
26836385390,26836539724
26836511434,26836533174
26836994006,26837167888
26837489671,26837717690
26837736069,26837773958
26837754717,26838088975
26837825344,26838350235
26837924003,26838406764
26838770896,26839366075
26840603666,26840787093
26840719181,26840943887
26840888921,26841028913
26841032068,26841154436
26841414807,26841871239
26842922809,26843377158
26843344500,26843673095
26844087202,26844445409
26847788759,26848016652
26850154151,26850601035
26850755344,26850848461
26851099136,26851406344
26851649003,26851971568
26853059297,26853415688
26854123661,26854506399
26854874097,26855144757
26855471703,26855628502
26855875122,26856163705
26855929299,26856161085
26856058193,26856524851
26856368980,26856527995
26856857241,26856919380
26857181074,26857629439
26858797839,26859292554
26858846912,26859055868
26859853836,26859990854
26859937453,26860295374
26860627486,26860927045
26860788509,26861062483
26861021032,26861388339
26861795492,26861911842
26861988220,26862339931
26862351490,26862460329
26863910552,26864296030
26864696769,26864826258
26864827177,26865204822
26865817281,26866114113
26865825836,26866090296
26866003573,26866037315
26866579060,26866987895
26866706425,26866959520
26868377176,26868526924
26868434215,26868615155
26868691703,26869075623
26869348412,26869519988
26869708310,26869812480
26869733912,26870016596
26872120297,26872434414
26873046166,26873069023
26873516628,26874000841
26873783048,26874263997
26874956477,26875203993
26875540096,26875850732
26875545389,26875748270
26876321893,26876378717
26877392453,26877511866
26877483216,26877767422
26877591782,26877998464
26878169409,26878560363
26878876155,26878902625
26880490641,26880852254
26880895529,26881093628
26881246359,26881549909
26881702052,26881902778
26881960511,26882074680
26882044075,26882524520
26882712329,26883117886
26884864156,26885256380
26885100167,26885406814
26885308327,26885532359
26885972359,26886235453
26886277646,26886449377
26886733671,26886919396
26886860157,26887523075
26889420476,26889919128
26889888553,26890231841
26891291138,26891680923
26891347826,26891374019
26891356105,26891482662
26891714166,26891822885
26891722626,26892139457
26892318545,26892572792
26893898260,26894420936
26894129509,26894264856
26894485083,26894830495
26895949406,26896214877
26896644271,26896952421
26896953604,26897252469
26897164577,26897336688
26898754858,26898923088
26898818603,26898992353
26899096840,26899373792
26900994699,26901318851
26901534151,26902052280
26901916972,26902171123
26902372736,26902526655
26903194851,26903515185
26904707018,26905129428
26905228833,26905309704
26907126653,26907360359
26907367992,26907609820
26907490883,26907898505
26908031745,26908229550
26908230770,26908263193
26908381090,26908488960
26909836818,26910146134
26910198125,26910589856
26911137972,26911275993
26911439847,26911705566
26911570637,26911779340
26913072572,26913517737
26914220049,26914345097
26914742632,26915283836
26914878029,26914956776
26916375621,26916741088
26918404872,26918574918
26919560002,26919872922
26920517283,26920589667
26921962402,26922430417
26921979632,26922076586
26922635015,26922748026
26922755671,26923165687
26922924358,26923061672
26923042305,26923340970
26923205928,26923464130
26924512966,26924718231
26924572462,26924593732
26924636410,26925143871
26925386506,26925466655
26926134726,26926369069
26928701064,26928791473
26929096481,26929170731
26929122640,26929454491
26929139051,26929608041
26929478992,26929759457
26929482043,26929788139
26930555584,26930925687
26930953938,26931269302
26931165825,26931442891
26931445809,26931825951
26932587004,26933094051
26932678628,26932820547
26934132214,26934286512
26934156028,26934361174
26935081605,26935599575
26935562305,26935699289
26940573956,26940601194
26941013933,26941101871
26941943591,26942343026
26942794657,26942951913
26943305511,26943809901
26943571304,26943654707
26943736923,26943957467
26944849054,26945351945
26945157233,26945236512
26947379976,26947485665
26948027819,26948235779
26948147208,26948201909
26948386149,26948776334
26949110887,26949453946
26949670481,26950001204
26949687126,26950138648
26951272969,26951422888
26952002729,26952367711
26952655981,26952771462
26952703936,26952832906
26953609963,26953868353
26954255475,26954504138
26954439362,26954790605
26955426202,26955694791
26955953045,26956338268
26956827259,26957246052
26957700774,26957884029
26961701216,26961758547
26961957005,26962283197
26962999750,26963353430
26963253136,26963520066
26964549316,26964631024
26965552530,26965803877
26965813251,26966134384
26965851719,26966027549
26965874676,26966291126
26966345883,26966535232
26966527832,26966631952
26966538857,26966773697
26967274782,26967332653
26968358337,26968736346
26969191605,26969693380
26970264071,26970519566
26970531180,26970923630
26971652724,26971892902
26971656691,26971872242
26971707622,26971981916
26971814722,26971926247
26972893521,26973081965
26973128191,26973160378
26974042793,26974487255
26974507762,26975139872
26975640326,26975853001
26975658181,26975803514
26975727917,26976171503
26977741629,26977813166
26977964238,26978274779
26979085565,26979557551
26979666976,26979999026
26979883214,26980273151
26982075659,26982370677
26982384827,26982729155
26983026546,26983517601
26986742029,26987006258
26986841666,26987266900
26987393224,26987581836
26987628961,26987653272
26987684642,26987909637
26989388122,26989451678
26989769646,26989869922
26989903188,26990249488
26990029838,26990512947
26991924645,26991954120
26992633399,26993004453
26993515943,26993637870
26993706069,26994210602
26993887973,26994190311
26994154615,26994800787
26994821004,26995028051
26995115191,26995435809
26995709226,26996042244
26995820946,26996240735
26997346584,26997749979
26997946038,26998461981
26998159944,26998287380
26998460102,26998791962
26999101793,26999530786
26999874859,26999964246
26999934879,27000105520
27001102588,27001509365
27001153776,27001531032
27001400571,27001691196
27002549163,27002747843
27003115733,27003504583
27006147941,27006356501
27006783364,27007115482
27007640378,27007924008
27008562132,27008911476
27009570432,27010161905
27010621077,27010878098
27010691800,27011129271
27011289309,27011689347
27011807377,27012014092
27011901957,27012321385
27012426864,27012708586
27012464462,27012553081
27013223503,27013255441
27013280057,27013624114
27013667700,27013730526
27014833466,27014898702
27017452552,27017951270
27018366805,27018667066
27018538398,27018610190
27018618636,27018751208
27019129596,27019346418
27019509251,27019681064
27022146140,27022370301
27022262892,27022597249
27023052071,27023381911
27024514977,27024572162
27024627034,27024857183
27024838498,27024896617
27024918450,27025177202
27024987876,27025269445
27025671998,27026067901
27026062875,27026412968
27026816075,27026873425
27030799995,27031059905
27032470781,27032771678
27032479861,27032721721
27032738916,27033175120
27033131155,27033610042
27033634071,27033929479
27034936092,27035134447
27037080175,27037615579
27037507672,27037726357
27038365166,27038690766
27038934004,27039122842
27038947341,27039215895
27039392721,27039586729
27039628440,27039731548
27040706940,27040956203
27040938828,27041374917
27041433560,27041592578
27042763748,27043129410
27042907627,27043217202
27043132174,27043802421
27043206055,27043690843
27043841438,27044266025
27044144647,27044405964
27044370785,27044782318
27045273163,27045410052
27045417496,27045565880
27046006290,27046330096
27046644636,27046727040
27046919705,27047367584
27046940386,27047114917
27047126365,27047460424
27047539367,27047940861
27047639675,27047965482
27048266386,27048646751
27048676645,27049036810
27049053843,27049072070
27049855959,27049913274
27049983273,27050061000
27050481784,27050750847
27050530638,27050882132
27050654153,27051055337
27050744944,27050921428
27051618164,27051850304
27052113177,27052541245
27052456178,27052565969
27052879448,27053136581
27054059671,27054269864
27054088182,27054185579
27054375708,27054611000
27054617767,27054766678
27054627379,27055047095
27055658701,27056048928
27055763071,27056232972
27056466359,27056785822
27056659228,27057037628
27057008727,27057515066
27059971266,27060327196
27060281644,27060740470
27061145706,27061168612
27061901592,27062174588
27063465688,27063751873
27064676024,27065039020
27064949149,27065124833
27066912183,27067296290
27067003737,27067031731
27067678316,27068263882
27068269201,27068752870
27068356063,27068751206
27069044864,27069523411
27069596861,27070019211
27071227078,27071373658
27071358939,27071467740
27072313974,27072621976
27072819288,27072844164
27072899315,27073288778
27073472819,27073743844
27073484139,27073908404
27074575594,27074727017
27074860407,27075346396
27075464479,27075935504
27076670064,27077003608
27077488312,27077869084
27078036586,27078531368
27078080525,27078519262
27078526366,27078902967
27078904632,27079240551
27079836740,27080182796
27080041628,27080092013
27080050628,27080450894
27080094148,27080471273
27081049421,27081333713
27082041247,27082480528
27085034491,27085514985
27085155307,27085275307
27085441589,27085488142
27086003314,27086318794
27086719575,27087341741
27089253755,27089764206
27089304700,27089600647
27089511646,27089981890
27090209537,27090322620
27090851708,27090938483
27090872126,27091186917
27091381375,27091827312
27091419493,27091515858
27092318805,27092483669
27093436223,27093784844
27094145443,27094568954
27094614652,27095028536
27094848672,27095019381
27095498096,27095774002
27096027363,27096380502
27096294521,27096375010
27096404561,27096755975
27096406126,27096432252
27097510309,27097980971
27097677365,27097690190
27099390057,27099400717
27100819556,27101161189
27102652426,27103004509
27103300440,27103508411
27103871500,27104364977
27104514544,27104779337
27106700822,27107114765
27107123025,27107557570
27107936258,27108417146
27108190394,27108478094
27108418723,27108436536
27110852011,27111167852
27111158247,27111594909
27111973581,27112075846
27112176425,27112422674
27112480393,27112599981
27113155178,27113567574
27113925857,27114032717
27114613250,27114833619
27115087591,27115459786
27115281928,27115726987
27115705875,27115835862
27116763490,27116920497
27117717020,27118121871
27118740948,27118852740
27120182055,27120196923
27120481487,27120702853
27121068473,27121469538
27121185872,27121502017
27123667067,27123699280
27123945314,27124278351
27124091121,27124408331
27124300822,27124326128
27126173903,27126757619
27126242467,27126442035
27126393279,27126492581
27126925038,27127296250
27127206385,27127602397
27127580679,27128051790
27129822722,27129936286
27130641110,27131128328
27131588958,27131623672
27132792957,27132901210
27132947439,27132997549
27133532610,27133567144
27134443500,27134761060
27134775842,27135146770
27135148109,27135532997
27135241079,27135510809
27135374378,27135731916
27135543544,27135624526
27136315555,27136730915
27136598993,27137153258
27138221694,27138365551
27138599985,27138624736
27138718864,27138914015
27139532259,27140004604
27140135916,27140927516
27140343736,27141057107
27140929827,27141080601
27141476725,27141738018
27141981797,27142409249
27142511463,27142718867
27142960135,27143157747
27143277748,27143368708
27143924932,27144264342
27144216267,27144495355
27144518753,27144769306
27145461993,27145552456
27145942390,27146184006
27146472770,27146889785
27148292415,27148469335
27148545028,27148781012
27148574638,27148760467
27148637076,27149098077
27149711521,27150082208
27151079972,27151305314
27153354671,27153533144
27153942515,27153993702
27154024031,27154335220
27154216876,27154599651
27154858968,27155184355
27155301792,27155697587
27155385941,27156052307
27157051533,27157194749
27157613242,27158047790
27158861773,27158991442
27159833847,27159973744
27160052013,27160486217
27161265077,27161294139
27161590839,27161982006
27164643130,27164924646
27165530744,27165585492
27166130997,27166309670
27169376916,27169763751
27171172211,27171406097
27172084607,27172419390
27172142026,27172381372
27173817168,27173944774
27177764339,27178186654
27178171951,27178496293
27178634409,27178821406
27179402465,27179608150
27179470454,27179961736
27180531598,27180875214
27180630748,27180987977
27181488822,27181811601
27181861101,27182190873
27181918466,27182157390
27182006722,27182150878
27182552312,27182776138
27182593181,27182651039
27183221165,27183523014
27183401322,27183604941
27184204288,27184524085
27184344719,27184428195
27184568348,27184816348
27185324270,27185438961
27186778302,27186871148
27186809936,27187002192
27187499008,27187931205
27187922269,27188244331
27188221963,27188304946
27188267698,27188326978
27188358144,27188473737
27189392657,27189521091
27189503126,27189663085
27189677090,27189966552
27190443843,27190781818
27190489890,27190623292
27192057630,27192568643
27192085781,27192549070
27192836565,27193237316
27194219148,27194370364
27194325221,27194348198
27194466976,27194826848
27194975728,27195314537
27196108137,27196181083
27196782798,27196963545
27197192950,27197384091
27197237071,27197659977
27197972728,27198357726
27198121212,27198520704
27198522789,27198658692
27198731594,27198784568
27199107412,27199192506
27202898494,27203354758
27203716098,27204222814
27203832749,27203983917
27204373883,27204692435
27205027434,27205443613
27205894179,27206402790
27207184574,27207636288
27208182336,27208383555
27208756716,27208916847
27209644116,27210042507
27210044818,27210678386
27210330338,27210441209
27211274315,27211437900
27212797105,27213279106
27215354990,27215662439
27215398276,27215424759
27216351195,27216401528
27217015046,27217281717
27217282784,27217563306
27217951708,27218387858
27218344205,27218543697
27221500395,27222014972
27221866134,27222153177
27222032836,27222421483
27225233713,27225724344
27225256625,27225722674
27225285049,27225485994
27226300252,27226455410
27226526545,27226788195
27226644480,27226851271
27226977920,27227355667
27227712108,27227766076
27227729520,27227905937
27228066310,27228224972
27228227593,27228419154
27228337544,27228598184
27228443078,27228808128
27229714910,27230196015
27229825432,27229888715
27229942056,27230309197
27230118517,27230479483
27230258431,27230872126
27232339613,27232817717
27232467225,27232564030
27234447026,27234851437
27234518138,27234749260
27234751715,27235208328
27235120439,27235440347
27235821848,27235898490
27236268439,27236379127
27237819176,27238074569
27238449127,27238858426
27240930915,27241337604
27241062291,27241105248
27241832181,27241974403
27242847990,27242871610
27245108399,27245488846
27245721561,27246063591
27247138211,27247282819
27247590978,27247888268
27247735383,27247874295
27248322998,27248525633
27251387926,27251647720
27251584393,27252060842
27251912581,27252218058
27252419389,27252860743
27252503813,27252724752
27253317597,27253641409
27253515499,27253957984
27253643081,27253963936
27254079834,27254534191
27254101231,27254140238
27254772767,27255460677
27255320982,27255372374
27257365260,27257879559
27258237064,27258390129
27258241673,27258401748
27259542801,27259762414
27260543211,27260632001
27260890638,27261102323
27261931285,27262300863
27262899590,27263040384
27265122372,27265420479
27265937395,27266331901
27267334800,27267471180
27269200697,27269540263
27269612336,27269912766
27271215655,27271431430
27271786796,27272270283
27272289472,27272342151
27272328757,27272661931
27272961095,27273589313
27274458896,27274712865
27274892762,27275395236
27274909360,27275055023
27277009146,27277453532
27278836063,27278938701
27278877728,27279272537
27279134088,27279169832
27279274304,27279346699
27284022736,27284130407
27284963681,27285342120
27285996145,27286419672
27286490788,27286654971
27287172620,27287284686
27287178875,27287588198
27288009796,27288386233
27288069092,27288456267
27288885922,27289294767
27290090007,27290542826
27290330547,27290403774
27291484133,27291922051
27292559254,27292994592
27293023261,27293188143
27293144446,27293592745
27293169537,27293296297
27294054921,27294199405
27294546560,27294755299
27295019228,27295298761
27295466791,27295858997
27295884643,27296127858
27296178324,27296640340
27296608608,27297065829
27296641822,27296918213
27297095311,27297553783
27297142578,27297202277
27297982303,27298245120
27298322277,27298650643
27298554682,27298883886
27299071712,27299734663
27299130411,27299902239
27299925811,27300464353
27300324029,27300645837
27300500779,27300884645
27301083147,27301224113
27301508176,27301946802
27302245543,27302914521
27303153114,27303421124
27303554934,27303908752
27304279059,27304435787
27305229459,27305379514
27307629406,27307666006
27308481292,27308602002
27308838102,27308950448
27308937319,27309276892
27310697185,27310759440
27311017755,27311259441
27311751243,27312080909
27312737432,27312908819
27312743509,27313101240
27313644424,27314043353
27313900693,27314292939
27314146980,27314247345
27314354798,27314372999
27314932042,27315085966
27315471639,27315679461
27315574997,27315894044
27315645391,27315738923
27316003281,27316453848
27316040281,27316381442
27316221872,27316266828
27317295771,27317741124
27317632843,27317952323
27317633099,27317877150
27317638696,27317818543
27317971043,27318075912
27318299134,27318432526
27318518587,27318934553
27318576511,27318980192
27318817307,27318990949
27320644013,27320805096
27321545960,27321686152
27321580891,27321998031
27321779830,27321932736
27322201218,27322453411
27322205619,27322382561
27322853595,27322943777
27323717201,27323820449
27324492971,27324843439
27327351893,27327562055
27328181878,27328418960
27328449813,27328883946
27329108725,27329313074
27329389981,27329908747
27330419038,27330811176
27331083850,27331308681
27331229282,27331270454
27332303861,27332340531
27332574276,27332742556
27333721564,27334085445
27333767273,27333930636
27334076453,27334532262
27335777566,27336154427
27336063785,27336347705
27336399340,27336767479
27336543007,27336964954
27336639487,27336936929
27337041415,27337210461
27337071528,27337452353
27337320887,27337651270
27337668141,27338018417
27337873689,27338467624
27338376234,27338532451
27338640752,27338804149
27339075657,27339619045
27339373416,27339521732
27340344835,27340752287
27340671493,27340861394
27340825666,27340942710
27340884313,27341158324
27340945207,27341326909
27341799972,27342216886
27342879381,27342910772
27342927186,27343094950
27343095732,27343395379
27344267921,27344738010
27344772978,27345141060
27345533177,27346013822
27346281224,27346325186
27346657292,27346699181
27346703279,27347090666
27346899704,27346939053
27346952225,27347286856
27347102518,27347124455
27347576838,27347955834
27348015232,27348418303
27348558162,27348670031
27350105587,27350349506
27350317870,27350431466
27350805338,27350866167
27352484196,27352578127
27352500252,27352634736
27352711693,27353025342
27352753156,27352763229
27354239936,27354287509
27355163710,27355532818
27355828312,27355895647
27356359221,27356656419
27356860260,27357568749
27358799249,27359275323
27358878031,27359044235
27360455979,27360718946
27361803956,27361845137
27362193023,27362284918
27362726938,27362925073
27362974125,27363333676
27363398212,27363683767
27364393454,27364468107
27364847734,27365194197
27367148654,27367652102
27367728160,27368247278
27367798376,27368044924
27368530896,27368578622
27369362871,27369491210
27370234319,27370406443
27371353029,27371452646
27371717033,27372086778
27372695124,27372911341
27372847370,27372898523
27373177844,27373305242
27373567036,27373805081
27373640745,27374093382
27375411814,27375492949
27376613907,27377091196
27377655656,27377819603
27379251175,27379389155
27379480735,27379758090
27379507123,27379533059
27381084238,27381306159
27382762188,27383073428
27383146471,27383191397
27383728031,27383952077
27384822440,27384983323
27385374931,27385619601
27386231065,27386644484
27386400881,27386805885
27387620033,27387780238
27387855820,27388185141
27387958892,27388408225
27388481829,27388936598
27388757216,27388831978
27388774644,27388993455
27388797041,27389130788
27390357392,27390841725
27390507407,27390571638
27391234096,27391416531
27391602419,27391753705
27391699129,27392072937
27393773470,27393995013
27394136764,27394224407
27394444386,27394659700
27394663517,27394919462
27395294667,27395906502
27396003300,27396270984
27396449685,27396869252
27396761044,27396922943
27398019531,27398196324
27398345604,27398724035
27398547478,27398915226
27398650126,27398737478
27399024582,27399257932
27399680226,27399942141
27400103550,27400565583
27400680313,27400804615
27401600824,27401978362
27401995727,27402187647
27404320909,27404740759
27407037212,27407361859
27407417137,27407543337
27407613792,27407700953
27409320580,27409675271
27410304353,27410441155
27410464372,27410642189
27413575250,27413848851
27413874344,27414222355
27414487930,27414521546
27414524686,27414565984
27414554024,27414635029
27414638746,27414750841
27414808412,27414878128
27418937470,27419088045
27418955613,27419097544
27419376810,27419665208
27420249291,27420482359
27420397135,27420658429
27420498372,27420521825
27420506959,27420616528
27420679295,27420773488
27420690308,27420751680
27421139088,27421511971
27423103998,27423295880
27423164234,27423580269
27423249393,27423579901
27425890333,27425994682
27426212628,27426295234
27427540712,27427790795
27428615117,27428683063
27429545470,27429811339
27430811198,27431048740
27431052809,27431275216
27432297918,27432601245
27432620114,27433083914
27433139338,27433467216
27433931870,27434401182
27434166479,27434485789
27434189768,27434595816
27434990276,27435382358
27436712825,27436924865
27436930421,27437312382
27437137302,27437209322
27437205711,27437335250
27437412188,27437681394
27437532695,27437596705
27437772428,27438053997
27438458176,27438801944
27439126207,27439381451
27439140416,27439274729
27439795260,27440250233
27440415473,27440802778
27440458784,27440839858
27440735466,27440913079
27442033311,27442388270
27442355380,27442444764
27443080948,27443300584
27443173565,27443384676
27443270550,27443485377
27443783756,27444057287
27443808448,27444207216
27445434064,27445763853
27446314866,27447012859
27447232063,27447367379
27447251482,27447471913
27448250699,27448466219
27448652278,27448999054
27450565530,27450733510
27451611929,27452036549
27452350183,27452831550
27452500410,27452646104
27452657977,27453071068
27455093711,27455201856
27455499767,27455702861
27455557269,27455654329
27455793731,27455981821
27455825638,27456284196
27456569936,27456606282
27456774261,27457374554
27457151797,27457200224
27457336418,27457688345
27459299155,27459547363
27459461725,27459760491
27459486243,27459613669
27459600068,27460018196
27459616769,27459886841
27461211121,27461613211
27462114804,27462389341
27462145779,27462219213
27462853440,27462895743
27463137924,27463293021
27463650506,27464002987
27464232354,27464317659
27464673028,27464841011
27465344926,27465715087
27465408820,27465694134
27465717597,27466088339
27466784823,27467101157
27466892436,27467202076
27467414471,27467584670
27469575214,27470029111
27470155507,27470491161
27472613718,27473008546
27472936049,27473084973
27473458450,27473647663
27474321681,27474685081
27474726675,27474765588
27475433425,27475785696
27476441360,27476705200
27476518547,27476907537
27477380353,27477692574
27477399041,27477511537
27477531944,27477548876
27478322099,27478691007
27478566816,27478624349
27479179072,27479331717
27480698102,27480819056
27481749385,27481937609
27482169473,27482432820
27482496817,27482571831
27484481945,27484692715
27485213366,27485642808
27485275670,27485792769
27485903311,27486549850
27486404726,27486608277
27486538679,27486709164
27486559325,27486597026
27487448354,27487878920
27488424480,27488631663
27488634322,27488774698
27489065515,27489559655
27489991463,27490053139
27491050875,27491101388
27491787384,27492122324
27492402044,27492512915
27492785020,27493521372
27493619582,27493956534
27493838277,27494264911
27495067230,27495509795
27495873341,27495955779
27496450791,27496569528
27499101925,27499396892
27499652278,27500151222
27500690370,27501083905
27501142031,27501465868
27501868893,27501895073
27501872444,27502121030
27501944742,27502285121
27503627315,27503715983
27505773830,27505809176
27506478087,27506594162
27507543373,27507570956
27507729336,27507931183
27509345915,27509748623
27510124846,27510529303
27510631553,27511135084
27511019681,27511082373
27511737295,27511997128
27512418580,27512431853
27513872843,27514131235
27514942701,27515089337
27514988676,27515514406
27515191155,27515469498
27515781681,27516144057
27518695702,27518934467
27519513064,27519848508
27520720598,27521144251
27520809015,27520887959
27521144751,27521747544
27521291494,27521529928
27521332765,27521707539
27522909630,27523186695
27523458971,27523484238
27523771348,27524026207
27524028632,27524154616
27532087465,27532587815
27532913291,27533231358
27533073840,27533522326
27533545493,27533914791
27534502455,27534980235
27535737634,27535927717
27535938563,27536107292
27536791393,27537024411
27536851222,27536889105
27538489521,27538945923
27539401123,27539623617
27539657358,27539837616
27542494649,27542634045
27544456953,27544675964
27545115433,27545143517
27545158999,27545360650
27546474294,27546804142
27548246607,27548312727
27549130593,27549515762
27549639380,27549878782
27550261078,27550533653
27550376668,27550468907
27552207782,27552257808
27552660604,27553012200
27552740174,27552888140
27553045010,27553436920
27553214588,27553399796
27553611597,27553828166
27554553873,27554847164
27555773529,27556140033
27556179520,27556384959
27557399799,27557911088
27558027200,27558339233
27558121115,27558510119
27559238009,27559352591
27559944391,27560062981
27560202861,27560519009
27562182896,27562514897
27562399034,27562758999
27562869493,27563123575
27563120470,27563171359
27563199544,27563622525
27563251456,27563322773
27563613351,27563644426
27567112081,27567423526
27567259969,27567488154
27568181791,27568432923
27569334113,27569683756
27573213323,27573385157
27573880753,27574051846
27573972913,27574167472
27573981744,27574279676
27574107038,27574468525
27574324711,27574573381
27575576705,27575652663
27575617625,27575867814
27576276566,27576789601
27577238043,27577407708
27578673280,27578862812
27578907767,27579021076
27580101952,27580528536
27580235002,27580718245
27581661789,27582071698
27581730136,27581993081
27582465094,27582539895
27582639867,27583165179
27583010343,27583319733
27583153485,27583468982
27583578440,27583737422
27583945037,27584109704
27584199196,27584395228
27584314935,27584377415
27584426937,27584723992
27584877481,27585177161
27585631043,27586064196
27586953272,27587342454
27587327433,27587894114
27587914548,27588042114
27588124970,27588309686
27589113887,27589441262
27590240377,27590449419
27590911315,27590984903
27591000534,27591199750
27591464842,27591984674
27592092924,27592517864
27592936990,27593195422
27593001562,27593123767
27593155168,27593222340
27593233095,27593311948
27597129454,27597146832
27597525705,27597742272
27599561071,27599887759
27600368024,27600737079
27601205321,27601551446
27603210851,27603474152
27603500544,27603756556
27603561802,27603577989
27603578360,27603798850
27603797774,27604035452
27603924350,27604157276
27604428937,27604754683
27605060546,27605495818
27607365005,27607748033
27607880473,27608234630
27609017485,27609253697
27609333890,27609453311
27609589655,27609822890
27609898544,27610057813
27611228429,27611325880
27611411097,27611628286
27611513708,27611613373
27611603239,27611775519
27611624079,27611795337
27611635012,27611954143
27612403578,27612922503
27612805728,27613332458
27613144973,27613347775
27613319019,27613686279
27613802894,27614070995
27613867642,27614305757
27614238866,27614744976
27614810912,27615193245
27615046681,27615141645
27615734106,27615760947
27616410194,27616855167
27619371248,27619480130
27619485460,27619888740
27619858609,27620153552
27620605131,27620667010
27621341073,27621643057
27621495848,27621776304
27622035989,27622086565
27622795533,27622820084
27623922858,27624262385
27625026383,27625345896
27625209805,27625620920
27625413442,27625714214
27626044206,27626664852
27627641188,27628099788
27628123708,27628381100
27629355820,27629550068
27629620281,27629808623
27630952040,27631251156
27631208416,27631519048
27632288856,27632803872
27633469357,27633813106
27634475747,27634709253
27635136845,27635208212
27636323162,27636506868
27636727798,27636912143
27640121952,27640398416
27640215894,27640518179
27641554781,27641818631
27641601302,27641930056
27641905184,27641965429
27642031623,27642737441
27642063208,27642666953
27642234869,27642485051
27642238008,27642539291
27643497642,27644125218
27643603897,27644038879
27644074664,27644279943
27645058929,27645396052
27646077257,27646370421
27646275559,27646777176
27647282971,27647632035
27647441324,27647553843
27647555551,27647656368
27647822809,27648036551
27647915424,27648094946
27648658963,27648873081
27649101160,27649249320
27649566629,27649703217
27650141463,27650474860
27650706657,27651058358
27651446886,27651753460
27651686368,27652088054
27651952059,27651992590
27652625263,27652924768
27653680751,27654142796
27653770759,27653939878
27654320670,27654505246
27654833313,27655289736
27655088902,27655382383
27657093169,27657390963
27657378874,27657403650
27657469885,27657600264
27657471914,27657689502
27657473205,27657744791
27658047734,27658172488
27660233850,27660681542
27660484893,27660600189
27660607941,27660878339
27661740976,27662093086
27662101513,27662345989
27663174602,27663423372
27663521838,27663557688
27663779029,27663998765
27665205157,27665582680
27665299176,27665442006
27666973358,27667287339
27667200909,27667671661
27667475428,27667583415
27667600716,27667751269
27667887621,27668038704
27668420348,27668590479
27669048148,27669429262
27669583287,27670036470
27670480236,27670658734
27670807422,27670882220
27671513830,27671590980
27672356444,27672542742
27672396538,27672575088
27672803366,27673198611
27673169339,27673417512
27673233170,27673431414
27673770418,27674107212
27674481920,27674546041
27675178113,27675484504
27676785973,27677282377
27677785102,27677930425
27678184077,27678454830
27678794378,27678817655
27678948492,27679059254
27678959947,27679388591
27679272677,27679422897
27679429652,27679936318
27680303034,27680662884
27681651937,27682056798
27681837711,27681860137
27682292772,27682482915
27682376426,27682708993
27682541505,27682848305
27683677357,27684250432
27683717301,27684073154
27684223643,27684450618
27685386418,27685471893
27685435867,27685507925
27686016725,27686040258
27686141405,27686358907
27686224540,27686600150
27687197565,27687450733
27687503323,27687744807
27688561228,27688793974
27688715121,27688937695
27690007214,27690200977
27690343311,27690557241
27691207031,27691442216
27692841047,27693163783
27695202630,27695343893
27697548992,27697851062
27697800043,27698092208
27698328366,27698435938
27699777259,27699899090
27700111152,27700470909
27700591214,27700738823
27700728967,27701083741
27700837128,27701170869
27701583071,27701855188
27702031785,27702085878
27702158640,27702170025
27702211843,27702652532
27702972513,27703473844
27703462928,27703779967
27704078546,27704293243
27704568844,27704743125
27705200102,27705589077
27705468624,27705758757
27705513773,27705633125
27706791075,27706856988
27706884492,27707059076
27707854309,27708233344
27707882002,27708227952
27708919695,27709042731
27710367454,27710427727
27712272591,27712458845
27713234907,27713476640
27714268784,27714305363
27715040394,27715146676
27715343182,27715621847
27715983095,27716191512
27716346271,27716675185
27716395050,27716598077
27717067759,27717387196
27717204486,27717511765
27717253582,27717533140
27717911104,27718200333
27718225264,27718469469
27718402919,27718692166
27720942625,27721018621
27722934338,27723081442
27723374171,27723686469
27724770888,27725020120
27724949027,27725202690
27725697396,27725964867
27726739877,27726778036
27728091335,27728320901
27729109029,27729521198
27729272466,27729455857
27729676346,27730040694
27730652046,27730961706
27731248106,27731816782
27731888397,27732522702
27732527110,27732702468
27734104870,27734478888
27734810908,27735223922
27737053717,27737350156
27737904723,27738280727
27738187701,27738517390
27738283126,27738357641
27738858282,27738944068
27739016828,27739308686
27740418354,27740919111
27740927970,27741118949
27740939947,27741196402
27741140730,27741298973
27743829292,27744059967
27744357680,27744550834
27744523535,27744953341
27747285326,27747846980
27747414498,27747514380
27747761842,27748085244
27749420899,27749494046
27749493628,27749593283
27749619955,27749693287
27749891957,27750417962
27750072341,27750297502
27751021664,27751424830
27751827120,27752248964
27752671719,27753151743
27753284730,27753457236
27754242679,27754558154
27754284926,27754525364
27755463896,27755603138
27755961292,27756310050
27756159495,27756570633
27756762254,27757046089
27757295027,27757777180
27759263600,27759478371
27760037173,27760459936
27760095746,27760365423
27760889351,27761052600
27761903937,27762260168
27762528052,27762791333
27762908851,27762930228
27763891954,27764281769
27764924820,27765328330
27769687422,27770181084
27769841853,27769951590
27770307427,27770725636
27771232623,27771421125
27771654710,27772017764
27772041223,27772255561
27772642474,27772947863
27772650190,27772815099
27773224668,27773640247
27774270437,27774537402
27774885967,27774964494
27774988436,27775108458
27776036655,27776145881
27776201093,27776457324
27776559678,27776830657
27776587976,27776950411
27777734116,27777909486
27778425650,27778894917
27780095167,27780323111
27780439677,27780904188
27780764889,27780865894
27781095517,27781420052
27782974004,27783237519
27783392838,27783843720
27783538598,27783870913
27784845286,27784905344
27785856831,27786289788
27786741023,27787017383
27787025054,27787039536
27787248221,27787327860
27788295602,27788653797
27789295902,27789615050
27789633560,27790046952
27789641913,27789687088
27790048916,27790456696
27790710981,27790897190
27791497823,27791965264
27791979911,27792040116
27794229289,27794744120
27794265245,27794751744
27794688218,27794963074
27795474080,27795690087
27795519150,27795610896
27795591773,27795765139
27796318888,27796582253
27796505638,27796642001
27797874104,27798028422
27797997701,27798241304
27799037310,27799427422
27799879567,27800109510
27800758746,27800925019
27801651306,27801698449
27802171956,27802626159
27802755443,27803105651
27805318797,27805813519
27805768774,27806033091
27806029387,27806158159
27807031825,27807059123
27807332019,27807530606
27808587979,27808782898
27809114851,27809502580
27809193781,27809310811
27809237398,27809411242
27809363747,27809421403
27809446640,27809860917
27809605225,27809752070
27810212724,27810624143
27811547058,27811964766
27813374470,27813828020
27814050121,27814743328
27815610335,27816045825
27817066083,27817370017
27817487557,27817749021
27818073056,27818256676
27818299604,27818400760
27818821032,27818924384
27819143917,27819405718
27819746594,27820158960
27819859472,27820305904
27820207280,27820262644
27820590056,27820625111
27821246415,27821363953
27821382944,27821872860
27822262976,27822482427
27822505163,27822623346
27822784500,27823250798
27822850830,27822901986
27823139339,27823207069
27824670811,27825010456
27825499182,27825639261
27825613598,27826095757
27827248353,27827572238
27827418786,27827879014
27827599826,27827865184
27828134709,27828443888
27828361042,27828615358
27831017364,27831257819
27831352918,27831660331
27831559889,27831887951
27831834162,27831924873
27831955300,27832489773
27832250749,27832384415
27834012533,27834273836
27834129475,27834586361
27834334194,27834425644
27834430597,27834763951
27834591593,27834618993
27835044317,27835434302
27836105183,27836228425
27836206710,27836464809
27836330339,27836534892
27837122419,27837209613
27837467218,27837792451
27837856979,27837955615
27838800724,27839279929
27838823957,27839069439
27839271689,27839554668
27840099265,27840366493
27840445112,27840535176
27840693314,27840849536
27841700037,27841766153
27842180350,27842541922
27843806506,27844243743
27846321158,27846361641
27846684349,27846812880
27847041780,27847365009
27847111865,27847159247
27847394512,27847624694
27847460843,27847781693
27848615582,27848997201
27848850844,27849160500
27848927166,27849159250
27850793904,27851310951
27852818662,27852950219
27852880218,27853196400
27852961953,27853356009
27853846709,27853913262
27854748736,27855082942
27855074879,27855618710
27855228666,27855343617
27856256113,27856722977
27856856422,27857047603
27857655368,27857766717
27857731872,27857822316
27858871605,27859196200
27860612886,27860748537
27860722876,27861236668
27863803649,27863935250
27865111651,27865422787
27865517543,27865785236
27865865640,27866042016
27866868488,27867469863
27867709260,27868051391
27867884035,27868313634
27868120007,27868430389
27868411686,27868842669
27868901820,27869152344
27868941013,27869234205
27868961130,27869264114
27870270601,27870742428
27872466533,27872853948
27872876519,27873071377
27873131502,27873328707
27875104613,27875501212
27875422706,27875503371
27875457437,27875509660
27875767189,27876073889
27875977886,27876305175
27876162567,27876481690
27876574917,27876825330
27877690559,27878185904
27878078591,27878457184
27878731831,27879120171
27879739872,27880145145
27880677095,27880919167
27882394539,27882630156
27884641815,27884854758
27884859096,27885255572
27885832844,27886837512
27887744230,27888212674
27888435122,27888558756
27890825055,27891041937
27891584053,27891929040
27894690617,27895318640
27895353969,27895868346
27895691178,27896137587
27896293126,27896414879
27897891918,27898505042
27898270202,27898385614
27898343231,27898710944
27898661274,27899132365
27898725023,27899052750
27899010498,27899450894
27899037244,27899513482
27899607478,27899719334
27903568702,27903897015
27904504647,27904840421
27905619507,27906094188
27907742698,27908045575
27908626682,27908880736
27910694752,27911043049
27911101088,27911514681
27911747611,27912095130
27915367503,27915449338
27915484704,27916115906
27915781887,27916461115
27916559112,27917665253
27917485078,27917991058
27919324792,27919361440
27920737714,27921510156
27921746899,27921963078
27921989041,27922331892
27922580287,27922733641
27924565063,27924996404
27925998400,27926205857
27926249200,27926581366
27926551744,27927033512
27926610088,27927092242
27926628295,27926783893
27928670341,27928838262
27929393460,27929839175
27930312595,27930590474
27930676910,27931212583
27937862428,27938251312
27939767857,27939788644
27940041057,27940616677
27941213676,27941540440
27943259805,27943726178
27943778880,27944165323
27944186202,27944423024
27945557628,27945915941
27945652659,27946154864
27946489049,27946868189
27947698605,27948185483
27948221080,27948774450
27949409251,27949851717
27949581808,27950340757
27950338632,27951061149
27950821239,27951358760
27951875260,27952160278
27955260653,27955531929
27957558141,27957898622
27958034677,27958245775
27958243759,27958661343
27958633138,27959001311
27959965039,27960528258
27960473740,27960858055
27961342422,27961669334
27961960297,27963767169
27962330747,27962528685
27963288740,27963499126
27963567467,27963938708
27964120739,27964705740
27965249741,27965577956
27965313075,27965541140
27965334978,27965732571
27965757715,27965908118
27965917028,27966371185
27967707819,27968272127
27968051202,27968334457
27968989963,27969403242
27970762179,27971267565
27971901043,27971959705
27974037935,27974390999
27974263218,27974524757
27975648846,27976033893
27978308647,27978444951
27979518704,27980108877
27980162491,27980579266
27982455523,27982945523
27982824418,27983330495
27982960568,27983334115
27983500768,27984040835
27984588793,27985258191
27985029095,27985578665
27987067676,27988159582
27987324745,27987896141
27988849326,27989259828
27988920229,27989328469
27991302196,27991801437
27991457363,27992169562
27992558521,27993277014
28002447201,28003103400
28003830510,28004262495
28004236482,28004533400
28004672417,28004870875
28005490469,28005987427
28008473962,28009070309
28009234376,28009310137
28009457031,28010076620
28010128670,28010733278
28012593908,28013174215
28013027366,28013502517
28013388965,28013600623
28014127177,28014392752
28014249884,28014989253
28015989645,28016296973
28017046652,28017582662
28018006447,28018113427
28018452827,28018921588
28018688969,28018846175
28018890455,28019414152
28018937666,28019523411
28019259220,28019870025
28019467634,28019900782
28019541053,28019718424
28019874304,28020371217
28020128626,28020464468
28021292904,28021657410
28021582729,28022136778
28023441373,28023992439
28024265305,28024379870
28025234894,28025436339
28025778887,28026455980
28027149980,28027661410
28029963832,28030479075
28031164273,28031775783
28032328307,28032546533
28033057494,28033424631
28033206308,28033509636
28033423430,28033624269
28035183062,28035661609
28036375664,28036800539
28036464434,28036583385
28037752825,28037816797
28038594474,28038833443
28040233932,28040749390
28042289386,28042796622
28044998948,28045330657
28045634212,28046254058
28047995538,28048426659
28048276300,28048553816
28051712125,28052112088
28052044677,28052503747
28052234197,28052897118
28054609623,28055177704
28054995384,28055551726
28055337845,28055770405
28057478161,28057871412
28058630849,28059093899
28060054389,28062605341
28061814650,28062115435
28063505573,28064230322
28064745708,28065478506
28067092701,28067501775
28067878437,28068365359
28068721667,28068975888
28069792710,28070290848
28070075630,28070532059
28072209228,28072360166
28072251297,28072567612
28074973316,28075804574
28075447378,28076391701
28076495147,28077368322
28076721633,28077307328
28079625538,28080183428
28081050044,28081597366
28081237488,28081785529
28082001953,28082147623
28082004568,28082311647
28082735054,28083227395
28085954601,28086069600
28086180099,28086695345
28086188843,28086812509
28087584403,28088006732
28088051923,28088161222
28092443314,28092695103
28094269978,28094916332
28095911042,28096034533
28096083370,28096665312
28096981534,28097569311
28099691022,28099782830
28100768788,28101347027
28103153460,28103815626
28104576306,28105028477
28107237561,28107474552
28109033457,28109615559
28110473074,28110989411
28111432039,28111782733
28111933920,28112507098
28113214241,28114098585
28113757410,28114303038
28115279443,28115840824
28117906291,28118247618
28118098610,28118998722
28119689677,28119814545
28120787834,28120981717
28121762453,28122136065
28123013627,28123713469
28123392683,28123922173
28123500453,28124093638
28124409515,28124819991
28125308603,28125487667
28125391731,28125677672
28127041323,28127648898
28127591630,28128229232
28127878759,28128426543
28128296757,28128705841
28134974514,28135818502
28137314698,28137575412
28137399962,28137813667
28137854866,28138610880
28138472521,28138714931
28139473809,28140104732
28140518201,28140945648
28142352204,28143095087
28142844464,28143536502
28143238807,28143916029
28144545392,28144590925
28152675956,28153338727
28154150411,28154526038
28154662469,28155456618
28155748301,28156246122
28157896973,28158319835
28158227026,28158581220
28162047482,28162536949
28163301582,28163765348
28163959055,28164252607
28164413519,28165104580
28165407171,28165818932
28165791165,28166031004
28166863842,28167309497
28170130146,28170775144
28170316576,28170863210
28170987698,28171544698
28175753400,28176544950
28176722700,28177335437
28177071604,28177519809
28177934176,28178402415
28179175509,28179522884
28180283050,28180470876
28181954335,28182268190
28182814120,28183267434
28183663548,28184300829
28187074762,28187286277
28188178981,28188756328
28188339381,28188587068
28189794756,28190323647
28190192142,28190948544
28191347347,28192052982
28192428749,28193224429
28194389073,28194811068
28194703629,28195156945
28195464463,28195846219
28197799094,28197987436
28201044611,28201273493
28201815403,28202277078
28202813472,28203599730
28204830095,28205236047
28205722703,28206745495
28206858963,28207100479
28206866159,28207315381
28208250181,28208522868
28209676301,28210063488
28211571497,28212050459
28217965181,28218510927
28218957025,28219086373
28220576974,28220931492
28222126992,28222985881
28222953831,28223524872
28223427266,28224282835
28225335933,28225565255
28226204347,28226472441
28226474467,28227341352
28226709719,28227390115
28227414516,28227894100
28228517851,28229587232
28229759754,28230313752
28230345988,28231456400
28231095016,28231984628
28231986802,28232906310
28234314130,28235278405
28235200779,28236083841
28242514295,28243143140
28246217585,28247003977
28247942841,28248698393
28255289682,28256128652
28255831278,28256566597
28257038346,28257079290
28258447386,28258784002
28259597527,28260115844
28262142757,28262919276
28264373362,28264528533
28267316763,28267926180
28268633097,28268836162
28268855944,28269145365
28269117952,28269851710
28269276906,28269800701
28272170464,28272848816
28275253272,28276044099
28275742459,28276728047
28276048452,28276783015
28276733835,28277746726
28277750344,28278253210
28277913339,28278592962
28279161477,28279641779
28279168968,28279799373
28282833686,28283133285
28284305727,28284508635
28284898311,28285382802
28286244742,28286550747
28287080377,28287669388
28287103126,28287855692
28287892484,28288221696
28289785312,28290376881
28290411518,28291166705
28292304863,28293356169
28292757337,28293169004
28292792717,28293578221
28292847000,28293385576
28297672793,28298577527
28297955504,28300669954
28299194404,28299406858
28300471148,28300910856
28300927648,28301529863
28302163730,28302609268
28304501491,28304608376
28304694665,28305430048
28307017058,28307803200
28308445166,28309040461
28308583913,28309066657
28309283428,28309870039
28310595730,28311313043
28312174685,28312738553
28312895081,28313706449
28313749265,28314192862
28313977975,28314883998
28314891283,28315990523
28320688139,28321432631
28321996016,28322364338
28322655136,28323018223
28324746840,28325844728
28325603639,28326070175
28328414760,28329217497
28330086092,28330850262
28330266595,28331432591
28330892910,28331439186
28331773631,28332604885
28342070811,28342152609
28342226973,28342958186
28342977171,28343169481
28344884444,28345556826
28345038138,28345381571
28347676040,28347838943
28351801598,28352339756
28351823251,28352536900
28352357299,28352988805
28354271952,28355063249
28355569194,28356250318
28356243306,28356866156
28357228605,28358320525
28361228666,28361951955
28362674356,28363232316
28365205775,28366278426
28368484783,28369382455
28373735770,28374519588
28376454384,28377543376
28376964975,28378020888
28377079256,28379260720
28384698201,28385646123
28387958667,28388368649
28389428077,28390435574
28392802050,28393902144
28393124516,28393357443
28397094178,28399068106
28397108988,28398279638
28398886660,28399803313
28399222366,28399418653
28399579668,28400281106
28399736316,28400679304
28404357276,28404680856
28405509161,28405989946
28409139803,28409671624
28411934497,28412246606
28415349136,28416396895
28415732126,28416187507
28415903257,28416803226
28416192415,28416994254
28416350423,28416946799
28416979696,28418032662
28417877937,28418851942
28427208606,28428416645
28427232013,28428076725
28427801714,28428743675
28429527639,28430369994
28433773658,28434356311
28433785979,28434337157
28435200592,28436402165
28437594396,28438241077
28439386066,28439455128
28439742624,28440269259
28440639813,28441037539
28443856420,28444541133
28445850636,28446851911
28450273265,28450816606
28455202906,28455979607
28455411939,28456284801
28457120149,28458522895
28459779625,28460698665
28462848019,28463626441
28468842703,28470581566
28470296252,28470716824
28470482883,28471244617
28471978482,28472845013
28474067409,28474807711
28475715565,28476213980
28477142387,28477847856
28485345338,28485633440
28485734225,28486596570
28486027515,28486286592
28486230097,28487051968
28487656777,28488763312
28489218673,28490288254
28490391989,28490663166
28491206215,28492146588
28492326241,28492629431
28492586707,28493859378
28493863120,28494726080
28495741442,28496364382
28497143503,28497857626
28497419037,28498822153
28497422037,28498194656
28498671231,28499643699
28499647782,28501222817
28503255065,28503520402
28503373169,28504259037
28506927070,28507505523
28508305200,28509549748
28508959525,28511387575
28510246796,28511504947
28514347465,28514789456
28516594442,28517495107
28520270323,28521866891
28521895462,28522838557
28522097359,28522529721
28523868903,28524785628
28524977953,28526617011
28525053488,28528498182
28530426384,28531604842
28532218905,28533234244
28533957247,28535400815
28537268059,28538692320
28547582455,28548307132
28550540377,28551325301
28554733700,28556390063
28556771567,28557980400
28564397326,28565660031
28569234152,28569597742
28571902921,28572573024
28572642094,28573466363
28574054231,28574788934
28574182628,28574819977
28577846228,28578268544
28578110283,28578798384
28582515929,28583377356
28586285663,28587787780
28594107370,28594501261
28601083161,28601550135
28602097464,28603239944
28602933403,28603474348
28605033961,28606166555
28605893591,28606731117
28607638267,28608388836
28611279717,28612846334
28613221855,28613715647
28616353967,28617450804
28617838608,28618918914
28618562063,28618838612
28625224769,28626411362
28627359906,28627589122
28628323841,28628776486
28629559147,28630070488
28629997958,28630460167
28630073562,28630452179
28635206959,28635416624
28642576699,28643346275
28642600737,28643508659
28643175422,28644502456
28645248718,28645883990
28646610147,28647117796
28647430140,28648324224
28647564771,28647964657
28651851415,28652334886
28652685356,28653288973
28652928489,28654366135
28652943995,28654582110
28654835972,28655176305
28656290187,28657270005
28656626345,28657499925
28659145741,28659855394
28659613918,28660366555
28661299844,28662857490
28662579070,28662717947
28665030450,28666004241
28665213320,28666594961
28666531559,28666959018
28668489873,28668744922
28670473842,28671157794
28670524367,28671941959
28670595989,28671658263
28673747179,28674155824
28673929515,28674697894
28677708971,28678713094
28679074753,28679849807
28679740916,28680391552
28681545753,28682032094
28686086462,28687290147
28686499494,28686694696
28690089421,28691445500
28690840618,28691335378
28691377757,28692481993
28696846572,28697396208
28696911167,28697237018
28698271936,28698322960
28699053690,28700250640
28699758644,28700422226
28702616439,28703457904
28702735961,28702828428
28705723629,28705922566
28705931477,28706659728
28709711991,28710109715
28710752580,28711606781
28711198556,28711440569
28713434328,28714639957
28717437345,28718770024
28719649200,28721005390
28719840047,28720640344
28721017945,28721921157
28722206696,28723464778
28724015374,28725040816
28724361141,28725336547
28725683173,28726292335
28726955998,28727573035
28731550272,28732518353
28736070240,28737528512
28736495961,28737142705
28738756592,28739351114
28739956034,28740693730
28739961710,28741089309
28741349782,28742150004
28748954841,28750009061
28749756152,28750140499
28749828422,28751184906
28750106505,28751571488
28750648441,28751117182
28752517089,28753318937
28753584732,28754162003
28755158281,28756258131
28758142600,28758903205
28760600063,28761458690
28760723443,28761680626
28761244843,28762080515
28763143902,28764686310
28764608518,28765375203
28766559751,28767755408
28772768056,28773880400
28773042276,28773363079
28783312275,28784491962
28792398257,28793337350
28793689637,28794730594
28796261459,28797060134
28798901442,28799204899
28799072192,28800297897
28800612509,28801306149
28802595558,28803333766
28808612950,28808781415
28809918746,28810786009
28810731934,28811745919
28811750526,28811893704
28812605508,28813289079
28812843835,28813489670
28816007095,28816498180
28823470818,28825319991
28826895130,28827923949
28834245540,28835392857
28835579897,28835669844
28839352965,28840142262
28839926136,28840588111
28847533597,28848325296
28849301513,28850109615
28851583606,28851740357
28853013903,28853493743
28853734789,28855174842
28854174521,28854587753
28854602286,28855912064
28859325060,28859846808
28859615247,28860760032
28860381555,28860547100
28860814956,28861429324
28866443852,28867361994
28867097930,28868129555
28868133103,28868737819
28871060146,28871844375
28871847111,28872767341
28877609810,28878517471
28878083054,28878842660
28879574270,28880013150
28880644797,28881235116
28880827039,28881480806
28881246111,28881721721
28882461606,28883620049
28883245160,28884458624
28886339308,28887072364
28886361511,28886810955
28887849520,28888587340
28889331678,28890055009
28890345226,28890881647
28890612434,28890956584
28891399967,28892387125
28895372300,28895633394
28895990576,28897218125
28909739480,28912648004
28910227842,28910737222
28910749827,28911021626
28911724093,28912069264
28914627539,28915356880
28916576828,28917961176
28925185079,28925692928
28932486427,28933173970
28932919137,28933841204
28932965980,28934001277
28933845247,28935002032
28933929250,28934261836
28935741947,28935948444
28940496504,28940897902
28940580190,28940851337
28941700209,28942773111
28943538720,28944854746
28944071938,28944505299
28946390302,28947751668
28948704601,28949848010
28950222321,28950826819
28954553876,28954876677
28954624479,28955792108
28954760638,28955948604
28954822331,28955550669
28956854972,28958296966
28958922051,28959845933
28960530175,28961257104
28961386664,28962257502
28966427258,28967557530
28971867163,28972988478
28973467793,28974759423
28974417506,28975015383
28978705877,28980253685
28982127099,28982856193
28983542336,28984562739
28983680726,28984742008
28986057089,28987233589
28991743545,28992600041
28993194409,28993463983
28993257987,28994065171
28993544562,28994526435
28993853266,28995251797
28994096942,28994815502
28994823009,28995580153
28996082360,28997245049
28999966660,29000845443
29003253561,29004015967
29006752993,29007247770
29008435291,29009578188
29008710254,29010104082
29009729381,29010602053
29010252756,29010645637
29012561525,29012959386
29017741612,29019080693
29019106067,29021199272
29020391427,29020557279
29021190242,29021998223
29024313015,29024834939
29024357636,29024718284
29027690871,29028473924
29029850975,29030964823
29029932619,29030892593
29031580436,29031869928
29032746149,29046129773
29035149536,29035503374
29036773390,29037860648
29040618577,29041130542
29046147052,29047020472
29047693984,29048653720
29048721764,29049023583
29048944291,29050193271
29050933173,29051322611
29053807036,29054903461
29054931782,29056044932
29055452915,29055920547
29061852502,29062779427
29061904827,29062789002
29063044303,29063454542
29066738553,29067819991
29073362959,29073568391
29076063046,29076380173
29079985958,29080059625
29084279374,29084760323
29084563244,29085688407
29097397304,29099350088
29100936278,29101736313
29101740609,29102941093
29102055348,29102895544
29108675124,29109020094
29110072567,29110689197
29110414914,29110789496
29113265599,29113964996
29116998904,29118179209
29117980436,29118328266
29125801835,29126161549
29128137422,29128796351
29134510601,29134809102
29134822046,29135767515
29135328830,29135954819
29136012415,29137037647
29138908064,29139534512
29139096678,29139731859
29142045430,29142731881
29144743060,29145592466
29145884066,29146580406
29147440500,29148028621
29148779357,29151203903
29149096174,29149244196
29149220376,29150221963
29151886755,29153007012
29153333373,29154569548
29156449460,29156755573
29156862800,29157309381
29159384046,29160028205
29160822500,29161430811
29161720386,29162523217
29162685140,29163163981
29164178200,29165216347
29164302548,29165147778
29167241699,29168009592
29169268207,29169628414
29171539935,29172061352
29174526868,29175491458
29174595268,29175416487
29176431074,29177627446
29177311841,29177631886
29178624209,29178739685
29179676104,29180595371
29180446458,29181218331
29180710121,29181143011
29184743495,29185098083
29186033285,29186949643
29188504067,29189215732
29189498830,29190261400
29192085960,29192281803
29192617712,29193384176
29195336358,29196109946
29195469837,29195770758
29200494786,29200703364
29201260596,29201878064
29206446079,29207802777
29207223174,29207823015
29208648858,29209642621
29209794907,29210544905
29213018745,29213315099
29214167640,29215203579
29215569501,29216522352
29216947441,29217867570
29218335433,29219020410
29222046685,29222603382
29223241083,29223919404
29225202134,29226848807
29239354941,29239964910
29240719350,29241590152
29241599160,29242258455
29246206490,29246358323
29246512835,29247167070
29250097080,29251422491
29255023061,29255135696
29256294901,29257191210
29256554380,29256764973
29259408606,29260322562
29259938903,29261224585
29261050681,29261894299
29262335619,29262662198
29262946934,29263686293
29264661289,29265496889
29265746272,29266538050
29267626792,29268654123
29268678166,29269282864
29270191273,29270986880
29274185634,29274558004
29274982199,29276146082
29275601409,29276748072
29276126296,29276811405
29276284155,29276945693
29277666666,29278277325
29281558488,29282192828
29283942434,29284534657
29287095085,29287626740
29287250136,29287624116
29293394704,29294206883
29297495459,29297646929
29298928603,29299137216
29298956784,29299812615
29303377367,29304214216
29307173796,29307726410
29307594620,29308169106
29312071489,29312838393
29314688431,29315240948
29316377945,29316562175
29319651729,29320731520
29319925670,29320935153
29322099567,29322951161
29324509402,29324888347
29325320922,29326204574
29328570469,29329141445
29330673359,29330726038
29333276031,29333673705
29333276699,29333694613
29337614453,29338223595
29338882416,29341638555
29340205824,29341078631
29340285850,29340780262
29345512156,29346099091
29348426004,29349269924
29350377719,29350780952
29351817478,29352658923
29353363795,29353736987
29354117425,29354549211
29355135833,29355463742
29369069760,29369902833
29372217754,29373420239
29374473299,29375321038
29379280321,29379469105
29379695595,29380228648
29380704386,29381200584
29381534275,29382266235
29382707636,29383455666
29386342782,29387527460
29392781782,29393469929
29393566304,29395014971
29395188754,29395784569
29396605885,29397102687
29398875199,29398984049
29399549709,29399935954
29403093301,29403915766
29404059746,29405414676
29404805799,29405740893
29407912384,29408508443
29408674086,29409702732
29409088874,29409748764
29413772396,29414792596
29413992545,29414992562
29417253570,29417811129
29417902917,29418740316
29419392502,29419706232
29419733296,29420712518
29420737661,29421103546
29421141990,29421939922
29421753848,29422452229
29422862056,29423178005
29425506533,29426169861
29426174889,29427076213
29426178527,29426705420
29431499312,29432593560
29433052168,29433146338
29434158379,29435020514
29438106301,29438909457
29440366365,29440798484
29440832377,29441112294
29444179711,29444588327
29445395104,29446501591
29449417733,29449938308
29449912304,29450375378
29450020774,29451209605
29451953533,29453162620
29452487299,29453131471
29453167090,29454130062
29453240289,29453964632
29454747865,29454885978
29457284223,29457869821
29458561632,29459389078
29460646229,29461368066
29460855445,29461211889
29462680747,29463191867
29463712977,29464544871
29465069906,29465494435
29466720322,29467339332
29467271661,29467415790
29471426415,29472275564
29471732999,29472752403
29472037911,29473098015
29476069748,29476708677
29476559975,29476656602
29476721481,29477443847
29477227638,29477528966
29479299116,29479532365
29480072458,29481081471
29481126850,29481273628
29482290460,29482916917
29482835329,29483625016
29482960052,29483489997
29483335052,29484317628
29500871130,29501471958
29502522299,29504863170
29509811016,29510506508
29510158104,29510301993
29514168259,29515358821
29520956152,29521728907
29521812427,29521888766
29525449968,29526399655
29526782560,29527147592
29527071067,29527650419
29527585134,29528217815
29527710460,29528193221
29530863557,29531436671
29531560628,29532324818
29532740515,29534122583
29533730617,29534838335
29537928226,29538038963
29539768006,29540029558
29540424667,29541178945
29542160408,29542794397
29543517281,29544041101
29544896043,29546008535
29545855988,29546798945
29549616529,29550384139
29551073874,29551838098
29551450013,29551744646
29553606224,29554490534
29555173999,29555790729
29556389470,29556851350
29557199166,29557986795
29557612161,29558476380
29559088337,29559984214
29562009233,29562207405
29563211422,29563246487
29563736873,29564503858
29564513365,29564882207
29566057471,29566365064
29566585380,29567062600
29566997064,29568182201
29568569555,29569844149
29571900114,29572736155
29573406106,29573523532
29576338652,29576671345
29576821527,29578203753
29578215557,29578750705
29578380851,29579262746
29578753718,29579446225
29578907446,29580128438
29579449782,29580065370
29580311365,29580895828
29580354083,29580517914
29581255606,29581567164
29581963667,29582945347
29582944634,29584343692
29585497424,29585641922
29587427294,29587812830
29588731236,29589938469
29597899359,29598735050
29597942477,29598806112
29598615484,29599327613
29599119106,29599787132
29601156259,29601569675
29601413211,29602371706
29601614960,29602564428
29602875026,29603709392
29604251419,29605592569
29608647427,29609145595
29609223853,29609639547
29609953332,29610739247
29610742093,29611626365
29614733055,29615293819
29616519966,29616814640
29617557866,29618822876
29617625188,29618612801
29619329863,29620067911
29619468507,29620380031
29619834263,29620265986
29620242839,29620883704
29621825757,29622616582
29622038682,29622137993
29625192976,29626264302
29625625765,29626812620
29627788785,29628155122
29628401960,29629345699
29629613747,29630543783
29630752617,29631415984
29632548421,29633229439
29634535523,29635195202
29638041116,29639094716
29638518639,29640201328
29639727158,29641026045
29641323273,29641720390
29642920644,29643548068
29643413478,29643739298
29645214116,29645641476
29646503749,29647441876
29649598475,29650315908
29652717154,29653488219
29654811992,29656093979
29654977348,29656429625
29656147870,29657314071
29659287135,29659964924
29659418812,29659555174
29659522780,29659898198
29660982663,29661384201
29661790774,29662638745
29668417984,29669228927
29671860157,29672539962
29672656012,29673244267
29673720520,29674677576
29674682200,29675770246
29675805853,29676833682
29677213856,29677608600
29681235770,29681682424
29681297111,29681517329
29685240675,29686172925
29690611877,29691323893
29692218146,29692911530
29695041311,29695807901
29695109059,29695484039
29695203006,29695697004
29697085089,29697456046
29697114496,29697927505
29704303108,29705019756
29705216952,29705434281
29705473542,29705596208
29707455049,29707890649
29709912316,29711470423
29710375484,29711240666
29712038921,29713113420
29712348007,29712702601
29714750382,29715026390
29715797779,29716828882
29720422751,29721089741
29720435174,29720728143
29720654847,29721296223
29721305536,29722046201
29723786476,29725253804
29733529288,29734631880
29737881537,29738257443
29738019828,29738215528
29738309578,29738614998
29740630987,29741194400
29741467675,29742165562
29744526546,29745305592
29744857697,29745714136
29745096129,29745941188
29746607564,29747723801
29749301819,29750838386
29753383427,29753682816
29754065881,29754173642
29756797107,29757815650
29764950167,29766103197
29766071569,29766644329
29770271794,29770322959
29771979716,29772217105
29773265364,29774039316
29776321115,29777236163
29778919013,29779851323
29780696670,29781823802
29783441471,29784931457
29790734717,29791143894
29792437310,29793017466
29799020635,29800155227
29799898743,29800453706
29802509219,29802769795
29806512738,29807842719
29808483333,29809173098
29811237544,29812579911
29814289477,29814371750
29815455683,29816781769
29818839330,29819694516
29819626037,29820376987
29820219636,29820542246
29820940947,29821933494
29821208272,29821617956
29826687827,29826991053
29827443284,29828425115
29828802060,29829703464
29829088438,29829581915
29831877393,29832262640
29833543754,29834314632
29833640670,29835082848
29837330693,29837818511
29839834675,29840230585
29840772732,29841442247
29843576916,29844731483
29846891005,29847608269
29846956520,29847924502
29849104359,29849273562
29855015274,29856144487
29858102613,29858304303
29861181659,29861957195
29862201679,29862856464
29863166747,29863987328
29863256223,29864645619
29864872682,29865190364
29866086546,29866721350
29867936786,29868247115
29872423241,29873453049
29875531711,29876280269
29876337068,29876909587
29877700304,29878724061
29878244305,29878952061
29878436958,29879477781
29879558938,29879773951
29881116282,29881644285
29883391467,29884443058
29883537742,29884205370
29890162148,29891052558
29891118530,29891402261
29892881079,29893574964
29897122055,29898473050
29898254053,29898870932
29899209747,29900367757
29903211632,29903933152
29904931983,29906885506
29905214176,29906041907
29907239902,29908295538
29910353366,29910987525
29910365379,29910714211
29911465577,29912879658
29913384431,29914190087
29915086422,29915305275
29916627399,29916723305
29917312138,29917854400
29919549749,29919809803
29920912594,29922683280
29923218273,29924003296
29923574815,29924205694
29923716267,29923982260
29925285141,29925800949
29926256848,29926610462
29930340663,29931697090
29933323635,29934670648
29935797539,29936678198
29938507260,29938889070
29939909530,29940690521
29941363873,29942191450
29942558598,29943803085
29946145928,29946986682
29946423427,29947054389
29947023125,29947682704
29949512327,29950484637
29952663025,29953671558
29952964147,29953893892
29955889165,29956179492
29956072849,29956536375
29961087135,29961848786
29962409091,29963014221
29964942216,29965404907
29968307384,29968805147
29972683523,29973011468
29977025022,29978183110
29980583358,29981394929
29982163885,29983314844
29983316848,29983376366
29986365750,29987346878
29988736854,29989274018
29994477253,29995196135
29995762993,29996095673
29996125325,29996540789
30000938222,30002038316
30002770587,30003339779
30003759471,30004297180
30005544361,30006814198
30007203001,30007278539
30007513883,30008649908
30008082659,30009076826
30011322239,30011789674
30012832324,30013579483
30015039441,30015981098
30016298531,30016950504
30021784430,30023187518
30021896612,30022501270
30022638373,30024179499
