start_ns,end_ns
613544,2489293
6571173,7285886
6948368,7974926
7611923,9300714
17653133,18220840
18242937,18533071
18625335,18658258
18921555,19931581
19606650,19938862
26583996,27479274
27847451,29224518
29258106,29603593
29697609,30822420
33268328,33495284
33851983,34595376
34420336,35472327
35382221,35770934
35483945,36798879
35784248,35929002
36203743,36312084
37772982,37866836
38848544,39494263
39756291,40468888
41368614,42274053
44202962,44418511
44578310,45557782
44834679,45023364
44886657,45599115
46261745,47473382
48943728,50429454
49441684,50169067
51561138,52079241
52058727,52979082
56882269,58227018
57693782,58248484
61680405,62238135
62133352,63292743
62326183,62901986
68105253,68223010
68879675,69547089
71160514,71723946
76848901,77627800
77651077,77831866
77707085,78748833
78434183,78655506
78780645,78895684
79799599,80132454
79841578,79910561
80906015,81119036
83795628,84108945
85057190,85307980
88525537,88795952
91964873,92505837
92253831,92826329
92773062,93219414
94858334,95836296
95773830,96415747
98833448,99151325
99449465,100046002
104466209,105367206
104517790,105404966
106174948,106425467
106596796,107390901
107351270,107441689
107685342,108956946
108577717,108982910
112449289,113045758
114129397,114337861
114662785,115542166
115591493,115840074
115988502,116522372
116008790,116203606
116569696,117028144
117389761,117521173
118207237,118246632
118248924,118344159
118876418,119059055
120287118,120497539
121042320,121174317
122031770,122255111
122264540,122562054
124913202,125711737
126930172,127110213
130832014,131630925
131457729,131977868
132405530,132437451
132664076,132707457
136126780,136674109
136259195,136535803
136790177,137209667
139485707,139915711
140926255,141208581
143419506,143641853
143737854,144536476
144386462,144926991
145773086,145871724
146844361,147269772
147582407,147961690
147617954,148286485
149276720,149802430
150009461,150050661
150102598,150246585
151175969,151490697
152096040,152640842
152219585,152264772
152988944,153114130
153600226,154065634
154243669,154413625
154611473,154657907
155788287,156358476
156795282,157412418
157411137,157786856
157856078,158116616
158090668,158596667
158117955,158529152
159320541,160063807
161524542,161970953
161531552,161765539
163105111,163353686
163390507,163651415
164087822,164115520
166085191,166481705
166634435,166801016
166834545,167176737
166859240,167628105
169635736,169668959
169685814,169768299
173115216,173223704
173286660,173853680
175171412,176215327
176734659,177390083
176767133,177136432
180309960,180587471
183374836,183952265
184109894,184496140
184555541,184856029
184649993,185124636
184876357,185066959
185907678,186188237
186403613,186733893
187471617,187789103
187752666,188137879
187818351,188105424
188131085,188327404
190692834,190752351
192041140,192363527
192408740,192517224
192617743,192893221
192951768,193659642
193231740,193556041
193570928,194160465
193850633,194151737
194180409,194681325
194862191,195256992
200143887,200191343
200582007,201022197
200681377,201037358
200886245,201227053
201426433,201597080
202708435,203427777
204223843,204642298
204756640,205036197
207344607,207392871
207473989,208157127
207831752,208125820
208009134,208426773
208301619,208599537
208791969,209365820
212164358,212322051
216208247,216258015
216642156,217106187
217540333,218059751
219237712,219691911
221098838,221438259
223367576,223870516
224519054,224575864
224813815,224937655
225059923,225512663
226140727,226524778
227798495,228212427
228014158,228400449
228702758,228998962
230149694,230456406
230561040,230871477
233009328,233109077
233218957,233339750
233651416,233937896
233958513,234474700
236321769,236696138
238640590,238932885
239549011,239704132
241367560,241608457
241712792,242107088
241962213,242179777
242109178,242413019
243018858,243359475
243149168,243502369
243444152,243752457
244283687,244479882
247180211,247338631
247956827,248223367
247978319,248261427
248018145,248226060
248105653,248492436
248508602,248632742
248523697,248846996
249134249,249534852
249541772,249911438
250496290,250813979
251706589,252109563
251724605,252130001
253054981,253565692
253266393,253625233
253581799,253721253
254602500,255101952
255343954,255451715
256025100,256477253
256447927,256527146
256538467,257033889
259410439,259522179
259754680,260030674
261101989,261436453
262396179,262655143
264233290,264458497
265503800,265970159
265918991,266229295
266860835,267059589
267278722,267801126
268258304,268683688
268648458,269259223
270815612,271069239
270932231,271238964
271258522,271281967
271260137,271845082
272321917,272500081
273385912,273963217
273949328,273973773
275076150,275175437
277086324,277623783
277105186,277251541
277338373,277981492
281068106,281336663
281432218,281826261
281772809,282376242
282912971,283505009
283669411,284050814
284059629,284345664
285272105,285703350
285420981,285717314
285432513,285621180
285734967,286349049
285974529,286355451
286379527,286538838
286382146,286720874
288078894,288575043
292154300,292295766
292674001,293210869
294823647,295222427
295783286,296167164
296410439,296814862
296824777,297053873
296856354,297108566
297214475,297563048
297675362,298165263
298261554,298358210
298513987,298812800
299984666,300148743
300173635,300903261
302099547,302260354
303168526,303439356
305218380,305329004
307231969,307402363
307963205,308397945
309297638,309440910
309422748,309869326
313498393,314094786
314217616,314600585
315529798,316217415
316379110,316665648
317571972,317694322
317741962,317923958
318146077,318669761
318449496,318612978
319282913,319548298
319662741,320196932
320564224,320931891
321462367,321768140
324230545,324712269
324787702,324850406
324879979,325494876
325159572,325491539
328156118,328334404
328315256,328383508
330308573,330690645
330780180,331379100
330938574,331915189
331391290,331879676
331677139,331811482
332813335,333056464
335411836,335662948
337513349,337671964
337831370,338033392
338037871,338223025
341615784,341810151
341713099,341851333
342172653,342376042
342491893,342989859
342527378,342603148
342784495,343111268
342808513,343143458
343915620,344193588
344031000,344565886
344973005,345385845
346408033,346681530
347698370,347968490
347760548,347828856
348059875,348676154
348082056,348712289
349645472,350148908
349948931,350211282
350001920,350556589
350481112,350683078
352126188,352684601
352535439,353149305
352961339,353514204
353996336,354154709
356322444,356954597
357082954,357696752
360568079,360887167
360911608,361249556
361379678,361922125
361920629,362267940
363125548,363609634
363176372,363701154
364566541,364833870
365426437,365549720
365856922,366167364
366914771,367091621
367230653,367995303
367705934,367942395
369037050,369124608
369219676,369432018
370912067,370957079
371277731,371868139
374145420,374499128
376099272,376331758
377232279,377479316
377610882,377883916
381769975,381809473
382022612,382253804
383181622,383383327
383429616,383930740
385548637,385710197
385988196,386112044
386119482,386187097
387269022,387681707
387914174,387955989
388017627,388378101
388382148,388773718
389031258,389694610
389502097,389871736
389536511,389857870
390470575,390883186
390542283,391101246
392499088,392697460
394179672,394718285
395661042,395932014
399416899,399588122
399942325,400086617
400694739,400710453
400787616,400843626
401693234,402623049
402571560,403060660
405695022,406069355
407566392,407937319
408520805,408719207
410046672,410336478
410325316,410952982
410425841,410802216
412195685,412248496
414335996,414826484
414829467,414901744
416397117,417061530
417043974,417261055
417279406,417865910
418160792,418585548
421583624,421794096
421853360,422008629
423119470,423688798
424001225,424030710
424116933,424707361
425675179,426034483
427015632,427244773
428747328,428997859
429909286,430036076
431042450,431226483
431072407,431345969
431253137,431947628
431434824,431880383
431527708,431583354
432207349,432524044
433050309,433656501
434914437,435006368
436364709,436554575
439225498,439258475
439916794,440128807
440131426,440372038
440543230,440659411
442057661,442539135
442261256,442659074
444425848,444698291
444972582,445514649
445740551,446117326
446483013,446809492
446644535,446846736
446667048,446808999
448247082,448349751
448694432,448843985
449542896,450170394
451108768,451620850
451734353,451865614
452020661,452304233
452070590,452465586
452383062,452504256
452513229,452606424
453038744,453139039
455296819,455342687
456511720,456780420
457157099,457455036
457162866,457227220
457620250,457981850
458044749,458415479
458918318,459187587
460310655,460810910
460793753,461225076
460813491,460942860
460959863,461121468
461299494,461419940
463537989,463957552
463570651,463949922
464267634,464875856
465791218,466187722
466021480,466490551
466922282,467087314
467264944,467532799
467733408,467848660
468153487,468546564
468316128,468367767
469581718,470042197
470221027,470323707
471582229,471944903
472874168,473237243
473137246,473792184
475741332,476476193
476481153,476721015
476607545,477380530
476840454,477714288
477030144,477711131
477071858,477660115
478375947,478668189
479996872,480387159
480387187,480419720
480523829,480686175
480814620,481008509
483331351,483722533
483798217,484162031
484330456,484470581
485604746,485841173
486000456,486523386
487210325,487513127
488225928,488253892
488570691,488856658
488657125,488862674
488875598,489188289
490351963,490513639
492065970,492437592
492633893,492864661
494723786,495167202
494806592,494951682
494846575,495155924
494902365,495285379
495361925,495988829
498580364,498976703
499680564,499794729
500818748,501367667
501783436,501839412
501918298,502242651
502846000,503532823
503656148,504277872
503905366,504349486
504287187,504458493
504718481,505109759
505111699,505252252
505915038,506586054
506094251,506305379
506588268,506969935
506645439,506964836
506707923,507220189
507341083,507744184
507920425,508212387
510226273,510400439
511814328,512207098
514949361,515381178
515583938,515691611
515698517,516449214
516852462,517146307
517612064,517758602
517923077,518177273
518598266,519115693
518733241,519018607
519607940,519973334
519910046,520240760
520770110,521239626
521330536,521369037
521385243,521739533
521490471,521750376
523218258,523724532
523254271,523752829
523284121,523347085
523922253,524243507
524130596,524429482
526396077,526718354
528227654,528749488
528950705,529364002
529632128,529993621
530650317,530791675
531197061,531902437
532107324,532232811
532220923,532435276
533954926,534133737
537951589,537970773
539001099,539347213
539121528,539658307
539148986,539558567
540018893,540387076
540425145,540472163
542106754,542175767
544218900,544747562
545042309,545251574
546657044,547280753
548454020,548658758
548831977,548900893
550369348,550710983
551337066,551819542
551668183,552031136
551832834,552080622
552271944,552524799
552330055,552617326
552856525,553030363
555273354,555424612
555902618,556410820
558119160,558391119
558630527,558974212
558678866,559074865
560521606,560853178
561129700,561300307
561319585,561360368
562633816,563166814
563536482,563601906
564121016,564521521
564227584,564912617
564449654,564699392
564792331,565124694
565569858,565634596
566385475,566927035
566490571,566576123
566686764,567126650
566909458,567027500
566954107,567199420
567028991,567447553
567577626,567692721
568164616,568529238
568597400,569031795
569795809,570218785
570265702,570443219
571261468,571686846
573439371,573941274
573488900,573576583
575190955,575673943
575733544,575952611
577983897,578121729
578341412,578742347
579116813,579691948
579119953,579464594
579964074,580026678
580694034,581066651
582258142,582370597
582260033,582767059
584393124,584512396
584560042,584633182
584924909,585413710
586317027,586528715
587889576,588045457
588194422,588357739
588644330,588687061
590999774,591303084
591221945,591775386
591609269,592177836
592126089,592688258
592958135,593265401
593132074,593404421
593341814,593512991
596611581,596809475
596864321,596900854
597072053,597285833
598760365,599154203
598947910,599135597
599260972,599619876
601500570,601636766
604355409,604749576
604787389,604878085
609498765,610017605
609616063,609690906
610378268,610683740
617280981,617519425
617416910,617716599
617584705,617703042
618441737,618612699
620399431,620659867
620446186,620887514
620889212,620979349
622275302,622418242
622488210,622977248
623338577,623761007
626554515,626779568
630282046,630549988
630637629,630957075
632308654,632337176
632353187,632635896
632809646,632857019
633045046,633473689
634278655,634408840
634829635,635100097
634989552,635055714
636363475,636609409
637609977,637852149
637673496,637960467
638103510,638234261
639934916,640235286
640484022,640693011
640784954,640929750
641130652,641300063
641778156,642166775
642221859,642402941
643282580,643592930
644040777,644617064
644353923,644674825
645095954,645626324
645142231,645407903
645190529,645535685
645709040,645830939
645887432,645916731
648463205,648837114
648679896,648997528
648936213,649312808
649016522,649391807
649482223,649753649
649580042,649705507
650589875,651214430
650652722,650832885
651903143,652396894
652192368,652658932
653047367,653573352
653588253,653804437
654419419,654488232
654668902,654980501
656094286,656373242
656934898,657026258
657015394,657082409
657588699,657739012
658158294,658626911
659220369,659460570
659338126,659859853
659490511,659509655
659705274,659977131
660240265,660819093
660891321,661274501
660992659,661337627
661465580,662010238
661957118,663015270
663463523,663864646
663606767,664006264
666056474,666148103
666416876,666598097
667366183,667526399
667849357,668156990
669000226,669374556
672189685,672698509
673870011,673942857
674055841,674449781
675647377,676143120
676434851,677011894
676620258,676822231
679064893,679431855
679524487,679586173
682510931,682650486
683983908,684509832
684405540,684457579
685189049,685492464
686224113,686370715
687015205,687272914
687227440,687589690
689142568,689376831
689173187,689380038
689692228,689843570
689796233,690242094
690538418,690741209
690973412,691366929
691902024,692065358
692071227,692559828
692295194,692573055
692368177,692462922
693638668,693870071
693796766,694113209
695139818,695438176
695256012,695458046
697218411,697777938
697847145,698096369
699207806,699511793
699363401,699741442
699658963,699753094
700942828,701505648
701106504,701322092
702606739,702701786
702693957,703097714
702853646,703068807
702904959,703390348
704962995,705392276
705404704,705594142
705871169,706313942
706526746,706602901
706866408,707252646
709210035,709332492
709399389,709773199
711088222,711526260
711200896,711558222
713207539,713593965
713734995,714142454
713749407,714242968
714110765,714359450
714198727,714303264
715524885,716038551
716162619,716221813
718524050,718690121
719445849,719799764
719798679,719976903
721090374,721539883
722121396,722323277
723134099,723522566
723771237,724198207
724059346,724280476
724849075,724902237
725702539,725812534
730047785,730239875
730123399,730467035
730256666,730514943
732081937,732147113
732897043,733195796
733632887,734026441
733997022,734493525
734691488,735347379
737857726,738098045
739382938,739764875
740000905,740297045
742467927,743212521
743331288,743788010
744556927,745071429
745040496,745347259
745349771,745564270
745985983,746376858
746451566,746910025
747827571,748127405
748584632,748856378
752241699,752703259
753138444,753396492
754001615,754159933
757219341,757553264
757777783,757891360
759211952,759711038
759346025,759834327
761674962,762080972
762200017,762468748
764076980,764455343
764520696,764913745
765342118,765589358
766591806,766682627
767108527,767424842
768124255,768530224
768239290,768575876
769063478,769117693
769671910,770035699
769715196,770262364
770787226,770989960
771228261,771689527
771754311,771897531
771841702,772263417
772296654,772330342
772331787,772635597
773773916,773990235
775419236,775698529
776009482,776169916
776570935,777014196
777733557,777944281
778058779,778521061
779167466,779221247
782837431,783317796
784403021,785305522
785329543,785817362
785659251,785755336
786945516,787213720
788319194,788591093
789383368,789750449
789689795,789982535
789766208,790145023
789782041,790204210
790262045,790675286
790595673,791006787
791259191,791675283
793768582,793963541
795711071,795822878
796065724,796314630
796076780,796228866
799106221,799579733
802879436,803549229
804214128,804467826
804567919,804701329
805528235,805625013
806524101,806914740
806591153,807016248
806934328,807128383
807317503,808046156
807708748,807783390
809197342,809274517
809598389,810049361
810618883,810773582
810776042,811265583
810991763,811440268
811961925,812225894
812298048,812337550
812756902,813259821
812887050,813234117
813242830,813734552
813815429,814045281
813984830,814331502
814825520,814933713
815042995,815406677
815073202,815114584
816575417,816829539
816690100,817314461
819591283,820308334
819656232,820146387
820225907,820530586
820735530,821113766
820773505,821230884
821040705,821742749
822290905,822720774
824909639,825387371
825907606,826192591
826133925,826608150
828137087,828197228
830546995,831382611
831178768,831228908
831493285,831963948
832447020,833015819
837302820,837746199
837458807,837985512
838775720,838883788
839412880,839537317
839605358,840046713
839806655,840267446
840092973,840242069
840165401,840463397
841840935,842139559
843215841,843718127
847190216,847425765
848024496,848408750
849499936,850118938
850436801,850777958
854178592,854424292
854328420,854491854
854431371,854734160
855051885,855568541
857876863,858435544
858993513,859211436
859054182,859528963
860014014,860214133
860453356,860858718
860848093,861071834
860892492,861354512
863615338,863910781
864370356,864513680
867583293,868382354
867897171,868124538
868545750,868584284
869202466,870180245
871421481,871770828
873548502,873841477
873779769,874393053
876163792,876675770
876833968,877264301
877308773,877803155
877523201,877802316
878655477,878993091
879329667,879603809
881670452,882245606
882223656,882294160
884909753,885305634
886411249,887021757
888298164,888742022
891089042,891499930
891161828,891507753
893058104,893399114
893924908,894227073
894263609,894725984
899693312,899814807
900162574,900371073
900513757,900883500
900666639,901235067
902260474,902768865
902809022,903082656
904477962,904981663
904492979,904978890
906162187,906637117
906228690,906466867
906379686,906961706
906530953,907015227
908030115,908333218
908191531,908653731
909256010,909615610
909675495,909759804
911976074,912260663
913876445,913934752
914282908,914542664
915159156,915191252
917486219,917952777
917689528,917943620
917970292,918477472
918762082,919328394
920496152,921006691
920598572,921014351
921095587,921547429
921733543,921978392
922221128,922521679
922324623,922626766
922749378,923052695
923092574,923693399
924061307,924509199
924968556,925020546
925357601,925679809
926000548,926287508
926143968,926736779
931855378,932145673
932575088,932980178
935072170,935649176
935307055,935564610
935850058,936147025
936652109,936969464
937451783,937632545
937656105,938220473
937662322,937805153
938815573,939075567
939710107,939754309
940305167,940998306
941130364,941593829
945595976,945697187
945599850,945679674
945669219,946081917
946225609,946636310
946763290,947183062
946858445,947348629
946983373,947629114
947648309,948181600
948192846,948682152
948241576,948611752
949953080,950071300
953263265,953854173
954486100,955015388
954596766,954935663
955025613,955468031
958106024,958568308
962065103,962194151
963456555,963786658
963552711,963781521
967184808,967574168
967579535,968193517
971254667,971502577
971325177,971707484
972921861,973506344
973404460,973884445
974074785,974316333
974180728,974453035
974263670,974544484
975990402,976457108
977880886,978301688
978207403,978295223
978226099,978593284
979328552,979536911
981167612,981298096
981725106,981881556
983522360,983875103
983887540,984129906
983897314,984247159
987122068,987442681
988348872,988851083
988956410,988998510
989813658,989984201
990035277,990482057
991277604,991781623
992465852,992633757
993142495,993622318
995122011,995578473
995755141,996149759
997415057,997776425
1000541072,1000841395
1002489935,1002639699
1002641266,1003069057
1003338593,1003591608
1004654768,1005210988
1007259488,1007617401
1008812886,1009066602
1010241434,1010844654
1010448703,1010887332
1011190342,1011980338
1011469216,1011778255
1013335183,1013902749
1016391128,1016884506
1016812781,1017036066
1018115611,1018606919
1018573874,1018778705
1018817060,1019056448
1018860954,1019252177
1020062650,1020335053
1021259069,1021416585
1021587723,1022377669
1021621208,1022178717
1025673813,1026153117
1025724111,1026470885
1026301771,1026568166
1027938258,1028079451
1029001006,1029600281
1029721353,1030216177
1029860581,1030306850
1030059373,1030156986
1030165169,1030370201
1031129485,1031224780
1031381558,1031675470
1031600708,1031911794
1031838223,1032046338
1032790263,1033050705
1033282740,1033454339
1033415102,1033849715
1034657487,1034714551
1034872275,1035048879
1035071842,1035615098
1036615185,1036881743
1036882949,1036996009
1037943488,1038397359
1040676019,1040943542
1041195652,1041472966
1042170861,1042694062
1044296176,1044467797
1044383306,1044430394
1045199949,1045356313
1045900861,1046461652
1048029590,1048204868
1048145954,1048534945
1048873767,1049653933
1049557694,1049667796
1050356879,1050769163
1050639683,1050992338
1050861207,1051248487
1053037275,1053234888
1053245432,1053882546
1054029712,1054642916
1054978991,1055309845
1055718238,1055922658
1055948956,1056328588
1056020802,1056281980
1057015158,1057360218
1058002896,1058446163
1058093379,1058438924
1059468412,1059861412
1059532154,1060108320
1059862801,1060505609
1059899610,1060039913
1060014939,1060076500
1060482994,1060856419
1060706807,1060972933
1061802542,1062283640
1063908985,1064057502
1064017945,1064045445
1064040353,1064397671
1065045227,1065352669
1065252092,1065563181
1066930222,1067264127
1067771607,1068070241
1069871896,1070387253
1072421053,1072799195
1072884469,1073247119
1074100715,1074400963
1074371567,1075314795
1074518794,1075421206
1077088749,1077347197
1079093606,1079368006
1079224364,1079330285
1079773189,1080197798
1081719016,1082178144
1081799012,1082033158
1082676441,1082866261
1083416181,1083532649
1083586829,1084114512
1085622075,1086482765
1090943677,1091315646
1093367078,1093698218
1094264782,1094710418
1094310540,1094720164
1094760524,1095073049
1097202956,1097432653
1097504468,1097954198
1099007756,1099340971
1099495335,1099655459
1100642256,1100924872
1102117729,1102526001
1103006801,1103184564
1104127509,1104444942
1104899095,1105564002
1105876054,1106184699
1106001694,1106154425
1106318671,1106565978
1106584496,1107155466
1107044762,1107307609
1108073438,1108553585
1108145353,1108434892
1108613611,1108701332
1108695457,1109095380
1112726520,1113049013
1114641548,1114983493
1114781195,1115069648
1115158799,1115249746
1117430967,1117719301
1117734162,1117940110
1118664680,1118913061
1118869772,1119751222
1119094447,1119549976
1120384974,1120768698
1121415545,1122106692
1121845008,1122428160
1123682336,1123829868
1124824987,1125122089
1124869162,1125008746
1125496188,1125792368
1126159700,1126596318
1129008518,1129467625
1130267239,1130450166
1131658920,1131812683
1131747462,1131968549
1132313970,1132370586
1132423441,1132580507
1136827184,1137229361
1140686477,1141261025
1141678658,1141937202
1141901134,1142428212
1142673535,1142904281
1142789064,1143098767
1143434278,1143477709
1143467903,1143482152
1144467785,1144828800
1145338972,1145823383
1146039055,1146782508
1147388750,1147779971
1147847836,1148218312
1148517941,1149038448
1148982775,1149363816
1149337433,1149553183
1149450058,1149868165
1149888704,1150114015
1150546161,1151068165
1151222488,1151535132
1151756297,1151774461
1151874146,1152018782
1152497748,1152786480
1153497114,1153876628
1154115951,1154595179
1154244143,1154398943
1154865129,1155303622
1157036218,1157340791
1157669280,1158048569
1158660573,1159290110
1160642262,1160964456
1162733638,1163101697
1164235356,1164534221
1164667133,1165085907
1166985374,1167430472
1167376218,1167856656
1167432356,1167777938
1170617470,1170735657
1174177728,1174323816
1176069904,1176447713
1177632910,1177975707
1177636306,1177704856
1177833449,1178435128
1179530447,1179580467
1179588919,1180024203
1182435846,1182716313
1182607002,1182675422
1184374896,1184771763
1185094156,1185501313
1185296845,1185485495
1185758544,1186026087
1188356245,1188516744
1188923695,1189736580
1189824367,1190069253
1190861303,1191242387
1192324291,1192453194
1192794027,1193101601
1192989768,1193138756
1193050666,1193302900
1193377551,1193512043
1193929899,1194465514
1194206581,1194453362
1194525394,1195000514
1194992393,1195288907
1195974876,1196568404
1198175819,1198467828
1198491081,1199256655
1198880857,1199244091
1199076535,1199199703
1199696216,1200168816
1200180677,1200616987
1201462287,1201857448
1201861830,1202885321
1202643420,1203048013
1202725044,1202874764
1204055035,1204475828
1204790474,1205130119
1205322303,1205709985
1206230039,1206570914
1207126727,1207459447
1207733332,1208146000
1210093465,1210631859
1210563494,1210979656
1210949499,1211135999
1211148310,1211556139
1211529757,1211634315
1213069215,1213786946
1213477287,1213683793
1214760093,1215225462
1215117540,1215702195
1216156930,1216361808
1216163813,1216717361
1216674028,1217257307
1217744919,1218333363
1218625769,1219113625
1219166707,1219374868
1220599162,1220864824
1222153138,1222292241
1222704428,1223019937
1223942622,1224744102
1224241107,1224306772
1226176972,1226231683
1231075391,1231109357
1231202314,1231689955
1232050706,1232126520
1232131562,1232385470
1232617291,1233002073
1232948223,1233919761
1233568329,1234209979
1233841602,1234098194
1233921523,1233957171
1234859556,1235128471
1235892952,1236515133
1235923722,1236090120
1238388077,1238900161
1238443033,1238788731
1238782049,1239044290
1238826395,1239222688
1239838854,1240718779
1240862149,1241301470
1240956855,1241128664
1241224855,1241669070
1241343380,1242028768
1241828283,1241915905
1242179783,1242541071
1242477266,1242662754
1242928184,1243309424
1243744542,1244147125
1243939966,1244163024
1244849544,1245207937
1245508952,1245891578
1246130245,1246498907
1246257150,1246347008
1246865375,1247075346
1248779248,1248869775
1248868930,1249511636
1250043344,1250288456
1250602920,1250670696
1251182954,1251424015
1251457497,1251713610
1251547444,1252086824
1256278064,1256651975
1257217441,1257558938
1257474133,1257795433
1257578334,1257844517
1258463813,1258750703
1259629689,1259745522
1260010554,1260790893
1260702735,1260949290
1260800864,1261206976
1261552211,1261772056
1263230906,1263430684
1263784429,1264258648
1264714453,1264929265
1265120159,1265183793
1265637596,1265770250
1266043685,1266379066
1266672149,1268499379
1269519879,1269787909
1269849883,1270218099
1270145888,1270582428
1270733907,1270992787
1271588092,1271989152
1272151045,1272551757
1272658138,1272685266
1272816863,1273317770
1274767389,1274907001
1275295126,1275503442
1276116504,1276362462
1276561736,1276940209
1276640667,1276748864
1276841529,1277234115
1276899895,1277249126
1278494226,1278896401
1280031280,1280104983
1280153560,1280608100
1281048378,1281298501
1282100148,1282497954
1288959234,1289411832
1289194759,1289446019
1290326984,1290626538
1290665573,1290828055
1292236774,1292800212
1292326561,1292831591
1294958581,1295042802
1297395238,1297778102
1297452255,1297960097
1298274547,1298333588
1298549911,1299038877
1298593649,1298822029
1298654732,1298956410
1298771326,1298878355
1301034347,1301058442
1302104334,1302380743
1302387392,1303211304
1303065352,1303306227
1304330613,1304972992
1304923558,1305368744
1305484905,1305755468
1306963023,1307466495
1307748607,1308148153
1307896594,1308425594
1308849050,1309104380
1310594603,1311056385
1311393874,1311756850
1312168088,1312347296
1312368435,1312756006
1313149214,1313336451
1313171886,1313558917
1315198060,1315423789
1315275046,1315706958
1315498366,1316058522
1317719976,1317935215
1318034184,1318288495
1319769513,1320008613
1320019115,1320411570
1320021267,1320314034
1320936509,1321336686
1321355120,1321587227
1322204445,1322443084
1322843448,1323182799
1323862799,1324249290
1323896469,1324189415
1325882205,1325991894
1326627177,1327138369
1327141873,1327437188
1327298609,1327654991
1327462244,1328064298
1328306749,1329020386
1330223269,1330348767
1330687486,1330938689
1330751569,1330786009
1332556191,1332666146
1333733515,1334216681
1335530772,1335891022
1339064749,1339318689
1339137101,1339692296
1339290048,1339545114
1340027098,1340490147
1340935827,1341346345
1341386397,1342092311
1342119192,1342505195
1342537663,1342781969
1343349195,1343457323
1343932112,1344685678
1346042615,1346386995
1346982660,1347078522
1347177208,1347762320
1347242667,1347490198
1347722666,1348139676
1349537243,1350166058
1349556594,1349700298
1350647662,1350754332
1352245359,1352875909
1352422707,1352695764
1353590156,1353775355
1353625674,1353845690
1355537833,1355934443
1357262577,1357536654
1357556711,1357902714
1357580906,1358053921
1358023925,1358235846
1358100736,1358527674
1358239753,1358508693
1358777290,1359084317
1359066818,1359594148
1359783822,1360191216
1360967835,1361039661
1361067144,1361504494
1361302568,1361539456
1361830168,1362290427
1361833560,1362199638
1363968715,1364421693
1365330172,1365752582
1366461264,1366506459
1369062571,1369545974
1370404083,1370825717
1371541898,1372450121
1373713503,1374068147
1374870471,1375239008
1375989960,1376180759
1376649368,1377096144
1377216071,1377479856
1377449825,1377745119
1377686636,1377878581
1380883989,1381354248
1381659091,1381931183
1382030040,1382376684
1384664687,1384956726
1386426516,1386692276
1386725557,1387097413
1387108853,1387554417
1389044094,1389475799
1389266201,1389396634
1389726829,1390004808
1389975540,1390442789
1390459930,1390573119
1392451262,1392654792
1392698804,1393025339
1395592982,1396040834
1396290923,1396569713
1396705352,1397098364
1398255436,1398859489
1399857253,1400368810
1400871490,1401422440
1401100401,1401512165
1401587270,1402231321
1403488433,1403603196
1403699578,1403986111
1404072446,1404650931
1405179012,1405405959
1405236758,1405480027
1405822091,1406380829
1406578892,1407001236
1407490205,1407632791
1408177229,1408195601
1408404153,1408764900
1408480596,1408960864
1408543190,1408805001
1408768485,1409117646
1408793925,1409108987
1409319553,1409786812
1409716532,1409928665
1409932307,1410158457
1409988669,1410380041
1410850836,1411114173
1411894980,1412406563
1413961362,1414386403
1414456799,1414998797
1415440010,1415876514
1415860302,1415990507
1416621128,1416944016
1416820749,1417196174
1416894968,1417497256
1417982621,1418406808
1419296906,1419607972
1420354138,1420560380
1421149415,1421313469
1421189136,1421807606
1421927901,1422356203
1422879939,1423048006
1424478341,1424675685
1425534615,1426028078
1425784770,1426118102
1426847305,1427166024
1428205889,1428866302
1428578989,1428979280
1432612993,1432869968
1433024683,1433299480
1433362173,1434014154
1434235154,1434657803
1434424459,1434469533
1434566993,1434822460
1434996054,1435313199
1435695725,1436154817
1437787654,1438445552
1438059217,1438500207
1438235372,1438618921
1440985477,1441295050
1441670793,1441743510
1441760599,1442221312
1442457442,1442638418
1444076199,1444111068
1446395410,1446694957
1447534214,1448171957
1447664243,1448423435
1448933332,1449130261
1449373359,1449705952
1449846071,1450026268
1452589795,1452991113
1453502706,1453643437
1454079177,1454203329
1454089584,1454238790
1454142693,1454427549
1454568228,1454988696
1454695741,1455174455
1455825936,1456477439
1456499513,1456796688
1456550315,1456664927
1457509883,1457679988
1457520140,1457800127
1461123557,1461735913
1461499305,1461774959
1463475919,1464274427
1464219589,1464530499
1464682135,1465160662
1465183802,1465339452
1466435339,1466699827
1466464163,1466844831
1469352841,1469493240
1469447289,1469724551
1471011501,1471040321
1471653977,1471690331
1472404175,1472741902
1472782322,1472981264
1473377855,1473769596
1473734237,1474041126
1474676785,1474804990
1479087862,1479411556
1479834505,1480437106
1479867107,1480014741
1482127899,1482637035
1483352384,1483672779
1484492741,1484931207
1484756004,1485393331
1485155538,1485367414
1485454412,1485836593
1485887249,1486350008
1488600130,1488860497
1489937130,1490564515
1490987380,1491217933
1491427226,1491442369
1491443972,1491790956
1491805038,1492272344
1492888579,1493588319
1493535726,1493990120
1493577901,1494131975
1494249986,1494520816
1494347118,1494969206
1497458241,1497566365
1498107840,1498612085
1498706698,1499067576
1498769277,1499384677
1499401430,1499774644
1501755397,1501939029
1502113270,1502644962
1502658434,1502694693
1503437254,1504005556
1504091297,1504672188
1504099951,1504313978
1504429541,1504784495
1504847261,1505375250
1507350742,1507523895
1508149300,1508177971
1508239776,1508663990
1511481073,1511760892
1511554819,1511778509
1512456023,1512809406
1512608440,1512700544
1513544980,1513970792
1514173057,1514500417
1514748489,1514980137
1514988955,1515502340
1515080436,1515552092
1516140087,1516514190
1516200099,1516660349
1516264478,1516647340
1517202489,1517461843
1517247005,1517470936
1517802055,1518488124
1519357366,1519777788
1520539022,1520992812
1520606003,1521076875
1522620756,1523085689
1523388464,1523587726
1523613492,1523926055
1523838520,1523975977
1524746176,1524888943
1525453103,1525934880
1526719879,1527096960
1526773713,1526882960
1526889315,1527571555
1526892750,1527544175
1527927077,1528333550
1528278411,1529186848
1529340625,1529772816
1531146675,1531229480
1531297493,1531943892
1531601332,1532115543
1533073510,1534043124
1533218205,1533642084
1533359188,1533606528
1536851998,1537346406
1537430004,1537945139
1537505697,1537659678
1537898416,1537978645
1541463851,1541825682
1542796513,1543318423
1543508780,1543765954
1544079451,1544237238
1546491200,1546687601
1548393115,1548502938
1550045177,1550247395
1550145608,1550534346
1553320588,1553749673
1554645686,1555071512
1554710642,1555322587
1555892632,1556642421
1556632642,1557177456
1557421601,1557659507
1557641489,1558214407
1559464011,1559527179
1560315099,1560878210
1560651736,1560684585
1561069746,1561264889
1564018743,1564447636
1564271379,1564572636
1564716287,1565027875
1564850773,1565088614
1566596756,1566960623
1568796593,1569192357
1569097080,1569395926
1570511120,1571057587
1570641352,1570843447
1571761940,1572176571
1573168314,1573735296
1573787599,1574056050
1576061223,1576341470
1576679955,1576807585
1576733612,1577179763
1576976719,1577530140
1577294904,1577584495
1577430655,1578280124
1580576562,1581042448
1580967571,1581442013
1582175406,1582360795
1582225974,1582880507
1583000099,1583531852
1583694533,1583913014
1584369520,1584474836
1585065892,1585103324
1585861886,1586292453
1586304120,1586849114
1586837912,1587388052
1587776214,1588103870
1589150486,1589422555
1589568358,1590244296
1590345846,1590611410
1593280193,1593419338
1595575418,1595763254
1596998534,1597151811
1597188310,1597566952
1598461699,1599029680
1598913438,1599329007
1599059191,1599372547
1599844816,1600199640
1600041499,1600207372
1600202103,1600775803
1600566555,1600869338
1601988257,1602124069
1602656786,1602967489
1602992949,1603367899
1603135751,1603338066
1603382660,1603798820
1604454781,1604850706
1605159798,1605337694
1605977790,1606454970
1607679634,1607800931
1607732744,1607817932
1608399829,1608704122
1611261480,1611383691
1612064318,1612452799
1613066977,1613509290
1613456373,1613930581
1616257967,1616694323
1616764187,1617439777
1617527621,1617943278
1617611719,1617847698
1618865549,1619431609
1619199621,1619781300
1623903935,1624342238
1625418157,1625544160
1628844853,1629256230
1630623499,1630875761
1630957268,1631050503
1631802594,1632341932
1631945076,1632121054
1632161053,1632678314
1632936196,1633242635
1633176321,1633684448
1637520943,1637584295
1637804979,1638293669
1638168835,1638425032
1638704851,1638984188
1639143449,1639421365
1640493870,1641053300
1641055042,1641302189
1643686861,1644157925
1645610671,1646158892
1646236296,1646673270
1647825068,1648347382
1648347584,1648943832
1649254571,1649652140
1650362622,1650694267
1650909385,1651595627
1651432514,1651890616
1652657321,1653007077
1654368901,1654683416
1654929922,1655551057
1655154927,1655430308
1655787652,1656365454
1656898098,1656982748
1659180607,1659848556
1661542356,1661793576
1661911853,1662328876
1664419660,1664713647
1666821233,1667191694
1668601453,1668852560
1669839153,1670297267
1669934487,1670386737
1670078179,1670618404
1670315150,1670687934
1670432161,1670666092
1670670160,1670979253
1673110234,1673371307
1673281308,1673758712
1673811316,1673999242
1674095798,1674378876
1674406088,1674711199
1675428005,1676188367
1676963417,1677625735
1677231366,1677669959
1677495042,1677858724
1677758865,1677877477
1678113051,1678479461
1678347285,1678803277
1678515551,1678921371
1680069818,1680192536
1680086874,1680447059
1680559597,1680712485
1680899866,1681251752
1681670557,1681974781
1681996463,1682219810
1682439817,1682630820
1682478516,1682864250
1682828722,1682930641
1683739036,1684120812
1684799697,1685213873
1687427526,1687552250
1687789755,1688321029
1687946645,1688302978
1689124254,1689623518
1692598004,1692852348
1693622282,1693853686
1694237388,1694463588
1694436144,1695431648
1695223774,1695258796
1695260434,1695462331
1695334250,1695397361
1696444318,1696911239
1697124699,1697473213
1697319558,1697792695
1701009214,1701620963
1701603610,1701902560
1701638316,1701825168
1703188061,1703400529
1705464379,1705722894
1705752500,1706246469
1705753079,1705860831
1708279645,1708749240
1708980467,1709483651
1710368403,1711180291
1710876766,1710930271
1711346712,1711704465
1711869255,1712117480
1712137466,1712441669
1713149808,1713183659
1713186027,1713454116
1713339422,1713741017
1713895253,1714212135
1713952554,1714237485
1715119750,1715454705
1715796939,1715861019
1718829469,1719334970
1719810795,1720124352
1720457860,1721316443
1720791448,1720903287
1721847667,1722264664
1723853373,1724001738
1724059666,1724446464
1724244708,1724530216
1724553600,1724805596
1726211383,1727006388
1727768680,1728256840
1729260025,1729771383
1729953228,1729986964
1730993788,1731277889
1732179440,1733036863
1733741423,1734514481
1733762261,1734092535
1734602432,1734741218
1736424796,1736879097
1737268365,1737607305
1738923166,1739225126
1738966996,1739174598
1740319170,1740504618
1742065482,1742284268
1742331489,1742840594
1742608152,1743167387
1743626357,1743665481
1744717161,1745255120
1744856723,1745562917
1745800447,1745960692
1747095574,1747226486
1748120632,1748575131
1750565050,1750616765
1752698974,1752779031
1753152520,1753630669
1753306683,1753391088
1753437629,1753695036
1755679242,1755965011
1756477396,1756613638
1756783690,1757148660
1757098647,1757155102
1757775071,1758110122
1758144076,1758409778
1759829452,1760214430
1759877319,1760370487
1760238890,1760304207
1760870014,1761183178
1761698359,1762102912
1762145924,1762368162
1762829904,1762958402
1764481722,1764714030
1765250650,1765905627
1765908741,1766039554
1766319664,1766694173
1766671155,1767069016
1766700178,1767090627
1767027098,1767527954
1768025460,1768242088
1768745992,1768891032
1771082969,1771537040
1771811980,1772149476
1771816125,1772379941
1772912399,1773257647
1773259497,1773725864
1773261734,1773653335
1774714602,1775370559
1777618186,1778144399
1778885027,1779356147
1781400985,1781701885
1782013848,1782245385
1782255358,1782880540
1782430165,1783088807
1783835083,1784238909
1784773522,1785193687
1784776083,1785216761
1785199968,1785899569
1786434969,1786985694
1787231951,1787907653
1789077353,1789368230
1790470551,1790755765
1791102525,1791494776
1792041576,1792270067
1793391144,1793569118
1793808567,1794245318
1793918949,1794225545
1794604559,1795206283
1795708635,1796125885
1795930906,1796548076
1798975672,1799282890
1800385204,1800781911
1803653458,1803771270
1805584958,1806003849
1805784957,1806120297
1807595657,1807894788
1807684820,1807894983
1808313424,1808520395
1808635285,1809080064
1809472182,1809714800
1809615053,1809973426
1810003100,1810505323
1810164727,1810923975
1811096237,1811862325
1812823763,1813249632
1813409681,1813950220
1815354516,1815792443
1815680742,1815777061
1818448995,1818690732
1818484212,1818899148
1818937290,1819450868
1819725496,1820066954
1820448881,1820962295
1820593660,1821094239
1821248564,1821413150
1821968018,1822359361
1822289882,1822450188
1822480632,1822543708
1823509396,1824145511
1825419340,1826302415
1826146138,1826378800
1826920593,1827094100
1828398203,1828539039
1828960396,1829075871
1829705390,1829780799
1831124803,1831433093
1832301550,1832455056
1832442619,1832892387
1833798695,1834620839
1834113729,1834672887
1834154901,1834429288
1834422809,1834876810
1835402786,1835948981
1835664278,1836097443
1835800768,1836146769
1836819996,1837300075
1839128635,1839230520
1840096968,1840525107
1840170650,1840710552
1840380114,1840809940
1840819533,1841378898
1843134732,1843539843
1845441524,1845586526
1845959792,1846511727
1846845231,1847020924
1849107458,1849208270
1850314747,1850698101
1850806217,1851400501
1851977941,1852211260
1854537808,1855096062
1854748964,1854944673
1857019268,1857244900
1859945971,1860381087
1860802997,1861410794
1860822598,1861122002
1862975283,1863281985
1864570056,1864883464
1864685964,1865233543
1864888971,1865259706
1864930392,1865279514
1866898547,1867304649
1868869893,1869263067
1869510426,1870053637
1869573032,1870009081
1869914536,1869973340
1871824009,1872248077
1872031291,1872625250
1872226006,1872356916
1872312377,1872920577
1872680729,1872797611
1874783862,1875103392
1877054028,1877164258
1877427318,1877744430
1877875268,1878147598
1880180821,1880525748
1881130559,1881465643
1882579063,1882937757
1885085133,1885420256
1886845363,1887379827
1888603165,1888843054
1890980833,1891332742
1891959778,1892032928
1892620565,1892951637
1895102963,1895672164
1899345520,1899612562
1902374346,1902463052
1902482282,1903013421
1905900017,1906311103
1906182883,1906539799
1906541525,1906751087
1907435471,1907740813
1907753558,1907868010
1907860170,1907878840
1908678595,1909040436
1909605450,1909802920
1911881603,1912349727
1912760297,1912936089
1915236078,1915463335
1915806807,1916063234
1915910955,1916261255
1917172170,1917751465
1917355700,1917454410
1917515813,1917710018
1917756055,1917958233
1921472146,1922048820
1922688451,1922777431
1924002759,1924346228
1925007725,1925547223
1925153070,1925559907
1925766590,1926340196
1926466457,1927127881
1926826382,1927056925
1927380565,1927738989
1927745386,1928114711
1927745678,1928099554
1928035919,1928345385
1928841939,1928944069
1929335848,1929672964
1929399995,1929996760
1929852302,1930169931
1930247174,1930921995
1931401546,1931872162
1933341975,1933909947
1934833547,1935255907
1934923297,1935215023
1935531583,1936073198
1936619095,1936967620
1936984608,1937471655
1937873630,1938206264
1938712451,1939185022
1941250251,1941485836
1941890088,1941947313
1942029017,1942408779
1943645332,1944221175
1946055840,1946368122
1946478586,1946936215
1946946965,1947302128
1947696246,1947940361
1950591367,1950940613
1950964535,1951115225
1951088945,1951439170
1951635516,1952108199
1951845405,1952417331
1952148818,1952557018
1952517626,1952870326
1952841048,1953119303
1953745503,1953832466
1954504176,1954817865
1955145360,1955436576
1956971036,1957477486
1957916872,1958313224
1958632267,1959057568
1959019070,1959456331
1960157940,1960302946
1961366624,1961709628
1961931964,1962454710
1965197491,1965857629
1968364191,1968516007
1969815469,1970051811
1970559949,1970937043
1973503442,1973841437
1975535241,1976020980
1975644885,1975853400
1977288659,1977594711
1978934428,1979127977
1980219713,1980779805
1980926156,1981090310
1981466775,1981817740
1983180020,1983647614
1985195145,1985483268
1985382409,1985829500
1987098382,1987367038
1987328661,1987739007
1988448069,1988522363
1992053663,1992429103
1992358107,1992986312
1994547271,1994771053
1994661036,1995058900
1995464177,1996021541
1995744492,1996037673
1996085048,1996710926
1996246750,1996589914
1996373221,1997082803
1996600543,1996899592
1999341015,1999589820
2000987450,2001113488
2002297901,2002709746
2002792340,2003096164
2003564263,2003795215
2003833897,2004249548
2004250864,2004377144
2004734206,2004975490
2004950368,2005509776
2005937733,2006218808
2005970750,2006042773
2007094392,2007288193
2007487227,2007612839
2007653497,2007738349
2008071462,2008225476
2008196125,2008405499
2008278745,2008789004
2010511302,2010949701
2010794518,2011158529
2013250174,2013543918
2014293278,2014697515
2014415263,2014709337
2014583870,2015052327
2014976236,2015428623
2016687228,2016942657
2016813460,2016970850
2017948963,2018078772
2018039408,2018218086
2021606168,2022206823
2022513475,2022816399
2024313109,2024569181
2027168574,2027617681
2028261632,2028591433
2031104841,2031489492
2031787650,2032049828
2032054640,2032421659
2032923267,2033289277
2033808262,2033954070
2034192185,2034821781
2034227341,2034482236
2036178181,2036587421
2036525079,2036744252
2038569679,2038687318
2039236148,2039320814
2039289430,2039873160
2040216950,2040525329
2041141933,2041695693
2042131079,2042791620
2044989269,2045047154
2045842656,2046524203
2047417198,2047648214
2049105576,2049292043
2049171200,2049576875
2050020040,2050202253
2050083403,2050303569
2052700719,2052969036
2053149326,2053482251
2053984520,2054134572
2054103465,2054179605
2055203032,2055258938
2056884255,2057335742
2059366772,2059791823
2059470940,2059962166
2059796077,2060049805
2060967796,2061291722
2062413609,2062761459
2062601223,2063050930
2065025983,2065394008
2065975011,2066144533
2066026645,2066199378
2066214794,2066245438
2066552176,2066970739
2066725196,2066923017
2067231185,2067329550
2067567836,2068230273
2068086135,2068754543
2069934548,2070075735
2070295216,2070697863
2070553065,2070587308
2070723682,2071297226
2070760938,2071323261
2071572719,2071980957
2071734307,2072216939
2072141498,2072496502
2077006306,2077214075
2079321122,2079891884
2079834353,2080185314
2082179182,2082547343
2083244532,2083661975
2083768609,2084189273
2084196809,2084655334
2085421006,2085469986
2087450147,2087981252
2088087729,2088515079
2088740095,2089417423
2090665071,2090686835
2091305999,2091537177
2092440161,2093018274
2092655318,2092897678
2093840886,2094244182
2096822982,2097440324
2097300664,2097478161
2097305863,2097665865
2098097607,2098445872
2098591419,2099290457
2100377910,2100823304
2101317116,2101815259
2102554854,2103106063
2102633064,2102871198
2103110815,2103260351
2103366636,2103882861
2104419679,2104763150
2108036834,2108473316
2108161042,2108536524
2108296010,2108720649
2108300742,2108511827
2108484587,2108981720
2109336966,2109691178
2110017721,2110524865
2110544450,2111069836
2110588518,2110890510
2110889573,2111195978
2111828165,2112219817
2111940520,2112700456
2112611379,2112977684
2112786177,2112953769
2113238387,2113703012
2115063716,2115612338
2115899457,2115969315
2116394693,2116481817
2116482279,2116718413
2119253023,2119475018
2120358085,2120741523
2121300624,2121531589
2121733539,2121830866
2121773922,2121873754
2121828422,2121933357
2122255765,2122634522
2123123976,2123771833
2124771627,2125029868
2126747582,2127063399
2126760306,2126801398
2127335627,2127669391
2128780689,2129484656
2130139305,2130375412
2130238872,2130464643
2132633753,2133097048
2132690771,2133161148
2136148844,2136300533
2136777630,2136963732
2138007340,2138533619
2138437805,2138907142
2139089030,2139432775
2140719050,2140878102
2144825488,2145236010
2146070699,2146443346
2146245517,2147008117
2147835913,2148118994
2148749741,2148989697
2150391809,2150993203
2151457522,2151506079
2153977434,2154233028
2154290094,2154354302
2154921521,2155493554
2155206569,2155259700
2156137590,2156185123
2158120479,2158688071
2158317041,2158865259
2158469703,2158881295
2159205424,2159357747
2159842202,2160772586
2160031550,2160422079
2161164505,2161322683
2162130816,2162387642
2162342094,2162707475
2162711026,2163033496
2163701163,2163843796
2163851670,2163961706
2165138271,2165282640
2165851156,2166116569
2166613178,2166782494
2167855983,2168259423
2168421585,2168712018
2174578959,2175608192
2175327157,2175697237
2175489663,2175911040
2175868922,2176287318
2176247641,2176405550
2176523069,2176903609
2177255206,2177426400
2177803526,2177987898
2178652537,2178996455
2179118838,2179643307
2179303552,2179373766
2179441103,2179824347
2180142512,2180771112
2180246159,2180745381
2182065499,2182506654
2182234480,2182600278
2182515999,2182542475
2182543712,2183121185
2182856263,2183644506
2183186277,2183820780
2183828556,2184203987
2183885640,2184143307
2184164270,2184564415
2186885637,2187659822
2187721351,2188298683
2188542640,2189009503
2191065638,2191485770
2191678686,2192306681
2191952147,2192335272
2192074057,2192367958
2192345638,2192418170
2192700926,2193052361
2193438001,2194087805
2193667464,2194202271
2193667473,2194207847
2194492573,2194826223
2194861242,2195067005
2195442061,2196115475
2195628229,2195924684
2196626572,2196704437
2196707879,2197051568
2198538558,2198785536
2198992551,2199056447
2200525233,2200708793
2200590775,2201412780
2200632177,2201389781
2202925156,2203404818
2203339940,2203708565
2203672864,2203997429
2203999966,2204465281
2206108912,2206391227
2206139918,2206509018
2207272232,2207376414
2207494148,2207864714
2207797657,2208305118
2209950757,2210428548
2209953518,2210111362
2210018687,2210481960
2210431705,2210500458
2211029136,2211381636
2214090770,2214225565
2214711420,2215206880
2215446925,2215746472
2215642589,2215750218
2216412515,2216938150
2218037174,2218151782
2218103022,2218669415
2218147199,2218263407
2218168302,2218241540
2218227001,2218701334
2219270407,2219847119
2220419653,2220868566
2223928708,2223966144
2226431645,2226842709
2226885741,2226954689
2226940928,2227381192
2227659553,2228094100
2227762472,2228118629
2227791478,2228306513
2228319492,2228743035
2228569905,2228825089
2228596212,2228705242
2231020672,2231119474
2231582656,2232130938
2231990682,2232269895
2232515998,2232818140
2232778453,2232831730
2233952637,2234444057
2234001318,2234352452
2234138418,2234506277
2234298545,2234878087
2234507807,2235141916
2235155255,2235434391
2235315328,2235862224
2235592674,2235877713
2236914919,2237382415
2237253471,2237433990
2237491010,2237874610
2237655304,2238239529
2238159062,2238765131
2238234363,2238322814
2238244571,2238665140
2239106288,2239217528
2239231090,2239708090
2240431524,2241070580
2240789426,2240926632
2241598306,2242102467
2242573282,2242912575
2244087408,2244371242
2244300236,2244737245
2245433723,2245707782
2245717677,2245999575
2246674090,2246749939
2247390414,2247748351
2249146099,2249285104
2249442586,2249995558
2249709707,2250204089
2250798786,2251132120
2252756850,2253250178
2255428195,2255662430
2258007842,2258631845
2258036218,2258160061
2258218145,2258495938
2258381728,2258549802
2259907341,2260392843
2261344000,2261784056
2262117940,2262232546
2262178626,2262230367
2264032532,2264367931
2264273957,2264528894
2264385577,2264591032
2264516399,2265029640
2265262871,2265575363
2265733702,2266125693
2266333832,2266534163
2267735834,2268315035
2268190025,2268644602
2268311566,2268850292
2269229201,2269331432
2269382108,2269768619
2269901279,2270364172
2270114955,2270176480
2271336889,2271670502
2272721403,2273228393
2272912582,2273076553
2273566299,2274114595
2273957484,2274782667
2275404832,2275840071
2275888261,2276185624
2276915455,2277268970
2276955825,2277256015
2277110031,2277231231
2278127473,2278528686
2279387002,2279575387
2279978915,2280201620
2281255609,2281911162
2282222647,2282774002
2282733208,2283228860
2283145304,2283586026
2283221499,2283573847
2284157831,2284441128
2284819709,2284867127
2285279146,2285702047
2286145808,2286208092
2287848547,2288256133
2288076072,2288173245
2290200050,2290662181
2291950080,2292293704
2294450455,2294930903
2295156904,2295798660
2295653044,2295890035
2295941670,2296250560
2296303649,2296711858
2298307344,2298762100
2298961734,2299128513
2300712641,2301214647
2300983474,2301431360
2301407435,2302094016
2303113173,2303239944
2305850695,2305992891
2307679167,2308119806
2309707371,2310255215
2310717827,2311294961
2310733117,2310854953
2311962590,2312358381
2313252511,2313697984
2314611548,2315083038
2315650411,2316126045
2316290655,2316691680
2316872501,2317412238
2319919369,2320271776
2320331368,2320586305
2321404484,2321829785
2325515011,2325908389
2325595903,2325734506
2325710180,2326172485
2328039200,2328142970
2328325974,2328670393
2329243572,2329760774
2330951217,2331572190
2331473299,2331991082
2331576532,2331897641
2337154354,2337387474
2340041729,2340368251
2340265317,2340972386
2340644475,2340708674
2342424738,2342717299
2342649997,2343071896
2342921639,2343134267
2344309693,2344725478
2344478400,2344949539
2344605531,2344958283
2345053495,2345585899
2346615064,2347027014
2348036073,2348604177
2348747708,2349032441
2349495476,2350291547
2351165946,2351298722
2351386789,2351595840
2352341585,2352388449
2352840143,2353303336
2353383895,2353460812
2357542829,2357794580
2357687480,2358246072
2358239586,2358575553
2360998344,2361151341
2361263151,2361832523
2363056662,2363981673
2366032687,2366724996
2367621901,2367820913
2367761969,2368270364
2367860049,2368247732
2368693977,2369171624
2370628019,2371064180
2370659684,2370746583
2371524449,2371951269
2371864756,2372201373
2372156657,2372699890
2372354150,2372487193
2373018923,2373371115
2374574001,2375279739
2376133798,2376493624
2377225610,2377529262
2377540843,2378146178
2379669271,2379977530
2380379341,2380693635
2380854820,2381313539
2381076057,2381495847
2381996169,2382412883
2383050113,2383654695
2384179870,2384404088
2384390521,2384616285
2384770979,2384888733
2386455425,2386777075
2387152162,2387586511
2388914686,2389329370
2389348931,2389659035
2389726734,2390459171
2390110079,2390582056
2390590597,2390887251
2391138524,2391242460
2391398657,2391627779
2392432634,2392607103
2393040969,2393172541
2393201183,2393412992
2393473384,2393814105
2396278047,2396946696
2398082289,2398436245
2399620562,2400153782
2400294228,2400560944
2401940024,2402094935
2403578259,2404255550
2405246262,2405697686
2405409034,2405484284
2405776847,2406032204
2406017122,2406100939
2406114250,2406282020
2406289390,2406479103
2408441469,2408851891
2409031907,2409289501
2409419561,2409919449
2411310102,2411444596
2411734031,2412137831
2414854394,2415382411
2415377909,2415981278
2415758218,2415835355
2416354678,2416880052
2416480408,2416949349
2417043080,2417387772
2418075053,2418544366
2418085105,2418105034
2418608844,2418889356
2419283173,2419410885
2422413502,2422548063
2422716094,2422898716
2422827546,2423155433
2422990179,2423116877
2423171447,2423295936
2423974278,2424172181
2425821040,2425962713
2426314781,2426636567
2428686077,2429022577
2428872302,2429189984
2429706647,2430005807
2429938590,2430362202
2430021740,2430147804
2430907768,2431219361
2432192375,2432382701
2433365648,2433607281
2434097727,2434480821
2434298834,2434702223
2434737715,2435075880
2438700701,2438997736
2439128060,2439274624
2439629191,2440232905
2440619796,2441188265
2441842712,2441968571
2443545196,2443737470
2443557814,2443921825
2447186432,2447444854
2447796776,2448215206
2450440264,2450991760
2454083048,2454574989
2454820747,2455309336
2454925270,2455349153
2457135202,2457339012
2458302705,2458638974
2458493899,2458899892
2458604169,2458943827
2458694848,2459174064
2459704244,2460128478
2460133615,2460320207
2460353475,2460571032
2461377879,2461530251
2461741345,2461788676
2462449483,2462748494
2462557166,2462829831
2463074441,2463145685
2463614549,2464197102
2463963471,2464465411
2464819715,2465354656
2468223563,2468652429
2468320062,2468510163
2471224469,2471883478
2472220214,2472583932
2472450255,2472507038
2473238687,2473887502
2474305942,2474798405
2475687340,2476081779
2475725170,2475898091
2477386430,2477427839
2477456924,2477528985
2478190342,2478588011
2478905115,2479387877
2480434746,2481076829
2480665860,2480726167
2482771893,2483463529
2482887687,2483512006
2483530755,2483986645
2484072592,2484526226
2485726068,2486139805
2486513248,2486962299
2489001191,2489665508
2489977878,2490193820
2490078620,2490615526
2494287578,2494497549
2495056392,2495329556
2496015919,2496438209
2496358752,2496629365
2498488269,2499227597
2498663001,2498945243
2499038899,2499385729
2501363138,2501457416
2502609654,2503171831
2504188837,2504312521
2505045690,2505823227
2505573604,2505816690
2507572385,2508075070
2510507003,2510834950
2511338185,2511766405
2511961225,2512354303
2513262390,2513606978
2513801590,2514023002
2514176636,2514443172
2516019716,2516210832
2517136434,2517161353
2519488739,2519961551
2520645463,2521295477
2523393323,2523884879
2524449999,2524668595
2524504087,2524527824
2526493177,2526752259
2528733915,2528916621
2530088490,2530747445
2532330252,2532879582
2532471903,2532705999
2533168391,2533499539
2534752356,2535311179
2537089798,2537632143
2537123204,2537593806
2539677429,2540235435
2541119163,2541569300
2541757284,2542294597
2542660835,2542919129
2543619785,2544031950
2544263771,2544696499
2544419681,2544843279
2544628253,2545084386
2547098714,2547234733
2547383707,2547785037
2550772834,2550877679
2551356353,2551873115
2551645980,2551829408
2552043674,2552425839
2553098355,2553567796
2553948155,2554498500
2554634515,2555182874
2554718625,2555051656
2554760730,2555036280
2555488441,2556252991
2558066936,2558663345
2559942900,2560602251
2560300341,2560330864
2561205920,2561624069
2561478303,2561710857
2561562970,2561760251
2563131307,2563712691
2565137560,2565644382
2565568834,2566042830
2565743970,2565891154
2569518701,2569926945
2571096783,2571156930
2571296654,2571845775
2571296855,2571531004
2571429466,2571840223
2571937278,2572389078
2574331138,2574782449
2574839188,2575053775
2575112752,2575193307
2575194623,2575623277
2577356558,2577772546
2578611140,2579125497
2579127958,2579296747
2579963608,2580296259
2580018340,2580254910
2580293646,2580493261
2580346926,2580681660
2581696583,2582142590
2584805012,2584844231
2584870577,2584998973
2585000371,2585337108
2586649534,2587468141
2586865889,2587360461
2587306931,2587575571
2587314167,2587647478
2588038861,2588398561
2588648638,2588740949
2589487182,2590163333
2590194798,2590422135
2592355802,2592978417
2593638500,2593694578
2593900100,2594332268
2594194363,2594826551
2597626999,2597933114
2598292028,2598771439
2598316230,2598960716
2598992590,2599335666
2599985303,2600378295
2600824207,2601074850
2601103395,2601334455
2603183893,2603276087
2603581924,2603930503
2604114391,2604375595
2604377606,2604774009
2604380925,2604476129
2605042141,2605321417
2608914099,2609402227
2610351027,2610536266
2611423068,2611975941
2611758656,2611878320
2612084262,2612414785
2612894470,2613159057
2613123917,2613284790
2613137083,2613652227
2613139785,2613575529
2613941501,2614453024
2614057257,2614585966
2614268774,2614412131
2615779781,2616125702
2616471673,2616568741
2617925706,2618228690
2619276444,2619841412
2621063316,2621204752
2621181207,2621690897
2621949895,2622099916
2622084317,2622236403
2624251892,2624671040
2624680755,2624948334
2627079456,2627410341
2627698715,2628006646
2628000463,2628365279
2628881782,2629044254
2629119068,2629745028
2629552287,2629777607
2629928836,2630082305
2631359740,2631774768
2631465503,2631857512
2632357669,2632679165
2633012614,2633653340
2633362713,2633476739
2633415456,2633438196
2633508889,2634046864
2633684897,2634249216
2634124099,2634362069
2635355040,2635937690
2637072351,2637356862
2638189918,2638635687
2640838593,2640881404
2641495403,2641801849
2641913041,2641969574
2643560248,2643768488
2644026546,2644515685
2644571739,2644637886
2645099133,2645287400
2645249593,2645362781
2647821461,2648166414
2649807298,2650477500
2650604366,2650851386
2651145910,2651450267
2653066185,2653310068
2653283508,2653645432
2653934251,2654001936
2654362089,2654709780
2654910516,2654989984
2655384382,2655812326
2655652865,2656118073
2655801496,2656147808
2655942333,2656125557
2656206748,2656332854
2657782556,2657827641
2659138192,2659271371
2659323808,2659718489
2659615876,2659884570
2660495584,2661160257
2661967611,2662310106
2662360081,2662757260
2662755909,2663272444
2663587180,2663657562
2663739087,2664291303
2664781466,2665020623
2665695020,2666204707
2666111631,2666293259
2666213800,2666413754
2666495110,2666931768
2667336914,2667631344
2667704404,2668024617
2667943062,2668063480
2668087752,2668329213
2669111986,2669258152
2669711484,2669844658
2670987721,2671208187
2671866049,2671899712
2674050197,2674140926
2674757360,2674845644
2675616604,2676020828
2677555859,2678042477
2677679957,2678005913
2678020913,2678259528
2679162945,2679607742
2680269460,2680490686
2680515615,2680693896
2682463792,2682987306
2683506873,2683952131
2686875062,2687264622
2687783764,2688740254
2688481382,2688689616
2689893972,2690246148
2689995462,2690595036
2690944909,2691075756
2692087302,2692525194
2693533046,2693886650
2693741169,2694422784
2695584837,2696065388
2698138648,2698754417
2698539373,2699006832
2700780418,2701135725
2701926015,2702126401
2705392589,2705934320
2706319560,2706936670
2708392321,2708543055
2711287969,2711670583
2711315698,2711459329
2711423511,2711721571
2713179149,2713775708
2713736780,2713892940
2716096208,2716344278
2717385568,2717473378
2717850149,2718195874
2719141932,2719271054
2720160039,2720401087
2721908795,2721997973
2724360097,2725004077
2724547736,2725114460
2725102008,2725205042
2725211575,2725568391
2725220196,2725415686
2726460677,2727111287
2727924862,2728153141
2728375774,2728442871
2730156817,2730199457
2730368847,2730394954
2732971148,2733838709
2733753970,2733894430
2733878457,2733971987
2735423199,2735878388
2735995525,2736170211
2737446443,2737587571
2737884093,2738256254
2739734489,2739804475
2739739443,2740349964
2740268175,2740607102
2740389015,2740858880
2740640084,2740842227
2742044554,2742213003
2742126936,2742218406
2742894642,2743174350
2742898128,2743544830
2743439840,2743609374
2744487669,2744983004
2746802640,2746968164
2747649421,2747945433
2747719899,2747893632
2748246434,2748571107
2748505423,2748782940
2748720720,2749341958
2750709410,2750924674
2751354004,2751540706
2752712040,2753475214
2753085222,2753429317
2753513314,2753812732
2753811617,2754323175
2754029992,2754467423
2756276016,2756675472
2758156546,2758597729
2761568486,2762136075
2762174764,2762600496
2762351995,2762601130
2762697233,2762893670
2763016144,2763103675
2764124545,2764408290
2764956548,2765350298
2767025525,2767322204
2767365296,2767880623
2767818503,2767971875
2768177678,2768516831
2769509182,2770009314
2772249060,2772418902
2773541225,2773583511
2775084665,2775332701
2775135792,2775296052
2777926582,2778155346
2780249120,2780361222
2780266261,2780551822
2781523018,2781834205
2782692787,2782893508
2783229710,2783594824
2783319153,2783667600
2783572626,2783873969
2783958632,2784465046
2786844755,2786987173
2788525540,2788946676
2789393516,2789966206
2790526930,2790890309
2790807656,2790885307
2791216617,2791685845
2792464303,2792620322
2793221564,2793392573
2793638835,2793853073
2794492763,2795088504
2794747621,2795180061
2795201587,2795503752
2796722183,2797052517
2799444777,2799558100
2799617891,2799760594
2799772758,2799941763
2800197763,2800371507
2800455060,2800854980
2800735567,2800962177
2801024547,2801506017
2801512578,2802004092
2804986244,2805289374
2805979326,2806003404
2807589897,2808005770
2807837471,2808121816
2808090155,2808627771
2809358520,2809599399
2810788446,2810865850
2811489958,2811863456
2811783090,2812329853
2812320944,2812546461
2812334757,2812599334
2812822892,2813243849
2813370888,2814113053
2815420612,2815609904
2815601335,2816144121
2816921322,2817255737
2817051607,2817491272
2817307305,2817618336
2817802568,2817945462
2817922914,2818463133
2818150931,2818524229
2818937165,2819364612
2821323248,2822173784
2822211437,2822295951
2822845487,2823200985
2823182381,2823722022
2824445813,2824566442
2825619263,2826484471
2828566514,2828925677
2829096170,2829128511
2831023794,2831377245
2831352969,2831367669
2831569531,2832143948
2833091161,2833145555
2833834270,2833858524
2834814650,2835019621
2836447566,2836711127
2838286495,2838776934
2839910649,2840346097
2841367800,2841792222
2841448676,2841516151
2842821359,2843366820
2842951874,2843057636
2843089525,2843493932
2843388318,2843676532
2843801388,2844096619
2843822971,2844344620
2844080544,2844460561
2845608426,2846269085
2845831199,2846052702
2846298311,2846853961
2847146929,2847286893
2847738585,2847896877
2848131059,2848484731
2849778524,2850307361
2850035066,2850159648
2850327679,2850699381
2850880904,2851351745
2851989803,2852335131
2852146802,2852619472
2852426074,2853077608
2852463686,2853024787
2855518632,2856182562
2855981914,2856276064
2856041924,2856242534
2856606418,2856702900
2857244502,2857543208
2858075378,2858267230
2859681286,2860019005
2860327792,2860615868
2860768919,2861107969
2861141305,2861658496
2861353694,2861860454
2862840948,2863266942
2863439433,2863788815
2863748328,2864387515
2864093972,2864587742
2865507058,2866111956
2865789002,2866182249
2867032228,2867439466
2867328103,2867483594
2870572264,2870967246
2870947625,2871085998
2873500902,2873705942
2876941603,2877543360
2877825081,2877956627
2880228532,2880365481
2882055086,2882254482
2882080368,2882274539
2882713923,2883178447
2883111360,2883541051
2884025049,2884048040
2884964033,2885196833
2885909891,2886044940
2886428122,2886899539
2889061239,2889611683
2890432188,2890772956
2890855755,2891081511
2891885892,2891931566
2891934884,2892281392
2892306518,2892722718
2892467388,2892747282
2893468251,2893800945
2894033810,2894507510
2895419814,2896375523
2895958029,2896110160
2896061673,2896473780
2896482981,2896534540
2896635422,2896921166
2896858663,2896976814
2902663747,2903255136
2903306256,2903927899
2903944759,2904083357
2903953738,2904028814
2904809576,2905228938
2905094896,2906021109
2908108332,2908566270
2909776557,2909995779
2909819221,2910447198
2909994084,2910141227
2911469210,2911874331
2913630431,2913938006
2915464626,2915905622
2916125731,2916474460
2918178101,2918254751
2918710515,2919142384
2919242860,2919682200
2919296216,2919737017
2919734414,2919797250
2920042378,2920264832
2920565289,2920779035
2921647198,2921778234
2922145630,2922469296
2924524948,2924630843
2928250304,2928766878
2928312057,2928421259
2931037256,2931649094
2936525318,2937125004
2937531521,2937802410
2938609408,2938933607
2939780962,2940272906
2939802941,2940253792
2940095209,2940587152
2940259864,2940527208
2940810213,2941360374
2940923663,2941268876
2941701166,2942208653
2942566574,2942802324
2942613602,2943060459
2944074373,2944955107
2944878029,2945189379
2945796753,2946120898
2946218838,2946769464
2947445697,2947921622
2948564214,2949214763
2948910336,2949392405
2951073714,2951376867
2951084588,2951527949
2951162884,2951999356
2953484402,2953775612
2955068616,2955480593
2955465823,2955959290
2955850798,2955943413
2956447117,2956899951
2956814811,2957411454
2958631110,2958984019
2958848366,2959072862
2959737446,2960263736
2961644650,2961697963
2962817513,2962992404
2964586137,2964966545
2964628516,2964920582
2964945386,2965459537
2965019264,2965180725
2965475494,2966068596
2965520375,2966179152
2968142218,2968501805
2968961050,2969585899
2971094938,2971176102
2971700893,2972050835
2973330141,2973649780
2973548337,2974280170
2973860113,2974143834
2973916274,2974415108
2974058831,2974586249
2976246624,2976606315
2976840749,2977225953
2977992844,2978410456
2981195108,2981718214
2981593676,2981734765
2981780331,2982377198
2984051927,2984441015
2984911286,2985115286
2985938026,2986286345
2987065167,2987639845
2987531808,2987694810
2987643648,2988296779
2990440272,2990663101
2991042912,2991324692
2992660423,2993395443
2992666683,2993241012
2993415834,2993694172
2994762281,2994988185
2995487024,2995508873
2995656937,2995964087
2995717287,2996064928
2996199535,2996561420
2998919063,2999479708
3000967738,3001095172
3001100104,3001370897
3001242389,3001744923
3001682003,3002121460
3002132340,3002570320
3003514727,3003562088
3004043943,3004504702
3004687343,3005060886
3005655520,3006409945
3006981437,3007250617
3008158177,3008241151
3010162493,3010295205
3010811308,3011084346
3010985542,3011416682
3012375558,3012693273
3012460974,3012797219
3012676122,3013173656
3013229480,3013517297
3013722426,3013994921
3014175270,3014794106
3015568348,3016171655
3016594658,3017133067
3017974325,3018436152
3018600382,3019004466
3018676304,3019175845
3020368193,3020505994
3020513806,3020805633
3021569532,3021676833
3021708946,3021909903
3024660949,3025283168
3025378207,3025875549
3026923419,3027041558
3028076753,3028455027
3028429320,3029072665
3029133975,3029546081
3029227029,3029455829
3029323407,3029805231
3029864078,3030367238
3031111890,3031546024
3031468523,3032057749
3032036976,3032518293
3032891452,3033115195
3033654413,3033823936
3034684714,3035130076
3036409626,3037036159
3037575898,3038262713
3039748984,3040215372
3039919319,3040118663
3040659399,3040959001
3040720836,3041125755
3042178293,3042835773
3043213151,3043599492
3044170605,3044200333
3045176976,3045528569
3045208492,3045825652
3048558584,3049001272
3048671424,3048720529
3048890531,3049054745
3051723755,3051841778
3053474526,3053997944
3054010949,3054356729
3054011821,3054451877
3054660727,3054704324
3056497949,3056726180
3056781590,3056963769
3058919112,3059781676
3060573619,3060604589
3060623185,3061151895
3060717690,3060954362
3063078014,3063419299
3063614256,3063948769
3067024434,3067387993
3068799015,3069052798
3069534796,3069790874
3070038685,3070745731
3071615212,3072085267
3072434164,3072704803
3072500792,3072892313
3072868118,3073401413
3073423827,3073471157
3075461765,3075958591
3075977765,3075995650
3077803866,3078343580
3079213946,3079943530
3080048644,3080433165
3080129567,3080471866
3083532246,3084220848
3085524686,3085597039
3086292561,3086473661
3086693849,3086865127
3087976712,3088384514
3088053552,3088575464
3090114712,3090481322
3091407100,3091702043
3091890649,3092328242
3092134653,3092638631
3092720875,3093115720
3092975755,3093344159
3093688223,3094205048
3094004378,3094441486
3095579692,3095881675
3095602733,3095754755
3096398616,3096992271
3097268356,3097429829
3098015363,3098289033
3098126400,3098672734
3099127588,3099337146
3099183584,3099320628
3099332390,3099493227
3099366364,3099857074
3100198125,3100600196
3100632253,3100761178
3100698541,3101326555
3101076794,3101688593
3101330982,3101684264
3101573644,3101973017
3102836710,3103316996
3102953837,3103028148
3103197205,3103287625
3104264939,3104626376
3104565198,3104719772
3104895644,3105508975
3105304919,3105358279
3105591184,3105813149
3107496455,3108047312
3108706208,3109042716
3110785187,3111220390
3112250653,3112741100
3113206410,3113385624
3113696135,3114057095
3114217258,3114671895
3114472873,3114621852
3114505735,3114750863
3117734202,3118317884
3119462361,3119921030
3119818372,3120513583
3122026388,3122553820
3122321266,3122854906
3123552353,3123894638
3124707577,3125040763
3126508507,3126917102
3126723667,3127319369
3127067580,3127669031
3127255744,3127725225
3131817679,3132129631
3132045255,3132364886
3133140479,3133774850
3134259359,3134577164
3135295928,3135365832
3135384207,3135966825
3136558652,3136997522
3137496393,3137781623
3139252937,3139492396
3139421232,3139549632
3141383509,3141434164
3142524526,3142698624
3142889577,3143254052
3143090521,3143482728
3143420190,3143911428
3144142513,3144537475
3144370654,3144614625
3144538834,3144823847
3146643714,3147115687
3148486494,3149068334
3149070641,3149315749
3150081901,3150692918
3152183527,3152393349
3152287679,3153018585
3152942022,3153465998
3153263113,3153822304
3153514240,3153818619
3153840765,3154201810
3155192767,3155835692
3155896854,3156600362
3158061856,3158187317
3158979168,3159944030
3159455173,3159847516
3160021437,3160436924
3160419524,3160721805
3160742242,3161069683
3162397905,3162973388
3162976977,3163270603
3163089120,3163107427
3163328882,3164013594
3163902274,3164314284
3167861992,3168293526
3168207130,3168431440
3170756507,3170939876
3171884494,3172266632
3172284441,3172707510
3173646637,3174143753
3173989237,3174236171
3174410297,3174957657
3175572651,3175966090
3178396275,3178801076
3179237048,3179545351
3180100418,3180509360
3181111191,3181473673
3182460411,3182868839
3182650779,3182814184
3183315890,3183390904
3184169349,3184338209
3186391003,3186958776
3187386254,3187487690
3187858987,3187934628
3188186478,3188548017
3188601407,3188984750
3188756376,3189308619
3189655442,3189862985
3189747751,3190399364
3191424994,3191816076
3191720569,3191998189
3192499767,3192902833
3192990395,3193389648
3196113728,3196518418
3197674900,3198161702
3197933333,3198212664
3198243629,3198752686
3198718220,3198872224
3198900565,3199312706
3199630575,3200200777
3201218234,3201621563
3202376969,3202419196
3203447702,3203877138
3203517971,3203836615
3204086745,3204150154
3206502131,3206627357
3207664547,3207940710
3208063048,3208449337
3208198881,3208383719
3209025074,3209296856
3209087453,3209387134
3209600328,3209644140
3209790064,3210344233
3210926327,3211084458
3211408660,3211596120
3211918648,3212543551
3212771789,3212846994
3213585843,3214002269
3214203940,3214577293
3214652425,3214779216
3215544691,3216230337
3216434717,3216775926
3216611859,3217077634
3218092794,3218630470
3218158296,3218266223
3218824419,3219308882
3219842749,3220097089
3219853504,3220054575
3219969443,3220127995
3221994409,3222303457
3222114059,3222554340
3223137645,3223283222
3223445394,3223710575
3223762135,3224215161
3228341462,3228884211
3228726453,3228996546
3229721504,3230140732
3229891501,3230029062
3230145882,3230492329
3231311848,3231584949
3231379453,3231993605
3232811508,3232839850
3233114636,3233724223
3234232973,3235024612
3235984844,3236084738
3238098766,3238224188
3238583496,3238843607
3238852255,3239204956
3238980213,3239383230
3239611406,3240105387
3239937934,3240250762
3241917180,3242207735
3242663595,3242929020
3244323177,3244677587
3246997722,3248015196
3248182861,3248571328
3249534794,3250042117
3250050258,3250180816
3250583625,3250804595
3251687445,3251862590
3251705755,3252148323
3252798684,3252983608
3252884185,3253113056
3253137330,3253262624
3253299184,3253477329
3253701095,3254092744
3255011091,3255587216
3255158528,3255582837
3255848803,3256043125
3255962700,3256302072
3256336653,3256787504
3256687167,3256739219
3258590984,3259054351
3262966338,3263095336
3263486687,3263598910
3264322702,3264927228
3264883457,3265108931
3264890092,3265050491
3265294575,3265332033
3266824090,3267029060
3267207778,3267332807
3269540636,3269938916
3271990704,3272265213
3272284323,3272659097
3273351505,3273394243
3274767761,3275403520
3275424626,3275629710
3277050427,3277080547
3278402041,3279010056
3279617215,3280042657
3281491966,3281558882
3281561667,3281726721
3285649378,3286248913
3286256287,3286710495
3286900259,3287437937
3287108532,3287174641
3287905884,3288150382
3289697948,3289780158
3290044064,3290445336
3292535710,3292913790
3292771877,3293303351
3293734175,3294235617
3293917320,3294369299
3294266491,3294617975
3294838176,3295222161
3297473787,3297853245
3300172777,3300322550
3300383262,3300699608
3301010708,3301277506
3301262471,3301436264
3302972638,3303346066
3303003856,3303649092
3304265232,3304720182
3304475540,3304937322
3304856284,3305142520
3306312840,3306407291
3306522062,3307232734
3306659596,3306951029
3306823086,3307043605
3307145823,3307740122
3308749476,3309227339
3310068941,3310489000
3310394996,3310783209
3311100433,3311434643
3311312490,3311358361
3311340222,3311660435
3311387956,3311642566
3311938016,3312438459
3312789456,3312857904
3313462449,3313786590
3315543394,3315726421
3317000833,3317408180
3317963799,3318424003
3318320671,3318659313
3319441990,3320011555
3320435685,3320786685
3320893958,3321637297
3322831913,3323378736
3325432887,3325758526
3327540970,3327914008
3327710566,3328246989
3329044301,3329394684
3329927025,3330682814
3330199657,3331273897
3331850129,3332280288
3332132576,3332460709
3333420165,3333843619
3334441576,3334531694
3336610582,3336923939
3337696398,3338278812
3338505714,3339045447
3339095698,3339431086
3339449102,3340080177
3340519425,3340930871
3342674098,3343154776
3343045751,3343620918
3345062212,3345109389
3346673636,3346944209
3347490782,3347761028
3349272424,3349472403
3349793648,3349970260
3350613684,3351169012
3353846020,3353886907
3355872359,3356408748
3356137579,3356501203
3356515134,3356988171
3357965676,3358496948
3358543832,3359216516
3360061209,3360361857
3360378508,3360600673
3361157177,3361749391
3361329422,3361343285
3362258163,3362652449
3362271482,3362462102
3362479125,3362900351
3362901749,3363081891
3363215720,3363601523
3363223868,3363820572
3365503692,3365987604
3365812640,3366017578
3367779028,3368355934
3368910389,3369103565
3369049898,3369274319
3369141553,3369476114
3369651452,3369895894
3370380901,3370818954
3370799201,3371213769
3371481741,3371736313
3372448662,3372866808
3375416513,3375518400
3375434598,3375844022
3375719116,3375942991
3376045610,3376468059
3377145983,3377696128
3377452035,3378103057
3381892074,3382149957
3382050448,3382573195
3382947972,3383179657
3383470978,3383923329
3384223166,3384824186
3384482533,3384905194
3387937477,3388123774
3387974293,3388619251
3389869613,3390041974
3391581965,3392009014
3392373645,3392865720
3392724930,3393122272
3393977889,3394537132
3394851233,3395130569
3396114472,3396199122
3396464003,3396813710
3397391118,3397853589
3397630134,3397992569
3398719941,3399149934
3399253248,3399722506
3400711349,3400858719
3400887233,3401079913
3401099370,3401507666
3401599041,3402042517
3402857886,3403191328
3403551544,3403611340
3405147688,3405713213
3405735387,3406073921
3406295759,3406758180
3407055520,3407561327
3407239619,3407308020
3407352686,3407627602
3410278309,3410334644
3410397821,3410447559
3411187338,3411664914
3411623841,3412037946
3413558441,3413679965
3414714082,3414949468
3415587911,3415949329
3415921948,3415963254
3416383900,3417142514
3417079295,3417724931
3417345241,3417446333
3417411384,3417633642
3417851926,3418183310
3418362507,3418859936
3418862109,3419266757
3419364683,3419716133
3420109420,3420513051
3420706786,3421237542
3421076788,3421394864
3422207238,3422794214
3422417146,3422880336
3422638853,3422863720
3423712640,3424068502
3423866045,3424091423
3426030024,3426124534
3428408339,3428826534
3428627627,3429377581
3430180256,3430387857
3430232991,3430859961
3430418729,3430549098
3431503381,3431742678
3431825920,3432329855
3431868521,3432067777
3432060007,3432409600
3432694992,3433213418
3432847459,3433079986
3433705366,3434123760
3434344763,3434838502
3436077086,3436877184
3439020354,3439498974
3441088234,3441229659
3441626200,3441936518
3441648232,3442159007
3444071847,3444537399
3447955469,3448058118
3448068415,3448519017
3448905426,3448955795
3450002627,3450457474
3450884185,3451233577
3454566140,3454832449
3456482994,3456848292
3456677550,3457065480
3458030376,3458482869
3458122282,3458617459
3459796251,3460243800
3459963445,3460064591
3460214933,3460621250
3460280244,3460660001
3460667499,3460799818
3460919800,3461361300
3461012373,3461277761
3462363911,3462915952
3463052452,3463407686
3465150591,3465471755
3465168984,3465462877
3466445230,3466902187
3466644538,3467357190
3467981210,3468539759
3468719694,3468778596
3469384568,3469724454
3470705368,3470925903
3471361899,3471530542
3471483162,3471859295
3472097861,3472323354
3474335473,3474396917
3474467614,3474714356
3474599564,3474930896
3474988116,3475364424
3475619348,3475999906
3475779747,3476340206
3476007904,3476517152
3477036877,3477320625
3478992471,3479207178
3479117647,3479278160
3480040047,3480640651
3482240457,3482355578
3483045114,3483787180
3483654767,3483994561
3485148273,3485239466
3485805770,3486256373
3488691480,3489045057
3489861921,3490044862
3490682480,3491056743
3493189724,3493324632
3494189581,3494579092
3495802771,3496277522
3496290964,3496874858
3497360651,3497673911
3497678010,3498117328
3497831868,3498391636
3499494265,3499797720
3500110800,3500321348
3502016255,3502393801
3502848625,3503147172
3502994818,3503908101
3503152216,3503470859
3503367941,3503891455
3504485633,3505063898
3506917756,3507726731
3507135390,3507658081
3507713668,3508158064
3508680648,3509048607
3509671739,3509826912
3510321477,3510703356
3510647372,3510899945
3512141499,3512585231
3512854599,3513039985
3513499280,3513543482
3514531048,3514695091
3515741837,3516082113
3517650871,3517940950
3519955017,3520097493
3520076841,3520173366
3520555201,3520629714
3521420014,3521537479
3521539545,3521655342
3521665573,3521764557
3523588328,3524107509
3525302205,3525590708
3525337667,3525856210
3526146181,3526513134
3527185052,3527553026
3527756721,3527976856
3528592869,3529013670
3528685732,3528924666
3530894491,3531274555
3530990104,3531126249
3532341790,3532766341
3532579463,3533050108
3533028696,3533634974
3533158273,3533559807
3539685805,3540066166
3540758024,3541254221
3541036545,3541345418
3541679108,3541868005
3541845635,3542397224
3542056940,3542187384
3543203124,3543495564
3543221117,3543721561
3545969450,3546351901
3547404101,3547889990
3547780082,3547958150
3547878013,3548106009
3548338388,3548533951
3548392913,3548937110
3548736201,3549336439
3550185764,3551016436
3551190873,3551693824
3551966243,3552542093
3552083178,3552439817
3552605677,3552901323
3554128055,3554157498
3554188519,3554335738
3554275166,3554774718
3555959387,3556272498
3556607870,3557099518
3558371418,3558888938
3562990577,3563509229
3562997081,3563495951
3563546454,3564040845
3564408610,3564954164
3566344198,3566562946
3570304549,3570408931
3570771368,3571163887
3571005945,3571383876
3572337424,3572478668
3573326456,3573765175
3576514842,3576920285
3576845288,3576992772
3578878473,3579520603
3579070432,3579428839
3580381833,3580679477
3581062798,3581085489
3581238652,3581649913
3581436155,3581635205
3584582605,3585232702
3586512101,3586623587
3587343150,3587542375
3587770343,3588156165
3588528402,3588696029
3588832229,3589418687
3589432951,3589929262
3589951134,3590121769
3591403754,3591967310
3591912194,3592221750
3592123019,3592680609
3593027402,3593373028
3597428468,3597842554
3597691227,3597894918
3598567178,3599050332
3598682886,3598972547
3598863679,3599253540
3599056930,3599813094
3599613833,3600047530
3600652633,3600963812
3602800934,3603057470
3603342041,3603983231
3603625460,3603948219
3605442317,3605825547
3606203621,3606385539
3606425398,3606513821
3606826684,3607767049
3608315820,3608793692
3608416597,3608879568
3609217132,3609611138
3610418377,3610750065
3611459381,3611657046
3615455029,3615996330
3615821841,3615998712
3616702368,3617025626
3617371510,3617810726
3618703618,3619354366
3619090684,3619210730
3619197841,3619300632
3622192747,3622642154
3622510047,3622988548
3623312380,3623673950
3623766839,3624007373
3625277486,3625911579
3627193866,3627441738
3628113320,3628329238
3629965669,3630260502
3630471994,3630877571
3630551046,3630929334
3633903407,3634365846
3634610685,3634878962
3635310299,3635499569
3635543725,3635969132
3638448187,3639094020
3640860189,3641172565
3641993375,3642154927
3642117877,3642419282
3642250338,3642573886
3642880401,3642960985
3644437325,3644755408
3644938451,3645179631
3645945951,3646165568
3648092412,3648490388
3648163997,3648275897
3648518018,3648551876
3649492390,3649962173
3650748730,3651220731
3650914611,3651113682
3654099288,3654653423
3654567463,3654622211
3655763598,3656388751
3658352173,3658476226
3659133229,3659180227
3659341160,3659761800
3660517839,3660809678
3660823451,3661304447
3662525867,3662872101
3663044751,3663201015
3663379238,3664033306
3665679326,3665763320
3666315004,3666775862
3667284640,3667693242
3669205355,3669537001
3669323329,3669613771
3671556700,3671940289
3671629525,3671853520
3672078755,3672285157
3675206820,3675488671
3675225702,3675689820
3676458687,3676845341
3676791360,3677410245
3676840698,3676999319
3678412608,3678495728
3679868766,3680237477
3680271836,3680372267
3680618241,3681565821
3681588663,3681971982
3682374023,3682741973
3682776798,3682974841
3683552299,3683910418
3685332346,3685747901
3685604704,3685666905
3686898769,3687233648
3687364839,3687520307
3687577202,3687822750
3688220810,3688835227
3689087230,3689516387
3690965765,3691874105
3692191431,3692835701
3693552071,3693936531
3693726779,3693757210
3694141501,3694190512
3694837775,3695101860
3695253749,3695647016
3695512248,3695649261
3695661207,3696038722
3696168864,3696785515
3697826457,3698110446
3698725353,3699390761
3699129168,3699457802
3699879466,3700645930
3699880583,3700596091
3700349554,3700726778
3701308699,3701577672
3702641416,3703199701
3703675453,3704056950
3705116769,3705324851
3707089411,3707349359
3707881113,3708166356
3709461932,3709818627
3709899586,3710226787
3710080985,3710248537
3710982386,3711169477
3711244331,3711635493
3713157771,3713564631
3713780051,3714452817
3714829890,3715298730
3715026818,3715457107
3718102089,3718234210
3718616505,3718825840
3719463380,3719651711
3720383613,3721135986
3722650060,3723131745
3722953478,3723187776
3722984203,3723509417
3723261341,3723719140
3723548407,3723787175
3725248394,3725839470
3725406148,3725814718
3726784322,3726816043
3727070734,3727488952
3727942656,3728512339
3727951981,3728513182
3728176918,3728543627
3728838024,3729024895
3729073549,3729476935
3730255985,3730585008
3731479112,3731498722
3731732940,3732021416
3734477087,3735085761
3734904331,3735095667
3736077712,3736598470
3742386623,3742630100
3743428949,3743922763
3743984034,3744479249
3745542149,3746138786
3745961762,3746248910
3746273541,3746475988
3746393770,3746890647
3747294537,3747432901
3747440086,3747611144
3748604994,3748659882
3748725297,3748952707
3749924815,3750089541
3751144881,3751578621
3752448612,3752847006
3752481666,3752942689
3752543867,3753058141
3754067414,3754104419
3754217196,3754666837
3754398404,3754879629
3755858673,3756054485
3756112252,3756390179
3756432187,3756958327
3757030060,3757496810
3758466700,3758672543
3758763065,3758967458
3759262188,3759489582
3759924942,3760149914
3760801430,3761048836
3760992876,3761522309
3762517301,3763065966
3762572628,3762932836
3763364638,3763503262
3763791509,3763941167
3764178605,3764385758
3764372814,3764541831
3765009684,3765587257
3766556064,3766895892
3766991692,3767084871
3768854481,3769699359
3771444117,3771724127
3771668017,3771992246
3774889363,3775039399
3774977496,3775385859
3775993107,3776166485
3780132498,3780629151
3781806612,3782394870
3781965069,3782559234
3782819913,3783157024
3783538873,3783814927
3784228647,3784411854
3786859161,3786989841
3786964021,3787095303
3787330012,3787550050
3787429853,3787604249
3788349925,3788780185
3788376033,3788628413
3788897170,3789423003
3791250719,3791588689
3792993218,3793402187
3793425950,3793654151
3794328568,3794903673
3795065563,3795306113
3795702163,3796162944
3796582335,3796697002
3797128905,3797400878
3797410763,3798153957
3797654833,3798331778
3799190136,3799714539
3799841895,3800138424
3800123236,3800384748
3800300531,3800511423
3802477221,3802972597
3803966914,3804470728
3805053528,3805134008
3805096204,3805540177
3805405086,3805758037
3806973423,3807539060
3806974178,3807036883
3807720381,3808335128
3807786665,3808166175
3809139676,3809471747
3810082440,3810316355
3810302643,3810396092
3811903189,3812323045
3813249405,3813529950
3815272051,3815356713
3815333301,3815600631
3815399510,3815670060
3816456638,3817108875
3817854080,3818421233
3817893922,3818435020
3820292904,3820615323
3822760809,3823019096
3823168069,3823586400
3823183116,3823614857
3825199048,3825726895
3825589077,3826100623
3825794341,3825920306
3826116533,3826687390
3826876172,3827380880
3826980983,3827164667
3827235554,3827768987
3830570851,3830734875
3830759894,3830801964
3831539325,3831832552
3831798718,3831875790
3831961235,3832486617
3833446705,3833868405
3834562880,3835029559
3835117172,3835676437
3835727144,3836303160
3838319713,3838701122
3839594867,3839940523
3839921667,3840173244
3840686025,3841226170
3840741081,3840948456
3841440439,3841686910
3841448247,3841716705
3841486278,3841922989
3842512125,3843080005
3843601433,3844135954
3844776215,3845126350
3847251793,3847590571
3847267461,3847637835
3847755381,3848091887
3847892265,3848331811
3848059469,3848274782
3848089709,3848426983
3848561521,3849115299
3848699908,3849349336
3850211355,3850681795
3850384740,3850928133
3851233683,3851711239
3851277571,3851694557
3851657463,3852237443
3852302398,3852692330
3854216295,3854546067
3854523115,3854668476
3854555140,3854841983
3855488082,3855838414
3855780130,3855975828
3856586171,3856887128
3859902596,3860149727
3860733695,3861066023
3862661858,3863023374
3863708484,3864234264
3865105156,3865523480
3867273427,3867777486
3867431391,3867690640
3867816186,3868163612
3867848151,3867900766
3871894376,3872424147
3872439125,3872829033
3872849830,3873082400
3873290171,3873699984
3874387989,3874653006
3875230657,3876035388
3876445853,3876845544
3876950897,3877143700
3879028836,3879147142
3879458044,3879619845
3879816238,3879878271
3879821919,3879947628
3879914238,3880429780
3882193549,3882346384
3882516099,3882962412
3882567307,3882980830
3883942291,3884526027
3885135896,3885778297
3885490869,3886049473
3885583073,3885926457
3885707296,3886169173
3887826270,3887982668
3888331284,3888784343
3888815538,3889141762
3889148981,3889742526
3890133831,3890533514
3890621017,3890962345
3892195429,3892543669
3892833289,3892868744
3892964668,3893258262
3893223592,3894025053
3893867996,3894335182
3894513620,3894906394
3894972934,3895552332
3895009322,3895397311
3898599698,3898979859
3899150417,3899653241
3900188106,3900649118
3903601889,3903617204
3905066225,3905227548
3905232959,3905704291
3905795873,3906320908
3908106924,3908152192
3908687314,3908704455
3909846323,3910183045
3910882433,3911244541
3911174039,3911389564
3913761821,3914420698
3917321430,3917743747
3919954292,3920571203
3920863644,3921741478
3921846140,3921964466
3922457448,3922565120
3922494120,3922540387
3923760914,3924042740
3924982512,3925264969
3925295036,3925637088
3926777989,3927064555
3927546900,3927866584
3929468977,3929807730
3930385964,3930923675
3932947504,3933341408
3933269979,3933707447
3933757741,3934006694
3933816337,3934219924
3934889183,3935031658
3935999033,3936601277
3936882256,3937270992
3936928797,3937270108
3937276389,3937331778
3937412382,3937470545
3940143136,3940205468
3941184598,3941657372
3941537505,3941863831
3942191798,3942840578
3943210872,3943892992
3943490540,3943656874
3944611065,3944989820
3946129429,3946545565
3947617022,3947665015
3948859983,3949462230
3949161803,3949522026
3950614681,3950984994
3950891687,3951347307
3952638463,3953065140
3952946272,3953506935
3953002786,3953404635
3953267600,3954203208
3953493573,3953785703
3953829562,3954083968
3954940456,3955412902
3955110644,3955557490
3956524858,3956937689
3960794773,3961013973
3961281616,3961936433
3962653879,3963146677
3962770421,3963186213
3964497381,3965116167
3965319492,3965546081
3965444634,3965853103
3965818887,3966027818
3967215652,3967282150
3968874294,3969253979
3969979169,3970292006
3971010065,3971412591
3971225411,3971309157
3972382137,3973062395
3972413227,3973248858
3972651987,3973063784
3973080536,3973452864
3973193291,3973306010
3975329919,3975886912
3975959053,3976177364
3976196862,3976325677
3976839360,3977280049
3977035981,3977124649
3977413491,3977686378
3977951290,3978457650
3979178420,3979556912
3980565451,3980645504
3981121837,3981722694
3981421678,3981926113
3982530433,3982773164
3982562879,3982718260
3982786915,3983047302
3983969621,3984139670
3984556085,3984759113
3987943515,3988051053
3988578927,3989191241
3988711801,3989316530
3989076989,3989265728
3989976633,3990396167
3990016571,3990121555
3990834355,3991268702
3992134283,3992334133
3992747367,3993008182
3993648070,3993738988
3994798381,3994967412
3995009065,3995371028
3996162415,3996485374
3996197373,3996686568
3997269192,3997685657
3997405584,3998158158
3998425244,3998555733
3999174799,3999449964
4000410775,4000504030
4003408814,4004013011
4004330605,4004655030
4006655855,4007037117
4006732666,4006775140
4007029227,4007378248
4010095719,4010753921
4012194705,4012353176
4013677465,4014191261
4014001366,4014467603
4014599557,4015238538
4015474022,4015853235
4016214679,4016574457
4016646917,4017040667
4017150684,4017658879
4017627733,4017761605
4017906380,4017951278
4020577784,4020833118
4020705219,4021084221
4021006997,4021514730
4022135148,4022698648
4023538568,4023889558
4023700714,4024110002
4023822830,4024218310
4024357587,4024834047
4025058325,4025380205
4028255932,4028745237
4028533724,4028767584
4029153633,4029493303
4030394767,4030828278
4032608216,4033181276
4034473419,4035219573
4034519080,4034840017
4035900808,4035922287
4036189645,4036442725
4037707003,4038313475
4038715261,4039358018
4039591701,4039799465
4040327548,4040396430
4040418638,4040640516
4042529453,4042827526
4042905846,4043053721
4043162518,4043419763
4043351664,4043503846
4043637954,4043979464
4044510718,4044860548
4044806072,4044995367
4045163531,4045429879
4045409409,4045841890
4045930007,4046488588
4046759048,4047133394
4048261308,4048322371
4048480130,4049062434
4049907550,4050082129
4052039630,4052419571
4052237690,4052706538
4052628789,4053175524
4052990773,4053068192
4059835997,4060042063
4060503793,4061138675
4062466702,4062944159
4062749191,4062782778
4062796709,4062977354
4064087177,4064522699
4064420086,4064735278
4064840737,4065131155
4065753369,4066094209
4066076104,4067163680
4067175219,4067390775
4067289422,4067914584
4068694924,4069002597
4070021136,4070112639
4070175557,4070655267
4070917955,4071093783
4071564246,4071736363
4073526247,4073750483
4074027334,4074488667
4074638773,4075463223
4074783887,4075363011
4074972852,4075748955
4076047856,4076426320
4077360958,4077389407
4077530699,4077847258
4079428559,4079707244
4079734047,4080354085
4080355938,4080737338
4085320756,4085675157
4086887612,4087267702
4087300149,4087667811
4087371478,4087717652
4087687091,4087758072
4089022660,4089217479
4089851338,4089930919
4090529384,4091108413
4091076031,4091371343
4092434200,4092541544
4093252845,4093455995
4095707406,4095868973
4095799223,4095902751
4097637622,4098054246
4098023668,4098404209
4098145736,4098311889
4099645606,4099668836
4099879715,4100313361
4100370590,4100682070
4101636457,4102037217
4102224940,4102851402
4102654521,4103254850
4104420405,4104712290
4104517792,4104963880
4106319421,4106488857
4106873717,4106909033
4107040805,4107639106
4107987311,4108120535
4108068243,4108130540
4110475694,4110738262
4110532685,4111209764
4113040578,4113485685
4114552678,4114752881
4115042175,4115181773
4115193562,4115391523
4115281018,4115814329
4115413432,4115736909
4115722866,4115923021
4115904501,4116120085
4116063887,4116263234
4116431887,4116899329
4118476034,4118677782
4118616063,4119047040
4119057519,4119673664
4119109071,4119565154
4119330692,4120345891
4119712506,4120404410
4120275822,4120353564
4123455396,4123740687
4123743582,4123868263
4124316812,4124451675
4126431140,4126657645
4126513535,4126820994
4126640398,4126836355
4127389627,4127611939
4128182917,4128390524
4131381024,4132158036
4132287854,4132411871
4132615963,4132827580
4133005370,4133637237
4133079566,4133609524
4135081438,4135411793
4136189786,4136520170
4139235553,4139566694
4139533145,4139643347
4139937492,4140183676
4141851654,4142128773
4141906272,4142413504
4142693539,4142724831
4143791940,4143945400
4146803293,4147112511
4147801849,4148187858
4148222030,4148785710
4148665496,4148956505
4148870237,4149419394
4149109532,4149479360
4149330686,4149839787
4149999899,4150608019
4150504716,4151207772
4153327260,4153460010
4155766899,4155934795
4156409477,4156775015
4157796080,4157979748
4158626630,4158954163
4159504363,4159555596
4160988059,4161349964
4161309242,4161624406
4161953965,4162288384
4162999691,4163092197
4163347917,4163438914
4164026363,4164214911
4165236512,4165625234
4169380288,4169858689
4169605771,4169858643
4170058177,4170573619
4170208324,4170421047
4170275241,4170572383
4170838840,4170931504
4171789842,4172216214
4173421926,4173714405
4173538128,4174035565
4174197765,4174667726
4174745252,4174974819
4176058558,4176403204
4176678610,4177015937
4178285288,4178356474
4179515269,4179777087
4179674564,4180031975
4179881581,4180295535
4181761451,4181973483
4182310370,4182806515
4184128178,4184589013
4184787488,4185447968
4186033877,4186310350
4187290324,4187635264
4188644186,4188785653
4188802314,4189204256
4189713015,4190236164
4191245232,4191838492
4192505741,4193145503
4194755863,4195213337
4195650914,4195916006
4196045828,4196680720
4196418578,4196701678
4196512055,4196699645
4196684366,4196919924
4196786680,4197278691
4196944854,4197309566
4199505812,4200005841
4200009744,4200291336
4201495859,4202002677
4206311612,4206891174
4206435140,4206880215
4207868593,4208151514
4208188084,4208847469
4208746018,4209168316
4209260181,4209586141
4209972125,4210008051
4210372043,4210964884
4210797603,4211129699
4210964045,4211092370
4210992761,4211231948
4211557312,4212095266
4214268615,4214737052
4214644194,4214987419
4215202875,4215523887
4215349632,4215922527
4216021171,4216229568
4216223960,4216496015
4216530943,4216798623
4216774072,4216956772
4217773528,4218390148
4218413227,4218842105
4219223053,4219608206
4219832234,4220104961
4220130350,4220580789
4221570117,4221858997
4221770677,4222015944
4222449250,4222497926
4223374948,4223853725
4223521363,4223723141
4223857670,4223957760
4224870677,4225368355
4225224874,4225753445
4225720204,4226258879
4226432502,4226707570
4228064730,4228447359
4230199094,4230429229
4232787001,4233401285
4233571702,4233947784
4233974228,4234510921
4235371660,4235627098
4236314670,4236664780
4236734272,4237111366
4237154856,4237778031
4237155924,4237427085
4237941431,4238469680
4238759282,4239078908
4240735044,4241386199
4241007285,4241612237
4242074568,4242596012
4242375785,4242401673
4242687713,4242995854
4243745069,4244539205
4244408163,4244852758
4244987543,4245331728
4245403144,4245741816
4246712606,4246948929
4248491186,4248576940
4248755111,4249092634
4248779116,4249299830
4249681339,4249998671
4251329268,4251783163
4251844385,4251890365
4252427965,4252446923
4253325953,4253687832
4254021483,4254151333
4254098452,4254674755
4254894418,4255274633
4256476615,4256514780
4256563603,4256705405
4256908469,4257704182
4257975280,4258380759
4260276512,4260745237
4261727075,4262225885
4261882696,4262286503
4263450485,4263707640
4263547275,4263579122
4263799650,4264359085
4264353486,4264464893
4265268480,4265329881
4266256913,4266360547
4266497813,4267167814
4268430502,4268735465
4268723538,4269111088
4269164553,4269444331
4270245610,4270747389
4275257128,4275407284
4276542909,4277076398
4277912120,4278181741
4280387010,4280595786
4280661365,4280784197
4282840683,4283182074
4283526610,4283988225
4283527582,4284089065
4284081394,4284432594
4285150489,4285509983
4286462191,4287030696
4288461440,4288921887
4289476500,4289784229
4291995736,4292216797
4294798830,4295357378
4295058794,4295224266
4295074227,4295317498
4295829269,4296089295
4297160629,4297376193
4297238855,4297668288
4302067533,4302424870
4303128806,4303951491
4303250535,4303782240
4306811684,4307247484
4307623161,4307944120
4308659508,4308928629
4312719341,4313227705
4313411878,4313554733
4313795465,4314176038
4314604376,4314863816
4314606889,4314777536
4315720025,4315915743
4316237738,4316543958
4316449904,4316665093
4316547271,4316942785
4318017337,4318388907
4318395462,4318965650
4318586134,4318971235
4320599778,4321355758
4320784594,4321021245
4322258890,4322376270
4322297476,4322777932
4323042527,4323301214
4324556788,4325171547
4325499377,4325735074
4325901588,4326716078
4327105200,4327567515
4328079464,4328512813
4328519260,4328632838
4329300166,4330097042
4330754097,4330877351
4331530047,4331623451
4332189893,4332688214
4332336314,4333045433
4333248488,4333743050
4335028734,4335360928
4335572489,4336290271
4337862502,4338458742
4337955958,4338105211
4338365198,4338537987
4338372651,4338921673
4340514965,4341226682
4341399045,4341689965
4341628620,4341878895
4342467532,4342918209
4342525050,4343443403
4342835942,4343241569
4344192390,4344762607
4344225811,4344600784
4345195653,4345774621
4345586462,4345736099
4346737365,4347127629
4347333988,4347469547
4347461373,4347852193
4348777236,4349082169
4349520095,4349756111
4352298271,4352543808
4353652709,4354045139
4354879271,4355185862
4355678820,4356594608
4357158072,4357489975
4357417555,4358036882
4357719615,4357938743
4359248867,4359678594
4359572065,4360209357
4359982471,4360000682
4360406001,4360679770
4360421258,4360886543
4361193083,4361836180
4362560216,4363105114
4363106803,4363672535
4364613954,4365149032
4364906273,4365144571
4367240477,4367794691
4367420579,4367874935
4367575984,4367881547
4367819902,4367924030
4368313929,4368711806
4368683257,4369174803
4369084519,4369327953
4369666800,4370188721
4370693486,4371328854
4376838429,4377254853
4379010533,4379504934
4380649654,4381298108
4386186575,4386478450
4387275184,4387810588
4388575189,4388909230
4389663717,4390159571
4390294672,4390633559
4390841974,4390983654
4391156415,4391800873
4391514642,4391666137
4391927072,4392156515
4392890723,4393170725
4393356741,4393760136
4393478716,4393824183
4394430237,4394953102
4394863685,4395249969
4395829811,4396358582
4395850001,4395956795
4397077481,4397470473
4397515534,4397775818
4398618570,4399066245
4400805175,4401508381
4401639615,4402213458
4402354763,4402754974
4403192224,4403643557
4403385860,4403428808
4403710634,4404044177
4405196614,4405861585
4405381004,4405552642
4406722604,4407090349
4407195391,4407739823
4407871498,4408067344
4408235116,4408473924
4408465298,4408566277
4411284322,4411689872
4413364430,4413486163
4414294708,4414604456
4415372587,4415707272
4416104754,4416775803
4416207645,4416473733
4417733798,4418045895
4418230694,4418626811
4419369640,4419733869
4419615326,4420099125
4420428946,4420753992
4422205670,4422558304
4422282930,4422733557
4422845533,4423287803
4424305817,4424457059
4424518405,4425095337
4424576999,4424836616
4425916617,4426386966
4426376348,4426696130
4426531948,4426832342
4428319704,4428377128
4428877628,4429189583
4429775961,4430196809
4430377579,4430709238
4430429166,4430796955
4432625868,4432885470
4433450896,4433628469
4433665782,4433991746
4436397770,4436654008
4437305097,4437667844
4439041355,4439504832
4439301621,4439877347
4441071798,4441444226
4441091025,4441607052
4443661882,4443886092
4443895089,4444188622
4444195119,4444685423
4445608826,4446047713
4446382017,4446632090
4447098825,4447317871
4447733967,4448281033
4447834364,4447868108
4449365230,4449987122
4449659327,4449925257
4450782480,4450907719
4451356836,4451582925
4452703644,4453585845
4452821012,4453335051
4455065030,4455652680
4456569745,4457161814
4457021694,4457104197
4458230260,4458490743
4458556660,4458954540
4458644170,4458991173
4459560295,4460121792
4463396322,4463922232
4465003157,4465265238
4465486976,4465711306
4468805344,4469005735
4469106607,4469661248
4469767791,4469947012
4469802896,4469849937
4469908960,4470300602
4470726794,4471278246
4472634761,4473044806
4474187713,4474834952
4474556916,4475037462
4475262767,4475674530
4475373895,4475770511
4475783911,4476391896
4477339916,4477888144
4477856306,4478283891
4478138426,4478402119
4479268658,4479475184
4485075076,4485361622
4485315274,4485642796
4486145007,4486726264
4486472858,4486871295
4486902118,4487299030
4487311798,4488209728
4489364488,4489766608
4489661605,4489857782
4489821897,4490540131
4492925568,4493499777
4494624107,4494711934
4495355306,4495792057
4498065231,4498448817
4499175055,4499589936
4500099723,4500636205
4501689609,4502048326
4502437099,4502955212
4502753520,4502927727
4503382985,4503658612
4504667062,4505109446
4505392566,4506049035
4506736597,4506830573
4506889675,4507008264
4507369618,4508000022
4507939308,4508195050
4508111186,4508317600
4508516509,4509133489
4509282274,4509642386
4509515831,4509966402
4509708708,4510037224
4510702021,4510854802
4511097123,4511262264
4512587233,4512959005
4512706197,4512943870
4513501166,4513717084
4514421610,4515292661
4514829535,4515327715
4517271844,4517750302
4517396509,4518051484
4517773522,4517852052
4517816301,4517939869
4518162838,4518442334
4518256189,4518523631
4518530058,4519325088
4520540057,4520872363
4523266867,4523929271
4524338404,4524762559
4525207640,4525361047
4528698885,4528907035
4529107169,4529478591
4532056771,4532248892
4532868741,4533121387
4534167970,4534406085
4534565457,4534721495
4535043759,4535183047
4535406792,4535814063
4536312942,4536338511
4537020699,4537642163
4538834053,4539151059
4539926781,4539960799
4540482155,4540931473
4542979946,4543161903
4543070070,4543461153
4543817682,4544410358
4543979815,4544537360
4544404263,4544463260
4544451050,4544538316
4546096647,4546642359
4546438271,4546799123
4547281050,4547531774
4548062299,4548608699
4550416708,4550434768
4551861980,4552205765
4552481620,4552997615
4553719623,4554412891
4556984722,4557157252
4557936017,4558536920
4558604803,4558754428
4560385254,4560436925
4560495129,4561031498
4560594884,4560749319
4560758926,4560774093
4560832834,4561049416
4562668256,4563228748
4564290549,4564400176
4567306628,4567406320
4567810282,4568053215
4569229853,4569859954
4570115060,4570230461
4574134926,4574686417
4576869595,4577198187
4577906456,4578401878
4578444748,4578640443
4579593425,4580169361
4580275879,4580556316
4582894633,4583228300
4582992173,4583096181
4583060918,4583422165
4583216361,4583476265
4583468771,4583983473
4583990173,4584512703
4584755251,4584909146
4585611039,4586062184
4586895145,4587076367
4587627435,4588056021
4589289242,4589371329
4591125533,4591530153
4591408775,4591810554
4592292034,4592328604
4593501699,4593846608
4593652118,4594122765
4594280336,4594377908
4596510370,4596948557
4597510719,4597928857
4597811240,4597991472
4598182027,4598591305
4600321248,4600687415
4600758893,4601046541
4601607770,4601959192
4603629376,4604156014
4605414603,4606081294
4605498826,4605931987
4607175282,4607623305
4607360262,4607772842
4607530342,4608091217
4608918094,4609284572
4609843947,4610350960
4612753507,4613138110
4612885886,4613315574
4613886509,4613975016
4614715012,4615058787
4616924543,4617051806
4617270044,4617492871
4619516343,4619636183
4620482252,4620956883
4620797982,4621388151
4621462045,4621594932
4623459269,4624096930
4624077027,4624321541
4627311605,4627857846
4627450146,4628048379
4628221359,4628475536
4628262167,4628603398
4628841588,4629059210
4629841807,4630298625
4630886631,4631292201
4630950967,4631527442
4633152173,4633507635
4633678063,4633694162
4633706660,4634216275
4634227891,4634539492
4635144788,4635620334
4635531451,4636174879
4636740314,4637055939
4636830796,4637091743
4637068145,4637685321
4637259753,4637763021
4638091428,4638953530
4638469458,4638795064
4638807499,4639406277
4638965331,4639090873
4639013739,4639401664
4639503512,4639613311
4639815161,4640242699
4640108620,4640537894
4641808141,4641851470
4642229088,4642471856
4642670924,4643254334
4643074587,4643273143
4644697566,4645207215
4645902430,4646080988
4646612882,4646642458
4646886680,4647144986
4646987161,4647463493
4647806737,4648268332
4648331902,4648712899
4649868997,4650212491
4650941140,4651497197
4653400292,4653759063
4654736436,4655020494
4655882031,4656184538
4655921934,4656326084
4656383463,4656630365
4656968150,4658061343
4658894704,4659054225
4659622308,4660113821
4660910782,4660957470
4661131444,4661891646
4661800006,4662238184
4663952956,4664568287
4665764388,4665972429
4667235647,4667816577
4667774553,4668011421
4668124850,4668485626
4668181721,4668300833
4669320948,4671052529
4671019113,4671292368
4671144016,4671697858
4671192321,4671221231
4671659693,4672006575
4671719958,4672090369
4673636119,4674130117
4676375984,4676895392
4678727029,4679274484
4681929895,4682102428
4682186162,4682577955
4683816063,4684201551
4684115707,4684661985
4685573715,4685734435
4685774261,4686094898
4687898381,4688391542
4691513537,4691896833
4691592073,4692185057
4694860875,4695279546
4696148001,4696680338
4698127284,4698375242
4701208692,4701464541
4702007493,4702204811
4702239271,4702607382
4704103044,4704628769
4704434125,4704927045
4707477884,4707570217
4707571579,4707873847
4707751848,4707900408
4711733576,4712152825
4712381887,4713313894
4712620062,4713290785
4713246881,4713656856
4713664650,4713898152
4714087476,4714138767
4715147846,4715621599
4715412039,4715749337
4716756550,4717162271
4717116803,4717233441
4717152759,4717723351
4717593547,4717774505
4717854344,4718107201
4718419772,4718992601
4718826294,4719377190
4719007268,4719290912
4719546800,4719637678
4721946174,4722246344
4722281128,4722617134
4723001302,4723482120
4723495707,4724019618
4725818028,4726321800
4727124850,4727363866
4727761073,4728127973
4728129157,4728764697
4728267186,4728399584
4729097956,4729559238
4729588473,4730156781
4731613272,4731943585
4731753655,4731999418
4732298834,4732620308
4732711485,4733020404
4735379315,4735866275
4735660577,4736277031
4736379653,4736421519
4737536174,4737864688
4740239844,4740738038
4740910834,4741554418
4741696595,4741829191
4742245785,4742615488
4743748510,4744254541
4746142190,4746627346
4746734184,4747072172
4748278914,4748368405
4748770147,4749122167
4749345394,4749889646
4749356646,4749410165
4751595999,4751881389
4751781865,4752055198
4753050824,4753089612
4753359176,4753957952
4754476653,4754624348
4754597292,4755044720
4756294103,4756647950
4756552714,4756642011
4758901787,4759063984
4760089053,4760560563
4760253887,4760359231
4760777631,4761041390
4761773005,4762225668
4762392765,4762607256
4762631818,4763252260
4762676433,4763158444
4763535742,4763842841
4764042592,4764111144
4764111058,4764693745
4764890856,4765186385
4765928884,4765980460
4766304255,4766458293
4766538924,4766999685
4767162384,4767423635
4768305760,4768666506
4768555251,4768920670
4768830031,4769004434
4769460123,4769829707
4771537266,4771932918
4772012653,4772291585
4772090317,4772336409
4772364138,4772711896
4772511797,4773025127
4773678790,4774289008
4773697285,4774224540
4774217935,4774362790
4775023041,4775323638
4776794970,4777228497
4777656083,4777970534
4778378890,4778954504
4779261767,4779325194
4779341030,4779947240
4779356092,4779665204
4779955420,4780460171
4781068552,4781643851
4781969102,4782136650
4783348842,4783436029
4784936781,4785023932
4785177835,4785563455
4785762662,4786123439
4785949509,4786391023
4787342906,4787953753
4787676915,4788354266
4787984841,4788045837
4788091876,4788659491
4789632601,4790059729
4790677847,4790870004
4793035848,4793505155
4793279253,4793537402
4793566307,4793878522
4793812854,4794164859
4794521725,4794717846
4795443325,4795689091
4796239555,4796523097
4796870243,4797404510
4798054397,4798164553
4798351107,4798526567
4798475761,4798681866
4799636538,4800077429
4799762698,4800154130
4800853102,4801401422
4801030818,4801406935
4802256412,4802852984
4802631573,4802882235
4805724601,4805840823
4806820415,4807273746
4808172987,4808522609
4808687547,4809135917
4809147043,4809498414
4809402533,4809557185
4810582018,4810856910
4811236923,4811700673
4811724765,4811776983
4811897834,4812466346
4812006167,4812401273
4813381625,4813458647
4816078426,4816109046
4817658676,4817994901
4818005253,4818064781
4819105125,4819291400
4820140594,4820423159
4821475155,4821520051
4822744278,4823256003
4824278413,4825014522
4824303037,4824742171
4824381286,4824858749
4825426658,4826046356
4825674103,4825951324
4826765548,4827256984
4828393143,4828855250
4829275954,4829520108
4831392717,4831414597
4831720234,4832258488
4833334722,4833565090
4833345745,4833546141
4833573223,4833778896
4835516549,4835824182
4835938126,4836134498
4836185955,4836347908
4839532580,4840332067
4840173692,4840382979
4841447606,4841813454
4843115243,4843645041
4844161723,4844540341
4847069448,4847608059
4847317466,4847656160
4847423214,4847754767
4848064153,4848636162
4848459494,4848843561
4852477998,4852795180
4853755265,4854319227
4854395680,4854624603
4855478509,4855711784
4855501115,4855818197
4857185294,4857459461
4858028584,4858660698
4860463770,4860930141
4861673427,4862179291
4861709592,4862310808
4861800523,4862276383
4862403575,4862904605
4862498691,4862541398
4862919316,4863339158
4864091740,4864505053
4865418818,4865860208
4866471897,4866671501
4867547059,4868178218
4867838343,4868309167
4868934671,4868961613
4869143965,4869174956
4869334539,4869670335
4870034182,4870428978
4871406179,4871452517
4872610858,4873055429
4873028116,4873646052
4874332647,4874930177
4874813973,4875000770
4875126323,4875313686
4875456069,4875955106
4875965937,4876093072
4876244716,4876395381
4876865475,4877434486
4879416534,4879808017
4880558078,4880786103
4886021898,4886424066
4886073401,4886215665
4886970848,4887306175
4887210949,4887422207
4887606515,4887928374
4888212190,4888538777
4889338113,4889680827
4889586644,4889893060
4889689083,4890072317
4889953405,4890822560
4891844944,4892042938
4893360489,4893501867
4894056647,4894566501
4894983429,4895391536
4895456395,4895714390
4895677574,4896195941
4895740455,4896297250
4897425147,4897562101
4897554232,4897997140
4897882205,4898236360
4898029485,4898174336
4898277748,4898602303
4899317356,4899405710
4900815282,4900882115
4901599241,4902046834
4901697980,4901957356
4902925271,4902965725
4902997655,4903187835
4903189237,4903442448
4904611592,4904829681
4904640365,4905253645
4904835345,4905422951
4905560670,4906028274
4906685840,4906935339
4907423055,4907924167
4908195840,4908736864
4910167954,4910290924
4911314578,4911360109
4913136877,4913670393
4914523210,4915141263
4916443548,4916864899
4918201390,4918494335
4921452541,4921990855
4921608491,4922037954
4925457596,4926038232
4925877928,4926437833
4926227247,4926616522
4926325235,4926452218
4927586572,4928126652
4927846123,4928233301
4932567097,4933196786
4936136813,4936495331
4940294664,4940462721
4940720085,4941024097
4942704818,4942952806
4942706559,4943007652
4947224585,4947568565
4948282052,4948682573
4949298677,4949928614
4949635008,4950075721
4949659951,4950114944
4950623909,4950888817
4951656100,4951981520
4953631574,4953931300
4954098873,4954571353
4954466710,4954899927
4954523985,4954659780
4954661947,4954743613
4954876814,4955438750
4954887929,4955133140
4955288892,4955639027
4955890437,4956571241
4956913325,4957154347
4958975222,4959190182
4959329342,4959461543
4960487533,4960601113
4960830110,4961114800
4961057447,4961293134
4962432160,4962780322
4962800871,4963186717
4962802394,4963197379
4964184678,4964509451
4966214376,4966557849
4966781654,4967072268
4967538443,4967594484
4967709590,4967829913
4969409364,4970019120
4970351124,4971030709
4971124291,4971472741
4972036141,4972652238
4974338283,4974498132
4974500021,4974995395
4977128404,4977230005
4979908594,4980091565
4980712100,4981066221
4981477139,4981871332
4982543445,4982904259
4982548423,4982897539
4982841916,4983123140
4983734135,4983787970
4984435985,4984829131
4984683602,4985166969
4986104983,4986329937
4986963761,4987309195
4990134001,4990755482
4991845712,4992317847
4992092676,4992678917
4992770143,4992915083
4992948254,4993426707
4995114466,4995435560
4997798282,4998015700
5000907103,5001042224
5002035133,5002106939
5002843201,5003462961
5003472369,5003937038
5003950947,5004253336
5004063417,5004107896
5004496507,5004525578
5004610377,5004803454
5005344444,5005764207
5005438393,5005946210
5005540137,5005677423
5006041681,5006448207
5007471376,5008304521
5007520686,5008329431
5008426191,5008516966
5009550264,5009627113
5010312108,5010891873
5011295673,5011954725
5011501220,5011769718
5011922541,5012307366
5014623950,5015183685
5014686125,5014938922
5015185662,5015667879
5015622185,5015934516
5016478480,5016968872
5017299929,5017552940
5018145013,5018349303
5018268788,5018304092
5019469166,5019716592
5022800379,5023094064
5024494051,5024815791
5024956154,5025078437
5025108909,5025580456
5027441620,5027892055
5028045650,5028281700
5028211817,5028260828
5029941984,5030225391
5030228830,5030463802
5031807519,5032317031
5032708895,5033660512
5033591749,5033927814
5033673514,5033886921
5034543432,5034839053
5034946711,5035506361
5036343748,5036638491
5037694469,5037776691
5038083348,5038414800
5039884461,5040074997
5040926450,5041301264
5041484301,5041830843
5041497913,5041810908
5042395226,5042950363
5042676100,5043158976
5043908675,5044674893
5044248971,5044542796
5044265173,5044523837
5045206272,5045665714
5045586890,5046132813
5045965203,5046407909
5048098895,5048143666
5050516356,5050742562
5051568484,5051922888
5051760233,5052132791
5052927541,5053265472
5053876549,5054403423
5053967781,5054012662
5054791384,5055448764
5055614594,5055945084
5056613345,5057136500
5058480553,5058611005
5059121874,5059308092
5060922921,5061104476
5061291696,5061697666
5062326247,5062474579
5062474431,5062541168
5063192119,5063722386
5067443212,5067777556
5067522954,5068013007
5067721055,5068215895
5069953399,5070116256
5070233612,5070387579
5071469670,5071499224
5071763685,5071879582
5072130704,5072751398
5072764102,5072811729
5075295741,5075769266
5075458781,5075577160
5075636831,5075877710
5079227313,5079685875
5080351896,5081056072
5080823824,5081290511
5080837411,5081391256
5081141609,5081532206
5081470683,5081726525
5082041353,5082406152
5084152163,5084709273
5085326485,5085385767
5086890778,5087407903
5087885993,5088039429
5088020347,5088468068
5089935432,5089981986
5090777461,5091030732
5091293541,5091542663
5091449284,5093287474
5093535408,5093809137
5095681479,5095751682
5095766969,5096153213
5097072413,5097615696
5097877595,5097917683
5097947369,5098155021
5099162868,5099511175
5099849002,5100338068
5099910993,5100274905
5100471446,5100545916
5102315971,5102735500
5102346223,5102497108
5102499153,5102734885
5104652699,5105131664
5104989157,5105581308
5106700734,5106787172
5110799378,5111519131
5111205227,5111713748
5112057651,5112363878
5112412586,5112752697
5114216251,5114633657
5114338360,5114573639
5116661257,5117464389
5117812400,5118024838
5118180508,5118400098
5118802674,5118904004
5119821423,5120392767
5121378718,5121645113
5122574977,5122966475
5124803599,5125131882
5126325439,5126467779
5128912500,5129540515
5129506696,5129535904
5132711203,5132842510
5133493908,5133816214
5135757257,5136084957
5136002617,5136450592
5137027517,5137353914
5139660170,5140201958
5140940524,5141425380
5141067386,5141317760
5141103907,5141390048
5141194458,5141647760
5142368301,5142827446
5142601568,5142901073
5143433836,5144034662
5144496035,5144566641
5147602673,5147790198
5148280135,5148721976
5148673597,5149152016
5149352515,5149829530
5151844537,5152344444
5151984699,5152588196
5152031760,5152441731
5152688657,5153198567
5152960644,5153204207
5154083837,5154226017
5155746387,5155957219
5155962538,5156281932
5157034602,5157530739
5158231844,5158857725
5158982794,5159200753
5159980669,5160209217
5160508483,5160824951
5160829300,5160867133
5161813938,5161984808
5162433995,5162940257
5162784814,5163223520
5166258402,5166439068
5167912440,5168259090
5168466859,5169121930
5170272265,5170397262
5171136285,5171473305
5171900993,5172048735
5172498150,5172972338
5172703836,5173043786
5175212205,5175351640
5176096463,5176591942
5176710777,5176805583
5176831107,5177256526
5177260390,5177459066
5177864494,5178522520
5178132496,5178293294
5180056287,5180385342
5180533000,5180877345
5181405654,5181814891
5181447324,5181632778
5182546103,5182788738
5183481371,5184154520
5183985198,5184258618
5184194654,5184560643
5185922665,5186372006
5185998205,5187104765
5186695189,5186740836
5187513750,5187691290
5188732654,5188815680
5189234012,5189823397
5190092341,5190375220
5190462295,5190689109
5190913107,5191104286
5191193976,5191390022
5191341505,5191549673
5191864936,5192182655
5193067372,5193327174
5193801334,5194124494
5194455651,5194825729
5196140212,5196653344
5197593615,5198151005
5200961566,5201090660
5202957853,5203300898
5203048844,5203755458
5203805985,5204395826
5203862067,5204356361
5208097505,5208612544
5209336285,5209969678
5209823966,5210228601
5210204339,5210221461
5210243187,5210383554
5210839844,5211565778
5211424773,5211550426
5212224592,5212857513
5215057004,5215407759
5215257526,5215660788
5216654715,5216828898
5217004388,5217117574
5217362402,5217773464
5218834938,5219179058
5219106035,5219494861
5219184300,5219667901
5220779803,5221272002
5221204185,5221814458
5221817422,5222051442
5224203717,5224415077
5224477168,5225004724
5225404231,5225883524
5226575823,5226636868
5227477585,5227910446
5228147064,5228688594
5229986473,5230521189
5230182702,5230564570
5230624064,5230879277
5232737204,5233008875
5232896662,5233313891
5233454072,5233867411
5234210022,5234554892
5237628829,5237925055
5243671641,5243905089
5243748650,5243905488
5243966689,5244110480
5244599278,5244823475
5244681825,5245201129
5245577498,5245969210
5249499275,5250016205
5250495246,5250650613
5251032893,5251239716
5251722954,5251744926
5252289787,5252839206
5255893102,5255948981
5256823063,5257199166
5257442766,5257742742
5257997805,5258382051
5258947159,5259407789
5259112227,5259421949
5259387004,5259706853
5262994052,5263399889
5263774974,5264435559
5265295096,5265312618
5265533244,5265706025
5267822349,5268770942
5268589138,5268947817
5269158476,5269576896
5269316429,5270076541
5269328007,5269632646
5269665499,5270142437
5270744392,5270843030
5272427470,5272532665
5273445229,5273646880
5273923742,5274397922
5274404011,5274814545
5275253889,5275461730
5276033468,5276404864
5276565162,5277130876
5276918521,5277081726
5279295764,5279381777
5279464741,5280009947
5280232862,5280299687
5281301083,5281867115
5284051497,5284383318
5284109732,5284629069
5284395084,5284519210
5284411269,5284865897
5285515543,5286101868
5285965028,5286167352
5286116091,5286179849
5286183017,5286389996
5286359505,5286585476
5286833692,5287089051
5287090640,5287662307
5288503226,5288657286
5290407838,5291019627
5291796051,5292083117
5292141263,5292905684
5292362115,5292913237
5295193629,5295767087
5295618557,5295945758
5295883243,5296123053
5295911913,5296178448
5297804583,5298004144
5297869893,5298205463
5298207733,5298419398
5298551040,5299135610
5298858363,5299255020
5299081594,5299715849
5299147708,5299346692
5299256653,5299813138
5301371619,5301428723
5301471851,5301816560
5302021356,5302450592
5302576599,5303013860
5303041256,5303321301
5303700169,5304223164
5304094007,5304449656
5305518748,5305682472
5305576994,5306035012
5306055588,5306347917
5306747582,5307028655
5306828983,5307234540
5308905391,5308949668
5309155700,5309723223
5309973298,5310141086
5310144349,5310489854
5311328928,5311558437
5311560371,5311712409
5312357418,5312883119
5312849660,5313531353
5312987652,5313436042
5313309427,5313695454
5315685828,5316098341
5316122559,5316176065
5316852369,5317197798
5317352799,5317620711
5317355189,5317777902
5318693810,5319036108
5319447289,5319608955
5320303182,5320812005
5321085163,5321693977
5322133589,5322193712
5322640129,5322697372
5323572393,5323790881
5324176753,5324330567
5324365647,5324627826
5325132283,5325513538
5328043603,5328579044
5328182890,5328286196
5332214986,5332475340
5332494215,5332692114
5332676467,5332774507
5332779237,5333347903
5334074912,5334612472
5334719395,5335015633
5335394190,5336346045
5337738738,5337838466
5337898520,5338340016
5341303778,5341648568
5341448955,5341798174
5344732025,5345221977
5346399063,5346818547
5346587955,5347088940
5347583674,5348040074
5347723102,5348663002
5348198933,5348534142
5350571190,5350997454
5351075214,5351477902
5351988757,5352299076
5352222322,5352722203
5352952626,5353584772
5354820626,5354891554
5357157018,5357300120
5358293041,5358609829
5358615811,5358896427
5360602082,5361027897
5362265926,5362478255
5363185892,5363518001
5363512051,5363977373
5364192020,5364361104
5364366725,5364452528
5364766998,5365263877
5365049220,5365453781
5365051101,5365447547
5366849888,5367453658
5367974071,5368698239
5372985996,5373320143
5373373900,5373679054
5373739861,5373999581
5374159271,5374229052
5375164259,5375339262
5375351686,5375800520
5375830604,5376102801
5375863765,5376129897
5377146736,5377578766
5378609877,5378766376
5381797335,5382098846
5382994659,5383735290
5383238486,5383805429
5384227610,5384278826
5384242801,5384370415
5386277015,5387105864
5386403235,5386835384
5386511821,5386966333
5386841204,5387393877
5388870283,5389369743
5390509749,5391073830
5390567202,5390903303
5391561443,5391975783
5391971797,5392414813
5393680473,5394128788
5397638957,5397765561
5398208088,5398791907
5398392032,5399219722
5399271021,5399839234
5399890295,5400117742
5400321080,5400652042
5401663754,5401970305
5402600824,5402790471
5404895465,5405467543
5405024105,5405516559
5407598126,5408147067
5408935889,5409378721
5409223661,5409669467
5409315337,5409835535
5411169834,5411410506
5416290351,5416466623
5417380277,5417624473
5417994013,5418561951
5420785296,5421025779
5421072989,5421570894
5421832069,5422425359
5422106769,5422370066
5422348302,5422811897
5424462994,5425022011
5425286668,5425643248
5427966995,5428862584
5428367176,5428752357
5430491877,5430820662
5430856842,5431198519
5430896846,5431172431
5431187122,5431581547
5431880880,5431976893
5431904871,5432107627
5432099065,5432569144
5432145962,5432698975
5432356696,5433085071
5432408477,5432875765
5432573949,5433004480
5433017300,5433452326
5433326225,5433817959
5433927355,5434354212
5433947062,5434283709
5436262765,5436434372
5436840155,5437206422
5439260145,5439362762
5439353165,5439811139
5440668378,5440816653
5441229260,5441811723
5443021899,5443614204
5443071598,5443501918
5443322902,5443786495
5443974546,5444180715
5444294881,5444490780
5445404097,5445726589
5445781919,5446276885
5446826069,5447105945
5447466822,5448057520
5448851314,5449299814
5449054169,5449375688
5451319786,5451547388
5452647643,5453080474
5453291069,5453677360
5453684177,5454223547
5456383299,5456825047
5456655726,5457060165
5457204807,5457602645
5457338100,5457751914
5460988022,5461345459
5461877177,5462068756
5461950501,5462208583
5462503291,5462965762
5462515048,5462896666
5463051645,5463346325
5463142898,5463743755
5463149679,5463614796
5464997474,5465224336
5465791705,5466043627
5466512199,5467131849
5469930124,5470119578
5469975886,5470412230
5470176330,5470465175
5472468350,5472842617
5473162917,5473528932
5474285560,5474881880
5475363862,5475995956
5475798605,5476073715
5476092060,5476239631
5478342473,5478681313
5479205326,5479628247
5480086797,5480560926
5480689548,5481220402
5483992017,5484516706
5485936413,5486174507
5488311262,5488684882
5488964619,5489259154
5489606968,5489941334
5491458754,5491880291
5491482316,5492016257
5492010693,5492461710
5492692803,5492770870
5492749309,5492931314
5495043351,5495320751
5495172973,5495643507
5495428132,5495719097
5495646191,5496334551
5496853751,5497300241
5497231361,5497851433
5497264603,5497747394
5498838416,5499322041
5501077422,5501184936
5501543846,5501890571
5501752818,5501949505
5503191610,5503844160
5505507566,5506288336
5506146483,5506527194
5506468892,5506929743
5506846647,5507339655
5508340152,5508442607
5511409279,5511646907
5512672405,5513052910
5514959684,5515391718
5515776817,5516136878
5517349386,5517925710
5519958557,5520152384
5520626800,5521299574
5521849350,5522300426
5522509399,5523012217
5523092850,5523243978
5523664333,5523680122
5523846173,5524214057
5524720083,5524934101
5524958053,5525250066
5525024958,5525226650
5525079564,5525153472
5525192379,5525263971
5526070763,5526302891
5527664115,5528121097
5529409212,5529992016
5529644143,5530210890
5530404583,5530912384
5531058214,5531369063
5532260489,5532583681
5536059395,5536685737
5536587954,5537071656
5537106169,5537414140
5537714920,5537832842
5537838781,5538318369
5538077412,5538659583
5538156689,5538598282
5539093202,5539524134
5539526028,5539589370
5540072792,5540287181
5540657587,5541013699
5541680337,5542240732
5542240592,5542495318
5542775887,5543187850
5543495307,5543831038
5543733638,5544060635
5544087714,5544413885
5544466576,5544960931
5545597442,5546043199
5545606007,5546129704
5545832235,5546376078
5547495093,5547835146
5548226378,5548473686
5548830208,5549402835
5549131003,5549717747
5549352172,5549814722
5550190440,5550219789
5551601287,5551931854
5552435089,5552976149
5552898816,5552989456
5553252781,5553855686
5553490273,5553760432
5553569479,5553676519
5554056346,5554214775
5554087937,5554154212
5555315526,5555673388
5557503808,5557867657
5558046550,5558604682
5558867027,5559133965
5559420703,5559622084
5560382728,5560408552
5561264748,5561498259
5562812995,5562838127
5564190048,5564594170
5565171905,5565660542
5565383490,5565798053
5568321679,5568363424
5569107271,5569602016
5571119454,5571525615
5571233812,5571739740
5573247257,5573822356
5573982043,5574136099
5574084197,5574393850
5574974297,5575386509
5575839734,5576001339
5576927805,5577002043
5577013893,5577489364
5577595356,5577769197
5577881912,5578310057
5580818651,5581175640
5582425074,5582839945
5583053081,5583225420
5583210759,5583243317
5583374890,5583830124
5584509344,5584835651
5584987939,5585477263
5585267111,5585704813
5588477329,5588954851
5588600082,5588865672
5589029474,5589618810
5589509608,5590095560
5589904888,5590234537
5590253372,5590433623
5590374300,5590779641
5593771532,5594080528
5594297897,5594608640
5594629923,5595058845
5595303349,5595683288
5596282392,5596329970
5596546693,5596895955
5596989608,5597141110
5597291524,5597580917
5601284249,5601895205
5603028207,5603736117
5603233211,5603820716
5604303256,5604746298
5604418600,5604632915
5604578729,5604688378
5604804697,5605121745
5606587608,5607167486
5606737371,5607232641
5607791403,5607969258
5610216534,5610648504
5611174971,5611471225
5613818708,5614156570
5614123690,5614522406
5615472911,5615724584
5616395760,5616600964
5616501050,5616630687
5616869882,5617330989
5617046294,5617215978
5618653699,5619083181
5618683867,5619021489
5619042561,5619222192
5623129242,5624041668
5623995715,5624077297
5625016324,5625133819
5625678053,5625903236
5625739291,5626132087
5626232961,5626807262
5627806840,5628208768
5628220419,5628259252
5632422095,5632637917
5633359373,5633394890
5635026184,5635234154
5635249270,5635666111
5635755680,5636052865
5636255002,5636597738
5636307877,5636735960
5636461651,5637054503
5636967569,5637501019
5638802782,5639516738
5639929499,5640365819
5642574523,5642986580
5642987653,5643441807
5643371484,5643709597
5644051512,5644330171
5644345068,5644869028
5644750175,5645147141
5644874061,5645024989
5645863894,5646239560
5646911589,5647375098
5647584200,5647911521
5647641423,5648035071
5648470673,5648832150
5648492216,5648927072
5649081173,5649270787
5650026344,5650506550
5650374547,5650525067
5650537662,5650739551
5650830566,5651265899
5652225062,5652594523
5652596028,5652765408
5652838092,5653157757
5657515278,5657708262
5658753882,5658954488
5658948040,5659215745
5659561332,5660025391
5659766541,5659875963
5660148412,5660670896
5661175888,5661704637
5661443377,5661919094
5664893196,5665378183
5665354986,5665616331
5667398938,5667720067
5667498959,5667625621
5668094095,5668793347
5669945163,5670196339
5670972981,5671470765
5672618338,5672812060
5672757447,5673414127
5672972014,5673305577
5673330982,5673455092
5675290175,5675934449
5676124804,5676322476
5676746580,5677147657
5676937039,5677279579
5677339266,5677665913
5677857565,5678723748
5678175545,5678416272
5678197340,5678688820
5679202736,5679887186
5679743623,5679984957
5680227938,5681022986
5680305744,5680697913
5680592906,5681121821
5681217171,5681625546
5681633180,5681989907
5681760469,5681893578
5684536537,5684961020
5685248697,5685715977
5685734343,5686216733
5686071095,5686220534
5687060106,5687618073
5687253215,5688234664
5688393478,5688742117
5689219681,5689659750
5691409514,5692042889
5692092359,5692716288
5692955377,5693484442
5694082380,5694520285
5694827228,5695118608
5696824161,5697227720
5697044696,5697261512
5697630226,5698079496
5697782812,5698041652
5698886221,5699576032
5699848767,5699936954
5702074867,5702162483
5703810303,5704851128
5704276716,5705090578
5706963191,5707468946
5707614413,5708149242
5708606874,5708863350
5709615623,5709905955
5710974498,5711559743
5713172377,5713573353
5714312620,5714916882
5714455076,5714799589
5715796294,5716472999
5716444297,5716753724
5718800584,5719175978
5720328687,5720377956
5723015424,5723386361
5723018725,5723195944
5723629663,5723940523
5723649790,5724125043
5724734409,5725109006
5725655997,5725888033
5726354098,5726836784
5726367628,5726386638
5726533265,5726695601
5728738288,5729052332
5728934567,5729667991
5730612676,5731015238
5730810633,5731441307
5733013055,5733474476
5733042948,5733093420
5733102833,5733496208
5734637072,5734764964
5735238502,5735493961
5736014194,5736447780
5737215174,5737892942
5737217549,5737950733
5737531067,5737846015
5738279944,5738382050
5738837324,5739181679
5740227029,5740655338
5740463198,5740565329
5741904570,5742115348
5742528631,5743183036
5743490950,5743636151
5743846904,5744425348
5744680350,5745234006
5744778639,5745161846
5745561129,5745774322
5746297116,5746742809
5747475465,5747750862
5747705211,5748180210
5750589263,5750641088
5750952469,5751576890
5753044531,5753338835
5753457248,5753602539
5753500889,5753834663
5755469834,5756106180
5755679406,5756019745
5756113336,5756560833
5756115346,5756947826
5758459388,5758569721
5758904521,5758962156
5759023812,5759318696
5759330323,5759898643
5759398087,5759536735
5760739730,5760898756
5761066588,5761320514
5761094921,5761688788
5761428213,5761787322
5761922647,5762390023
5762512203,5762737552
5763213079,5763623285
5763324546,5764077077
5767088660,5767486906
5767195588,5767800819
5769019551,5769348207
5769930472,5769964838
5769971941,5770091545
5770264052,5770464350
5770541973,5770741113
5770747288,5770947774
5772166592,5772483756
5772304982,5772883303
5776705743,5777036724
5778521493,5778763670
5778632620,5779394383
5779687360,5779784803
5779938483,5780375827
5780424225,5780480254
5780514679,5780932222
5781444457,5781805880
5781826648,5782128322
5783490378,5783542455
5788852255,5789507308
5789066206,5789414523
5789423890,5789866446
5793053819,5793458477
5793944552,5794222897
5794576055,5794840534
5794621347,5794970719
5794827315,5795244635
5799583845,5799839589
5800280949,5801147942
5802334740,5802934916
5802659669,5803070126
5802839901,5803353306
5803423789,5803468669
5803455956,5803714968
5803892006,5804532168
5804541761,5804817773
5805708878,5806089632
5806349015,5806676901
5807106489,5807622376
5808243991,5808670826
5810630222,5810891509
5810987337,5811342200
5811436490,5811501557
5812280694,5812684769
5812717033,5812850847
5813254119,5813676465
5814041571,5814387033
5815489044,5815762181
5815899170,5816857871
5817306848,5817862073
5817587079,5817675686
5817688983,5817816978
5820169149,5820678081
5820909274,5821042848
5822073044,5822155788
5822444879,5822805026
5824202714,5824417622
5825254610,5825692280
5825420208,5825915746
5826432673,5826744822
5829351217,5829798119
5829442378,5829557709
5829872274,5830442963
5830599294,5830637002
5831105061,5831278619
5832881896,5833027062
5833799310,5834408169
5833852960,5834048138
5834516885,5834798435
5835438636,5835455302
5835857556,5836052752
5836663295,5836687708
5836996886,5837510916
5837414012,5837546438
5839002934,5839154498
5839100194,5839488231
5841609438,5842097750
5843137258,5843491634
5844168170,5844777445
5844433634,5845209399
5844629772,5844910051
5844797217,5845507289
5846529308,5846978584
5848387882,5848704037
5849452963,5849723857
5849494703,5850408500
5850940969,5851525615
5851842045,5851876585
5852379027,5852530855
5852650307,5852979565
5852750908,5853416582
5854069223,5854217996
5854501387,5854860028
5855094683,5855325072
5856099800,5856121408
5857164629,5857667408
5859525183,5860691498
5860384661,5860908868
5860975303,5861282241
5861185329,5861486309
5862273229,5862734390
5865239262,5865836312
5866966654,5867334895
5867356407,5867724072
5867645655,5868181884
5869331744,5869803617
5870406207,5870454145
5870772061,5871122995
5870946022,5871092291
5871792616,5872265631
5872696689,5873021102
5874977349,5875493785
5875323283,5875504651
5875979173,5876514686
5876359455,5876511285
5876640203,5877093547
5878233019,5878493517
5878920507,5879105564
5879126370,5879451070
5879632301,5880211883
5881048150,5881443554
5882344821,5882722910
5882626744,5882985975
5882733545,5883403589
5886555951,5886822138
5886603024,5887009997
5887019388,5887681435
5887021373,5887688231
5887225330,5887847478
5887468006,5887951354
5889525368,5889959498
5890130918,5890431891
5890371300,5891151135
5891161601,5891627351
5891690562,5891984634
5892259499,5892442639
5893495695,5893866277
5894430761,5894994002
5896998371,5897346177
5899691510,5900004476
5900795028,5901315862
5901713938,5901884513
5902281252,5902356261
5902295411,5902619929
5902760456,5903264883
5904224789,5904477394
5905194682,5905882570
5907466154,5907646203
5908455987,5908864624
5908836172,5909017280
5909099680,5909134225
5909214513,5909759599
5910439174,5910818364
5910714930,5911188857
5910725838,5911198499
5911321413,5911429013
5911412725,5911802249
5914583308,5915175426
5914676118,5914790393
5915448475,5915879942
5916811703,5916999546
5917206262,5917487597
5918251146,5918287322
5919147681,5919972328
5920961960,5921272808
5920992231,5921506156
5921638495,5922075775
5922825527,5923031457
5923221965,5923609631
5924458341,5924853070
5924859789,5925293525
5925334638,5925408979
5925555596,5925928279
5926603240,5926679945
5926621097,5926950411
5930783997,5931086693
5931655545,5931928642
5932678511,5932929594
5933187461,5933858181
5934474665,5934790574
5936348909,5936655288
5938050787,5938353144
5938677455,5939077397
5943049328,5943337863
5944041319,5944444731
5946986418,5947743424
5947313983,5947800271
5948426744,5949071605
5948495927,5948917286
5948546747,5948851806
5950977741,5951238799
5951551555,5952061733
5951875243,5952280727
5953104989,5953261159
5955261418,5955464719
5955387203,5955800842
5956051065,5956496517
5956204339,5956740909
5956682527,5957223682
5956880862,5957008319
5956951606,5957233978
5957711031,5958060438
5959601751,5959767060
5959775218,5960114167
5960349752,5960757683
5963229228,5963422407
5965031230,5965463218
5967036538,5967195412
5968545504,5968718142
5970342133,5970924360
5970356868,5970390189
5972766199,5973124027
5973414569,5973949193
5974442622,5974675948
5974911215,5975207048
5975217820,5975413646
5975816200,5976175679
5975830366,5976412394
5976414510,5976520268
5976531843,5976995907
5978165638,5978630410
5981056566,5981373217
5982349362,5982691335
5983210792,5983280146
5984746619,5985278434
5985625989,5986057644
5986548566,5986928496
5987153356,5987576821
5987212850,5987460967
5989669307,5989956692
5989698214,5990002750
5990009989,5990251308
5990349706,5990635410
5992676769,5993109862
5993190919,5993270722
5994644711,5995056316
5995388306,5995800900
5995655540,5996326923
5996400951,5996800720
5997186891,5997562895
5997425364,5997542352
5998564854,5998900920
5998990526,5999685493
6004108344,6004746391
6005562307,6005858163
6006450129,6006718334
6007335790,6007772023
6007825347,6008160181
6009049235,6009410770
6010011402,6010495443
6011540980,6012212584
6012583481,6013388452
6014498818,6014792425
6016736079,6017250505
6016871375,6017092158
6017818110,6017845170
6018899899,6019203629
6020511048,6021142119
6023176391,6023577003
6023502937,6023925949
6023705873,6023846443
6025675911,6025947800
6026276320,6026526690
6026599154,6026779210
6027556857,6027693586
6027854714,6028483881
6030582346,6030710169
6030761234,6031317076
6031865438,6032191694
6032335063,6032786393
6033462976,6033921590
6034541419,6034613202
6035127608,6035801747
6035860154,6036448435
6036874435,6037109513
6037085135,6037211128
6037741312,6038086728
6037978710,6038084672
6039595937,6039846279
6040427932,6040680160
6041751720,6042157615
6042012733,6042652189
6042258002,6042470809
6042270150,6042296227
6042956529,6043222465
6044890654,6045205580
6045485689,6045942127
6046714780,6047014037
6047120042,6047324368
6047270933,6047797343
6047334742,6047797858
6047375217,6047638266
6050457034,6050474737
6051209605,6051800364
6053302115,6053846834
6054668762,6054988092
6054898405,6055476340
6055064802,6055389821
6055397123,6055821893
6056346255,6056923123
6056684336,6056782854
6057346219,6057685115
6057605920,6058056376
6058572876,6058752733
6058763932,6058927964
6059463869,6059605172
6060571678,6060754806
6062980695,6063167661
6064379193,6064537162
6070359692,6070555282
6071167662,6071621983
6073348736,6073719016
6074878079,6075006571
6074923264,6075023229
6075936668,6075960514
6077381091,6077641619
6077457272,6078011981
6078667908,6078737743
6079410644,6079855848
6079413871,6079658389
6079525393,6079871430
6080139386,6080677452
6081821310,6082088370
6082133025,6082618447
6082295645,6082842660
6083991333,6084068826
6084001808,6084417045
6084432816,6084849500
6086231248,6086457236
6086644726,6086806644
6088419711,6089060072
6088824746,6088950200
6088966007,6089216681
6089836236,6090431885
6091102408,6091215716
6092323289,6092604221
6093063338,6093324178
6095775776,6095952820
6096493487,6096817820
6098559404,6099060321
6098924739,6099155990
6102308934,6102607346
6106449404,6107011621
6110129619,6110610800
6114342918,6114509378
6114660476,6115709225
6117313230,6117874334
6117405801,6118084797
6117807114,6118147419
6118197999,6118314513
6119120917,6119449147
6119805242,6120197506
6119983807,6120030872
6121303808,6121737539
6121913450,6122283719
6122134410,6122416510
6122582369,6123040705
6125013967,6125311233
6125633919,6126302857
6126345694,6127146680
6127266012,6127909225
6128230786,6128512881
6128519544,6129114590
6129140304,6129692685
6131437022,6131612857
6132722945,6133040774
6132741756,6132785815
6134682612,6134827800
6135905887,6136285104
6136154998,6136641343
6136940660,6137057507
6137042765,6137300023
6138450371,6138585621
6139899158,6140397856
6140967433,6141350563
6141451820,6141783251
6141525204,6141860652
6142796290,6143222294
6145626408,6146381015
6147584569,6148111981
6148199344,6148625275
6148926165,6149542975
6149377347,6149391534
6149633267,6150028258
6150573342,6151086903
6151792693,6152399724
6152184498,6152610464
6152401535,6152865169
6153397824,6154242600
6154586174,6154945173
6156124630,6156470325
6157039918,6157431383
6158205405,6158376937
6159165334,6159591292
6160489472,6160829806
6160896401,6161289724
6161036113,6161131351
6163583541,6164017474
6165282741,6165436640
6165772446,6166312088
6167266495,6167567740
6168631979,6168981943
6169325031,6170026067
6171436332,6171676734
6172140323,6172561758
6172651957,6173074658
6173950268,6174537319
6174168773,6174427428
6174171553,6174598822
6175431529,6175674715
6178986263,6179343004
6180263680,6180632096
6180877205,6181154516
6180901253,6181080659
6184152765,6184734414
6184738862,6184866276
6188706335,6189831460
6190430751,6191043678
6190652689,6191187745
6191037982,6191215844
6191616237,6192185704
6192410279,6192819908
6192763570,6193189516
6192810495,6193001639
6195368883,6195707081
6195919336,6196131658
6196045487,6196439556
6198775892,6199043307
6199116752,6199344185
6200041759,6200420292
6201419461,6201818998
6202530364,6203197303
6203007691,6204089123
6203788304,6204207626
6206231351,6206742045
6206999477,6207526766
6207127493,6207550198
6207667102,6207863334
6207902847,6208514036
6208474219,6208738339
6208639461,6208734688
6209301737,6209754893
6209505118,6209755440
6210669297,6211264789
6211539285,6211600865
6211646898,6211735195
6212519825,6212856760
6214039834,6214426956
6215156184,6215527059
6215605390,6215944752
6216037112,6216491006
6217941972,6218293686
6218337847,6218602635
6219677446,6220299792
6220971731,6221116328
6221861549,6222469897
6222196456,6222691580
6222474553,6223305164
6222702568,6223042776
6223258943,6223819586
6223289273,6223398942
6223606080,6223687067
6224042602,6224126885
6225337211,6225570633
6226868379,6227308148
6230736851,6230771221
6231842398,6232182261
6233604338,6234157818
6234614437,6234667412
6235692513,6236092934
6237415196,6237685492
6237845807,6238373280
6238808942,6239159253
6239341166,6239649761
6239583224,6239894157
6239752375,6239904389
6240522016,6241074275
6241243160,6241510383
6241788390,6242052440
6242357272,6242529886
6242576591,6243109609
6242581739,6242755375
6242995233,6243340902
6243061608,6243564602
6243589927,6243959058
6243703634,6244373496
6244342635,6244963018
6245001203,6245627309
6245978281,6246574923
6246124942,6246793742
6248488560,6249615514
6250471386,6250620022
6250665585,6250750840
6251976093,6252086853
6252312524,6252766217
6253593315,6253959630
6254303461,6254406024
6254681228,6255122080
6255549795,6255755982
6255962694,6256272614
6256224926,6256363501
6256455940,6256831784
6256906061,6257298466
6257159496,6257181847
6258336294,6258592735
6258625784,6258963421
6259050335,6259547036
6259264297,6259453321
6260302532,6260794927
6262099934,6262462291
6262265233,6262924260
6263907520,6264231783
6264405361,6264770826
6265193499,6265553235
6265307208,6265473661
6266287976,6266956497
6266774491,6267034997
6266808234,6266938567
6267542169,6267687307
6268529360,6268837012
6270926930,6271230051
6272890584,6273526819
6272949901,6273458933
6273150981,6273354811
6273398056,6273788272
6273841048,6273867318
6274878749,6275062337
6274920868,6275296806
6276192874,6276328316
6276364454,6276877348
6276389526,6276751381
6277798665,6277969357
6278437865,6279017858
6278922861,6279067586
6279022842,6279488678
6281123695,6281185067
6282887804,6283235607
6283233385,6283366534
6283376889,6283695800
6284655787,6285230537
6285556702,6289900079
6291454297,6291627706
6291836620,6292208211
6292866402,6293230388
6293579757,6294031976
6294559675,6295102692
6296500568,6296779352
6296914870,6297246104
6296975018,6297495377
6296975133,6297149294
6297974357,6298438996
6298041478,6298316563
6298346850,6298774559
6298874419,6299505734
6299207023,6299347401
6300263767,6300642465
6301000393,6301157134
6301073369,6301213198
6301550108,6301932160
6301832371,6302076161
6302116433,6302675512
6304120794,6304721359
6305340000,6305719620
6308856310,6309261727
6313832346,6314031052
6314123000,6314694579
6314696276,6315158056
6315590104,6316006641
6317341252,6317574488
6318339719,6318530264
6318958621,6319214246
6319227522,6319644592
6319404073,6319480724
6320018901,6320515013
6320655820,6321166015
6321366940,6321505883
6321563370,6321902042
6324389768,6325137062
6325683271,6325996587
6327412542,6328157512
6327916349,6328263068
6328168677,6328621479
6328800239,6329388087
6328886948,6328987093
6329230087,6329893677
6329290731,6329844846
6331190039,6331752655
6332091879,6332335741
6333408464,6333723675
6336158686,6336517791
6336523928,6336979657
6336782907,6337191339
6336819314,6337217769
6338020368,6338199515
6338626858,6338746928
6339231810,6339386645
6339452614,6339710822
6340299291,6340360921
6342905088,6342971512
6344153319,6344405983
6344277323,6344652517
6346195514,6346534989
6347959275,6348607214
6348554342,6349124334
6350483735,6350702050
6350634586,6351095018
6350756986,6350898245
6351800865,6352076081
6352018327,6352064891
6353253035,6353898136
6354533110,6354665626
6355173111,6355717644
6358657270,6359164016
6359644118,6359665745
6360450690,6360594780
6361143947,6361331040
6361221904,6361782089
6361996633,6362527933
6362713738,6363106725
6363273527,6363383106
6363430818,6363707211
6364294773,6364616870
6367151672,6367256615
6367265426,6367343778
6367554817,6367924886
6367702873,6368245211
6368040292,6368112217
6369381680,6369722349
6371869936,6372383821
6372795144,6373102674
6372914613,6373292797
6372950052,6373232779
6374822272,6375371148
6377103208,6377445235
6377488653,6377878564
6378228538,6378754070
6378628855,6379001161
6379144531,6379589515
6381321748,6381697487
6384889080,6385135451
6385347267,6385711108
6385571247,6386094505
6385766776,6386289397
6387366857,6387743327
6387495606,6387574526
6390797056,6391035621
6391145068,6391191833
6391211083,6391722999
6392231596,6392361146
6393511091,6394056079
6393698646,6394058114
6395788965,6396397296
6396416349,6396502037
6399867500,6400257950
6400411883,6400777726
6402172256,6402473070
6402917251,6403342481
6403038883,6403491572
6404425227,6404833076
6404939243,6405312546
6405392503,6405551950
6406724929,6407229190
6406839019,6407146675
6407121346,6407931752
6407417374,6408092184
6409294282,6409756527
6409705409,6409998102
6409860456,6410042256
6410006453,6410092050
6410608400,6410894797
6411217682,6411505886
6411297633,6411426640
6411949912,6412308413
6412430605,6412920299
6417436208,6417723725
6417982521,6418329991
6418138179,6418570128
6419464501,6419755025
6420243059,6420866011
6420644946,6421197023
6422419970,6422546898
6422825526,6423130319
6423626858,6424049953
6424211733,6424892592
6426014401,6426164311
6426155174,6426627770
6426217809,6426815393
6426817429,6427161474
6430396178,6430430804
6432287738,6432568460
6434130647,6434594700
6435277372,6435343028
6436785602,6437113906
6436814813,6437062579
6436900391,6437029747
6438498574,6438921356
6439166916,6439292314
6439499416,6439820220
6440068667,6440452536
6440491644,6440884539
6441527200,6441930868
6441693955,6442046570
6444061182,6444370918
6444398547,6444849910
6444497993,6444888540
6445398990,6445592835
6445686830,6445795079
6445865095,6446402187
6447759718,6447903876
6447775112,6448205485
6450269153,6450815928
6450744025,6451269647
6450789474,6451129443
6451418759,6451956642
6452498445,6453040445
6453804402,6454003599
6454349241,6454653065
6457594833,6458001295
6458535127,6459090650
6459272708,6459365399
6459680227,6459793391
6459984037,6460499935
6460011105,6460342431
6460252517,6460814329
6463156402,6463715640
6463227594,6463621715
6463449429,6463964539
6463467569,6464083098
6465241082,6465832306
6465408780,6465943559
6465827441,6466042183
6465969422,6466169644
6466011712,6466824800
6466346307,6466632752
6466621134,6466966827
6466786272,6467009092
6467289466,6467674979
6467366950,6467493892
6469857850,6470226007
6470253581,6470361286
6471086598,6471660032
6471335384,6471673111
6473170669,6473391567
6473614839,6473975849
6475043266,6475472321
6475643783,6475959732
6475687417,6475855252
6475856212,6476123675
6475985065,6476391841
6475991415,6476482009
6478147789,6478633459
6478180629,6478412267
6480122930,6480296314
6481064810,6481479013
6481685409,6481769108
6483060179,6483286096
6483296920,6483553776
6484900084,6485015164
6486908734,6487442237
6487335238,6487712227
6487476290,6487532329
6488257678,6488614079
6489205528,6489542601
6490650120,6490959195
6491011626,6491495311
6491717687,6491999980
6492539671,6492992019
6493326530,6493598133
6494854929,6495143607
6497313939,6497409996
6498206854,6498738673
6500817774,6501183292
6502026786,6502341947
6502049524,6502624512
6503073986,6503513263
6503734510,6503891608
6505614486,6505691380
6505670451,6506009045
6505734896,6505953778
6507585638,6507865093
6508233688,6508358646
6509698111,6509845640
6509881281,6510515331
6511050896,6511613851
6511295031,6511589754
6512511609,6512921961
6512693854,6513223628
6513237956,6513935285
6513789189,6514110078
6514009625,6514044313
6514660259,6514897461
6515050573,6515095759
6516701220,6516848823
6516935822,6517234503
6518100568,6518759389
6518797475,6519507755
6519336310,6519475801
6521197956,6521787703
6521211814,6521657087
6521281728,6521822562
6521616355,6521726049
6521794196,6521871140
6521908647,6522006602
6522362503,6522931041
6522921079,6522972988
6523909851,6524147683
6527545158,6527679320
6528369658,6528622575
6528624577,6528870571
6529091986,6529580496
6529477608,6529653049
6530623148,6531226752
6532003627,6532112753
6532480343,6532806372
6532810163,6533055668
6533743327,6534332881
6534238133,6534362485
6535041996,6535656379
6537896285,6538435250
6540057421,6540694784
6543452019,6543900717
6543665171,6543958991
6546887204,6547003070
6548943067,6549390810
6549387774,6549914773
6549557453,6549970875
6550522866,6551029159
6551183277,6551407184
6551278490,6551613402
6551307111,6551609383
6552495372,6552800934
6553780806,6553889404
6555637118,6555889393
6555665400,6556031529
6555892898,6556237641
6555989235,6556139793
6556107518,6556598564
6558491335,6558674383
6562369006,6562471652
6562478429,6562890965
6562902273,6563823878
6563299858,6563611921
6563698477,6563948265
6567162894,6567592631
6567360441,6567558344
6568489727,6568514126
6569441795,6569616931
6570910669,6571293643
6572444301,6572689482
6573360218,6573476750
6575933346,6576434831
6576230995,6576435152
6576434138,6576768736
6576998274,6577409025
6577125586,6577360374
6577249637,6577743836
6578659135,6578873003
6580163758,6580472098
6582173414,6582489698
6582755651,6582869919
6584498371,6584546935
6584637424,6584720863
6584653465,6585211788
6587489727,6588026229
6588759735,6589386819
6590634565,6591357965
6590783414,6590970159
6593395107,6593920031
6594130244,6594279355
6596615634,6597213173
6597300263,6597486494
6598046801,6598069604
6599429045,6599877588
6599732134,6599867324
6602218830,6602513994
6603414482,6603658292
6605318613,6605403933
6605892689,6606343638
6607794233,6607960434
6608155350,6608518317
6609391100,6609737828
6609406692,6609613264
6609516782,6609662238
6609654304,6610152192
6611400340,6611838801
6612367337,6613278304
6613265527,6613537930
6614578875,6615050724
6614909605,6615516927
6616101134,6616714714
6619499778,6619604532
6620750823,6621221110
6621793813,6622173040
6622936235,6623181575
6623452521,6623597357
6623626979,6623992107
6624680738,6625099483
6624830635,6625517618
6626217375,6626853773
6630357178,6630461966
6635313788,6635559629
6635363311,6635549252
6637178528,6637715811
6638464469,6638702059
6640935307,6641537494
6642243257,6642567731
6643828627,6644087230
6643908395,6644345341
6644146989,6644269381
6645466372,6645862174
6645574803,6645964290
6645994691,6646516062
6646520684,6647064178
6649346987,6649561892
6651753926,6652124861
6652231734,6652483122
6652378718,6652612114
6652613566,6653523863
6654828626,6655244329
6655504802,6655861511
6655708856,6655954835
6656593965,6657033884
6660797986,6661406896
6661372201,6661671071
6661683242,6662029937
6662396619,6662534511
6663038111,6663557073
6663642137,6664019603
6663837177,6664455787
6665586195,6666061103
6666072915,6666574657
6667058456,6667613673
6667212557,6667789991
6667631441,6667849757
6667864979,6668104370
6667976495,6668200321
6667994409,6668043960
6668211668,6668678728
6669068151,6669437007
6669628179,6670436248
6669648427,6670228634
6670356742,6670800565
6673129692,6673356324
6673882138,6674378453
6674019988,6674286560
6675980658,6676120523
6676164008,6676564735
6677120456,6677417361
6679102671,6679463796
6682204540,6682591034
6682990050,6683267470
6683565691,6684161260
6686172032,6686436589
6687978707,6688253304
6688017462,6688288998
6688244643,6688701482
6689669578,6690113258
6690500769,6690858192
6691189153,6691790669
6691804291,6692097045
6693615390,6693661506
6694232543,6694391152
6694850883,6695898095
6694879398,6695965042
6695685003,6696169448
6696977327,6697173057
6698848972,6699375869
6699870433,6700258371
6700535952,6701467933
6702159457,6702684101
6703303990,6703868038
6703877980,6704315279
6705042729,6705458339
6705573541,6706159975
6705870760,6706722193
6706533963,6706888435
6707259822,6707502516
6707354251,6707528482
6708872845,6709346731
6710046370,6710654711
6710197045,6710474095
6710311375,6710627739
6712555238,6712642467
6714991515,6715529523
6717197844,6717422545
6717360258,6717700047
6717478212,6717750760
6717674131,6718045307
6718240691,6718796617
6718389112,6718807391
6718516834,6719098980
6721441921,6721759358
6721593715,6721996260
6722525764,6722942173
6724054768,6724587947
6724591188,6725170979
6725086900,6725450583
6727854265,6728090093
6730211902,6730510660
6730829143,6730909383
6731098624,6731533627
6731855359,6732139958
6731956239,6732129141
6732135972,6732345578
6732540823,6732989764
6733250804,6733388067
6734971288,6735356633
6735299072,6736219740
6735693331,6736132084
6736272917,6736797826
6736386268,6736720698
6736725091,6737116902
6738450903,6739007145
6738625826,6738873314
6741883668,6742322479
6742246886,6742779909
6742777003,6743142938
6742800916,6743264254
6743193742,6743540493
6745595483,6745904349
6747647332,6747882329
6747772513,6748299593
6747816597,6748161131
6748085976,6748741916
6748472832,6748946813
6749992734,6750347786
6750204365,6750562870
6752634020,6753215995
6753722364,6753901227
6757378394,6757416106
6758709462,6759350203
6760664116,6761275866
6761369983,6761713315
6761684644,6761791210
6763180297,6763357416
6763761315,6763939092
6764818960,6765366623
6764889176,6765210343
6767107008,6767313437
6767633033,6768447973
6772782959,6773309891
6772921157,6774136804
6773297800,6773611222
6774135997,6774673381
6775150810,6775766267
6777343155,6777841359
6778465457,6779253279
6778691199,6779005951
6780196323,6780499120
6783202970,6783633338
6783311367,6783764113
6784334197,6784376109
6784608036,6784967767
6784891510,6785352670
6786961326,6787479647
6789149666,6789414058
6790323724,6790720718
6791666373,6792309281
6793311273,6793625789
6794050988,6794474964
6794642201,6795340400
6794865241,6795188587
6795417234,6795526200
6795717074,6795987134
6796557550,6796909515
6797582347,6798162999
6798076823,6798348672
6798636832,6798697988
6798716963,6799050996
6798733225,6799400388
6800508449,6800701270
6801199151,6801307485
6801339406,6801929342
6802106744,6802736375
6803108140,6803254297
6805979282,6806373610
6806801341,6806987943
6807044316,6807145324
6807097258,6807759157
6807340418,6807591018
6807538628,6808255686
6808434025,6808965721
6810939237,6811491922
6811306020,6811410975
6811967978,6812212114
6812501673,6812741375
6812950391,6813275301
6813826028,6813987322
6814073037,6814814424
6816454978,6816818595
6816598889,6816696304
6817487969,6818032286
6817599255,6818193136
6818745062,6819305031
6818909653,6819283155
6820111982,6820225443
6820324408,6820576681
6820640946,6821060499
6821698752,6822304151
6821967028,6822523766
6822484427,6822957953
6825848951,6826299121
6826633309,6826885476
6826638983,6827180077
6828352996,6828408976
6829806601,6830493269
6831046286,6831369090
6831189461,6831531844
6831993995,6832395648
6832282948,6832839578
6832891320,6833225642
6833353939,6833675754
6835227319,6835896075
6836009256,6836562331
6836569511,6836963322
6837380472,6837875451
6839563617,6840063803
6839703157,6839994319
6841137341,6841738154
6841377964,6841559560
6842212110,6842571139
6843706428,6844210467
6844896604,6845555021
6845210063,6845238575
6846742540,6847253134
6847127407,6847649828
6848174167,6848253634
6848283915,6848676620
6849081061,6849592702
6851813027,6852257252
6853684723,6853819989
6855321844,6855780272
6856387541,6856583705
6856685262,6857080166
6858968791,6859431299
6859436737,6859957994
6860342607,6860656145
6863193529,6863532987
6864144086,6864612402
6865512760,6866081885
6865749370,6866362840
6865975233,6866269715
6866558552,6866689206
6867210688,6867402590
6867332518,6867801971
6867347903,6867936053
6868931748,6869125573
6869341823,6869586535
6869610089,6869627014
6869663372,6870139788
6869944164,6870044188
6870725331,6871183924
6871624750,6871670152
6871877126,6872002538
6872859925,6873173722
6876807895,6877087973
6876868166,6877233197
6878281393,6878456541
6879528367,6879984785
6880823760,6881416551
6881958961,6882041222
6882262595,6882798770
6884046896,6884292646
6884333063,6884793350
6886885027,6887042305
6886926161,6887194479
6887945919,6888069566
6888026528,6888626541
6888345025,6888456358
6888374027,6888759265
6888612023,6888975039
6888652957,6889359173
6891074348,6891175283
6892809290,6893231764
6893921680,6894492825
6894159219,6894487613
6894995442,6895487270
6896152130,6896609928
6897976653,6898257480
6900714385,6901130622
6902924500,6903227867
6904480931,6905000599
6905928806,6906070946
6906536917,6907047762
6906812169,6907260214
6908155983,6908416089
6908431839,6908514735
6908497750,6908779918
6909340338,6911207657
6912880652,6913758739
6913029589,6913770687
6914668825,6914830913
6915459184,6915515553
6915943436,6916410091
6917220580,6917417980
6917930384,6918156904
6919781819,6920038078
6919996866,6920372258
6920431581,6920836676
6920746979,6920892723
6922118310,6922256639
6923314198,6923618254
6923894781,6924647685
6924115897,6924555851
6925801574,6926066119
6926067471,6926922988
6928341169,6928564851
6930433229,6930600051
6931644668,6932184143
6933261204,6933357929
6935554271,6935798452
6936909913,6937322715
6937856115,6938410249
6939163613,6939428297
6941330525,6941787385
6942251851,6942364618
6943734223,6944098408
6944114845,6944785761
6944577086,6944699126
6945293843,6945830351
6945331170,6945396343
6945733601,6946400959
6945804771,6946036333
6947532939,6947990394
6947956753,6948124225
6950606295,6950824641
6951984458,6952606007
6954317865,6954550830
6954767559,6954801185
6956323818,6957005353
6957171311,6957362018
6957892152,6958309361
6958162672,6958856234
6958879630,6959401180
6958953606,6959468830
6960649393,6961029406
6961996686,6962039354
6962128098,6962633203
6963896546,6964622641
6964630951,6964948733
6964785104,6965262109
6964797766,6965203646
6965968056,6966174016
6968443111,6968485618
6968872908,6969097152
6969339055,6969531647
6969376349,6969460978
6970278758,6970826315
6970644939,6970832762
6971275440,6971654450
6971453416,6971833340
6971647636,6971972166
6974181559,6974463631
6974605304,6975084198
6975208288,6975615931
6975995735,6976178096
6976209309,6976525354
6978651876,6978742020
6978819549,6979098989
6978894546,6979311001
6979006331,6979598525
6979660250,6980218148
6979917526,6980323512
6979980683,6980323734
6980303235,6980716424
6981053136,6981249036
6981536437,6982097195
6981877824,6982116644
6983363360,6983751682
6983782522,6983954222
6985470552,6985986238
6986707142,6987108222
6986808873,6987107740
6988600087,6989125377
6988702969,6989083208
6989083341,6989346349
6994997356,6995636929
6995674864,6996152983
6999600784,7000263353
7002199002,7002454759
7002717946,7003405069
7004257445,7004367965
7005307290,7005446102
7006948310,7007318318
7007224726,7007599996
7007965322,7008260228
7009090827,7009278176
7009221114,7009588398
7010876667,7011463295
7011596408,7012373087
7012793185,7013280597
7013003144,7013487123
7013501507,7013637765
7015389671,7015744536
7015674512,7015808595
7016548849,7016754735
7017324093,7017600720
7017991959,7018613234
7021518673,7021827247
7022516968,7022924936
7023068484,7023734134
7024243656,7024589973
7025667240,7025869528
7026033237,7026394383
7027488957,7027908613
7028646082,7029070088
7030927169,7031341977
7033781565,7034374889
7034053485,7034156961
7036105832,7036581595
7036583772,7036626256
7037940852,7038269375
7039769459,7040181303
7040445939,7040927491
7043607138,7044050199
7043886034,7044327706
7045045520,7045528499
7045739395,7046123962
7046471897,7046788921
7046711361,7047181094
7048225865,7048296140
7051043467,7051490361
7051670153,7051934955
7052679482,7052824166
7052712886,7052918276
7053896311,7054006277
7053952721,7054347545
7054011004,7054460082
7054366255,7054961932
7055605436,7055742837
7058238683,7058584354
7058681907,7058770969
7058961417,7059530941
7060495723,7060815162
7061975390,7062230719
7062232347,7062567420
7062832565,7062929443
7063951198,7064366361
7065291905,7065555304
7065982145,7066215482
7066182051,7066775420
7066527087,7066919342
7066875516,7067268416
7067346611,7067711986
7068706210,7068756279
7068736773,7069257915
7068769408,7068950343
7069816093,7070100835
7070457973,7071005365
7072021822,7072296058
7072046657,7072586466
7072467058,7072799905
7073025462,7073223856
7074098912,7074256648
7074308950,7074531927
7074574706,7074876035
7074886882,7075037590
7076321447,7076437059
7076686889,7077701973
7080717772,7081117320
7080856439,7081168379
7084479910,7084723549
7084958330,7085064222
7087234369,7087562559
7088733996,7088854917
7090149820,7090522441
7092548640,7092585442
7093712288,7094382806
7093847462,7094714964
7096404371,7096929513
7097965618,7098271728
7098389392,7098825639
7098390921,7098826985
7098871356,7098956291
7099215211,7099589224
7099465721,7099956311
7099996429,7100078456
7101187961,7101255722
7101257530,7101530966
7102242955,7102465915
7103200090,7103370209
7104060936,7104365701
7104304348,7104350401
7104367256,7104861061
7105409463,7105713245
7105821863,7105967901
7106331342,7106877897
7107160066,7107572851
7107918214,7108593546
7109456190,7109712257
7109825191,7110455049
7111850065,7112187378
7114518280,7114812201
7115499470,7115891061
7115631355,7115834176
7116679904,7117315548
7116827092,7117103898
7118490638,7118985443
7118671127,7119035716
7119736511,7119950343
7120183551,7120616575
7121342475,7121680164
7123427229,7123503849
7123984989,7124197604
7124225484,7125038655
7124409205,7125201478
7124569787,7124864151
7124769126,7124913543
7124950499,7125232825
7126250202,7126840771
7127598352,7127857258
7128071798,7128359836
7128915218,7129048041
7129944631,7130483142
7130509624,7130633677
7131587649,7131959036
7131887869,7132053388
7132933688,7133496873
7133608867,7133929147
7133955473,7134340608
7134428237,7134749041
7134800133,7134898044
7134862379,7135458935
7135346762,7135770449
7136953717,7137455284
7140474290,7140576117
7140597335,7140656608
7141234373,7141559913
7141788695,7141917734
7142146536,7142639749
7142209413,7142425269
7142622758,7143156885
7146672141,7146836718
7146873106,7147060235
7149205894,7149348155
7149804744,7150359112
7150872922,7151179235
7150911619,7151244488
7150969637,7151290542
7151128333,7151520769
7151675060,7151865496
7152569578,7152804012
7152579622,7152673505
7153717919,7154213967
7153913133,7154329963
7154361867,7154413331
7155906325,7156331796
7156267366,7156721674
7157104843,7157350691
7157320597,7158193043
7157438790,7157989696
7158699327,7159253934
7158974580,7159515376
7159851176,7160253644
7160384437,7160977289
7160803311,7161235361
7161396423,7162116736
7163006066,7163158052
7164073458,7164136773
7164263543,7164714119
7164328684,7164833160
7170041192,7170623371
7171496539,7171777938
7172732760,7173008972
7172918988,7173085600
7175296362,7175436659
7175724162,7176173908
7176365024,7176776586
7176820181,7177421132
7177806380,7177906221
7179366458,7179454905
7179697960,7180125245
7181755724,7182093782
7182540042,7182899506
7184242950,7184690582
7184281396,7184684727
7186300222,7186417398
7187640659,7187840138
7187752278,7187972022
7188201526,7188584288
7189594792,7189999258
7190971881,7191030979
7192175311,7192699432
7192342047,7192906777
7193123436,7193189791
7194657098,7195014559
7194810773,7195008788
7196456162,7196842094
7196952868,7197349136
7199290019,7199913538
7199620582,7200194386
7199765426,7200040557
7199963849,7200692169
7202023165,7202624462
7202357435,7203210272
7203952837,7204510874
7205933074,7205988328
7206194074,7206244461
7206757303,7207156927
7207234709,7207542587
7210873848,7211134203
7211572336,7212188067
7211887900,7212174753
7212907664,7213573779
7213072907,7213146401
7213619985,7213997405
7213745784,7214119901
7216615596,7217072845
7216954791,7217244964
7218911863,7219105792
7219355421,7220030031
7222097655,7222620594
7222640855,7223177154
7224638964,7224867225
7225196718,7225844829
7225595214,7225680467
7225846198,7226353133
7226468437,7226823283
7226927958,7227267551
7227165398,7227482333
7227548788,7228074338
7227549308,7227617725
7228193565,7228490715
7228293811,7228610721
7228499185,7228967398
7228643629,7228690558
7229010972,7229587402
7231478043,7232085590
7232051174,7232606471
7232979114,7233496443
7235704267,7236723528
7236099857,7236328044
7236844044,7237372451
7237376713,7237960613
7237879111,7238032742
7238950611,7239475587
7241510062,7241756088
7241590026,7241974223
7242296191,7242527316
7242443790,7242596970
7244262105,7244901372
7245818471,7246096121
7247439330,7247692731
7247902576,7248051236
7248411027,7248630419
7248648673,7249040341
7248911761,7249050097
7251187577,7251530948
7251575364,7252155518
7252992010,7253403685
7253970528,7255036876
7254352285,7254563192
7255404439,7255690823
7257363025,7257891140
7257836646,7257965649
7258158404,7258563103
7258536043,7259011847
7259505691,7259620221
7260333950,7260936238
7261026608,7261365263
7261428540,7261575047
7261681676,7262294802
7261720140,7261893742
7262968502,7263815320
7265403601,7265972550
7265854952,7266217386
7266261881,7266667145
7266634800,7267096601
7269448016,7269628782
7269487703,7269840172
7269535648,7269624904
7270039705,7270375878
7270268690,7270762627
7271932379,7272136323
7273638383,7273763343
7275651037,7275699823
7276551205,7276669637
7276863971,7277135484
7277239766,7277892128
7277411113,7277950991
7277578241,7277689161
7278867193,7279356113
7279032537,7279143028
7279125453,7279381509
7280085099,7280319966
7282261392,7282764819
7282437599,7283196449
7284075372,7284566668
7285153096,7285320598
7285169162,7285377378
7285717367,7286175718
7290284712,7290347262
7291437033,7291625502
7291696394,7292003128
7291905979,7292255421
7292989949,7293325229
7293046315,7293368836
7293248581,7293770161
7293757443,7294155033
7294170917,7294506564
7295411064,7295710041
7295420858,7295530011
7295712595,7295841285
7296222898,7296378023
7298078662,7298378741
7299078564,7299478095
7299434684,7299614193
7299618587,7299912827
7299759129,7300331205
7301198368,7301590912
7301885260,7302088954
7302035946,7302640821
7303105241,7303413366
7303169222,7303459773
7305361956,7305708105
7309429829,7309581855
7309584265,7309641256
7309598773,7309933697
7311177952,7311262814
7311766529,7312193861
7313157481,7313430783
7313703282,7313779855
7314365089,7314533632
7314889828,7315238096
7315340331,7315757669
7316792759,7317109913
7317649944,7318045474
7318609891,7318996909
7320664292,7320882167
7321520025,7321996912
7321612454,7322320882
7323090745,7323416079
7323248610,7323751666
7323378249,7323571048
7323430627,7324011102
7323791136,7324082354
7324027553,7324335550
7325060822,7325493287
7328491860,7329017608
7331592109,7332219367
7332704973,7333086584
7333318530,7333634247
7333789445,7333867665
7336338663,7336693424
7336511836,7336734285
7337323131,7337606256
7337408075,7337686433
7337790500,7338133346
7339043287,7339258543
7339745112,7340400060
7340414288,7340745863
7340602900,7340967768
7340631790,7341127925
7342845080,7343256813
7342878839,7343246858
7343329532,7344060482
7343438130,7343991788
7345774708,7346162102
7346208593,7347097557
7346890395,7347019043
7348230746,7348912507
7349135975,7349813572
7349769951,7350224505
7349815352,7349868330
7351493104,7351893031
7353327999,7353575306
7353750574,7354115147
7354483187,7355130386
7354933755,7355332716
7355882610,7355929447
7358109474,7358199306
7359266130,7359770428
7360008360,7360505238
7362047994,7362116690
7363182640,7363266805
7364350754,7364820339
7366255120,7366813733
7366471166,7366686694
7368122190,7368280711
7368304094,7368423455
7368524961,7368763706
7369319627,7369652605
7369657832,7370036881
7371931170,7372267680
7372444295,7372845195
7373368167,7373630342
7374820110,7375081840
7374862297,7374908824
7375799201,7375980749
7376050980,7376514511
7376919221,7377248503
7378761716,7379209242
7382542619,7382664263
7384495121,7384686290
7384604592,7385048371
7386513750,7387019363
7386669841,7386902166
7386851927,7387026914
7386955375,7387081676
7387513059,7387589333
7388336816,7388812145
7390651909,7391127973
7391096015,7391391978
7392122446,7392568604
7393865013,7394428682
7394160303,7394287789
7394921154,7395090989
7394965937,7395438838
7395151213,7395680500
7396541817,7396925892
7396745961,7397062331
7396936017,7397353546
7396944618,7396978465
7397309814,7397888854
7397575611,7397698968
7397685747,7397738018
7397913903,7398504248
7398642713,7398838926
7401399243,7401463974
7402163307,7402618192
7402182103,7402356369
7402501341,7403122596
7404109361,7404614836
7404706531,7404891453
7404791150,7405127012
7404917211,7405219231
7407626632,7408267380
7409011779,7409600978
7409674894,7410608860
7410750363,7410839792
7412657351,7413345915
7412704314,7413029835
7413190595,7413498474
7413369236,7413545608
7417656350,7418076202
7417676123,7418236533
7420593852,7421185232
7420912490,7421102760
7421572945,7421589110
7422480076,7422910656
7424502124,7424908101
7425265467,7425354052
7425703443,7425825864
7425914173,7426303659
7426052295,7426227035
7426124728,7426763660
7426143231,7426550873
7427289592,7428765241
7428899546,7429370817
7429359748,7429627440
7430164306,7430480786
7430651789,7431356117
7431088600,7431187114
7432914624,7432956042
7433317172,7433925465
7437907247,7438437038
7438735916,7439222063
7441703213,7442070754
7441876699,7441998673
7442891694,7443290757
7444106176,7444361839
7445373066,7445786996
7447882088,7448099619
7450347356,7450874361
7451088781,7451122770
7451703985,7451840250
7455155060,7455468311
7458036048,7458221411
7460928275,7460968367
7461267348,7461548772
7461855360,7462503941
7462165255,7462421007
7462597164,7463363071
7463370043,7463660740
7464688034,7465095607
7465141262,7465666340
7466053397,7466415195
7466359242,7466853358
7466986842,7467079245
7469085824,7469476656
7469373639,7469943321
7469470356,7470250469
7469677087,7469922151
7469934405,7470285620
7470133728,7470537918
7470540607,7471067103
7471535169,7471831341
7471590698,7471694982
7472641851,7473116882
7472820569,7473348887
7472829885,7473250824
7473129201,7473338205
7475159444,7475715366
7478234239,7478508798
7478532747,7479043750
7479027309,7479056000
7479436714,7479784436
7482104958,7482239407
7484673032,7485101618
7485029897,7485498472
7485242796,7486080634
7487732343,7488377968
7487746942,7487874044
7490330682,7490598185
7490342096,7490733319
7490811533,7491060086
7490856120,7490978394
7491451830,7491798818
7492075381,7492578240
7495354382,7495404885
7496247191,7496632533
7496524137,7497160176
7497262919,7497445120
7497450408,7497827996
7500666759,7501218811
7502995492,7503353969
7504145917,7504165058
7504390806,7504913509
7505616447,7506081259
7506581311,7507033347
7506716624,7507157650
7506898988,7507109963
7511323433,7511783567
7512135659,7512715332
7513504717,7513879020
7515765686,7516400235
7516458229,7516554863
7516900960,7517245219
7518351362,7518722399
7519161320,7519555751
7519609298,7520042245
7520541312,7521019107
7521710495,7521807899
7521866370,7522224424
7521972455,7522367490
7524767475,7524855947
7524917544,7525123960
7525163832,7525520379
7526091292,7526606506
7526403267,7526645089
7526743488,7526892590
7527059337,7527126470
7527332869,7527351774
7527644126,7527957907
7527845325,7528207530
7529480674,7530146907
7530197330,7530596665
7532670482,7533289617
7533160117,7533461223
7535300958,7535678218
7535842228,7536368463
7537179397,7537472794
7537270172,7537621911
7537723346,7537887475
7541411091,7541575228
7541595198,7541903672
7542199610,7542437623
7542708419,7543255534
7543919922,7544159833
7545353177,7545782532
7545409049,7545950195
7545989236,7546813399
7547503336,7547652237
7550223137,7550700750
7550701410,7550987656
7550749033,7551403956
7552597532,7552985342
7554051998,7554489789
7554670952,7554849640
7557215668,7557608882
7557626650,7557742447
7559511440,7559830271
7559515072,7559872642
7560018006,7560641204
7561677970,7562052584
7562202549,7562471403
7563646541,7564136952
7563694525,7564121220
7564976148,7565104522
7565984842,7566220133
7567061304,7567391327
7567649417,7567882246
7568274975,7568810677
7568742458,7568943254
7569698563,7569995483
7570130928,7570315156
7570644377,7570899412
7573502955,7573929098
7575112991,7575391846
7575955550,7576020426
7576809372,7577559297
7576827641,7577740722
7580755213,7581047359
7581049282,7581399496
7581052339,7581656164
7581980989,7582683122
7582579926,7583153583
7582580804,7583186833
7583032549,7583234419
7583859047,7584246394
7586864816,7587077509
7587283438,7587776274
7587688284,7587974959
7587909882,7588227173
7588016828,7588377209
7589254893,7589623916
7589505784,7589737953
7590653688,7591166572
7590967142,7591793353
7591629338,7592214540
7591672594,7592611076
7592027652,7592465503
7592827961,7593144125
7593094284,7593495091
7594442537,7594633801
7595783886,7596049629
7596100177,7596374194
7596717364,7597500744
7597873427,7598185672
7598340787,7598751463
7599063381,7599530127
7600044109,7600387588
7601342506,7601736637
7601439685,7601943464
7603236380,7603623556
7603249576,7603700281
7603392640,7603694224
7603931612,7604266593
7604579987,7605001991
7604921576,7605342147
7605215849,7605431175
7606627917,7606930537
7606757491,7606862441
7606856250,7607439833
7607641199,7608132028
7608544988,7609176989
7608677644,7609023259
7609763085,7610401711
7610350638,7610798807
7611848852,7612556168
7612007053,7612108890
7614093736,7614449060
7614106828,7614611358
7616251424,7616656428
7616675479,7616806387
7617072322,7617506681
7618792407,7618815547
7622685308,7622879237
7623217551,7623488000
7623394846,7623857740
7624438954,7625039611
7626294941,7626653700
7632992233,7633095438
7635173882,7635348620
7635373450,7635620223
7637411377,7637828768
7637534371,7637847281
7637620609,7637772097
7640200918,7640835654
7640224134,7640678125
7641648240,7642022017
7641872624,7642294269
7642332779,7642811948
7643149677,7643514333
7644693026,7645091953
7645089940,7645141193
7646148376,7646453419
7646563974,7646786699
7647658060,7648103714
7647994130,7648420568
7648046996,7648848178
7648324389,7648590902
7648492573,7648968963
7648986002,7649292265
7649180107,7649477772
7650248627,7650943763
7653452537,7653750267
7653980878,7654224347
7657863617,7658054976
7658029062,7658405382
7659618095,7659939582
7659765179,7660287179
7660651480,7661121954
7661374062,7661953602
7661804488,7661953264
7661856545,7661974295
7662550896,7662937283
7662700707,7663211737
7663556082,7663797787
7664389583,7664748631
7666756774,7667018361
7667048537,7667123103
7667851787,7668413022
7668321434,7668571432
7670045947,7670436295
7670717216,7671066499
7673017830,7673416236
7673464481,7673787599
7674505052,7674951850
7675961983,7676441455
7676444169,7676822757
7677003200,7677286638
7677316490,7677433115
7679787644,7680062105
7679801674,7680026289
7681925353,7682002271
7682435249,7682791768
7682867820,7683272971
7684949405,7685357555
7685411259,7685679502
7685521220,7685658191
7686819797,7687294669
7688668005,7688925970
7688675134,7688816047
7689598800,7689707893
7689681736,7690308994
7690539152,7690996791
7691129805,7691606425
7692017685,7692091480
7694549063,7694779239
7698205677,7698717601
7699187882,7699678055
7699856568,7700455511
7702070784,7702519488
7702332392,7702929352
7704849190,7705367934
7705690812,7705962001
7706377455,7707053893
7706660211,7707146897
7707148716,7707659879
7708426529,7708813945
7708589028,7708963105
7708879120,7709300671
7710255607,7710808226
7712700208,7712880317
7712844925,7713428430
7713074881,7713170146
7714302946,7714580243
7719678404,7719782086
7721040874,7721537470
7721778192,7722093359
7722104518,7722462352
7722221636,7722675019
7723194776,7723690079
7724675098,7725197278
7725154937,7725670276
7726274343,7726463745
7726806074,7727104051
7728070864,7728228913
7728281691,7728540248
7728897403,7729084283
7728962364,7729236631
7730066435,7730266411
7730100056,7730292838
7735699125,7736143111
7737586399,7737706641
7737953625,7738631748
7742570529,7742853032
7742627870,7742972264
7743491801,7743655485
7743735325,7744122471
7743863026,7743941195
7745934328,7746655750
7746322258,7746597233
7747067659,7747271130
7747626403,7747914471
7748516950,7749177235
7749475119,7749967117
7749801307,7750212858
7749814498,7750230405
7750652232,7751086838
7751029001,7751557699
7751811611,7752002305
7752040769,7752240747
7752509260,7752613165
7752813921,7752950652
7758953333,7759381465
7761633887,7762051178
7761934759,7762151064
7763473391,7763886078
7764491278,7764961106
7766009990,7766650589
7766254683,7766636930
7767631045,7768069110
7767719124,7767848011
7768177794,7768272520
7770438143,7770489828
7771579125,7771774674
7772148235,7772483556
7772174376,7772487144
7773156657,7773753165
7774055839,7774093458
7775596474,7776117036
7776164670,7776574196
7776557904,7776767126
7776617521,7776974608
7777204850,7777389984
7778000808,7778430007
7778922080,7779090377
7779395568,7779737655
7781861693,7782445183
7783158781,7783404028
7783405733,7783802872
7784134523,7784564606
7784155435,7784257128
7785758969,7785924687
7785988796,7786387651
7786712785,7786766091
7787227685,7787605213
7788285967,7788541168
7791708733,7792184712
7792109363,7792693858
7793194768,7793667199
7793482314,7794028035
7793655723,7793990274
7793760426,7793817328
7794141423,7794385272
7795075319,7795410571
7795816707,7796089136
7796203086,7796855210
7797712389,7797984456
7798267722,7798621496
7799208713,7799692549
7799708224,7799944773
7800372665,7800850166
7801097354,7801225467
7802669067,7803072427
7803181716,7803688167
7804321516,7804422319
7804418010,7804514468
7805075448,7805263461
7805085119,7805416231
7806156417,7806259300
7806713821,7807136703
7807294028,7808080889
7809603977,7809684259
7811613629,7811703125
7812298317,7812559669
7815742314,7815978571
7818741389,7819292904
7820021460,7820046274
7821289597,7821417003
7821941540,7822230742
7822264509,7823016140
7822397970,7822790129
7822400044,7822683995
7822805738,7823161931
7824535262,7824716308
7825139401,7825719608
7825565650,7825823216
7825747597,7826498214
7825825097,7826348031
7827609412,7828256582
7828363247,7828745700
7829483951,7830078639
7829839778,7830201127
7829913578,7830119564
7831322478,7831662293
7832783978,7833388628
7834222845,7834471003
7835518823,7835747176
7839924447,7840137066
7840677285,7840803833
7840709727,7841303154
7840880909,7841398698
7843017853,7843641324
7845417613,7845665427
7845473522,7846029032
7846031905,7846230381
7846073035,7846377988
7846290859,7846774866
7848011159,7848144208
7849716289,7850176535
7852409411,7852839677
7852810732,7853194750
7852818428,7853016372
7853201354,7853591608
7853391061,7853761918
7853619302,7853765098
7854765374,7855040351
7854878168,7855160421
7855169909,7855205367
7856866151,7857210459
7858621674,7859026991
7858694273,7858925007
7859184563,7859549902
7860976690,7861507984
7861776763,7862218383
7862949264,7863123112
7862992983,7863367198
7863045273,7863307177
7863368962,7863761443
7864120473,7864338865
7865892571,7866310877
7865980812,7866339557
7866228039,7866258426
7867532841,7868098563
7871091002,7871192814
7873309774,7873736410
7874136708,7874407731
7874582516,7875269519
7875482905,7875584116
7880815555,7881028168
7884752377,7885024580
7887290608,7887747223
7889126439,7889744061
7892088223,7892378987
7892257555,7892690815
7892485011,7892634308
7892580893,7893171687
7894460698,7894763210
7894766463,7895121377
7895046092,7895381517
7895511197,7896019055
7895604798,7895799666
7896437592,7897048115
7901476801,7902003946
7902118393,7902639176
7902379420,7903172085
7903608863,7903722851
7904607565,7905126237
7905078033,7905145311
7907330518,7907550446
7908356382,7908837645
7908417408,7908660474
7909344715,7909453452
7909389483,7909656719
7910621527,7910692319
7912539096,7913005554
7913005267,7913578490
7913045782,7913249797
7913047302,7913683798
7914797627,7915465582
7917762736,7918106812
7918659519,7918885392
7918684385,7919042164
7918863990,7919043787
7919658947,7919918632
7920444511,7920823137
7920903522,7921560717
7921657263,7921847292
7921793061,7922168353
7922153875,7922790793
7922656630,7923150358
7922993381,7923570644
7923592053,7923975824
7923613697,7923819279
7923646473,7923891046
7924029469,7924360705
7926953430,7927355909
7927005231,7927411943
7929529582,7929575519
7931980297,7932294274
7935249803,7935646386
7935576835,7936216709
7936259257,7936908621
7936374814,7936851415
7937576255,7937827928
7939410327,7939907687
7940939730,7941493156
7943413165,7943988905
7944632745,7944877940
7947280480,7947330073
7947439411,7947601556
7948291456,7948419729
7948625312,7948918360
7949477775,7949720584
7951903013,7951994858
7952503335,7952693969
7953821570,7954206744
7954009618,7954494228
7956040114,7956530105
7956363152,7956392768
7957292041,7957633706
7958639610,7958928318
7958879250,7959261491
7959171514,7959846652
7959841414,7959885171
7961008567,7961057228
7961139963,7961493566
7961732678,7961814854
7962217958,7962581239
7962976657,7962999976
7963179505,7963803610
7963438016,7963889237
7965782168,7965981812
7966704667,7967267554
7967040847,7967990875
7968026107,7968335122
7969395566,7969719157
7969913157,7970780437
7973096472,7973617673
7973345295,7973624476
7975042091,7975346326
7976334905,7976627339
7977099577,7977283903
7977985264,7978300686
7979593935,7980289940
7979670400,7980336020
7982044983,7982356145
7984333776,7984653860
7985496640,7985830125
7987451333,7987831157
7989316762,7989695201
7990208103,7990811631
7992372423,7992737475
7992420262,7992858206
7994971387,7995226799
7995075641,7995430093
7995130327,7995635245
7995196246,7995760567
7995557484,7995990520
7996715026,7997174173
7998275262,7998851180
7999778557,8000356406
8001080611,8001605602
8002443395,8002846613
8002726124,8003399436
8002816698,8003358054
8003092665,8003316152
8006202025,8006543349
8006544873,8007039487
8006764183,8007343689
8009781588,8010075134
8009963094,8010633235
8010284693,8011082699
8011173665,8011763968
8011522570,8011993327
8012358293,8012985898
8012822637,8013002039
8012845084,8012939443
8013256647,8013421138
8014526544,8014844302
8014830042,8015204035
8016157723,8016347816
8016491720,8016749823
8016928264,8017035191
8017199373,8017687580
8017975978,8018189896
8018578467,8019135125
8020706441,8021170595
8025335471,8025360286
8025826462,8026910036
8026886339,8027282461
8027946141,8028571422
8028394584,8028481500
8031152140,8031353550
8031624795,8031720326
8031948555,8032478543
8032371829,8032691614
8034954599,8035132558
8035200229,8035293646
8036107399,8036594058
8037773380,8037801391
8038206955,8038436003
8038384724,8038916062
8039005377,8039586254
8039083234,8039509360
8039732920,8040173348
8041702886,8042134673
8042390859,8042506644
8043075025,8043486097
8044170693,8044738384
8045395172,8045505393
8045439724,8045512135
8045555846,8045772644
8046317359,8046586948
8049167560,8049688709
8049605799,8049959110
8049828914,8050359314
8050330074,8050678348
8050604181,8051073490
8052170758,8052516775
8052569145,8053105746
8052756534,8053102170
8053802907,8054232190
8054667828,8054707160
8055027652,8055418265
8056449426,8056852731
8057960660,8058405843
8059343112,8059642252
8060979889,8061073551
8061074982,8061243219
8061499864,8061847413
8063946455,8064049321
8065633276,8066111571
8068490868,8068776925
8068976354,8069258104
8071354132,8071924782
8071909136,8072382870
8074574483,8074780292
8075193118,8075279909
8076426199,8076557321
8076626479,8077052516
8076896199,8077293491
8077442968,8077991881
8078856569,8078941590
8079309917,8079621533
8080042302,8080056200
8080514157,8081003679
8081773886,8082058708
8082668481,8082820765
8083913078,8084368276
8083966703,8084507492
8087638082,8087813067
8087961567,8088478716
8088301619,8088369538
8089265800,8089612302
8090065384,8090559895
8090373628,8090748757
8090881845,8090939511
8092703809,8093107505
8093980069,8094789129
8094953473,8095302889
8095307615,8095641789
8095768644,8096031161
8095953482,8096120827
8096130240,8096722517
8097699497,8098182628
8098465200,8098787911
8098777965,8099009845
8099083137,8099459903
8099611887,8100143681
8099642843,8100153286
8103482560,8104210377
8103603091,8104198341
8105104125,8105301429
8105315666,8105566625
8105564781,8105853750
8105880501,8105947467
8106284026,8106465876
8106308596,8106620603
8107626776,8108196352
8107945703,8107985004
8108718457,8108839942
8109196102,8109567392
8110249069,8110840678
8110919784,8111151382
8110993073,8111500769
8111835862,8112145067
8113583781,8113954508
8116567857,8116988840
8117502728,8117929165
8117585959,8117938152
8117799158,8118462013
8117992831,8118043861
8118736594,8118913322
8119503489,8119523610
8120668326,8120783106
8121751230,8122352579
8122134568,8122418449
8122479815,8122754729
8123163513,8123218420
8123224979,8123394540
8123236183,8123491568
8124333678,8124472917
8124460913,8124596261
8125058188,8125431073
8125432736,8125799383
8125681335,8126045467
8128716165,8129051682
8129873655,8130314782
8131539291,8131860278
8131835992,8132048924
8131894577,8131962420
8132289908,8132684349
8136342420,8136420370
8137283011,8137623702
8138572877,8138946490
8140532544,8140678833
8141369694,8141959010
8142231748,8142378069
8142252882,8142724182
8142387062,8142474041
8142583738,8142920082
8143809648,8144151185
8145086281,8145430625
8145395965,8145569860
8145446668,8145790260
8145586450,8145947426
8148211119,8148573687
8148502437,8148767551
8149705353,8149755516
8149763166,8149972074
8149777173,8150221669
8150911704,8151414246
8151033231,8151244131
8152872582,8153214794
8153545371,8153915949
8154536061,8154647723
8155025023,8155177632
8155384023,8155869352
8156643535,8157051589
8156903075,8157341933
8157370509,8157652819
8157669289,8158104378
8158694593,8159030708
8158715621,8159341715
8159968585,8160314957
8160330402,8160455897
8160456871,8160522347
8161032969,8161602584
8162314615,8162649699
8163529423,8163908164
8165937795,8166352207
8166963837,8167153896
8166979980,8167226729
8167004358,8167271887
8167260544,8167637959
8168626076,8169067135
8171391184,8171697815
8172865737,8173044175
8173115407,8173463167
8174939647,8174977871
8176082333,8176354712
8177629152,8178006180
8178696828,8179273191
8179809073,8180100680
8180580384,8181065106
8183815122,8184188780
8185006600,8185258504
8185614690,8186099739
8187377089,8187803062
8188309078,8188658862
8188762478,8189076697
8189216960,8189489053
8189586433,8190022849
8189720225,8190359405
8189878883,8190300858
8193948515,8194501824
8194699619,8195077312
8195082860,8195368092
8195083436,8195422337
8195532660,8196028552
8196955735,8197149060
8197009091,8197276330
8197343309,8197557312
8197996894,8198314511
8198425950,8198770304
8199195491,8199794777
8199232251,8199594431
8200124524,8200280656
8200251873,8200761223
8200607479,8200798522
8201036947,8201405565
8201438972,8201547224
8201876458,8202488041
8202217091,8202898916
8203456412,8203740648
8205341370,8205956997
8205556697,8205783035
8206216994,8206567684
8206677753,8206897323
8207262012,8207533956
8209771035,8211558376
8210441494,8211223217
8211603335,8212030247
8213213300,8213522975
8213695510,8213832856
8215733450,8216005952
8216560161,8217167071
8217183905,8217498866
8217689539,8218280799
8218982706,8219050483
8219703979,8220022564
8220042605,8220418677
8220685296,8220983876
8221173997,8221634109
8222086117,8222447236
8225072955,8225580702
8225108542,8225662097
8226872176,8227312318
8229128777,8229583487
8229647515,8230021209
8231974383,8232207395
8232282183,8232813338
8232860379,8233031274
8232914117,8233119747
8240627203,8240881008
8241288418,8242204054
8242577920,8242599327
8243023742,8243324895
8243932665,8244577376
8243937429,8244085927
8247974665,8248479825
8249205789,8249422429
8249567139,8249841802
8250235222,8250624496
8250778744,8251209790
8251224904,8251905455
8251541429,8251724652
8252077096,8252644270
8252202190,8252560241
8252666481,8253003404
8252762078,8252920831
8256419677,8256920730
8256756362,8257162674
8257022162,8257231776
8259630555,8259981307
8260918243,8261460557
8262536977,8262812315
8262701599,8263064651
8262998363,8263067557
8263259428,8263850844
8263600201,8263922593
8264802125,8265136021
8265060474,8265546673
8266019749,8266606206
8266511105,8266931369
8268282057,8268667146
8268291936,8268573652
8269039100,8269452999
8272838920,8273411530
8273059326,8273637559
8273897803,8274212447
8274389092,8274592268
8274538987,8275045020
8274678735,8274998781
8274684889,8274856529
8275000097,8275332209
8276029826,8277104250
8277282286,8277839514
8277406560,8277643612
8279614590,8279926435
8279693634,8279889421
8281295337,8281932889
8282667570,8282720934
8284122918,8284297752
8285983224,8286396614
8287049368,8287567770
8287053026,8287300330
8287370758,8287923231
8290012195,8290622397
8291488716,8291930102
8292899852,8293515788
8292952705,8293325638
8295039417,8295543858
8295874010,8296152204
8295900233,8296027987
8296691392,8297121163
8296724486,8296904828
8296743527,8297017095
8297789933,8298098782
8300953208,8301192671
8302496882,8302640873
8303306981,8303463610
8303365806,8303605076
8304216159,8304756991
8305240033,8305737191
8305883818,8306003488
8305952244,8306472304
8306653471,8306965002
8306793916,8307233764
8307950431,8308486723
8308333731,8308643124
8308521669,8309079364
8308941721,8309132673
8309655509,8310130692
8309995340,8310107953
8310389745,8310735815
8310457821,8310563880
8310968636,8311006861
8313722757,8314116583
8314647890,8315010348
8314980992,8315307868
8316957129,8317406155
8318023374,8318156000
8318097298,8318654502
8318469010,8319026918
8319658080,8319989597
8320002637,8320197738
8320247933,8320506275
8321932230,8321987905
8323041106,8323372660
8324472160,8325165243
8325093457,8325362517
8325603007,8325966058
8330264167,8330849625
8335914311,8336336672
8337621035,8338240247
8337895846,8338236694
8338490446,8338672157
8338681749,8339063911
8338876944,8339278660
8339311207,8339970546
8340310820,8340774619
8340533690,8341014186
8341899926,8342243740
8342131743,8342700869
8342173466,8342316869
8342332570,8342667506
8346142412,8347226181
8346701153,8346782573
8347065069,8347642730
8349781321,8350126323
8350944601,8351818479
8351177364,8351778762
8352377330,8352551194
8352979903,8353014206
8353582915,8354194557
8354202258,8354444301
8354713187,8354810285
8354834779,8354986766
8354887755,8355138179
8356092405,8356758147
8358045475,8358827441
8358053259,8358992077
8358219447,8358690946
8360808814,8361034340
8361274523,8361590088
8361959540,8362401680
8363037580,8363446725
8364560130,8365116136
8365834301,8366189833
8366672890,8366907361
8367358908,8367816741
8368012832,8368148184
8369181355,8369522748
8369192659,8369263434
8369288309,8369644206
8371981642,8372118034
8372331695,8372569068
8373077324,8373356051
8373146895,8373509337
8373943649,8374534752
8374672716,8375223947
8374699283,8375256621
8375438269,8375640741
8375894534,8376339159
8376387932,8376556335
8376576245,8377152617
8378649988,8379027521
8378974275,8379699362
8379677849,8379927325
8379960508,8380242991
8381523987,8381906230
8382054975,8382414301
8383813061,8383889556
8383965059,8384257223
8385203114,8385636294
8386429882,8386550996
8386809867,8386986621
8387097308,8387645378
8387533978,8387971339
8389107993,8389467623
8389634691,8390562342
8390354660,8390783793
8391830256,8391899129
8391903231,8391929186
8392935179,8393234390
8393557148,8393883433
8393929537,8394286054
8394389169,8394963522
8394639372,8394916575
8395911583,8395950060
8395917104,8396059567
8397720633,8398210112
8398648805,8398738774
8399386307,8399491147
8400763686,8401014611
8402021047,8402290781
8402410796,8402867929
8404091670,8404496571
8404122957,8404607110
8404134807,8404741305
8406903419,8407345358
8407925877,8408476109
8408070717,8408475867
8410023930,8410214570
8411144298,8411470081
8412073138,8412631244
8412128116,8412723405
8413675564,8413809475
8413879371,8414145170
8414400222,8414607204
8417955271,8418451143
8418033257,8418599437
8418713045,8418953607
8418953074,8419263215
8420237226,8420936295
8421119025,8421339669
8421135234,8421450900
8422054781,8422577303
8422940277,8423252364
8423636322,8423997279
8425962386,8426219186
8427610945,8428105825
8428968718,8429136663
8430155325,8431134839
8432443794,8432531866
8433511274,8434040191
8434991739,8435522518
8435094259,8435179724
8435115621,8435455700
8436024214,8436283930
8437259954,8437864906
8438556800,8438993270
8438791728,8439283359
8439813419,8440127216
8442193713,8442453115
8442495568,8442832457
8443226602,8443429539
8443516841,8443741516
8444330437,8444770333
8444650475,8445006464
8446157506,8446540147
8446165117,8446542866
8446426397,8446837447
8447233031,8447345310
8447473195,8447501231
8447933098,8448150137
8448118383,8448735995
8450622388,8451010739
8451180218,8451462889
8453823516,8454393419
8454786661,8455031657
8457072775,8457468310
8457772641,8457857619
8460047953,8460309784
8460413837,8460915154
8461546899,8461811683
8461638066,8462053164
8461900488,8462264818
8462799371,8463306476
8463361595,8463495794
8465236987,8465514831
8465471118,8465767842
8467364018,8467742929
8468291290,8468681513
8468811450,8469248465
8469022833,8469135469
8469940293,8470256958
8470501479,8470812881
8470848688,8471259584
8470897670,8471291076
8471822222,8472055298
8472181666,8472409372
8472701981,8473377893
8473004165,8473498738
8473110797,8473631281
8473423561,8473697798
8473551328,8473674566
8473593159,8474155070
8474062907,8474444056
8474223532,8474518200
8474561273,8475142693
8476007587,8476161111
8476140946,8476615656
8476747348,8477132349
8476901991,8477343057
8478308243,8478823506
8479551332,8480485267
8483036923,8483451470
8486000640,8486282761
8486920330,8487241607
8487970832,8488485879
8489631562,8489795845
8489681401,8490067407
8490471458,8490531064
8490543366,8490746884
8494784951,8495076573
8495235254,8495706388
8495286199,8495410398
8496010978,8496303676
8498460374,8498571032
8499109228,8499457717
8499473718,8500047391
8499801361,8500092580
8501177456,8501518670
8501309154,8501651888
8503073524,8503407171
8504738458,8504951242
8504827439,8505236074
8505066766,8505647952
8505499576,8506564688
8507203753,8507748152
8508117349,8508799918
8508332179,8508857461
8508992373,8509584643
8509650914,8509867406
8510222180,8510550325
8510932712,8511129755
8512301417,8512545464
8512486425,8513000938
8515166978,8515477999
8515549168,8515895247
8519757909,8520034832
8520192312,8520596815
8520280661,8520785093
8521613344,8521760085
8521735158,8522246145
8522300014,8522459093
8523808687,8524397329
8525846029,8526290787
8526180518,8526424656
8526319097,8526857043
8526441352,8527229649
8526858481,8527165026
8527205740,8527541323
8527214597,8527719295
8527396070,8528356549
8527894261,8528111334
8527973819,8528139358
8528172714,8528357127
8530274260,8530689149
8530951293,8531415430
8531437938,8531675360
8531456841,8532128606
8532675091,8533243462
8532781355,8533127017
8532914797,8533184860
8533301875,8533918300
8533402079,8533736992
8534632325,8535064346
8534936058,8535381359
8535478870,8536056154
8535587908,8536169607
8535994455,8536160855
8536251729,8536583761
8536440748,8536831688
8538826046,8538926112
8539627604,8539790372
8540812181,8540894163
8541027890,8541525518
8541111986,8541483158
8542769224,8543274062
8543123788,8543685158
8544320024,8544636877
8545386565,8545678477
8545857838,8546418559
8546412187,8546710901
8547144325,8547449675
8552839244,8553298826
8553133542,8553416858
8553338291,8553742162
8553724827,8554298160
8555070040,8555469437
8558322544,8558893829
8559229747,8559555494
8559272572,8559898655
8560924543,8561508538
8561319929,8561364448
8561513320,8561862033
8561546583,8562005494
8561863845,8562259664
8563153704,8563591004
8563348506,8563492426
8566289395,8566387919
8566457668,8566799354
8567051295,8567475690
8567248866,8567798616
8568357745,8568813538
8568815783,8569422300
8569913815,8570251092
8570358201,8570690817
8571292372,8571329134
8571544078,8572098615
8571893089,8572080253
8572130677,8572404251
8572385862,8572761478
8572560611,8572579156
8574090028,8574596520
8575527964,8575614874
8576079366,8576530927
8577493316,8577591364
8577989958,8578233172
8578109848,8578402447
8579308084,8579787404
8581270141,8581508890
8581332858,8581887524
8582258745,8582389033
8582414470,8582661418
8582867297,8583359286
8585170295,8585541535
8585534532,8585720372
8586002656,8586226478
8586145783,8586792410
8586757928,8587305231
8587746887,8587773039
8588222407,8588283738
8588249892,8588512153
8588683037,8588809631
8590227678,8590382025
8591152575,8591503177
8592168566,8592307682
8593949357,8594223704
8594619943,8594763199
8595052130,8595272926
8599753719,8600096605
8599801178,8600069778
8600132364,8600616206
8601983137,8602525246
8602547718,8602635588
8603163509,8603915015
8603792398,8604148678
8603968035,8604764873
8604269437,8604785675
8604841034,8605072266
8605322479,8605777119
8605444862,8605625826
8605926964,8606354851
8606448560,8606572534
8606928771,8607347002
8607431832,8607838223
8607957863,8608457891
8608531478,8608879393
8609970446,8610544655
8611599988,8611884072
8614386641,8614621782
8615761085,8616022464
8616292867,8616822200
8617306439,8617902491
8617746727,8618081642
8620129529,8620607373
8621814185,8622301116
8627689068,8627882868
8627771399,8627819512
8628258033,8628828368
8628947740,8629388339
8629011547,8629411892
8629034815,8629325641
8629545553,8629756413
8630268991,8631080172
8630390428,8630917017
8632190095,8632394991
8633138617,8633763732
8634813249,8635255491
8635531653,8635556992
8635760838,8636456055
8636068121,8636424592
8639985830,8640465114
8641314960,8642143437
8642139053,8642382269
8642260244,8642781045
8642654861,8643346853
8644201772,8644252992
8644358861,8644568184
8644572376,8644616331
8645194416,8645431710
8645287881,8645608248
8647014694,8647333514
8647227632,8647495788
8647711609,8647972103
8648600501,8649373049
8650676125,8651131832
8650962224,8651197600
8651394250,8651942277
8652846999,8653177745
8653886908,8654078407
8654266553,8654407465
8655247825,8656095994
8655835862,8656208214
8656497318,8656916600
8657438094,8657797434
8658066152,8658322131
8658296908,8658737176
8659257268,8659687154
8659961092,8660030776
8660389051,8661013677
8660499813,8660775543
8660951642,8661597362
8661835242,8662386748
8663917132,8664075600
8666677006,8667266948
8667092991,8667324490
8667308800,8667442919
8668708491,8669011732
8670959634,8671108842
8671302985,8671750457
8671351506,8671821539
8671781171,8672102255
8673922331,8674539753
8675584018,8676036924
8679646059,8679861343
8680173992,8680347111
8680474399,8681109347
8680496489,8680980653
8681254278,8681806962
8681791581,8682134749
8684446045,8684951370
8684957721,8685397426
8685952092,8686155815
8686695783,8687256859
8687147300,8687170160
8687178216,8687528327
8691208055,8691602206
8692324571,8692605268
8692604341,8693101477
8695811591,8695934410
8696101443,8696218627
8696137697,8696346057
8696405580,8696536788
8697259307,8697673984
8697696969,8698181203
8698342774,8698791245
8699638010,8700152384
8704371713,8704538610
8704516578,8704736978
8704905238,8705434447
8708138108,8708656124
8708458327,8708946403
8708880224,8709508460
8711096590,8711356011
8712652942,8713116369
8714217783,8714632588
8714770533,8715059614
8719604308,8720182965
8721678641,8722150513
8722080253,8722252293
8723177670,8723579986
8723302727,8723737573
8723418165,8723965088
8724070925,8724705114
8724337351,8724624088
8725782442,8726153668
8726232649,8726651541
8726903682,8727153247
8727626575,8727764030
8727940404,8728262946
8729091099,8729310168
8730563358,8730942873
8730765127,8730872901
8731026024,8731147641
8731038535,8731365019
8731994555,8732211473
8736046887,8736272317
8736592835,8737089517
8738894101,8738945067
8739778711,8740329120
8741454495,8741624642
8741638142,8742225913
8741781818,8741811735
8743576399,8743957616
8743982330,8744346618
8745175427,8745418905
8745449781,8745639156
8747226656,8747830035
8750510418,8750950675
8750676846,8751167263
8751252576,8751774732
8752961292,8753486964
8753708482,8753891800
8757284839,8757562314
8758213090,8758713297
8758399388,8758849500
8759354337,8759903746
8759402360,8759556745
8761582667,8762070322
8762748067,8762967435
8763218451,8763289203
8765891883,8766249135
8766074415,8766407879
8766858120,8767324114
8766941899,8767203223
8768663403,8768919296
8769096680,8769528556
8769194147,8769419348
8769711914,8770296611
8770780657,8770979588
8772320100,8772701619
8772993498,8773523758
8774815129,8775146734
8776444886,8776994687
8777351652,8777925953
8777674443,8778167696
8777838277,8778274321
8778432228,8778855439
8779228789,8779854839
8779863789,8780181300
8780575044,8781161176
8781738704,8781984778
8782103089,8782390875
8785059736,8785119663
8785478190,8785787868
8787539030,8787926907
8788614383,8788940478
8788643836,8789160172
8789961626,8790483020
8789983321,8790355626
8790903254,8791105657
8791432748,8792062191
8792090661,8792400358
8795749116,8796257301
8797081427,8797114964
8797304988,8797380779
8798888111,8799523323
8799545539,8800087547
8803233309,8803618914
8803356030,8803599740
8804044276,8804333792
8804354436,8804596976
8804398977,8804655209
8804476398,8804803246
8806222475,8806318022
8806589865,8806919703
8807572273,8808187795
8807576981,8807750540
8810756351,8811383889
8812070086,8812391015
8813311644,8813676179
8816086578,8816282644
8816339604,8816521127
8816357866,8816917248
8817032809,8817305937
8817932858,8818302722
8818741196,8819202836
8822513726,8823125249
8822532035,8822941699
8823030313,8823351995
8823140272,8823668318
8824164676,8824537099
8824214181,8824287950
8824310765,8824790711
8826950339,8827382094
8827125569,8827567833
8827259962,8827479614
8828357184,8828973480
8831510663,8832024973
8831664997,8831946853
8833245987,8833708339
8833433387,8833800284
8833753909,8834240504
8836051585,8836335322
8836404155,8837015286
8837587722,8837662259
8839387902,8839709886
8839553155,8840014916
8839887260,8840104847
8840026767,8840105604
8840828994,8841311327
8841161002,8841684550
8844189179,8844522544
8844644928,8844806431
8845072063,8845645432
8846221189,8846655730
8847035165,8847506393
8847180932,8847793382
8848186856,8848719789
8850145603,8850485571
8851869063,8852282365
8852042625,8852254205
8852256237,8852991947
8853591657,8853953204
8854154732,8854238814
8855394551,8855609293
8855794924,8856144911
8858054496,8858600162
8859400893,8859646432
8862633318,8862882828
8863086660,8863516655
8864272197,8864895544
8865170739,8865692845
8865578772,8865887391
8869031107,8869155566
8870533463,8870843686
8873004862,8873467228
8873930859,8874168319
8874766831,8875283673
8874905897,8875080468
8875207292,8875720692
8875758123,8876151559
8878210690,8878414056
8878713503,8879373054
8880878743,8881142065
8881003025,8881500903
8882318573,8882960370
8883910849,8884362661
8884052395,8884149511
8884237967,8884431433
8884991622,8885217473
8885044598,8885305739
8885268448,8885433545
8885373768,8885552874
8885996586,8886539510
8886482452,8886593272
8886846505,8887320151
8889482817,8890035822
8889940515,8890362741
8891176106,8891644745
8893095463,8893192883
8893709766,8893748016
8894366559,8894807210
8895529969,8895788366
8896872814,8897069686
8898814089,8899100793
8899061687,8899662940
8899089245,8899577053
8899558861,8899798747
8899804589,8900119965
8901089231,8901499827
8901812261,8902169684
8902684995,8903207821
8903257727,8903504168
8903664149,8904040489
8904495558,8904888939
8904627988,8904851802
8904978228,8905420374
8905313724,8905405712
8906412503,8906964044
8907701104,8908023416
8908833165,8909293849
8910211544,8910316577
8910936864,8911387476
8911968949,8912340366
8912532501,8912793476
8912995800,8913480463
8913297652,8913644776
8915551854,8915702087
8915913780,8916568832
8917710087,8918136553
8918169594,8918263167
8918526241,8918939309
8919073062,8919594361
8919809788,8920275557
8922955174,8923097406
8923663527,8924098098
8924533817,8924827724
8924818093,8924877027
8925386575,8925416050
8925769143,8925866636
8926659486,8926820181
8928208048,8928654848
8928661778,8929127736
8930513892,8930814423
8930824786,8931298954
8931046899,8931100223
8932380763,8932701092
8932580382,8932745836
8933167524,8933592701
8935323564,8935818955
8935349437,8935660438
8935767465,8936138318
8935884821,8936461949
8936334558,8936593512
8936669320,8937053136
8937326303,8937703198
8938961889,8939156802
8939083661,8939751616
8940676873,8941164879
8943056694,8943447149
8944013716,8944060705
8944462072,8944911782
8944612251,8944891995
8944932599,8945602410
8945187821,8945353716
8945713829,8946013898
8945920022,8945961025
8945970055,8946103621
8947779142,8948266947
8951030576,8951386974
8951710764,8952207221
8952053529,8952645145
8952646624,8952822261
8953564487,8954174452
8953860802,8954069505
8954178265,8954344573
8956147646,8956235341
8958444733,8959231488
8959188545,8959718568
8960400271,8960812605
8960916499,8961380823
8961683598,8961869450
8963288696,8963577094
8965281612,8965722831
8965815181,8966224121
8967844756,8968485490
8967966337,8968492682
8968499190,8968877618
8968619672,8969121555
8969200280,8969704144
8969633374,8970113310
8970835892,8971247081
8970948864,8971311845
8971290654,8971619135
8971325519,8971542085
8971407045,8971968272
8973073248,8973417012
8973229506,8973699881
8974020843,8974573433
8974046848,8974231298
8974703672,8974907713
8974852730,8975113124
8976657189,8977008007
8977925031,8978465894
8979069735,8979118711
8982164548,8982620698
8982360309,8982617630
8982631889,8983090556
8983792664,8984138500
8986270287,8986449206
8986511145,8986740755
8988918176,8989490172
8990004413,8990199904
8990241345,8990688290
8991074406,8991447116
8991947288,8992335859
8992209942,8992406469
8992424777,8992950023
8992972157,8993554943
8997257142,8997813154
8999273019,8999656834
8999792396,8999960102
9000160863,9000236778
9004703293,9004795316
9004833959,9004853393
9005345589,9005584076
9006113469,9006266650
9006450142,9007148553
9007669610,9007891658
9010106543,9010440115
9010524072,9010939310
9010619558,9010848105
9010863402,9011016721
9012604988,9012636658
9014835240,9015337904
9016492918,9016925287
9017661185,9017999138
9017970912,9018339277
9019315074,9019444530
9020536842,9020957213
9021263228,9021422094
9021709906,9021857074
9021972312,9022411123
9022562833,9022913725
9022933009,9023312696
9023527925,9023652564
9023964197,9024447708
9025627380,9025936852
9025649171,9026020790
9025771238,9026214219
9029052528,9029412981
9031310306,9031723919
9031975213,9032263383
9032628607,9033319149
9033354597,9033811253
9033734632,9034039293
9034667376,9035016726
9036593090,9036824416
9036600719,9037087426
9036706482,9037220487
9037128775,9037161222
9037162403,9037414486
9037431907,9037821860
9038129030,9038387408
9041538642,9041679831
9042103234,9042325831
9042619930,9042916174
9043403282,9043702857
9043514259,9043871887
9043844731,9043944823
9044953795,9045541609
9045386940,9045635414
9045474644,9045902991
9045545318,9045967481
9046074504,9046529419
9048912456,9049193536
9049076067,9049580790
9050135608,9050779300
9050240879,9050820185
9050794975,9051191240
9051151806,9051171487
9052693519,9052806891
9053880472,9054020088
9054458529,9054859277
9055610161,9056088210
9055830548,9056472645
9056106783,9056224128
9056234000,9056644118
9056779019,9057350279
9057290092,9057461368
9058986459,9059680205
9059872997,9060376003
9060395657,9060557789
9060474438,9060964871
9060669814,9061145295
9061166724,9061444402
9063176797,9063534345
9064275199,9064490591
9066116779,9066499226
9067084237,9067781159
9069032760,9069307796
9070208063,9070363682
9070420411,9070902945
9071180521,9071334429
9071805563,9072111800
9072772861,9072856189
9072869450,9073347935
9074306556,9074850765
9075619239,9075935336
9077800950,9078019959
9077961941,9078180106
9078152198,9078746931
9078177120,9078556328
9079753320,9080142394
9080207990,9080319735
9081083117,9081586985
9082657873,9082722410
9082721916,9083178022
9085425751,9085771788
9085785198,9085937037
9086230351,9086456000
9086990415,9087636248
9089929674,9090059604
9091627085,9091702788
9094100440,9094384366
9095451936,9095787348
9095841292,9096116777
9096118810,9096413765
9096415967,9096725681
9096983794,9097232688
9097279833,9097990271
9098458597,9098866948
9098492873,9098796190
9098997267,9099181102
9099138265,9099570620
9100166206,9100365813
9101187908,9101484305
9101539690,9101861069
9103684727,9103878156
9104372337,9104758964
9104532181,9105231798
9104863752,9105617245
9105050487,9105885206
9107422930,9107535942
9108022752,9108584272
9108309579,9108723063
9108969049,9109494104
9112103960,9112537965
9112644548,9112914213
9113030580,9113131588
9113468601,9113917726
9113664494,9113909507
9115206578,9115865617
9115647874,9115972727
9116141172,9116514111
9116295492,9116674347
9116621866,9117127852
9117898203,9118488032
9119915800,9120448574
9121721658,9121827228
9121831110,9122376084
9122731948,9123541624
9123748765,9123810243
9124322989,9124697586
9124861330,9125132993
9125156743,9125417614
9126849381,9127010115
9128275425,9128766320
9131819460,9132440328
9134828139,9135068399
9135949864,9136135238
9136715647,9137182037
9137042074,9137480140
9137581420,9137603606
9138793206,9139086623
9138853873,9139251170
9139793462,9140046377
9140108069,9140232862
9140304917,9140820186
9141756432,9141891896
9142434774,9142677453
9143902919,9144353774
9144011462,9144231601
9145371872,9145763028
9145907398,9146215885
9147262574,9147696971
9147869019,9148210382
9148608806,9148816305
9149359570,9149841131
9150844932,9151261556
9151099887,9151722281
9153668315,9153733901
9153912498,9154137968
9157634785,9158028725
9158464914,9158756563
9160451897,9160714297
9160662334,9161535321
9161983280,9162387860
9162135835,9162522038
9163507270,9163963905
9163633718,9163967825
9164285853,9164549155
9165591340,9166119784
9167276470,9167437338
9168534016,9168617720
9169456246,9169883824
9170535111,9170853367
9171853992,9171900861
9172384925,9172801138
9172653391,9172692920
9173579573,9173990364
9174168569,9174865963
9174943283,9175422639
9175193926,9175354331
9175662895,9175716718
9176011895,9176424848
9176626650,9176906203
9177170865,9177599733
9177734513,9178310619
9178597276,9178806568
9180241071,9180714906
9180658112,9181040456
9183024379,9183381984
9184417065,9184717014
9184876733,9185395588
9185237962,9185816855
9186368732,9186842716
9188192356,9188818660
9188317505,9188510331
9189373429,9189851650
9189456122,9189600158
9189617067,9189874024
9191609356,9191820223
9191654746,9191693977
9192211274,9192328861
9192963371,9195531859
9196073775,9196330693
9196250027,9196596733
9196959043,9197193818
9197146480,9197626526
9197588211,9198028788
9197674750,9198130399
9199547735,9199757322
9200131150,9200511956
9201993317,9202133251
9203206279,9203557088
9203604640,9204099690
9204436559,9204778343
9207235828,9207425040
9207428204,9207843162
9208115362,9208892135
9208275138,9208874308
9209134127,9209669419
9209418052,9209547581
9210608956,9211162972
9211509907,9211947469
9211652299,9212058809
9212026277,9212386406
9212077134,9212210709
9212130164,9212188951
9212146331,9212295702
9213168473,9213445969
9215385711,9215435075
9215445781,9216061397
9215448293,9215913362
9215741505,9216004128
9216407367,9216805361
9217543452,9217929998
9217839305,9218180381
9219022118,9219564818
9219611142,9220076891
9221750668,9221910143
9221926065,9222072586
9222265342,9222296409
9222715474,9223327259
9223166347,9223454543
9223467496,9224015661
9223628746,9223882380
9226954269,9227546357
9227535414,9227962663
9228128169,9228324202
9228176801,9228240572
9228321060,9228459341
9229893926,9230070291
9230684097,9230843235
9230983013,9231319233
9231178544,9231441922
9234123182,9234705156
9234504865,9234821430
9236162221,9236748941
9236950936,9237247630
9239405272,9240021592
9240244034,9240710625
9240688390,9241091605
9241825157,9242155758
9242418574,9242717206
9242749776,9243429939
9242757198,9243222870
9244122077,9244504490
9245416370,9245887421
9245602527,9245957276
9245797436,9246264783
9246494689,9247072943
9249465513,9250078614
9250115632,9250380939
9251684865,9251904875
9253890822,9254129229
9254410953,9254492472
9255253195,9255360880
9255306768,9255589504
9256161277,9256300231
9256316224,9256929641
9257767270,9258139778
9258733466,9258958726
9259697801,9259769965
9259784255,9260032692
9259798998,9260109354
9261933942,9262366435
9262081390,9262680238
9263058433,9263545974
9263179097,9263601634
9263935509,9264035956
9265706021,9266078890
9266087527,9266686112
9269602085,9269810041
9272360066,9272800133
9273943607,9274061854
9273974592,9274080444
9274464388,9274758522
9275261679,9275688991
9276597134,9276657483
9277402230,9277784646
9277473691,9277596947
9278196153,9278770431
9278350864,9279048238
9278843074,9279118900
9280119108,9280746187
9280776482,9281047117
9281051670,9281400849
9281089472,9281412853
9283086132,9283276829
9284828470,9285201309
9285687335,9286236867
9285836000,9286094343
9286514945,9286752795
9288525735,9288736490
9289772832,9290254908
9290256745,9290347108
9290599442,9291224637
9291777010,9292290283
9292039721,9292471011
9292303367,9292350725
9293572632,9293979640
9293584530,9293977630
9293720497,9294369593
9293790511,9294179338
9294266667,9294782517
9294709528,9295282545
9296599618,9296972353
9301309942,9301852682
9301622846,9302030749
9302004399,9302195219
9302584609,9302879531
9302662006,9302973210
9303591600,9303872398
9304944530,9305481465
9305607482,9306459114
9306461438,9306839458
9306562951,9306590341
9308374397,9308778403
9308635567,9309002235
9310573379,9311007873
9311241852,9311713678
9311991274,9312379624
9313202129,9313455322
9313707909,9314044895
9319886360,9320374515
9320589181,9321271350
9321383958,9321420298
9321561917,9321857949
9323132213,9323457520
9323395531,9323615706
9323645760,9324375453
9325226881,9326047604
9325464161,9325888284
9326047910,9326578109
9326719743,9327057368
9328194258,9328709612
9328898709,9329015991
9328912990,9329107482
9328954590,9329108278
9329943648,9330374269
9331516875,9332194500
9332941656,9333534272
9333916516,9334632504
9334862622,9335162015
9335096124,9335287773
9335206948,9335623406
9335692810,9336053411
9337071429,9337455026
9337209631,9337981694
9339121135,9339499997
9341790921,9342368854
9343601523,9343973819
9343614553,9343889048
9348133837,9348419070
9351100679,9351440451
9351261329,9351535598
9351674778,9351945344
9351954080,9352458397
9351983502,9352299004
9353036084,9353314728
9353188188,9353734882
9353722233,9354131365
9357318094,9357681777
9358861236,9359395959
9359351003,9359934145
9359734059,9359844014
9360447266,9360830948
9361013378,9361508793
9361306715,9361848843
9362083761,9362156860
9362808577,9362993663
9363732549,9364050354
9365521944,9365654056
9368126043,9368680682
9368450349,9369107561
9369813660,9370213356
9370083666,9370301388
9370214947,9370543272
9370534568,9370598169
9371023704,9371405908
9371154128,9371192628
9372740635,9372885630
9373414671,9373739343
9373725578,9374096135
9374252143,9374558340
9375236682,9375420777
9376399003,9376424390
9377497976,9377592653
9378929194,9379301506
9378974050,9379384772
9379527928,9380109755
9381627174,9381652686
9382088779,9382140815
9382179261,9382667435
9383066919,9383753396
9383656640,9383994126
9386039487,9386810831
9386237280,9386363244
9387425161,9387858511
9387526336,9387689948
9388556708,9388853158
9389054662,9389198285
9389525737,9389714126
9389579521,9389909109
9390673571,9391149835
9390807375,9391316853
9391253081,9391887484
9392476133,9392920392
9392763876,9393445062
9393409479,9393982363
9395165198,9395217167
9395983673,9396285266
9397944963,9398122048
9398555019,9398735143
9398956483,9399374865
9399155513,9399276321
9399550004,9400131147
9399834947,9400173593
9401538611,9401600312
9402756112,9403284139
9402770418,9403355302
9404369467,9404845872
9404493557,9405021658
9405240233,9405844683
9405676007,9406269961
9406700657,9407097819
9408649375,9408933077
9409886637,9410171867
9411535400,9412076926
9413623138,9414151645
9413962461,9414095706
9415542837,9416175669
9416353330,9416751156
9419143030,9419430331
9419464871,9419935468
9419536287,9420427727
9421430839,9421471230
9421827903,9422323625
9423668506,9424285790
9425382450,9425796408
9425656007,9425880241
9426656178,9426936376
9428017821,9428569099
9428625247,9429156499
9428824692,9429318957
9430182219,9430609985
9430202285,9430284174
9431004736,9431231374
9433107895,9433399528
9433544673,9433768303
9434603670,9434786803
9434822779,9435187096
9435125481,9435330714
9435817033,9435880310
9436585917,9436830043
9437901572,9438118494
9438665375,9438987932
9441176531,9441595617
9442145338,9443052572
9443054641,9443886956
9444598357,9444773342
9444825094,9444878764
9446641749,9447319477
9447269778,9447431669
9451398406,9451479403
9451626931,9451873986
9458377236,9458918253
9460619473,9461047908
9461464619,9461654929
9462305197,9462810233
9462725809,9462900518
9464835466,9465204532
9468170235,9468927245
9468449234,9469006790
9469923127,9470407637
9470765706,9471511019
9473122821,9473257915
9473294750,9473719460
9475000546,9475476061
9475529752,9475808543
9477720499,9478231317
9479599424,9479698237
9480586993,9481205832
9481037782,9481371106
9483745158,9483990896
9484155789,9484657613
9485181726,9485667141
9485887561,9486073842
9486786178,9487348498
9489033271,9489062149
9489250871,9489719087
9491688816,9492113679
9491925327,9492067402
9492349566,9492823376
9496330662,9496742050
9498201331,9498702359
9498312673,9498871001
9499684379,9500061125
9500439279,9501247806
9501026390,9501538882
9501811455,9502551271
9502708339,9503408504
9502899442,9502937252
9503718056,9503864319
9504509960,9505153606
9505189343,9505221283
9505472921,9505969877
9505515539,9506120830
9506057402,9506294808
9506217087,9506668606
9507262199,9507750680
9508140220,9508222526
9509543949,9509851957
9510510448,9511030717
9512627161,9513045062
9513885443,9514517898
9514537414,9514560928
9514655224,9515081689
9516512932,9516841144
9517634672,9517914276
9520153472,9520513133
9520836446,9521433245
9522894166,9523454436
9523149106,9523530485
9524977285,9525230349
9525116727,9525470724
9525336052,9525699737
9526492756,9527004557
9526720921,9527178138
9527424359,9527840679
9528734153,9529239883
9529296523,9529850708
9530040207,9530166008
9531256545,9531416890
9532663372,9533144579
9533924713,9534431075
9533929576,9534387422
9534815685,9535351558
9536565247,9536756817
9538521032,9538743002
9538599846,9539002131
9539997531,9540213779
9541553541,9541716525
9542290820,9542577058
9542371363,9542557033
9542871066,9543065757
9545469143,9545806210
9545703363,9546144009
9546076856,9546234727
9547474194,9547699776
9547618449,9548242812
9549809076,9549931299
9550747241,9550856133
9550829132,9551213506
9553840909,9554183195
9555879597,9556512149
9557558755,9557845148
9558366820,9558961529
9558590113,9558756222
9559608361,9559707834
9559681064,9560168569
9560286774,9560560728
9560626439,9560890916
9563058350,9563258941
9564029382,9564160267
9564127551,9564184269
9566009656,9566523686
9566202320,9566755967
9568322859,9568945572
9569721196,9570130520
9570574332,9570767742
9574750077,9575163348
9576924980,9577548762
9578542456,9578828496
9578681438,9578917821
9578734188,9579195522
9579163374,9579354779
9579285530,9579327369
9579371099,9579724912
9579664976,9580140774
9584310897,9584504354
9584963054,9585174511
9584964793,9585076100
9585297552,9585480168
9585693166,9585937068
9586036192,9586329884
9586652578,9587114035
9587308346,9587815938
9588391929,9588781142
9589292470,9589892444
9589652201,9590248576
9589915902,9590423694
9590256326,9590798778
9590490461,9590950899
9590602736,9590815220
9593461075,9593515355
9594430534,9595019169
9595458651,9595619328
9596535493,9596965116
9597302297,9597754034
9597940900,9597994723
9598178302,9598411748
9599595293,9599938729
9599780097,9599971189
9599792758,9600197646
9600552558,9600641500
9601219869,9601561901
9604591801,9604858541
9604692327,9605501624
9604920405,9605411515
9605985893,9606506019
9606504151,9606721009
9607156332,9607361491
9609033744,9609156676
9609076367,9609327154
9610044628,9610812320
9611439828,9611983018
9611854490,9612067661
9613226069,9613341945
9613882211,9614280918
9614809927,9615118775
9615392868,9615569538
9616241505,9616521469
9616494358,9617122001
9616688925,9617175350
9616858240,9616988511
9618436155,9618530301
9618695350,9619187666
9619220506,9619591433
9622276987,9623000092
9624003100,9624505060
9625390055,9626062708
9626201312,9626593954
9627029792,9627240738
9628364687,9628668604
9628555532,9629042972
9629713785,9629924651
9631161480,9631498066
9631441922,9631900077
9632054898,9632155483
9632084098,9632694754
9632089756,9632263040
9633645198,9633694518
9636255825,9636416557
9636420496,9636489107
9636853009,9637149319
9638530325,9638836867
9639378649,9639462274
9640077603,9640220281
9640804705,9641044458
9643049213,9643338478
9643354704,9643463300
9644198457,9644643974
9644838863,9645390959
9646624970,9647022524
9647576341,9648215567
9647832625,9648015645
9648196373,9648243708
9649305517,9649395225
9652392499,9652701782
9654409576,9654636777
9657264433,9657637055
9657753495,9658332821
9658029471,9658689608
9658545150,9659014030
9659735631,9660250094
9661105216,9661439060
9661452030,9662063330
9662545411,9662865187
9662810475,9662964466
9663045404,9663429727
9663881191,9664337845
9667245378,9667275566
9669134547,9669309609
9669163028,9669274924
9671146459,9671665265
9673482435,9674027437
9675857554,9676274131
9676405962,9676459432
9677820886,9678312546
9678038831,9678529701
9678321790,9678733997
9680858852,9681444944
9680931470,9681232242
9681768776,9682086985
9682448229,9683092928
9684642999,9685340455
9685390066,9685842319
9687805288,9688171372
9687822287,9687963328
9688006926,9688669897
9689568622,9689706478
9690314838,9690964667
9691776883,9692193013
9691996724,9692615061
9692202387,9692536674
9692362192,9692847995
9693334003,9693840806
9693410936,9693928319
9694473904,9694927927
9694549955,9694723193
9695068194,9695845498
9697089924,9697338986
9698629436,9698697790
9699823113,9700353943
9699861986,9700383952
9701832247,9701968497
9702448003,9702777919
9705491374,9705699712
9706013213,9706423650
9706475754,9706583477
9709375817,9709592083
9709546418,9709751172
9710513715,9710921171
9710540892,9710825676
9712136545,9712504021
9712833833,9713307292
9713515061,9713696593
9713715934,9714155539
9714444370,9714841234
9714548160,9714691968
9716502250,9716963898
9716724375,9716940113
9717226173,9717335948
9719247682,9719573603
9719425806,9719589109
9719736630,9720216079
9720963540,9722885278
9723147935,9723683041
9723603682,9723901471
9723891539,9724420718
9724940774,9725514653
9724993147,9725393456
9726977254,9727543580
9727373969,9727664679
9727891395,9728134813
9728725450,9728963046
9729012023,9729530271
9729034157,9729447877
9730644927,9730940040
9731306385,9731858369
9731402785,9732014236
9732312797,9732500358
9734529348,9735024450
9734554737,9734944864
9734949497,9735449435
9737019525,9737196455
9737552263,9737698569
9738018272,9738136141
9738832521,9739025747
9738890819,9739885536
9739849919,9740215269
9739912957,9740247161
9739919486,9740043258
9741271840,9741885448
9742667473,9743065051
9742855336,9743247609
9744014050,9744897216
9746142959,9746584565
9747153506,9747388108
9748539116,9748873802
9748906201,9749072604
9748913676,9749321684
9749397817,9749792361
9750544789,9750805373
9750822308,9751282101
9752483295,9752641009
9752517792,9753473056
9752815608,9753478623
9754021941,9754432146
9754253340,9755000688
9754997555,9755361079
9756928535,9757172916
9758265357,9758529102
9759548910,9759706131
9760356289,9761013826
9761875898,9762281107
9767074716,9767415429
9767115912,9767178755
9768013343,9768317950
9768539786,9768840000
9768544512,9768704916
9774289317,9774624104
9774794060,9774893089
9776243610,9776302344
9778336191,9778654139
9779192453,9779516630
9779805750,9780538354
9781110299,9781759463
9782028986,9782516508
9782516383,9782601536
9782616531,9783113035
9782975665,9783257262
9783857388,9784229090
9786785634,9787229157
9787297352,9787540532
9787661610,9788043082
9788255652,9788513926
9788501036,9788898031
9791076808,9791543758
9791424342,9792024828
9792411803,9792761801
9797586530,9797911885
9797806418,9798171314
9798793833,9799136028
9799330177,9799595808
9800414782,9800784635
9800535220,9800854698
9801255225,9801585232
9801914924,9802509595
9802643044,9802961348
9803048368,9803115859
9803993267,9804042860
9804115269,9804470274
9804679791,9805136367
9804775976,9805504057
9805148672,9805397956
9806652281,9807096429
9806844077,9807229884
9807769187,9808172020
9807917167,9808422286
9807969862,9808405480
9809836687,9810197713
9813063228,9813327242
9813461712,9813875076
9813673955,9814261951
9814339886,9814868584
9814374562,9814694477
9814996733,9815380058
9817515023,9817664683
9817616581,9817947196
9817663824,9818129249
9821188292,9821455816
9821781954,9822173364
9823428940,9823812832
9823763314,9823792842
9824166596,9824477171
9824204698,9824703448
9824243424,9824623432
9826099252,9826693538
9827864110,9828438718
9828698622,9829094227
9829067509,9829538931
9829669866,9829843762
9829944963,9830656678
9830254748,9830481732
9832615962,9833029638
9832783947,9833507159
9834431985,9834521381
9835873049,9836250961
9838609290,9839034074
9840933224,9841537816
9842667873,9843191465
9842948463,9843198199
9844020995,9844291903
9845795449,9846621364
9847506892,9847548226
9848908757,9849353564
9849172393,9849719164
9850885797,9851295313
9851597831,9851870760
9851687282,9851951585
9852045804,9852488632
9853125964,9853580668
9854376037,9854515912
9854698547,9854855739
9854910485,9855625663
9857048367,9857233158
9857817735,9858242617
9858724465,9859156211
9860440749,9860937997
9862089658,9862265713
9862126740,9862160416
9862150183,9862524588
9863496810,9864054079
9863635016,9864067350
9864892046,9865003642
9865607721,9865662391
9865813027,9865860497
9869549831,9870000408
9870995687,9871404518
9871725046,9872115008
9872131723,9872224322
9873116641,9873233916
9874901755,9875026530
9875034573,9875447920
9875596626,9875830226
9877491515,9878100060
9878843151,9879312361
9880640905,9881287582
9882093012,9882287776
9882467676,9883058424
9882669467,9883037479
9883858819,9884214087
9884440402,9884926438
9887092123,9887204791
9887284909,9887777031
9888224843,9888685958
9889922259,9890008408
9894022533,9894076509
9894679578,9895035485
9895548479,9896173405
9896580594,9896737435
9897489079,9897614463
9897793374,9898016403
9901993494,9902678668
9902598390,9903188885
9903823240,9904071665
9904172050,9904907338
9909002157,9909208705
9909078072,9909223743
9909733383,9910378903
9910367372,9910771127
9911988670,9912610466
9912016945,9912551057
9913021847,9913082109
9914718813,9914962340
9914853596,9914924179
9914976358,9915505729
9916124249,9916636748
9916398485,9916429053
9921455531,9921620053
9925394811,9925979511
9926904052,9927081697
9927867644,9928332376
9928984742,9929265952
9929214218,9929711085
9929973322,9930529557
9930294153,9930537306
9930373604,9930515258
9930688535,9931305481
9930801193,9931228993
9933497738,9933919319
9934339279,9934866358
9934592835,9935017000
9935500464,9935708385
9935714781,9935756943
9937136583,9937281939
9937454223,9938019219
9937455314,9937714846
9938366368,9939023771
9942657941,9942679198
9943667105,9943874305
9943863601,9944401969
9944099746,9944615803
9945603908,9946038536
9945987278,9946495510
9947507797,9947589315
9949954229,9950436529
9951370387,9951718329
9951723446,9952160570
9951741615,9951769930
9952024113,9952194514
9952079141,9952355904
9954076710,9954325791
9955013196,9955326200
9955327850,9955643750
9955498820,9956028155
9956058229,9956343808
9956336573,9956566966
9956945838,9957344419
9957822275,9958235729
9958158053,9958414156
9958237271,9958403346
9960750510,9961571964
9964852643,9964954149
9969803604,9970344447
9970640607,9970868653
9970911155,9971389554
9972151650,9972409128
9973741642,9974325315
9977076282,9977500832
9977453164,9978336756
9979329356,9979510593
9981919020,9982294376
9986680040,9986758246
9987970106,9988392350
9989013716,9989602384
9989897633,9990056974
9990109301,9990192753
9990823159,9991084785
9992359201,9992679023
9993230598,9993887654
9993918073,9994037656
9994038820,9994364200
9994623536,9995120435
9994779129,9995195389
9995029961,9995418029
9995243532,9995447251
9995449135,9995981851
9997057222,9997370148
9997061447,9997303578
9997421345,9997497019
9997555327,9997758038
9997562420,9997655173
9998876561,9999279244
10000283457,10000862899
10001348798,10001636765
10002694540,10002964016
10003219143,10003794518
10004031465,10004779119
10006724634,10007087001
10007031787,10007329849
10007274441,10007760526
10011555619,10011877630
10013950517,10014265423
10014277619,10015164680
10015554936,10015919182
10016458023,10016841394
10017933373,10018446528
10019115157,10019351859
10020091673,10020328066
10023655744,10023872799
10024077558,10024400793
10024396274,10024676150
10024592104,10025056957
10024688768,10024876172
10025065990,10025348894
10025606864,10026099409
10028844419,10029259127
10029738093,10029803586
10029807567,10030177707
10030517279,10030891129
10031226786,10031557656
10031332293,10031765567
10032061689,10032525700
10032532349,10032970949
10032880838,10033220479
10032976965,10033471772
10033418193,10033948321
10033497895,10033800530
10035601846,10036037929
10037094746,10037368087
10038251213,10038567107
10038439160,10038522486
10039872536,10039912156
10040981492,10041164747
10043581052,10044116697
10047112098,10047718873
10047719542,10047862612
10048300507,10048553517
10048621487,10049265288
10048643666,10049204213
10050105928,10050493351
10050745686,10051288565
10052391844,10053035576
10052448494,10053013857
10052894920,10053417498
10053581266,10053927135
10054895253,10055338240
10055206753,10055295498
10055282359,10055299437
10055741199,10055765385
10057197188,10057257610
10058944932,10059296526
10059057115,10059480875
10059601756,10059839830
10060149094,10060553754
10060374685,10060558044
10061068627,10061474417
10061449149,10062052490
10061867561,10062549121
10062058008,10062583454
10062502104,10063115918
10063915836,10064337893
10064733089,10065035712
10064763793,10064789691
10065428265,10066039467
10067405831,10068339466
10067711546,10068061851
10068838018,10069095603
10072850989,10073402510
10074390782,10074864798
10074474822,10074541727
10077705612,10078015018
10079110601,10079356600
10079434578,10079858292
10079701259,10080270488
10080070312,10080484461
10080161078,10080580754
10080497828,10080883491
10081115056,10081421491
10082237492,10082331999
10082416686,10082760619
10082512019,10082924465
10082565136,10082920381
10083191907,10083641469
10083482544,10083970354
10085533739,10086058161
10086975095,10087298988
10088102686,10088474193
10089418119,10089799534
10089797504,10089896824
10090203145,10090485764
10092795403,10093208221
10093914942,10094270347
10094290417,10094808284
10094628785,10094950486
10095383100,10096053408
10097792331,10098260531
10098110117,10098487316
10098272854,10098687532
10099702613,10099949897
10100017815,10100333801
10100361645,10100879201
10103146222,10103281842
10103299331,10103762289
10107119035,10107539431
10108391412,10108864575
10111241976,10111870595
10112996719,10113052522
10113072757,10113404106
10113693863,10113964437
10115842362,10116214494
10115960871,10116487092
10116110876,10116605808
10116378660,10116690198
10116614950,10117032525
10117314284,10117831164
10118447960,10118832179
10119063755,10119739847
10119584874,10119713654
10119758990,10120277657
10120312011,10120369586
10120611891,10120979836
10121559016,10121744199
10121787460,10122286845
10122190377,10122357718
10122349887,10122958926
10122760360,10122942034
10123393290,10123490666
10124094918,10124677970
10124166471,10124598066
10124511417,10124977066
10125499695,10125968494
10125684707,10125762048
10126709830,10127224361
10127267742,10127654019
10127766914,10128315920
10127932712,10128527704
10128327772,10128542364
10129312329,10129875805
10129338720,10129773238
10129855934,10130019862
10130566864,10130854632
10130799141,10131480992
10131497435,10132062206
10132661863,10132874790
10132662567,10133138287
10134570624,10135111402
10135194264,10135628812
10135895097,10136376118
10136779319,10137173002
10137275004,10137791203
10138485916,10138634663
10138558853,10139141308
10139167624,10139199259
10141175007,10141562417
10146103605,10146133278
10146329479,10146833582
10146624681,10147049222
10147246518,10147679699
10147815513,10148056541
10148527807,10148985194
10149465475,10149935770
10150195990,10150492125
10151193807,10151579095
10152221550,10152389254
10153663660,10154267568
10154004705,10154318030
10154949322,10155003996
10155011830,10155228393
10155912113,10156327525
10156170350,10156816585
10156347783,10156878497
10157244192,10157611397
10157397633,10157774323
10157587270,10158130728
10160264977,10161078742
10160430153,10160682571
10160834100,10161094364
10162305936,10163028329
10162868707,10163262445
10163594535,10163654622
10164297952,10164469009
10164311270,10164570720
10164474828,10165011240
10166154145,10166450360
10166801844,10167350414
10168738078,10169255121
10170261314,10170718133
10170395243,10170836696
10171944855,10172193288
10172035972,10172592358
10172155737,10172839418
10173394171,10173913390
10173596394,10174395981
10174861352,10175014660
10175074039,10175391810
10175555452,10175785659
10176551549,10176646014
10176826465,10176932364
10177104477,10177236347
10177498406,10177715556
10177909948,10178168360
10179154591,10179400428
10179420666,10179923932
10180417897,10180763906
10180595885,10180687063
10180739726,10180854826
10183630555,10183814989
10183894655,10184497821
10184463748,10185090323
10184656664,10185113960
10186109921,10186278063
10186140277,10186492592
10187348039,10188247310
10188653734,10188901366
10189043924,10189533026
10189809511,10190412657
10191439117,10191659787
10191671188,10191947205
10191826438,10192153903
10193557213,10194131105
10194100169,10194619314
10195687062,10195866664
10196032128,10196319956
10197871473,10198173546
10198226755,10198617654
10199643544,10199847167
10200591393,10200625731
10200882686,10201461011
10202335608,10202381993
10203342247,10203470474
10204545480,10205166370
10205180013,10205391336
10207721999,10208185555
10208867553,10209182685
10209757476,10209960667
10211913979,10212424557
10212618855,10213207803
10212862790,10213578132
10215140352,10215736900
10216835291,10217341802
10217846093,10218305773
10219221687,10219803576
10220378640,10220949824
10220476618,10221087551
10221961570,10222572905
10222290792,10222693443
10222351483,10222699048
10224005983,10224301584
10226130973,10226377902
10228144106,10228657717
10228472274,10228531300
10229419061,10229898825
10229668006,10230140987
10230774084,10231182665
10231761659,10232010623
10232807919,10233318220
10233569193,10233920195
10233930967,10234528505
10234120868,10234694860
10235350672,10236027538
10236296351,10236771892
10236602790,10236850294
10236724757,10237425151
10237030035,10237609917
10238712642,10239073079
10240273091,10240580678
10241246434,10241691869
10241724478,10241862083
10241997593,10242159276
10242207915,10242536445
10242359543,10242996855
10242889742,10242947988
10243955002,10244061234
10244657971,10245009375
10245539640,10245795485
10245819964,10246206736
10246904933,10247073336
10248943562,10249130702
10250324002,10250601958
10250340560,10250593996
10251218555,10251811131
10253053691,10253589655
10253115638,10253231002
10254565596,10255165159
10256126440,10256404208
10258784274,10259359475
10259439943,10259676084
10259819802,10260503434
10259983381,10260138195
10260891991,10261437885
10260981550,10261452751
10261384537,10261576882
10263786602,10264274345
10267883263,10268196171
10269280900,10269750453
10269372805,10269603847
10269900638,10270153714
10270442467,10270982420
10271215151,10271503828
10271603115,10272261612
10275793869,10275857578
10276273512,10276685365
10276311435,10276537475
10277572758,10277788095
10277601812,10278042043
10278252662,10278350500
10278550909,10278705375
10279469498,10279926999
10281231945,10281508964
10281944267,10282274948
10282422516,10282579869
10283578880,10284025325
10284102359,10284299750
10285202973,10285898890
10285567801,10285802711
10286933337,10287661195
10288021355,10288311388
10288530577,10289092402
10290215582,10290587648
10290441816,10291311257
10291984163,10292432993
10292109645,10292216979
10294161123,10294568714
10294514163,10295232393
10294884870,10295355020
10300141370,10300651167
10300584665,10301196002
10304137430,10304569862
10307868877,10308247041
10309394052,10309707623
10309816419,10310340862
10310361814,10310874819
10310699594,10311165337
10311671737,10312194478
10313582086,10313858118
10313659725,10313947987
10314929087,10315516242
10317385888,10317660259
10319139228,10319454457
10320928356,10321149421
10322150083,10322759766
10324776793,10324968018
10325564231,10325989111
10326487238,10326772235
10326487888,10327155780
10327700252,10328254368
10328118391,10328594652
10328766491,10329162751
10329174963,10329544550
10329911220,10330294006
10330399839,10330494086
10330479087,10330936027
10330518582,10331005343
10331203604,10331739428
10331668909,10332039565
10332041322,10332532896
10332616643,10333133961
10333049041,10333131810
10333268194,10333372411
10333386055,10333855122
10334364930,10334623202
10335759117,10336346324
10337773947,10338265498
10337934186,10338016149
10338118795,10338723547
10339834519,10340148065
10340321724,10340487824
10340768053,10340938900
10341185665,10341778601
10341573895,10341910734
10341641684,10342131418
10343036144,10343398306
10344415672,10344507748
10346045807,10346359541
10347707789,10347966453
10350643992,10350986347
10351707369,10352187607
10353020654,10353228529
10354037694,10354148192
10358778886,10359225994
10358995903,10359505312
10359721885,10360001394
10359868252,10360338179
10360886290,10360932290
10361316177,10361505860
10362425525,10362492702
10362920904,10363441507
10363399808,10363633697
10364250561,10364391448
10365162108,10365498485
10365650752,10366231060
10365762548,10366083644
10366121952,10366539486
10366204761,10366583152
10366424465,10366983780
10368993311,10369469424
10370796161,10370991242
10373847211,10373974740
10373945678,10374014708
10374137722,10374272016
10374217981,10374636704
10375617431,10375654885
10375860013,10376309809
10376526281,10376618835
10377616269,10378041157
10379248322,10379490057
10380711427,10381309225
10381446170,10381654189
10382515144,10383128718
10382746622,10383066139
10382886255,10383263287
10383277269,10383841551
10383288854,10383347719
10383575828,10383957386
10384685119,10385147561
10385407209,10385675046
10386628776,10387146782
10386660213,10387006387
10387751199,10388070742
10388261333,10388434710
10388897156,10389244046
10390695030,10391293966
10391299172,10391382826
10393386165,10393443071
10393766717,10394049279
10394061803,10394235532
10394494464,10395025078
10394524038,10395020910
10395058276,10395492634
10395584551,10395985308
10396672995,10396925354
10396675275,10396727206
10397255822,10397746621
10397367360,10397891417
10397718763,10398164114
10397983653,10398202788
10398234515,10398338290
10398355198,10398377198
10398737226,10398969175
10400976248,10401173084
10404767353,10404980694
10405346794,10405578247
10405614069,10406242243
10406422395,10406848635
10406912413,10407245923
10407571517,10407663897
10407740979,10407845097
10407870527,10407971987
10408178717,10408651478
10408878957,10409261100
10410590478,10410840760
10410863800,10411835933
10411648921,10411929550
10411660155,10411864491
10413828337,10413859107
10414388983,10414860455
10414698825,10415367058
10415283092,10415756924
10415369118,10415767384
10417553508,10418082840
10418029840,10418537119
10418415883,10418711650
10418919625,10419340771
10418961486,10420153459
10419817936,10420189755
10419995595,10420451882
10420223352,10421010531
10421348946,10421704464
10421999014,10422186331
10422225145,10422889878
10422907672,10423362311
10424749695,10425169731
10425002740,10425382215
10426210917,10426295457
10428382301,10428758804
10430866030,10431135243
10431291291,10431363836
10431381548,10431722389
10432194166,10432467180
10432680016,10433054360
10433631634,10433881655
10433682400,10434098809
10434518922,10434946654
10434732430,10435097995
10435764974,10437746752
10438130973,10438522503
10439757260,10440132248
10441127078,10441541927
10441584399,10442166388
10445182887,10445542802
10445572009,10445639651
10446183443,10446572736
10447620497,10448621678
10448328110,10448583928
10449512654,10449653360
10449998639,10450414986
10451778825,10452076069
10451827821,10452019118
10452183675,10452550057
10452721730,10453037002
10453159708,10453880908
10453892368,10454472928
10453929736,10454544115
10457261890,10457676767
10457756616,10458294622
10457839876,10457938156
10458512716,10459224052
10459792854,10460457405
10460986880,10461714745
10462547168,10462819984
10462889355,10463200040
10466136673,10466250501
10468568118,10468806493
10468697597,10468760048
10469518356,10470046629
10470781579,10471041075
10471604435,10471950025
10473410258,10473743818
10474358491,10474845458
10474839831,10475317160
10474895867,10475277258
10474924221,10475046389
10475533333,10476281704
10476260051,10476964333
10476888040,10477161620
10477042301,10477482199
10477060959,10477337798
10478562270,10478853681
10480651066,10481417682
10481212165,10481792587
10488568058,10489330459
10489263036,10489779109
10490101912,10490433118
10490781151,10491018372
10491078564,10491443618
10491549169,10491634996
10492637024,10494688600
10493142867,10494710834
10495289185,10495431640
10496442275,10496583232
10496894971,10497196404
10498967244,10499220672
10499137091,10499390026
10499627476,10500249975
10500017253,10500162361
10500529957,10500959349
10500639407,10500816565
10500961116,10501474918
10502178070,10502517108
10502539003,10502649976
10503081125,10503441801
10504131804,10504456815
10505975004,10506244350
10506593174,10506925362
10509425368,10509500238
10510311975,10510758400
10511280486,10511758301
10513761869,10514334341
10513999575,10514243459
10514356850,10514850640
10514554242,10514623715
10515548891,10515804845
10515946677,10515963671
10516360278,10517181552
10517052233,10517573007
10520318885,10520401458
10523183466,10523795233
10524154011,10524569844
10525071905,10525719505
10525299365,10525776398
10525626919,10526326825
10525733802,10526341241
10526129622,10526435117
10526470517,10527031234
10526613611,10526811833
10527236001,10527546650
10527889677,10528279836
10528156758,10528490616
10528323044,10528937669
10528337389,10528597737
10530019789,10530533418
10530585836,10531129986
10531647014,10532070327
10532580241,10533155910
10533202648,10533253576
10533604515,10533810170
10533693644,10533887728
10533741370,10534157714
10533746566,10534044807
10535922595,10536197483
10538439324,10538772029
10539383453,10539893369
10541191742,10541618962
10541937725,10542398719
10542420098,10542673054
10542740174,10543412373
10545537512,10545714188
10546331161,10546390849
10546612111,10546856736
10547175742,10547330915
10548510669,10549030631
10548843234,10549345086
10549350115,10549905777
10549919877,10549997138
10550716608,10551110013
10551584398,10552012684
10551924974,10552381380
10553322239,10553662102
10553646725,10554217871
10555284104,10555666356
10555957876,10556308975
10556166977,10557011910
10558298695,10558768010
10559925993,10560240481
10560190025,10560313503
10561077136,10561198588
10562011774,10562704305
10562707166,10563338812
10564281011,10564707607
10565434628,10566106832
10566011740,10566428445
10566299914,10566540427
10566826779,10567138221
10567992655,10568402763
10568280886,10568349651
10568302076,10568548177
10568324617,10568578704
10568550502,10569002796
10568937927,10569136587
10569324973,10569783007
10569505730,10570134299
10569874223,10570031722
10572106131,10572651873
10572976363,10573307946
10573136725,10573244682
10573788671,10574186221
10573891743,10574172181
10574878705,10575057829
10574880346,10575346470
10576392423,10576892880
10577661794,10577962393
10577975637,10578069235
10579338803,10579532477
10580611250,10581049096
10581092608,10581473411
10581264785,10581816064
10581846246,10582210048
10582630523,10582918961
10583091472,10583466126
10584364349,10584753747
10584736175,10584931070
10584948592,10585841782
10585437667,10585996758
10585502512,10585948271
10588319534,10589207716
10589374989,10589973386
10590443012,10591073343
10590926135,10591055528
10591230684,10591674855
10591770313,10592066966
10592088251,10592362216
10592444533,10592672600
10592670784,10593287779
10593305682,10593838937
10595071589,10595825638
10596755762,10597084527
10596921354,10597710711
10597136778,10597597699
10599399264,10599647846
10600430691,10600966437
10603006228,10603175502
10604461784,10604499913
10604821030,10605346330
10604910790,10605005009
10607479260,10607866387
10608455818,10609204922
10608472227,10608799005
10609107230,10609487321
10609554990,10609665537
10609900716,10609952467
10610255210,10610581617
10612160575,10612742376
10612643995,10612770655
10613358226,10613861738
10613379705,10613928057
10615006830,10615605259
10616663838,10617361353
10616751462,10617175427
10617214832,10617263586
10618827785,10619031178
10620115008,10620501867
10621603804,10622231121
10621621638,10622159994
10621793044,10622090190
10624855273,10625434767
10626252915,10626702630
10628486653,10628673581
10629104413,10629568854
10629911984,10630316809
10630510334,10630921998
10630964642,10631321640
10631790738,10632683195
10635132077,10635641177
10635528574,10635959864
10635642198,10636195437
10635675567,10635949376
10638751714,10639261575
10643571618,10643795167
10645360493,10645531764
10645611118,10646191746
10646642906,10647105538
10646910781,10647581880
10647221927,10647342111
10647346870,10647757672
10647992944,10648838458
10648833036,10648967496
10649098294,10649658979
10649419641,10649924170
10650552430,10650984663
10651894896,10652309438
10654312851,10654468986
10655332240,10655832839
10655835907,10656186737
10657137170,10657614855
10659034747,10659315321
10660306456,10660483505
10662042710,10662220122
10663276223,10664067081
10664327001,10664675006
10664396973,10664451410
10664985111,10665540338
10666898552,10667008247
10669856888,10670409223
10672521329,10672841608
10673948568,10674430907
10676431147,10676952129
10676675794,10677191516
10679780373,10680450082
10679904963,10680215765
10680457036,10680880766
10682832597,10682912073
10684102963,10684467866
10684245371,10684769217
10684818994,10685226774
10684825128,10685269660
10684976249,10685410979
10685208109,10685699065
10685240218,10685869003
10686862506,10687489469
10689474178,10689558758
10689600899,10690010297
10690657866,10690890125
10690738715,10691120016
10691378586,10691636021
10696878069,10697193773
10697926745,10698347407
10698780757,10699572717
10701117258,10701361022
10701858828,10702473239
10702502224,10702957025
10702595601,10703088770
10705172609,10705760913
10705776549,10706288721
10706046303,10706471852
10706739887,10707055265
10707898808,10708616620
10709103739,10709528659
10709552141,10709823077
10710148220,10710180766
10710186139,10710231278
10710234405,10710304051
10710288240,10710615214
10712096071,10712499354
10713750192,10714114621
10714185499,10714696176
10714522195,10714920744
10714726206,10715187428
10714930393,10715426605
10715493563,10715619992
10716222670,10716605875
10716335026,10716965912
10717519409,10717883111
10717901126,10718208590
10718094096,10718400799
10718331528,10718472219
10719227141,10719836827
10719932739,10720125685
10720134131,10720503611
10720421647,10720812021
10721328294,10721433376
10721518483,10721754122
10722229650,10722538108
10723257017,10723864391
10723287979,10723620899
10723624026,10724332455
10723670757,10723871369
10724835692,10725072088
10725083750,10725260139
10727434023,10727817304
10727820527,10728234767
10729309377,10729747354
10730001507,10730220682
10730234132,10730526775
10733876656,10734108098
10734963922,10735340348
10737039856,10737564843
10737532862,10738206619
10738345929,10738882334
10739866893,10740054214
10740063410,10740545868
10740070553,10740500260
10740850787,10741194520
10741243901,10741542276
10742329132,10742880125
10742829634,10743420119
10742907884,10743552630
10744051448,10744179081
10744190369,10744522341
10744748108,10745794191
10745192987,10745353399
10745973865,10746261253
10746354815,10746481837
10746892384,10747410944
10749534244,10750098529
10752860949,10753125294
10752882706,10753224941
10752967007,10753251154
10753655476,10754077627
10754686487,10755058216
10756921809,10757152399
10757603671,10758152927
10760181886,10760606715
10761407021,10761594342
10762366095,10762815779
10763264879,10763510230
10763381863,10763926472
10763447600,10763756120
10764502644,10764956427
10766376768,10766606954
10766565888,10767137073
10767284750,10767482007
10767936792,10768468039
10768407227,10768442349
10768744252,10769347302
10769533259,10769707489
10769712191,10770023855
10769831813,10769889515
10770446220,10770653242
10771464099,10772031793
10772309112,10772793976
10773513108,10774075860
10774421442,10775000702
10775618078,10775971163
10776058766,10776289098
10777354376,10777906115
10777423965,10778169535
10778393943,10778834640
10778483863,10778864915
10780595034,10780724425
10781800855,10782044101
10782094419,10782619701
10782649989,10783059504
10784348353,10784879504
10785506048,10785745267
10785759686,10785790806
10786492480,10786990111
10787252813,10787280742
10787296116,10787662535
10788305460,10788627404
10789108176,10789428920
10789749388,10790008509
10790004680,10790485407
10791046882,10791266284
10791587209,10792063857
10792298817,10792675582
10792702549,10793213578
10792946317,10793510338
10794551245,10795070380
10794975985,10795441203
10796480660,10796877964
10796563558,10796937474
10796774169,10797015193
10797077301,10797213580
10797223701,10797468174
10798531650,10799123283
10799068061,10799211077
10799244838,10799678608
10799585894,10799642637
10799614679,10799927434
10800358267,10800533079
10803846382,10804224002
10804771528,10804987765
10807188387,10807773168
10807242300,10807983101
10807447301,10807610306
10807757557,10808091730
10812229503,10812579848
10816539707,10817148562
10817706017,10817850057
10817750786,10818434882
10819012175,10819633359
10819809482,10820464212
10821151315,10821275063
10821438784,10822072999
10822656945,10823053229
10823144217,10823532844
10823660132,10823841969
10824060856,10824453030
10824447630,10824821986
10825190990,10825503922
10827632296,10828226859
10828179395,10828801700
10829236885,10829407769
10830847831,10830878606
10831862710,10832377284
10832760709,10832858056
10832772555,10833069153
10833272741,10833423571
10834956188,10835141666
10836133655,10836530839
10838961390,10839234986
10841787771,10841988537
10842723400,10843206886
10843622610,10843808892
10845927391,10846287827
10847307634,10848001538
10849331701,10849919084
10851152016,10851416767
10852636478,10853231459
10853142215,10853323344
10853358568,10853615805
10855045753,10855606307
10855369882,10855941145
10856469935,10857062156
10858629895,10858957459
10860387253,10860945600
10862720625,10862947975
10862739920,10863090685
10864435029,10865215764
10865270600,10865823554
10865847225,10866303173
10866931957,10867347693
10868299673,10868386984
10870100365,10870526878
10870389014,10870781978
10871127759,10871439397
10871684747,10871930819
10872489695,10872613046
10872495098,10872550005
10872645140,10872915734
10873074182,10873791412
10873133484,10873260607
10873134197,10873603369
10874463966,10874689326
10874702264,10875119767
10875255331,10875807453
10875563328,10875631619
10876601530,10876959196
10877721449,10878056905
10877999155,10878026811
10878049693,10878220559
10878206044,10878625933
10878535937,10878886170
10878972601,10879074069
10880144081,10880603432
10881087703,10881529590
10881436069,10881744285
10883881609,10884688103
10884467556,10885066150
10884689835,10885086089
10885908852,10886157046
10886653115,10887036265
10886682776,10887210139
10887447247,10887537784
10887622210,10887936308
10888991560,10889802543
10889966242,10890030813
10890132046,10890446143
10892438669,10892673160
10892841796,10893440813
10894518738,10894956340
10895231040,10895776472
10895718863,10896360486
10895886424,10896139221
10896436396,10897074342
10896765334,10896980195
10897152564,10897389182
10897842625,10897935723
10900788430,10901557748
10901572176,10902074043
10901592807,10901787618
10903623975,10904116955
10905972434,10906302621
10906866815,10907101241
10907003764,10907195104
10907885570,10908260461
10908695983,10908909677
10909336322,10909759231
10909764096,10910049088
10910253486,10910433412
10910698553,10911089696
10911912317,10912240823
10912244503,10912383762
10912965314,10913178423
10916022708,10916693976
10917256570,10917976995
10918750587,10918923666
10918947796,10919162911
10918951515,10919100201
10920288476,10920592580
10921812432,10922193212
10923098040,10923456896
10923352102,10923603225
10924912501,10925498045
10925373287,10925720497
10925818152,10926602558
10927141364,10927409757
10927411631,10927614731
10930851677,10931316535
10931321367,10931819208
10935112302,10935166071
10935144007,10935226932
10935735623,10935816355
10937357298,10937490354
10937676508,10938082071
10937883543,10937946308
10940494033,10940983405
10941185241,10941273919
10942910723,10943200087
10943209747,10943422316
10943463161,10943863440
10944833661,10945132068
10945142539,10945675243
10946126729,10946624738
10946386084,10946917293
10946677473,10947262263
10946922751,10947241467
10947667112,10948256792
10948721471,10949266765
10949689421,10950094897
10950440982,10950968380
10950827954,10951139449
10951007631,10951027667
10951390299,10951950662
10952807310,10953057286
10953006274,10953058764
10956409790,10956618917
10958244118,10958634275
10959788546,10960168890
10961036741,10961444250
10961360677,10961776650
10961638590,10961993185
10961743398,10961863688
10961874811,10962110188
10961998835,10962265221
10962477736,10963010323
10963857543,10964253309
10965726277,10966168157
10968726732,10969014542
10969607671,10969961977
10972475764,10972490358
10975065294,10975414132
10975101795,10975647021
10975105683,10975325663
10975871733,10976236009
10976051457,10976467656
10976851139,10977689387
10978356855,10978470749
10978523300,10979071369
10980049844,10980338810
10982103939,10982565463
10982602626,10983000471
10982726961,10982880465
10983312369,10983720190
10983350246,10983511492
10983977814,10984526070
10984200324,10984435853
10984516889,10985103370
10985574474,10986010787
10985709705,10985945764
10987247808,10987849810
10987479167,10987570499
10988064655,10988530809
10990478241,10990637981
10992111164,10992281818
10992594912,10993234785
10994146092,10994779341
10994478670,10995336265
10994668182,10995314107
10994839455,10995296746
10995431857,10995966183
10995981424,10996481082
10996138922,10996715314
10996168629,10996389755
10997211162,10997653711
10997776298,10998089313
10998587034,10998950061
10999986511,11000166390
11000034259,11000122097
11000208449,11000503649
11000754216,11000931591
11002938864,11003126308
11004118563,11004660014
11004676812,11004701696
11004696425,11004983635
11005308159,11005339037
11006440701,11006588546
11006943863,11007583524
11008075471,11008539169
11008615865,11008925284
11011706027,11012044652
11013044331,11013196830
11013392947,11013683354
11014970121,11015361397
11016141614,11016569463
11016526434,11017215399
11016921398,11017358564
11017368486,11017814833
11018920257,11019358915
11019347814,11020034411
11020162559,11020758442
11020808938,11021462728
11021010081,11021479510
11021658516,11022041783
11023247369,11023651191
11024014234,11024679316
11026171126,11026510416
11026190007,11026825788
11029394808,11029912154
11031765640,11032072400
11032634178,11033149177
11033784411,11033925831
11033961852,11034372560
11034746944,11035115886
11035198946,11035334293
11036587679,11036767493
11036980811,11037524320
11037578930,11038041522
11039454353,11040280363
11039600307,11039878597
11040283595,11045022989
11044489490,11044724319
11046394234,11046686377
11048921602,11049361338
11049238783,11049797305
11049489655,11050062545
11050417404,11050450664
11050585217,11050705554
11051419900,11051698533
11052262427,11052743588
11052708577,11053269533
11054270298,11054640913
11056080242,11056445151
11057975695,11058206682
11058146653,11058522406
11058243970,11058768827
11058815507,11059268429
11058847991,11059414285
11059067656,11059359087
11059360439,11059879560
11059502759,11059615872
11059993165,11060065574
11062386832,11063399704
11063979296,11064124175
11067485842,11068245433
11068223182,11068575591
11070423602,11070764228
11071229419,11071625488
11072135370,11072396738
11072274846,11072382133
11074801938,11074971640
11075267285,11075740562
11075754422,11076364866
11077665260,11078178417
11080420096,11081171450
11081508740,11082026687
11082091446,11082429118
11082204703,11082513055
11082674145,11082860787
11082818031,11083222185
11086675531,11087427883
11086849906,11087342136
11088672050,11088945160
11090194078,11090569619
11091444375,11091945932
11092116677,11092185058
11094994675,11095656764
11096148037,11096161682
11097785725,11098151098
11098817664,11099395666
11100800581,11101059365
11100863825,11101223878
11101215746,11101436158
11101286714,11101426359
11103586022,11103789279
11103711839,11103812089
11104751328,11104922188
11105298912,11105710185
11105299052,11105608342
11107037265,11107461711
11107136534,11107494351
11108676323,11109201364
11109482947,11109614828
11110952449,11111281310
11112203572,11112924087
11116069039,11116350863
11116193317,11116533221
11116340164,11116946487
11116605990,11117119874
11117861073,11117935155
11118281889,11118521123
11119978555,11120094051
11121021893,11121573067
11122041362,11122224959
11123510858,11124203577
11124868737,11124988623
11124877789,11125480116
11125329810,11125827183
11125857907,11126210640
11128166018,11128334056
11128914272,11129386922
11129712051,11130073446
11135059395,11135221117
11136216588,11136831124
11136260369,11136436040
11139790896,11139982804
11143586463,11143668660
11143783985,11144421383
11145107024,11146073719
11145611778,11145879744
11146888756,11147310095
11147241230,11147655009
11149244902,11149871450
11150258985,11150981841
11150495406,11150630125
11150985458,11151366319
11152460620,11153104050
11152907527,11153241395
11153081293,11153247815
11155544348,11155793713
11156494914,11156766459
11158796867,11159052087
11158817098,11159145855
11159529288,11160131494
11160802237,11160897609
11160899647,11161178114
11160958666,11161288865
11160999387,11161125842
11161117043,11161655504
11161748484,11162242831
11161898215,11162240830
11162912222,11163189258
11163621839,11163654666
11165244706,11165650556
11165820040,11166378491
11167369858,11167560163
11169274116,11170086918
11169635548,11170199759
11170753282,11171234452
11172289337,11172707217
11172473813,11172935843
11172952673,11172977294
11173026219,11173672060
11175790287,11176207807
11176111183,11176328858
11176263246,11176686691
11176686100,11177010711
11176873236,11177432506
11179194437,11179529985
11179446548,11179985348
11180019153,11180327964
11181847692,11182029591
11182590876,11182965981
11185701261,11186314252
11185809245,11186174207
11186041614,11186779601
11186656476,11187086667
11188733091,11188885881
11189478442,11190137578
11190587492,11191087869
11190916810,11191346808
11191461185,11191788280
11192366037,11192580915
11192591564,11192873957
11193266539,11193503843
11193620930,11194123570
11195090253,11195988792
11198436729,11198682758
11198980439,11199306215
11199200516,11199560634
11199317864,11199347042
11199956612,11200011831
11202725700,11203043764
11203481571,11203626111
11204452466,11204667274
11204790141,11205068035
11205832268,11205956975
11207659236,11207976912
11207663289,11208016488
11208073402,11208256185
11208231472,11208481415
11209546197,11210101164
11209618895,11210088692
11210102845,11210406031
11210802003,11211373898
11212863086,11212958020
11213850894,11214143295
11214464263,11214697612
11214876030,11215403015
11216450402,11217082792
11216594415,11216975562
11218234382,11218379584
11218452596,11218892079
11218638952,11219223702
11219026735,11219409478
11219201889,11219527234
11220351897,11220563694
11220394118,11220643482
11220610356,11221014014
11222947867,11223297454
11225161582,11225264691
11225585504,11226173579
11229638216,11230174317
11232078003,11232330989
11232213175,11233122826
11232756818,11233125107
11233747121,11234354499
11234231241,11234443446
11234477685,11234891251
11234648280,11234928466
11235745476,11235989571
11237518754,11237866960
11237522984,11237944834
11238499705,11239043903
11238902694,11238927635
11240191891,11240534455
11242712322,11243160136
11242721967,11243119956
11242809234,11243296317
11243128070,11243520381
11244478647,11245290852
11245115531,11245606674
11245727186,11246054987
11246489871,11247173718
11248053199,11248311007
11248562662,11249024801
11248868891,11249002662
11249921396,11250150827
11251207352,11251775868
11251348202,11251534258
11253018787,11253135347
11257380536,11257526221
11257661653,11258180511
11259189100,11259723374
11259914752,11260332360
11259918821,11260306136
11259969460,11260393442
11262417195,11262852892
11262429875,11262711717
11262748935,11263207164
11264650219,11265166792
11265143527,11265201497
11265801079,11266202927
11266149081,11266799894
11269799997,11270187035
11271076248,11271697942
11271587278,11271679446
11271959345,11272368873
11272296783,11272495064
11274488536,11274839206
11276091898,11276177469
11278646658,11278669124
11278783419,11279183950
11278871998,11279375285
11279630791,11280068025
11281535829,11282019290
11281759244,11282182279
11285602834,11285883243
11285852105,11286051845
11286188696,11286713663
11286777959,11287256296
11289697039,11289967259
11292277801,11292520206
11293519769,11293741509
11294576025,11294922619
11297468352,11297843795
11297481943,11297941374
11297619683,11297897875
11299323099,11299551930
11300747585,11300901095
11301114222,11301668811
11301832129,11302473503
11302512411,11302985445
11304872107,11305112779
11305762207,11306283643
11307246653,11307633336
11307965955,11308335954
11308439720,11308917570
11309551610,11309928467
11310998197,11311336472
11312035780,11312714993
11312316927,11312381879
11313171881,11313791339
11313402355,11313746835
11314168744,11314498146
11314235958,11314754615
11314513277,11314710947
11318016758,11318289441
11318540495,11319195650
11318996084,11319389353
11319228481,11319629347
11320288084,11320762043
11321419197,11321590713
11322675164,11323066791
11322823011,11323109922
11324288641,11324453542
11324310792,11324468982
11324474013,11325087415
11324523890,11324827896
11326626560,11326755983
11327530750,11327996236
11328955452,11329435678
11329110472,11329572604
11331063895,11331243504
11331875950,11332286042
11333530820,11333769679
11333737800,11334203782
11333793524,11333969064
11333963022,11334069662
11335085467,11335101215
11335266676,11335449365
11337593203,11337787304
11338459109,11339038122
11339282314,11339801240
11339311480,11339583265
11340794501,11341075171
11345648928,11345964445
11347947852,11348066966
11348018504,11348233455
11350750435,11351101978
11351482087,11351766884
11353487343,11353921880
11353907849,11354441010
11354958613,11355243928
11355240098,11355524363
11356215595,11356788348
11357477179,11357587215
11358459357,11358939411
11358636396,11359350313
11358810846,11359207979
11359216566,11359431926
11359416274,11359618725
11360942558,11360985692
11361326877,11361533037
11362071874,11362302418
11362320099,11362863834
11362999617,11363607709
11363214066,11363366175
11364304448,11364403271
11364793380,11364847603
11366379961,11366743846
11366523978,11367123671
11366583454,11366749956
11366999709,11367518847
11367773151,11368016511
11367880016,11368404799
11368054045,11368112003
11370494725,11370655953
11371341378,11371777707
11372749630,11372863935
11373687921,11374432728
11373785271,11374400792
11374052963,11374366879
11374200850,11374764691
11375562147,11376069700
11376400733,11376781096
11378396916,11378784580
11383032861,11383509813
11384510408,11385038601
11384585880,11385124952
11385855089,11386109093
11390884018,11390963696
11391734336,11392408794
11392360371,11392871874
11394272310,11394557051
11394426419,11394771786
11396389002,11396673912
11396480456,11396834362
11397022914,11397279004
11397287470,11397796280
11398068805,11398324939
11398487476,11398602680
11401243537,11401426670
11401535648,11401749514
11401886597,11402288980
11402358491,11402431385
11402946632,11403239936
11404512159,11405003671
11405456243,11405576271
11405816683,11406021749
11406917571,11407374435
11407152710,11407672837
11410551281,11411141270
11410573001,11410987068
11411255157,11411307657
11412003752,11412677281
11412940798,11413376992
11413868496,11414105137
11414833127,11415238966
11415844380,11416418770
11416097638,11416361584
11416620161,11417310991
11416802979,11417371320
11417882255,11418354635
11417916166,11417999318
11417931595,11418169970
11419128462,11419491796
11419616865,11419979722
11420789888,11421141346
11423681127,11424093736
11423754432,11424332337
11425603686,11426086492
11425811657,11426278821
11425943976,11426748388
11427109571,11427590824
11428564958,11428703136
11430103964,11430414667
11435160438,11435369500
11436179939,11436497307
11436218150,11436710288
11436531424,11436840604
11436919542,11437331771
11439272682,11439520666
11442040975,11442389833
11443088815,11443166749
11443549612,11443676960
11444260984,11444703395
11445341999,11445880813
11446289024,11446767021
11446354797,11446626069
11446963424,11447058579
11447001934,11447258605
11447414618,11447726744
11447888298,11448278695
11449033950,11449434580
11449561054,11449702749
11449691614,11450057911
11450192071,11450898722
11451781306,11452168041
11453613388,11454116668
11455406019,11456311167
11458676257,11458782685
11458733797,11459091268
11458823251,11458964625
11459389874,11459626312
11460530458,11461070422
11461576613,11462207608
11462508989,11462958503
11464189341,11464712851
11465091397,11465503637
11466703169,11466969897
11468532593,11469228377
11472868160,11473469321
11472928148,11473394853
11473835250,11474102764
11477499421,11477981130
11477724534,11478036869
11479696590,11480066697
11480574136,11481056511
11482783319,11483036452
11483144439,11483402896
11486540289,11487306018
11487123266,11487151997
11489448006,11489487942
11490432231,11490750597
11491890007,11492340773
11492891245,11493395573
11493113266,11493194804
11495253896,11495716451
11495342013,11495755484
11496890386,11497446083
11497223249,11497671956
11497486422,11497651665
11499800605,11500194818
11500015167,11500478990
11501959891,11502442883
11502246511,11502872041
11505713978,11506335769
11506525433,11507155877
11506558633,11506843764
11507048287,11507170134
11507175065,11507670831
11507927478,11508437849
11508271477,11508497411
11510487158,11510914666
11511337653,11511733630
11512018176,11512919189
11513594629,11514186846
11515438697,11515990852
11515556994,11515825399
11516016210,11516330956
11516048186,11516241994
11519131653,11519367945
11519677068,11519907703
11527476951,11527561235
11529452683,11529803001
11529567203,11529754599
11531793741,11532226494
11531896085,11532508681
11532673271,11533264327
11533133998,11533653144
11534982811,11535225207
11535004021,11535403444
11537514921,11538120096
11538785117,11538956132
11538851802,11539113789
11539860426,11540236644
11540239938,11540555646
11540802697,11541342479
11541198754,11541214804
11541576119,11542002100
11542590776,11542665943
11543099550,11543607543
11543981360,11544106188
11544404987,11544510385
11545343749,11545888618
11545676645,11546262489
11546266926,11546645517
11549683174,11550069885
11550847681,11551014144
11552520482,11552993640
11552929874,11553326025
11552997301,11553250243
11554690834,11555229715
11558051942,11558496605
11558499921,11558915283
11559447738,11559857924
11560765206,11561145577
11560817579,11561059734
11560848464,11561227389
11561777000,11561989330
11563940879,11564238840
11565464811,11565725031
11571605497,11572234175
11572199139,11572825902
11574187518,11574376524
11577438654,11578030151
11577661439,11577750103
11579756426,11580100413
11579764643,11580056476
11580217432,11580342905
11580451936,11581088446
11581617299,11581891613
11584466381,11584884453
11587701677,11588471776
11588459425,11588767406
11589905685,11590491194
11590429422,11590872325
11592642551,11593026464
11594993557,11595492860
11596166918,11596257379
11598123514,11598625583
11600811418,11601489228
11602468648,11602869339
11602734572,11603277175
11607182918,11607836574
11607699130,11607868717
11607934732,11608280994
11609278233,11609581577
11609989555,11610198900
11610822870,11611397817
11613695173,11613726198
11615548654,11615985468
11615691722,11616001880
11617198273,11617525503
11617239359,11618029760
11617577230,11617984601
11618063544,11620106775
11621023504,11621548765
11621424650,11621549011
11622798162,11622956485
11623189626,11623267819
11623543092,11623837686
11625050701,11625295269
11625316813,11626099905
11625516389,11625850685
11625699726,11626114292
11626706502,11627308160
11626812559,11627043407
11627056894,11627523843
11627621628,11628013293
11628352979,11628915886
11629428229,11630025858
11631945818,11632301635
11633039043,11633566616
11634041890,11634253753
11636133899,11636359245
11636939909,11637476033
11638813211,11639441650
11639602778,11639910380
11640006725,11640590562
11640303003,11640580897
11641571447,11641972879
11641769445,11642305087
11642175742,11642423917
11644816227,11645281068
11646613307,11647043905
11646712777,11646865899
11647080149,11647501349
11649187170,11649823567
11649835066,11649921146
11650269409,11650499173
11650969732,11651450635
11653196698,11653545253
11653557394,11654372277
11654053532,11654645375
11655380298,11655894947
11659133807,11659416003
11659275449,11659406623
11659301471,11659955015
11661022609,11661611090
11662005828,11662286901
11662464400,11662913102
11663947837,11664374314
11666381076,11666893083
11666486265,11666724704
11666936779,11667446296
11667348684,11667624555
11667995443,11668221340
11668505571,11669014818
11670005582,11670205219
11673446879,11673464759
11673739981,11674387458
11674133217,11674644615
11677860436,11678362614
11678339135,11678465533
11679984327,11680073483
11680911731,11681332830
11682674370,11683110320
11683047829,11683435641
11683524195,11683644398
11684281360,11684821799
11685260711,11685424824
11685282041,11685536002
11686208483,11686751504
11687039567,11687536267
11688937434,11689197969
11689836450,11690371355
11689918188,11690368834
11690360888,11690805894
11691871370,11692064600
11692464285,11693059256
11694659494,11694932883
11694772677,11695065273
11695281598,11695515074
11695642346,11696155530
11696477344,11696992385
11697774460,11698173238
11699096915,11699444651
11699436511,11700197919
11699585777,11699885884
11700692543,11700718950
11703425424,11703882182
11704700932,11705171542
11705299566,11705751725
11705555596,11705659983
11709494822,11709840620
11709503403,11709978490
11709766891,11710243592
11709842714,11710423969
11710174271,11710571956
11710262671,11710507267
11710703414,11711122297
11711225462,11711747079
11711774703,11712098030
11711914864,11712457607
11712797212,11713157511
11713213699,11713510457
11713862266,11714480635
11717732043,11717888389
11718916061,11719435697
11719232414,11719472672
11719373234,11719443846
11720061698,11720346442
11720210676,11720615782
11720377802,11720692755
11721725845,11722282748
11722496668,11723071376
11723389801,11723484394
11724926474,11724971805
11724985099,11725536151
11728689576,11729171768
11729177451,11729212589
11729437583,11729634883
11729642384,11730090796
11729667115,11729795967
11729936430,11730068859
11730972394,11731430412
11734819733,11735198646
11735205745,11735257013
11736447203,11736463559
11736466428,11736511334
11740557610,11741019073
11740658178,11740749209
11741488804,11741713357
11742052415,11742257098
11743873899,11744299023
11744305163,11744813506
11744980728,11745140368
11745592905,11746125182
11745734032,11746158155
11747868432,11748428342
11748516910,11749017117
11750244919,11750300348
11753455400,11754076731
11753998177,11754182537
11754124409,11754409482
11754290943,11754695406
11757895478,11758027829
11758111493,11758274496
11760441739,11760691410
11760680260,11760931515
11761599607,11762040929
11761953766,11762353073
11762401593,11763010354
11763704697,11763944297
11767452908,11767602124
11768195824,11768465587
11768660562,11769162645
11769574247,11769659732
11769669309,11769792687
11770295353,11770811234
11770755937,11771285845
11771355183,11772012302
11772067385,11772644192
11773221412,11773626379
11773263373,11773335797
11774128042,11774429202
11776464586,11776663945
11776969070,11777508796
11777915279,11778280294
11779584450,11780076687
11780109732,11780476706
11782239680,11782714215
11784818576,11785001819
11786897404,11787326315
11787830602,11788001267
11787991159,11788283181
11789219072,11789249645
11790322229,11790445865
11795246524,11795470884
11795299978,11795644029
11797597374,11797973624
11798409340,11798823097
11799544660,11799829979
11800328834,11800416142
11800832451,11801075173
11801897358,11802469689
11801959535,11802442533
11803572629,11803915857
11804303568,11804408840
11804971988,11805493977
11805031571,11805297045
11805714023,11806019936
11805930439,11806092755
11805953878,11806019921
11806523783,11806733103
11808805734,11809193759
11811139667,11811594961
11811931360,11812289847
11811989086,11812705221
11812020473,11812700289
11812546729,11812937524
11813128088,11813364006
11813277639,11814041426
11814754388,11814844343
11815015121,11815335132
11815683553,11815838799
11816710059,11816797253
11817022216,11817377243
11817221071,11817665483
11818669086,11819183607
11819954612,11820572355
11820515131,11820888599
11822720267,11823088099
11823474860,11823936633
11825213453,11825337467
11826321365,11826392445
11828192225,11828417469
11828485860,11828877911
11831172410,11831415718
11833349167,11833952163
11837686914,11838297010
11838074175,11838585352
11841549657,11841893638
11842275128,11842669477
11846488060,11846772199
11847210631,11847567879
11847479722,11848074769
11848438340,11848843978
11848712193,11849147778
11849476271,11849890999
11849911108,11850467049
11853001789,11853210521
11854286815,11854338329
11855606980,11855794091
11855962913,11856206842
11856183169,11856760523
11856993645,11857420793
11858378039,11858726066
11859674428,11859787057
11859973388,11860423521
11860508386,11860887412
11860706490,11860803061
11862190200,11862374203
11869287030,11869966934
11871223966,11871570281
11871528044,11872027616
11872846784,11873077283
11874008781,11874054660
11874345740,11874461415
11876618313,11876902708
11876925145,11877329142
11878394066,11879216707
11880318241,11880955543
11880820535,11881443071
11881908095,11881997650
11882500100,11882966417
11883744547,11884088809
11885906805,11886218313
11887629337,11887956794
11888508729,11889039986
11889594625,11889996397
11890657822,11891144925
11891037545,11891615704
11891377928,11892046529
11891640112,11892177557
11892610758,11892687679
11892805676,11893425296
11894561179,11894593076
11894573432,11894994614
11896031070,11896279165
11896673936,11896908590
11897114886,11897517838
11897570434,11898008832
11899456851,11899934138
11900416069,11900563574
11902311962,11902446583
11903662805,11904250530
11905951587,11906392417
11906517790,11906821845
11907705386,11908165786
11908195417,11908421923
11908893340,11909435735
11909233919,11909500113
11910400449,11910765023
11913850917,11914001850
11914733425,11915261519
11915338530,11915725803
11916653185,11917286785
11916660389,11917204202
11917109173,11917479545
11919303493,11919689801
11920680761,11920749145
11921083315,11921559532
11922006897,11922179738
11925542745,11925938856
11925932230,11926016892
11926642217,11926905339
11928848087,11929435845
11929814715,11930439883
11930486103,11930639035
11931088658,11931151749
11931324029,11931482589
11932171184,11932472418
11933909456,11934522122
11934165450,11934594322
11935254671,11935504623
11935902348,11936518585
11936757817,11937033858
11937543106,11937589731
11938786734,11939252870
11939434733,11939612766
11940960758,11941102948
11941541133,11941763478
11941692685,11941974028
11941870458,11942246241
11943025894,11943528573
11943734773,11944309918
11943843566,11944324738
11944381071,11944960878
11944609382,11945178107
11945587810,11945969923
11946434916,11946824149
11946786097,11947117800
11948515826,11949149520
11949366116,11950078947
11951399519,11951777587
11952212022,11952486665
11953565572,11954023014
11955337927,11955801861
11958366980,11959139842
11958798767,11959222417
11959146146,11959586273
11959621726,11960083212
11959764240,11960300056
11959828504,11960039799
11960422459,11961007692
11962149642,11962478256
11962891422,11963250983
11964265144,11965001010
11966692175,11967160506
11966915069,11967552553
11966921252,11967324726
11969982985,11970410865
11971436735,11972250994
11972100972,11972774307
11972273747,11972701410
11972650217,11972864055
11973349923,11973366240
11973786684,11974066236
11978389115,11978504020
11979022356,11979509733
11980611358,11980726870
11981282046,11981559847
11981981156,11982003390
11983325402,11983682848
11983376558,11983849462
11984122912,11984664996
11984229391,11984889679
11984891244,11985638595
11986371538,11986929506
11987873199,11987977916
11989047263,11989308655
11989090637,11989324050
11989914506,11990181418
11989942016,11990149250
11990169905,11990377955
11990875371,11991166051
11991130158,11991438056
11991658646,11991934414
11995887696,11996371288
11996135698,11996609008
11997364174,11997857675
11997738841,11998021362
11998660757,11998949556
11998949223,11999291585
11998954397,11999385052
11998972414,11999595977
12002955143,12003411199
12005814986,12006163750
12006200427,12006578027
12006408323,12006468948
12006676938,12006910406
12008139927,12008740961
12008815147,12009082300
12011658998,12011886058
12012186199,12012464745
12012382861,12012704255
12016205326,12016978378
12017484186,12017716741
12018719626,12019157695
12018946660,12019296392
12019497743,12019766731
12019797566,12020351383
12021030104,12021398360
12021411212,12021606852
12022251839,12022680466
12022689595,12023173377
12023419451,12023780894
12026928869,12026980159
12027156726,12027423170
12027427882,12027766726
12028467985,12028903975
12029461534,12030303247
12031020728,12031531977
12031743280,12032064217
12032490955,12032776691
12032719532,12033145819
12033660840,12033981112
12034279953,12034771651
12034281643,12034345600
12034658070,12035205231
12035493454,12035548295
12035507476,12035669072
12036204478,12036807881
12036509920,12037074501
12038453962,12038839186
12038806447,12039644805
12040759385,12040831492
12043452483,12043718120
12043694132,12044388816
12044366660,12044481379
12044870041,12045476682
12045610681,12045739255
12047065024,12047552088
12047467025,12047822656
12049204694,12049428570
12049375910,12049882542
12049419214,12049866333
12049481637,12049546130
12051883850,12052514505
12053094406,12053289375
12053516035,12053858266
12054169795,12054213402
12055772015,12056225517
12056533609,12057057216
12057599120,12058023721
12057658985,12057787447
12059282396,12059781635
12060218493,12060300440
12063476960,12063872267
12063893567,12064316219
12067550223,12067674029
12069698067,12069966336
12070596278,12071237927
12072415823,12073018262
12072532200,12072848503
12072815657,12073232096
12073234847,12073936031
12076929896,12077232454
12077156673,12078074266
12078126074,12078534186
12078976607,12079774459
12080457526,12080551076
12082880582,12083435872
12083706132,12084170261
12083829360,12084589581
12084193958,12084331060
12084627697,12085014617
12085827210,12086465695
12087127460,12087365341
12088278561,12088922117
12088463300,12088485811
12090970051,12091217603
12091132565,12091685172
12093393389,12093659682
12094160379,12094717234
12094318028,12094517767
12095366072,12095968729
12096628463,12097090171
12096884092,12097308202
12097231047,12097357347
12097869792,12098139969
12100100299,12100561193
12105037058,12105270897
12107562414,12107586317
12110058093,12110507408
12112092206,12112188766
12112354001,12112465617
12112832453,12112906197
12113187143,12113798797
12113254858,12113383782
12114031543,12114368666
12114237119,12114874290
12114243768,12114448580
12114309393,12114340256
12115952729,12116098180
12116451279,12116852197
12116865489,12116899322
12118249598,12118752656
12118802833,12119130891
12119653218,12119992097
12123227415,12123706666
12124126084,12124255600
12124281165,12124438942
12124498631,12125100225
12125380390,12125897395
12127030727,12127480189
12128173219,12128213506
12130061459,12130478515
12130351194,12130464144
12131249635,12131599186
12132453295,12132889018
12136253390,12136886270
12136942673,12137251575
12138185367,12138530339
12138429003,12138768743
12138534931,12139055636
12139066364,12139440837
12140054826,12140251068
12140684808,12140803872
12140806718,12141305579
12141374954,12141717802
12142494163,12142863852
12142887390,12143299353
12142887605,12143656037
12143444961,12144167616
12144682742,12144989167
12145494267,12145785168
12147093171,12147217867
12147557134,12148360646
12149005379,12149492904
12149381152,12149526798
12151725197,12152031971
12153734038,12154194556
12155046961,12155430590
12155200882,12155393613
12156320861,12156598337
12156742472,12157094350
12157302722,12157640141
12158717599,12158756757
12158736141,12159138382
12159213501,12159806098
12159291103,12159919780
12159941870,12160186077
12160968156,12161056623
12162110615,12162436570
12162524605,12162905425
12162786001,12162918112
12162805343,12162836106
12163110453,12163476246
12163217377,12163497920
12163253855,12163690229
12163854977,12164315647
12164391708,12164616439
12164489676,12165056301
12164542781,12165012901
12164640649,12165279851
12167036294,12167640614
12167124087,12167212981
12167300510,12167435471
12168100140,12168243723
12168348743,12168477169
12170104931,12170778821
12170217609,12170894534
12170224468,12170804102
12170936251,12171544829
12171704725,12172050513
12173248695,12173844201
12173427468,12174033854
12177079523,12177327662
12177216603,12177851235
12178380678,12178659048
12178400120,12179019093
12179491722,12180390809
12179569395,12180316537
12179931793,12180223966
12180798930,12181216135
12181171030,12181791784
12183871812,12184157624
12184799362,12185106456
12185002429,12185158191
12185323868,12185588721
12185359767,12185654565
12186447553,12186973553
12186979138,12187512574
12187046146,12187320328
12189320544,12189692520
12189894586,12190181703
12190663786,12190691866
12190711428,12191312569
12192135943,12192442319
12192343854,12192564148
12192451975,12192524994
12194954653,12195122361
12196317935,12196812161
12196676239,12197010832
12197313658,12198033598
12198179491,12198694277
12200537518,12200880671
12200556254,12200825105
12201066220,12201629880
12201887194,12202294493
12203091313,12203371359
12203556986,12203786093
12205395007,12206263876
12205536274,12205820625
12208035560,12208283220
12208120431,12208444944
12211646231,12211831539
12211647188,12212201246
12211652759,12212230902
12214710768,12214922370
12214761959,12215353173
12214871237,12214974892
12216126652,12216510739
12218036845,12218061440
12219975861,12220389791
12221183423,12221694979
12221463569,12221757946
12222637593,12222926242
12224609657,12224766808
12224615868,12224949162
12234209662,12234339763
12234912063,12235331611
12236082174,12236337180
12236696494,12236821874
12237438513,12237982299
12239310710,12239685785
12239432022,12239655190
12240630738,12241139859
12242094624,12242278676
12242300511,12242631799
12242458582,12242743501
12243137268,12243642819
12243231078,12243407590
12246636645,12246919099
12246969292,12247068495
12247270322,12247722489
12248416687,12248686912
12250733612,12250997071
12251004738,12251390967
12251531279,12252085404
12252891509,12253402077
12253391157,12253554444
12258101908,12258450362
12258190232,12258284925
12258346157,12258823846
12258948517,12259328386
12259243627,12259776143
12259367804,12259584945
12259626028,12259825494
12259871397,12260301945
12259898174,12260379627
12260552233,12260841943
12262732821,12263101445
12264025085,12264485875
12266872834,12267278105
12269505403,12269617094
12269900150,12270462918
12270185259,12270572024
12270243292,12270723804
12271294947,12271913982
12272251950,12272483065
12272348941,12272815286
12274765248,12275432944
12274852019,12275165277
12275290772,12275563968
12275451142,12275545000
12275451574,12276188144
12275525718,12275772885
12277022645,12277513878
12277100623,12277204664
12277110919,12277267656
12277146911,12277291379
12277214093,12277264646
12277494382,12277697515
12278835054,12279615368
12279220915,12279703599
12281175000,12281386348
12281480107,12281714383
12282749471,12283094622
12282781121,12283094053
12284399523,12284706727
12284759128,12285060971
12287312306,12287745657
12288129620,12288707839
12288144692,12288409075
12288675869,12288997723
12290734401,12291241874
12291636548,12292035465
12291944754,12292602011
12293542750,12293687453
12294049641,12294360406
12295458709,12295884409
12295705222,12296081323
12296331295,12297001624
12297767631,12298002478
12299480098,12299672658
12300114925,12300507778
12301870637,12302352790
12303525867,12303648220
12303703349,12303763455
12304456504,12304819001
12306362857,12306487572
12307804298,12307992643
12309350581,12309829857
12309837325,12310507250
12309868805,12310035139
12311108438,12311754609
12312250639,12312675380
12312506945,12312544695
12313011633,12313465558
12313847706,12313946030
12316229288,12316849066
12317269231,12317632184
12318456323,12318787547
12318684574,12319204797
12319898024,12320009967
12320950694,12321137781
12321324885,12322057815
12322846921,12323045945
12323372369,12323883615
12323726043,12324088619
12324235811,12324494252
12325234540,12325706605
12325446079,12325760983
12325904939,12326133937
12327135699,12327552369
12328944923,12329336656
12330621236,12331159638
12331066978,12331210175
12332504630,12332660006
12333020825,12333224795
12333594930,12333833055
12334930250,12335388997
12335500043,12335957274
12338846053,12339912014
12339367812,12339916017
12339933967,12340363543
12341159620,12341735569
12344866927,12344911953
12345028404,12345426941
12345429033,12345762235
12347780178,12348429625
12348042502,12348534871
12348372219,12348939198
12349566365,12350215530
12349906922,12350488412
12350040393,12350830637
12350518420,12350926439
12351215566,12351796802
12351454027,12351592921
12353447416,12354049650
12354427029,12354979848
12355439105,12355770825
12356046412,12356464259
12356343367,12356368337
12356777979,12356925106
12356878881,12357237838
12358103022,12358472546
12358220421,12358260933
12358424677,12358889763
12359132504,12359427723
12359186405,12360001395
12361160051,12361641293
12361474340,12361921218
12363399247,12363818604
12363536005,12363884155
12364100824,12364709715
12366391287,12366898658
12367145397,12367571721
12369185705,12369713887
12369867480,12370328065
12371051792,12371318830
12372774626,12373171869
12373367081,12373942851
12373587224,12373814811
12373951273,12374265056
12374282562,12374708673
12376540440,12376715651
12376771508,12377084360
12376875034,12377550213
12377201918,12377690340
12377302709,12377549431
12378002011,12378376721
12378290017,12378709151
12378875186,12379162716
12382924612,12383483860
12383488049,12383835345
12384056790,12384350214
12384674552,12384807585
12384758176,12385282924
12384909269,12385000573
12387216791,12387488731
12388094450,12388636170
12391647641,12391802961
12393686510,12393750399
12394826831,12395001511
12394855570,12395091638
12395411557,12395990623
12395462652,12395735919
12395837629,12395860553
12396657704,12397015040
12398195143,12398327152
12398914606,12399256984
12399875048,12400439594
12400778812,12401024401
12403078387,12403613573
12403393363,12403780838
12404489664,12404886285
12404584267,12404881849
12407020304,12407132274
12407069468,12407583415
12408059186,12408691098
12408181934,12408293019
12408225707,12408571575
12408281920,12408813842
12408297227,12408672927
12408673298,12408880437
12408815891,12408838833
12409538276,12410108872
12409653817,12409771870
12409677869,12409940724
12410048333,12410643609
12410669272,12410996267
12411207084,12411487547
12413195393,12413359966
12414264054,12414684626
12414654696,12414968008
12414691541,12415243797
12415329847,12415721968
12415898900,12416303920
12419055506,12419399893
12419214941,12419611397
12422018637,12422428376
12422342526,12422668027
12422382412,12422719021
12422856701,12423487132
12424653106,12425076428
12425437322,12425836349
12428004375,12428203292
12428712219,12428922008
12430554964,12430909504
12431220766,12431429556
12432566614,12433001760
12434597935,12434902754
12435025674,12435440633
12435488774,12436006282
12435649064,12436126431
12438594652,12438726668
12438759358,12438964665
12439434070,12439884986
12439897005,12439983236
12440053626,12440160158
12441474573,12441662126
12441570920,12441922642
12444036251,12444482692
12448141398,12448810091
12448455345,12448785691
12449068018,12449433955
12451180974,12451491339
12452534845,12452938300
12452788243,12453117646
12454010831,12454033030
12455211426,12455291741
12456145908,12456191982
12456629902,12456697708
12457988352,12458442534
12458140928,12458334865
12458321080,12458644299
12458402121,12458631081
12459350653,12459740919
12459358275,12459628705
12460229869,12461028367
12461260309,12461379463
12461399912,12461841398
12461551162,12461981372
12463067009,12463347170
12463528779,12464017852
12464593750,12465227217
12465487024,12465811560
12465924414,12466110516
12466578032,12467168136
12466654092,12467298607
12467387530,12467719322
12470907484,12471005072
12471066018,12471318059
12471891250,12472121027
12472860177,12473260800
12474772060,12475066174
12475391549,12475854711
12477217772,12477617420
12477433133,12477993703
12478567628,12478708822
12478635930,12479022833
12481258443,12481589632
12481403327,12481759601
12481442754,12481839596
12482619962,12482862676
12483344217,12483649882
12483754458,12483962080
12484751658,12485260543
12488488421,12488879266
12488976859,12489535764
12489058497,12489632305
12490858518,12491346676
12491896624,12492115799
12491910069,12492345119
12497035463,12497618338
12498095234,12498765859
12498630940,12498792138
12499810060,12500105630
12501600065,12501936970
12503856608,12504315015
12505342814,12505793881
12505383983,12505408386
12508161371,12508418357
12508881351,12509143187
12510402603,12510871815
12511115356,12511510524
12511961580,12512019069
12513026993,12513490384
12514223473,12514742911
12516764043,12517110350
12517805267,12518134757
12517992327,12518338947
12518036333,12518428031
12518502802,12518786464
12518910802,12519247755
12519017977,12519442077
12519604879,12520153137
12519927905,12519952335
12520623632,12521251934
12521072258,12521335862
12521095873,12521435715
12521501440,12521924650
12522774652,12522852256
12522890973,12523267754
12522926826,12523077950
12524352422,12524879546
12524758093,12525287542
12526418554,12526818267
12527659179,12527824030
12528474138,12528734105
12529394940,12529773902
12530123506,12530433335
12530535575,12530656266
12531024695,12531226915
12531419429,12532272290
12532190420,12532356385
12532344073,12532430250
12532558782,12533035997
12535352351,12535890526
12536083401,12536613856
12537743538,12537930872
12540253052,12540508514
12541316831,12541784207
12541741086,12542120536
12542027766,12542082696
12542204438,12542402049
12542437499,12542595943
12542551991,12542946411
12542748856,12543164184
12543630488,12544045437
12544442780,12545073170
12544846441,12545125595
12545118716,12545641495
12546599777,12547147162
12546664881,12546931538
12550594844,12551080799
12551564158,12551774884
12553653493,12554085159
12554119734,12554229147
12554329747,12554546292
12554584782,12554963464
12555362647,12555785701
12556202914,12556648850
12556411153,12556905863
12556929276,12557105040
12558145233,12558805776
12558286199,12558395687
12558286626,12558573443
12558423655,12558519321
12559600898,12559671994
12562040461,12562315820
12562344892,12562836403
12562960597,12563393559
12563083708,12563654757
12563482704,12563845945
12563483715,12563936192
12563954748,12564485769
12564069155,12564545337
12564251480,12564801154
12564299658,12564595779
12565072093,12565216785
12567667179,12568004868
12568011367,12568278809
12568668803,12568879530
12569132884,12569401878
12569420031,12569814918
12570363256,12570722001
12572326052,12572711846
12573077574,12573666000
12573255247,12573662820
12573668447,12573911615
12573983176,12574439290
12574534125,12575142312
12575142143,12575352576
12577633222,12577988892
12580595112,12580659834
12580844311,12581522025
12583370750,12583508924
12583524591,12583880794
12584088614,12584655021
12584678204,12585294000
12585289492,12585708107
12585295972,12585367112
12585531928,12585872297
12587157306,12587463580
12587274912,12587630516
12587481731,12588094268
12588124750,12588446478
12589230654,12589441654
12590441584,12590579313
12590916938,12591300835
12591243579,12591367812
12593409797,12593869363
12601822462,12602692146
12603988386,12604099732
12605183986,12605892317
12606240871,12606578974
12608906998,12609339750
12610044840,12610411344
12610594210,12610978585
12611020946,12611553253
12611770232,12612541586
12612134707,12612543088
12613982651,12614232760
12613983659,12614255412
12615636736,12615940480
12616530052,12616628378
12617761482,12617991729
12620489737,12620556889
12621996270,12622602303
12623744515,12624187866
12626347342,12626801994
12626378812,12626974204
12626976821,12627588989
12627630035,12627955559
12628104912,12628605733
12628880416,12629029713
12629994394,12630088382
12632944128,12633010424
12632993621,12633360716
12633369724,12633404332
12635262355,12635825202
12635989437,12636505069
12638318704,12638788078
12638703170,12639050628
12639404537,12639640048
12639726915,12640045384
12640094173,12641088120
12642835648,12643113268
12643272152,12643544905
12645030657,12645327788
12645307587,12645860324
12645695403,12645755447
12645972805,12646315080
12646214901,12646707389
12646940074,12647284932
12647172397,12647442527
12649447840,12649853807
12650374929,12650932176
12650905270,12651073758
12651331364,12651647213
12652892795,12653270534
12653478992,12653635183
12653946037,12654087274
12654095016,12654198066
12654548329,12654797356
12654972272,12655357691
12655209940,12655497953
12656867613,12657359083
12657556685,12657847245
12660929635,12661488178
12661924212,12662151783
12662308569,12662580333
12663456912,12664080273
12664206968,12664604860
12665028500,12665391052
12665062217,12665570500
12665097477,12665363113
12665681541,12665907035
12667651635,12668460234
12667716163,12668243694
12669353943,12669486544
12669546330,12669692014
12670207464,12670493299
12670465668,12670716234
12670718893,12670823193
12671426756,12671476870
12671676833,12671700913
12672091650,12672287968
12673127648,12673505804
12673665660,12673754480
12674015670,12674345389
12674840006,12675371339
12675201716,12675216950
12675242657,12675630878
12675404145,12675944156
12675950059,12676174401
12676376919,12676783394
12680862609,12681046375
12681017238,12681175020
12681213960,12681719776
12681724222,12682086317
12684127592,12684475510
12685666892,12685847404
12685817424,12686381054
12686904470,12687442692
12688348737,12688538073
12690114971,12690321017
12690648477,12690882166
12691235289,12691352172
12691881742,12692269005
12691943886,12692438816
12692296603,12692771840
12696773127,12696903233
12700482539,12701010546
12700799969,12701205960
12703173599,12703689666
12704096788,12704461660
12705826569,12706201543
12706125390,12706734587
12707887140,12708260016
12708000609,12708544228
12708559186,12708812106
12708663637,12708982801
12709490218,12709931799
12709862960,12710136018
12711296921,12711985438
12712121410,12712487905
12712501694,12712837867
12713409233,12713670227
12713457187,12713756119
12713791424,12713864671
12714746730,12715236162
12715679672,12716151103
12716867841,12717123651
12717262770,12717705548
12717458663,12717632371
12719097256,12719800848
12722481324,12722541382
12723220774,12723961325
12723473265,12723705902
12724270045,12724759665
12725035826,12725124999
12726102693,12726738294
12726517834,12727027769
12726537244,12727155315
12727561183,12728165798
12727904526,12728306363
12728326001,12729203979
12728810931,12729166062
12729193463,12729752832
12729604690,12729895851
12729648602,12730005092
12730261186,12730357488
12730296783,12730926662
12731293899,12731605037
12732294695,12732514313
12734623499,12735233715
12735653369,12735763237
12736683543,12737692516
12736934076,12737222088
12737102928,12737423757
12738175051,12738355386
12739291891,12739809228
12740166062,12740258484
12740255745,12740932596
12743313802,12743952789
12744985169,12745387442
12747686348,12747955058
12747798069,12748275327
12748695224,12749487510
12749406275,12750203877
12752644154,12753072918
12754314812,12754825324
12755348512,12755944342
12755752031,12756268689
12756258559,12756369819
12756520486,12757111530
12759193516,12759642816
12759394450,12759598995
12760860349,12761318373
12762007563,12762394933
12762514752,12763157999
12762640789,12763223007
12763323155,12763627985
12764364370,12764528776
12765336818,12765412506
12765405755,12765918760
12766444389,12766651613
12769054523,12769179093
12769101049,12769702163
12771898477,12772276757
12772189656,12772465570
12772652868,12772916958
12774433511,12774594781
12776356127,12776614846
12776372793,12776460552
12777821839,12778204829
12778779838,12779262613
12779299964,12779594153
12779517127,12779794880
12780841298,12781213340
12781987353,12782671311
12782370858,12782905493
12783305606,12783626831
12783347859,12783395303
12783401675,12783434486
12783423377,12783909813
12783624718,12784199762
12784764309,12785150093
12784853076,12785414905
12786193501,12786529830
12787296392,12787383382
12787931702,12788010622
12788013205,12788385997
12788140007,12788362964
12788361375,12788687333
12789568826,12789840832
12790177486,12790908284
12790933051,12791158948
12791440654,12791507404
12792948999,12793098742
12793776889,12793913992
12794295158,12794352658
12794499671,12794592150
12794823798,12795272075
12795009168,12795378007
12796852949,12797127364
12796891887,12797294200
12796944400,12797073272
12799310227,12799466216
12800376492,12800799193
12802358035,12802690363
12802369086,12802971646
12802824603,12803444400
12803404358,12803894402
12803526531,12803819498
12803794928,12804246628
12804382005,12805009505
12804566850,12804659759
12806881405,12807193397
12808626122,12808641861
12808785326,12809048442
12810030951,12810473365
12810317122,12810679364
12810582381,12810909142
12811935930,12812213053
12813433458,12814094693
12814086364,12814641389
12814216132,12814481926
12814521218,12814695260
12815008240,12815289348
12815348148,12815692543
12815586351,12815930122
12816319112,12816682938
12816477029,12816739684
12819417784,12819627949
12820269515,12820522413
12820423264,12821021109
12821562009,12822277954
12822188512,12822452713
12825530211,12825742938
12827429536,12827956883
12828724124,12828901715
12829410144,12829967602
12829439714,12829915247
12833980574,12834386897
12834198636,12834376336
12834917343,12835001311
12836376536,12836603571
12837039536,12837678635
12837055399,12837280057
12837691122,12837970968
12838802169,12839367342
12839413164,12839767498
12839534204,12839885809
12839734341,12840335985
12840342753,12840553678
12840700906,12841073291
12840916949,12840953273
12843030888,12843625967
12843186478,12843644399
12844987444,12845551497
12845364063,12845598002
12846627433,12846981576
12849296210,12849673042
12850050790,12850876464
12850885650,12850973307
12850991958,12851444803
12851678530,12852052851
12855447109,12855871346
12856695268,12857124767
12856947196,12857135017
12857324479,12857610880
12858514070,12858544706
12859558586,12859688654
12859572804,12860127069
12867100067,12867496022
12868577576,12868704283
12868714133,12868854597
12869040352,12869475993
12869524263,12870020532
12869955440,12870445637
12871033735,12871336511
12871403953,12872085686
12871789766,12872298928
12872322435,12872849148
12873611478,12874098707
12873995313,12874246007
12875267036,12875466646
12875288196,12875461026
12878098432,12878341178
12880563252,12880637873
12885296537,12885641206
12886008265,12886247077
12888033194,12888620154
12888053555,12888684270
12889489413,12889809871
12890125364,12890481925
12890809983,12890995589
12890911519,12891181448
12891622772,12892075664
12892571731,12893065492
12893395373,12893595604
12893770993,12893971305
12893782023,12893928921
12894478570,12894715979
12894839989,12895175047
12895087858,12895104465
12895251347,12895509610
12895384286,12896038669
12896227219,12896655073
12897192140,12897739834
12897617810,12898014337
12897721847,12898193122
12898763631,12898975663
12899831278,12900142686
12900274628,12900875101
12900537636,12900985184
12901280328,12901509521
12902918286,12903059119
12903538211,12904021946
12904004904,12904752841
12904547962,12904856861
12904780658,12905279880
12906039498,12906543102
12906641064,12906885117
12906699640,12906982727
12906934310,12907190867
12908250722,12908366146
12908685615,12909055208
12909452956,12909478333
12910243811,12910751612
12910677246,12910991974
12910678650,12911241806
12911933069,12912451021
12912072119,12912367393
12912398707,12912901503
12913270851,12913664133
12916850350,12917211693
12918334194,12918951727
12918937555,12919274161
12919286010,12919656543
12919514473,12919782156
12920352002,12920905883
12920841709,12920989348
12920991226,12921336637
12922508649,12922563009
12925144883,12925372485
12925394251,12925610587
12926813399,12926952150
12927957871,12928078404
12927967339,12928319392
12928509937,12928882235
12928973761,12929869042
12930888921,12931415608
12931447029,12931691252
12934364783,12934790696
12934691284,12935210498
12938436656,12939457723
12939115634,12939341956
12939460024,12939793676
12939461343,12939630218
12939735267,12940799728
12941031319,12941461721
12941122757,12941605208
12947227538,12947583552
12952244980,12952459064
12952578769,12952645190
12953907416,12954168007
12954169579,12954250171
12954906551,12955330549
12955190248,12955322589
12955869493,12956201977
12957337936,12957798537
12958139251,12958193803
12959573800,12959769517
12959628428,12960144733
12962117807,12962600945
12962401656,12963173906
12963257890,12963721995
12963927068,12964420451
12964468490,12965045132
12964547267,12965030401
12965010519,12965501687
12965137821,12965747799
12966747723,12966990188
12967131323,12967715983
12968777863,12969160826
12968996163,12969158989
12970111880,12970403842
12971139073,12971380412
12973857661,12974167109
12974203207,12974592347
12975415504,12975973909
12975717727,12976200191
12976326456,12976981030
12979530296,12979622837
12981663920,12981982331
12988228033,12988826195
12991259478,12991914066
12992110190,12992850071
12993084798,12993616104
12998396359,12998635120
12999027905,12999404073
12999611653,12999766027
13000398480,13000909881
13000460282,13000592175
13000850121,13001418726
13000912015,13001343155
13003880999,13003959057
13004927575,13005351465
13006142790,13006515617
13006396847,13006950622
13006942641,13007075572
13008758988,13009076526
13009342833,13009560326
13009740841,13009953678
13011393172,13011855749
13011424464,13011586328
13012533081,13012716807
13014039433,13014896924
13014824298,13015324824
13014941083,13015167268
13015039037,13015840808
13018164249,13018623306
13018172227,13018789290
13018564914,13019010894
13020733916,13020837239
13020902018,13021378258
13022487418,13022923386
13024472601,13024768705
13026959283,13027574598
13028947476,13029052936
13029367359,13029757168
13029367531,13029661066
13030215064,13030363039
13030837585,13030900471
13031345953,13031919290
13034535385,13034826278
13035035026,13035268713
13035312854,13035767098
13036632364,13037089061
13037657648,13037999617
13038541137,13039068875
13039115498,13039646751
13039563335,13039952439
13040871914,13041154597
13041498775,13041683828
13042823379,13043411987
13042828752,13043132912
13044610359,13044724959
13044831651,13045198337
13044998161,13045400761
13046848092,13046931545
13047086967,13047349372
13048156086,13048355836
13048424650,13048783369
13048815995,13049172384
13049993869,13050237217
13050410445,13050639081
13051922245,13052490698
13052045168,13052326439
13053219637,13053847182
13055262163,13055438880
13055560559,13055840467
13057264793,13057309302
13057867875,13058445924
13058144101,13058853038
13058244805,13058383794
13058586058,13059183146
13059248710,13059591369
13059391331,13059994820
13059518692,13060020813
13059578181,13059987041
13065406701,13065759334
13067468642,13067580911
13067688119,13067861456
13068737819,13069059829
13070001965,13070128394
13070003123,13070433342
13071484813,13072246065
13072847903,13073180979
13073885175,13074112128
13074596983,13074622971
13074809665,13075113079
13077754352,13078065774
13078181048,13078540893
13078603846,13078962461
13078771305,13079192118
13079381648,13079702862
13081890757,13082282280
13084073142,13084419854
13084501823,13084715913
13086736223,13086878689
13086790568,13086971435
13087448140,13087667688
13088306226,13088835287
13092330800,13092770197
13093924823,13094300584
13096805712,13096875841
13097327919,13097858650
13098053902,13098675146
13098257884,13098888957
13099130170,13099253581
13099524253,13100032420
13100134009,13100252236
13100927127,13101216162
13101869002,13102518503
13102230782,13102250893
13102268552,13102419458
13103678169,13104082481
13106720094,13107278285
13111697155,13111760725
13112837649,13113259170
13113482025,13113505815
13113678908,13114161632
13113767506,13114355819
13114360852,13114652752
13116855043,13117414688
13117215485,13117598483
13117814446,13117863317
13118205038,13118291873
13118879130,13119393784
13120278037,13120352655
13120585486,13120961369
13122146086,13122233630
13124014367,13124584035
13124026542,13124516758
13127443691,13127555519
13127567434,13127670878
13128010614,13128457444
13129355241,13129578193
13129441649,13129604043
13130282254,13130867757
13131867820,13132446681
13132326287,13132663621
13136558992,13137191429
13136967038,13137514759
13138493256,13138767084
13138536253,13138989687
13139709356,13139788596
13140630910,13141175905
13141496196,13141982301
13143302889,13143468460
13146017673,13146360428
13146249514,13146801179
13148147521,13148373452
13148606498,13148927677
13148836134,13149438860
13149449145,13149501275
13150110084,13150627877
13151062317,13151503326
13151663954,13151876676
13152708706,13152963587
13153153353,13153452889
13154934592,13155580542
13155570767,13155996405
13155604717,13155774151
13157077347,13157364666
13160305184,13160765321
13162115666,13162679525
13163632304,13163935033
13164248503,13164893136
13167402166,13167796208
13168992304,13169290809
13169890112,13170357740
13170359594,13170894912
13171770136,13172276505
13172600259,13172801141
13173021255,13173562574
13174345229,13174520758
13174890861,13175024687
13175297735,13175575361
13175344974,13175633479
13175467781,13176093870
13177474740,13177830736
13178541736,13178663535
13179883962,13180157096
13180096938,13180592708
13180520277,13180758111
13180599174,13180845749
13180820842,13181296605
13181135271,13181314417
13182183724,13182720054
13182275507,13182763952
13182321282,13182372444
13184140828,13184446704
13184283992,13184770648
13184771933,13184886600
13185138872,13185538372
13185269220,13185548441
13185343639,13185454719
13185657422,13186307957
13185854416,13186359173
13186225029,13186744311
13187951256,13188696296
13188428181,13188624800
13189277786,13189619812
13189900496,13190196055
13190036697,13190065946
13191646096,13192052907
13191948835,13192242467
13192066543,13192300836
13193045909,13193396791
13193357942,13193427534
13194824532,13195330580
13195263904,13195861046
13196465323,13196598363
13197398585,13197586245
13197517556,13197809221
13198912030,13199308592
13199089327,13199315190
13199897221,13200070079
13200301997,13200682658
13200490687,13201032682
13201693811,13202139401
13202278880,13202667609
13202879858,13202911346
13203973280,13204226965
13204438801,13204842920
13206039817,13206304734
13206047954,13206903486
13207831081,13208265973
13209199006,13209828469
13209408826,13209747794
13210045822,13210303388
13212343188,13212654977
13212480953,13212523234
13212989753,13213253904
13213126295,13213320462
13213650970,13213888938
13213782895,13214048940
13214037046,13214631702
13215890553,13215969318
13216470302,13216858683
13217161109,13217375727
13217734194,13218159800
13218694349,13219033215
13219721827,13220232524
13220282031,13220560708
13222546630,13222717831
13223895636,13224414762
13224022765,13224348683
13225555857,13226062160
13227645447,13228292806
13227672044,13228184232
13229831514,13230039956
13230816124,13231007891
13230915341,13231491399
13232858545,13232953472
13233238879,13233694626
13233471023,13233701764
13233544815,13234133606
13235240603,13235651287
13236247999,13236506278
13236960959,13237204836
13238485897,13238701169
13239611651,13239931473
13241042542,13241358569
13241186190,13241926743
13241745300,13241967180
13242732918,13243090317
13243178792,13243486046
13243830811,13244362687
13244436022,13245235656
13245625771,13245916670
13249316556,13249633164
13251534846,13251612876
13251787097,13252292468
13251938268,13252549260
13252293449,13252629972
13252800494,13252966069
13253018152,13253161187
13253601520,13253670295
13253636800,13254155966
13253827671,13254000285
13256242601,13256651567
13257757160,13258160415
13258205650,13258310510
13259218723,13259542034
13260048837,13260494394
13262148358,13262472444
13262648229,13262745676
13263709186,13263970410
13264301529,13265393089
13267804805,13268133997
13270031823,13270623500
13270559526,13271198661
13271080805,13271149379
13271317352,13271681814
13271975285,13272370769
13272124346,13272430312
13272574683,13272968518
13272803323,13273211338
13274476534,13275091655
13275544529,13276046519
13276241983,13276620747
13276352595,13276901191
13278042208,13278358783
13278074850,13278095838
13278269431,13278564785
13278495927,13278942020
13278548308,13278844784
13279428773,13279960175
13279552948,13279598180
13279598694,13280076728
13280467631,13280598518
13282040547,13282551304
13283456236,13283857232
13283532557,13284136763
13285169878,13285283940
13285369766,13285653213
13285781912,13285911238
13286269549,13286887382
13286410200,13286557328
13286666187,13287265210
13287666765,13288170543
13287682271,13288282753
13289608277,13290253105
13291429015,13291987273
13292584236,13292955967
13293283425,13293471700
13293839505,13294174447
13295138370,13295546285
13295340938,13295650962
13296591703,13297165052
13297351528,13297538148
13299941424,13300242466
13302063753,13302100558
13302208150,13302786690
13302602675,13302987961
13302712391,13303094383
13305284927,13305547453
13305368768,13305689907
13306305810,13306367654
13306417925,13306770041
13307710822,13308107653
13307733112,13307973801
13308671192,13308953217
13310633029,13310848332
13313734545,13314290270
13313871033,13314452679
13314591657,13315077008
13315953140,13316065081
13316917362,13317799027
13316985785,13317558993
13317257285,13317610222
13320391133,13320462586
13321747538,13321999019
13321859725,13322013809
13322007073,13322192166
13322648767,13323061850
13323707012,13324052679
13323913948,13323941717
13328314561,13328686428
13328349542,13328956200
13329273585,13329552500
13331619334,13332181205
13332642678,13333258225
13332733362,13333188931
13333056106,13333423745
13333340111,13333520217
13333823026,13334261537
13334704407,13334869408
13335581203,13335952911
13336972791,13337242510
13337271772,13337467000
13337303379,13337637907
13337580825,13338219796
13339178830,13339799296
13341029948,13341056397
13341783642,13342163803
13341938248,13342365459
13344264506,13344887694
13345235055,13345392084
13346257931,13346539189
13348271912,13349081609
13348343758,13348758663
13351499056,13351720058
13351998169,13352241429
13352315264,13352745411
13354188483,13354392021
13355081218,13355372663
13356337480,13356747331
13356607982,13356642794
13357119718,13357476183
13361385082,13361687449
13361545051,13361770672
13363986874,13364099635
13365864783,13365959232
13367872377,13368608466
13368502073,13369164436
13368631591,13369002586
13370152286,13370671622
13370567003,13370962199
13372261009,13372722130
13372656844,13373284600
13372735026,13373490635
13374365511,13374727150
13375859823,13376983188
13376845452,13377453704
13378831852,13379259492
13378930359,13379037034
13379243747,13379810554
13380574470,13381123704
13381485411,13381735418
13385810714,13386126791
13386108871,13386148240
13386330088,13386527755
13386494373,13386804706
13386849401,13387282140
13387123523,13387369966
13387450131,13387599930
13387552343,13387627958
13387555943,13387767076
13387631943,13388419103
13390789291,13390906563
13391141036,13391602843
13391829046,13392039893
13392176445,13392476641
13394133668,13394523363
13394619491,13394822831
13395265131,13395739318
13395408036,13395792816
13396870087,13397435379
13397733081,13398306322
13397959233,13398044381
13398124739,13398504155
13400194828,13400236379
13400274169,13400429557
13401335531,13401573319
13401852913,13402126912
13402990492,13403325247
13407354810,13407573777
13411711032,13412355279
13412865471,13412975825
13415189214,13415357590
13415407325,13415872944
13416663031,13417153503
13416808617,13417210129
13417264863,13418027438
13418051884,13418404132
13418270408,13418592579
13419971906,13420594489
13420454256,13420848948
13421532355,13421892194
13422421467,13422556108
13422567155,13423251400
13423710628,13424337854
13424185586,13424503845
13424372152,13424613760
13424624725,13424884898
13425025008,13425464899
13425607592,13425708545
13426148526,13426480633
13428290814,13428614062
13428986618,13429449259
13430025756,13430134267
13430120008,13430656904
13430794655,13431188795
13432934618,13433118197
13433202543,13433691846
13435008650,13435043416
13435070556,13435600467
13435385279,13435578354
13435820932,13435864622
13436696413,13437010647
13437099347,13437395953
13437820236,13438238249
13438938707,13439212816
13440647960,13440719801
13441660785,13442107534
13443750764,13444249716
13445102271,13445226212
13448105908,13448290676
13448540557,13449044261
13449481879,13449706527
13449768817,13450045078
13450021664,13450393101
13451039761,13451441891
13451471331,13451847482
13451703705,13451989682
13453339275,13453703940
13454134787,13454414953
13456938802,13457489042
13457292964,13457737562
13461268797,13461799670
13462445785,13462852712
13463151047,13463645680
13463380754,13464075665
13463493431,13463657181
13464325946,13464924519
13464558304,13465198635
13465642734,13465704924
13465859048,13466451355
13466135126,13466233812
13466648069,13466699454
13466890209,13467096811
13466908789,13467093743
13466999156,13467590041
13467977156,13468052792
13468162333,13468754300
13468805507,13468994052
13468955425,13469520443
13469930274,13470283687
13471086511,13471208708
13471513643,13471655545
13472498719,13473026152
13472653417,13473126938
13472742376,13473317638
13473392437,13473739664
13475661604,13476404949
13475691169,13476417090
13476253511,13476739401
13476866220,13477225222
13477833979,13478382988
13479623676,13480015509
13479894671,13480419465
13480045241,13480337660
13480308755,13480813993
13480834211,13481151375
13481029470,13481563508
13483237303,13483280001
13483385396,13483755128
13485379604,13485854384
13485552839,13485851387
13485862594,13486072309
13486358999,13486758044
13488138556,13488532155
13489439252,13489989727
13491384307,13491815938
13491819712,13492352207
13492452279,13492636122
13492584289,13492673895
13494613538,13495147508
13495168945,13495488863
13495171493,13495754185
13496482301,13496699872
13496675465,13497426839
13497458403,13497610350
13498775795,13498842643
13501931405,13502037496
13503835214,13504189939
13504427997,13505259216
13505460366,13505876130
13505882533,13505956362
13506120609,13506670616
13506528571,13506787632
13506962197,13507312346
13507185274,13507560994
13509115841,13509421725
13509884299,13510230054
13513474932,13513909071
13513551838,13513831220
13515546690,13515679953
13516501570,13517037791
13516531978,13516665117
13517364057,13517639807
13517733247,13517872205
13517823093,13518371373
13517935773,13518011010
13518577968,13518924380
13518812542,13519214362
13520434309,13520694974
13523524137,13523801644
13523713720,13524165254
13524023258,13524188682
13524069180,13524241958
13525951599,13526053085
13526298556,13526895522
13527228439,13527690939
13529671014,13530129315
13530242061,13530308250
13530466141,13530701233
13530859535,13531179952
13532066084,13532443712
13533357238,13533381150
13534465448,13535243847
13535930696,13536803376
13537116313,13537565119
13537530609,13537850592
13539081892,13539500220
13540670043,13540945147
13541433314,13541647498
13541686076,13541711939
13543254410,13543598624
13543509649,13543756418
13544689479,13545065503
13544911969,13545402753
13545068141,13545507590
13545455909,13545783160
13548034150,13548707108
13549244115,13549724503
13549642632,13550262781
13550126622,13550486147
13554244233,13554352382
13556563720,13556610710
13556655484,13556881437
13557065463,13557621502
13557693308,13558371647
13559212344,13559701335
13562291417,13562931177
13563542416,13563993782
13563889521,13563994554
13564502193,13565110421
13566026876,13566196335
13566320374,13566636772
13566439207,13567110467
13566673447,13567074764
13568141032,13568750482
13569536945,13569975155
13570446785,13570803537
13572550984,13572633828
13572660089,13572895321
13572739585,13573141604
13573112027,13573476166
13573922923,13574322099
13576448135,13576883666
13577082948,13577099022
13578341871,13578928110
13578745850,13579117936
13579917049,13580583674
13583432817,13583771578
13583496346,13583683553
13584331182,13584736634
13584958956,13585292535
13587233850,13587450469
13590452985,13590848214
13591208192,13591579040
13591763778,13592148390
13592340609,13592852102
13595597955,13596203806
13596260777,13596554354
13599789284,13600192914
13599935923,13600143083
13600303599,13600898132
13600465969,13600683194
13602587774,13603019530
13603232462,13603320237
13605459176,13605605900
13606611739,13606917463
13607035529,13607637376
13607221768,13607298614
13608469195,13608866574
13608954072,13609129305
13611083363,13611383064
13611439827,13611626844
13612648562,13612945384
13613959287,13614483002
13619968990,13620346166
13620149045,13620554878
13621923681,13622062800
13622982566,13623197527
13624571361,13625155156
13625005316,13625238474
13626945052,13627259920
13626957308,13627465226
13627219489,13627592401
13628607470,13629106380
13628880573,13629393880
13629292436,13629601755
13629401443,13630037836
13629590944,13630154877
13629945842,13630098771
13630946459,13631090313
13631927364,13632309865
13634026545,13634707415
13634335477,13634723625
13635973631,13636407198
13636119898,13636577091
13636568492,13636872200
13636786559,13637095368
13637336180,13637586196
13638095838,13638190616
13639158872,13639316809
13639911685,13640110564
13641329804,13641424222
13641603945,13642238205
13642329198,13642652306
13644468763,13644724676
13644534242,13645023948
13645014335,13645532038
13645030908,13645587049
13645443290,13645975438
13646354047,13646524250
13646723503,13647256178
13647026249,13647089947
13647131337,13647641629
13651278316,13651506489
13651308804,13651751431
13651360453,13651961952
13651400095,13652143596
13653365157,13653784117
13653799580,13654208384
13654350019,13654837863
13654826733,13655157075
13655026751,13655043229
13655240405,13655424958
13656477426,13657051773
13656970520,13657565924
13660513146,13660808998
13661159398,13661414693
13665462094,13665694222
13666722490,13667420862
13667250921,13667287839
13667458601,13667708993
13668771545,13669240609
13670789638,13671075980
13672340775,13672736284
13672864371,13673236065
13674284109,13674544462
13677362878,13677683243
13679020501,13679535157
13679491961,13679920711
13680064588,13680368608
13680386860,13680453265
13681982259,13682521441
13682567389,13683190936
13684326970,13684496927
13685269458,13685515858
13687510699,13687837130
13687957913,13688200596
13689468776,13689854879
13690331274,13690421504
13691050895,13691488011
13692340980,13692857184
13693403302,13693856422
13695507307,13696103534
13695693357,13696355920
13696004072,13696556099
13698413680,13698697552
13699794405,13699950319
13700627569,13700649034
13700755407,13700778944
13700884438,13701047948
13703523215,13703636526
13703789031,13703868587
13703928229,13704509006
13704863487,13705478478
13705046458,13705257620
13706472811,13706769619
13707792783,13707914494
13709127048,13709759816
13710448297,13710549832
13711528846,13712540995
13712005085,13712072048
13714184647,13714720940
13714864274,13715348754
13717992595,13718404140
13718931781,13719235399
13719251274,13719707580
13719513400,13719854608
13719722267,13720250995
13721023598,13721482964
13721103217,13721659472
13722870796,13723251351
13723138051,13723415336
13727083171,13727714791
13728636638,13729032201
13728753387,13728839850
13729039779,13729502436
13729497767,13729797886
13729866477,13730245064
13730116119,13730343416
13732481604,13733009237
13732539532,13732765522
13732894450,13733215159
13733384382,13733810107
13734276137,13734525634
13734978193,13735245351
13735074804,13735421567
13735408303,13735927612
13735929050,13736049493
13738667062,13738817217
13738712952,13738746477
13739309373,13739654342
13740521708,13740778437
13740938335,13741062076
13741215255,13741560855
13743285796,13743609341
13744131918,13744238246
13748919646,13749227582
13750191286,13750333891
13750220648,13750784075
13752129654,13752565071
13754707177,13755288916
13755032121,13755445956
13755713695,13756475610
13756319071,13756472525
13757350806,13757845384
13758381362,13758859153
13758381918,13758803464
13758746441,13758920485
13759202489,13759478301
13763866558,13764125754
13763956333,13764440480
13766982109,13767464251
13767889976,13768213279
13768716102,13769111476
13769124001,13769257124
13770122938,13770477638
13770315001,13770441609
13771105825,13771673160
13771665060,13772216784
13771675043,13771894934
13773759301,13773973540
13776168185,13776357739
13777343464,13777574017
13781238773,13781474678
13782639046,13782839797
13783712073,13784203541
13783833071,13784312914
13785295838,13785853182
13789197951,13789676815
13790134281,13790533257
13790352932,13790573281
13791273594,13791759911
13792796382,13793010283
13793997970,13794524307
13794186609,13794931831
13798053179,13798299147
13798960703,13799011707
13800059071,13800591810
13800201327,13800507433
13801948298,13802499002
13803593477,13803666255
13804227837,13804625833
13805071518,13805171734
13805104550,13805695852
13805753765,13805961785
13809110835,13809495358
13809846993,13810386324
13810047306,13810560209
13810582545,13810868198
13812579005,13812626110
13812716188,13813099873
13812861064,13813341570
13814332850,13814783045
13814653799,13814894130
13816165323,13816701828
13816549298,13817244037
13818849925,13819161335
13818891091,13819337366
13819513244,13819911757
13820889830,13821092788
13822100868,13822424498
13822354265,13822895111
13823185408,13823367383
13823433857,13823473150
13823495728,13823974333
13825277817,13825351797
13825286391,13825418834
13826654830,13826768146
13828655098,13829172057
13829598686,13829615661
13829917310,13830196777
13829952065,13830293217
13831425663,13831760584
13832040689,13832399033
13832505495,13832722319
13833758269,13834173038
13835230229,13835681038
13836042405,13836706422
13836938531,13837507029
13837325309,13837997945
13837372948,13837976637
13839017238,13839041847
13839057901,13839700841
13839649362,13840108544
13840628898,13841026202
13840797814,13840983317
13842053637,13842753487
13843636402,13843743690
13844328960,13845061451
13844658722,13844821306
13845140231,13845586534
13845261855,13845653452
13845286085,13845564184
13847683581,13848007598
13848221038,13848385912
13848859041,13848987844
13849368105,13849829840
13849653513,13849807448
13851254785,13851619774
13851611655,13851641269
13854519056,13854956722
13857300917,13857979731
13857800840,13858368675
13858481256,13858885994
13863398144,13863448977
13864204552,13864802311
13864676686,13864819265
13864788629,13865050033
13866537926,13866673254
13867385564,13867851107
13872690778,13872987585
13874512887,13874846614
13875833432,13876141938
13879143835,13879614771
13879202276,13879466487
13880233428,13880820463
13880667401,13881094421
13881686767,13881740134
13883373959,13883782816
13885979269,13886337815
13886808928,13887050638
13888812126,13889027406
13889531888,13889930106
13890795463,13891046133
13890887917,13891149280
13892682638,13892880189
13892752779,13893364090
13895553382,13896015349
13896167517,13896344398
13896374426,13896646826
13896442762,13897053104
13896657185,13896751325
13896733489,13897286501
13896965791,13897043758
13897522295,13898290707
13897672468,13898289881
13898650973,13899005308
13900040986,13900490821
13903045745,13903410240
13903188326,13903404327
13903428319,13903736075
13907522401,13907830388
13907566506,13907958310
13910209811,13910235021
13911396655,13911512317
13911994733,13912241880
13912478822,13912804333
13912483544,13912673800
13912940858,13913385320
13913297770,13913849411
13913933456,13914041028
13914615106,13915151616
13917004687,13917385939
13918688352,13919061726
13919006190,13919615577
13919239294,13919510758
13919305751,13919514246
13919391963,13919621949
13921679092,13922044065
13922815832,13923723745
13922993381,13923185510
13923132345,13923372890
13923472074,13923905208
13924913976,13925472413
13925292540,13925374377
13925965664,13926422804
13927397078,13927801100
13932604842,13932749020
13932652123,13932788123
13935131165,13935826948
13935365787,13935696833
13936770512,13937119714
13938396448,13938547997
13938490699,13938581695
13938851768,13939061403
13939043205,13939298582
13939144130,13939266966
13939939467,13940191150
13940014881,13940336415
13941009563,13941268155
13942412657,13942808217
13942495058,13942588439
13942948323,13943349198
13943265093,13943699696
13943379432,13943904304
13944430093,13944496815
13944466930,13944779618
13948045267,13948195966
13949057877,13949478273
13949108008,13949343219
13950227925,13950561487
13951427758,13951943692
13953429840,13953498876
13957187736,13957815868
13959386601,13959831388
13959944350,13960001940
13960097423,13960207705
13960857713,13961290867
13960928673,13961391721
13961347459,13961666752
13962037289,13962090858
13962130336,13962441950
13964040288,13964394158
13964538453,13964770361
13965156587,13965509333
13965909514,13965955511
13967511053,13967962073
13967754273,13968086097
13968837390,13969152961
13969519795,13969863038
13971724753,13972061769
13972119129,13972502830
13972442146,13973228346
13972801854,13973210491
13972956686,13973057110
13973115032,13973727141
13973748936,13974036933
13973861279,13974118705
13976024417,13976388372
13976441083,13976557548
13977274204,13977758593
13978008369,13978166099
13979346218,13979994740
13980057565,13980584049
13980586076,13980829277
13981393581,13981764835
13981499157,13981837366
13983638364,13984037222
13987572270,13988463742
13988931708,13989482006
13990016428,13990058627
13991512903,13991776195
13992059721,13992717638
13992202527,13992617426
13992946740,13993388748
13997167983,13997666449
13998722425,13999119203
13998963122,13999302835
13999261385,13999432385
13999468731,13999815294
14001708484,14001983483
14003813158,14003871282
14004480977,14004950088
14004827323,14005299514
14006411906,14006992524
14008110770,14008152362
14008137942,14008670315
14008437302,14008905602
14008584987,14008975395
14012011885,14012449071
14014297925,14014836908
14015663387,14016148857
14018482740,14018701415
14018886368,14019120565
14018963966,14019431915
14019259936,14019485384
14019274591,14019518876
14019986899,14020447582
14022953081,14023358231
14023038089,14023372822
14027544824,14027852694
14028002530,14028431532
14028967562,14029570070
14029041759,14029216072
14029292699,14029588885
14029945495,14030479662
14031308015,14031638265
14034979013,14035205022
14035586196,14036017145
14035722570,14035812893
14036257723,14036368572
14037326986,14037870676
14038803445,14039296006
14039196482,14039349216
14040161806,14040419109
14040245985,14040801707
14044588408,14044893683
14044628583,14044751834
14046113426,14046327693
14049647361,14050074340
14049895726,14050284992
14051258541,14051432587
14051272010,14051551526
14052474657,14052927820
14053738494,14054091170
14054114883,14054140403
14054142392,14054289103
14058238232,14058794462
14059655566,14060439293
14060285019,14060566218
14062165027,14062526616
14062229962,14062700017
14064705226,14064974779
14070576045,14071151173
14070764557,14070944691
14070966664,14071561322
14074371458,14074450022
14074464299,14074780982
14074879605,14075512730
14076529200,14077020301
14077849535,14078357036
14078241470,14078683915
14079302616,14079737663
14080697322,14080993322
14081196427,14081568305
14083218155,14083775972
14083234926,14083451293
14084191924,14084766837
14084192198,14084657238
14084398734,14084641423
14084664488,14084878373
14085443881,14085501166
14085514152,14085760419
14086273333,14086502243
14088940135,14089585672
14089559426,14089966754
14091418246,14091503111
14091485871,14092017175
14091962618,14092223978
14092057216,14092453418
14092234515,14092670096
14093114280,14093475588
14094481424,14094697244
14096327216,14096919936
14096555369,14097077634
14096781949,14097223511
14097406014,14097633648
14097440792,14097838824
14097919172,14098305436
14098039220,14098237486
14103574642,14104170267
14106026763,14106186064
14106197191,14106491508
14107900240,14108355066
14108213091,14108816731
14108419336,14108743571
14110770006,14111472499
14110965206,14111156842
14112176254,14112929885
14112971521,14113387863
14113536340,14113682854
14114941703,14115157754
14116294278,14116362176
14119693419,14119921571
14121482221,14122005903
14121983735,14122645318
14124252182,14124653055
14125733938,14125977515
14127069664,14127598273
14128536463,14129074609
14129905645,14130192152
14130798337,14130995838
14130999615,14131400087
14132056951,14132424560
14132515466,14132709581
14132723728,14133037766
14135236542,14135874520
14138106809,14138296746
14138638352,14138677896
14140223275,14140450440
14143416080,14143547934
14144904483,14145101640
14145577909,14145932662
14146054494,14146413300
14147343420,14147846795
14148351050,14148421624
14148615151,14148859389
14149508309,14150139571
14150756256,14151074656
14151235917,14151552693
14152389561,14152920920
14153487858,14153913739
14153960926,14154314656
14156033902,14156352591
14156750742,14157182982
14157746740,14158324447
14158251332,14158522181
14158366163,14158470991
14158466056,14158954389
14161179210,14161422529
14161436625,14161493734
14161892643,14162072818
14162393313,14162635356
14165635421,14166039723
14165702165,14165947877
14166311225,14166661773
14166514858,14166732424
14168939723,14169177309
14170907743,14171392959
14173151326,14173605570
14173942396,14174265817
14175653657,14175962339
14176244866,14176916938
14177372236,14177718838
14179186230,14179458483
14180245938,14180351810
14180308925,14180579683
14180592446,14180896020
14182595962,14182935233
14183261579,14183456736
14184374144,14184437737
14184423921,14184919785
14184752940,14185336531
14185107649,14185486861
14186030225,14186375104
14188017894,14188248721
14190134449,14190355502
14191300150,14191767913
14194796840,14195295034
14195642733,14196075661
14197029007,14197229691
14197136925,14197169659
14198752330,14198972091
14198916157,14199464834
14199452039,14199649797
14200734613,14200911055
14200924322,14201392002
14201372083,14201797265
14202459450,14202555691
14203987116,14204068738
14206438274,14206834666
14206694635,14207248951
14208824567,14209174989
14211733123,14212079285
14212027725,14212385045
14216143961,14216617545
14216246113,14216446495
14216314418,14216703475
14217824946,14218353665
14219243476,14219874645
14220564655,14220896701
14224114084,14224667264
14224700380,14224993284
14225366595,14225841386
14225884166,14226791391
14226515825,14227024517
14228270874,14228857704
14228862185,14229371794
14228863689,14229199340
14229401594,14229742652
14229474129,14229889525
14229858989,14230124216
14229949404,14230124177
14232012659,14232481373
14232457934,14232605639
14232466506,14232954564
14234242966,14234622389
14236849949,14237342322
14238886945,14239059533
14240208844,14240452288
14241381592,14241455640
14241484049,14242049211
14242355236,14242783314
14243633117,14243860897
14243725794,14243872006
14245015066,14245313600
14247424243,14247797458
14248348883,14248714606
14248525607,14248926960
14249311363,14249399215
14249401337,14249843395
14252978738,14253492958
14254175079,14254327088
14254905803,14255332938
14256223962,14256508537
14259080791,14259454668
14261866411,14262480461
14264838414,14265350043
14266036065,14266269030
14266485100,14266879871
14268141469,14268482018
14268494312,14268668630
14268633298,14268747601
14269733524,14269817079
14269809434,14269925766
14270541481,14270623010
14270633468,14270779593
14270772429,14271240960
14271794986,14272196593
14272822616,14273192503
14273480595,14274047463
14273887695,14274475318
14274256652,14274553197
14275071758,14275498391
14276603900,14276923912
14276648554,14276892852
14276982295,14277358672
14277190175,14277379500
14281348393,14281525639
14281456861,14281811592
14281820650,14282435739
14281991596,14282451053
14282325638,14282632886
14284308725,14284533761
14284324944,14284626361
14285151120,14285208290
14287271024,14287387842
14287520713,14287953833
14290312083,14290881193
14290656456,14291390061
14292324556,14292528158
14292613123,14292846497
14294791641,14295230482
14295545805,14296170261
14296115331,14296501735
14298508163,14298902454
14298715171,14299357580
14300091052,14300363430
14300242762,14300713931
14301762135,14301973225
14301918596,14302209590
14302559255,14302786146
14302566467,14302609835
14303246239,14303578813
14304302705,14304324687
14305034181,14305641007
14306371945,14306893274
14306451094,14306971147
14307010004,14307512461
14307917275,14308252960
14308587799,14308745275
14309792760,14310394602
14310946913,14311407460
14311472003,14311535160
14312456524,14312609526
14312669458,14313319252
14317825919,14318113717
14318697522,14319022905
14318863968,14319254522
14319020539,14319362673
14319936083,14320224424
14320431477,14320881662
14320919947,14321550097
14322692370,14322870528
14324497225,14324775966
14324667992,14325016598
14326582702,14326996570
14327786338,14328128111
14329471590,14329578621
14332377474,14332778694
14332383957,14332684111
14332555967,14333000588
14332738998,14333119466
14334274166,14334444744
14335298510,14335741956
14338107265,14338886912
14338420867,14338985313
14339171620,14339392800
14341734388,14341857173
14342290068,14342628266
14345633689,14346002627
14346544729,14346874789
14347516444,14347871069
14348397078,14348794307
14351860545,14351931905
14353317354,14353342299
14354240948,14354501774
14354969411,14355648181
14355233259,14355791228
14356711879,14357193182
14356860031,14357118239
14357671225,14358070193
14357734854,14357954984
14358555757,14358840676
14360529826,14360662491
14360612693,14361044362
14363242368,14363260706
14363349670,14363733079
14363360343,14363909483
14364225745,14364361353
14364410953,14364898630
14364876986,14365361833
14365473622,14365629263
14365714629,14366168292
14366004909,14366263729
14366166572,14366452064
14366897907,14367360104
14366951992,14367165322
14367035086,14367236978
14368512094,14368748007
14369756894,14369898452
14370093902,14370477682
14370199021,14370551001
14370295492,14370372384
14371336668,14371924538
14371926332,14372095859
14372013259,14372536785
14374005560,14374642673
14374180343,14374468305
14374219713,14374801271
14374520856,14375044793
14375452506,14375803132
14377044578,14377350311
14377386008,14377653485
14379522993,14379906524
14379907970,14380274275
14382052926,14382815171
14382145742,14382760488
14382521429,14382676060
14383446798,14383593998
14383453826,14383968961
14383609912,14383954006
14386585372,14387001181
14387064929,14387574582
14387898129,14388248364
14388193589,14388768053
14388231012,14388633704
14388645601,14388809451
14389747647,14389845266
14389847453,14390231769
14390450691,14390746572
14391003094,14391224156
14394031012,14394189632
14394946414,14395466928
14395724666,14396071492
14395916513,14396247911
14396403410,14396632681
14398686643,14399047356
14400578769,14400639942
14401157586,14401306438
14401240634,14401590251
14403390530,14403726370
14405190941,14405578313
14405513613,14405604512
14407542447,14408097529
14408719381,14409013998
14408721790,14408927227
14408886504,14408910550
14409451054,14410008798
14410494252,14410854986
14412405260,14412525979
14415030322,14415266391
14415487784,14415874783
14417046220,14417133577
14417614334,14417661282
14417804412,14418028605
14417846105,14418151534
14418038751,14418448407
14418420766,14418955318
14420173532,14420678932
14421608903,14422109416
14422251488,14422603557
14422319197,14423133736
14422445171,14423043258
14423971432,14424292585
14424006716,14424258859
14425357157,14425551344
14426254947,14426772553
14427174980,14427409794
14427655104,14427916056
14427975101,14428026964
14429998012,14430626588
14431395579,14431837891
14431466154,14431928956
14431616558,14432177435
14431964073,14432166197
14432269023,14432454850
14432813186,14433327693
14434566920,14435020971
14435144571,14435956359
14435451390,14435980007
14436378603,14436458404
14437334640,14438098908
14438841333,14439420002
14439004430,14439408359
14439021628,14439462507
14439126750,14439416416
14439313231,14439763989
14439825669,14440238084
14440133100,14440711646
14441424151,14442069188
14441593568,14442108594
14443097433,14443382645
14444669677,14444988629
14445847792,14446077963
14446803937,14447400388
14447570829,14448337735
14448865822,14449210789
14451129437,14451673074
14451451550,14451692885
14452800817,14453196619
14453160978,14453430901
14453243461,14453592125
14453393476,14453873237
14453748572,14454230223
14454527044,14455025159
14455575956,14455977881
14456512272,14456935267
14456924984,14457684276
14457423195,14457456996
14458524333,14459099447
14459560893,14459848926
14459750567,14459982927
14464307413,14464920226
14464406361,14464920522
14466263896,14466753807
14466967941,14467422843
14467219448,14467429873
14467618543,14468213848
14468048951,14468541512
14468396083,14469030540
14469914801,14470223946
14470701786,14470798215
14470739067,14471116881
14472582440,14473060104
14472617320,14473053851
14472742853,14473137524
14473658282,14474073528
14474050644,14474137973
14474108353,14474636518
14474598732,14475241620
14474709701,14475161677
14475092713,14475631585
14475245601,14475791130
14478807860,14479185065
14478864162,14479234943
14480371330,14480812938
14480587293,14480701165
14483791664,14484192722
14483930902,14484206013
14484742862,14485302615
14484884540,14484927653
14485542208,14486209024
14486066418,14486479721
14488234639,14488594527
14492336490,14492626849
14493663407,14494034745
14494229510,14494776929
14494254583,14494792520
14495537818,14496208545
14497188556,14497334767
14498262967,14498608524
14498463237,14499025674
14499090686,14499666248
14499411741,14499883374
14500511010,14500943773
14501377234,14501804955
14502054195,14502454976
14502401519,14502618021
14503125252,14503618266
14505061719,14505521553
14506599704,14507626744
14507922905,14508099660
14509218491,14509792278
14509366874,14509677111
14509388674,14510033691
14509791731,14510344519
14510015843,14510176935
14510279799,14510654083
14510709670,14511013795
14511095360,14511582649
14511817562,14512322026
14512157003,14512355382
14512366494,14512540750
14512491234,14513089289
14512878808,14513122023
14513298260,14513726172
14514758935,14514994664
14515235456,14515452056
14515453957,14516033963
14515664146,14515835781
14516004047,14516102969
14516201565,14516629695
14517790700,14518193924
14518458097,14518697840
14518515544,14518559296
14519403370,14519567677
14520442291,14520558912
14521010268,14521598635
14521905282,14522547174
14522544843,14523210320
14523600626,14523621394
14524978920,14525316548
14527560231,14528172834
14529392401,14529782571
14529863864,14530127316
14532513581,14533018486
14532690224,14533237183
14532827063,14533010118
14533257236,14533766751
14534114944,14534501130
14534382116,14534407756
14535476733,14535725135
14535897057,14536268886
14539251710,14539375238
14539297923,14539565563
14540878958,14541297491
14540927292,14541131068
14541518188,14541907196
14542232122,14542410356
14542889610,14543531947
14543176468,14543400744
14545678335,14546145769
14546132597,14546337229
14546353991,14546779358
14547557531,14547987694
14547883021,14548300763
14550208019,14550500048
14552200151,14552394708
14552772411,14553035181
14553202012,14553857530
14553668984,14553916468
14555103045,14555445992
14556020145,14556346153
14556683521,14557161526
14556967996,14557473918
14558268425,14558456887
14559879559,14560560063
14560607297,14561030940
14561900928,14561965968
14562666083,14563189105
14563066450,14563475486
14563837035,14564334573
14563998580,14564049937
14564412639,14564752545
14569155757,14569393561
14571848057,14572070167
14572877330,14573311130
14573736695,14574380680
14573889450,14574210364
14573902595,14573955632
14574062024,14574146075
14574396398,14574979570
14574673714,14575310765
14576327614,14576518136
14576521021,14576786779
14577075199,14577142888
14578404836,14578874695
14578942737,14579419967
14579516903,14579641566
14580713078,14580760016
14581073526,14581406568
14581520995,14582334399
14581803448,14581918160
14583603294,14583911682
14583677869,14583941197
14583982021,14584077385
14584156840,14584403615
14584188134,14584679489
14584476572,14584835614
14586409488,14586528801
14590535554,14590687121
14591820502,14592257000
14592529202,14593000623
14593440196,14593822980
14594063993,14594415316
14594611463,14594960083
14597090608,14597496842
14598725802,14599090626
14600006918,14600293032
14600355575,14600584626
14601642664,14602149776
14601957581,14602497643
14602142831,14602433669
14602196204,14602587365
14602613026,14602840424
14603609719,14603943590
14604749977,14604838809
14605764939,14605840290
14605804969,14606232291
14608892440,14609133696
14609143547,14609656242
14609832098,14609950112
14610184239,14610418334
14611860457,14612404629
14613594970,14614077487
14613867329,14614253128
14614505510,14615041416
14615215910,14615235724
14617101719,14617223923
14617232746,14617721493
14617779343,14618268689
14618594512,14618818151
14620651313,14621343437
14625221391,14625652728
14625660531,14625904198
14625977492,14626228943
14627381333,14627752961
14627542370,14628079074
14627795974,14628206073
14628148535,14628483746
14629736828,14629988989
14629968648,14630501625
14630390848,14630906999
14630516185,14630895452
14631297436,14631615811
14631451386,14631835681
14631571014,14631941218
14631949900,14632414377
14632207039,14632602818
14634497988,14634871662
14635448880,14635885695
14635462447,14635815993
14635821132,14636159015
14636151984,14636325711
14637154470,14637406235
14640050176,14640612543
14641162969,14641502021
14642919426,14643393071
14643522740,14643877492
14644257519,14644426774
14646583122,14646777034
14647116624,14647516279
14647253649,14647558688
14647412641,14648043018
14647768908,14647964623
14649609614,14650181211
14650974581,14651242891
14651498074,14652159880
14653330024,14653904504
14654606585,14655258655
14656419126,14656735403
14657736492,14658153633
14658155890,14658575737
14659864758,14660477074
14659933652,14660019107
14660602578,14660978062
14660865792,14661300771
14661692334,14662098970
14662055453,14662715480
14662871222,14663185436
14664303484,14664740752
14664380882,14664794399
14664814533,14665196867
14665818594,14666280584
14666884644,14667365390
14668699101,14668747585
14668734690,14669242236
14670152026,14670610515
14670450026,14670502072
14670738918,14671354647
14671374113,14671757386
14671759976,14672076351
14672477945,14672720701
14674754578,14675078405
14675612644,14676130082
14675686476,14676114294
14677119279,14677341124
14677312706,14677453436
14678303332,14678712394
14678755478,14679095979
14679234848,14679820281
14680509717,14681085743
14682410023,14682818153
14683032812,14683500059
14683208208,14683457174
14683720062,14684639930
14685245748,14685450567
14687098085,14687486956
14687907776,14688277553
14688141839,14688769229
14691375291,14691826971
14691433436,14691957389
14691752430,14692329034
14692290355,14692571715
14692998780,14693324211
14693051948,14693499625
14693633958,14694277049
14693634919,14694252135
14693748300,14694351181
14694185634,14694584333
14696109486,14696582199
14696873559,14697375015
14697523755,14697850236
14697660147,14697822850
14701764512,14702235371
14703003070,14703262971
14703365534,14703796089
14703420681,14703522493
14703481546,14703795868
14704204162,14704584679
14704332887,14704902594
14704346576,14704642652
14704588095,14704871952
14705537665,14705829749
14707383844,14707589291
14708064345,14708412821
14708414305,14708990327
14711235584,14711733637
14711672925,14711871097
14711744447,14712036717
14712987123,14713111525
14713105108,14713454389
14713715773,14714409616
14715903171,14716444559
14716129069,14716374745
14716380273,14716896307
14718397271,14718947118
14721075324,14721437728
14723683357,14723905323
14723686176,14723835736
14724010963,14724308835
14724792903,14725338799
14725197226,14725557101
14725587652,14726154871
14726004180,14726594239
14727779593,14727814303
14727823622,14727968050
14727995506,14728190645
14729376678,14729627513
14729824010,14730136532
14730332905,14730412492
14731251506,14731588617
14734064529,14734251653
14734832591,14735173263
14735220099,14735474904
14736479010,14736864493
14737925750,14738455623
14738195040,14738672738
14738759596,14739163774
14740422809,14741021689
14740540733,14741019549
14742281064,14742683374
14742415304,14742586360
14744502691,14744764824
14746223618,14746526382
14747560783,14748084523
14747791613,14748172317
14749404829,14749918948
14751970616,14752074906
14755921016,14756364794
14757926856,14758341848
14758322359,14758875514
14758877089,14759440417
14758916441,14759367979
14759202732,14759305451
14759843494,14759884273
14760152441,14760391357
14760214869,14760849183
14760715297,14760966388
14760951679,14761175017
14761460125,14761927197
14762395818,14762601509
14764440429,14765019733
14767055022,14767381040
14768268153,14768363881
14768348095,14768417971
14768799978,14769284293
14769509556,14769648458
14770857169,14771115384
14771229320,14771450105
14773449924,14773837766
14774005529,14774330982
14774472732,14775063495
14774982773,14775040067
14775807638,14775913415
14776920314,14777235706
14777116045,14777694410
14779518600,14779785944
14783996929,14784328416
14785271483,14785576278
14786690542,14787383252
14786921967,14787033141
14787396022,14787814239
14788323871,14788665756
14789264017,14789530395
14789836919,14790273822
14791550336,14791637718
14793993650,14794125112
14794230167,14794437567
14794587755,14794878594
14794875572,14794929590
14794967655,14795318843
14795361583,14795804071
14796213300,14796693136
14797236184,14797655000
14797239737,14797344428
14798775629,14798950388
14800114812,14800461038
14801476258,14801519159
14802106150,14802667350
14803212464,14803842777
14803913844,14804450444
14809536140,14810082182
14810188221,14810679455
14811174294,14811494290
14811384117,14811668923
14811710280,14812189822
14815952216,14816298164
14817269373,14817581723
14817438152,14817526544
14817487478,14817646973
14817693358,14818173020
14817842273,14818473737
14817848544,14818302960
14819290006,14819648062
14820463275,14820980819
14820519348,14821116854
14822093466,14822628504
14825735609,14825939990
14828131629,14828287168
14828561779,14828692464
14829600643,14829907242
14830321223,14830911604
14831626687,14831895338
14836690719,14836912925
14837007472,14837370639
14837109153,14837438876
14838807571,14839120658
14841684667,14842011117
14842116799,14842599283
14842834919,14843194362
14844243040,14845198419
14845012733,14845655412
14846954013,14847479033
14847300089,14847905727
14847946377,14847976585
14850480679,14850674935
14850545082,14851194581
14851714273,14852294852
14852068486,14852267366
14852672353,14852970887
14853171317,14853716768
14855675946,14855882699
14856524411,14856722891
14857096840,14857428708
14857435721,14857725057
14857798737,14858015501
14858562566,14858758559
14860024246,14860629843
14860287659,14860351949
14861518605,14861888527
14863052878,14863442883
14864590057,14865092017
14866225610,14866552356
14866858146,14866971093
14866943944,14867203966
14867936988,14868192154
14868152132,14868711493
14868501465,14869206042
14876593539,14877218109
14877952612,14878057355
14879432917,14879751227
14879614249,14879868145
14880582888,14881052165
14881071282,14881390815
14881143218,14881266984
14881369180,14881464389
14882145500,14882521780
14882373403,14882809117
14882819592,14883163638
14883320336,14883550596
14883733491,14884161669
14883896572,14884135144
14885075666,14885340471
14885192386,14885236255
14886551019,14886600499
14886615683,14886885798
14887686436,14887911319
14887935293,14888228334
14888078955,14888526408
14889754602,14890341241
14893364559,14893795912
14899690986,14899998811
14899832406,14900425940
14900257858,14900319941
14900505452,14900790743
14902345716,14902849303
14904888555,14905240153
14905023459,14905330778
14906903756,14907203521
14907318714,14907884408
14907437294,14907581321
14910036669,14910339893
14911824600,14912130709
14912144150,14912349278
14912331715,14912694210
14914366041,14914839259
14916297794,14916670838
14916580779,14916805462
14917051049,14917213912
14917583198,14917923070
14919088948,14919431158
14920450527,14920712996
14921370106,14921689762
14922094174,14922507104
14922346831,14922506106
14922972433,14923473684
14925142364,14925751802
14925504647,14926067820
14926153533,14926440317
14927036579,14927433150
14927726261,14928201288
14928067561,14928326626
14928070597,14928662552
14928684570,14928773653
14929139787,14929660712
14929327163,14929757839
14930916288,14931367464
14931018415,14931293673
14931225475,14931519642
14932230860,14932540637
14934423066,14935128991
14936191847,14936490226
14936844651,14937311572
14936950790,14936968558
14936970986,14937342908
14938497871,14938652085
14938498882,14939217780
14938725184,14938859941
14938917020,14939383318
14939394712,14940827674
14940513521,14940833060
14941708014,14942267868
14942744021,14943026870
14943685088,14943983808
14943723319,14943992570
14944836175,14945031892
14945471257,14945824069
14946188102,14946845391
14947230578,14947364487
14949128884,14949502290
14949237270,14949590066
14949652198,14949847432
14951057157,14951322749
14951270200,14951476111
14951733971,14952142226
14955629307,14956230495
14956742605,14956854866
14957094898,14957643561
14957157993,14957726883
14958344775,14958870216
14959013792,14959185606
14959338102,14959394690
14959404172,14959588087
14959941535,14960712427
14960048194,14960370047
14961227450,14961432680
14961551169,14962160973
14962076477,14962335093
14962139259,14962431723
14962917155,14963531262
14963543117,14963649515
14963721715,14964037836
14963800299,14964042916
14964060013,14964196264
14965289519,14965640712
14965805888,14965896078
14965950787,14966320473
14967558721,14967858743
14968447745,14968489298
14971221342,14971608967
14971345278,14971794111
14971392186,14971840430
14971937939,14972034577
14973322900,14973680538
14974070108,14974107052
14974198129,14974583281
14974397180,14974629902
14975983056,14976052354
14976369056,14976587955
14978519999,14979117487
14980668168,14980872029
14980711240,14980767315
14980977978,14981387660
14981059643,14981511221
14981925033,14982281057
14982896560,14983343650
14986705696,14986804885
14987461841,14987567337
14988274141,14988704198
14988382576,14989054275
14993137360,14993646385
14994662315,14995011765
14996608881,14996853390
14999652207,14999775226
14999751788,15000463520
15001039910,15001346721
15001255435,15001740755
15001419506,15001946737
15002334232,15002593889
15002953751,15003249148
15004108617,15004182340
15005236777,15005317487
15005938210,15006396116
15006648080,15006816305
15007062893,15007310877
15007331912,15007722729
15008358222,15008655310
15008459384,15008794609
15008681159,15008986051
15009023507,15009341036
15009195702,15009749239
15009933125,15010946494
15011043592,15011181812
15012180497,15012301730
15013686523,15014081167
15015242180,15016064057
15016351859,15016959731
15017843467,15018399790
15021765458,15022355516
15021905819,15022427705
15023890927,15023977649
15024703440,15024746267
15024760026,15024909149
15026318851,15026845110
15030850646,15031317926
15033063908,15033500206
15033390170,15033811906
15033685239,15034025149
15034001280,15034321155
15034230435,15034256390
15034509058,15034698982
15036142160,15036504031
15037162753,15037231402
15037492916,15037759957
15038255338,15038715310
15038550679,15039017257
15039877343,15040140894
15040356408,15040933808
15040751592,15040787898
15041346451,15041405175
15042154823,15042860074
15043035578,15043636543
15044347799,15044438592
15044897759,15045456107
15045389296,15045734361
15045421953,15045835339
15046951102,15047246430
15047267013,15047792154
15048200809,15048465451
15050469315,15050655865
15051599121,15052037160
15052738348,15053062053
15052752126,15053218293
15054077374,15054191285
15057958551,15058128771
15058609631,15058967492
15059685356,15060125388
15059834578,15060127609
15065483433,15065854646
15065864207,15065929994
15067278407,15067492779
15069744090,15069769413
15070668325,15071110067
15071115859,15071849509
15071871230,15072043253
15074612376,15074907048
15075030361,15075361950
15076115277,15076547421
15076570279,15076683416
15077502935,15077984881
15079097925,15079524966
15081635572,15082020860
15081902314,15082565917
15082249970,15082788392
15083779447,15084005103
15084142104,15084619222
15086191282,15086658952
15086589049,15087040063
15087366655,15087541573
15089001993,15089369435
15089811535,15090114071
15089948560,15090232401
15090350447,15090718290
15091454080,15091583222
15092090244,15092397993
15092524439,15093091939
15092809058,15093098431
15093107365,15093594865
15093968067,15094284128
15094392517,15094910162
15098850598,15099440133
15098991512,15099478633
15099917987,15100292932
15102539023,15102868974
15103183313,15103344680
15105408000,15105968632
15106751876,15107422487
15110678284,15111051251
15113277428,15113884718
15114746653,15114894686
15114921459,15114996150
15115003156,15115605762
15116411660,15116937895
15116774894,15117340995
15117151532,15117208504
15117941921,15118486141
15118630467,15118897190
15121058280,15121308976
15121157141,15121518890
15123185037,15123376187
15125686200,15125769921
15126328915,15126794376
15126569902,15127048210
15127568226,15127791067
15127944780,15128610793
15128171289,15128408888
15130735952,15130907720
15132400703,15132538702
15134160967,15134479285
15134175829,15134298612
15135579114,15135797120
15136286433,15136643836
15137758943,15137940072
15138514102,15138896802
15138749694,15138881684
15138899308,15139132232
15139386521,15139406300
15140335746,15140404735
15141123469,15141580952
15142492190,15142670591
15142527868,15142647316
15143856772,15144196153
15144924854,15145136320
15145862626,15146449884
15147451983,15147783625
15148158535,15148278208
15148757810,15148801219
15148892242,15149130591
15150245197,15150331219
15150703753,15150996609
15151023407,15151289455
15151540479,15151750987
15151631622,15151755237
15152158886,15152609183
15154510225,15155102461
15155488313,15155709316
15155940849,15156110231
15156380167,15156686716
15158734505,15158918646
15158885972,15159387888
15159869928,15159904683
15159999124,15160058952
15160157489,15160430716
15161294466,15161664713
15161667513,15162196328
15161701824,15161909625
15162198036,15162615196
15162268667,15162320010
15162956070,15163049989
15163455739,15164093036
15163757246,15163947066
15164089973,15164375644
15166138530,15166569396
15167233306,15167428517
15167324385,15167378997
15168261743,15168569343
15168375680,15168749409
15168468277,15169098663
15170145518,15170276307
15171132109,15171351285
15172499107,15172824987
15172628650,15172961710
15172927775,15172993930
15173663917,15173958535
15174438312,15174579751
15174709787,15175050507
15175834827,15176092067
15176461753,15177284001
15177122899,15177280117
15177313983,15177597026
15180072438,15180312022
15180733917,15181055374
15181369805,15181676021
15181854955,15181974159
15183839926,15184121712
15183935110,15184343202
15184534787,15184803022
15185928158,15186072548
15186165111,15186363683
15187908504,15188548012
15187926787,15188617232
15188946297,15189186344
15191655836,15192134943
15192142060,15192639107
15193474787,15193952444
15193685495,15194137203
15195106974,15195588579
15195542645,15195872463
15196316943,15196778681
15198412364,15198842192
15199320666,15199720187
15199466281,15199875680
15200249613,15200422087
15200672497,15201099631
15201212532,15201387054
15201341328,15201752489
15202568631,15202734289
15204125142,15204427889
15204140645,15204556028
15204801011,15205149268
15205105499,15205476686
15205924107,15206204506
15209044843,15209323458
15209137527,15209734073
15209696917,15210156660
15209744343,15210088864
15210169955,15210708440
15210877148,15211201233
15211657037,15212008077
15212012145,15212329066
15216537303,15217108978
15217586176,15217822373
15217827785,15217907403
15219814054,15219898275
15221185051,15221510475
15224133826,15224405059
15224812100,15225142232
15225038784,15225546416
15226208643,15226569162
15228276154,15228806358
15229721729,15229970078
15230687796,15230902195
15231556604,15232216356
15233675170,15233984986
15233852742,15234195452
15235531602,15235964861
15236024921,15236237805
15237323809,15237873799
15238227014,15238714557
15243800835,15244016183
15244384323,15244603405
15245740584,15246175621
15246406950,15246829263
15246549474,15246860917
15246617333,15246816596
15246818120,15247473191
15246840115,15247345738
15247057235,15247434613
15247734857,15248174356
15248041398,15248386420
15249348827,15249560458
15249598290,15249867849
15249872946,15249960255
15251004857,15251089134
15251379272,15251642159
15252184536,15252218909
15252354920,15252504885
15252733298,15253177997
15252839398,15253098791
15252960621,15253386025
15253202002,15253444968
15255112649,15255629067
15255129323,15255604589
15255947686,15256141713
15257765004,15258047503
15258203913,15258710472
15258684736,15258712555
15259786977,15260323441
15262241988,15262407808
15265153029,15265457693
15265212003,15265480676
15265308342,15265608442
15265400962,15265607006
15266145232,15266369771
15266657213,15267179277
15268241423,15268611102
15268563821,15269039815
15268612641,15269078396
15270393138,15271048153
15270675265,15270822003
15270680037,15271280793
15271525920,15271833047
15272109957,15272891480
15272113599,15272582049
15272893249,15273297762
15273254567,15273544812
15276285648,15276950838
15277605449,15277927066
15280024495,15280450045
15280171118,15280627796
15280534423,15280820227
15280921152,15281094034
15282968027,15283392788
15283579674,15283856884
15284865425,15285142244
15284922785,15285164368
15285140427,15285674740
15286275390,15286860926
15289018471,15289332359
15289144732,15289480478
15289533061,15289724015
15289734076,15289845290
15291624678,15292024654
15292852454,15293618896
15292934613,15293480351
15294413721,15294953720
15295914369,15296044281
15296051546,15296449288
15297746752,15298126188
15298454454,15298814102
15300417977,15300701586
15301222392,15301443586
15302342661,15302756687
15302765349,15303009723
15303429861,15303678652
15303872946,15303973806
15303975931,15304337343
15304750447,15305109148
15305538797,15305959265
15310731968,15311230995
15311074288,15311278603
15311483017,15311809329
15311763678,15311852423
15313235574,15313452218
15314457626,15314777042
15316381639,15316824902
15317134523,15317383959
15317550084,15318046030
15318272199,15318624596
15319829689,15320135156
15322222820,15322517913
15323165831,15323185173
15323508241,15323924325
15323680987,15324237653
15323933847,15324027144
15325110602,15325588965
15325175732,15325561366
15325538996,15326183756
15327786699,15328075408
15327880028,15328225438
15328482625,15328759111
15328724916,15328828504
15328771076,15329027300
15328837908,15329268888
15329080493,15329507160
15329906302,15330266509
15329959439,15330070098
15330487076,15331005958
15331371175,15331842955
15333107929,15333544545
15333759681,15334243769
15334539445,15334584527
15335194491,15335820537
15336846382,15337264569
15336910737,15337402057
15337162753,15337805356
15337523308,15337715781
15337754620,15337956744
15338531408,15338617297
15338650423,15338794710
15339279736,15339755805
15339837367,15340413691
15340486470,15340813658
15343484639,15343839024
15344290735,15344619957
15344313923,15344638373
15344649783,15344928585
15347617860,15347843435
15351323704,15351438273
15351506226,15351551332
15353469445,15353958934
15353924922,15354164019
15353965523,15353988487
15355040303,15355297158
15355814716,15356337492
15356636418,15356930303
15357148563,15357409871
15358257057,15358543876
15358671720,15359124642
15360026749,15360632451
15360366936,15360861125
15362173941,15362265730
15363859033,15364271381
15364061540,15364322609
15364444976,15364881130
15366695981,15366724549
15367853082,15368170382
15372487651,15373012941
15372689585,15372852044
15373020392,15373403136
15373078819,15373443173
15373169599,15373761926
15373197025,15373770450
15373825322,15374303275
15373972148,15374372195
15374154530,15374681732
15375573931,15376221514
15375816630,15376092792
15376292569,15376510107
15377085830,15377600028
15377229173,15377575903
15377490751,15378160571
15378151041,15378450255
15378395019,15378828988
15378977656,15379284156
15379036844,15379517802
15379662234,15380087341
15380105662,15380361964
15381141144,15381632256
15381209650,15381648311
15381922131,15382155842
15383150952,15383547885
15385332089,15386043937
15387424208,15387647348
15388644029,15389056191
15389138678,15389653185
15389923990,15390522005
15390177702,15390690648
15390622169,15391120205
15392206209,15392612462
15393993161,15394236345
15395857738,15395969455
15396490742,15396815722
15398508301,15399016947
15398797924,15399213064
15399004790,15399648613
15399543703,15399845375
15399935132,15400426018
15400487703,15400931285
15401595624,15401643880
15401695545,15402284173
15402270890,15402591615
15403380750,15403484739
15403861009,15403955147
15408813603,15409287373
15408947612,15409334815
15409379224,15409896022
15414051718,15414618811
15414171782,15414693318
15415149220,15415673624
15416964458,15417081568
15417333421,15417698857
15417632912,15418065923
15418447963,15418831159
15419640013,15420088674
15420963957,15421448267
15421108175,15421409538
15421517605,15422033790
15422192532,15422670048
15422260485,15422815789
15423587613,15424218096
15424223825,15424510857
15425279936,15425882914
15425294747,15425332374
15425767960,15426006003
15426236745,15426471057
15427113494,15427586462
15427993976,15428285456
15429344367,15429502605
15430001052,15430387684
15430815227,15431225803
15432022092,15432288869
15435875714,15436184033
15438710815,15439198042
15441468670,15443786724
15444487165,15444775958
15448412102,15448435596
15448763322,15449306196
15449032860,15449127585
15449646173,15449720171
15451275237,15451600625
15451808623,15451836680
15451841540,15451947914
15451967462,15452521146
15452555922,15453148800
15452625164,15452974355
15454416780,15454886542
15455438490,15455541363
15456135508,15456856613
15456432032,15457198772
15458704873,15459151030
15460042810,15460740750
15461224545,15461714892
15461634842,15462282629
15463522955,15463904765
15463828664,15464262954
15465999812,15466451168
15466093487,15466507856
15466460276,15466894782
15466854433,15467132209
15467719735,15467836552
15468916748,15469081594
15469352299,15469686911
15469983200,15470151881
15472612239,15472793277
15472908273,15473585526
15474654479,15474868437
15475958067,15476407714
15476873922,15477289612
15476899904,15477133270
15477019772,15477077479
15477134942,15477512839
15478195084,15478375873
15479414476,15479654507
15479453883,15479947952
15480681284,15480742874
15481112661,15481739995
15481873923,15482386460
15483080855,15483378339
15483419282,15483456694
15483438887,15483899383
15483753613,15484388984
15483931819,15484194003
15485448231,15485950553
15485562896,15486227745
15485705921,15486286010
15486707452,15487083994
15488428646,15488719136
15491038235,15491395730
15491378715,15491575442
15492174315,15492595398
15492215690,15492578899
15493115941,15493157889
15493525789,15493856568
15494773196,15495046250
15495923681,15496272407
15497052752,15497401847
15500859989,15501231601
15500867717,15501042347
15502111432,15502587590
15502125361,15502517226
15502522615,15502660746
15503414993,15503800782
15503442250,15503950197
15503898803,15504384862
15503953365,15504101788
15504447384,15504885218
15504479321,15504726089
15506133360,15506234873
15506969447,15507689960
15508252618,15508382788
15509055001,15509251923
15510337849,15510523097
15510453594,15510593458
15510605416,15510967889
15510629036,15510974429
15512594332,15513151556
15513010304,15513124007
15513565861,15514124685
15513842085,15513959756
15516641407,15516920194
15517686020,15517880490
15520117366,15520401945
15521627977,15521838908
15521878268,15522119196
15522364934,15522667904
15523439533,15523512061
15523921688,15524195901
15524044677,15524442045
15527033166,15527297065
15527758698,15528235972
15528466023,15528853625
15529498893,15529818121
15531202911,15532035536
15531769356,15532077640
15531859031,15532348562
15534493104,15534966427
15539946216,15540382480
15540408275,15540972844
15542014413,15542265448
15542206039,15542759690
15542779315,15543335610
15543114880,15543452802
15543405107,15543748332
15544255446,15544479495
15545025646,15545238572
15546219343,15546494599
15547501947,15547616339
15547652543,15547909512
15548787844,15548956363
15550320128,15550868704
15551319309,15551759425
15554579688,15554772355
15555759016,15555928440
15556916795,15557194027
15560996996,15561461060
15561107981,15561475727
15561488289,15561946319
15561752455,15562200721
15562269143,15562742797
15564138707,15564496671
15564500156,15564618474
15564735018,15564971325
15564949528,15565223014
15566100615,15566488457
15566127334,15566815775
15569279999,15569378835
15570223533,15570579658
15573406768,15573723497
15574340625,15575004777
15574540080,15574782821
15575368224,15575415633
15575407625,15575490713
15575533315,15575855929
15575710415,15576010886
15578109703,15578640641
15578627309,15578768155
15579390864,15580039974
15579830205,15579926031
15580680449,15581361445
15581957092,15582519014
15584040409,15584128941
15585075902,15585197079
15586408392,15586663225
15586677290,15587158672
15587094328,15587445030
15587572242,15587973660
15588265649,15588853490
15590859481,15591082701
15591320143,15591409156
15591433059,15591931263
15593282198,15593555712
15594583729,15594857479
15595100573,15595429593
15595445191,15595890578
15598235245,15598489514
15599227275,15599778344
15602578018,15602782595
15603363086,15603759767
15604158591,15604604113
15606887957,15607798608
15607837862,15608373073
15609897166,15610201752
15610292811,15610778607
15610366082,15610681265
15612872886,15613228425
15613303474,15613702512
15614004651,15614136061
15614137304,15614324668
15614862677,15615114804
15615719069,15615917917
15617072579,15617465134
15617734365,15617906824
15618496996,15618962851
15619658095,15619881386
15620375920,15620959668
15620786234,15620989259
15626343805,15626977368
15626380706,15626845205
15627448427,15627862014
15628217535,15628624597
15630049289,15630166938
15630997544,15631143864
15634265387,15634643697
15634632335,15634866744
15635271870,15635707031
15636092256,15636466503
15636537335,15636931476
15637134341,15637630326
15637386807,15638181368
15638920513,15639277852
15639620718,15639834746
15640476552,15640580074
15640930501,15641189990
15640994450,15641533818
15641593556,15642489671
15642045426,15642343492
15642185037,15642707185
15643709899,15644047362
15643810054,15644129416
15644219880,15644540366
15644503515,15644945509
15645038102,15645621237
15647670871,15647694747
15649143930,15649344163
15649450035,15649768556
15650903476,15651240062
15651393115,15651764912
15652553025,15652679853
15652697375,15653028026
15652721796,15653024999
15653659264,15654183917
15653773695,15654028477
15654153566,15654396232
15654534547,15654625290
15655897777,15656240844
15657231947,15657284827
15657289865,15657334396
15657961488,15658216494
15658867291,15659017671
15659226981,15659647229
15660145702,15660229641
15660246756,15660362141
15660803213,15661439175
15661189547,15661697636
15661425673,15661830025
15663669926,15663696895
15665243271,15665760133
15666097577,15666113478
15667563016,15667801555
15668664045,15668807860
15668708643,15668847182
15671858610,15672256515
15673027329,15673110847
15673691493,15674096388
15674147969,15674591203
15674699624,15675069036
15675007992,15675169922
15676749166,15677116644
15677383703,15677924297
15677715183,15678344135
15679521548,15679715525
15679891743,15680279853
15680601173,15681111193
15681264371,15681368754
15687573007,15687620928
15689270819,15689820325
15690454910,15690742126
15690591812,15691491806
15691830677,15692004732
15692061315,15692594532
15693817762,15693897377
15693848577,15694336438
15694873173,15695177764
15695417443,15695725474
15695957286,15696348823
15696127352,15696421230
15697317580,15697390169
15697444916,15697771623
15698384430,15698573165
15698591933,15699016869
15698665191,15698859973
15701938340,15702287899
15705644034,15705750846
15706644495,15707119854
15707921133,15708341233
15708302582,15708841750
15708373579,15708664890
15708428383,15709387184
15708838934,15708887682
15709551011,15710068904
15710302670,15710474534
15710478928,15710504326
15711528026,15711930080
15712501465,15712899981
15713196739,15713221391
15715113190,15715815425
15716047773,15716400603
15716581575,15716931987
15716933735,15717887907
15719529566,15719575560
15719579888,15719742009
15721413027,15721844027
15721921198,15722345710
15722091116,15722456476
15722091447,15722405557
15722258816,15722580096
15722372466,15722474611
15722463291,15722951017
15724029635,15724159326
15724104026,15724262210
15724367168,15724668421
15724393268,15724917388
15725119702,15725472577
15727933832,15728221038
15728110673,15728268375
15730698032,15731098197
15734311539,15734545167
15734511463,15734843453
15736536137,15736693345
15737199597,15737454025
15738366368,15738601580
15739159964,15739324194
15739958586,15740118847
15742661170,15742726503
15743637785,15743706920
15744298318,15744538894
15744336778,15744691555
15745998233,15746476070
15746339920,15746657775
15749784204,15749867540
15750353882,15750721656
15750835072,15751194885
15751223403,15751525386
15751823178,15751941565
15752785886,15752956903
15753138023,15753543810
15753856992,15754097929
15754583201,15755063337
15755255348,15755673675
15755268544,15755391999
15757335365,15757664212
15758583087,15758754115
15760940868,15761228106
15761341584,15761866198
15761439710,15761969526
15762724393,15763061333
15762788899,15763352497
15765080344,15765299470
15765341988,15765608532
15765619806,15765877491
15767441164,15768065436
15769448365,15769798259
15770173774,15770392812
15771044692,15771254324
15771267684,15771884066
15771564737,15771908846
15772659638,15772883372
15773005130,15773464555
15773008136,15773347792
15773466642,15773597472
15775674583,15776266534
15777925951,15778044656
15778865268,15778946635
15780027204,15780351740
15781433591,15781688635
15781910370,15782402919
15781933635,15782107429
15782665250,15782970814
15783484102,15783806304
15785741625,15786341295
15786144203,15786695143
15787233417,15787595880
15788087661,15788434978
15789276341,15789419889
15790848072,15790860328
15794060331,15794568125
15796507849,15796807444
15798953493,15799339320
15799240414,15799695460
15800994079,15801432772
15801309240,15801570041
15801490395,15802111267
15803971551,15804303532
15804964916,15805490527
15806673625,15806964176
15808485788,15808760708
15810080750,15810437605
15810444047,15810707615
15810662502,15811092843
15810714332,15811051337
15811052673,15811427626
15811132879,15811449233
15811967679,15812428249
15812052798,15812271927
15813193069,15813469176
15815096126,15815596667
15816186623,15816491045
15816622493,15816982377
15817372495,15817406340
15818213258,15818796181
15818831573,15819057894
15819220596,15819637497
15820123372,15820527674
15821250574,15821821572
15824100424,15824566745
15824105644,15824351506
15824745234,15824955769
15824808093,15825215793
15825217886,15825378516
15828666213,15828994461
15828710023,15829016730
15828800006,15829295612
15830181158,15830426514
15830950431,15831270809
15831328475,15831410967
15834621939,15835046317
15835066535,15835422378
15836643196,15837085307
15837595863,15837679070
15837702395,15837843904
15838847768,15839203587
15839168808,15839407301
15839485608,15840048590
15840190272,15840614515
15841068217,15841591733
15844093904,15844216961
15845532308,15845789323
15845791126,15846059355
15846285968,15846620530
15847516040,15847860007
15848026186,15848175747
15848041243,15848565243
15848642226,15849546899
15848910395,15849506466
15850022914,15850395931
15851621008,15851868257
15851884354,15851947392
15853402227,15854202272
15853458644,15853615239
15853592429,15853797774
15854625402,15855032703
15855646564,15856014904
15855899426,15856406479
15857134913,15857466363
15857467258,15857558566
15857591800,15858029302
15859204187,15859546312
15860052432,15860332367
15861600606,15862171402
15861673991,15862220014
15862605115,15863490960
15864242749,15864734886
15864341109,15864627664
15864414981,15864797750
15864757611,15865111260
15866165953,15866219154
15867705903,15868158254
15868250971,15868397685
15869385833,15869791558
15871206326,15871466551
15871394532,15871543259
15871447606,15871767696
15873891380,15874511765
15874058474,15874426706
15875335363,15875854084
15875383447,15875833737
15876733963,15876895063
15877509255,15877747727
15878010062,15878261578
15878275677,15878406423
15879070517,15879624927
15880409220,15881188159
15882281284,15882723807
15882432542,15882974764
15882708684,15882971067
15883791392,15884033607
15884306256,15884952369
15884421500,15884917695
15888593238,15889008321
15888965410,15889417575
15892272852,15892465859
15892884821,15893014216
15894134227,15894664315
15894995131,15895344331
15895619097,15896088653
15895710680,15896093369
15901077198,15901361560
15902310502,15902711967
15903681026,15904142707
15903942179,15904222134
15904854393,15905026661
15906467767,15906738304
15906581743,15906874089
15906610575,15906776643
15907060084,15907582916
15907302536,15907764924
15908367485,15909048370
15908377445,15908897953
15909628143,15909714715
15910062851,15910515854
15910668536,15910764428
15910721492,15911127889
15912561406,15912892405
15912626674,15913020726
15913374551,15913931882
15914347358,15914674294
15916374049,15916852181
15916899315,15917103404
15917724443,15918122121
15918604796,15918886684
15919507171,15919681025
15920007652,15920236266
15920239476,15920640964
15922839182,15923212517
15923317342,15923889772
15923519731,15923655902
15923688199,15924079450
15924282091,15924633089
15924392123,15924440115
15924676874,15924719383
15925687575,15925828525
15926328181,15926525553
15927754752,15927888740
15930448056,15930781578
15931140719,15931704752
15931402456,15931781558
15931914982,15931996409
15932794783,15933170769
15933176908,15933468369
15933479279,15933943103
15933481418,15933986444
15934604517,15934893355
15935462324,15935920785
15938225423,15938494897
15940260932,15940616175
15940283387,15940712303
15943266391,15943836581
15943409586,15943531308
15944516267,15944773179
15945060076,15945156245
15946783350,15946993519
15946849374,15947034356
15949135503,15949351790
15950211641,15950537972
15951519358,15951609420
15951642550,15951872028
15952663964,15952947190
15953039877,15953274440
15953133365,15953564708
15954583833,15954625170
15954927670,15955102795
15955731687,15956072675
15956951079,15957321320
15958013675,15958261490
15960439110,15960569960
15960549260,15960723934
15961177093,15961260018
15961463590,15961739863
15961612032,15962094145
15963570437,15963664307
15964597495,15965045899
15964789780,15965471162
15967733511,15967994090
15968176279,15968957116
15968224374,15969028073
15968272710,15968984534
15969053555,15969574952
15969654251,15970031714
15970083338,15970456172
15970507848,15970968609
15971813982,15971956509
15972606483,15972976521
15973948109,15974535259
15975183346,15975308196
15976417696,15976914198
15976975638,15977268041
15978277453,15978678951
15978406272,15978766223
15978570287,15978877503
15979192691,15979711715
15979615042,15979889210
15979710523,15980273655
15979736736,15980248091
15980937956,15981200430
15983319744,15983509053
15983475070,15983974751
15984453146,15984659295
15984578733,15984819261
15985577357,15985779807
15986909143,15987518089
15987136206,15987480611
15987309401,15987502256
15988522154,15988911217
15988817632,15988952621
15988952960,15989089191
15989032827,15989441441
15989934145,15990703175
15990662258,15990724476
15991302777,15992004945
15991637013,15991906863
15992027059,15992322679
15992685706,15993122197
15993006778,15993423763
15993146322,15993317524
15995029774,15995294363
15996711560,15997087113
15997080995,15997321432
15998006269,15998523569
15999639707,15999831992
15999931489,16000224591
16000214382,16000528995
16000264551,16000759096
16000473050,16001000085
16001154098,16001313970
16001504603,16002020289
16001681859,16001893735
16002231575,16002572224
16002306989,16002836152
16003827214,16003850317
16003919062,16004303736
16004874346,16005000900
16005223377,16005478984
16005521281,16005686959
16006071249,16006647473
16008051797,16008514350
16009195830,16009636310
16012036949,16012166603
16012095570,16012518215
16015663455,16015966652
16015840191,16016049576
16016048827,16016451894
16016242103,16016651065
16016560676,16017476535
16017082807,16017300067
16019335195,16019924603
16019724949,16020195286
16019899879,16020501793
16019929190,16020200553
16020824448,16021325500
16022417189,16022520654
16023355023,16023644948
16024827491,16025024853
16028645837,16028876782
16029614170,16029990365
16029916913,16030461420
16030158555,16030355976
16031622165,16031921225
16034317870,16034723554
16034389341,16034696027
16035096689,16035545988
16037178751,16037384170
16038619810,16039052213
16040077796,16040344361
16041091113,16041394339
16041242092,16041916689
16041586363,16041684856
16042231193,16042670965
16042468971,16042740877
16043304306,16043635192
16045548055,16045567861
16045688789,16046291686
16045788292,16046009589
16047250797,16047610661
16050072527,16050409324
16050533201,16050944849
16050993754,16051818096
16052410943,16053129504
16053161763,16053518732
16053893277,16054152569
16055587348,16055909051
16055830805,16056056131
16055830809,16055986888
16056851238,16057158933
16058663374,16058901829
16059444392,16059931844
16060569805,16060709691
16062681478,16063155299
16063537935,16063635759
16064268175,16064403769
16064280029,16064547602
16064554918,16065100066
16065073924,16065347593
16065231598,16065667046
16065556389,16065954242
16065761231,16066467612
16066112522,16066270187
16066291486,16066686139
16067040211,16067452875
16067799826,16068069549
16068872663,16069624146
16069725954,16070024245
16070965688,16071148681
16071618253,16072111730
16073160838,16073822587
16074221456,16074705816
16075351553,16075726395
16075741982,16075824386
16077372213,16077876455
16077937570,16078315289
16078332571,16078866564
16078805408,16079093669
16079748162,16079873275
16080600973,16081068624
16082096046,16082572504
16082322708,16082828852
16083659325,16083980116
16084818919,16085177429
16085957447,16086774205
16086321597,16086546436
16086357669,16086815106
16087235970,16087777412
16089878524,16090057254
16090171263,16090646265
16090905609,16091231821
16092138019,16092918533
16092591951,16092886835
16098192227,16098349864
16100818527,16101105665
16104595692,16105029481
16105038536,16105116845
16105543492,16105844610
16105903367,16106186588
16108365744,16108518734
16108546263,16109057849
16109155713,16109471755
16109709921,16109757709
16110411014,16110964090
16111457018,16111759755
16111475857,16111783787
16114430616,16114601651
16114759953,16114838312
16116123708,16116380729
16116886277,16117405442
16119466298,16119725962
16120842640,16121187380
16122198359,16122592462
16123424530,16123716975
16123703397,16123771477
16123809675,16123951191
16124716984,16125157294
16125888688,16126257478
16126270692,16126497748
16126444688,16126719348
16126663022,16126978066
16127987143,16128133347
16129839288,16130383440
16130085509,16130443737
16130742371,16130816517
16131660858,16131934011
16132260762,16132296493
16135224569,16135464806
16138868856,16139216899
16138881766,16139143229
16139137006,16139459120
16139485447,16139875457
16140622360,16141132678
16140686877,16140858009
16141468046,16141651046
16141679043,16141772772
16143914431,16144373983
16144369099,16144672470
16145158521,16145636684
16146134194,16146932264
16148249801,16148432217
16148828640,16149005955
16151836667,16152102877
16152021536,16152081279
16153221651,16153311695
16154153648,16154288963
16154680470,16155147277
16156199806,16156565157
16158901297,16159349497
16159110885,16159667941
16159765041,16160006923
16160091410,16160307243
16160489805,16161060615
16161028900,16161510375
16161786997,16161998440
16162231768,16162524746
16164025112,16164369680
16164898193,16165386599
16167185423,16167631946
16167533094,16168004299
16168132972,16168343574
16168714508,16168992507
16170481038,16170984690
16171104681,16171597080
16171498788,16171866751
16172422152,16172684175
16172965616,16173322056
16173683877,16173734187
16173864661,16174333276
16176288824,16176443926
16176625331,16176867631
16177170835,16177604411
16179025036,16179142265
16179804312,16180291685
16182113222,16182510897
16182401530,16183149569
16183067651,16183265192
16183574077,16183786516
16183766493,16184075352
16183944786,16184230914
16185992810,16186271896
16186032112,16186201308
16186687651,16187077318
16187125115,16187341800
16189713796,16189757088
16192697551,16193037718
16193688895,16194169834
16194482110,16194937607
16194637607,16194931232
16194795367,16194848102
16194985154,16195397285
16196182682,16196768219
16197994513,16198315179
16198434829,16198929412
16199237635,16199665648
16200385468,16200576467
16200526914,16200656598
16200684542,16201280179
16201282770,16201858124
16201284995,16201892543
16202911766,16203210818
16203493202,16204018174
16204611726,16204834541
16204626451,16205151946
16204735971,16205333163
16207019705,16207399038
16207133791,16207410144
16207788847,16208176746
16208933551,16209167013
16209212155,16209552332
16209697164,16209994062
16210222709,16210297942
16211660098,16212491162
16212848211,16213065579
16213841375,16214164102
16214513803,16214680593
16216515665,16216701758
16216561148,16216735013
16217400813,16217878859
16218299144,16218564304
16218896031,16218958064
16222491003,16222759712
16223382918,16223744290
16226403285,16226602607
16226971557,16227433845
16228598382,16229176605
16232870633,16233183850
16233646721,16233920299
16233699466,16234085795
16237746263,16237960216
16238170716,16238579715
16238780358,16239060966
16239037700,16239579970
16239945018,16240404662
16239986197,16240156116
16240631884,16241073966
16242904370,16243327236
16243723177,16244082691
16243905488,16244102292
16244665196,16245402704
16245439139,16245754234
16246473862,16246834905
16247514468,16247791909
16247819474,16247947033
16247899521,16248457620
16249396786,16249741231
16249443948,16249868130
16250246565,16250688808
16251222630,16251407516
16251249144,16251656443
16251370940,16251710278
16252335882,16252464887
16252569742,16252955604
16254510811,16254852428
16254856335,16255020111
16255056949,16255473061
16255322970,16255651606
16255786374,16256248126
16256249671,16256671852
16256796293,16257053487
16256952386,16257006734
16257523471,16257579820
16258042375,16258326822
16258797789,16258927689
16259108956,16259284899
16261201518,16261658255
16262148882,16262579882
16264043573,16264568362
16264146623,16264436770
16264271800,16264653171
16265632172,16266000099
16265657115,16266153028
16266468534,16266967272
16266918115,16267242992
16267189167,16267508857
16267692624,16268109299
16268160112,16268553458
16268510986,16268838178
16270785563,16271096949
16271824548,16272366445
16272208416,16272335835
16272239116,16272715786
16274761469,16275307548
16274785985,16275006079
16274792090,16275190793
16276071301,16276152037
16276165239,16276587074
16276745158,16277358955
16276990910,16277036673
16280678176,16281044738
16281502405,16282100726
16282925774,16283424307
16283176755,16283561748
16283891121,16284115476
16284181949,16284594861
16285028160,16285337541
16285494564,16285947523
16285530004,16286152760
16285733703,16286012398
16286132869,16286527878
16287492737,16287641376
16288318311,16288834638
16289902494,16290088574
16289978155,16290508429
16290726451,16291233647
16291921014,16292465933
16292009782,16292681080
16292309693,16292923389
16295659504,16295911845
16296208128,16296575427
16296567217,16297127406
16298164778,16298512528
16299005558,16299583635
16299594042,16300255100
16300767517,16301220868
16301787277,16302103866
16301792135,16302136666
16302512373,16303013539
16303350635,16303864015
16304077904,16304444725
16304321289,16304397054
16304688053,16304830963
16306917094,16307260012
16308864324,16309219214
16308947107,16309608954
16309840563,16310290681
16311258161,16311654757
16311761169,16311992967
16312038567,16312233246
16314634615,16314703322
16314827278,16315203690
16314894282,16315414566
16315346948,16315476300
16315578969,16315619644
16317156933,16317473581
16317334738,16317556908
16318249131,16318411051
16318538330,16318596706
16319130315,16319567654
16320819179,16320973503
16322791971,16323016250
16325672737,16325825334
16327647951,16328142191
16327831910,16328526694
16329243149,16329487432
16329943133,16329973393
16332700357,16333024563
16334538122,16334916693
16335346513,16335925188
16337146915,16337706918
16337346715,16337388365
16337694425,16338003644
16337999651,16338459655
16338822238,16339325182
16339546044,16339687071
16339804698,16340086540
16340399132,16340548242
16340410701,16340818109
16340477636,16340824602
16344600472,16344933722
16345310868,16345789389
16346467948,16346916232
16347331898,16347395818
16347377175,16347914148
16348853865,16349082327
16349093470,16349444693
16349814737,16349938414
16352026014,16352527734
16353584564,16354258776
16354462776,16354869693
16354533863,16354946059
16354880836,16355219049
16357638796,16357970256
16358626680,16358890334
16360850043,16361131013
16360917462,16360943158
16361887169,16362446444
16362973601,16363352549
16363152760,16363270281
16363496032,16364078967
16363634549,16363889378
16364321806,16364444294
16366626767,16366692147
16366659437,16366864831
16366758459,16367168014
16367874603,16368207501
16369001934,16369320259
16369139233,16369499442
16371508018,16372006139
16373017291,16373040989
16373270800,16373532281
16373349805,16373718091
16374270092,16374619455
16375432657,16375717079
16375733771,16376267375
16375857085,16376355882
16376277156,16376331972
16376762263,16377544887
16377273434,16377599353
16377601712,16378073761
16378364121,16378616546
16380698306,16381177207
16381704070,16381772650
16382005970,16382375330
16382796555,16383231551
16384529882,16384589896
16385846671,16386008364
16386067301,16386388594
16387235566,16387826173
16389349989,16389666061
16389492291,16389885402
16390536950,16390833694
16394765758,16395018794
16396413155,16396460392
16396664306,16396969745
16396955835,16397307927
16398249583,16398775014
16398438787,16398573075
16399292088,16399723636
16399341673,16399689320
16399633564,16399994513
16399843195,16400311992
16400372494,16400804830
16405515468,16405921027
16406971647,16407259596
16407227333,16407738186
16407361388,16407678532
16409452360,16409723463
16410565525,16410746090
16410733489,16410775737
16412739570,16413286907
16413140869,16413386292
16413531871,16413843033
16415614453,16416056684
16419486038,16420127438
16419624662,16420086639
16420061163,16420536478
16420334041,16420755102
16420929044,16421286057
16421025082,16421325602
16421587715,16421995747
16422653657,16423046269
16424243122,16424537978
16425172608,16425586151
16425328484,16425830941
16425975382,16426445078
16426454963,16426828055
16428747217,16429066228
16429733844,16429962347
16430039890,16430131147
16430245594,16430722425
16430933456,16431300012
16431148989,16431458532
16431767779,16432039838
16431773684,16431938771
16432319887,16432570136
16433154482,16433509155
16433508173,16433539324
16433966968,16434825963
16434292890,16434655454
16436634376,16437111427
16436677410,16436773232
16439904846,16440321986
16441068006,16441345565
16441829274,16442250504
16442816936,16442929303
16443215521,16443620989
16444060127,16444206077
16444085406,16444130108
16445989545,16446463052
16446501959,16447080038
16447589634,16448381406
16447699825,16448033274
16448110500,16448319501
16448545892,16448875090
16449216325,16449369460
16450310795,16450708734
16450337578,16450543380
16450584516,16450847940
16450770937,16451189748
16451067605,16451146924
16452515814,16452796452
16452982301,16453049650
16453253846,16453648632
16453701911,16454386839
16454297633,16454662728
16457059083,16457542882
16458472598,16458768344
16458726747,16459058770
16459454187,16459900728
16459942146,16460185319
16460510385,16460823464
16461154495,16461371508
16461415415,16461825695
16462748837,16462898385
16463965260,16464216645
16464305712,16464673270
16465519043,16466133150
16465805462,16466168684
16467285868,16467373771
16467619448,16468171079
16468006441,16468332870
16468606236,16469132221
16468759262,16469259102
16468810059,16469085388
16469286009,16469558252
16470275655,16470662132
16470375621,16470444260
16471724283,16472114639
16473509983,16474120588
16474235544,16474530199
16476141636,16476583351
16476827080,16477402220
16478868535,16479065224
16479405410,16479993637
16479428893,16480093678
16479699397,16480193982
16481187717,16481388239
16481226783,16481320144
16481677737,16482000698
16481961217,16482068508
16482640912,16483209972
16482917968,16483030803
16485794318,16486000474
16486131103,16486483056
16486624950,16487106693
16488485075,16488877055
16488598854,16488703071
16488882709,16489110542
16489003505,16489259220
16489953770,16490328983
16491083855,16491459912
16491514289,16491749483
16492846079,16493369763
16493395671,16493745621
16493836203,16493892006
16496302993,16496417362
16498293015,16498462373
16498383195,16498640000
16499772662,16500051296
16500019566,16500094680
16500156343,16500666673
16502871155,16503317440
16503471571,16503836352
16504577713,16505132022
16504850435,16505628507
16506577064,16506878511
16507404195,16507764248
16507873370,16508058276
16508239564,16508523874
16508308396,16508821896
16509795811,16510023674
16510369366,16510909966
16510822854,16511222027
16511956605,16512173794
16512156318,16512479180
16512493956,16512984599
16516055941,16516372212
16518364270,16519000904
16519465401,16519786017
16520033351,16520533506
16520701567,16520912072
16522017486,16522331543
16523519817,16523766015
16523836207,16524222101
16524378649,16524516093
16526007709,16526304626
16526236099,16526396652
16526624876,16526868183
16527550102,16528065155
16528394544,16529025448
16530782963,16531098555
16531836794,16532134300
16533075884,16533119602
16534417270,16534781410
16536202886,16536701146
16538682935,16538923154
16539488976,16539901600
16540046959,16540558005
16540391204,16540461890
16540663170,16541170539
16541013852,16541457086
16541477451,16541724088
16541706285,16541785576
16541795746,16541859062
16542311568,16542820236
16543376164,16543875594
16543983907,16544556264
16544195676,16544607878
16544691055,16544916032
16544753462,16545007303
16545234535,16545614578
16545357133,16545664271
16546527552,16546688809
16546762216,16547122341
16547052603,16547415658
16548196134,16548789604
16549131031,16549580981
16549191026,16549342718
16550804900,16551042893
16551927946,16552289775
16552804540,16553214161
16553005366,16553493850
16553047222,16553432053
16553906932,16554193895
16554045947,16554569005
16554103483,16554266114
16555591502,16555638834
16557016527,16557225402
16558914594,16559408142
16560677652,16560908669
16560889712,16561175317
16562056534,16562237767
16562292697,16562675019
16562414622,16562908446
16565043280,16565500023
16565908647,16566005732
16565969405,16566631998
16565977953,16566361499
16567211906,16567416269
16567805731,16568219694
16568475491,16568851125
16568733362,16569109146
16569054555,16569618002
16569767490,16569961440
16571519486,16571680919
16572581349,16572928605
16572713578,16573119416
16573613406,16573771402
16575211646,16575273040
16575739817,16576022535
16578335943,16578635611
16579477295,16579865643
16579746930,16579938402
16580050698,16580185615
16582188391,16582203977
16583842993,16584416926
16584843307,16584936922
16585494886,16585922967
16585832834,16586268151
16585870560,16585900489
16586638601,16586990240
16587569583,16587754002
16589129670,16589256622
16589259374,16589777539
16589425035,16589823648
16590896797,16591637248
16591434176,16591893950
16592504234,16592761007
16593243624,16593660442
16594125498,16594481977
16595569497,16595921772
16596298870,16596502129
16598256110,16598587282
16598457498,16598517915
16598573828,16598981116
16599289927,16599703899
16599700078,16599921541
16599756264,16600250016
16599935750,16600201127
16599954984,16600126610
16600236212,16600446431
16601096373,16601508458
16601494708,16602045392
16602405047,16602679687
16603196271,16603836435
16605698058,16606059588
16605765499,16606147339
16607805213,16608061746
16608144270,16608606076
16608874293,16609169197
16611781894,16612126195
16611927964,16612102674
16612419704,16612586269
16613863794,16614324127
16614451965,16614912411
16614996988,16615427600
16615048009,16615715612
16617478204,16617999246
16617523317,16617582894
16618670121,16619116555
16619340637,16619689280
16619566795,16619667695
16619697036,16620270086
16619712980,16620217936
16619791402,16620053688
16620796945,16621396544
16621089375,16621449103
16621914389,16622114744
16622147602,16622411515
16622450720,16622696535
16625155665,16625471611
16626105890,16626338153
16626280613,16626777795
16627974852,16628160078
16628463230,16628766475
16628497663,16628604101
16628733720,16629276706
16630668638,16631379953
16633515565,16633582012
16633944692,16634284773
16634165471,16634815144
16634335337,16634462779
16636256047,16636596037
16636409174,16636862750
16637052677,16637345153
16637274010,16638142544
16642074436,16642190347
16642207303,16642752894
16642456325,16642780705
16644593274,16645147973
16644666930,16644931292
16645091516,16645617341
16645713598,16646037440
16646515421,16646849570
16646572815,16646928739
16647326083,16647533571
16648632627,16648982724
16648881276,16649196533
16649621962,16649780454
16651044424,16651559497
16653181909,16653486714
16654088895,16654286979
16654416306,16654942567
16655041859,16655283746
16656391882,16656495610
16658522909,16658781940
16658558406,16658712266
16659129320,16659418815
16659422433,16659754579
16659684332,16659878230
16660126667,16660154283
16661143991,16661284785
16661734982,16662069940
16662073141,16662344503
16662127709,16662633832
16662474458,16662644805
16663862078,16664246054
16663969064,16664243926
16664445900,16664839206
16665611054,16665909684
16665688365,16665759077
16665824701,16665967228
16665842343,16666249281
16666800427,16667045472
16666825329,16666868154
16670445115,16670853968
16670895504,16671123111
16672221230,16672420468
16672225320,16672800362
16677865400,16678191694
16678200243,16678815798
16678228980,16678821060
16680845382,16681501935
16680974924,16681540418
16681024097,16681110543
16681882746,16682260226
16684617310,16684922958
16685744517,16685995332
16688540791,16688997619
16688686044,16688812714
16689523517,16689660580
16690334041,16690877375
16691498002,16691787858
16691793070,16692276741
16692867240,16693318034
16693144800,16693688520
16696656276,16696859387
16696824195,16696934200
16699843368,16699969292
16700037973,16700111387
16700330532,16701027316
16701035802,16701709264
16701351036,16701541835
16702118479,16702389763
16702668859,16702733156
16704359353,16704580593
16704941333,16705505639
16705676372,16706051371
16709775566,16710094625
16710002559,16710712835
16711063838,16711474993
16711120646,16711766785
16711222397,16711882492
16712331440,16712620733
16712836123,16713338888
16712987441,16713602387
16715723583,16716131428
16719990838,16720412513
16721311228,16721464035
16721863198,16722246599
16723760513,16724157933
16724337692,16724539525
16726562142,16726812112
16727156494,16727502502
16727518074,16728007635
16728931177,16729484025
16729191801,16729299163
16729206947,16729555255
16729307038,16729838579
16729904415,16730073249
16729926736,16730074478
16731281943,16731541003
16733114793,16733447632
16733725642,16734185255
16735775415,16735998552
16737854130,16738173409
16738611238,16738772686
16739561309,16739892142
16740599948,16741006187
16743047533,16743528394
16744714351,16745303458
16746576819,16746650206
16746601626,16746996154
16750184769,16750243543
16751228118,16751700370
16752295212,16752575898
16755588493,16755758226
16756905127,16757427577
16757965716,16758122850
16758329499,16758739417
16759100447,16759616666
16759505208,16759911059
16759795669,16760282337
16760304098,16760453028
16763834908,16764118425
16764522851,16764821306
16765132400,16765378809
16765388152,16765838601
16767738557,16768092632
16767949551,16768464596
16768537268,16768906968
16768974341,16769472562
16769936352,16769996915
16772259575,16772629268
16772606540,16773140033
16774534006,16774868457
16774614374,16774899386
16775458173,16775631248
16776299397,16776733521
16776494610,16776677250
16776753702,16776965287
16777672293,16777876691
16779212330,16779259403
16781683043,16782038301
16781956318,16782055409
16784421875,16784951928
16786347517,16786649442
16786917590,16787103715
16789556953,16789647375
16791055606,16791205386
16791072352,16791286756
16792511158,16792666203
16793839512,16793988274
16794032583,16794485282
16794058445,16794659980
16794790218,16795114483
16796643909,16797200541
16797297082,16797657444
16797747896,16798066221
16797864946,16798201437
16798181451,16798352847
16798430651,16798671616
16798444261,16799021701
16799802335,16800252506
16802240016,16802575496
16802579475,16803072715
16803134641,16803218742
16803795386,16803908243
16803904051,16804358416
16804807659,16805303571
16805528203,16806012467
16806644529,16806808728
16806963326,16807248854
16807389395,16807712549
16808087457,16808496933
16808377250,16808405050
16809180929,16809421188
16809727216,16809957612
16812568862,16813063116
16812858359,16813218726
16814037612,16814560281
16814060641,16814585629
16814227208,16814593906
16814540101,16814929663
16815055308,16815438671
16817537165,16817933135
16817918932,16818280642
16818034757,16818624869
16818521862,16819002164
16819225299,16819878000
16820423609,16820686958
16823330039,16823593451
16824240358,16824875626
16824386962,16824959840
16826950052,16827029465
16826975819,16827144364
16827186360,16827351939
16827720966,16827766388
16828821510,16829538444
16832340861,16832748637
16835643919,16835947606
16836196930,16836586230
16836324128,16836655985
16836516447,16836738763
16836939322,16837313263
16837886171,16837997147
16838012633,16838249138
16842542082,16842796190
16844063164,16844544221
16844638472,16845072571
16845915545,16846310964
16846925527,16847185257
16847244506,16847830658
16847573528,16847998493
16849267581,16849747933
16849791089,16850071054
16850457227,16850674131
16852869734,16853420665
16853571135,16853939107
16857372483,16857599182
16859813545,16860330564
16861577797,16861912844
16863132213,16863332833
16863229432,16863567873
16863602038,16863847306
16864779576,16864802661
16865790816,16866318641
16867278378,16867428687
16868015028,16868310135
16869474079,16869551283
16870884599,16871179893
16874961321,16875366298
16875174296,16875554561
16877409475,16877826100
16877418149,16877684368
16878053121,16878313317
16880035477,16880142669
16882046196,16882564398
16883471548,16883957507
16885358281,16885692702
16885456386,16885944807
16886126686,16886177068
16886193648,16886408149
16886230833,16886802743
16887389530,16887598646
16887505315,16887756118
16888404626,16888748376
16889284110,16889488220
16889739579,16889951435
16890226100,16890766359
16891294236,16891490489
16891698229,16892072990
16893079638,16893162454
16893907306,16894203688
16893981370,16894475332
16894039894,16894337490
16894250158,16894632208
16895591045,16895864728
16898393983,16898482129
16898817027,16899015053
16899008290,16899423397
16899618698,16899932143
16901451638,16901660876
16902304393,16902624753
16903485392,16903753272
16903706472,16903979550
16903827801,16904325496
16905091419,16905445226
16905167140,16905513858
16906206794,16906312560
16906209157,16906249156
16907182090,16907517796
16908945001,16909301586
16910428661,16910857271
16910809429,16911033770
16911147538,16911618075
16911446427,16911955874
16914264277,16914418361
16916064883,16916479774
16916094785,16916554204
16916141925,16916785756
16916489896,16916955260
16916718464,16916839040
16919472646,16920062168
16921099269,16921649138
16922125976,16922618201
16923614712,16923720789
16924897546,16925329254
16925204649,16925609135
16925856136,16926382462
16926019239,16926221268
16926292857,16927159282
16926448950,16927006773
16927394724,16927480238
16927639260,16927954371
16927906666,16928378761
16928726985,16928938075
16929298939,16929717514
16929721205,16929990285
16930217809,16930338837
16931623191,16932100263
16932244237,16932758620
16932770945,16933094098
16936307865,16936654634
16936411760,16936785218
16936629996,16937057538
16938763430,16938978015
16939974340,16940283791
16940957400,16941064173
16941154114,16941594470
16942164228,16942441984
16943432805,16943517447
16943745326,16943960494
16945627442,16946121888
16946324543,16946881552
16946644852,16946889936
16946891013,16947367544
16947092501,16947431382
16947592329,16947690428
16947711793,16947762128
16948699728,16949059103
16949779526,16949868279
16950918722,16951073001
16950972811,16951073480
16951411876,16951957150
16952560486,16952746490
16952921711,16953396166
16954335931,16954657973
16956763017,16957115517
16957139536,16957253612
16958573245,16958890850
16958897253,16959129381
16959392080,16959806625
16960184088,16960621763
16960395334,16960725217
16961129447,16961521668
16962872922,16963193001
16963248469,16963631444
16964148331,16964616010
16964381695,16964633084
16966363902,16966664146
16967068722,16967118480
16969564549,16969688072
16971039209,16971222059
16971438409,16971712332
16971570431,16972186592
16972889649,16973146504
16973072403,16973429852
16974267529,16974735407
16974356684,16974554170
16975250205,16975737801
16976720633,16977204386
16977896893,16978072786
16980113759,16980356172
16980162555,16980535820
16980358998,16980744786
16981263017,16981678318
16982519571,16983014761
16983167655,16983652955
16984923289,16984988187
16984927538,16985487357
16985007644,16985826948
16986236610,16986962033
16986766288,16987129649
16989063547,16989213990
16989817360,16990335832
16990814411,16991264792
16991711015,16992045988
16992048233,16992376720
16994344941,16994645190
16994985588,16995033795
16995051534,16995239871
16996051981,16996354469
16997002065,16997386743
16997050900,16997119744
16998275705,16998351214
16999064223,16999452413
16999166309,16999467172
16999459306,16999596618
17000621282,17000933412
17001941496,17001990501
17002358496,17002692635
17002362061,17002616610
17002867887,17003184588
17003275511,17003586242
17003456624,17004120388
17003621657,17004106892
17004798258,17005026271
17007757323,17008219545
17008268846,17008850376
17009217480,17009656535
17009222402,17009588052
17009919488,17010067892
17013976259,17014285962
17015310311,17015803512
17018122278,17018474376
17018123299,17018551522
17018282400,17018594557
17018584920,17018960841
17020612091,17020798843
17020902417,17021136646
17021223713,17021508300
17021683185,17022060494
17021781201,17022128728
17022874971,17023054018
17024236428,17024934856
17026250392,17026568395
17026454265,17026809832
17027628904,17027929782
17028654535,17029277350
17029795744,17030127147
17029903088,17030170432
17030114871,17030219133
17030222459,17030673898
17032316410,17032708657
17032713534,17032946126
17033248535,17033524955
17033587983,17033909017
17033943899,17034030780
17034717905,17035333738
17035371340,17035903535
17035997257,17036503753
17037319476,17037492485
17038363632,17038840610
17040101784,17040485590
17041723809,17042106229
17042418986,17042616032
17043512107,17043672962
17043830579,17044033547
17044061967,17044417546
17044433393,17044665341
17044800490,17045589131
17045551446,17046159505
17045715686,17046084377
17046244256,17046794967
17046837108,17047233840
17047821650,17048275938
17048433721,17048633963
17048595662,17048893358
17048896584,17049236357
17048903727,17049018787
17050953151,17051258095
17051131180,17051455843
17051608251,17052100303
17051647527,17051858871
17053044614,17053546959
17055864416,17056321306
17056327921,17056552633
17057042826,17057440108
17057241133,17057825738
17057779994,17058289841
17057838427,17058085923
17058823878,17059154209
17058976008,17059341139
17059781226,17059944847
17060133669,17060430956
17061007801,17061380128
17061145993,17061656733
17062257055,17062588849
17063564710,17063734196
17063722658,17064073963
17063754812,17063921418
17065341539,17065539486
17065826344,17066144052
17066400821,17066815020
17066673571,17067046646
17067726184,17068278932
17068227337,17068506631
17068235134,17068799614
17071274730,17071720250
17071732330,17072180188
17078616321,17078704189
17079202036,17079366375
17079647398,17080167452
17081377307,17081475933
17082430823,17082644841
17082739611,17083175722
17083580638,17083781223
17084930660,17085277905
17086277701,17086487961
17087463694,17087833632
17087498722,17087687057
17090066908,17090599040
17090084010,17090573621
17091437738,17091993393
17091549441,17091947284
17093468917,17093763215
17094581544,17094875160
17096684736,17097219331
17097092449,17097574324
17099515937,17099950128
17099622684,17100192816
17101274284,17101670474
17102568151,17103008394
17103388085,17103797495
17103801214,17103916210
17103807328,17103951211
17104648276,17105123301
17107386470,17107483546
17108465078,17108758948
17108583085,17108924542
17108649407,17109026683
17108659392,17108962008
17109161043,17109392620
17109250136,17109549560
17109669292,17109876171
17109853641,17110288588
17109877874,17110318465
17110907941,17111236322
17111320324,17111781246
17113874111,17114160542
17115200840,17115684889
17116407336,17116612046
17116566571,17116748520
17117186358,17117762441
17117215728,17117747666
17118486506,17118736706
17118768940,17118819007
17118939416,17119246058
17119971502,17120034046
17120270182,17120843677
17128047501,17128111722
17128130716,17128329730
17128526130,17128905598
17130860343,17131331034
17131588146,17131754878
17132734629,17133125076
17133592883,17134107490
17134295088,17134313044
17134318685,17134759299
17135278838,17135437903
17136105293,17136419475
17136597667,17136832175
17137673121,17138369756
17137926602,17138404292
17138382813,17138859384
17138601491,17138959459
17138635768,17138750740
17138755764,17139329535
17140918339,17141236106
17142313670,17142406468
17142947150,17143494218
17144318726,17144352527
17145098256,17145461989
17145822105,17146585371
17146506199,17146865759
17146980916,17147260308
17147689231,17148194009
17147947592,17148325600
17148778612,17148882722
17149352524,17149775697
17149375020,17149909475
17149444838,17149873288
17150124260,17150255956
17150628635,17150784294
17150845053,17151107119
17152400469,17152858787
17153015059,17153264048
17153775214,17154354184
17154489725,17154957789
17154903415,17155075546
17155659324,17156115574
17156207838,17156621194
17156479673,17156503976
17157269099,17157349535
17158529524,17158591515
17158602211,17158640765
17158920440,17159365750
17160298930,17160587575
17161581955,17162154087
17161778846,17162337747
17162875936,17163379918
17162907054,17163347269
17164157017,17164676158
17165077533,17165652005
17168184081,17168215087
17168385976,17168659700
17169130190,17169559488
17169343522,17169650711
17170314715,17170789282
17170689768,17171086078
17170808761,17171214699
17171859692,17172283147
17171864390,17171951507
17173215715,17173598278
17173554629,17173767808
17174693508,17175134784
17175600351,17176165090
17176282901,17176506391
17176766668,17177220529
17177052358,17177666400
17178064819,17178547710
17179623968,17179780283
17180824254,17181240008
17181300908,17181722049
17182838537,17182966305
17185200984,17185449675
17186379064,17186518644
17186613403,17187540061
17192490081,17192876813
17192960326,17193025646
17192981237,17193314262
17194017902,17194169576
17195045335,17195317614
17198871487,17199069402
17199354412,17199542200
17202913094,17203179406
17204474536,17204543650
17204565559,17205117036
17204708163,17205154412
17205084625,17205403958
17206618212,17206916804
17206991773,17207226907
17207388702,17207883638
17208362836,17208765284
17208767592,17209145733
17210921629,17211134576
17212439564,17212646726
17213515274,17213929186
17214928777,17215102052
17215838023,17216221385
17215939223,17216126993
17216849992,17217200978
17218958216,17219008063
17219322774,17219447541
17220112356,17220139238
17220963251,17221057288
17221511045,17221610579
17222119231,17222583970
17222639268,17223159753
17222661572,17223705911
17223581352,17223749622
17224068205,17224154744
17224175865,17224481661
17224935111,17225178115
17225782447,17226071715
17226074175,17226683574
17226718511,17227214938
17227307108,17227831453
17229060402,17229459073
17229392850,17229677208
17230241375,17230786657
17230242206,17230823901
17230283956,17230547140
17234233491,17234561999
17235264828,17235551766
17236776782,17237124708
17238157504,17238487839
17238334746,17239171991
17238910862,17239477748
17240760761,17241059360
17241643459,17242017313
17242350749,17242541082
17242819235,17243265842
17243113035,17243188281
17243493097,17243947870
17243956283,17244409232
17245217226,17245467091
17245835915,17246108459
17246259511,17246742159
17246687252,17246937516
17247218039,17247480032
17247265838,17247508764
17249271105,17249795518
17250679813,17251207726
17251174499,17251580510
17251931706,17252295406
17252794394,17253064657
17252829322,17253578838
17254243506,17254756692
17255286937,17255881358
17262505089,17262845895
17262963522,17263788277
17263357683,17263921323
17263989230,17264417199
17264015588,17264310018
17264316620,17264757475
17265405360,17265632517
17269434275,17269762970
17270340212,17270557191
17270860352,17271278826
17270863959,17271200322
17271352079,17271665887
17272379605,17272841656
17273419048,17274269525
17273800046,17273933425
17273936340,17274189585
17275256151,17275438159
17275533009,17275869548
17277019605,17277516446
17277135724,17277646102
17277332373,17277795665
17279254072,17279388783
17279616071,17279900496
17279815872,17280288766
17281115455,17281591683
17281444364,17281666368
17281689961,17282334204
17282844785,17283124278
17283123064,17283300592
17283256757,17283523148
17283304791,17283852104
17283924957,17284425778
17284008903,17284197575
17285701159,17285942274
17286112792,17286568398
17286750992,17287288292
17287162472,17287564173
17287854512,17288180459
17288372921,17288388664
17289169953,17289721638
17291084094,17291530441
17291287896,17291384270
17291938183,17292286452
17292346003,17292621412
17293582049,17293844563
17294291494,17294819951
17294798479,17295065829
17294842018,17295080005
17294878652,17295099414
17294995151,17295436590
17296209708,17296542939
17296444344,17296767324
17296842487,17297360434
17297391264,17297699172
17297456003,17297965866
17297687696,17297920103
17298531123,17298670232
17300120540,17300226828
17302552478,17302994509
17302587601,17303322145
17305548497,17306065769
17306939846,17307354108
17307314258,17307850014
17307827308,17308080548
17308074009,17308605271
17312159708,17312201446
17312269035,17312637500
17313445895,17313946378
17313457493,17313490726
17314363579,17314605533
17315679509,17315771509
17316505485,17317337517
17317638632,17318219723
17317643321,17317984754
17318283607,17318655226
17318712680,17318829581
17318721966,17319114477
17318831509,17319371510
17319407709,17319699362
17320495593,17320898621
17320685642,17320824452
17324266691,17324601143
17325307961,17325527240
17325936023,17326419914
17326807434,17326949027
17327437398,17327959118
17327966048,17328344587
17328236526,17328592656
17330036847,17330429437
17331641686,17331814111
17332065049,17332231215
17333235133,17333777874
17335235488,17335767349
17335904069,17335981658
17336138656,17337048345
17336623363,17336800818
17337148055,17337218851
17338025272,17338493859
17339057452,17339110873
17340306463,17340511574
17340714734,17341021492
17341333344,17341679527
17342181480,17342389964
17343875246,17344425103
17343959291,17344492227
17347236224,17347418586
17347355091,17347447801
17347446743,17347647015
17347893737,17348158036
17349132418,17349534681
17350763627,17350844333
17351147605,17351654576
17351322591,17351765973
17351735638,17352213203
17351780938,17352092225
17358479432,17359038608
17360278732,17360671692
17361006369,17361108234
17361627667,17361709484
17361628675,17361780826
17362203888,17362497597
17362213442,17362520527
17362296127,17362630428
17362791236,17363201188
17364136644,17364409306
17364634848,17365100767
17365146438,17365604214
17368826732,17369035455
17369547787,17369743480
17370615185,17371238791
17371605845,17371907655
17372471312,17372951223
17372954758,17373478608
17373637065,17374230316
17378630063,17379114208
17380669395,17381128794
17381172307,17381516279
17381523351,17381783263
17381819542,17382109125
17382183318,17382355107
17386025685,17386321075
17386271991,17386581481
17386781544,17387141604
17387149969,17387583741
17389337922,17389496206
17390462646,17390973826
17390840975,17391189931
17392043518,17392346954
17394826916,17395235376
17394886127,17395247265
17395252374,17395592605
17395700808,17396246186
17397239962,17397431131
17397602856,17398098823
17397845593,17397980536
17399255990,17399556457
17399869859,17400214936
17400947735,17401383286
17402051613,17402386585
17402254662,17402587869
17404258484,17404383438
17405922742,17406461906
17409247742,17409504429
17409305655,17409441033
17409509259,17409587420
17411321796,17411674783
17413655319,17413762239
17415583149,17415835166
17416398717,17416611739
17416861841,17416986010
17417108648,17417469555
17417706614,17417954635
17418313751,17418704648
17418712247,17418875315
17420475180,17420676533
17420736424,17420888887
17421029321,17421266223
17422456504,17422485831
17423660798,17423858858
17424627510,17424861141
17424811634,17425281248
17425227426,17425354896
17425357698,17425696992
17428820719,17429155275
17429162494,17429424641
17429589330,17429806458
17430108213,17430584557
17430369551,17430736720
17431443925,17431544160
17431546076,17431889837
17432083598,17432551818
17432554433,17433078200
17432611083,17432898554
17433153443,17433524524
17435021746,17435311108
17435735360,17435822319
17436171857,17436651097
17436455201,17436971785
17437571610,17437911090
17437793806,17437932373
17438050759,17438598179
17440420574,17440970662
17442591810,17442794314
17442795856,17443138056
17444695691,17444936045
17446743037,17446908028
17446806856,17446839475
17447902503,17448574258
17451035185,17451197340
17451563614,17451814445
17451835362,17451975074
17451963988,17451989578
17453859417,17454064422
17455567213,17455956800
17456796633,17457122074
17457807613,17458149100
17459647587,17459805283
17459712371,17459842496
17461302010,17461864557
17461869472,17462287112
17461940517,17462315337
17462166309,17462702550
17462688254,17463034980
17462941597,17463285635
17463793322,17464386069
17468501242,17468599660
17471458060,17471786425
17471802155,17472260000
17472121406,17472715966
17473329580,17473555158
17475596287,17475828057
17475863720,17475994969
17476721468,17477236421
17476850586,17477091673
17476944486,17477188282
17477061135,17477396226
17477204084,17477544486
17477921813,17478116830
17479733885,17480026599
17480303221,17480707863
17481143489,17481502715
17481501100,17481743573
17486159318,17486696018
17486213870,17486656601
17489459631,17489552214
17491707347,17492130005
17492002556,17492510472
17493808137,17494317481
17494538513,17494979296
17496213195,17496684780
17498440563,17498764436
17499776826,17500295882
17501141255,17501726420
17501635493,17501968236
17501990709,17502184406
17503535868,17503668093
17504916242,17505303788
17508622794,17509163910
17508892990,17509264466
17509985588,17510559292
17512249924,17512470084
17512876625,17513418206
17513321734,17513918909
17515121296,17515552520
17519324464,17519408135
17521182402,17521573115
17521187067,17521542389
17522201093,17522527700
17523117788,17523431497
17524073822,17524372051
17524708478,17524976382
17524781474,17525110635
17526437514,17527048376
17526749122,17526858837
17527507551,17527615153
17528225181,17528664474
17528438462,17528716393
17528868631,17529214141
17529079203,17529413408
17530494945,17530918302
17530931311,17531425077
17532041998,17532290468
17532190141,17532332769
17532847272,17533383365
17533733444,17534047653
17533855634,17534015938
17534067731,17534144209
17534531770,17534736384
17534733638,17534977231
17535981637,17536247489
17536321522,17536777273
17537513431,17538210269
17538185038,17538476550
17538246766,17538302875
17539934601,17540249104
17540408101,17540605029
17540848052,17541322508
17540906079,17541041785
17543012439,17543441120
17544733239,17545010283
17544737763,17545110487
17545229904,17545801128
17545537372,17545882242
17545821366,17546269528
17545942163,17546177993
17545995223,17546388109
17546666273,17546901510
17546996319,17547512470
17547200879,17547573405
17547217459,17547595587
17550323795,17550351689
17550527520,17551054976
17553991502,17554146246
17556321376,17556945640
17557078422,17557212653
17558405319,17558653839
17559518176,17559899569
17561562041,17561940051
17563343024,17563884441
17563924092,17564096416
17563947513,17564074137
17567057859,17567235686
17567477837,17567634354
17568931992,17569131803
17569380349,17569551576
17570090233,17570246792
17570427590,17570795846
17573317242,17573657983
17574627198,17575153326
17575360075,17575738419
17576752999,17576929518
17579259911,17579682952
17580783245,17580872271
17581951104,17582101060
17585553639,17585661213
17585736786,17586287622
17585891005,17586347830
17586016828,17586342644
17586329725,17586828045
17587733488,17587850900
17588769923,17589165820
17589198972,17589486524
17590085446,17590343199
17591440593,17591704477
17592222236,17592819058
17593421445,17593512198
17594000803,17594024861
17595415119,17596225279
17595902093,17596164556
17597673133,17598213741
17598601194,17599053816
17598744506,17599241573
17599398239,17599422266
17599401030,17599708872
17599872131,17600222777
17600557031,17600986134
17601584204,17601966297
17601743541,17602139540
17602522355,17602864990
17602583225,17602758892
17603416385,17603687111
17603865413,17604241002
17604542576,17604828741
17605712207,17605841027
17607444402,17607595188
17607540022,17607755924
17607715894,17608773072
17609085100,17609626312
17610153142,17610621021
17610189625,17610230061
17612935914,17613124921
17613320984,17613636366
17615062772,17615376462
17615390467,17615701765
17616653967,17616781840
17618640151,17619084706
17620207308,17620625355
17620875376,17621320447
17621956464,17622337373
17622350983,17622546493
17622561917,17622805016
17622833401,17623033224
17623091357,17623521694
17624709030,17624989936
17625747800,17625976850
17626456145,17626972181
17626838965,17626961845
17627852786,17628337449
17627986901,17628320363
17628614997,17629009769
17629636865,17630120169
17631397289,17631612479
17632368326,17632889958
17633007243,17633485972
17633288934,17633474215
17635753460,17636018406
17636663981,17637025679
17637945732,17637987011
17638835402,17639323451
17640408723,17640845606
17640526856,17640715679
17641979960,17642381319
17642673067,17642917437
17643551035,17643596609
17645518273,17645651264
17646734451,17646864129
17647364933,17647577518
17647576483,17648039066
17648372958,17648888803
17649552627,17649965326
17650931587,17651320438
17650980837,17651196838
17651526858,17651968049
17651961265,17652494569
17652518946,17652788188
17652943143,17653329510
17654349507,17654541909
17655421345,17655556544
17656038164,17656163959
17657136271,17657280125
17659627640,17659772459
17660924518,17661231933
17662256303,17662641898
17663995318,17664306251
17664213692,17664656055
17665358527,17665508174
17666760056,17667242036
17667456810,17668104760
17667670683,17668045254
17668430620,17668894008
17669341644,17669558187
17671024122,17671623875
17671137137,17671353834
17671498336,17671595903
17671740275,17672109723
17672464875,17672702588
17672751998,17673192168
17672879447,17672926827
17675810355,17676196680
17676199135,17676590691
17676808016,17676883625
17677199291,17677571256
17677612093,17677993943
17678521167,17678655027
17679222293,17679614381
17679547077,17679788818
17679551612,17679723641
17681209464,17681352754
17682822418,17683191449
17683394666,17683779070
17683636531,17684121641
17684247431,17684366627
17684997390,17685239621
17686175118,17686211312
17687798146,17688174084
17690895004,17691247440
17691443902,17692048312
17692447453,17692772877
17692646094,17692787869
17692925683,17693467144
17693624681,17694063968
17696278123,17696945864
17696712879,17697030663
17697262750,17697778039
17697955090,17698312898
17698051400,17698349673
17698322444,17698464932
17699452273,17700332493
17702028033,17702251527
17702350766,17702797571
17702981348,17703420449
17704089324,17704583334
17705176367,17705632513
17705541557,17705978142
17707135342,17707172726
17707891501,17708083632
17710087028,17710457399
17711277544,17711422179
17711810643,17712297451
17713168127,17713626365
17713609291,17714044063
17714693213,17715003689
17716639064,17717082896
17717201211,17717370274
17720491461,17720888735
17720892149,17721012688
17722013183,17722207983
17722322468,17722700332
17722766176,17723088227
17724022654,17724585870
17725077612,17725323813
17727982543,17728578491
17728032075,17728254618
17730766492,17730986426
17732127724,17732519506
17732332818,17732603302
17733475491,17733805539
17735126050,17735331309
17735133682,17735395390
17735313049,17735508313
17735340493,17735890967
17736444537,17736638158
17736530748,17737150548
17736971712,17737289695
17737310003,17737644049
17738655055,17739508499
17739356858,17739690493
17740711644,17740866079
17740714388,17741230841
17744269014,17744517098
17746375056,17747041153
17748362253,17748893693
17748894160,17749100781
17749116886,17749388097
17749849051,17750253357
17751750514,17752216572
17753683705,17753936601
17754659709,17755208362
17755104475,17755622027
17755475374,17755702435
17756796211,17757107450
17759463914,17759862567
17759928683,17760121439
17760019387,17760292383
17761283077,17761545582
17761543384,17761947213
17763915777,17764303603
17764410421,17764970499
17764952254,17765326793
17765404136,17765862269
17767993189,17768317630
17768586329,17768894890
17768822885,17769087390
17769412756,17769783347
17772319789,17772602494
17772478229,17772980850
17772805436,17773042972
17775016752,17775559325
17776278106,17776445912
17776348552,17776810540
17777383462,17777667472
17777993528,17778618842
17778640025,17779209187
17783137106,17783603073
17784734265,17784998581
17785299222,17785382750
17785347213,17785659063
17786399635,17786886306
17786902761,17787543615
17788502424,17788618478
17789156823,17789665883
17789692266,17789769288
17789881307,17790394907
17791246059,17791883714
17793104430,17793379098
17794588784,17795225578
17794842004,17795388785
17795404485,17795561520
17795605096,17796213628
17795842920,17796428124
17797918706,17798219521
17798267319,17798382423
17798582002,17798767225
17798786689,17799145821
17799140976,17799353081
17799475389,17799788574
17799712155,17800153976
17800679365,17800726129
17801498185,17801606274
17801615590,17802317421
17801617244,17802382927
17801779011,17802065792
17803689302,17804151334
17804544591,17804853097
17805490685,17805615176
17805900269,17806465596
17808226105,17808534329
17808542838,17808726002
17809024639,17809582657
17810140644,17810292173
17810834889,17810900961
17811012977,17811238412
17812350871,17812535874
17814103674,17814680254
17814197180,17814568116
17814554510,17815127138
17814585219,17815108023
17817449725,17817667201
17817615706,17817644682
17818245219,17818535605
17819329206,17819684087
17819697663,17820095160
17822140812,17822421550
17822189347,17822531753
17826142086,17826362299
17829606668,17830158621
17831633929,17832002535
17831726453,17832081044
17832484844,17832947049
17833343332,17833504051
17833679275,17834117591
17835014844,17835029738
17835075775,17835243846
17836021943,17836199465
17838085173,17838510861
17838283679,17838446319
17838936553,17839153290
17839630710,17840044930
17840201671,17840652710
17840692345,17840884136
17842566210,17843577673
17844198573,17844430880
17844463357,17844827393
17844716915,17845272996
17846040098,17846390042
17846716471,17846984371
17848150447,17848637677
17852566648,17852973210
17852821464,17853080229
17853208732,17853333300
17853286756,17853517642
17853391051,17853621007
17853640980,17854075833
17854257240,17854604142
17854808336,17854939203
17855574701,17855808293
17855792811,17856288223
17856697433,17857137779
17857967487,17858388689
17858701598,17859022300
17859920536,17860058049
17860725087,17860863655
17860751840,17861019025
17860823312,17861118107
17862107791,17862703025
17862595618,17862916196
17862762711,17863312233
17863760931,17864312868
17863886185,17864235587
17864889951,17864993364
17865408935,17865881920
17865891573,17866282636
17866024630,17866425319
17866634999,17866857950
17868264675,17869190471
17868398525,17869059959
17868773817,17869359738
17869985787,17870148830
17870645738,17871077804
17870656322,17870856707
17871552650,17871598933
17873689981,17874340932
17875170101,17875809737
17875747575,17875995970
17880137497,17880495026
17880296535,17880551347
17881184326,17881699187
17882138166,17882530872
17882248727,17882640242
17882909404,17882997895
17882917222,17883276133
17883295495,17883371459
17884282059,17884571926
17884587868,17884896487
17884721217,17884926694
17886277436,17886709369
17886924151,17886975974
17886965978,17887082850
17887335062,17887699609
17887409879,17887820259
17888013250,17888293178
17888992206,17889415453
17889051400,17889468814
17889662794,17890260558
17892335896,17892520540
17892545421,17893130866
17892876486,17893383390
17893833736,17894125933
17894315266,17894869438
17895303457,17895385558
17895800039,17896200219
17896409718,17896625278
17897547650,17897790088
17897930323,17898260762
17898681050,17898993278
17899677364,17900050000
17899780279,17900254454
17900511711,17900838874
17902308644,17902634891
17902718516,17903142784
17902988813,17903464164
17903052611,17903366529
17903199346,17903629455
17903842223,17903927602
17904688436,17905126698
17905692451,17906048378
17908745344,17909143127
17909258136,17909490759
17911878942,17912234521
17912773799,17913336480
17913370746,17913475690
17913645843,17913985228
17913915783,17914427013
17915242917,17915500727
17915532341,17916048345
17916047463,17916507741
17917277795,17917539089
17918774243,17919171154
17919550178,17919719648
17919601646,17920000910
17920549166,17920683375
17921028620,17922086755
17922097890,17922303129
17923326140,17923476081
17926897193,17927291359
17929085375,17929679274
17930888421,17931491501
17931498634,17931862569
17933734472,17934236211
17935397191,17935570699
17935559786,17935858386
17935983886,17936550672
17936501118,17936668882
17937436468,17937512201
17937940508,17938305139
17938264971,17938800053
17938493096,17938565255
17938566685,17938971369
17939480685,17939849082
17939579503,17939861266
17940551584,17940840164
17940977875,17941071417
17941904660,17942013688
17942457279,17943000306
17943200933,17943719843
17943305034,17943482551
17943813541,17943933170
17944765519,17945212301
17945139288,17945391954
17946066588,17946342223
17948709611,17948953376
17950416219,17950739180
17950905116,17951676937
17952909632,17953312085
17953671956,17954116866
17953818090,17954155256
17954599874,17954662814
17955160306,17955403930
17955523456,17955644585
17956091120,17956205443
17956244389,17956689349
17957279349,17957872825
17958216452,17958347751
17959568933,17959989166
17959821922,17960371970
17960110307,17960689921
17960249686,17960329303
17962126118,17962304795
17962804278,17963107943
17963642433,17964154163
17964080960,17964377081
17964137572,17964389951
17969360306,17969376616
17969521569,17969625166
17971081444,17971678320
17973510820,17974085209
17973968054,17974229282
17974584128,17974967527
17976013113,17976363628
17977478678,17977979159
17977739359,17978082594
17979403738,17979682718
17979495805,17979964458
17980203764,17980703457
17980220345,17980253613
17981004594,17981550557
17981254920,17981316213
17982121188,17982393653
17982360463,17982816903
17983080314,17983116256
17983253302,17983842276
17983443521,17983785985
17983480943,17983695686
17984047557,17984310108
17984484919,17984608024
17984986666,17985232180
17985125027,17985379369
17986224457,17986426222
17987133703,17987580444
17988484141,17988860837
17988852369,17989030427
17989104671,17989450328
17990636699,17991021274
17990957172,17991107263
17992937266,17993115445
17993458350,17994014326
17994075325,17994139935
17994350769,17995029916
17994791308,17995257090
17994876844,17994963436
17995272260,17995594107
17995434230,17995956280
17995721298,17996181326
17996213525,17996382437
17996712993,17997162608
17997289566,17997558571
17998273910,17998383961
17998386255,17998878205
17998419127,17998757507
17998951798,17999155008
17999053183,17999163306
17999423280,17999741999
17999700903,18000048506
18001533384,18001853224
18001838596,18002280519
18001976640,18002319934
18002080171,18002357895
18002623229,18003172042
18003208009,18003407782
18003312010,18003499255
18003688325,18003985032
18006130985,18006622414
18006713313,18007004934
18006803955,18007146961
18007081355,18007429156
18007953546,18008336860
18008407041,18008923661
18009833742,18010400112
18010451491,18010600859
18012704215,18013161936
18013284556,18013721171
18014825444,18015309753
18014899929,18015154376
18016419992,18016841354
18017518325,18017946189
18018502613,18018563198
18019529943,18019764568
18020230647,18020629837
18023178526,18023422622
18023373182,18023580263
18023649147,18024093189
18025615706,18025784060
18025677417,18025901989
18028150280,18028767184
18028665732,18028781250
18028847681,18029088861
18029308201,18029822565
18030621513,18031057577
18031451545,18031684716
18031538352,18031837638
18033090107,18033454987
18033198596,18033502705
18033518612,18033946574
18034259856,18034455426
18035441526,18035558468
18035945856,18036215417
18036568586,18037212027
18038184575,18038597552
18039234752,18039367958
18040943936,18041378363
18041862767,18042572074
18042412550,18042737963
18043926363,18043964524
18044656784,18044716404
18044668128,18044817469
18046456491,18046813633
18047254963,18047604104
18047810372,18047987031
18047976246,18048328414
18048616027,18048978480
18048858717,18049106954
18048881244,18049403598
18048902469,18049399822
18049604784,18049681126
18052390167,18052793054
18052814345,18053133817
18053553852,18053941242
18053694535,18053941751
18054580761,18055034120
18055813117,18056143396
18056290892,18056809015
18058597716,18058868283
18058891889,18059040789
18060529303,18060856151
18060534204,18060810381
18062468001,18062804389
18063339351,18063510521
18063351342,18063664158
18063984885,18064520996
18064949267,18065166855
18066920486,18067413147
18066955555,18067177961
18067427727,18067606714
18067715663,18068011298
18067742167,18068053410
18068501428,18069094052
18070419441,18070890576
18071339584,18071821541
18072236969,18072324789
18072618882,18073049737
18072882187,18073394338
18074091620,18074403451
18074427965,18074501092
18074458738,18074856480
18074546043,18074919947
18074761813,18074839135
18075766794,18076032733
18076941875,18077083979
18077447579,18077609955
18077522114,18077888979
18078051946,18078267322
18081032150,18081274983
18081151708,18081380195
18082113733,18082519883
18082655544,18082875535
18083734418,18084134684
18083978318,18084544531
18084897010,18085045903
18085341096,18085921653
18086166878,18086718989
18087749075,18088286569
18088586312,18088641024
18088798632,18088832639
18088885942,18089320368
18089309465,18089785890
18089713706,18090102573
18091698670,18091838068
18092489063,18092991787
18092559407,18092657965
18094586100,18095145960
18095707364,18096184162
18096190168,18096504933
18096680873,18097002689
18098085975,18098792599
18098718588,18099176577
18098827923,18099293524
18099375272,18099737620
18100278365,18100658917
18100364850,18100520559
18100770729,18101121800
18101652182,18102110421
18102224977,18102409966
18103460200,18103643424
18103966056,18104496482
18104259019,18104789982
18104375416,18104569142
18105259698,18105552986
18105709867,18105772169
18105799527,18106221750
18106120636,18106742401
18108594614,18108837447
18109148700,18109477887
18110643911,18111064037
18110827441,18111138172
18112199964,18112370164
18112509136,18112911505
18113083383,18113697959
18113121604,18113779896
18113205607,18114001950
18113209936,18113558841
18113784165,18114377133
18115630913,18115845204
18115968182,18116499565
18117824073,18118180455
18119823055,18120081567
18120600991,18120850952
18121852923,18122309341
18123954149,18124073789
18124248399,18124706048
18125359220,18125892526
18126788269,18126859057
18126862674,18126922701
18127567377,18127948565
18128700439,18129198911
18128756165,18129221352
18129276498,18129631560
18130410899,18130632808
18130459455,18130991414
18130619585,18130797400
18131028497,18131214997
18132396186,18132828588
18133211606,18133417112
18134804865,18135279735
18136019425,18136245699
18136032865,18136305335
18136395893,18136665625
18136520892,18137048582
18138331078,18138817355
18138794672,18139226173
18139587606,18139890267
18139988969,18140536044
18140604315,18141033922
18141231624,18141344994
18141936340,18142113599
18142368570,18142932617
18143525209,18143799724
18144053270,18144447947
18144142070,18144356333
18144672117,18145153506
18146180168,18146685913
18147704408,18147910115
18148771092,18148941299
18149644476,18150129652
18150002610,18150244415
18150686463,18150901214
18151188415,18151677619
18151217424,18151472553
18151911986,18152118086
18152163343,18152559846
18152273870,18152746455
18153167726,18153303747
18153341461,18153390104
18153734674,18153761083
18154187053,18154229084
18154459083,18154768306
18156758399,18156845502
18157385667,18157977976
18157929226,18158322180
18159545158,18159702400
18160197158,18160398273
18160378740,18160913039
18160565477,18160958967
18161392687,18161710252
18161785396,18162099265
18161900814,18162402433
18162307306,18162597341
18162725997,18163023700
18164770450,18165012713
18165485897,18165560140
18168992268,18169058972
18169261202,18169496318
18169537541,18170004373
18173168453,18173435155
18173443403,18173790836
18173579148,18173663128
18175586914,18175888451
18176757273,18177201181
18177317652,18177827999
18178689251,18178825698
18178957778,18179472560
18179965377,18180410479
18180144791,18180590362
18180567916,18181138788
18180630406,18181106515
18181767886,18182430818
18182032290,18182478400
18182313438,18182824841
18182609747,18182837155
18182672833,18182917639
18183479721,18183638456
18183610523,18184081217
18183854819,18184441789
18184090943,18184259879
18184450670,18184700946
18185166908,18185689591
18187164503,18187455697
18188231977,18188373626
18188468451,18188612494
18189442887,18189802400
18193654816,18193878630
18194103603,18194394481
18194349537,18194656833
18194556573,18194791667
18194600708,18194722986
18194916593,18195230380
18194956982,18195309663
18195380088,18195745028
18196067090,18196148214
18197232858,18197634515
18197622952,18197848174
18199230108,18199891818
18200486220,18200822897
18201864957,18202318801
18202294071,18202390551
18202842966,18203169688
18203063540,18203358920
18203309841,18203490130
18204033468,18204442365
18205227261,18205600876
18205516158,18205874862
18205519034,18205712506
18206724890,18207169757
18207083781,18207275155
18207084273,18207595675
18207546699,18207933722
18209768730,18210189685
18210902659,18211169750
18210968778,18211312918
18211474135,18211559473
18211547999,18211898738
18213105227,18213628343
18213443152,18213945107
18213928018,18213973529
18215021025,18215265728
18215389333,18215774555
18216788478,18216932274
18217395004,18217569813
18219188406,18219301030
18219224559,18219585180
18220845007,18221092702
18222658374,18222953650
18222689789,18222872768
18223190290,18223536491
18223503486,18223984883
18224224677,18224664521
18224969173,18225417560
18225819395,18225880942
18226959242,18227040754
18228099465,18228389018
18228135943,18228537298
18228415857,18229170863
18229330126,18229646811
18229456855,18229550839
18230428955,18230906179
18232706579,18232857079
18233219774,18233492307
18235252726,18235713694
18235683737,18235957490
18238061339,18238564566
18238287015,18238510727
18239774468,18240088782
18240136829,18240319947
18241778034,18241978707
18242318200,18242535846
18243250839,18243643032
18243473051,18243631954
18244287301,18244388043
18245155343,18245377195
18245630876,18245945668
18246095198,18246515376
18247152688,18247399717
18248102803,18248222449
18248173190,18248293997
18248248145,18248568250
18248982320,18249049380
18249785347,18250174887
18250557370,18250746544
18252656362,18253053579
18252772098,18253002923
18253265789,18253327375
18253335757,18253779595
18254296168,18254749997
18254474586,18254685595
18255670121,18256077191
18255854467,18256445412
18255864654,18256172726
18257059875,18257391686
18258069049,18258107940
18258813401,18259254505
18259395532,18259913008
18260874728,18261335848
18261983263,18262153213
18262152889,18262648726
18262247210,18262671953
18263392055,18264000723
18263603721,18263911421
18264709691,18264842287
18268472579,18268851903
18269492382,18269879401
18270165047,18270340359
18271199285,18271328675
18271866217,18272255405
18273809337,18274088783
18273828234,18273995394
18274235969,18274696433
18274695718,18274905067
18275162008,18275608915
18275406860,18276133099
18277172184,18277654978
18277794706,18278078090
18278627350,18278825857
18278827862,18279210436
18278972598,18279195513
18280189546,18280650227
18280586971,18280937915
18281226807,18281450500
18282157689,18282172013
18282247145,18282348700
18283681430,18284229285
18284638428,18285124369
18284674863,18285103112
18285589959,18286087505
18286231403,18286295325
18286276302,18286619529
18286626091,18286783946
18286717455,18286798423
18287252550,18287388030
18288312013,18288507224
18289935651,18290364708
18291098809,18291854420
18291189170,18291967408
18293001122,18293293850
18293413758,18293833953
18294596160,18294830583
18294866885,18295588043
18295596571,18296025356
18296043495,18296508723
18296332121,18296418388
18296510434,18296597478
18298118937,18298246734
18298418479,18298684652
18298760099,18299117038
18299613433,18299873628
18300656510,18301118469
18300792459,18301389759
18301035339,18301244795
18301144447,18301536481
18301163172,18301302511
18301247234,18301521943
18302421590,18302903085
18302936997,18303258432
18303400037,18303453280
18307164722,18307302583
18308341176,18308722547
18308959857,18309156777
18309362400,18309510484
18309816440,18310254062
18309919847,18310585490
18310028661,18310431679
18312891090,18312963068
18313235637,18313481419
18313444118,18313830918
18316707759,18317039563
18317758148,18317786461
18319042219,18319390063
18319359814,18319914447
18319409877,18319956231
18322641330,18322940543
18323712613,18324080587
18323770275,18324332369
18323964508,18324430441
18324513332,18324879156
18324905762,18325006899
18325298963,18325445555
18325381879,18325503686
18325795479,18326192525
18326110196,18326415475
18327593812,18328141715
18327919431,18328101482
18328635343,18329030438
18329604962,18329735296
18330752156,18331088454
18330821366,18331404987
18332928492,18333364421
18335768288,18335842049
18336206318,18336440735
18336952559,18337009371
18336954610,18337392101
18338360373,18338761347
18342300910,18342356730
18342380062,18343086128
18342629466,18343125410
18349181259,18349381448
18349573195,18349700558
18350094169,18350553270
18350636686,18351242060
18351995665,18352129196
18353088363,18353281454
18354605750,18355096736
18355155878,18355580738
18355400987,18355727083
18355420800,18355720397
18355809577,18355989340
18356341994,18356445113
18357089342,18357494746
18359678533,18359957026
18359694886,18360283141
18360770821,18360971644
18362382500,18362520667
18363037755,18363296256
18363547255,18364149739
18364310513,18364448805
18365257517,18365518730
18366161080,18366315267
18366826496,18367644188
18367042438,18367490183
18367187329,18367739401
18368910000,18369415854
18371082267,18371543497
18371586406,18372015900
18374561854,18375143214
18375488779,18375968962
18378186477,18378535731
18381027855,18381451943
18382340124,18382750522
18383388418,18383530095
18383548801,18383761844
18384958126,18384985267
18385075239,18385814731
18386628008,18386768599
18387259726,18387797692
18389348580,18389733379
18390295213,18390705111
18391500152,18391751035
18391565924,18391608008
18391912629,18392284099
18398239200,18398788642
18400164661,18400466727
18400593270,18401149017
18400890173,18401474931
18403734086,18404107648
18404477777,18405041034
18404781048,18405243854
18405150176,18405744152
18405263653,18405990234
18405454367,18405620736
18405790193,18405822561
18406626325,18406775776
18407727013,18407970290
18408359888,18408686904
18408871716,18409434241
18409053721,18409824939
18410661402,18411134413
18410683912,18411316596
18410689725,18411148612
18410784181,18411301268
18412744870,18413065129
18413074368,18413530471
18414878780,18415258000
18416382253,18416414831
18416416034,18416532348
18417478792,18418052737
18419735423,18420005474
18419816854,18420157409
18420014750,18420112188
18420641686,18420805098
18421439961,18421818386
18421987938,18422099171
18422867823,18423164730
18422923740,18423291059
18424403956,18425018765
18426263207,18426559963
18427417273,18427636298
18427676825,18428048737
18427761799,18427882286
18428763741,18428985774
18429056813,18429178916
18430014501,18430754286
18430685100,18431254723
18430752981,18431316681
18432034708,18432262707
18432324394,18432661338
18432733301,18432781379
18433133855,18433190254
18433264544,18433356591
18434847567,18435071124
18435443610,18435924454
18438194892,18438509386
18440943976,18441498990
18441339542,18442084478
18441540034,18442108689
18443077842,18443610355
18443237163,18443667169
18443261594,18443772934
18443651615,18443874047
18446596255,18446779785
18446922579,18447651863
18447265213,18447457560
18449658480,18449870770
18450119346,18450243728
18450796632,18451348415
18451076208,18451547099
18451883185,18452018158
18452699811,18453010900
18453387485,18453945728
18454024524,18454334783
18455904157,18456155964
18458760529,18459258635
18460215363,18460716911
18460597776,18461140020
18461275099,18461289825
18461442950,18462057990
18461670072,18461901615
18462064149,18462259298
18462704489,18462749367
18462988813,18463376332
18463680566,18463716726
18464826464,18465536958
18465451161,18465692978
18465895270,18465924024
18465897141,18466039111
18468624724,18468968256
18469244347,18469638437
18469652794,18470107412
18470977504,18471490164
18471286546,18471401884
18471659151,18472244765
18472372754,18472783292
18474681457,18475186651
18475079198,18475266832
18476612814,18476770939
18477082551,18477397622
18477136591,18477482195
18477170357,18477522131
18477671645,18477937999
18478358100,18478499453
18479813606,18480338193
18480958152,18481437130
18481016497,18481213025
18484565157,18485162132
18485148512,18485378374
18485202200,18485641712
18485738146,18486210706
18487235879,18487461151
18491667483,18492059017
18491691535,18492125334
18491704270,18492077547
18492489361,18492993725
18494863246,18495347141
18494896421,18495253162
18496060769,18496350489
18496534678,18496636326
18496757960,18496927516
18497608405,18498188342
18499718689,18499798626
18500544266,18500925776
18501555077,18501674696
18501650648,18501744137
18501773585,18502257767
18502041588,18502396253
18503831847,18504075602
18504122186,18504370244
18504472218,18505030652
18504491225,18504607615
18505781878,18506146607
18506200640,18506448626
18508615436,18509026823
18509049065,18509323396
18510162943,18510503564
18511722315,18512278013
18512336888,18512826795
18515800894,18516386686
18515964984,18516154985
18516584122,18517087002
18516832257,18517159174
18516840607,18517183345
18517202451,18517443090
18517247010,18517777435
18520177594,18520367133
18521086410,18521346194
18521360927,18521628850
18524438648,18524877796
18524627874,18524944338
18526447842,18526822657
18527612013,18527805990
18528276813,18528559206
18529327470,18529770400
18529418502,18529675193
18529427617,18529843291
18529845014,18530244929
18530106872,18530510565
18532900800,18533380977
18533647110,18534075528
18534999538,18535338371
18535676854,18536123306
18535900647,18536149561
18537478015,18537858697
18537562820,18537758603
18537860787,18538149626
18538155378,18538766174
18539161607,18539350041
18539664893,18540089600
18539854059,18540171723
18543345459,18543916553
18544222892,18544929941
18547351091,18547650053
18547939480,18548297428
18548929006,18549143253
18549795805,18550144611
18551281353,18551849047
18551915669,18552569512
18552095244,18552609339
18553277716,18553559155
18553294196,18553690106
18553565537,18554161513
18555316227,18555923187
18555683467,18556288595
18556339511,18556596786
18556599234,18556692084
18556714721,18556955345
18557734986,18558282995
18559012094,18559307145
18559309988,18559482750
18563185470,18563623132
18566091642,18566590900
18568115836,18568204363
18568965616,18569415121
18569296466,18569519283
18569764011,18569839734
18569903103,18570396530
18570064705,18570378415
18570524127,18570852268
18570685601,18571004112
18572007501,18572179166
18573066932,18573202969
18573087100,18573396272
18575099850,18575460042
18578215596,18578631959
18579293601,18579760745
18580645405,18581181570
18581053833,18581489325
18583705631,18583819049
18584155940,18584481891
18584306730,18584811860
18584960835,18585040904
18585249076,18585408275
18585372004,18585510062
18585980427,18586246032
18586434009,18586737056
18587494429,18587561967
18588179551,18588532103
18588232136,18588813804
18588484114,18588669496
18588898564,18589131810
18589463048,18589792998
18589930044,18590125381
18589984161,18590043611
18590191981,18590245943
18592202097,18592717060
18592431524,18592635217
18592482904,18592736999
18594456251,18594751390
18594569717,18594811056
18596617069,18597161828
18597212273,18597486692
18597599258,18597831824
18597613685,18598109590
18597749253,18598261816
18598024772,18598456113
18599128196,18599448152
18599469193,18600005342
18599552509,18600000088
18600150757,18600629696
18600526989,18600819183
18601635167,18601855468
18604126433,18604492526
18604981030,18605511853
18605424441,18605651836
18606733770,18607074550
18607330589,18607626421
18607649951,18607786934
18610354665,18610809954
18610986762,18611128942
18612228468,18612599451
18613237663,18613397444
18614145395,18614692162
18615768555,18615949611
18615995324,18616325352
18616967369,18617012515
18617496757,18617945859
18617948880,18618212464
18619871191,18619901032
18620180963,18620749963
18620543845,18620597617
18621062844,18621283865
18622558743,18622969640
18622736915,18623123127
18623353403,18623823423
18624715378,18625005092
18625201807,18625412287
18626024001,18626288432
18627237681,18627596902
18628885979,18629031033
18629374308,18629637406
18629609645,18629861617
18630250235,18630591331
18632220135,18632608537
18632928549,18633080355
18633294764,18633553686
18638263456,18638452731
18638343885,18638665715
18639429307,18639665391
18639574823,18639932070
18641287499,18641550206
18642433927,18642621371
18643892850,18644223703
18644238688,18644726956
18644605962,18645060010
18644654062,18645050939
18645076387,18645757361
18645203972,18645570682
18647911050,18648293652
18648884935,18648910828
18649765348,18650236196
18650239193,18650460695
18651121011,18651293113
18653180648,18653621543
18653689045,18654257304
18653734176,18653846804
18655429576,18655694374
18657788371,18657903578
18658555971,18658784388
18658769992,18659079800
18658799953,18659246975
18658808582,18659072939
18658888890,18659191339
18659960842,18660427324
18660020769,18660546807
18660867404,18661101567
18662566010,18662979106
18662917759,18663207397
18664254886,18664367447
18665220076,18665601697
18665713676,18666183852
18667113506,18667625216
18667519732,18667898647
18667542306,18667722505
18667892240,18668098313
18668152490,18668660817
18669357769,18669685637
18669632944,18670182821
18669941202,18670399609
18670642024,18671147593
18670949277,18671352839
18670989633,18671539122
18671251073,18671708522
18671651121,18671824266
18672166130,18672424639
18673520628,18673678862
18674314049,18674681911
18674788760,18675177522
18675586157,18676046655
18675809072,18676194252
18677205534,18677288214
18677351852,18677529304
18677507981,18678142311
18677814055,18677854806
18678313203,18678698741
18678407854,18678850755
18678714047,18679353704
18679623534,18679993493
18680236486,18680434261
18681646630,18682109022
18681755779,18681970338
18681899610,18682197375
18683099777,18683299003
18683688002,18683734691
18685392157,18685829360
18686497757,18686779966
18686605173,18686691848
18686825976,18687444363
18687276545,18687698942
18689388865,18689895198
18690152053,18690213609
18690634036,18691112439
18691007478,18691287770
18693610832,18693956595
18693678157,18693711340
18694441492,18694742764
18696783425,18697351262
18698999792,18699054656
18699069878,18699536554
18699546851,18699829839
18699639146,18699963815
18699867523,18700270042
18702190177,18702640891
18702231014,18702750151
18702958426,18703397079
18703290810,18703723311
18704229579,18704527972
18704555792,18704697538
18704721740,18705154229
18705243658,18705381506
18706709248,18707097667
18706742310,18707070413
18707660424,18708086752
18707733683,18708227242
18708754525,18708929893
18708848329,18708977107
18709572051,18710089795
18710027436,18710133530
18711308072,18711553879
18712136609,18712417518
18712924785,18713057930
18717498020,18717851922
18718218094,18718276274
18718495353,18718778758
18718985090,18719360347
18719184186,18719552873
18719668251,18720034769
18720229758,18720425797
18720465987,18720492858
18722558894,18722957266
18724965534,18725286242
18725288219,18725506541
18725444568,18725836879
18725522381,18725813332
18725546656,18725875863
18725892192,18725946518
18726489684,18726838105
18727484768,18727736309
18728218120,18728293277
18730040962,18730393221
18732827038,18733144927
18733078593,18733636005
18733322241,18733545600
18734430791,18734689988
18736132240,18736186182
18736233022,18736761335
18741129645,18741297768
18741991778,18742012853
18745042145,18745235459
18746813317,18747291718
18746933009,18747557499
18748485913,18748956504
18748565905,18748735170
18748985161,18749407742
18749265341,18749799469
18750196327,18750500912
18754080539,18754657858
18754969613,18755459998
18755691807,18755990397
18757231099,18757289763
18757977127,18758211964
18758007792,18758546321
18758939541,18758988519
18758999062,18759385006
18759182808,18759208775
18759307652,18759491246
18759753536,18759887614
18760823651,18761282191
18761046264,18761163583
18761834672,18761921744
18762116436,18762464502
18762519575,18762777656
18763737156,18764275787
18763741051,18764157405
18764446827,18764750126
18765108258,18765267814
18767276391,18767422646
18767763325,18768234982
18767796491,18768135254
18768180118,18768489206
18769053723,18769113425
18769758980,18769873102
18769830826,18770207676
18770424993,18770793999
18771906896,18772114592
18772004072,18772068728
18772251818,18772689171
18772590289,18772643593
18773122516,18773578919
18773516100,18773863596
18774052488,18774432757
18774357266,18774472200
18778550088,18778937900
18778973944,18779338215
18779690282,18779953981
18779803926,18780207098
18780870856,18781192758
18782829394,18783327412
18783093454,18783553676
18783350384,18784000858
18783426748,18783458933
18783472418,18783837832
18785637853,18786395198
18786469299,18786639900
18787277044,18787684833
18788771369,18789181975
18789452735,18789598779
18790934606,18791377453
18793047149,18793136579
18794427963,18794894534
18794431384,18794459041
18794549747,18795073673
18794740270,18794962684
18795200435,18795640131
18796367268,18796873625
18797354226,18797570307
18797538977,18797989592
18798691828,18799104227
18798838065,18799286676
18799831682,18799857638
18800137409,18800195574
18800279012,18800375038
18801612600,18801938591
18802913377,18802955952
18802963417,18803458797
18803122277,18803650286
18806271152,18806444133
18809297669,18809441272
18810541729,18810890266
18811377062,18811877477
18812964054,18813142409
18814894989,18815560336
18815173743,18815483913
18817437154,18817808415
18817928861,18818365994
18819333669,18819914419
18820214147,18820724386
18820317414,18820647593
18821811796,18822125553
18823512206,18823736344
18824154545,18824255317
18826804253,18827015679
18830702773,18830990401
18831120300,18831524652
18832462680,18832661713
18832716800,18833200038
18833410819,18833599451
18834754073,18834980176
18835181488,18835411026
18835526736,18836092810
18836876815,18837360395
18838073171,18838400815
18838151051,18838356320
18839839186,18840425104
18841111146,18841194533
18841493818,18841798510
18842817419,18843044309
18842986561,18843441801
18844656045,18844682444
18844716526,18845136899
18844858250,18845098751
18845555320,18845685175
18845563723,18846069044
18847723139,18848034518
18848694601,18848945829
18849253169,18849745692
18849332457,18849567620
18850115304,18854390585
18854162313,18854238297
18856496764,18856803827
18857295772,18857472519
18858579913,18858994117
18859264570,18860007272
18862654602,18862778055
18862710337,18863142830
18863172456,18863352019
18864004989,18864055561
18866263639,18866434161
18866712467,18867156347
18867365396,18867552846
18868958295,18869111035
18869168204,18869475118
18870524752,18870725417
18871124791,18871248277
18874006489,18874495868
18874404090,18874472591
18877139060,18877295435
18877566415,18877789669
18878810534,18879216458
18881193050,18881528295
18881410827,18881569238
18881532705,18882072520
18882523836,18882977942
18883161138,18883682284
18883217342,18883482855
18883774895,18884297509
18884295460,18884612103
18885431819,18885722064
18887725527,18888229703
18889807675,18890164561
18890084597,18890309353
18890374086,18890489500
18892392202,18892840285
18892587234,18893055250
18893008780,18893340938
18893353771,18893615483
18893716179,18893741325
18894425091,18894710098
18895021159,18895544161
18895767158,18896159564
18896521479,18896725683
18898450084,18898922031
18898931995,18899390815
18899032267,18899413184
18899135263,18899611176
18900290893,18900550006
18901871820,18901984833
18902783309,18903223619
18903048012,18903662269
18903935520,18904162831
18905291424,18905368201
18905429146,18905451170
18905696908,18905917816
18905707731,18905867161
18906093461,18906422556
18906585076,18906821786
18909853671,18910160674
18910392627,18910668459
18910632595,18910689849
18910691004,18910954410
18911141870,18911183246
18911325995,18911350583
18912471058,18913136795
18912804542,18913090211
18913430844,18913778491
18914697177,18914842194
18914851244,18914998599
18916368809,18916644728
18916618611,18917460679
18918404197,18918440068
18918839007,18919073665
18919105597,18919520455
18920149192,18920473683
18920743319,18920968283
18921263798,18921499368
18921393403,18921565129
18922199687,18922867036
18923129150,18923595770
18923715955,18924017064
18924025150,18924137493
18924223801,18924459909
18927467636,18927744223
18928372439,18928785311
18928373142,18928797080
18929679438,18929799648
18931062693,18931576529
18931329592,18931807788
18932058411,18932540033
18933481635,18933860133
18934173098,18934367074
18935104564,18935590799
18935993600,18936471776
18937156184,18937505866
18937617388,18937759491
18939698753,18939954404
18939966720,18940264176
18941009154,18941365927
18941227240,18941665781
18942016069,18942421966
18942306908,18942774416
18943160649,18943434519
18944231152,18944297932
18944932677,18945305036
18945758630,18945995450
18946409754,18946498411
18948810407,18948941962
18948993546,18949354783
18950600581,18951148316
18950934629,18950987924
18951081219,18951405992
18952364373,18952687760
18953085693,18953388608
18953291869,18953616781
18953641715,18954146564
18953660411,18954017702
18953833493,18954011081
18954353316,18954452035
18954657255,18955043907
18955275184,18955661842
18955956307,18956007481
18956237478,18956627646
18957392946,18957839103
18959699981,18960015211
18959841079,18960272431
18961033155,18961131310
18961507340,18961676639
18962212946,18962336395
18962294123,18962725988
18962515562,18962834354
18963161906,18963414280
18963322821,18963489515
18963919719,18964223590
18965101205,18965292129
18968358445,18968506336
18969391152,18969685105
18969423467,18969751549
18969544621,18969674003
18969884678,18969944564
18970321734,18970816286
18970886503,18971040000
18971152090,18971553756
18971352286,18971415961
18971557336,18971711553
18972184126,18972685247
18973224117,18973575746
18973636768,18973911361
18973754983,18974046469
18973823817,18974050403
18974181218,18974483100
18975120269,18975547168
18977030056,18977318906
18977112429,18977220551
18979315625,18979515612
18979974543,18980471819
18980383343,18980807267
18980598187,18980851191
18980636125,18980976923
18981607599,18981774356
18984356534,18984842219
18984374861,18984830642
18984631457,18984855971
18984934189,18985157866
18987498895,18988012532
18987885688,18988256419
18987929517,18988220649
18990053642,18990601109
18990833024,18991382440
18991685051,18991962170
18992975300,18993029800
18995000634,18995133017
18995311009,18995683298
18995671825,18996015590
18998470873,18998826392
19000068607,19000231687
19003971456,19004446904
19006495029,19006566823
19007680440,19008169793
19008644306,19008680062
19008652727,19009186664
19010392948,19010943511
19011810145,19011942140
19012710396,19013019424
19012763846,19013371208
19013849902,19014037056
19014771010,19015016515
19015041225,19015342419
19015231126,19015521002
19016719754,19017227245
19017099776,19017342289
19017255991,19017606346
19017290911,19017691147
19017916069,19018247460
19020006897,19020146589
19024160331,19024622690
19026421814,19026630485
19026859797,19027150707
19028056265,19028472051
19028622238,19028768917
19029521158,19029626950
19029701458,19030007325
19033227453,19033439005
19033375864,19033839674
19035575120,19035904773
19035755753,19036239100
19036259927,19036368710
19036561792,19036852132
19036890807,19037027292
19037086377,19037268714
19037451667,19037835575
19038125196,19038556789
19038419625,19038475589
19039813050,19040099441
19041232011,19041604539
19042534277,19043067520
19043677373,19044146663
19043709083,19043943325
19044109377,19044339729
19045167395,19045274209
19046077679,19046311774
19046761029,19047063592
19050286453,19050462307
19051833171,19052137379
19052053720,19052290342
19052507580,19052848706
19052580865,19053040568
19053315818,19053432569
19053749267,19053873146
19057365848,19057846138
19057923123,19058203760
19058325967,19058578859
19058943289,19059282236
19059168342,19059450972
19059307380,19059477820
19059467105,19059563532
19060193396,19060746472
19063593481,19063995466
19064041327,19064335308
19064262542,19064654481
19065614873,19066088677
19066579467,19066807385
19066698550,19067097292
19068488158,19069140988
19069138202,19069386085
19069539391,19069924386
19070328304,19070583148
19070505938,19070697171
19072804026,19073296638
19073872744,19074353263
19074773755,19075145303
19075309761,19075865630
19075385468,19075844452
19077007470,19077247549
19077143239,19077341111
19078020731,19078110585
19078136238,19078507495
19078314741,19078813503
19078467453,19078717767
19078585994,19078892855
19079809298,19079974156
19080095352,19080608729
19080885198,19081177749
19083014057,19083331819
19085431641,19085834169
19089623702,19089891709
19089867198,19090218041
19089961568,19090166044
19090176677,19090313568
19090426748,19090479898
19095841531,19096250241
19096095616,19097019394
19096921936,19097405433
19097201504,19097273774
19101219049,19101621849
19101585554,19101616961
19101591540,19102142119
19103608789,19104079398
19104081850,19104352684
19105503107,19105775044
19107315856,19107645804
19107576146,19107910977
19107786076,19108017183
19108766370,19108886384
19108915126,19109012114
19109047274,19109566113
19109083360,19109504262
19109448599,19109927425
19109583745,19109982441
19111173269,19111695905
19112102519,19112270457
19113260405,19113722835
19113410671,19113663557
19115298763,19115529643
19115541760,19115986896
19115586948,19116108615
19117222093,19117559666
19117646466,19117915853
19118307845,19118669858
19118440895,19118473855
19118550707,19118996829
19119615049,19119768380
19119713338,19120043984
19120440390,19120661686
19120542173,19121071034
19123337045,19123716210
19123995768,19124334824
19124687499,19124895079
19127227222,19127536975
19128505672,19128879497
19128763767,19129338865
19128799610,19129087174
19129595749,19129950222
19130004062,19130163528
19131609924,19132067691
19133341294,19133612606
19133555589,19133872683
19134516809,19134890170
19135323816,19135569125
19136714356,19137152300
19137118253,19137436469
19137419520,19137825614
19138861431,19139038628
19141874182,19142243904
19142346015,19142841848
19142570650,19143079847
19143190112,19143490231
19143328074,19143434561
19144321824,19144822812
19144789930,19145044497
19144972592,19145280776
19146270963,19146674498
19147101426,19147572721
19149449450,19149649224
19149797489,19149970109
19150221870,19150714254
19151353824,19151850743
19151642616,19151941414
19152665179,19153062590
19153128831,19153707118
19153500620,19153926474
19154012947,19154205063
19154511499,19154749737
19156015877,19156411432
19156982795,19157655497
19160968735,19161187764
19161233375,19161546031
19163522196,19163590525
19164584366,19164832877
19165666220,19165912948
19165927898,19166369112
19166235828,19166771045
19166406979,19166701216
19168413573,19168712959
19168476816,19168976374
19169772443,19170061614
19170685252,19171118087
19170733674,19171075867
19171613505,19171869355
19171761516,19171976178
19172192782,19172546711
19173736864,19173794672
19173806315,19173891082
19174344291,19174760372
19174354719,19174563136
19174545379,19174811642
19174916958,19175432976
19175649318,19176016091
19176603269,19176929400
19177244148,19177346208
19179165381,19179437282
19179172532,19179580787
19181210116,19181393505
19183139374,19183541123
19184314161,19184833954
19186181124,19186282373
19186941088,19186983886
19188235561,19188501114
19189484398,19189972935
19190322069,19190659603
19191739342,19191846637
19192836549,19193073326
19192981296,19193417552
19193944491,19193976862
19194386193,19194591830
19197973773,19198252408
19198347376,19198742297
19198878421,19198951473
19199225950,19199644001
19199787674,19199998599
19199905763,19200026888
19201759231,19202002073
19203035696,19203190715
19203279677,19203648905
19203500688,19203621996
19204404512,19204891297
19206106549,19206598286
19207379411,19207460684
19207900697,19208296771
19208261233,19208678574
19208401644,19208748668
19208813725,19209321088
19209030665,19209556727
19210213665,19210678098
19210657207,19210930419
19211648477,19211758944
19211990138,19212170372
19214024654,19214539245
19214104794,19214517204
19215064243,19215561822
19217397699,19217702736
19217697148,19217913475
19219189802,19219353158
19219387962,19219959948
19220244023,19220330045
19220432618,19220927030
19220891087,19221311852
19221982505,19222270137
19222990946,19223383282
19223394427,19223718643
19225037787,19225194451
19225207404,19225544490
19225798916,19225936095
19227412371,19227812024
19232308161,19232590665
19232372825,19232722909
19234116910,19234245445
19235986068,19236221560
19236510421,19236678054
19236710874,19237005383
19236951318,19236999565
19238974937,19239228043
19240550322,19240877331
19240942481,19241353687
19242123449,19242375106
19243821216,19244266786
19244703443,19244903033
19245111747,19245515232
19245492810,19245847535
19246136630,19246342076
19247523585,19247809490
19248138705,19248603101
19248540493,19249121187
19249304990,19249710893
19251112349,19251599545
19251775244,19252297847
19251804783,19252068816
19252624299,19252995322
19253334619,19254148077
19254218171,19254379857
19254710653,19255032300
19255041038,19255109517
19255128679,19255208677
19255129677,19255298729
19255211723,19255680133
19255685926,19255907167
19256607867,19256754848
19257045025,19257153203
19259310710,19259665944
19259356852,19259709660
19259772101,19260306149
19260536610,19260898571
19260996596,19261479727
19262137256,19262451181
19262377282,19262803100
19262992424,19263344399
19263411055,19263776228
19265145643,19265353575
19267074613,19267642694
19267459731,19267713040
19268230745,19268472390
19268637110,19269096189
19269230912,19269245805
19269963319,19270567502
19270362173,19270815231
19270453317,19270720027
19270722071,19270944424
19271646243,19272114005
19271750105,19271869042
19273516953,19274063090
19274581883,19275079677
19274603240,19274670925
19275946771,19276142720
19276344737,19276476282
19277291261,19277542010
19279191117,19279520427
19279193110,19279534425
19279772670,19280112487
19279795508,19280049855
19280545106,19280587297
19283050759,19283490802
19285438197,19286132328
19288939333,19289393634
19289980230,19290254652
19290404677,19290702563
19291540850,19292008112
19292019442,19292079115
19292628064,19292938401
19292892152,19293951004
19295890459,19296397496
19299744360,19299957980
19299884304,19300420275
19302604281,19302982649
19302985386,19303535237
19305467077,19305792163
19305649241,19305864860
19306490390,19306893331
19308232328,19308459322
19308993954,19309337425
19309788615,19309997943
19310106203,19310362378
19310398380,19310733838
19310512674,19311007419
19311209312,19311550616
19312304039,19312490921
19312309210,19312727054
19312500614,19312614053
19313415147,19313779495
19315131761,19315423936
19315667346,19316206656
19316765041,19317298164
19318107277,19318342245
19319175733,19319418209
19319481098,19319959810
19319983905,19320034882
19321078707,19321391128
19322051390,19322140619
19322470953,19322869770
19324083086,19324489218
19324685723,19324963556
19325308603,19325834950
19326108090,19326502189
19326631558,19327078653
19327045762,19327333835
19328148167,19328576793
19332496413,19333062426
19335000934,19335188666
19335933945,19335971269
19335944244,19336337688
19336544014,19336633311
19337661999,19338023752
19338734320,19338856091
19339371362,19339687292
19339390372,19339904790
19339782575,19339904856
19342101536,19342364816
19342172989,19342790083
19342674631,19342705626
19343092891,19343118803
19343565862,19343820653
19344202490,19344613477
19344313299,19344390470
19344898078,19345171561
19345781584,19346027231
19345884410,19346269080
19346839925,19347124666
19348258494,19348443083
19348351842,19348867375
19348858920,19348991015
19348878268,19349011600
19350987527,19351388646
19352259088,19352577491
19353708333,19354112197
19354128960,19354385000
19355777378,19355995417
19356220952,19356764737
19357735536,19357896875
19359685604,19360076022
19363218990,19363508621
19363284250,19363766606
19363430108,19363747606
19364157959,19364506841
19364373679,19364611488
19367089210,19367680314
19367800540,19368016727
19367912047,19368013337
19369896020,19370105356
19370774119,19371107694
19371005882,19371067642
19371074521,19371342297
19371266409,19371499817
19371720632,19371944525
19372549802,19372899427
19372781969,19373189651
19373497775,19373684737
19373624725,19374158294
19375126458,19375688703
19375773235,19375981543
19376589699,19376954625
19377215155,19377780990
19377771571,19378652121
19378219182,19378650854
19379742125,19380046831
19379824776,19380167104
19381269464,19381547502
19382612132,19382901212
19382737843,19383074835
19384005920,19384565111
19384180034,19384211649
19385038968,19385406439
19385317817,19386039565
19386752940,19386800070
19388167153,19388291682
19388537976,19388709486
19388792264,19389050094
19395981160,19396020785
19396662402,19397030263
19396691139,19396952447
19396937574,19397021306
19398111626,19398399854
19398414730,19398602475
19398590175,19398829209
19399098176,19399648571
19399322643,19399784943
19400336307,19400749468
19401199758,19401299485
19401864778,19402270287
19402186176,19402438040
19404511261,19404997060
19405476856,19405562544
19407073141,19407387559
19408232852,19408320971
19408567168,19408913775
19408827571,19409022711
19409761241,19410272466
19410499642,19410914067
19411311243,19411451456
19412046004,19412298448
19413349647,19413611200
19413524383,19414102043
19413720630,19414033122
19414122734,19414670231
19414573774,19414608113
19416610976,19416989125
19419498893,19420021755
19419575467,19419928745
19419613614,19419862171
19419662772,19419685983
19421687553,19421979609
19422525316,19423057932
19422601582,19423206926
19422902813,19423090117
19423733544,19424591243
19423770179,19424272647
19424479177,19424721174
19425013608,19425132186
19426699731,19426980218
19427735071,19428183327
19427868060,19428481986
19429182056,19429625733
19429279549,19429690149
19429426496,19429703220
19430128872,19430199239
19430327413,19430518964
19432330262,19432671123
19438759470,19439205651
19439920822,19440070538
19440352546,19440868039
19441021557,19441559073
19441407535,19441896653
19443094252,19443499600
19444026725,19444510222
19444503350,19444914073
19444917681,19445318882
19445733736,19445976375
19448810406,19449143837
19449014800,19449455369
19449174093,19449602045
19449611453,19450020773
19450100670,19450660931
19450555557,19451028828
19450878228,19451342098
19451766070,19452015259
19452121641,19452408572
19453531397,19453649310
19453650895,19453777831
19454751422,19455082864
19460123438,19460292659
19460864379,19461152056
19462302969,19462351546
19463371200,19463659636
19463942348,19464450563
19464246959,19464965575
19465179577,19465192478
19465377764,19465986573
19466218801,19466557459
19466267909,19466497449
19466480741,19467015959
19467290618,19467512497
19468040366,19468191078
19468151298,19468453718
19468561122,19468903115
19472548639,19473002813
19473687412,19473785357
19474600965,19474895696
19476183517,19476852891
19476349262,19476383690
19476427183,19476931760
19476703787,19476941033
19477059073,19477645920
19477482100,19477849076
19477669242,19477811454
19479693194,19480158164
19480051029,19480234704
19481460026,19481587997
19481636580,19481974373
19483768011,19484098635
19483897311,19484355306
19484688709,19485195075
19485964578,19486302241
19486049996,19486274240
19487021406,19487046374
19487165507,19487493523
19487369852,19487790275
19491261014,19491388712
19494382594,19494870182
19494885358,19495179258
19495180546,19495562455
19495689584,19495822691
19495707442,19495883759
19495909045,19496147016
19497066034,19497298076
19497110329,19497498715
19501114784,19501238498
19501147039,19501568366
19501659833,19501860366
19502460528,19502597704
19504406421,19504970153
19505016852,19505471277
19505062415,19505663895
19506844272,19507258361
19507185331,19507501682
19508957887,19509265203
19511090261,19511245369
19512129329,19512714120
19512398670,19513122636
19513344417,19513662815
19513635669,19513723233
19513816038,19514024877
19514215680,19514649285
19514998700,19515282273
19515447152,19515573314
19516232462,19516585262
19516958793,19517025288
19517182497,19517423583
19517844453,19518136052
19518139935,19518558670
19519073123,19519118471
19519940934,19520088666
19521569322,19522024376
19522028750,19522175766
19522086969,19522364861
19522177379,19522985367
19524200771,19524398138
19526181487,19526518371
19527280098,19527573376
19529854909,19530334542
19529987440,19530263383
19531150948,19531389904
19531904541,19532018527
19534335056,19534761026
19534960733,19535508287
19535121149,19535191927
19535934127,19536387008
19537043956,19537197786
19537794900,19538265872
19537841859,19538246732
19537865902,19538406884
19538255513,19538355979
19538822282,19539183246
19541803972,19542374315
19542162887,19542604459
19542549428,19542885301
19543990556,19544018388
19544051844,19544338943
19546016293,19546356178
19547106884,19547566577
19547604198,19547709648
19549565930,19550013825
19550376290,19550631422
19551629962,19551795215
19551974875,19552291049
19552486806,19552958179
19555879817,19555927738
19556135566,19556153054
19558817010,19559109760
19559453313,19559690337
19560169237,19560681095
19561143874,19561547798
19561787111,19562144536
19561849212,19562217052
19562678463,19562853464
19563576546,19563718708
19564203570,19564810198
19564777519,19565457350
19565466311,19565670725
19566580803,19566832176
19567481750,19568038833
19568004595,19568272999
19568560123,19568630071
19569274110,19569503428
19573184336,19573491751
19575183820,19575371986
19575521158,19576151037
19575883606,19575939072
19576840448,19577265644
19577109810,19577168760
19577660934,19577705505
19577742688,19578052064
19578786835,19578951953
19578831545,19578935738
19580272585,19580817934
19580506503,19581076680
19583053977,19583310328
19584393483,19584625995
19585647569,19585854640
19586906310,19587109577
19587071582,19587663820
19587395020,19587492952
19588058743,19588538904
19588163023,19588834245
19588341699,19588650428
19589191120,19589404332
19589236042,19589678228
19590947302,19591341912
19591072847,19591408124
19591358717,19591412790
19592001675,19592364769
19592302285,19592678702
19593585835,19593977586
19595078059,19595442883
19595460389,19595720327
19596091254,19596288647
19596321971,19596860584
19597098560,19597120375
19597274725,19597920720
19598494605,19598831617
19599122044,19599543455
19599982856,19600205023
19600234936,19600834143
19601042699,19601331905
19601135688,19601264757
19604849735,19604897343
19604900534,19604971100
19605808342,19606198943
19607446110,19607593748
19607618804,19607990809
19607626975,19607915926
19607913608,19608099435
19607987774,19608356033
19608122421,19608580455
19608155115,19608229623
19608599502,19608655152
19610351526,19610697476
19610790835,19611127271
19611075681,19611291628
19611426729,19611854099
19611874160,19612265209
19612608765,19612829448
19613569481,19613848919
19614348081,19614832266
19615177385,19615324943
19617130512,19617563745
19618329775,19618347512
19618944078,19619235931
19619359940,19619799917
19620283828,19620501755
19620593836,19620942790
19620991838,19621301033
19621917075,19622452138
19622866094,19623155149
19623809476,19624030908
19626196448,19626454329
19627287167,19627421011
19628518109,19628890379
19635557478,19635703034
19635910416,19636162917
19636597827,19637009985
19636961879,19637105192
19637457609,19637699262
19637564686,19637805184
19638411715,19638883662
19639559912,19640040382
19640164760,19640580440
19640284458,19640808191
19641231167,19641443186
19641771523,19641828848
19642777918,19643086375
19646491896,19646620847
19647555127,19647799192
19647855518,19648044944
19648595413,19648807050
19648641468,19648937498
19649165302,19649640150
19649684421,19649988673
19649990203,19650161636
19650287303,19650567291
19650449777,19651017817
19651515126,19652186968
19651671578,19651938885
19652052628,19652483092
19653506824,19653567538
19653623062,19653860120
19653808076,19654067051
19655715926,19655921231
19656213660,19656314853
19658234466,19658349772
19658357056,19658466118
19658558221,19659158037
19658600167,19658939640
19659089784,19659196680
19659823545,19660283648
19659947718,19660254943
19661084332,19661612244
19661538707,19662017494
19662276318,19662874284
19662407551,19662791268
19663684621,19664055792
19663760669,19663901762
19666429711,19667030837
19667281026,19667698176
19668487781,19668830734
19668927582,19668966298
19670279778,19670430245
19671207501,19671486826
19671945683,19672138724
19672768415,19673253220
19675089627,19675536647
19675611852,19675891803
19675940375,19676130236
19677042337,19677156074
19679106168,19679649585
19680279861,19680705617
19680364267,19680962693
19680576889,19680863016
19681962270,19682045122
19682702018,19683096507
19683360902,19683658278
19683626355,19683906406
19683690179,19684050082
19684508467,19684891019
19684750193,19685130524
19685979070,19686325089
19686032022,19686128202
19686406993,19686619637
19686540172,19686811129
19690208757,19690712499
19691054949,19691168541
19692574353,19692821172
19692693146,19692997656
19696179271,19696679734
19696724476,19696771149
19696776758,19697148820
19697123952,19697384050
19697756163,19698177308
19698685271,19698760193
19699676631,19699708645
19701133749,19701397382
19701368854,19701902861
19701769707,19702248158
19701970533,19702245395
19702907400,19703325206
19703386695,19703977253
19703980818,19704406924
19706716842,19706835195
19706749688,19707112167
19708596620,19708811407
19709191309,19709285740
19709426363,19709717260
19710447513,19710797864
19710769047,19710857187
19711208901,19711496088
19711602583,19712052766
19712056990,19712590804
19715781501,19716232745
19716592318,19717125352
19718330690,19718357508
19719587669,19719668564
19719738185,19719963745
19721103613,19721159533
19721535168,19722056817
19721580326,19721932854
19721621063,19721992448
19721785426,19722490587
19722343052,19722834865
19722846289,19723107574
19724285819,19724699406
19724377713,19724960422
19724479860,19724992551
19724627964,19725219512
19725299850,19725491460
19725574912,19726128449
19726199512,19726635400
19726577067,19726993638
19726787569,19727481894
19727866801,19728199444
19729248266,19729623984
19729337893,19729625722
19729991933,19730694367
19730163207,19730319290
19732042520,19732436508
19732494922,19732888950
19733262005,19733557131
19733310227,19733829246
19733645238,19734012088
19734966417,19735087870
19737665461,19738143854
19737804200,19738172577
19737865958,19737928377
19739856216,19740272882
19740411886,19740772183
19740687112,19741043212
19744084518,19744519235
19744423448,19744831862
19744592000,19745107916
19745030435,19745340912
19745757803,19745994037
19748441837,19749024356
19749135391,19749331204
19752339664,19752668710
19752427076,19752958897
19752929885,19753070561
19752961499,19753424699
19753669423,19753795625
19754285931,19754582203
19754441697,19754523630
19754526905,19754540582
19757089308,19757541697
19759107591,19759525345
19759432424,19759644445
19759777568,19760236491
19760163704,19760391828
19760835287,19761178548
19761022139,19761638686
19761995970,19762127415
19762523921,19762634886
19764156992,19764417117
19766982315,19767022010
19768296024,19768739416
19771579531,19771808591
19772457848,19772880229
19773941720,19774673204
19774905827,19775278643
19775437024,19775647764
19775437951,19775569806
19775616785,19775736978
19777168774,19777454332
19779566806,19779613732
19779878736,19780024627
19780270041,19780486920
19780753365,19781289613
19781022048,19781374573
19783984020,19784492871
19784006409,19784364258
19785205837,19785286022
19787101044,19787535018
19787432283,19787834853
19790692153,19791103298
19791599437,19792070260
19792489425,19792915113
19792672805,19792768693
19792952928,19793373359
19793314198,19793769581
19793822402,19793917466
19794389636,19794804177
19794736457,19795389973
19794935935,19795482684
19795845288,19796061594
19796349352,19796818465
19796859882,19797621918
19797001544,19797686812
19798488902,19798838189
19799658847,19799837704
19799999757,19800493025
19800447963,19800517680
19801099501,19801255279
19802963032,19803634370
19803857795,19804237619
19805158044,19805457708
19805192054,19805451968
19805784520,19806032691
19806775590,19807239449
19806918808,19807321735
19807252386,19807726445
19807887047,19808407975
19808870772,19808885326
19809048011,19809310726
19809541414,19809672628
19810591619,19810966306
19811556250,19811774584
19812041224,19812431163
19812289528,19812955145
19812573599,19812983685
19812786855,19813434203
19813572117,19813779142
19813612584,19814127834
19814823428,19815016054
19815224732,19815656962
19816153432,19816343551
19816811936,19816962045
19816863746,19817166443
19817082803,19817231539
19819214810,19819441067
19820461886,19820855842
19820741952,19821044482
19821245904,19821769549
19821913059,19822054648
19823749668,19824087190
19824029894,19824588764
19824055448,19824112404
19825230941,19825376939
19825359089,19825940184
19825420608,19826006885
19825648685,19825847529
19826010282,19826090291
19827367953,19827694621
19827466095,19827675420
19828457183,19828614479
19829317080,19829613799
19829842342,19829945752
19831869693,19832486785
19832152754,19832496724
19833053551,19833358797
19833497440,19833824323
19833529123,19834031033
19833699497,19834274532
19834550654,19834982791
19835029305,19835212965
19835639939,19836145305
19835796635,19836141892
19836448856,19836558666
19836840215,19837321008
19838026316,19838246461
19838575105,19838828030
19838734088,19839227655
19839286573,19839627148
19839566632,19839918146
19840308960,19840431420
19840394477,19840649348
19841509195,19841963734
19841704538,19841957775
19842410609,19842480327
19843327246,19843530218
19844756922,19845025363
19845311442,19845760378
19845580817,19846166756
19846254830,19846514623
19846868979,19847227093
19847369543,19848191417
19848179597,19848476566
19848722316,19848746342
19851504534,19851781357
19851541458,19851558197
19852045151,19852524252
19852245063,19852692515
19853907682,19854372688
19854016367,19854202161
19855403773,19855781117
19855482516,19855723835
19857171144,19857370782
19857320937,19857674189
19858253083,19858458092
19859135564,19859657980
19859500534,19859922601
19859880022,19860308949
19862101387,19862684277
19862815185,19863123152
19862902539,19863241044
19863725018,19864231015
19864718394,19864935852
19868121318,19868528349
19868783721,19869157515
19868799492,19869223612
19869063535,19869346395
19870232489,19870734515
19870883936,19871025210
19873873280,19874335136
19873982543,19874351081
19874360943,19874838537
19874812125,19875329399
19880472481,19880755937
19882029102,19882750787
19883481826,19883752456
19883645205,19883911451
19884052359,19884243021
19884811309,19885212376
19886399245,19886857812
19887563814,19888336396
19887746830,19888330689
19888335776,19888696956
19888716627,19888924109
19888939379,19889444385
19889270314,19889318624
19890005455,19890291235
19890966200,19891308381
19892131562,19892368961
19892397943,19892535660
19892778640,19893345352
19893003057,19893419927
19893575256,19893879105
19893636567,19893753659
19893924022,19894135865
19894414525,19894432262
19895440920,19895894632
19895530557,19895772380
19895555129,19895744496
19896274755,19896590787
19897400286,19897441542
19898000353,19898363423
19898087114,19898209798
19898327280,19898619289
19898418735,19898841670
19899115690,19899501164
19902122351,19902545912
19902313797,19902674220
19902434169,19902571852
19904869361,19905279356
19904951757,19905331080
19905076385,19905576630
19905889649,19906057035
19907113187,19907650891
19907148049,19907704495
19909764475,19909989178
19910350762,19910787028
19911017074,19911449949
19911480753,19911799238
19911515953,19911705660
19912278412,19912800719
19913893245,19914414541
19914279062,19914491951
19915614143,19916152549
19916776867,19916792443
19916956530,19917488046
19917791351,19918386095
19918142839,19918393073
19919040156,19919286588
19919146379,19919406843
19919461261,19919985727
19921299113,19921478366
19922766237,19923147464
19923103957,19923792262
19923383312,19923831667
19923468315,19923671603
19923644804,19924166976
19923928731,19924228157
19925287432,19925855689
19925919047,19926136393
19926324476,19926484830
19926613526,19926851213
19926673482,19927118645
19928409537,19928907354
19930149719,19930636805
19931646025,19931824349
19932544596,19933001798
19933397674,19933762892
19933866838,19934318632
19935112000,19935469570
19935359626,19935477448
19935538841,19935821906
19935633370,19935904383
19935849430,19936197073
19936291942,19936679204
19937303044,19937490966
19937501425,19937859036
19938098044,19938409106
19938280412,19938595218
19939834504,19940011296
19940075984,19940477417
19941460316,19941769820
19942456931,19942965993
19942501088,19942773969
19942700435,19942889821
19943644985,19943875941
19944253193,19944572427
19944856893,19944880264
19945363015,19945757171
19947421750,19947568388
19947557010,19947581731
19947928246,19948294451
19951060029,19951216220
19951241723,19951657917
19952069610,19952192291
19952713931,19952787080
19953977918,19954290764
19955340097,19955881429
19956454040,19956952326
19958141050,19958433980
19963195467,19963504354
19963351421,19963746197
19966299719,19966815079
19967780344,19967921116
19968445079,19968677113
19969590594,19969986370
19973255598,19973592128
19973335536,19973545799
19976084391,19976409069
19979480300,19979968034
19979565141,19980128274
19980209978,19980520391
19981642794,19981738892
19984032932,19984335433
19984153447,19984411565
19986044609,19986598499
19986380422,19986624187
19986842241,19987406925
19986869503,19987018462
19987883726,19988266543
19988268699,19988623563
19990101225,19990117338
19990205681,19990533314
19990672150,19990988259
19991274023,19991512267
19993172416,19993562044
19993863523,19994197652
19995793277,19996435717
19996053786,19996425030
19996078022,19996285789
19996347189,19996507990
19996806634,19996863424
19997493532,19997762073
19998299063,19998668446
19999243242,19999637126
20000487449,20000779362
20000507842,20000917063
20001017738,20001385663
20001392341,20001545987
20001530241,20001954979
20003482964,20003740747
20005112420,20005300426
20005473536,20005557194
20005687527,20005879886
20005791225,20006096759
20006888064,20007199924
20007095821,20007269223
20008263550,20008542126
20008513026,20009025916
20008783393,20008993090
20011414753,20011552037
20011916229,20012420665
20012290846,20012312250
20012744834,20012875584
20012813619,20013157211
20013453504,20013863211
20013508992,20013601477
20013659332,20014225871
20014484663,20014978134
20014553533,20014865496
20017186477,20017693326
20020716999,20020889587
20021628348,20022013435
20022087856,20022267518
20023812378,20023836308
20024154151,20024958724
20024475254,20024874069
20024809977,20025103275
20025529150,20025697265
20025679989,20026127821
20026653194,20026882158
20027198297,20027538573
20027597307,20027769463
20027719035,20027888040
20028486543,20028888058
20028899217,20029040980
20029062693,20029362570
20029347576,20029606347
20030895022,20031057810
20031637859,20031747693
20031767962,20032028544
20033840538,20034503106
20035691177,20036162656
20036241900,20036427644
20036360889,20036946801
20037043476,20037465984
20038248605,20038644929
20038447153,20038639325
20041074914,20041240298
20041438310,20041916567
20042285856,20042947827
20043076339,20043251982
20044984513,20045261141
20045808967,20046069455
20046162778,20046639766
20046541889,20046623763
20046656896,20046914841
20048613810,20048657235
20048909829,20049313962
20049021140,20049360093
20049071592,20049356529
20050913527,20051104198
20052160264,20052231662
20052949497,20053335268
20053869239,20054045956
20053940473,20054195756
20054400750,20054783103
20055158692,20055226359
20056853995,20057133654
20057031467,20057150221
20057517971,20058091188
20058052906,20058174770
20061005204,20061561166
20061934498,20062349805
20062146682,20062683200
20062820546,20063031187
20063760857,20064238582
20066057210,20066248763
20066094568,20066389098
20066756590,20067082259
20067632079,20067967653
20067907703,20068582897
20070904036,20070988171
20072082300,20072339898
20073398797,20073707933
20073712642,20074203442
20074394514,20074715476
20074648582,20074854825
20074695883,20074726911
20074979966,20075314530
20075421690,20075475518
20076045660,20076463847
20077046442,20077111131
20077487816,20077942243
20078501276,20078663799
20080031519,20080530644
20080948942,20081511118
20081411086,20081834778
20082697027,20082829399
20083405814,20083699158
20083738722,20084151833
20084200353,20084717951
20084282598,20084670320
20084733116,20084987915
20085184939,20085707310
20085463747,20085795382
20085490580,20085879946
20085933899,20085998293
20088395872,20088747806
20088988529,20089535752
20089053952,20089274051
20090206978,20090794494
20090313333,20090915228
20091208082,20091553126
20091595346,20091874318
20093664460,20093925221
20095124568,20095453110
20095623366,20096199584
20097004779,20097207264
20097243990,20097876109
20097362161,20097979261
20098422197,20098748801
20099772320,20100151945
20099925180,20100472998
20100313071,20100789055
20101895184,20102083831
20108410399,20108835646
20108694017,20109323095
20109249579,20109622646
20111274469,20111613108
20112811665,20112836947
20112853205,20113206249
20113018581,20113501292
20113361403,20113623548
20113495598,20113777081
20113841315,20114208285
20114041582,20114398268
20116876933,20117055387
20118175050,20118379033
20118190417,20118778734
20119562186,20119935636
20119712561,20120347873
20119776332,20120175940
20122121881,20122546505
20124997173,20125492495
20126054214,20126384206
20127289102,20127749406
20127976907,20128223059
20130659432,20130921596
20130936768,20131518921
20131516176,20131874425
20132267022,20132630358
20135424973,20135841687
20135451611,20135845431
20136303541,20136462328
20136715267,20137079605
20137492088,20137911079
20139566186,20139907971
20141148924,20141624177
20141431968,20141870711
20144922858,20145360539
20145846217,20146062261
20145994408,20146131435
20146397795,20146918004
20147060083,20147170692
20147146867,20147243321
20149951813,20150453626
20151445638,20151713163
20151484996,20151516037
20152962892,20153342550
20153988442,20154275707
20154048658,20154427872
20154283843,20154561267
20154573539,20154924429
20154805872,20155332122
20155989093,20156373025
20156801524,20157273710
20157467986,20158040142
20159567747,20160043210
20160868454,20161166872
20160924750,20161170665
20161586319,20162049793
20163251193,20163958473
20170065776,20170288782
20170139935,20170786056
20171491403,20171800787
20171825840,20172206691
20172245367,20172680041
20173171923,20173570077
20173186112,20173657107
20173429444,20173706337
20173736137,20174116203
20173757125,20174237833
20174581371,20174862105
20175964836,20176376672
20176449673,20176878458
20177226608,20177342547
20178701851,20179086813
20178771795,20179123577
20180008800,20180179037
20180462769,20180885128
20181505218,20181605541
20181832191,20181978435
20182166325,20182340401
20182210464,20182390729
20183293058,20183824850
20185260100,20185802218
20185366087,20185535333
20185811459,20186127188
20188491415,20188535832
20188664005,20189108019
20188954577,20189463426
20191702559,20192005987
20192494246,20192583510
20193647892,20194266369
20193680980,20193962777
20194711208,20195425041
20195245033,20195821872
20195511152,20195942766
20195807617,20195951593
20195953414,20196256835
20197158322,20197314846
20198000319,20198263116
20198116308,20198450944
20198925384,20199339999
20199555422,20199740583
20200008036,20200259008
20200644868,20200951406
20201515399,20201573320
20201577266,20201798502
20201974224,20202315319
20202346872,20202712562
20203551279,20203988832
20203955247,20204200939
20204487433,20204804998
20204675190,20204845412
20205694049,20205948220
20206973689,20207313418
20207624387,20208405094
20209709327,20209887837
20209759686,20210104553
20210700504,20211099726
20212433587,20212629777
20213562634,20213905417
20213605872,20213968315
20215118132,20215220051
20216168581,20216257763
20216736863,20216801573
20217116097,20217580535
20217766624,20218398610
20218918470,20219224980
20220288267,20220599753
20221427041,20221691764
20222923785,20223217320
20223227518,20223306246
20224823966,20225250077
20224981911,20225125294
20225758488,20226136609
20227709104,20228012637
20228011740,20228188871
20228536535,20228827870
20228643289,20229053390
20229051822,20229453216
20229258358,20229676432
20229827173,20230034981
20231360465,20231932015
20231936928,20232064374
20232076363,20232393077
20234290225,20234542615
20234782186,20235257625
20236152993,20236605217
20236215932,20236454432
20236268317,20236658419
20236935048,20237484672
20237489818,20237617346
20238453876,20238844842
20238941033,20239199178
20239376311,20239672914
20240789955,20241298162
20241083260,20241413680
20242088525,20242298925
20242516458,20242844139
20242556354,20242987188
20242877811,20242929203
20246184164,20246597029
20247859827,20248375413
20247911410,20248178884
20247962078,20247983396
20248057288,20248360361
20248533777,20248846237
20248980905,20249170674
20249486059,20249606971
20250274009,20250540012
20250394026,20250846823
20251620224,20251933647
20252606449,20252971373
20253354639,20253778576
20253420031,20253907659
20255216125,20255473340
20255848821,20256192475
20256140902,20256531507
20256532758,20256862681
20256680700,20257165210
20257883357,20258276101
20258287590,20258599878
20260908281,20260966707
20262508115,20262892673
20262549264,20262958177
20262898521,20262929027
20263721768,20264002057
20264555429,20264749313
20265652145,20265972679
20266188829,20266549196
20266623430,20267137204
20269311592,20269762535
20269364984,20269699898
20270784856,20270928361
20271177659,20271271521
20271650565,20271849772
20273013776,20273669196
20273676416,20273823632
20273737622,20274118696
20273865894,20274214395
20278208759,20278415017
20279150711,20279682631
20279279958,20279397703
20279484359,20279627360
20280587793,20280763085
20280858763,20281161032
20281360839,20281643729
20281959991,20282482610
20282604488,20283363463
20284219298,20284530526
20285973929,20286556045
20286268120,20286757876
20287711007,20288128174
20288201168,20288349750
20292262152,20292529308
20292593850,20292725590
20293066186,20293402695
20293406573,20293598336
20294161291,20294494375
20294589225,20295249795
20295751292,20295899495
20297825404,20298333425
20298329004,20298638300
20299123429,20299186647
20299755518,20299942629
20300460332,20300844102
20300575784,20300741780
20301936897,20302369450
20302950975,20303239832
20302969776,20303126002
20303009336,20303466234
20304018856,20304121803
20304382802,20304551706
20304530793,20304856752
20305409474,20305835260
20307359036,20307506285
20308661456,20309071332
20308967732,20309251919
20309128984,20309488148
20309255239,20309514176
20309794010,20309847446
20310315423,20310592564
20310348075,20310705091
20311507660,20311601941
20312277907,20312651986
20312710565,20312933722
20313805485,20314193082
20314079381,20314633519
20314654562,20314918576
20316109277,20316310253
20317356824,20317987215
20317657523,20318170051
20318517201,20318725913
20318882811,20319079709
20319087782,20319175380
20319166392,20319364575
20320096632,20320612038
20320974141,20321524620
20321225680,20321287242
20321721401,20321801707
20322544461,20322923717
20322591044,20322684965
20323363763,20323381072
20323773386,20324121912
20324299073,20324380544
20326385369,20326477468
20327525328,20327667155
20328999602,20329617656
20329955722,20330556307
20330307643,20330561035
20331771352,20331892761
20332969507,20333507542
20334055149,20334477542
20335262191,20335295993
20335800800,20336380972
20336093862,20336418165
20337951193,20338125904
20337983929,20338436098
20338651366,20339004872
20339361529,20339616431
20339553728,20340032673
20339791348,20340194792
20340238405,20340383840
20341233497,20341660550
20342188246,20342864078
20343390937,20343833211
20343957080,20344189627
20344194216,20344575601
20345286743,20345707606
20346888714,20347312735
20347512284,20347975269
20348245829,20348477900
20348479691,20348554377
20348937889,20349209508
20349418681,20349487022
20350513280,20350875374
20352194828,20352454214
20353050937,20353447642
20357122257,20357559239
20357409821,20357787613
20358501716,20358947736
20358976361,20359475067
20359135696,20359312894
20359590917,20359922454
20360579327,20361041251
20360860265,20360976005
20361689672,20362049886
20363643027,20363861567
20364496630,20364592604
20365804083,20366212487
20366412489,20366614136
20367143967,20367297646
20368002392,20368488847
20368037343,20368450864
20368074605,20368268206
20368830190,20368996118
20371076223,20371147760
20373888079,20374122394
20376189568,20376368286
20377016943,20377365040
20377413954,20377748945
20378827407,20379303051
20378971759,20379182380
20379688797,20379921884
20380915677,20381218001
20380980608,20381294853
20381204898,20381613231
20381240483,20381567609
20381659508,20381745694
20381811900,20382064273
20382227376,20382630600
20382664913,20382977149
20383755909,20384016967
20384041590,20384359843
20384084287,20384274758
20384331571,20384465865
20384688324,20385071931
20384801699,20384970688
20385399620,20385533106
20388268446,20388653512
20388677260,20388970555
20390366274,20390390244
20391481848,20391943405
20391907274,20392131896
20391941118,20392157241
20393018720,20393129412
20393353557,20393866099
20393991803,20394488662
20394247344,20394611060
20394412570,20394585912
20394531801,20394625897
20396279946,20396397935
20396615666,20396876630
20396809452,20397001146
20396824306,20396992811
20396936823,20397440752
20397671764,20398060297
20397905101,20398321550
20398066917,20398343126
20399016371,20399240708
20399399098,20399634288
20399685233,20400154341
20401451554,20401525252
20401547868,20401983235
20403391181,20403519223
20403544378,20403716203
20406400923,20406889429
20409162694,20409545439
20410389282,20410489439
20410764462,20410850726
20411276386,20411372758
20411430622,20411692120
20411697126,20411823197
20412169483,20412314121
20412253868,20412654975
20412722796,20413674189
20413666165,20414038499
20414212284,20414277823
20414227172,20414727016
20414725030,20415091610
20415800189,20416131315
20417258549,20417485790
20418123495,20418844202
20421010494,20421211687
20421838272,20422135401
20422129301,20422168381
20423011677,20423070998
20423606254,20423914174
20424814527,20425120090
20424870095,20425339642
20426109867,20426511935
20426755153,20427040826
20429002794,20429443685
20429200802,20429510183
20429974413,20430352462
20430208967,20430625593
20430379665,20430587906
20430608290,20430998038
20431164120,20431553348
20431594878,20431971942
20431920787,20432308207
20432845994,20433130596
20434514542,20434737827
20436314382,20436876108
20438214935,20438279341
20438367447,20438599523
20438809002,20439363923
20440555822,20441029776
20441250800,20441590287
20442369976,20442652804
20443376950,20443747329
20444995965,20445368414
20446710512,20446925821
20447094981,20447193229
20448275162,20448869841
20452773936,20453475320
20453334769,20453565719
20453363056,20453882022
20453553888,20453810443
20453902118,20454243975
20454987749,20455365569
20455241631,20455455357
20455852543,20456236775
20455888386,20456386960
20457167079,20457527096
20457498086,20458038991
20457968083,20458180685
20459035152,20459559510
20460246482,20460889780
20461217252,20461311504
20461896820,20461927020
20462439347,20462852289
20462590516,20462644912
20463915433,20464410044
20464248679,20464356857
20464358714,20464691930
20464435155,20464773244
20466507299,20466993534
20467242864,20467407278
20468104836,20468448088
20468822085,20469283432
20469440758,20469887845
20470468415,20470785912
20470628681,20470998420
20470629464,20471169921
20476687241,20477084510
20480514319,20480942941
20481397003,20481515226
20481542395,20481825310
20482573344,20482882312
20482641144,20482668365
20483451846,20483721435
20488788274,20489047794
20489279074,20489509612
20492940241,20493257848
20493426558,20493739897
20493509969,20493959414
20493865374,20494321679
20493967567,20494181962
20495038543,20495352614
20496418172,20496443793
20498170906,20498692667
20498427018,20498817227
20500827240,20501278637
20500904500,20501293280
20501735804,20501837344
20502469998,20502509135
20503149549,20503403661
20503302174,20503424575
20504217634,20504603558
20506081673,20506159212
20507231630,20507284746
20507273468,20507553155
20507563799,20507763103
20509578952,20509603667
20511831081,20512312583
20512801083,20513082520
20512836992,20513026349
20514182225,20514252008
20514271771,20514537305
20514711340,20514824287
20516603220,20516947860
20517483408,20517677824
20517561378,20518023327
20518679206,20519026099
20520912517,20521193986
20522828546,20523122268
20523079176,20523900124
20523129291,20523865679
20524754997,20525132243
20525756937,20526045273
20525957872,20526094384
20526023580,20526565738
20526569346,20527116603
20528050409,20528159606
20528824735,20529078529
20532046233,20532311097
20533387910,20533733233
20534012568,20534228628
20534147158,20534307364
20534240024,20534829992
20535647589,20535806089
20536010936,20536114597
20536515331,20537040123
20537771744,20538132560
20540457443,20540837938
20540610253,20540801665
20540840274,20540986948
20542135624,20542522483
20542658308,20542985128
20544224205,20544453196
20544442258,20544674406
20546014503,20546216434
20546179754,20546288690
20546585817,20546628303
20548145101,20548605962
20548385784,20548753708
20548687514,20549033584
20548696856,20549104825
20548766850,20549006838
20549444003,20549812187
20549669275,20549875049
20550629231,20550919775
20550954991,20551231841
20551490320,20551835620
20553237123,20553656883
20553648601,20553818198
20553892100,20554148652
20554891621,20555324133
20556761712,20557185068
20557759068,20557831729
20557832350,20557871292
20558529522,20558824650
20558734120,20558875199
20558897140,20559184381
20559588931,20559821793
20561068971,20561420025
20562432803,20562564806
20563242802,20563408349
20566053818,20566411901
20566583060,20567030748
20566788632,20566933075
20567871549,20568434420
20569732845,20570207336
20571377066,20571485506
20571945847,20572155181
20572085612,20572451715
20572514675,20572785831
20573499734,20573619243
20574348682,20574751648
20574462838,20574689847
20575129369,20575295217
20575300984,20575714180
20575745068,20576191883
20576938071,20577148538
20577103486,20577260451
20577658967,20578073805
20580408157,20580651048
20580879204,20581501692
20583504245,20583888727
20583661147,20583717361
20584754721,20585002899
20585102458,20585524751
20585228115,20585348275
20585286298,20585758130
20585537447,20585959057
20585552022,20585806607
20585763623,20585954718
20586332316,20586999379
20586487730,20586895775
20587141058,20587296653
20587531359,20587744269
20587592162,20587883204
20587986439,20588283129
20588438998,20588594288
20589575761,20590268207
20589827451,20590023626
20591228851,20591376866
20592265949,20592484118
20593905560,20594396849
20594530207,20594975773
20595071838,20595282451
20595621756,20595924917
20596610123,20596969534
20597571098,20598122380
20598902946,20599177594
20599136949,20599597183
20599426989,20599761100
20600327870,20600473680
20600635223,20601011718
20600853795,20601239527
20602355915,20602877553
20604168200,20604223138
20604372373,20604433521
20605815084,20606214867
20606428694,20606815794
20606546420,20606797751
20606824903,20607226416
20606981347,20607067156
20607369314,20607704627
20607597677,20607802257
20609818728,20610092702
20610163754,20610709784
20610208012,20610482789
20611423256,20611671170
20611733176,20611988970
20612747661,20613274341
20617356139,20617382787
20618287225,20618671534
20623345589,20623661396
20624629281,20624825397
20625089125,20625542503
20625153236,20625452295
20625371169,20625890892
20628189230,20628630556
20628648204,20628758489
20630597180,20631088816
20631517356,20632007754
20631881288,20631997840
20632218616,20632549738
20632417355,20632535466
20633961816,20634589008
20633994521,20634331446
20635214177,20635704592
20635699168,20636090479
20635710290,20636096640
20636116351,20636226509
20636914414,20637425357
20636952237,20637336343
20640047322,20640631125
20640649081,20641050241
20640792554,20641031780
20641604869,20641884554
20641813978,20642312903
20642708063,20643163848
20643277811,20643505109
20643443738,20644127354
20643506736,20644149021
20643579998,20644012376
20645212960,20645514399
20645404231,20645966939
20648600340,20648683632
20649052794,20649337634
20649645053,20650323496
20650794468,20651416371
20652047021,20652737189
20653084514,20653344158
20653454970,20653882116
20654666415,20655202264
20655082965,20655304331
20655762446,20656042845
20655866584,20656259992
20657750862,20657812922
20658516783,20658693802
20658980870,20659386436
20659230532,20659428904
20660563589,20660969592
20662180760,20662488216
20662600949,20662924665
20663415025,20663555718
20663608045,20664161912
20663849859,20664734848
20664312572,20665078234
20665571022,20665763882
20667248884,20667394975
20667806503,20667856506
20668893844,20669400561
20669407595,20669582702
20669451437,20669752142
20669978204,20670354486
20670034862,20670613867
20671492084,20671553281
20671670546,20672071231
20672645785,20672944535
20673425248,20673679340
20674118982,20674434560
20674666712,20675236556
20675088987,20675409630
20675201140,20675670601
20675910265,20676347464
20676026991,20676602236
20677373377,20677680971
20678619699,20679080276
20678874399,20678954023
20678953122,20679300483
20679663584,20679916794
20679979136,20680156365
20680179401,20680263129
20681258105,20681312894
20684439475,20684819509
20684883303,20685147590
20685807916,20685845281
20685931219,20686011986
20686734652,20687206123
20686878245,20687102958
20687022282,20687262714
20687720184,20687996371
20689156111,20689257373
20689889689,20690045500
20691590986,20692198322
20692074601,20692297721
20692563137,20692963377
20692795518,20693626231
20694525772,20694860810
20694893314,20695243237
20695036807,20695529940
20695790206,20696035466
20696256217,20696448361
20696801603,20697109916
20697559845,20698032653
20697694305,20697864445
20697851181,20698104437
20698506683,20698751640
20699036819,20699088230
20699302315,20699487963
20699359666,20699396486
20700733994,20701013459
20701131570,20701428629
20701282093,20701675127
20701701384,20701832506
20701733864,20702258203
20701929427,20701990739
20703216007,20703413551
20703736580,20703801349
20704179841,20704585312
20706638595,20707048343
20708375013,20708498342
20709930656,20709983136
20712789961,20713221186
20715853387,20716207594
20716819409,20717407252
20717429273,20717972962
20717694962,20717799759
20717783503,20718286495
20717864989,20718818378
20717890860,20718552969
20718280936,20718370479
20718343578,20718658335
20719054629,20719458474
20721748023,20722097064
20721858482,20722190329
20722941458,20723155327
20722959949,20723105340
20723190928,20723585106
20724316686,20724658663
20724499826,20724709243
20724676881,20724998524
20725008485,20725261298
20727751020,20727919551
20730164763,20730552110
20730544234,20730804215
20731282905,20731858949
20731637526,20731905911
20733050576,20733199438
20734011449,20734345042
20734139011,20734374568
20734388643,20734547485
20737436549,20737912333
20737788948,20738360513
20738118286,20738528184
20741288476,20741534033
20742696433,20742971712
20743917159,20744409797
20744168033,20744658312
20744333104,20744433217
20746777616,20747081484
20747264271,20747655936
20747265308,20747659802
20747677725,20747883821
20749638711,20749790602
20750111773,20750448655
20750386268,20750650637
20750716284,20750950548
20750942764,20751367970
20752036868,20752062841
20754194671,20754440659
20754384767,20754544739
20754736610,20754992042
20755606123,20755851679
20755881365,20756280816
20756348933,20756514925
20757505829,20757881076
20758276630,20758488840
20758547790,20758811658
20759922572,20760108619
20760282329,20760527906
20760781709,20761008829
20761494887,20761806798
20762029328,20762260686
20767496000,20767954894
20767993592,20768117984
20768115839,20768365216
20768693802,20768833511
20771574275,20771994897
20773158687,20773492867
20774142167,20774408694
20774395959,20774578552
20774535651,20774943764
20775266999,20775551527
20775311019,20775528298
20775580726,20776067246
20777136363,20777661235
20777529999,20777738613
20779932548,20780351201
20781471381,20781811926
20781703792,20781943757
20782319639,20782383503
20782917384,20783482511
20783175055,20783256129
20783973068,20784485513
20785188056,20785478424
20785695365,20785877608
20786172633,20786512900
20786532026,20786914677
20787068230,20787382664
20787083013,20787118131
20787157370,20787541857
20787792706,20788087018
20788597160,20788897925
20788929285,20789508298
20789978059,20790811842
20792163397,20792446172
20792678644,20792979262
20792939211,20793219119
20793130976,20793687365
20793362257,20793562824
20794765391,20795274661
20797735566,20797870644
20799043297,20799226170
20799290600,20799449223
20800029973,20800545236
20800221119,20800398733
20801660499,20801863026
20801948079,20802419243
20802482752,20802822456
20802832153,20803134882
20802833678,20802950059
20802997381,20803236422
20804136268,20804375846
20805421831,20805756786
20805632232,20806031837
20808012279,20808277284
20808260263,20808566738
20809753730,20809807545
20810096938,20810540030
20810158072,20810266635
20811301321,20811724897
20811344560,20811531824
20812047228,20812433839
20812428487,20813041682
20813071982,20813273261
20813180523,20813380786
20813262039,20813557276
20813695549,20813804229
20814213263,20814283460
20814766859,20814812602
20814822278,20814926044
20815401079,20815549628
20817358452,20817897093
20817448088,20818019998
20818432853,20818825718
20820882979,20821647549
20820941336,20821185135
20822346107,20822650268
20822652123,20823089518
20823301788,20823469342
20823485769,20824025125
20824645054,20824937531
20825359309,20825579970
20827846672,20828157321
20827864468,20827966976
20828053776,20828280575
20828388568,20828442304
20829840471,20829943789
20830630659,20830779848
20831999945,20832358136
20832940349,20833006297
20833751839,20833928737
20833839485,20834324527
20836245028,20836592138
20836736318,20837222405
20836978387,20837127705
20838028960,20838448085
20838732673,20839076991
20839028391,20839291779
20839472741,20839762013
20841256642,20841507275
20841534588,20841801965
20844684148,20844838352
20844854095,20844944743
20845180049,20845744239
20845780921,20845886394
20846190618,20846349993
20847396407,20847533079
20848608040,20849000122
20848999204,20849215416
20849435822,20849753684
20850237098,20850534520
20850487459,20850910535
20851505860,20851967112
20852775652,20853112770
20853379168,20853505546
20853548251,20853814298
20853988525,20854591074
20854461142,20854906111
20855352792,20855718140
20856660449,20857086626
20857073087,20857358906
20857186475,20857320901
20857428838,20858149203
20858143069,20858337021
20859005836,20859426553
20860961484,20861025443
20861113007,20861187333
20861761819,20862140563
20862827611,20863125446
20863242975,20863783064
20864882968,20865318406
20865333700,20865756613
20866327391,20866827634
20867024623,20867501709
20867660575,20868033159
20868036534,20868156415
20868207570,20868433938
20868608176,20868698135
20868698327,20868967195
20869525547,20870014279
20869888585,20870522138
20870238531,20870346407
20870916145,20871083592
20871130320,20871587468
20873763019,20873838471
20873812560,20874349118
20874556313,20874624795
20875352132,20875800680
20875691924,20876353632
20876617068,20877178537
20877318601,20877506856
20877790593,20878143620
20878645614,20878714065
20878654204,20878851154
20879218290,20879682336
20879693654,20879795037
20880303906,20880809626
20880305030,20880635185
20880473990,20880892971
20880482582,20880501349
20880644076,20881165541
20881005137,20881169761
20883339981,20883393494
20883955856,20884322739
20885995533,20886315982
20886241628,20886600538
20886322332,20886616212
20887248247,20887418423
20888112124,20888510656
20888336165,20888864206
20888840497,20889358695
20889360167,20889638737
20890942351,20891165281
20891534705,20891761521
20891604914,20892130829
20892543776,20893201357
20893557288,20894138544
20894453976,20894797101
20894685705,20894902508
20896893156,20897395318
20898033118,20898266297
20899775063,20900177437
20899876260,20900188045
20899952440,20900298727
20900412129,20900616529
20901937102,20902171961
20902444467,20902973552
20903390631,20903712788
20904291388,20904612189
20906133138,20906427672
20906426028,20906583446
20906643401,20907049639
20906816996,20907078192
20907196305,20907273572
20907569709,20907614976
20907999815,20908260692
20911110895,20911405576
20911862139,20912122087
20912421323,20912817289
20913200784,20913605151
20913246618,20913628841
20915353960,20915489597
20915915454,20916260487
20917678173,20918355936
20918266254,20918673100
20918508192,20918856502
20920279674,20920410266
20920714958,20921190004
20921193133,20921665783
20923018106,20923113960
20923545850,20923757172
20924735904,20924855197
20926292394,20926549552
20927546075,20927912957
20928065815,20928202870
20929505242,20929650463
20929533198,20929653137
20929841751,20930098640
20929888619,20930033583
20930690837,20931023947
20932155368,20932313251
20933995997,20934348749
20936742214,20937009692
20936943026,20937269590
20937504110,20937853691
20937898014,20938185343
20937899980,20938254909
20937924306,20938185147
20939029031,20939464347
20939033485,20939475364
20940279176,20940659457
20942904909,20943193048
20943301183,20943640577
20945224124,20945262359
20945993799,20946535308
20946218103,20946761351
20946775317,20946898768
20947032035,20947317660
20949656480,20949961064
20949781372,20950112220
20951330625,20951925977
20952575846,20952650822
20953170355,20953517336
20953526429,20953766972
20954559673,20954809898
20956596284,20957162749
20959919751,20960087759
20961933544,20962147601
20962103678,20962355452
20962498155,20962590028
20963490629,20963547225
20963557401,20963785522
20965372476,20965780859
20968505010,20968803737
20968609194,20969044762
20968636233,20969006730
20968638482,20969055053
20968991652,20969414723
20971955152,20972210643
20972083605,20972314995
20972250909,20972740750
20972941871,20973434154
20974362427,20974719728
20974518875,20974801004
20974578090,20974709933
20974708667,20975163836
20975156408,20975233274
20976220319,20976674663
20977771587,20977910257
20977797957,20977861483
20978292194,20978404222
20978361764,20978601208
20978714097,20979291900
20979601554,20979716987
20979667016,20980061105
20980459364,20980984324
20981009034,20981587735
20981939367,20982124321
20982413619,20983181967
20982725483,20983023273
20983843788,20984454292
20984162941,20984208492
20986459154,20986634084
20987725996,20988172322
20988262395,20988524307
20988334953,20988727066
20988415345,20988631558
20988584550,20988706214
20989413709,20989699042
20990435243,20990780855
20990760752,20990964875
20990975864,20991282470
20991032535,20991288614
20993286031,20993362171
20993649200,20993791724
20994628813,20995030081
20994837952,20995364981
20995411326,20995665046
20996916155,20996976345
20997657695,20997818523
20998404902,20998693890
21000140957,21000202030
21000662667,21000978389
21001487152,21001811124
21001697218,21001748839
21002841756,21003408595
21003444600,21003824424
21003702639,21004053588
21003804683,21004257894
21004705451,21005000554
21005027126,21005219895
21005264503,21005633206
21005471964,21006033794
21005640200,21006115356
21005881632,21005907407
21006117164,21006426175
21006402687,21006821883
21007636024,21008064273
21008015165,21008218784
21008276080,21008406484
21008818504,21009166618
21009511775,21009972847
21009516768,21009740016
21010064351,21010276716
21010547916,21011080970
21011272806,21011292740
21011788116,21012285687
21013427589,21014062072
21013460207,21013838292
21013842910,21014182423
21014433767,21014598189
21014507626,21014932440
21014898631,21015325252
21015334040,21015679052
21015858472,21016136358
21016217231,21016513968
21016430957,21016512562
21016525104,21016977110
21019339730,21019800081
21021966680,21022321958
21022064271,21022302833
21022305218,21022689597
21022328219,21022414837
21023019251,21023285036
21026370907,21026829675
21026541426,21026969242
21026895459,21027064605
21029430459,21030082560
21030095677,21030434990
21031139960,21031389586
21031306804,21031534570
21031535783,21031855273
21031557917,21031906931
21032001506,21032184074
21032308159,21032826199
21032517581,21032970328
21033456047,21033978464
21034205742,21034773555
21034450659,21034802020
21036022553,21036053731
21037231807,21037437488
21037675652,21037893638
21037897400,21038179821
21039117027,21039530456
21040668256,21041278985
21043600038,21043857095
21045471362,21045821324
21045548901,21045721053
21046076421,21046515123
21047221102,21047490805
21047575083,21047774088
21047590202,21047699918
21047605328,21047987297
21047861815,21048146049
21048288002,21048555774
21049389486,21049581593
21050517825,21050659876
21052571955,21053127319
21053972214,21054317984
21054246557,21054795234
21054320316,21054598619
21055294524,21055473073
21055934341,21056482975
21056285645,21056325181
21056439498,21056755072
21057347068,21057629446
21058617987,21058697999
21058735338,21059225949
21060151381,21060330674
21060177409,21060396941
21063978594,21064137950
21064360091,21064688252
21064448007,21064631548
21065763937,21066085950
21066965210,21067413946
21067030623,21067409013
21069086328,21069462045
21069457824,21069957220
21070312654,21070515018
21072081581,21072592817
21072483460,21072507836
21073080013,21073530782
21074058541,21074240426
21074470228,21074694190
21075252459,21075628462
21076371645,21076944938
21076434770,21076712752
21077105001,21077708293
21077661885,21077803492
21077841842,21078118136
21078505252,21078693885
21078910799,21079283028
21079620772,21079915070
21083901713,21084326173
21084288506,21084439930
21084578483,21084869656
21089336504,21089591926
21091855868,21091870150
21092214253,21092541750
21092872806,21093443405
21093123370,21093488141
21093230629,21093654701
21093841779,21094130522
21097623302,21098068615
21097952655,21098192398
21098072986,21098176644
21098197291,21098420663
21098589989,21098921114
21098768901,21099174549
21099381520,21100057890
21100392816,21100821038
21102410103,21102903882
21103207518,21103614918
21103596856,21103763532
21104487529,21105001118
21105136514,21105435359
21105962138,21106000529
21106046528,21106384836
21107677647,21108227805
21108529524,21108940554
21108905648,21109353591
21109721003,21110167950
21112233410,21112541050
21112256536,21112665194
21112393893,21112892237
21112894946,21113441853
21113281114,21113671151
21113403848,21113754100
21113599007,21113971215
21115292883,21115754900
21116138846,21116371237
21117141896,21117170222
21117162118,21117481304
21117502983,21117640812
21117611877,21118113596
21119502028,21119859573
21119521473,21119765093
21121162226,21121286721
21122217420,21122290523
21122712308,21123131173
21123284850,21123830468
21123589009,21123681114
21123939198,21124217993
21124613761,21124935706
21126009832,21126568298
21126376103,21126708354
21129077721,21129572846
21129778501,21129873159
21130307445,21130900202
21130679877,21131233233
21131602669,21131977103
21132000937,21132474175
21132112093,21132356065
21132855215,21133675675
21133815495,21134140068
21134629894,21134940673
21135102144,21135532266
21135979017,21136479699
21136033585,21136178731
21137673803,21137938712
21140029836,21140309957
21140433579,21140745263
21141707827,21141788646
21142169216,21142578183
21142952323,21143282820
21143849311,21144352199
21144849959,21144926523
21144930424,21145202747
21145752558,21145981473
21146234786,21146599932
21148705318,21149062238
21148933087,21149332284
21148955399,21149249962
21149089211,21149546858
21149519507,21149988052
21149549136,21149977052
21150816501,21151099547
21151561419,21151677217
21152944253,21153044629
21153579016,21153749087
21153771465,21154001533
21154303638,21154410969
21154414208,21154756612
21154951750,21155385275
21155627132,21156135599
21156529553,21156790870
21156640146,21156968863
21156656315,21157015705
21156798782,21157332958
21158225262,21158559686
21159319440,21159530354
21160490002,21160845176
21161398867,21161891641
21161637790,21162045978
21161807987,21162119575
21162933524,21163400015
21163216872,21163597912
21164628111,21165087081
21164854101,21165087723
21165496575,21166048525
21166190010,21166269299
21166391078,21166576598
21170107860,21170441010
21171456319,21171512600
21172681466,21173092441
21174174731,21174415658
21174287981,21174707272
21174491188,21174510806
21174541791,21174950260
21175263547,21175667982
21177515149,21177846634
21177873320,21177931742
21178475942,21178498922
21178671798,21179150326
21178800722,21178917493
21179472158,21179746600
21179774034,21179879897
21179822428,21179977122
21179873346,21180041736
21181511747,21181948826
21181913829,21182176980
21182435203,21182938363
21182574925,21183089909
21185706839,21186110849
21186645071,21187183994
21186928885,21187329381
21187685630,21187756938
21188578739,21188959644
21189066925,21189422576
21189499512,21189576845
21190574813,21190816805
21190654978,21191118262
21191454900,21191928075
21192102584,21192280607
21192526686,21192553288
21193016546,21193403728
21193425609,21193598638
21193822653,21194014848
21194613185,21194937965
21195444286,21195679762
21195836630,21196124608
21196450589,21196848859
21198697855,21199152694
21199156050,21199358532
21199386382,21199598590
21200195790,21200523063
21200952610,21201089235
21201924613,21202390514
21202711491,21203205295
21202979862,21203453005
21204247372,21204357935
21205281882,21205483710
21205401922,21205758690
21206241316,21206330763
21206342233,21206644000
21206585008,21207100977
21206725366,21207021672
21206727131,21207114978
21207076064,21207529463
21210620977,21211082957
21210849458,21211001549
21211075599,21211408615
21211435324,21211804339
21211614089,21211780561
21212222026,21212369844
21212751747,21212977702
21213287368,21213683790
21213704878,21213937610
21215013474,21215551563
21215202642,21215550118
21215632772,21216084501
21216380898,21216894766
21218366673,21218585206
21218722982,21218854833
21219084398,21219263009
21219099750,21219376855
21219449653,21219720719
21219580086,21219737864
21220259765,21220552489
21223302973,21223685485
21223999993,21224148454
21224048137,21224231427
21224613314,21225213953
21229921132,21230284075
21229927704,21230022241
21231099439,21231179120
21231564065,21231777698
21231678134,21232114774
21232929120,21233094445
21233078003,21233440774
21233644232,21233993373
21234074909,21234522690
21234986674,21235277277
21235271813,21235356475
21236238635,21236765437
21236830067,21237151567
21238094221,21238645426
21239133121,21239664940
21240668376,21241159966
21240797222,21241047857
21242105015,21242519260
21244180382,21244565789
21245334621,21245818050
21247310088,21247807639
21248088962,21248568079
21248270120,21248641317
21249058384,21249508108
21249786511,21250085014
21251351160,21251386085
21253169023,21253445458
21253191057,21253544962
21253623881,21253844473
21254082782,21254211055
21254981754,21255645517
21255209835,21255400300
21255582612,21255884482
21256339529,21256687741
21257974190,21258359581
21259024292,21259344923
21259717076,21259965474
21260264217,21260517240
21260309503,21260351405
21260798781,21261273070
21262800583,21262832255
21264247177,21264432734
21264701682,21265072290
21265958924,21266648823
21266103373,21266286788
21266477741,21266701712
21266620969,21266898282
21268412601,21268751908
21271023943,21271763042
21271506848,21272011450
21272305266,21272452623
21272917418,21273020175
21274267177,21274567855
21274980766,21275502225
21277003422,21277239368
21277539879,21277760361
21277551407,21277936278
21278733903,21278826052
21280006408,21280200625
21281200573,21281299953
21281631939,21282088540
21282081940,21282624173
21282484925,21282780161
21282672849,21283102230
21283279695,21283641190
21283693332,21283904875
21284387705,21284855992
21284845112,21285065609
21286658024,21286923987
21288262049,21288589788
21289135588,21289643542
21289350443,21289733627
21291216895,21291383970
21291597560,21292086352
21292052358,21292269310
21292624717,21292999146
21292631562,21292998106
21294646448,21295053828
21295088282,21295335807
21295450002,21295478955
21297023786,21297430001
21297276972,21297396503
21297836189,21298329358
21298893493,21299003431
21298962553,21299104826
21300264395,21300288527
21302110611,21302188612
21302421345,21302743916
21304302412,21304591230
21304390381,21304943231
21308192813,21308336789
21308951966,21309180132
21309414970,21309938233
21309810651,21310252216
21310027739,21310348519
21310368654,21310528338
21310477316,21310819739
21310835914,21310981287
21312160579,21312410060
21313096126,21313308588
21313776314,21314177603
21313897310,21314047674
21314197899,21314272638
21314368820,21314775612
21314799646,21315002300
21315469909,21315863248
21317027374,21317719084
21318328158,21318561628
21320300504,21320770158
21320778416,21321168154
21321003683,21321095475
21322251314,21322523372
21323486003,21323785506
21324273090,21324680234
21325440632,21325582080
21325686049,21326047398
21327384064,21327691791
21328496679,21328631159
21329422329,21329576914
21329611834,21329689862
21330842713,21331084678
21330873220,21331155714
21331606219,21331748095
21332172549,21332366872
21332439483,21332940877
21333218922,21333458528
21334023040,21334510222
21334813476,21335168766
21334873698,21335157350
21339275259,21339312293
21340254239,21340340220
21340835205,21341613364
21341805987,21342023977
21341843034,21342740615
21342063678,21342721037
21342283872,21342365918
21342289006,21342740973
21342938800,21343280611
21343190535,21343532471
21343853567,21344391651
21344415409,21344606176
21346355849,21346596459
21346986431,21347434188
21348276076,21348810603
21349197886,21349244039
21349665690,21349822503
21351510519,21351568571
21351722343,21352247319
21352061392,21352597354
21354104197,21354629300
21354208746,21354533631
21355033784,21355413304
21355448010,21355534396
21355884737,21356154099
21356405210,21356800547
21358642934,21358785142
21358795770,21359117527
21359388096,21359781526
21359490995,21359717341
21360209094,21360266737
21361222115,21361531678
21361768022,21362276938
21361808008,21362164453
21362556017,21362594620
21362602249,21362992319
21362699233,21362762269
21362973471,21363147747
21363368828,21363631468
21364502818,21364868489
21367885286,21368338783
21368523017,21368967120
21368586438,21368685721
21369375557,21369756693
21369891206,21370265319
21371607934,21371782693
21371635633,21371986068
21372465084,21372579827
21372995352,21373196730
21374402787,21374884395
21376880660,21377040423
21377315609,21377435756
21378090309,21378413504
21378117229,21378180059
21378845347,21379149123
21379953564,21379973791
21381423629,21381645602
21382994806,21383290773
21383351347,21383433571
21386456956,21386856590
21386566664,21386911209
21387040171,21387319495
21387144949,21387500375
21387676256,21387712490
21389210566,21389520844
21389328849,21389678057
21392051408,21392083037
21392629946,21392945738
21392653845,21393155259
21393625943,21394094721
21395252723,21395565220
21398100192,21398557057
21398970564,21399387575
21399000193,21399228265
21399025450,21399254765
21399067258,21399608143
21399272144,21399603847
21399276958,21399813275
21399740930,21400018190
21399835361,21400235318
21400242295,21400493393
21400477877,21400640320
21400497265,21400916385
21402553126,21403165396
21403842960,21404349142
21406218552,21406681575
21407146876,21407267029
21408197311,21408441183
21408511934,21408838940
21408821666,21409175496
21409196844,21409430455
21409455614,21409697013
21410751425,21410878638
21410821861,21411101594
21411201845,21411472651
21413312858,21413547594
21413556588,21413813905
21413775357,21414177771
21415501549,21415789019
21417142878,21417218277
21417228090,21417377630
21419111115,21419607598
21420286210,21420653459
21421896904,21422533357
21422567392,21422857369
21422733546,21422775046
21423819032,21424129851
21424814270,21425347634
21425432848,21425591474
21425587875,21425868019
21426704335,21427264880
21427392810,21427934880
21429335926,21429365167
21429473386,21429710147
21429781376,21430092112
21430152455,21430562411
21430769258,21431171855
21431204617,21431466857
21432967049,21433044023
21433624278,21434027128
21434364750,21434642942
21434562992,21434907600
21435496645,21435704878
21435601820,21435965952
21438116438,21438266376
21438836220,21438869574
21441339380,21441498437
21441431808,21441812257
21441856165,21441910951
21444074494,21444337334
21445184446,21445676491
21445282272,21445542250
21446536900,21447134923
21446797326,21446874226
21449845830,21450261709
21450309442,21450951721
21450853959,21451081500
21451360946,21451432706
21451387578,21451503075
21451579397,21452134772
21452347931,21452482896
21453512001,21453950763
21455477243,21455993391
21455971834,21456126427
21456116174,21456329804
21456388371,21456737027
21457378794,21457577184
21457770276,21458166208
21459085277,21459308446
21461091807,21461448520
21461293143,21461752472
21461422619,21461843580
21461820063,21462139244
21461849223,21462232501
21462207800,21462364758
21462542092,21462900455
21462816899,21463236123
21464302662,21464630084
21464416248,21464988824
21464951846,21465087844
21465248304,21465640811
21465538981,21465762992
21466648602,21466969501
21467008355,21467261363
21468833472,21469054988
21469108518,21469323481
21469198230,21469412267
21469325171,21469716456
21470417827,21470970848
21470984181,21471334671
21471148800,21471484656
21471288140,21471342105
21471731644,21471961506
21471853330,21472356157
21471884007,21472311110
21471998082,21472444404
21472591710,21473408663
21473807197,21474131934
21474548048,21474709752
21474991476,21475083739
21476344260,21476630381
21476365352,21476898456
21476451923,21476970245
21477090753,21477165467
21477574014,21478072620
21477591615,21477809389
21477760640,21478194577
21477978484,21478105115
21478230341,21478712334
21479433527,21479605743
21481635910,21481739387
21481806233,21482113403
21483188429,21483354791
21483711766,21483799063
21483874778,21484128420
21484215530,21484258468
21484749883,21485102027
21485116481,21485304335
21485648088,21486266952
21485709413,21486195459
21487466928,21487975910
21488191023,21488450386
21488395387,21488900261
21489615820,21489857275
21490302459,21490631958
21491258604,21491288011
21494850471,21495069827
21495962420,21496239375
21496437364,21496563609
21496655656,21496904276
21498272595,21498614913
21499982445,21500283700
21500435635,21500994786
21501716262,21502027335
21504557785,21504737314
21504737080,21504759211
21505091740,21505378924
21505591648,21505637348
21505650065,21505694850
21506072156,21506244197
21508307800,21508497678
21508861573,21509085734
21509141518,21509316001
21509828726,21509947633
21511098203,21511847677
21512265420,21512759438
21512714835,21513032396
21512760958,21513198234
21512919981,21513114884
21513683229,21514003481
21514810412,21515086336
21515044895,21515219531
21515379762,21515514177
21515957378,21516145602
21517378151,21517610060
21517400157,21517477265
21517458042,21518042120
21518757804,21519005479
21519397714,21519504092
21523038733,21523497231
21526404416,21526885828
21526958068,21527254665
21527172218,21527836488
21527565476,21527754021
21528050867,21528556385
21528548306,21528775436
21530166968,21530442533
21531442994,21531849347
21532410418,21532881553
21534509866,21534567472
21536056885,21536463557
21536488971,21536963462
21538074320,21538233722
21538301020,21538607548
21538468998,21538991764
21538765973,21539009356
21539141269,21539454748
21539760988,21540066467
21540162205,21540516806
21540564444,21540774688
21541005302,21541374493
21541477577,21541914590
21542225749,21542377305
21543114349,21543408615
21544077278,21544633884
21544913955,21545392683
21545395231,21545559419
21545698135,21546375165
21545929207,21546327080
21547305620,21547338466
21548490628,21548788023
21549837388,21550227565
21550167258,21550389043
21550211090,21550669020
21550236328,21550487734
21551218062,21551558744
21551601680,21552095434
21552969116,21553110367
21553112587,21553509108
21553136209,21553406071
21554259827,21554425846
21554421025,21554979050
21555186550,21555930162
21555229776,21555970871
21556759263,21556809601
21557588936,21557811411
21558114477,21558594196
21559778214,21560028234
21560193387,21560635555
21560441393,21560878891
21560700597,21561033483
21561043725,21561203220
21561345740,21561507238
21561873495,21562343220
21562723235,21563086470
21563625781,21563910717
21568124428,21568650601
21570075159,21570334152
21570772076,21571019377
21572694846,21573279697
21572964176,21573303980
21575100403,21575122103
21576872291,21577318899
21577225174,21577717932
21579130688,21579461900
21579380327,21579458237
21580737835,21581232355
21581585730,21581685973
21581598957,21581837153
21581692509,21581965260
21581695702,21582184999
21583140901,21583480149
21583185779,21583441788
21583446158,21583801526
21583868796,21584353492
21585342565,21585427401
21585741258,21585907040
21587620171,21587961577
21588018924,21588194084
21588970606,21589848694
21590001480,21590251444
21590265776,21590600709
21590519055,21590942056
21590891892,21591037292
21593525667,21593834733
21594112810,21594380130
21595449928,21595559699
21595826500,21596151410
21595850967,21596104770
21596673086,21597213293
21597347934,21597569947
21598947093,21599193942
21600700805,21600967818
21603097923,21603516898
21603766737,21604121434
21604100710,21604501732
21604230927,21604553398
21604535427,21604920950
21604872263,21605208436
21605087809,21605533025
21605211869,21605280386
21606070969,21606186324
21609257312,21609379663
21609541950,21610007509
21610608672,21611085874
21611415820,21611983277
21611464098,21611750709
21613086329,21613488307
21613562772,21614570121
21613885701,21614359291
21614620515,21614879752
21615907571,21616341174
21616080902,21616389813
21616533153,21616590269
21618036732,21618382937
21618148351,21618280452
21618403866,21618453864
21618412713,21618906640
21618526213,21618804326
21620251090,21620307459
21620550449,21620701041
21620960538,21621334024
21621413963,21621864115
21621545302,21621722554
21621974368,21622201189
21622239714,21622565986
21623516326,21623637946
21623809149,21624055840
21625972882,21626303292
21626270741,21626423098
21626532168,21627115931
21626535328,21626579896
21626809914,21627399528
21628809384,21629105859
21631620519,21631873509
21631643698,21632197243
21631942647,21632447073
21633318900,21633640476
21633988877,21634127596
21634539375,21634881561
21634717024,21634864391
21635868027,21636134304
21636619416,21636768658
21638302997,21638633515
21639216577,21639532119
21640056837,21640326625
21640097321,21640607164
21642052129,21642466804
21642938325,21643187672
21642994342,21643517266
21644267037,21644645363
21646776163,21647036095
21647906151,21648387102
21648130060,21648542656
21648903058,21649377734
21649739623,21649794634
21650224854,21650726551
21650740426,21651496930
21651847061,21651954796
21652269208,21652470858
21652624794,21652895897
21653254089,21653645004
21654034144,21654342041
21654769151,21655017705
21654933257,21655001363
21655978556,21656339008
21656168275,21656299798
21657401313,21657706143
21657593505,21657668776
21657852515,21657918513
21659632075,21660108899
21660235571,21660501336
21660617184,21660912126
21661632926,21662150351
21662006603,21662380295
21662111699,21662317459
21662667339,21663241408
21662739023,21663125286
21662855659,21663274914
21663019508,21663162817
21666058639,21666279661
21667082772,21667121895
21668052872,21668371623
21668380066,21668809261
21670698481,21671020526
21671842798,21672234358
21673059099,21673312875
21674648630,21674933453
21675575097,21675966833
21676400939,21676457372
21677982491,21678315385
21678339229,21678656319
21678901057,21679163226
21683275450,21683692529
21684310689,21684361717
21685673977,21685893840
21686529208,21686839152
21688299428,21688674847
21688604692,21689005774
21689986884,21690306398
21690552210,21690741030
21691234745,21691620420
21692924551,21693139280
21693519415,21693883070
21693926794,21694412670
21693995815,21694198057
21695461811,21695559325
21695860446,21696009739
21695904430,21696007167
21696020898,21696373746
21696515258,21696613088
21697041612,21697136555
21697218855,21697488664
21697260468,21697392997
21697665805,21697930761
21699145888,21699371576
21699837623,21700273014
21699852318,21699998521
21701116330,21701628501
21701768538,21702375112
21701892141,21702284256
21702482001,21702706417
21702673406,21702690232
21703312077,21703558458
21703690667,21703813224
21704469657,21704605896
21705591030,21705775703
21707448650,21707655333
21708230684,21708739164
21708696548,21709098820
21709154772,21709391028
21709786782,21710063195
21712625899,21712898937
21712947726,21713046489
21712988405,21713407885
21713940971,21714639337
21714096196,21714365073
21715737211,21716237307
21715838718,21716219660
21715984114,21716250080
21716913690,21717032776
21719170042,21719610787
21720599583,21720775818
21720674771,21720821304
21721196050,21721493693
21721550943,21722024388
21722653375,21723032945
21725254578,21725479124
21725272478,21725496226
21725443871,21725821183
21726573673,21726984492
21728432024,21728716620
21728642618,21728968459
21729226723,21729588225
21729474639,21730130423
21731885245,21732240781
21732393738,21732748505
21734960478,21735154995
21735415214,21735912581
21736510905,21736645364
21736988047,21737646255
21738334061,21738627878
21738601640,21738962442
21739102716,21739523170
21740122279,21740404296
21740302491,21740605693
21742144897,21742343505
21742888655,21743085244
21743603311,21743947663
21744068066,21744457216
21746240409,21746675516
21747270617,21747721833
21747544117,21747683550
21748242080,21748457979
21749004426,21749128791
21749438445,21749861815
21753496326,21753802304
21754273230,21754449494
21754954438,21755288479
21756751437,21756826450
21760047456,21760068976
21760648126,21760852764
21761390319,21761763035
21761768025,21762016311
21762407575,21762651177
21762724000,21763051852
21763131004,21763313016
21763406312,21763800965
21764362972,21764384967
21764838446,21765123768
21766262106,21766556622
21766768193,21767279196
21768002955,21768527158
21768660313,21769071427
21769037073,21769402540
21769064192,21769373781
21769451637,21769629224
21769657286,21769705619
21770009683,21770498924
21771179427,21771314473
21771610371,21771915945
21772221415,21772422274
21772574610,21772941186
21773821965,21774384288
21774610116,21774726065
21775659770,21776060298
21776865674,21777087620
21777213434,21777710987
21777983457,21778177767
21779687462,21779799954
21780675532,21780831578
21781287710,21781411632
21781581521,21782024398
21782498791,21782680528
21783244569,21783524319
21783575776,21783794843
21786303921,21786675208
21787269832,21787342267
21789793214,21790102188
21790125030,21790148544
21790150208,21790223280
21790756812,21790897923
21790849993,21791139070
21791368576,21791430592
21792712114,21793074100
21796147889,21796568678
21796826169,21797069698
21799680610,21800107895
21800736120,21801068090
21801159429,21801225406
21801352877,21801508495
21803854692,21803917277
21804473067,21804970135
21805189427,21805655440
21805672423,21805875141
21805888241,21806243950
21806080834,21806299019
21806104169,21806373183
21806595786,21806763521
21809383852,21809709165
21809507426,21809607382
21809558378,21810151244
21809726476,21809874477
21809905617,21810052223
21810974629,21811115659
21811149910,21811355747
21811680240,21812104645
21814681826,21815251230
21815382360,21815548692
21815687081,21816094566
21815860093,21816354855
21817331529,21817481087
21819076447,21819401517
21821283691,21821574059
21821409104,21821435783
21823741676,21824079904
21824050950,21824243771
21825307248,21825725835
21825567568,21825961636
21826146724,21826525054
21828858491,21829233213
21830279744,21830590779
21830835465,21830995464
21830875289,21831100803
21832005237,21832128102
21834635635,21834929551
21835164676,21835623374
21837281036,21837542656
21837840556,21838066720
21837859039,21838118354
21838452926,21838590329
21841634439,21841870994
21842014504,21842167937
21843516612,21844166808
21843848814,21844090080
21844062032,21844109196
21845186236,21845368066
21845385497,21845735480
21846670603,21847166906
21847137923,21847554467
21847885362,21848382307
21848352928,21848595583
21850313892,21850411944
21851673158,21851895522
21851938703,21852081550
21852738111,21852756328
21853387346,21853617102
21853921675,21853989322
21853934942,21854276096
21854769920,21854970989
21855966570,21856186064
21859136569,21859714600
21859512409,21859836231
21860803815,21860967744
21862376424,21862451042
21862612136,21863213861
21862693779,21863191252
21863167388,21863580039
21864010520,21864130340
21864357809,21864541090
21864555785,21864851858
21865058606,21865207754
21866431259,21867011805
21867069425,21867180893
21868065030,21868411699
21868886540,21869293484
21869003960,21869077670
21869368446,21869584248
21869932045,21869970529
21870980272,21871155511
21871097294,21871151881
21871794838,21871960925
21872000798,21872380155
21873333610,21873590281
21873983433,21874223653
21874658684,21875059673
21874692783,21875149493
21874905047,21875381207
21875201809,21875643184
21876179193,21876881147
21877049910,21877244706
21877888690,21878208137
21878065602,21878285463
21878092943,21878488074
21882193406,21882614142
21883400078,21883677634
21883612302,21883757372
21884196554,21884462697
21884379420,21884732277
21886191518,21886343154
21886196686,21886294989
21888217106,21888566484
21889489634,21889907029
21891234152,21891519010
21891967664,21892233170
21893386932,21894021452
21895332876,21895788204
21896503733,21896817034
21896845200,21897167794
21897034480,21897437657
21897130659,21897183135
21897368998,21897844728
21897590557,21897855561
21898181450,21898332177
21899224451,21899352850
21899264093,21899414825
21899713255,21899919950
21901210496,21901674167
21901424110,21901815556
21901783275,21902015623
21902228703,21902347416
21902350269,21902673985
21902788922,21903375542
21903640080,21903684129
21903734178,21904138334
21904595895,21904987696
21905262103,21905523795
21906459061,21906601348
21906633593,21906675615
21907391824,21907632561
21907762259,21908126805
21907867026,21907879684
21909177051,21909584428
21909612472,21909876239
21910824981,21911054396
21911822401,21911888278
21912617531,21912887325
21912750196,21913078087
21914013834,21914093011
21914561933,21914618983
21915117056,21915614573
21915236864,21915296665
21915609030,21916186061
21917031550,21917453525
21917052025,21917317484
21917508651,21917896450
21917915904,21918381627
21920155069,21920609775
21920519850,21921132952
21920793454,21921135328
21921165778,21921458367
21921410572,21921558885
21921476697,21921722658
21922337279,21922576801
21923621756,21924036606
21923779819,21924103456
21923986660,21924188687
21924091413,21924246396
21927864320,21928256309
21928325382,21928748549
21928850940,21929158684
21931302135,21932196905
21932223312,21932318250
21933457956,21933683261
21934396735,21934475554
21934537958,21934992577
21934622563,21934825336
21934915390,21934971018
21936060119,21936358810
21936136397,21936601024
21936863528,21937243126
21936942143,21936966756
21937071693,21937113181
21937145853,21937438888
21937692649,21938387817
21937717223,21938443793
21938907001,21939267234
21939077272,21939593014
21939311926,21939409794
21940842677,21941284208
21941939240,21942443881
21942688480,21942914052
21942922065,21943162563
21943981534,21944195368
21944168559,21944714856
21945879437,21946042927
21946052898,21946321952
21946176122,21946405460
21946249642,21946466466
21946757057,21946944700
21947384894,21947737537
21947575373,21947761743
21947783199,21947868638
21947841467,21948291388
21947924367,21948036102
21948014422,21948102654
21950526880,21950543455
21950588655,21951077861
21951180744,21951654040
21953192786,21953272551
21953373089,21953787148
21953661984,21953737400
21953872346,21954381160
21954111306,21954381210
21955179287,21955720276
21955722828,21956294144
21956514137,21957058072
21957056167,21957509368
21960000766,21960119120
21961799293,21962193739
21962973845,21963136775
21963383199,21963971649
21965139184,21965443634
21965950759,21966056750
21966213712,21966592920
21966714012,21966747212
21968112599,21968435709
21968834660,21969308763
21969039378,21969295545
21969270306,21969624885
21970112027,21970196831
21972472586,21972790898
21973232167,21973603010
21974128062,21974398567
21975039115,21975806793
21975149202,21975665025
21975802148,21976000751
21976079468,21976301182
21976666384,21976725011
21976726034,21977170861
21977318308,21977661360
21978546205,21978911690
21978640676,21978787613
21979316565,21979642831
21980905337,21981034276
21980961764,21981390757
21981437412,21981668919
21983450860,21983679645
21984101213,21984447962
21984667023,21984886634
21985823403,21986050768
21986629493,21987041645
21987333528,21987636516
21988214871,21988365935
21989060076,21989153233
21991565648,21991966837
21992723382,21992841711
21992900371,21993303973
21993223357,21993536693
21993602275,21994033940
21995063433,21995304904
21995453625,21995683558
21996389223,21996477615
21997576750,21998026828
21997831015,21998163335
22000693824,22001005688
22000715212,22001256907
22000994430,22001270040
22002841651,22003131403
22007342081,22007773665
22007883794,22008192673
22010196092,22010685140
22013805579,22013904958
22014645112,22015044183
22015049814,22015256341
22015959520,22016331850
22016385296,22016757042
22016390660,22016676075
22017272621,22017426441
22017746430,22018027326
22018250162,22018766086
22018574992,22018965497
22019031963,22019349713
22020507520,22020949512
22021460446,22022014456
22022119795,22022249867
22023352482,22023521632
22024446908,22024662878
22025571364,22025741160
22026112638,22026236980
22028196669,22028578356
22028225820,22028689427
22029235266,22029263941
22029284848,22029449494
22029445135,22029986195
22029474555,22029858106
22029801375,22030212959
22030224551,22030692674
22031414202,22031724692
22033627686,22033721029
22035027065,22035165982
22035199423,22035568702
22038176994,22038775385
22038806959,22038922155
22038911933,22038975581
22039459806,22039875399
22039473842,22039925345
22040063282,22040130147
22041688405,22041889231
22042136999,22042482739
22043220265,22043392835
22043787175,22044172611
22043949167,22044410058
22044394342,22044566873
22047929881,22048074739
22048452094,22048915245
22049913550,22049977000
22050163839,22050664137
22051444408,22051686473
22051450296,22051551298
22052172744,22052742184
22055363363,22055655015
22056239644,22056676658
22056486934,22056820982
22056623644,22057018008
22059459825,22059496378
22059885619,22060132177
22060252058,22060868132
22061071539,22061529545
22063291046,22063534980
22064822282,22064865084
22064881094,22065151952
22064942721,22065497709
22065114727,22065372406
22065449610,22065681266
22067956986,22067985672
22068075890,22068436307
22068397833,22068623826
22068710597,22068765208
22069196757,22069935210
22070230763,22070674706
22071364336,22071447661
22071424589,22071739432
22072474945,22073056953
22074561060,22074630604
22075169126,22075524268
22075465432,22075538182
22076037416,22076519515
22076343370,22076754602
22077602296,22077886390
22077625489,22078009167
22078145838,22078381865
22078206727,22078668479
22080368529,22080726438
22080664187,22080784556
22081399164,22081742171
22083797180,22084104683
22083968450,22084057526
22084498348,22084693128
22084799650,22084968742
22084947816,22085226433
22085412369,22085928655
22086517515,22086894792
22087145359,22087294802
22088246317,22088500850
22089757382,22089832490
22091426776,22091572143
22091484175,22091575391
22092493310,22092812570
22092605895,22093158621
22093466739,22094033021
22094936217,22095073280
22094985126,22095402440
22095105806,22095613022
22095397278,22095649270
22099167647,22099532922
22099694283,22099986108
22099837971,22100156243
22100116373,22100428601
22101275467,22101558802
22101724371,22102138895
22104039471,22104449270
22105659986,22105955628
22105923069,22106079552
22106551578,22106878510
22107099190,22107321434
22107565616,22108047512
22108579000,22108969570
22109138228,22109411206
22110414031,22110857761
22110753628,22111075248
22111337101,22111434298
22114232285,22114319478
22114355791,22114458760
22115060960,22115355541
22115860012,22116110146
22116494414,22116969366
22116889112,22117197991
22117786201,22118244670
22117905861,22118085046
22118805563,22119340757
22120370886,22120568778
22120635887,22121157714
22121712560,22121982701
22122007294,22122340414
22122847048,22123268016
22125314808,22125712162
22127133407,22127298740
22127706310,22127989140
22127723581,22127783598
22127800980,22128130240
22128215181,22128555330
22129164196,22129484461
22130566878,22130623058
22131444382,22131719770
22131865307,22132253705
22132983393,22133246161
22133923228,22134116006
22134105569,22134430602
22134858080,22134883198
22136194742,22136545211
22136793500,22137246217
22138756124,22139083629
22139326943,22139819811
22139553702,22139983394
22140787882,22141027360
22141341721,22141574797
22141609060,22141652331
22142429482,22142738084
22142436464,22142754850
22142523578,22142653257
22142756978,22143178431
22143074532,22143380142
22145088106,22145516701
22146102065,22146368179
22146435067,22146623586
22146802392,22147301786
22147972192,22148043061
22148349312,22148710509
22149501070,22149842366
22149762802,22150201268
22149897752,22150007240
22154358563,22154564268
22154447362,22154787507
22154659153,22155194181
22155691748,22155968934
22156264698,22156414543
22156601398,22156900407
22156940858,22157188794
22157023917,22157215828
22157635911,22157863262
22158136363,22158367604
22158282156,22158677189
22162559926,22162887975
22163026456,22163465919
22165070648,22165378429
22167496896,22167953503
22168449401,22168493891
22169074405,22169143487
22170898618,22171365988
22172830667,22173332883
22172944452,22173462270
22173307940,22173388654
22173643267,22173916757
22174220000,22174847382
22175171485,22175463887
22177672315,22177717924
22177727037,22177897730
22177733809,22177813841
22178555384,22178801202
22179453505,22179688346
22181242707,22181322264
22181372366,22181422271
22181419821,22181743331
22181706955,22181745665
22182050984,22182358739
22183429115,22183618614
22183544623,22183752657
22184204230,22184346218
22184358963,22184404024
22184770145,22184862390
22185351431,22185757078
22186522722,22187017030
22189577860,22189759450
22190114816,22190755924
22190696816,22191106101
22191329638,22191634594
22192088863,22192356666
22193752177,22194366291
22195179603,22195467953
22195615527,22196000198
22196378274,22196519368
22197518401,22197868266
22198622837,22199163901
22199905458,22200439846
22202299485,22202654536
22202368391,22202807057
22203141702,22203519049
22203842748,22203869482
22204321620,22204724900
22205166756,22205416754
22205473495,22205579428
22205555365,22205657541
22206027008,22206414593
22207789088,22207989402
22208078885,22208354870
22208303438,22208502530
22208383497,22208404169
22210187500,22210512981
22210813168,22211111111
22211015858,22211094034
22211219232,22211373360
22211597937,22211994703
22214794893,22215262869
22215205513,22215640667
22216036551,22216711132
22219152325,22219505378
22221339341,22221696956
22221510708,22221837477
22221700260,22221945467
22221976384,22222506110
22222072503,22222185598
22222553355,22222655775
22222585225,22222840670
22223759483,22223870029
22224624191,22224662822
22224669524,22224978019
22224750120,22224776732
22226101690,22226291772
22226635659,22227044931
22226652491,22227001495
22226699667,22227173169
22227003831,22227171807
22227959422,22228034345
22228973701,22229383290
22228996983,22229100496
22230084017,22230629678
22230462958,22230703281
22230777233,22230904029
22230915662,22230985438
22232478442,22232591855
22235437787,22235761234
22235883367,22236194513
22236210635,22236343572
22236794653,22236912787
22237801203,22237915229
22237875576,22238230467
22238298794,22238611931
22240118262,22240417787
22240429834,22240914623
22240859537,22241557903
22243649699,22243959265
22244221043,22244618924
22246712223,22247086366
22247426422,22247820411
22247923285,22248166010
22248022639,22248328767
22248389520,22248783486
22248905431,22249313011
22251438797,22251665027
22253723039,22254198845
22253872616,22254131169
22254640221,22254771157
22256384820,22256678725
22256831876,22257104580
22257817731,22258071349
22257900692,22258349360
22259254471,22259712027
22261314675,22261592478
22262038272,22262354303
22263405579,22264181314
22266814301,22267175662
22267870176,22268190880
22269352270,22269669619
22269584187,22269857197
22272468448,22272595930
22273734509,22273849967
22275023972,22275532276
22275664732,22275918645
22275723302,22275926311
22276294037,22276352574
22276717598,22277163640
22276868263,22277136341
22277387276,22277422029
22277622479,22277830585
22277904250,22278136245
22280355708,22280873883
22280515584,22281085714
22280552329,22281052267
22280715781,22280853655
22282716050,22282824837
22282928918,22283189976
22284180819,22284434316
22284897860,22285077214
22286463296,22287008459
22286796615,22287160978
22288639553,22288962851
22288640901,22288725147
22291708429,22291968596
22292356026,22292889562
22293237004,22293550536
22296031311,22296164827
22296319652,22296683123
22296928453,22297121500
22298059111,22298257678
22298327648,22298675208
22298684475,22299177159
22299561062,22299785830
22301066394,22301360775
22303051942,22303380427
22303289558,22303550806
22303704942,22303850317
22304252884,22304518872
22306111252,22306288804
22306160266,22306859828
22307170707,22307458207
22309194987,22309384827
22310537666,22310959535
22310844220,22311075965
22311214475,22311988430
22312555049,22313094680
22312597086,22313160912
22313646841,22313668853
22314056081,22314525353
22314059042,22314434313
22314297271,22314680016
22315156349,22315336477
22315537355,22315720895
22315637642,22315844025
22316979906,22317013664
22317161508,22317341152
22317187565,22317253563
22317271083,22317547067
22317272381,22317520824
22320874638,22321211421
22321401388,22321850917
22321650870,22321976803
22324674000,22325336336
22324926744,22325382729
22329228098,22329791746
22329347456,22330153513
22331046796,22331428400
22331080276,22331456146
22331778179,22331978681
22332558025,22332788762
22332582051,22332695456
22332781122,22333142714
22333272542,22333756361
22335081128,22335462429
22335679949,22335972523
22336116645,22336570535
22337089832,22337258609
22337102835,22337404522
22339522461,22339862582
22339669758,22339860740
22339866986,22340052072
22341356944,22341457692
22342156689,22342199654
22342291096,22342887147
22343480478,22343810305
22343650379,22343893515
22343659438,22343793287
22343827990,22344250580
22344227305,22344652132
22345932806,22346180368
22347169073,22347598728
22347723075,22347978423
22348985162,22349246369
22349697633,22349865313
22349700401,22350115140
22350411087,22350628751
22350851487,22351266464
22352308429,22352622162
22352660290,22353003324
22354028792,22354340414
22354346656,22354447863
22354348940,22354649834
22355023041,22355594505
22355050414,22355231302
22355855454,22356205548
22356193825,22356630992
22356218984,22356632716
22356639963,22356973814
22356875020,22357320289
22356977310,22357310760
22357644299,22358028117
22358754743,22358996353
22359769148,22360122674
22359812305,22359837603
22360610124,22360636097
22360819056,22361209588
22362206888,22362501290
22362661609,22363007201
22362670610,22362926746
22364537042,22365120217
22364696807,22364968353
22366417542,22366795047
22366866518,22367280254
22367391291,22367462391
22367510039,22367643014
22368310289,22368770847
22368754584,22369251743
22370174317,22370335534
22370222562,22370548118
22371100913,22371613930
22371610080,22371733053
22371996329,22372153188
22372475925,22372650223
22373630508,22373899240
22373856315,22374175113
22374619314,22375026384
22374759612,22375506663
22375052131,22375228311
22376021605,22376068613
22376545074,22376696041
22376884021,22377114388
22377116846,22377266214
22377243140,22377791587
22377456223,22377640660
22377516644,22377735507
22377939987,22378086048
22379007526,22379300572
22380128209,22380558470
22380574137,22380936849
22381813401,22382213816
22381867759,22382264057
22384449149,22384787682
22384975736,22385128358
22385646129,22385858492
22386325157,22386563514
22386941719,22387301043
22387985333,22388313191
22388121523,22388366330
22389715766,22390287334
22390360665,22390924800
22391257536,22391459536
22392365378,22392533108
22392457192,22392962286
22392843101,22393308662
22393316013,22393590871
22395145315,22395614560
22396103285,22396295321
22397327127,22397589733
22397350693,22397623188
22397600958,22397790596
22397895224,22398290722
22398000379,22398360337
22398121802,22398265402
22398716337,22399124454
22399336255,22399632918
22399551052,22400093470
22399814739,22400269508
22401676229,22402020234
22401719639,22402119607
22402163166,22402430167
22403442711,22403881992
22405033511,22405264630
22406431905,22406713390
22406743572,22407237199
22408118520,22408459925
22408585238,22409108350
22408593241,22409094792
22409617234,22410119382
22410437664,22410710870
22412948886,22413355581
22417084538,22417252208
22417811294,22418041988
22417906478,22418396994
22419576351,22419911900
22422000903,22422287000
22425580030,22425902506
22425950344,22426476058
22426435683,22426553246
22426762774,22427096434
22428508802,22428819221
22429662945,22430165312
22430344726,22430849129
22430383461,22430614567
22430595466,22430929894
22431536246,22432011309
22431976882,22432167792
22432835581,22433304854
22434101843,22434303273
22434819999,22434994027
22434843701,22435379779
22434921382,22435218062
22435177034,22435596601
22437852541,22438191642
22440445560,22440694072
22440634698,22441030799
22440780236,22441196286
22441563764,22441904874
22441919654,22442542515
22443364609,22443448873
22443496743,22443667270
22443690668,22443884059
22444567279,22444711822
22445232553,22445379939
22445915171,22446060155
22446710515,22447030312
22446900977,22447109980
22447385197,22447596271
22447506458,22447946998
22450650861,22450963271
22452733603,22453172345
22454901172,22455433004
22455165071,22455534679
22455378921,22455506748
22455580719,22456288549
22456301267,22456435533
22456875505,22457306760
22458635009,22458890372
22459217591,22459373042
22459365192,22459723112
22461457793,22461927653
22461985916,22462439406
22462334614,22462701680
22463403436,22463532563
22464882606,22465107648
22464895960,22464967124
22465259247,22465650762
22465649920,22465906715
22466563807,22467108689
22467347626,22467484071
22469509590,22469818779
22470193758,22470569091
22470336377,22470791651
22470779742,22471294197
22471251187,22471305002
22473955561,22474442899
22474419803,22474617610
22474493688,22474972824
22475195444,22475550505
22475279732,22475645239
22475593651,22475942531
22476180802,22476722988
22476731896,22476888872
22477151643,22477257855
22478493184,22479022056
22479681220,22480025141
22479788587,22480101496
22480062240,22480559903
22480280565,22480397476
22480488180,22480903961
22480632268,22480752366
22480755854,22481063619
22480927985,22481234775
22481360161,22481606054
22482119080,22482483803
22484150128,22484667364
22484406241,22484704903
22484873729,22485147336
22484997845,22485356351
22488671557,22489255640
22489293993,22489589274
22489602010,22489998162
22490827921,22490990291
22492460707,22492652489
22493611875,22493902925
22493813124,22494287033
22494107882,22494644802
22494586400,22495030333
22494930523,22495403011
22496212440,22496440226
22496759386,22497416369
22497232206,22497677568
22498667220,22499202491
22498763191,22499263323
22499015861,22499160006
22499127210,22499322496
22499213836,22499545465
22501183962,22501231725
22501361117,22501546597
22504356711,22504786868
22504986501,22505574369
22506844240,22507018471
22507498027,22507807462
22508002818,22508237942
22508936353,22509256928
22509046149,22509457988
22509473136,22510094872
22510097808,22510422674
22510373552,22510516061
22510540466,22511096023
22511457435,22511753233
22512460439,22512964558
22513157138,22513618408
22513405500,22513702148
22514651373,22515153088
22516078429,22516612999
22516480831,22516883292
22516887077,22517031837
22517447939,22517841329
22517700710,22517914259
22520527737,22520815396
22520952972,22521445926
22521012754,22521195562
22521814507,22522172721
22521952882,22522158318
22522297656,22522499230
22523195577,22523459877
22523330659,22523713587
22523827094,22524280983
22524866196,22525209307
22524873892,22525291043
22525169491,22525491633
22525304944,22525386349
22526632578,22526827460
22527259641,22527721293
22530285939,22530456594
22530959163,22531153166
22531709527,22532137986
22532277190,22532381510
22533501014,22533989514
22534003140,22534462620
22534490088,22534903076
22535214784,22535346070
22535322553,22535951058
22535943773,22536449067
22535967784,22536432410
22536829526,22536890281
22536867359,22536923443
22538424241,22539029185
22539926844,22540254679
22541557684,22541792256
22542164658,22542417005
22543817416,22544065391
22544066791,22544415934
22544812595,22544950538
22545298392,22545642414
22546067162,22546327083
22547270511,22547599501
22547283032,22547578120
22547582317,22547622090
22548720645,22549214764
22549227809,22549408099
22550898109,22551212141
22551100090,22551215962
22551747904,22551908395
22551909803,22552225937
22552981034,22553234970
22553333095,22553622768
22553633104,22554153535
22553682874,22554035063
22556287991,22556631910
22556864295,22557065437
22557064093,22557322308
22558310816,22558600267
22558966635,22559221139
22560089496,22560533427
22561085581,22561112073
22561322958,22561625510
22562023006,22562137814
22562247165,22562571254
22562947771,22563037313
22563778234,22563971962
22564557324,22564832193
22564720685,22564924700
22565209121,22565513465
22566236328,22566574547
22568113796,22568152411
22569683387,22570117788
22570073875,22570184321
22570313723,22570714087
22571072365,22571186353
22573574794,22573790320
22574710147,22574812653
22575986374,22576192257
22577483149,22577686031
22577645387,22577975494
22578032581,22578592806
22578289434,22578805675
22579139833,22579499743
22579161298,22579478217
22580480203,22580891763
22580912617,22581303758
22581280555,22581586617
22581851328,22581937490
22582284476,22582577080
22585297765,22585773720
22587771846,22588050395
22589700207,22589987081
22589996473,22590535180
22590146715,22590441289
22590251042,22590370097
22591803770,22591999994
22591929146,22592166902
22592372610,22592737429
22593990410,22594365819
22594250683,22594440086
22594659441,22594946117
22597815520,22598096869
22598300205,22598569663
22600092023,22600340455
22600398062,22600701563
22602660185,22603215771
22603200768,22603300761
22603949457,22604193265
22604049953,22604600878
22607250916,22607783580
22607870217,22607944763
22609570593,22609894493
22610498159,22611058700
22611817044,22612337158
22611960596,22612412883
22612550234,22612641030
22613024199,22613191467
22615432524,22616108612
22616074518,22616118602
22616983983,22617404238
22617795662,22618135126
22618316892,22618574013
22618852747,22619096834
22619562836,22619864573
22621954786,22622332063
22622423360,22622613666
22623460724,22623979468
22624034548,22624519111
22624126366,22624334418
22624522933,22624769713
22626069864,22626430006
22626084970,22626353992
22626735395,22627240173
22628054513,22628301405
22629335074,22629796186
22630452981,22630975465
22631000414,22631269543
22631425924,22632013560
22631954101,22632326749
22636919443,22637379812
22638726147,22639287536
22639156527,22639251787
22639202589,22639451635
22639206971,22639375465
22639328688,22639795610
22639407558,22639716270
22642242302,22642376912
22642572399,22642974811
22643622981,22643860279
22643763275,22644135455
22644335634,22644489518
22644662603,22644933407
22645613809,22645966081
22646809082,22647006005
22646881041,22647033119
22647855057,22648108493
22649811830,22649880746
22650326575,22651030846
22650946395,22651396297
22652221943,22652777782
22652317608,22652641926
22653494006,22653802580
22653516716,22653779247
22653690625,22653902607
22653835475,22654049728
22655066978,22655549480
22655598506,22655929937
22656405328,22656635959
22658315094,22658439284
22658374187,22658826797
22660652349,22660993861
22661385310,22661431326
22661867208,22662236581
22661984048,22662278047
22663038498,22663415076
22665491775,22665800472
22665576536,22666143381
22666354036,22666556487
22667295526,22667588883
22668154977,22668421401
22672091578,22672397034
22672851959,22673279916
22674987809,22675320720
22675222042,22675669910
22676834739,22677290545
22678479160,22678814374
22678576299,22679103436
22678621737,22679124672
22679462663,22679590463
22680713049,22681091769
22681108995,22681452919
22681610749,22682049652
22683745240,22683996802
22684064558,22684199289
22684291847,22684596533
22684866840,22684953238
22685344723,22685671352
22685541059,22685872377
22685658529,22686300089
22687374110,22687665354
22688971324,22689414723
22689454775,22689999352
22689683834,22690051887
22690763311,22690848905
22691676238,22691931490
22691947409,22692596756
22692169910,22692321591
22692509853,22692774344
22694438479,22694659643
22694617843,22694844064
22695648748,22695718513
22696559558,22696947263
22697235810,22697695483
22697864677,22698426558
22698079073,22698478849
22698934055,22699237346
22699073100,22699356190
22699886354,22700213982
22700593719,22700958672
22701392646,22701880863
22701675668,22701810017
22701889930,22702133943
22702009230,22702314811
22702299719,22702868008
22703851386,22704394550
22704582717,22704978668
22704674930,22704892916
22705004666,22705339794
22706178761,22706405720
22707141798,22707674950
22707326668,22707535653
22707591188,22707936093
22709143221,22709508399
22709358043,22710061073
22711177826,22711600624
22711428558,22711928080
22712645442,22713032641
22712915673,22713159449
22714668543,22714906829
22715662485,22715883937
22717999917,22718378774
22718765062,22719147665
22718855044,22718891897
22719461961,22719577005
22720810085,22721279557
22721503529,22721928556
22723334194,22723609992
22723768613,22723963987
22724023300,22724186572
22724134155,22724539054
22724921667,22725260576
22727630042,22727786036
22729087686,22729384059
22729127266,22729366708
22730287683,22730611603
22731119700,22731682894
22735989613,22736198415
22737544091,22737602939
22738859477,22739164986
22739129874,22739428056
22739541110,22739997154
22739674433,22739939445
22740257998,22740430169
22741136138,22741166107
22741620469,22741862955
22742321054,22742430543
22742540700,22742860396
22743419060,22743601192
22743861239,22743903903
22743957700,22744256514
22744522265,22744842805
22747079351,22747312696
22747444975,22747588791
22747583282,22748016262
22748417347,22748944842
22750778881,22751204509
22751331837,22751720430
22753441313,22753619238
22755759120,22756091551
22757016177,22757442143
22757038838,22757358927
22759733254,22759948849
22759935187,22760479987
22760499479,22760604006
22761177353,22761642004
22761715363,22761794643
22761938745,22762581158
22764189620,22764894651
22766161623,22766430847
22766390441,22766897737
22768015824,22768207700
22768513601,22768682647
22768591134,22768789666
22768603049,22768665197
22768701167,22769133940
22768903137,22768985884
22769075066,22769505654
22770965166,22770992570
22771536906,22771889516
22771694154,22771798651
22772032163,22772083535
22772245301,22772568810
22773443273,22773765850
22774466879,22774822591
22775221025,22775408822
22776776968,22776900140
22779242476,22779440180
22779448072,22779581211
22779754358,22780195918
22780141611,22780164830
22780861195,22781308923
22781307796,22781412816
22782819020,22783319164
22783785831,22784176751
22784481837,22784979827
22785079208,22785480058
22785579364,22786064365
22785998333,22786258243
22786260412,22786690681
22786865971,22787096914
22786869100,22787225002
22787752935,22788065622
22788579036,22788611382
22789070352,22789347951
22790162154,22790390075
22790180333,22790360126
22790464378,22790705255
22793052630,22793325795
22793470078,22793716267
22793921905,22794270865
22795220615,22795684894
22796829926,22797273102
22797490924,22797766700
22797888790,22798131621
22798514213,22798798986
22799578386,22799942980
22800481293,22801041821
22801685729,22802206523
22802080736,22802382764
22802963311,22803274221
22803544857,22803880566
22803892955,22804013218
22804159707,22804631329
22806269890,22806787640
22806811715,22807533607
22807368630,22807884243
22808048510,22808542520
22809049895,22809751169
22810426669,22810679879
22810617350,22810866366
22810683669,22811194898
22812338538,22812598830
22812487227,22812764338
22812774163,22813046708
22812792424,22812821839
22814318108,22814684281
22814751478,22815113600
22815057319,22815567064
22815648039,22816161191
22817466485,22817721175
22818159121,22818454586
22818263052,22818706449
22818522588,22818777181
22820643744,22820775545
22822617854,22823215375
22823031192,22823530784
22823717992,22824418970
22824006415,22824061520
22824150407,22824610072
22824414436,22824594778
22824523471,22824922844
22824978793,22825248738
22824991938,22825560831
22825516496,22825899925
22826465383,22826518921
22826659623,22826703853
22827619518,22827949926
22827725977,22827884950
22828532307,22828613408
22834091705,22834192095
22834217348,22834483422
22836225418,22836509241
22836778030,22837003554
22836933192,22836963241
22838989228,22839326092
22839843070,22840023724
22840719233,22841019031
22840967257,22841056660
22841089049,22841346226
22842024318,22842111966
22842060941,22842290215
22843192164,22843242172
22843563452,22844056191
22843717896,22844078869
22843872340,22844228131
22845178160,22845238957
22847036982,22847449642
22847093253,22847176791
22848315575,22848414878
22850414084,22850749213
22851388655,22851751825
22851901518,22852360203
22852114475,22852331529
22854073146,22854137011
22854123786,22854457367
22856242387,22856706835
22856508533,22857291906
22857311969,22857563686
22858717003,22859287046
22859011210,22859065890
22862325508,22862846950
22863422520,22863676819
22865366993,22865959370
22865380186,22866176235
22865755493,22866168300
22865995720,22866326954
22866226657,22866390515
22866401555,22866809560
22866718361,22866915172
22866724719,22867156974
22867622192,22868004580
22868435179,22869249333
22868931643,22869047834
22869603767,22869747378
22869749837,22870145728
22870238938,22870445445
22870434704,22870870312
22873005676,22873336024
22873854331,22874197465
22873955417,22874202969
22875045064,22875536826
22875864856,22876409954
22878295183,22878376698
22879034028,22879094748
22880185082,22880380338
22880440832,22880724935
22880598095,22881089985
22881038927,22881136421
22881968314,22882448161
22881995498,22882052166
22884196730,22884717782
22884260351,22884694637
22884403770,22884592678
22884895608,22884963321
22885336345,22885794609
22886427455,22886617624
22886493812,22886678743
22887277212,22887355855
22887579270,22887831962
22887767073,22887999528
22888665008,22888878221
22891365354,22891581198
22891635184,22892028169
22891786171,22892136310
22892082136,22892362829
22892743492,22892996136
22892914456,22893173448
22894099533,22894475974
22896968518,22897550858
22899132810,22899448797
22899569458,22899826341
22899695257,22900190962
22899981064,22900196301
22902532625,22902674707
22902996531,22903435651
22903005383,22903462852
22903518663,22903862873
22903630649,22903973554
22904820711,22904840312
22904978860,22905129140
22906275705,22906489403
22907525237,22907786140
22907576274,22908010548
22909481091,22910136092
22909891227,22910103843
22911543132,22911861842
22912649299,22912947659
22915338399,22915713094
22916341826,22916801664
22916368035,22916660507
22918268241,22918751301
22918764196,22918784150
22919530331,22919713829
22919857008,22920187356
22920251401,22920381908
22921207547,22921939941
22921416738,22921894035
22922229101,22922468638
22923635715,22923999421
22924049328,22924307452
22924260337,22924613032
22924443331,22924888251
22924750715,22925191481
22925204366,22925359323
22925408541,22925760441
22925614114,22926092003
22927511159,22927813193
22928706550,22929031201
22929767266,22930076166
22933380444,22933688683
22933831624,22934004237
22933889741,22933997293
22935696161,22935934839
22935859914,22936418206
22938606346,22938680183
22939398412,22939449685
22940059598,22940227264
22940617970,22940961061
22940734667,22941290694
22940794234,22941153334
22941775898,22942168368
22941922355,22942156709
22942158039,22942515949
22942711592,22942864069
22943129286,22943496207
22943498240,22943624498
22943515583,22943847750
22945765654,22946159594
22945857231,22946204668
22945946615,22946375829
22946297780,22946743379
22947215580,22947307072
22947391871,22947819274
22947711480,22948410887
22948788521,22949156064
22948933552,22948994081
22949224968,22949597987
22949368088,22949466660
22949772638,22950029160
22950362286,22950911813
22950764286,22951212530
22951575585,22951747548
22952274800,22952478949
22952807572,22953114504
22956351847,22956882397
22957059339,22957671193
22957704146,22957939723
22958529489,22958947043
22960002579,22960411972
22960627256,22960702562
22961015105,22961522013
22961842978,22961922746
22962017701,22962301541
22963410378,22963804628
22964133792,22964328530
22965522995,22965717940
22965666774,22966038518
22965883863,22966049989
22966824583,22967114202
22967571890,22967964866
22967650645,22968127767
22967806112,22967822287
22968807551,22969008267
22969087922,22969397854
22969716036,22970004767
22972361074,22972772268
22972773904,22973270700
22972916232,22973391116
22973619332,22973923004
22973941147,22974216795
22974598864,22975052356
22975073731,22975288341
22975977176,22976510178
22976071874,22976508733
22977184459,22977397869
22977766830,22978030613
22977917922,22978171300
22978364936,22978703995
22979173380,22979455430
22979809801,22980124624
22979998775,22980069023
22980861534,22981211355
22981018926,22981296511
22982436908,22982709381
22982575881,22982888817
22983682314,22984107522
22984009042,22984442078
22984119748,22984375211
22984398889,22985005686
22984498848,22984923023
22986635131,22987091474
22987181604,22987671963
22987435795,22987957316
22989433054,22989617588
22989681653,22990087232
22989686843,22989941607
22991204412,22991360850
22991359981,22991777868
22991531083,22991635365
22991955302,22992334207
22991956805,22992282131
22992029313,22992228224
22993800318,22993893798
22994626500,22995156672
22997016569,22997375607
22997251722,22997495981
22998467677,22998630453
22999272481,22999543112
23000356889,23000954755
23000696797,23001127165
23001694865,23002048664
23002158775,23002360182
23002262312,23002337063
23002678853,23002788486
23003521260,23003990052
23003866291,23004411414
23004379100,23004680982
23005076167,23005347711
23005379595,23005477680
23006488127,23006695172
23007031315,23007511820
23007908308,23008331465
23008429705,23008771477
23008450800,23008799160
23008928547,23009231887
23009234891,23009404297
23009475813,23009692170
23010021958,23010380061
23011720206,23012018229
23012277393,23012704519
23014382671,23014655861
23014849269,23015316035
23015480305,23015833429
23015594966,23015646569
23015651802,23016119892
23016864884,23017079782
23017640511,23017685183
23018323818,23018774141
23019331622,23019994573
23020822273,23021198198
23024889693,23025324444
23025478053,23025677247
23027032496,23027591906
23027753599,23027851515
23028960352,23029140814
23030257080,23030303083
23032074897,23032384678
23032607502,23032953449
23033254168,23033692869
23033861244,23033950233
23034113234,23034372809
23034613638,23035020751
23034955880,23035259781
23035919434,23036418781
23036548133,23036775081
23037797882,23038061258
23038476674,23038610834
23039214596,23039557602
23040994807,23041266897
23041402301,23041594871
23041717223,23042226463
23041979518,23042482179
23042151835,23042354518
23043116283,23043516727
23043210883,23043539128
23043652890,23044162940
23044089054,23044477127
23044305896,23044335110
23045856162,23046093713
23046187390,23046337626
23048612312,23048928787
23049101410,23049181205
23049226555,23049456783
23050167169,23050572740
23050247815,23050345913
23050601871,23051066354
23051067942,23051634740
23052264998,23052458924
23052540916,23052668267
23054590976,23054673396
23055689102,23056219963
23057276861,23057744799
23059266630,23059624822
23060188269,23060361117
23062059836,23062276228
23062203474,23062440533
23063142378,23063571596
23064224702,23064544957
23066123882,23066226642
23066669894,23066803036
23066768052,23067008891
23067323533,23068069805
23068318460,23068489000
23069793107,23069843285
23070460638,23070763207
23070712429,23071027416
23071383305,23071579117
23072426690,23072820190
23072627019,23073039161
23073213261,23073301926
23073569046,23073898283
23073584373,23073918020
23075106053,23075294172
23075654211,23075696077
23076500024,23076714136
23076832496,23076950152
23077905759,23078283676
23078173672,23078520975
23078830511,23078847717
23079186252,23079446651
23081284911,23081715262
23083451300,23083686231
23084956317,23085227415
23085972243,23086066499
23086456445,23086659191
23088154516,23088484580
23088617577,23088696953
23089049008,23089438726
23089471305,23089722521
23089569600,23089643414
23089987251,23090438992
23090455161,23090614574
23090489210,23090765191
23090535366,23090593632
23091186981,23091587137
23091686440,23092253404
23093898911,23094364188
23098040407,23098375005
23100978526,23101070606
23101322189,23101462770
23101356899,23101620548
23101895570,23102205925
23101997900,23102155594
23102508877,23102661339
23102761089,23102979667
23102880028,23102902658
23103552574,23103812411
23104377214,23104775531
23104529216,23104718183
23106261730,23106688958
23106721595,23106899120
23106816307,23107215997
23107277463,23107644775
23108379467,23108880264
23110575997,23110691214
23110993816,23111037514
23112202042,23112493270
23112796793,23113000948
23114187873,23114346141
23114619320,23115003489
23115487485,23115549978
23116095102,23116157090
23116171269,23116532685
23116609155,23116866386
23116843293,23117311893
23116938946,23117294381
23117400243,23117688851
23117459431,23117595677
23118054469,23118126677
23118063324,23118646329
23118443791,23118800699
23118825185,23119191718
23119671382,23119920317
23120643374,23120809891
23120770868,23120885823
23122916654,23123184383
23123346487,23123784885
23123557469,23124032228
23125791381,23126313611
23126671808,23126837151
23127518168,23127661183
23127611786,23127978139
23128548715,23128786046
23128647231,23129079432
23129089874,23129446327
23129650494,23129825396
23130006863,23130226133
23130277043,23130394342
23131216648,23131499697
23131367755,23131461192
23134049445,23134215252
23135081963,23135241500
23135624912,23135971807
23135710409,23135846754
23136626986,23136934327
23136661983,23137133898
23138912934,23138928428
23139624855,23139950835
23140467034,23140782942
23141462128,23141998116
23142722580,23142838742
23142725147,23143143024
23143192573,23143434229
23143575346,23143862258
23144994492,23145342731
23145827718,23146317118
23146473118,23146683302
23146623998,23147108703
23147131996,23147485323
23147953441,23148058767
23148084432,23148286378
23148577282,23148895528
23148939838,23149279865
23149283426,23149532763
23149992322,23150536255
23150097527,23150346745
23151014558,23151046526
23151242413,23151679584
23151378039,23151718056
23152606232,23152982271
23152891765,23153162158
23152932633,23153187413
23153488666,23153940706
23153909479,23154469366
23154809989,23154896931
23154946841,23155240752
23155027414,23155466644
23155270100,23155891366
23155355606,23155671536
23155774685,23156158731
23157163909,23157564427
23158066558,23158260598
23158573038,23159013498
23159793318,23159920410
23160328812,23160672267
23160812874,23161061537
23161192179,23161361081
23162650400,23162889796
23162983344,23163022822
23163061755,23163372385
23163373131,23163673847
23164189253,23164670422
23165009350,23165377682
23165302246,23165845365
23165574406,23166344129
23166407730,23166639335
23167024755,23167310523
23167318752,23167429860
23167490726,23168104510
23168181476,23168476120
23168669152,23168962665
23170163075,23170455633
23170326868,23170460727
23171410291,23171588571
23174106975,23174294780
23176056113,23176548704
23176332760,23176678551
23177049553,23177555276
23177295629,23177596825
23179536511,23179911753
23179547126,23179604167
23179963381,23180309437
23180195315,23180387257
23180381458,23180528642
23180553401,23180935817
23181411867,23182024332
23183475932,23183858903
23183937214,23184173907
23185041999,23185374884
23185084911,23185510579
23186416816,23186667038
23188768637,23189156963
23189180693,23189617041
23189269884,23189805218
23190249940,23190950000
23191659256,23191980831
23191893296,23191934942
23192135481,23192580674
23192334144,23192512845
23192391144,23192509288
23193141125,23193396577
23194458864,23194536641
23194571503,23194983281
23195197302,23195741127
23196713674,23197304069
23199008883,23199325261
23200548049,23200819977
23202379939,23202839399
23204465383,23204983999
23205320544,23205984827
23207475883,23207712938
23208203147,23208518497
23208239573,23208352788
23208582057,23208595910
23209073675,23209549691
23209161801,23209375231
23213135465,23213643622
23213684599,23214159326
23216586409,23217204045
23218304536,23218754960
23218387894,23218407390
23219416118,23219603840
23220808434,23221017321
23221424182,23221753068
23222762619,23223241696
23222979049,23223512545
23224137836,23224815869
23225778021,23226058220
23225899359,23226155550
23226968648,23227120069
23227800165,23228378718
23228381037,23228833511
23229960668,23230462319
23230067393,23230257674
23230868411,23231015245
23231056046,23231524103
23231394126,23231534318
23231601996,23231702157
23231761706,23232081717
23232628595,23232801607
23232765316,23233045260
23233129391,23233753283
23234013300,23234714017
23236059420,23236425186
23236995095,23237297717
23239234188,23239260361
23239511907,23239818332
23239591767,23239898812
23240179731,23240568280
23240271418,23240324946
23240637174,23240937763
23242161501,23242400068
23242850896,23242979399
23246109424,23246309597
23247386619,23247811603
23247452651,23247667654
23248127704,23248628388
23248217920,23248692476
23250829768,23251008667
23252175034,23252315236
23253164707,23253903799
23253945999,23254110142
23253956703,23254262787
23254880463,23254988254
23256974533,23257423388
23257404745,23257606665
23258560060,23258649110
23258884212,23259303801
23258885814,23259120146
23259123272,23259590567
23259394020,23259783234
23260111115,23260284218
23261363209,23261652098
23262039233,23262415449
23262939945,23263224229
23263438339,23263738126
23263847026,23264061222
23264119892,23264215591
23264593638,23264689615
23265138858,23265477961
23265700038,23266420466
23265756245,23266590157
23267350594,23267649442
23267718125,23268255546
23268191297,23268660709
23270036812,23270343732
23271539522,23271825906
23272943182,23273108567
23273476189,23273558322
23274036936,23274602248
23274870428,23275080161
23275148602,23275630545
23275574586,23275686394
23275818923,23275965916
23277041947,23277171505
23277300994,23277547100
23277635585,23278201407
23278205715,23278272354
23278954473,23279403492
23283169917,23283500021
23283660456,23284230184
23286534631,23286679124
23287544882,23288044507
23287717220,23287874543
23288564312,23289054797
23288673709,23289156199
23289254195,23289340846
23289588281,23289813855
23289764488,23290049802
23289825448,23290282056
23290160420,23290444227
23293035173,23293283170
23293661526,23293876877
23293836733,23294186565
23293889794,23294294923
23294206209,23294393376
23294707867,23294755379
23295112605,23295376708
23296218422,23296611745
23296527425,23296996798
23297734670,23297996153
23300589397,23300939102
23303734142,23303999497
23304692071,23305085251
23304867795,23304989115
23306555901,23306805316
23306825146,23307128896
23306976716,23307310662
23307147184,23307419829
23308583226,23308934081
23308876773,23309106124
23309171294,23309548508
23309355847,23309627072
23310636249,23310903302
23311406734,23311704418
23312492166,23312512922
23313134861,23313391933
23313243066,23313494567
23314563447,23314925584
23316069714,23316123224
23318353354,23318935008
23318372005,23318533079
23318813536,23319428329
23319012995,23319495901
23319186717,23319471339
23320445994,23320550645
23321014182,23321533340
23321354580,23321493674
23322577235,23322927694
23323632233,23323947215
23325029029,23325255924
23325255992,23325613443
23325849195,23326170167
23326439924,23326801447
23326466060,23326796497
23326499253,23326661833
23327214829,23327630609
23327390120,23328057436
23327956452,23328330256
23331035481,23331458792
23331422234,23331846405
23334107269,23334824647
23335825535,23336117452
23337258559,23337901729
23339406473,23339559762
23339772183,23340258062
23340925156,23341143941
23341147373,23341648971
23341662095,23341771970
23341773372,23342093785
23342790790,23343046796
23343563457,23343992372
23343633125,23343886238
23345114378,23345406076
23346094003,23346211468
23346240109,23346594843
23346643296,23347071977
23347142500,23347588168
23348259307,23348869492
23349355343,23349669853
23350343178,23350739257
23350886464,23351001876
23350898986,23351358950
23351493880,23351749000
23352402849,23352430577
23353867151,23354346900
23356190488,23356237330
23356290718,23356369418
23356974105,23357317421
23357376128,23357675591
23357588473,23357997104
23359637430,23360048194
23360130343,23360219445
23360438279,23360736441
23360439963,23360836866
23360667332,23360988840
23361676731,23362063608
23364019680,23364492770
23365414302,23365933820
23368150213,23368406347
23368445824,23368811016
23368464527,23368852304
23369380281,23369841137
23369413683,23369508357
23369480569,23369608087
23369542466,23369851043
23371312713,23371706475
23372030143,23372472575
23372678866,23372873886
23373373077,23373607795
23373607715,23373687629
23374575068,23374795007
23374587259,23374797871
23374966555,23375298043
23375959626,23376243896
23377898523,23378297708
23378314456,23378559967
23378438573,23378520586
23378665575,23378849132
23378704001,23379156637
23378817908,23378855923
23379613151,23379748339
23380250572,23380804079
23380473858,23380971629
23381443557,23381490388
23384109721,23384670787
23384133338,23384664231
23385476138,23385841651
23385739528,23386285643
23385898667,23386309209
23386204389,23386243014
23387075379,23387490187
23387390890,23387875603
23387494689,23387568037
23388811557,23389347181
23390492122,23390748422
23391206038,23391574759
23393645836,23394167383
23393740460,23394161815
23394402188,23394786514
23394430561,23394756986
23394674645,23395014413
23395017918,23395227177
23396339140,23396655055
23396420621,23396666267
23397110341,23397331954
23397341901,23397576755
23398904880,23399155452
23399188137,23399515912
23399457768,23399855318
23399762259,23400256726
23400264121,23400436152
23400648536,23400714409
23401551912,23401990225
23403906902,23404399867
23404239044,23404668895
23404466007,23404690983
23405333330,23405471936
23406068161,23406362491
23406128874,23406470008
23406923281,23407325857
23407279847,23407425606
23407511440,23407675042
23408017135,23408298341
23408395754,23408859820
23410142649,23410325976
23410605340,23410908144
23411099545,23411509211
23411193663,23411547418
23411834993,23412301213
23413591467,23413905020
23414580134,23414643079
23415480393,23415690794
23415633848,23416125734
23417046239,23417067782
23417605781,23418011478
23417735139,23418173525
23418233503,23418338191
23418724994,23419149492
23418842960,23418889121
23419453110,23419587807
23420593102,23420649572
23420673089,23420998456
23420923454,23421199291
23421357765,23421642825
23422192006,23423061780
23423634954,23423928805
23423941465,23424065801
23424153469,23424246849
23424532925,23424737984
23426086819,23426579862
23426859188,23426999042
23428208977,23428244208
23430765878,23430836236
23432577268,23432752692
23433324437,23433690465
23435849676,23436118873
23435908842,23436357192
23435915670,23436187240
23437238539,23437655272
23442874312,23443316001
23443688907,23443927128
23444256254,23444637768
23444655088,23445134927
23445097600,23445285953
23445772655,23445958940
23446128997,23446157670
23446278752,23446690962
23446566571,23446783049
23448226924,23448423191
23448759168,23449115381
23449806789,23449957277
23449939427,23450053104
23450284197,23450794504
23451805855,23452325640
23452072351,23452242421
23453980416,23454295892
23455074689,23455516123
23456866768,23457121096
23457079721,23457453141
23457511151,23458102337
23458848672,23459262159
23459373277,23459414709
23460710391,23460943023
23461072669,23461437696
23461476244,23461944662
23461531068,23462009157
23461720909,23462043211
23465118590,23465360579
23465604261,23465655454
23466064477,23466209248
23466196307,23466605821
23466467481,23466799597
23467994107,23468206038
23468767349,23468915663
23469000665,23469506164
23469053720,23469273396
23470807289,23470909467
23472145926,23472654031
23473286875,23473554018
23474997001,23475429309
23475245082,23475631522
23475260531,23475432235
23475634272,23475882433
23475815011,23476200027
23476633818,23476678982
23477062594,23477364927
23477071957,23477387961
23477938678,23478026322
23478051244,23478228745
23478054458,23478477829
23479105871,23479618936
23479262873,23479564130
23480030011,23480181166
23481462701,23481546504
23481982304,23482323967
23482028271,23482360045
23482769812,23482930390
23483986850,23484516024
23484065702,23484339942
23484093868,23484354278
23484355342,23484746678
23485327011,23485359051
23486302570,23486663038
23487413956,23487799393
23488897617,23488939376
23490791191,23491066929
23491361247,23491382809
23491835802,23492314340
23492911820,23492994187
23495225318,23495469226
23495307085,23495467021
23496099066,23496570504
23497858737,23498085189
23498232135,23498339972
23498633181,23498984902
23499258329,23499425326
23499855103,23500023668
23500121503,23500624079
23501228268,23501636251
23502153788,23502570878
23502338124,23503082840
23503074416,23503271080
23503704560,23503776657
23505022092,23505342164
23505141760,23505193518
23506179185,23506531209
23506984930,23507188093
23507294850,23507712751
23507925414,23508195156
23508958162,23509070267
23510706142,23510988238
23510880333,23511072412
23513510738,23514045275
23514059042,23514476033
23514539355,23514845041
23515552096,23515820915
23516451967,23516567242
23516470427,23516722490
23516642283,23516746886
23516733919,23517142891
23517198499,23517675005
23517232735,23517586894
23517240236,23517613057
23517333392,23517698850
23517618135,23518012106
23517691734,23518048301
23521105561,23521285732
23522276561,23522692380
23522411412,23522749346
23523674387,23524196440
23524066735,23524411734
23524270230,23524609417
23524350885,23524808794
23525522459,23526172661
23526377040,23526634899
23528853970,23529205390
23530433626,23531201873
23530698558,23531049509
23530921711,23531293459
23532284670,23533027194
23532591559,23532766367
23533031901,23533308542
23533249209,23533535733
23533964719,23534302190
23534604021,23534767400
23535078342,23535310593
23536267515,23536817063
23536748915,23536772014
23538816605,23539187483
23542556945,23542890951
23542667339,23542815614
23545384286,23545829120
23545398370,23545644231
23546077341,23546326882
23547541296,23547581426
23547821099,23548175359
23548471302,23548827312
23548522191,23548774944
23548658309,23549161186
23549976923,23550096785
23550001398,23550092957
23550926136,23551362268
23550966187,23551273490
23551149163,23551216918
23553113477,23553322063
23553944506,23554398876
23554712882,23555187774
23555317512,23555720845
23555491397,23556091555
23556206226,23556710142
23556491362,23556910754
23556671795,23557070697
23557407795,23557840787
23558563279,23558906334
23559381834,23559420054
23559705449,23559750404
23561173937,23561250503
23563220114,23563520719
23563682936,23563945471
23565230975,23565636119
23566440732,23566683692
23566745640,23567169800
23568135725,23568388302
23571794164,23571843835
23572631518,23572799557
23572938572,23573389633
23573452807,23573708056
23573755020,23574071148
23574167814,23574650284
23574812870,23574986950
23575352417,23575696054
23577904529,23578379656
23578385466,23579165390
23579155012,23579400860
23583322496,23583770223
23583456391,23583547785
23583864815,23584089520
23585443657,23585882700
23586386953,23586608189
23587067217,23587436267
23587836831,23587898394
23587937016,23588315535
23588737180,23589225406
23591505769,23591841816
23592272941,23592363181
23592589235,23592833626
23593220486,23593605011
23593620345,23593835067
23594423080,23594675570
23594480553,23594775768
23595179280,23595628530
23595867991,23596282382
23597512912,23597859611
23597989933,23598144208
23598767212,23599259469
23599759860,23600000382
23600889583,23601247115
23601721822,23602110800
23602154535,23602314210
23603933916,23604058027
23603961883,23604190146
23605031669,23605329895
23605537037,23605636002
23605733211,23606056535
23607097746,23607550709
23607180793,23607334379
23607496670,23607982185
23608357217,23608494141
23609618778,23609945991
23610346233,23611234302
23611272888,23611488636
23612546637,23612974505
23613106137,23613390370
23613118485,23613393501
23613348048,23613822360
23613734014,23614054731
23613919561,23614057245
23614162513,23614564781
23616452530,23616987216
23616801782,23617333240
23617105109,23617590152
23617340339,23617869075
23617592342,23617855738
23619641503,23620023004
23620645672,23620811335
23620816182,23620947527
23621050989,23621228618
23621232456,23621499970
23621848489,23621981184
23622074304,23622330396
23622619963,23623025046
23623385046,23623790192
23626834327,23627188693
23627060087,23627435722
23628819432,23629405607
23629061692,23629175033
23630416637,23630639133
23630886852,23631151759
23633509731,23633742798
23634368916,23634620424
23634605715,23635085076
23634835649,23635013562
23634860384,23635264167
23638325285,23638618359
23639775688,23639925857
23640136327,23640413437
23640390103,23640780115
23641119653,23641521794
23641218091,23641317334
23644804366,23645021824
23648119506,23648333158
23648176413,23648616278
23648633305,23649073509
23649084151,23649294388
23649317589,23649605485
23649549742,23649865110
23651181760,23651505569
23651294472,23651612428
23651394195,23651588488
23651449201,23651603334
23653508927,23653919356
23653726345,23654168887
23653982028,23654069795
23655386265,23655516637
23655822913,23656377355
23657054086,23657575453
23657608311,23657855616
23657725265,23658066565
23658595509,23659043575
23658927610,23659172627
23659018292,23659164661
23659167535,23659478777
23659489620,23659939812
23659776814,23659928222
23660512654,23660956140
23660901148,23661183449
23661194740,23661500064
23661496387,23661715723
23661926005,23662354193
23662221607,23662634907
23662466988,23662774154
23663566692,23663771534
23664302039,23664841024
23665259906,23665832480
23665499501,23666011740
23666790505,23667174544
23666986116,23667477590
23667846911,23668003630
23668505419,23668768925
23670540828,23670672630
23670674062,23670886218
23671541511,23671790704
23671706334,23672073174
23671825828,23672023232
23672253046,23672504184
23672646853,23672926421
23672745819,23672965641
23673368241,23673900042
23673620843,23673935617
23675137191,23675639670
23675378194,23675771456
23676155023,23676724194
23677446732,23677470802
23677672723,23678248423
23677811901,23678265880
23678582107,23679088160
23678881741,23679259567
23679445907,23679622231
23679813949,23680221578
23680434043,23680458635
23681777763,23682175316
23682147308,23682424918
23682494498,23682754386
23682937030,23683658958
23683086768,23683554395
23684409381,23684438413
23686721882,23686809113
23686881199,23687568877
23687815957,23688296562
23687876866,23688112831
23687914360,23688373605
23687959425,23688349854
23688990785,23689348101
23690681666,23690884886
23691212686,23691534849
23691263081,23691570799
23691398256,23692058551
23693534663,23693864897
23693906013,23694121624
23694319396,23694805471
23695547419,23695966724
23697038799,23697109965
23697214516,23697622031
23698857384,23699105315
23700708545,23701097046
23701101354,23701576193
23702286811,23702437548
23703717631,23703770467
23704186974,23704926033
23704620855,23704793710
23705049027,23705313094
23705504448,23705559828
23706760605,23707406136
23707669446,23707742708
23709095164,23709631843
23709799611,23709987554
23710882396,23711132482
23712189050,23712547955
23712283075,23712382591
23712384090,23712678932
23712504823,23712947675
23713107694,23713522920
23713150981,23713483975
23713440942,23713744504
23715270960,23715539046
23717089714,23717145759
23717737878,23717949093
23717853889,23717997865
23717950451,23718056665
23719140883,23719669853
23719646250,23719788163
23720499164,23720736679
23721014812,23721229349
23722508859,23722883115
23723532457,23723984310
23725091461,23725228203
23725337659,23725939352
23726440427,23726665334
23727048238,23727285012
23727463654,23727659026
23727974869,23728046593
23728046361,23728108946
23728551504,23728840593
23729283463,23729587732
23729873754,23730380223
23731737467,23732158586
23732332623,23732638308
23734100711,23734371196
23734286400,23734448972
23735584306,23735927062
23736200105,23736685031
23736341546,23736433935
23738717088,23738836540
23738966615,23739300341
23739029086,23739263477
23739498978,23739889887
23739699615,23740044234
23739915668,23740463316
23740138772,23740491797
23742707202,23743081309
23742998520,23743313012
23743210889,23743463720
23745891733,23746147841
23746862149,23747359713
23746885411,23747180560
23747090169,23747482819
23747321728,23747828509
23747998959,23748484569
23748247913,23748398768
23749034429,23749245303
23750080698,23750328373
23750828083,23751168054
23752476956,23752969113
23752538469,23752627713
23753610706,23753992974
23754958977,23755337064
23755639137,23755723918
23756018332,23756333198
23757180605,23757436882
23757400186,23757552560
23758032028,23758187149
23758498087,23758766732
23758523905,23758909849
23760314781,23760678666
23762526578,23762715450
23762953852,23763375543
23763381075,23763555177
23763646540,23764418142
23764850919,23765093607
23766578234,23767059724
23766607839,23766835594
23767747981,23767975830
23769104181,23769396064
23771008005,23771518683
23771756730,23772095138
23771998001,23772245120
23772597108,23772664369
23772753203,23772884054
23773182654,23773579901
23773538484,23773947955
23773562987,23773652182
23773860441,23773988370
23774189194,23774613858
23775501499,23775706287
23775598291,23775722209
23775685188,23776093199
23775694588,23775737906
23776997096,23777365677
23777996174,23778518228
23778022266,23778253505
23779383094,23779519283
23779602676,23780104088
23779920169,23779951767
23780566292,23780658883
23780879838,23780937191
23781046391,23781144453
23781074677,23781336825
23781463447,23781908027
23782205703,23782300885
23782798431,23783058240
23784936082,23785296214
23786282465,23786428109
23786482817,23786756239
23788541152,23789145166
23791339557,23791847849
23793906050,23794080538
23795315767,23795715102
23795763516,23796229163
23797794804,23798234916
23799075443,23799368697
23800516346,23800624812
23800891027,23801268042
23801502622,23801795210
23803395491,23803784578
23804010131,23804555962
23805417822,23805809708
23807090946,23807554558
23808142390,23808246579
23809181513,23809905314
23809832289,23810268470
23809929293,23810030069
23812131530,23812538882
23812353483,23812438105
23813798970,23814256496
23815162465,23815579051
23816616697,23816640508
23816641955,23816989274
23817270071,23817627103
23817700338,23817886079
23818222698,23818516762
23818611645,23819036591
23818970290,23819097570
23821509551,23821906902
23821912476,23822253616
23822902133,23823594391
23824685698,23824937625
23825717659,23826219388
23825889371,23826189299
23826863696,23827092073
23827080696,23827124873
23827612986,23828123793
23828220259,23828370444
23829246308,23829696566
23830051734,23830522380
23832936063,23833361214
23833330564,23833788916
23834077180,23834390892
23834241767,23834353677
23834552467,23834845727
23835694115,23835819282
23836349286,23836602555
23836759741,23836841059
23837753406,23838074175
23839317291,23839431646
23839573838,23839819999
23839733948,23840155045
23839838307,23839949123
23839993458,23840080773
23840256543,23840397896
23840600178,23841125205
23841996900,23842413662
23843333933,23843735402
23844297888,23844712080
23845854813,23846128670
23846029258,23846445726
23846161154,23846348576
23847127625,23847452571
23847763634,23848013534
23847982232,23848436403
23848767997,23849034298
23849523927,23849923132
23849673507,23850066389
23850856497,23851127977
23851420359,23851920624
23853631010,23853923190
23854352573,23854790920
23855120687,23855281857
23855166165,23855485537
23856922127,23857223175
23858297269,23858663055
23859479367,23859832524
23860305607,23860574980
23863260648,23863536261
23863645568,23863958532
23866295049,23866331084
23867680523,23867765323
23867834787,23868066539
23868303776,23868371806
23868308594,23868802636
23869445511,23869723099
23870268859,23870307719
23872176105,23872547343
23873856607,23874097344
23873985315,23874316144
23877180889,23877687467
23877634583,23877825918
23878649174,23878927266
23878996124,23879475172
23880163984,23880719506
23882030913,23882361093
23882203204,23882336597
23883638164,23883762117
23884480340,23884618672
23885318606,23885373727
23886775076,23887296775
23888002208,23888176695
23888178531,23888551534
23890092500,23890475097
23890488906,23890994627
23890867795,23891037689
23891016771,23891187973
23891464111,23891956305
23891486356,23891933483
23893578014,23894097523
23893768010,23894126536
23894250585,23894592552
23894683258,23894930404
23894685662,23894923371
23895047437,23895315104
23896116806,23896249798
23897868314,23898386769
23898826940,23899131441
23899139315,23899394129
23899388982,23899741511
23900358692,23900607301
23902105977,23902236697
23902270713,23902696991
23902470878,23902770156
23904333503,23904495557
23905128247,23905630007
23905427352,23905647670
23905651896,23906167162
23905764334,23906254365
23907564959,23908005133
23908011043,23908404967
23909266263,23909624803
23910511520,23910828312
23911629663,23911813424
23912040367,23912285098
23912166656,23912517486
23912324836,23912591734
23912986223,23913358042
23913060828,23913238259
23913689217,23914182477
23914337145,23914446236
23914482327,23914876461
23914798432,23914952436
23921046992,23921288701
23921234581,23921366667
23921673922,23921903555
23922308757,23922757347
23923308502,23923741809
23924166199,23924635615
23924198153,23924399659
23924520854,23924663871
23925839317,23926046681
23925913950,23926139606
23926332964,23926372333
23927725529,23927812864
23929268126,23929671812
23929332179,23929645429
23930141167,23930521592
23930561070,23930960111
23931881976,23932386289
23933212072,23933742938
23934115895,23934316172
23935715074,23936201827
23935848830,23936049029
23936054185,23936409708
23936537213,23936759272
23937162449,23937476521
23937299478,23937720233
23937363218,23937487673
23937816452,23938223270
23937978532,23938247583
23938388112,23938812200
23939676158,23940008126
23940511004,23940971818
23941227526,23941510508
23941945662,23942307880
23942686444,23942851805
23942865191,23943104219
23943541084,23943846495
23945855357,23946417216
23946978874,23947050308
23947510634,23948038208
23948475084,23948617524
23949420920,23949575829
23949978249,23950256418
23954376728,23954747896
23954786273,23955084206
23958999223,23959361053
23959157010,23959608803
23959197133,23959490816
23960796652,23961311905
23960991675,23961147266
23961269465,23961581983
23962755081,23963219803
23962962015,23963422864
23964108877,23964284251
23964563034,23964656914
23964647129,23965315363
23964930218,23965114199
23965350846,23965387858
23966406107,23966823208
23966877008,23967051995
23966884350,23967382524
23967784114,23968225108
23968491283,23968588194
23969089104,23969585531
23971136715,23971561100
23971805884,23972140601
23974826272,23975121739
23975130425,23975524632
23975940427,23976391654
23976288192,23976655722
23976603841,23977204841
23977620024,23977934837
23978819543,23979108298
23980259450,23980620523
23981061331,23981486181
23982344634,23982844639
23982825749,23983022823
23983040052,23983157266
23985004159,23985411835
23986432715,23986674037
23988080683,23988591005
23989458823,23989745958
23989486866,23989942168
23989582021,23990136638
23989666669,23990063698
23990404589,23990690353
23991478664,23991713450
23991912130,23992057049
23992516400,23992744300
23993408971,23993559458
23993602408,23993922711
23994361090,23994698023
23994858579,23995133881
23995847441,23995983920
23996751507,23996782552
23997147529,23997249364
23998147745,23998501217
23998625714,23998681777
23999691977,24000095218
24001460460,24001560824
24001748272,24001939424
24001909879,24002029790
24003263516,24003656397
24003691113,24003953090
24004712117,24004999058
24005003510,24005265388
24006154934,24006235139
24006226468,24006285077
24007947088,24008145642
24008489112,24008598014
24009404315,24009806678
24009444266,24009683630
24009672250,24010011936
24009965637,24010442609
24010474499,24011353000
24011342459,24011733081
24011492613,24011712248
24012674375,24012881860
24013468211,24013880491
24014704214,24015108494
24014765459,24015078426
24015274862,24015602792
24015361010,24015472434
24015682324,24016404881
24017229929,24017695272
24017271436,24017504771
24019115082,24019591902
24019421310,24019907678
24019800727,24020348305
24020836146,24020936184
24021385376,24021668402
24021687326,24021973071
24022237809,24022435937
24022305212,24022431279
24023737842,24024231318
24024437303,24024495391
24025899402,24026265322
24027087567,24027368392
24029412276,24029532205
24030014727,24030053479
24030193996,24030530053
24030737021,24031207839
24032020950,24032292076
24032673242,24032811856
24035788204,24036296848
24035999625,24036341210
24036213949,24036372026
24036788988,24036939944
24037413905,24037764576
24037426212,24037459007
24037673005,24038002403
24038788973,24038899179
24039286732,24039839597
24039528620,24039878992
24039538455,24039781471
24039932132,24039991488
24041098409,24041312777
24042141843,24042211322
24042443521,24042844664
24042926286,24043176851
24043586103,24043628865
24044435271,24044647653
24044969764,24045409060
24045099342,24045615148
24045582431,24045983623
24045891729,24046373238
24046040452,24046403709
24046402773,24046683767
24048743651,24049152471
24050443013,24050786360
24051963026,24052253292
24053110960,24053602435
24053278605,24053427839
24054316707,24054867021
24054950199,24055001435
24055133113,24055507872
24055235139,24055620328
24056320536,24056482657
24056797172,24057000827
24056830994,24057206790
24057284929,24057745546
24058122097,24058373694
24058271181,24058756453
24058594283,24059307033
24058741847,24059286406
24059085116,24059738628
24060096660,24060402827
24061090467,24061314846
24061265691,24061511859
24061526184,24061991229
24061991205,24062130913
24062318039,24062639345
24063045438,24063294356
24063237406,24064003563
24063928886,24064306677
24064032409,24064407928
24064544760,24064675052
24064570404,24064764625
24065425371,24065525737
24066324223,24066562747
24066842219,24067219458
24067475624,24067971405
24069092767,24069420369
24069872603,24070159784
24070477210,24070948061
24070994193,24071172115
24073293450,24073568038
24073962688,24074050241
24074200069,24074459616
24074381987,24074840482
24075498431,24075827600
24075783601,24076217824
24075830200,24075959969
24076092966,24076436325
24076263271,24076611814
24076823427,24077278293
24077355376,24077813908
24078566340,24078945186
24080021878,24080038477
24080077654,24080106882
24080396938,24080485804
24080705894,24081025562
24080868416,24081316539
24081352779,24081786342
24081601297,24081968519
24082186784,24082591992
24085066606,24085601732
24086173185,24086477757
24086664268,24086932982
24086886481,24087162899
24087515055,24087635170
24088486300,24088685330
24088749707,24088880585
24089339288,24089750287
24089650776,24089895683
24091277240,24091454439
24091719274,24091970847
24091792764,24092344684
24093692046,24093965026
24093866067,24094238115
24094305910,24094480675
24095322330,24095582041
24095833188,24096261163
24095997026,24096623598
24098419825,24098762678
24099030479,24099436013
24099039645,24099294323
24099610266,24100172238
24100263087,24100559800
24100304518,24100493063
24100400772,24100760317
24102916892,24102943731
24104809188,24104845653
24106299310,24106673482
24106977582,24107223268
24108170408,24108708221
24110169306,24110471158
24111414074,24111787648
24112456723,24112750962
24112612536,24113135025
24113099838,24113192003
24113186235,24113601909
24113621052,24113807899
24114603901,24114739924
24114619924,24114957052
24116447770,24116935264
24117260272,24117343544
24117499316,24117680032
24117807886,24118404316
24117816448,24118366788
24121766207,24122140808
24122181505,24122468563
24122434977,24122473797
24123969576,24124123198
24124599277,24125305395
24124874362,24125417819
24127336958,24127648228
24128293547,24128362709
24128640039,24128852063
24130006364,24130250553
24130612239,24130937947
24131063333,24131273978
24131332008,24131785239
24132582984,24133062885
24135388443,24135742890
24137239398,24137572424
24137244249,24137502672
24137322120,24137679430
24143050185,24143710327
24144125104,24144554717
24144332818,24144683466
24144372906,24144423723
24144836268,24144944305
24145044824,24145490534
24146592568,24146997871
24146629855,24147024472
24147107235,24147407852
24147239225,24147667140
24147440824,24147568695
24147611179,24147957632
24147681619,24147815834
24151323693,24151622285
24153870671,24154506233
24154284378,24154889134
24154933385,24155314880
24157539741,24157880910
24158640558,24159116618
24159434112,24159795536
24159893821,24160279738
24159935748,24160309092
24160747919,24161087760
24161164394,24161342048
24161335033,24161803019
24161757002,24162194378
24162664234,24162783500
24163465953,24163642143
24163623747,24163886052
24164830941,24165125206
24165541159,24165683055
24166869273,24166960151
24167560669,24167786358
24168771879,24169118916
24171066557,24171506350
24171119465,24171452697
24173646180,24173754834
24176485432,24176918150
24178357838,24178453267
24179132163,24179528119
24180351159,24180380747
24181075120,24181401126
24181426972,24181803123
24183037223,24183465891
24183516138,24183812603
24183772587,24183786857
24184368121,24184564068
24185857758,24186369513
24185918312,24186447878
24186691204,24187205443
24188829133,24189217608
24190389919,24190615060
24190826051,24190847393
24192994986,24193221489
24193679260,24194045162
24194035294,24194419277
24196800809,24197179458
24197454292,24197677435
24197839536,24198289671
24198131721,24198326211
24200245876,24201173486
24201568486,24202037639
24201719271,24201999323
24203236576,24203257932
24203890165,24204072205
24204373579,24204715252
24204625183,24204996835
24205030269,24205432907
24205269445,24205531543
24205654427,24206054024
24206254925,24206327191
24209328486,24209591101
24209579249,24209907350
24211033385,24211153986
24211495480,24211571883
24212119934,24212215486
24212166703,24212275960
24212220626,24212566793
24214057034,24214322275
24214404158,24214851816
24215072279,24215336124
24216037577,24216332477
24216786557,24217090923
24217201349,24217325032
24218939065,24219117371
24218979042,24219221843
24219677089,24220008245
24220225071,24220480446
24220483129,24221088849
24220830264,24220976634
24222540865,24222753779
24222721053,24223312611
24224208371,24224684246
24224708072,24224984272
24225386800,24225623154
24225625607,24226144468
24225861758,24226069462
24227097630,24227451460
24227870014,24228190286
24229351491,24229434448
24229614943,24229987735
24229848363,24230135200
24230385523,24230480118
24230924878,24231529586
24230982093,24231375392
24231040083,24231415073
24231861800,24231905648
24231977836,24232153967
24232031977,24232523441
24232734144,24233170083
24233097499,24233391807
24233238780,24233413302
24234523903,24234935548
24234524031,24234920614
24234900594,24235255069
24237475916,24237941469
24237536457,24237881106
24239848967,24240268626
24240771034,24240961875
24241439229,24241739516
24242539947,24242907859
24243994185,24244151423
24244736215,24244856087
24245117636,24245384898
24246754260,24246786349
24247733045,24247934820
24248675845,24249152085
24249564643,24249824421
24251423813,24251760628
24251529681,24251902280
24253519678,24254052274
24254521276,24254724665
24254648729,24255107370
24254843974,24255040929
24255146570,24255481576
24255955208,24256068019
24256684763,24256776912
24257087910,24257117036
24257489898,24257843028
24257852161,24258474347
24258321417,24258765972
24258767491,24259215984
24259542527,24259846024
24259574743,24259865809
24260680079,24260892453
24262318986,24262858686
24266497864,24266940394
24266974694,24267375092
24267753193,24267822273
24269396058,24269736633
24269859748,24270095147
24270835484,24271013532
24271147863,24271218584
24272715181,24272874124
24272945831,24273294069
24274838097,24275055931
24275229192,24275428708
24276476194,24276625989
24276653855,24276673750
24276785081,24277026573
24277013154,24277292342
24277684045,24278145939
24279191997,24279522019
24279472849,24279553084
24279920428,24279964822
24280904021,24281078894
24281356337,24281798320
24281748762,24282094064
24282357294,24282807190
24283059910,24283666639
24284720688,24285218756
24286078892,24286214932
24286810984,24287137275
24287316222,24287534286
24287457026,24287575058
24288286600,24288489199
24288591173,24288851830
24289331512,24289441319
24289382599,24289535890
24290216911,24290678147
24291066635,24291505741
24292840684,24293085080
24294770086,24295225488
24294933868,24295195350
24296412947,24296839076
24298511029,24298584384
24298621026,24299076101
24298823827,24298855314
24298857456,24299289428
24300034097,24300383411
24300873379,24300997901
24301365293,24301634656
24301387505,24301785235
24301721513,24301914642
24301733980,24301939807
24301860886,24302420344
24302431977,24302780449
24302497797,24302902551
24303132107,24303301977
24303299629,24303415462
24303326762,24303351842
24305500078,24305827788
24306332477,24306790314
24306674452,24306930706
24307692777,24308272968
24308410709,24308600898
24309477623,24309955378
24309984311,24310171379
24311319190,24311618788
24311508280,24311905495
24316270012,24316528299
24317081506,24317555856
24317202150,24317467399
24317751504,24318123472
24318148156,24318462406
24319807839,24320009474
24321112530,24321127504
24323008878,24323177704
24323368647,24323798559
24323472143,24323699923
24324438228,24324984014
24324870580,24324997799
24325247567,24325418567
24325433280,24325642314
24326066411,24326267402
24327978460,24328019907
24328123797,24328219065
24328788783,24329108809
24329171173,24329264271
24330714439,24330853401
24331057421,24331328198
24331345226,24331599541
24331722921,24332138076
24331876127,24331926231
24332106607,24332145769
24333248352,24333650843
24335318301,24335460754
24336344550,24336599084
24336396841,24336631790
24336428789,24336493508
24336556969,24336985235
24337063322,24337352938
24337354522,24337830897
24337417865,24337492453
24338451907,24338597529
24338542626,24338693955
24339812087,24340072242
24339939276,24340193226
24340211516,24340560041
24340917088,24341487682
24341291665,24341741939
24342391203,24342620433
24342484082,24342939924
24343423077,24343806869
24345040241,24345184887
24347192903,24347664893
24350232020,24350505513
24350359441,24350698590
24350407322,24350658809
24350769800,24351185865
24351561303,24351927877
24353283723,24353578136
24353817539,24354229812
24353968246,24353984671
24354293669,24354531900
24354629590,24355098790
24355054172,24355321666
24355338626,24355827121
24355357131,24355711500
24355362680,24355493001
24355467079,24355865133
24355686165,24355922066
24355885445,24356262407
24358100413,24358358046
24358478321,24359024121
24359045220,24359214199
24359246952,24359389152
24361358039,24361713996
24364181771,24364467089
24364266255,24364693697
24364662546,24364917838
24365929580,24366133844
24366473165,24366774280
24366489080,24366526591
24367231130,24367704744
24367688817,24368025018
24368341202,24368824778
24368377513,24368868296
24368779951,24369379593
24368885126,24369401684
24369701096,24370208198
24371289949,24371624658
24372687960,24372917004
24373540691,24374075654
24374222634,24374406243
24375460914,24375984690
24375717850,24376126489
24377238405,24377540444
24377938405,24378458399
24378242046,24379028655
24378276024,24378689540
24378960354,24379108294
24379488887,24379848242
24380825001,24381244353
24381677289,24381812801
24381815328,24382117492
24382515668,24383070710
24384386115,24384619894
24384480576,24384858352
24386356575,24386599320
24387608143,24387794873
24388226190,24388718495
24388592088,24389013898
24388649333,24389074164
24389135991,24389592599
24389831649,24390064787
24390745017,24390873663
24391515783,24391583779
24391770680,24391911068
24392468205,24392571020
24392659677,24392966930
24392778382,24393118586
24396064957,24396296635
24397899170,24397933879
24399426257,24399758149
24399971838,24400292441
24400748980,24401149144
24400790913,24401311888
24401331923,24401741421
24401837834,24402061710
24402206110,24402449783
24402289094,24402661464
24403490950,24403855676
24404774936,24405026351
24405102262,24405343802
24405373212,24405784580
24405906079,24406108673
24406110052,24406419779
24408934609,24409163381
24408998903,24409156840
24409130350,24409534987
24409641038,24409827832
24410710055,24411122447
24411540088,24412174378
24412512860,24412721902
24412660441,24412768383
24413823660,24414175616
24414368985,24414763179
24414515889,24414856870
24414705233,24414912363
24415625666,24415645088
24415858776,24416165930
24417177711,24417231442
24417959796,24418290266
24418804879,24418970539
24419081938,24419175684
24419410566,24419531342
24423163646,24423352275
24423505042,24423816125
24423614486,24423868412
24425039932,24425386543
24427711529,24427924448
24428093436,24428499546
24428571716,24428965852
24428664791,24429046317
24428992677,24429127174
24429678007,24430109142
24430099088,24430317508
24431451403,24431836541
24431976668,24432284813
24432559631,24432872598
24432996177,24433354073
24433363199,24433597873
24435157996,24435630962
24436733923,24436949694
24436855540,24437220987
24437100071,24437553988
24437936226,24438185463
24437992705,24438116846
24439118302,24439385425
24439724112,24440161785
24439877757,24440213720
24442899292,24443029004
24443661142,24443891343
24444471461,24445022231
24444682181,24445047582
24445670580,24445746116
24446108051,24446297186
24447428658,24447580606
24448443028,24448692798
24448746923,24449028487
24449752778,24449998195
24450610528,24450882861
24452593945,24453148406
24454078452,24454544357
24455364971,24455647616
24455690141,24455981010
24456367065,24456703279
24457941126,24458368444
24458084480,24458476227
24458322769,24458437251
24458879269,24459181833
24459112833,24459298803
24460255579,24460425516
24460311427,24460440617
24461412634,24461821054
24464105819,24464468679
24464144245,24464556999
24464621920,24464807333
24464744115,24465073863
24465075016,24465337862
24466147973,24466535409
24466277954,24466452853
24466552453,24466817169
24466592735,24466905953
24468274042,24468566325
24469325484,24469783536
24469567080,24469609692
24469852936,24470201127
24472680146,24473129388
24472923149,24473277086
24473169059,24473218600
24473701531,24474138296
24473945399,24474583972
24475196699,24475674357
24475218418,24475433975
24475676721,24475703534
24476116846,24476507998
24477584404,24477675100
24478126943,24478243828
24478893540,24479128893
24478968132,24479343607
24480181951,24480441806
24480653422,24480685858
24481471487,24481626420
24481535835,24481655611
24481537028,24481827397
24482954358,24483218933
24488091303,24488231372
24488781768,24488965759
24488986486,24489304044
24490400488,24490576423
24490736498,24490840115
24490879814,24491308848
24492207839,24492416047
24492232024,24492697249
24492444826,24492800277
24492752332,24492868073
24493181746,24493444889
24493295404,24493752151
24493603469,24493852753
24493702129,24494101787
24494697532,24495128084
24494904552,24495259621
24495141635,24495468535
24497972029,24498406619
24499699210,24500001333
24500340563,24500754693
24501667877,24502165719
24502565172,24502795567
24502844485,24502899186
24503793035,24504066006
24503872791,24504078267
24506744270,24507197688
24506851934,24506948660
24507090706,24507203895
24507821384,24508107780
24508431942,24508828415
24509015231,24509155924
24509194526,24509339675
24510957412,24511371887
24512297662,24512402910
24512864562,24513107504
24513421923,24513489010
24514140914,24514168663
24514188047,24514758104
24514519340,24514584363
24517030163,24517315669
24517151751,24517331582
24517367135,24517661065
24517664201,24518161395
24518917581,24519256426
24519899478,24520012449
24520503321,24520856111
24520639907,24520726766
24520972306,24521243849
24521105030,24521290330
24523913716,24524357275
24524374254,24524514101
24525758339,24525993059
24525938743,24526141066
24526370056,24526938231
24526432890,24527156121
24527622081,24528083445
24530299419,24531149852
24530852362,24530885644
24531690981,24532105916
24532107583,24532454398
24532493689,24532564557
24532555642,24532844633
24532715676,24533035692
24532845994,24533271574
24533045259,24533405537
24533073103,24533350729
24533308903,24533598182
24533439654,24533466413
24534341578,24534826339
24534694493,24535141408
24534858543,24535050867
24535078824,24535472620
24535262125,24535489934
24535507496,24535810875
24535937886,24536225630
24536401485,24536452423
24536453977,24536642571
24537195463,24537639941
24537978379,24538172460
24538492173,24538886287
24539160516,24539429650
24540236621,24540359011
24540572996,24540922419
24541081868,24541533399
24541447841,24541570959
24541529937,24541813172
24541600035,24541656112
24543007900,24543129207
24543087183,24543314919
24543363765,24543540194
24546405658,24546439948
24546765927,24546916042
24546953429,24547384069
24547397421,24547759518
24551370795,24551863427
24553017982,24553233282
24553691833,24554140824
24554082584,24554197343
24554588440,24555066702
24554753714,24555090063
24555588858,24555920899
24556028051,24556393172
24556212491,24556610211
24556355953,24556816251
24556633857,24556665668
24556669951,24556916549
24556929704,24556959955
24558771622,24559079031
24558884796,24559293182
24558965643,24559355705
24559441462,24559675520
24560980576,24561149366
24561333992,24561487939
24562124520,24562351220
24562238107,24562401941
24563516438,24563768644
24563757361,24564263651
24564678888,24565245592
24565754991,24566054920
24565804166,24566063711
24567149411,24567308416
24567154332,24567214654
24568009719,24568366546
24568026991,24568120399
24568554721,24568677158
24569778239,24569986114
24575207448,24575758013
24575515067,24575835611
24575812579,24576183439
24575985107,24576230475
24576332729,24576798237
24576938216,24577015028
24577037028,24577445043
24577132437,24577520498
24578693781,24578744397
24579479470,24579641180
24579845276,24580076961
24580473946,24580792386
24580719889,24580855389
24581355187,24581440941
24581946601,24582388059
24582767629,24582802265
24583212448,24583349095
24583843855,24584150734
24584034709,24584231684
24584166068,24584190839
24584167825,24584585288
24586107513,24586977691
24587085350,24587506825
24587442273,24587905448
24589422054,24589665202
24591022117,24591469696
24593055748,24593539618
24597159825,24597394195
24597481033,24598026106
24598152542,24598353853
24599391165,24599568716
24599853895,24599984406
24600013701,24600169721
24600977443,24601065817
24601441224,24601973220
24601497886,24601845029
24605462322,24605840247
24607748411,24607980816
24608945560,24609280860
24609272564,24609675571
24610209944,24610507302
24610335656,24610810245
24610661836,24610947394
24611174051,24611553108
24614855492,24615097329
24615229916,24615543419
24615863728,24616121790
24616149068,24616480557
24616152535,24616324813
24616487859,24616628464
24617288696,24617695520
24618080679,24618208510
24618358041,24618639875
24619645572,24619765437
24620588327,24620801542
24621580638,24621776449
24623340308,24623567586
24624103056,24624211220
24624603254,24624953262
24624920254,24625318789
24625199199,24625882542
24626243086,24626481152
24626765253,24627236343
24626797697,24626897125
24626910893,24627050880
24627060980,24627288284
24628322096,24628799461
24628968796,24629431081
24629406153,24629688993
24629452104,24629657144
24629756712,24630307074
24632313087,24632529130
24633086167,24633615248
24633385086,24633640479
24633451034,24633825104
24633955729,24634308482
24634957625,24635492697
24636109971,24636501059
24636131669,24636450962
24636470956,24636564401
24636741106,24637107703
24637170745,24637479229
24637243107,24637646209
24638783667,24638811463
24639567593,24639617078
24640975385,24641187359
24642115436,24642350997
24642379644,24642792317
24642438146,24642553285
24642580934,24642973161
24642814539,24643291467
24643995508,24644284444
24644430858,24644712885
24644718731,24645096170
24645149933,24645475946
24646256497,24646604032
24646470983,24646906152
24647661343,24647799135
24647747407,24648173597
24649684993,24649916059
24649714447,24650130271
24649865760,24650028862
24649918402,24649967775
24649935825,24650076651
24650423863,24650516194
24652168806,24652548192
24652808778,24653292092
24653358355,24653402854
24654848178,24655047878
24655149773,24655372648
24655216198,24655545691
24655290745,24655627188
24656873238,24657107546
24656983294,24657246665
24657670715,24658203243
24658837597,24658898590
24661234981,24661600730
24663301366,24663695961
24663859666,24664087711
24664620886,24665139064
24666056676,24666254900
24666147828,24666656269
24666250688,24666620503
24667652950,24668094195
24668204556,24668518428
24668915388,24669006570
24669590371,24669690919
24669960199,24670225017
24671477534,24671669850
24671506582,24671643057
24671994801,24672228519
24672295252,24672421622
24672443551,24672626063
24676447220,24676497470
24677175953,24677236194
24678983277,24679194164
24679615907,24679757950
24679927510,24680163512
24680725815,24680937050
24681217294,24681694343
24681603439,24682122823
24681626075,24681949047
24682281029,24682589459
24683348083,24683682770
24685696049,24685880562
24686527916,24686943080
24687655806,24688025493
24688612964,24688726634
24688927422,24689418077
24690171666,24690356783
24690558664,24691090019
24691163012,24691414686
24691726418,24691760186
24693619538,24693797488
24693702641,24693824804
24694240625,24694662954
24694650369,24694859012
24694953979,24694991888
24696244531,24696646683
24696649992,24696909479
24696967420,24697120280
24698508087,24698980162
24699172385,24699441222
24700144501,24700505531
24700302719,24700742527
24700577621,24701052150
24701492525,24701818015
24701959891,24702047923
24702230149,24702681463
24702605699,24702856661
24705521689,24705537132
24706007959,24706362012
24706065619,24706331001
24706506104,24706624389
24706744259,24706953931
24707493420,24707748347
24707498454,24707764822
24709013341,24709429743
24712170583,24712255187
24713555521,24713861423
24714127797,24714202716
24715026048,24715713114
24715826456,24716023945
24716538853,24716829758
24716668046,24716999226
24716860642,24717251976
24717013279,24717550218
24718793516,24718932879
24719157503,24719448781
24721099960,24721229919
24721879943,24722079276
24722118868,24722555915
24723214400,24723426001
24723659443,24724024737
24724245155,24724724117
24724552270,24724864387
24725952249,24726334203
24727943626,24728189546
24731662063,24731863468
24731734444,24732038286
24732271441,24732683016
24733312991,24733370473
24734060961,24734159349
24734185966,24734370160
24736257565,24736617131
24736487329,24736674353
24736964650,24737433639
24737453244,24737507695
24737859030,24738047795
24739543660,24739641897
24740223579,24740275556
24740277481,24740750697
24741368007,24741393058
24741910036,24742147362
24742144160,24742230686
24742239062,24742491924
24742333920,24742634897
24745256122,24745537942
24745300759,24745536068
24745818690,24746069060
24747673464,24747760050
24748192427,24748614560
24748931052,24749029174
24749426557,24749899988
24749789952,24750199071
24751253069,24751396139
24751667580,24752097385
24753895281,24754108658
24755344483,24755667734
24756761772,24756915515
24756830853,24757231289
24757199641,24757493417
24758321438,24758647514
24758540613,24758870955
24759149686,24759390405
24759161678,24759494831
24759202706,24759701958
24760532169,24760926632
24760679809,24760750176
24761865501,24762178110
24762158513,24762610838
24762471647,24762868947
24762783602,24763253529
24765007983,24765423267
24765625207,24766064466
24765743772,24765891027
24765904378,24766188807
24767562379,24767736636
24768684617,24768719910
24769787335,24770303618
24769963607,24770479136
24770607001,24770629336
24771669946,24772003241
24771841763,24772211579
24772076560,24772531477
24772454762,24772692265
24772795242,24772873249
24773015662,24773463742
24773318808,24773633568
24774169569,24774583009
24775236839,24775634144
24775407750,24775418670
24777251878,24777405168
24777312521,24777725136
24777746988,24778182700
24780377490,24780579165
24780860618,24780935161
24781177060,24781637262
24781384557,24781851073
24782192227,24782562091
24782583899,24782984977
24783311817,24783746739
24783737825,24784033138
24784629916,24784723541
24785090393,24785386077
24785778911,24786174932
24786526826,24786664068
24787159968,24787348796
24787608640,24787873754
24787699073,24788222486
24788801906,24789044182
24792054924,24792155265
24793129243,24793250766
24793608693,24794018915
24795264721,24795330432
24795413373,24795672583
24796548229,24796818790
24797501669,24797946821
24797981433,24798078564
24798013429,24798058560
24798551403,24798868944
24798628487,24798748737
24799765338,24800188634
24799902445,24800322832
24800792917,24801137977
24801905014,24802388547
24802189907,24802479755
24804659661,24805002164
24806015040,24806509804
24806098984,24806352457
24806516604,24806745193
24809272755,24809595442
24810075971,24810281936
24811808815,24812142438
24812303932,24812692486
24812600433,24813107272
24812734172,24812910515
24812785109,24812966283
24813475369,24813803010
24813716500,24814013010
24814793222,24814976170
24815463386,24815621991
24815505698,24815774747
24815800310,24816208548
24816613170,24816820390
24816863077,24817034205
24816961574,24817291012
24817186378,24817212986
24819853501,24820158080
24820094262,24820544723
24820673597,24821209677
24821515009,24821902985
24821555158,24821762075
24822016330,24822132745
24822909341,24822957529
24825788582,24825845048
24826109827,24826288053
24826441878,24826632692
24827924660,24828289842
24828240288,24828778058
24829880859,24829918068
24831280335,24831326675
24831580957,24831792866
24831683652,24831820594
24832872391,24833276696
24834952954,24835407027
24835690104,24835813742
24836402455,24836704654
24837498305,24837996322
24839300080,24839557565
24839796911,24840034290
24839945233,24840188366
24841495327,24841781055
24841725884,24841842083
24842719596,24843162793
24843643197,24843793427
24843713742,24843869171
24844631519,24844864683
24847311287,24847724263
24849093007,24849269776
24850047978,24850563098
24853087098,24853207720
24854084831,24854298452
24854873964,24855340414
24855720169,24856059798
24855879452,24855933357
24855983125,24856208552
24856560049,24856961580
24858512097,24858898113
24860209416,24860485029
24861113804,24861555802
24861366162,24861741331
24861557859,24861836055
24862700207,24863013642
24862974697,24862998410
24863921293,24864271736
24864347465,24864738732
24864570312,24865159740
24864572869,24865170853
24864782628,24865255036
24865350912,24865521456
24865776469,24865905136
24866282284,24866758793
24866902071,24867161226
24869314710,24869460837
24870422283,24870474254
24870423941,24870574436
24871323935,24871841722
24872580257,24872719549
24873003488,24873053899
24873227456,24873458348
24874128194,24874407003
24874571728,24874901210
24875673447,24875980831
24875837236,24876273898
24876317237,24876704264
24876832982,24877282087
24876953726,24877191692
24877529074,24877833015
24877819917,24877887226
24879530462,24879865468
24879888700,24880101101
24881679104,24881934747
24881936541,24881979968
24882134114,24882409971
24882454956,24882700365
24885689259,24886205087
24885742610,24885829725
24886262559,24886488520
24888068757,24888082647
24889176687,24889627244
24889705717,24890075754
24890255779,24890505047
24891984119,24892178071
24892090561,24892202259
24894069784,24894103232
24894553395,24894811179
24894747608,24895108254
24896255084,24896714670
24897170254,24897769389
24897394504,24897524969
24897678452,24897945009
24899923499,24900125127
24900452054,24900783223
24902944636,24903463656
24903191096,24903488883
24903267552,24903796362
24903796705,24903994078
24905727046,24905878436
24906200878,24906497053
24907902069,24908209224
24908945467,24909299947
24909959319,24910220300
24911511574,24911959963
24912425014,24912809059
24912810344,24912867262
24912861053,24913168306
24914193163,24914449161
24917377924,24917619375
24918349069,24918598988
24919364149,24919621898
24919699012,24919970949
24919826779,24919967336
24920399926,24920901225
24920574729,24920943087
24921611461,24922013338
24921705102,24922110876
24921826566,24922384412
24922407406,24922881664
24924829438,24925236215
24926890205,24927075688
24927208991,24927577742
24927593308,24927784945
24927637461,24927956618
24927638544,24928017383
24927841774,24928283166
24928405796,24928773784
24928521834,24928653371
24928895419,24929458807
24930530649,24930567324
24931099199,24931326006
24931170570,24931572511
24931394081,24931561193
24931565432,24931871782
24931879283,24931955305
24932960296,24933370299
24933691126,24934086357
24933938097,24934178632
24934574800,24935193509
24937221130,24937466649
24938317152,24938647817
24939725312,24940055450
24940741472,24940939605
24942218140,24942745205
24942245328,24942491066
24942506605,24942546524
24942658278,24943084253
24942700951,24943029409
24943866325,24944173570
24944552510,24944973046
24945612537,24945865191
24948156311,24948284781
24948290570,24948674863
24949005558,24949185904
24950109300,24950336781
24950738395,24951057087
24953848190,24954003135
24954083719,24954154788
24954424879,24954518236
24955715297,24955785867
24955934322,24956458382
24956443979,24956719245
24956786759,24957250943
24957207773,24957514611
24958145209,24958432458
24958704670,24959019741
24960290435,24960685773
24961411179,24961605353
24964342996,24964862650
24965088717,24965435501
24965631620,24966009430
24965915470,24966183563
24966044629,24966503925
24966303517,24966503244
24968413116,24968623455
24968868632,24969089239
24969093337,24969258277
24969581966,24970040031
24970775208,24970848549
24970791957,24971270972
24971252371,24971489401
24971500583,24971635847
24971874334,24971909428
24972581197,24973028166
24972749757,24972914227
24973142701,24973562279
24973914253,24974295752
24975055961,24975610920
24975409905,24975720230
24976013356,24976061466
24976171893,24976235077
24976733832,24976922876
24977447618,24977708671
24977714970,24978076078
24978077489,24978368458
24979242865,24979587398
24983860329,24984290286
24984521671,24984682556
24984664945,24984880275
24985483772,24985677738
24985620005,24986138399
24985821810,24986041761
24985962007,24985986899
24986057375,24986515905
24986592943,24986885797
24988943546,24989416753
24989515425,24989656509
24990422079,24990803196
24990433332,24990610869
24990831289,24990955265
24991254740,24991393392
24991582907,24991878276
24991662364,24991965080
24992187520,24992704397
24992306709,24992566806
24992433188,24992902963
24992437961,24992939319
24993646620,24994071058
24994973781,24995344691
24996083644,24996347387
24998464322,24998647980
24998807989,24999374681
24999741353,25000024405
24999771268,24999817798
24999931293,25000242841
25000311630,25000724593
25001081304,25001537624
25001117329,25001384964
25001631219,25001741388
25001639308,25001999526
25002039443,25002102898
25002405007,25002756535
25002576660,25002796608
25002869960,25003582113
25006023194,25006074977
25006734722,25007135223
25007313529,25007515189
25007808451,25008067711
25009698426,25009929275
25010629819,25010973136
25010876463,25011239439
25010991689,25011284970
25011339804,25011858487
25012361843,25012676526
25012703483,25012755154
25012950780,25013383204
25013108097,25013589846
25014336923,25014640440
25014341319,25014619325
25016203795,25016297974
25016545874,25016646811
25016990434,25017417828
25017476780,25017569192
25017773523,25018155289
25019785100,25020222860
25020273284,25020460812
25021270103,25021582314
25022021225,25022085095
25024467839,25024922707
25024610870,25024833953
25025211739,25025322224
25025328799,25025581639
25027146289,25027477922
25027605463,25028038733
25028420673,25028491617
25029359950,25029933865
25029705564,25030173460
25029831432,25030436241
25029959670,25030379689
25030185673,25030341714
25030649498,25031116376
25031027661,25031311687
25031097710,25031321276
25031814162,25032052330
25031895913,25032193782
25033063969,25033310653
25033443003,25033789453
25033600836,25033977252
25034623568,25034816953
25034789284,25035088851
25034920054,25034981933
25034960427,25035398218
25034962660,25035233108
25035672572,25036012095
25036974206,25037187506
25037439949,25037863918
25037805115,25037894090
25039004018,25039113246
25039157767,25039246610
25039258974,25039578906
25039666762,25039985849
25041298601,25041372639
25042146724,25042301694
25044715412,25044763817
25046526360,25047093066
25047434197,25047484003
25047536105,25047926068
25048137625,25048557052
25049405394,25049504197
25050833327,25051180711
25052126961,25052364247
25052377226,25052678726
25052688151,25053385533
25053316908,25054011793
25053635171,25053785473
25054631937,25054829800
25054647666,25054832927
25055001762,25055368987
25056614852,25057005328
25057031985,25057179758
25058985541,25059220188
25059208101,25059483706
25060389391,25060955689
25061039876,25061451585
25062064143,25062152665
25062163303,25062545637
25062238280,25062684122
25062707738,25063007333
25062707944,25062947686
25064244658,25064576733
25064717662,25065125868
25064873488,25065226222
25065231175,25065496604
25066496501,25066868829
25066521675,25067004077
25067475183,25067833071
25067929665,25068358529
25069212404,25069648798
25069231027,25069670357
25069242172,25069644352
25072574878,25072856973
25073252760,25073358730
25075455389,25075701621
25075992975,25076177502
25076012816,25076290868
25077734437,25078122304
25078143261,25078433366
25078182067,25078618683
25078275472,25078638230
25078523763,25079191754
25080358809,25080528368
25080621244,25081125948
25080893933,25081277122
25081130383,25081276893
25082187318,25082500610
25082626739,25082867959
25082913155,25083329006
25083687672,25084003430
25083974043,25084315228
25084168848,25084316703
25084187397,25084725901
25084821258,25085651994
25084893230,25085575354
25085050899,25085616059
25086116978,25086535420
25086138517,25086533801
25086500925,25086745189
25087004790,25087309677
25088567665,25088711718
25089138590,25089229977
25089190868,25089382567
25089395776,25089640813
25090346033,25090454268
25092019042,25092200743
25092456516,25092982887
25093587152,25094018051
25093693674,25093990862
25093735098,25094233022
25094581821,25094839278
25095190903,25095472385
25095720619,25095748319
25096294025,25096356661
25096684373,25096954453
25097037747,25097301341
25097346954,25097819879
25097636872,25097738895
25099091512,25099296395
25100606736,25100897393
25102383364,25102848339
25103461873,25103779677
25105726812,25106037431
25107891263,25108211110
25108917860,25109009321
25109058334,25109247623
25109653030,25110157101
25110038206,25110065217
25111154956,25111442971
25112441579,25112842972
25112551492,25112785281
25112738400,25112976361
25114824465,25115145208
25115934713,25116397721
25116467680,25116933682
25117859550,25118100910
25117860568,25118217467
25118436341,25118913544
25119342014,25119642739
25119577449,25119982203
25120114710,25120149229
25120221568,25120265469
25120569445,25120913394
25121038743,25121303098
25121604488,25121896894
25123097511,25123314892
25124142215,25124268269
25124390807,25124883273
25124673755,25124843834
25125721576,25125911511
25126174439,25126332702
25127468388,25127715167
25128000631,25128227239
25129248170,25129786375
25130234005,25130762099
25131164690,25131681689
25131708286,25132005625
25131875907,25132427012
25132808260,25133218473
25136390557,25137055514
25137086918,25137410237
25138520213,25138680852
25139946324,25140181339
25140718539,25140995339
25141277427,25141595203
25142159408,25142725667
25143135263,25143322172
25144112840,25144275539
25145093097,25145316483
25145126806,25145480964
25145230061,25145556646
25146037488,25146148301
25147479441,25147598257
25147762291,25148016654
25152202155,25152507977
25152409230,25152486106
25152429038,25152753997
25152670421,25152858714
25153576432,25153604082
25153916140,25154395803
25155162331,25155200405
25156589969,25157021635
25157112507,25157365787
25157393475,25157829923
25157846054,25158322767
25157945226,25158214403
25157987778,25158545784
25158587799,25158818833
25159000845,25159240118
25159449205,25159569238
25159466083,25159601315
25159626186,25159826229
25159647561,25160021738
25160507684,25160942941
25161117955,25161315315
25162147902,25162492470
25162265177,25162623279
25162337525,25162838273
25162453422,25162755813
25163204051,25163525060
25163797394,25164028955
25163914420,25164155432
25164374719,25164647366
25166693479,25167201211
25166996656,25167083721
25167401141,25167430279
25167407920,25167586065
25168525216,25168652896
25168807616,25168903629
25169618949,25169973394
25169724406,25169846071
25172852636,25173037707
25173989166,25174667797
25174197746,25174551116
25174470015,25174601492
25177055030,25177340433
25179673758,25179752218
25183092236,25183160370
25183410174,25183792818
25183996493,25184205432
25184086854,25184311061
25184343509,25184569646
25185013504,25185151246
25185099392,25185319624
25186243471,25186576167
25187427705,25187664847
25188177706,25188368268
25188405288,25188523910
25189675631,25190039079
25190041152,25190078479
25190765305,25191184140
25192649834,25192959890
25192776357,25193095957
25193283509,25193446518
25193760383,25193979860
25194057159,25194567772
25195679603,25196037373
25195686258,25195867380
25196896969,25197199005
25197666279,25197834694
25198377822,25198659317
25199943003,25200146512
25203618215,25203914773
25203649097,25203904525
25204338960,25204752515
25204375022,25204504855
25205168797,25205717422
25207446278,25207841714
25208574109,25208685546
25209123525,25209263840
25211105784,25211526169
25211948157,25212411481
25214278680,25214803563
25214522400,25215193909
25214595514,25215088799
25214817487,25214947883
25215567090,25215791629
25215952679,25216390983
25216145599,25216751505
25216458425,25216714801
25217089785,25217123445
25217205139,25217450254
25217472570,25217497540
25217882177,25218310676
25218646404,25218660020
25219282840,25219373989
25219537993,25219933646
25221623436,25221914205
25221766887,25222260771
25221823949,25221850787
25221840775,25222215919
25223082571,25223369488
25224029507,25224466292
25226591844,25226799561
25226855729,25227199241
25227137292,25227336348
25227886442,25228217581
25227943183,25228259172
25228207205,25228521578
25228736584,25229443925
25230421004,25230691682
25231370770,25231581485
25231600896,25231770224
25231703252,25232078955
25232061282,25232366485
25232539633,25232987029
25232566848,25232942750
25233713127,25234042619
25236670847,25237042418
25239281004,25239450905
25239929320,25240293026
25241883453,25242208471
25242890221,25243253754
25243739265,25244085346
25245396435,25245735565
25245745551,25246185920
25246215565,25246689828
25246477691,25246990881
25247872372,25248282297
25248070853,25248396353
25249460797,25249893758
25251189048,25251241538
25253185271,25253524413
25253526397,25253707811
25256038236,25256347971
25257387082,25257791083
25258240538,25258577130
25258606297,25258841425
25258752751,25259186143
25260871774,25261017348
25263690652,25263968312
25263716332,25264007433
25263752901,25264051407
25265338063,25265621268
25265501388,25265811577
25265628922,25265853060
25266932960,25267218597
25268304505,25268679699
25268361905,25268648585
25268927632,25269038898
25269111830,25269609741
25270194307,25270481838
25270202506,25270475299
25270579711,25270933279
25270928792,25271339750
25271064876,25271366753
25271357387,25271704519
25272240402,25272577857
25272301260,25272608613
25272803482,25272833203
25273254283,25273706394
25273697747,25273914087
25273958588,25274106580
25275316574,25275698714
25275777842,25275964768
25276765510,25277225501
25277625608,25277717140
25277861994,25278180420
25278468945,25278871239
25279483313,25279949327
25280932507,25281068222
25281226954,25281494440
25281912899,25282180401
25283114210,25283944729
25283269202,25283833631
25284045989,25284291489
25287479388,25287651278
25288399785,25288697032
25290696521,25290927204
25290883316,25291356366
25291377484,25291646100
25292248411,25292501440
25294348786,25294786334
25295719579,25296026762
25295812899,25296108808
25295863061,25296218423
25296246403,25296708513
25297357130,25297700816
25297966685,25298409373
25298394742,25298576427
25298553126,25298652555
25298995442,25299076837
25299706147,25299989397
25299886111,25300219553
25299942409,25300293723
25300433046,25300558998
25301154693,25301567126
25302801396,25303067133
25303450410,25303488498
25303897456,25304113160
25304127048,25304359157
25304627758,25305035802
25304657098,25304963165
25305037762,25305398106
25305107362,25305213121
25305144334,25305592087
25305355128,25305568929
25305492251,25305876036
25305805951,25305941295
25307358323,25307574196
25307767638,25307962505
25308004884,25308039519
25308333455,25308357362
25310006620,25310350587
25310330810,25310741351
25310592215,25310791532
25311045914,25311123507
25313779379,25314097508
25314622348,25314704567
25314786428,25314854575
25315466280,25315974874
25315665431,25316087032
25315674318,25315904398
25318713387,25318990897
25318867103,25318942241
25319175003,25319484547
25320260109,25320790232
25321018342,25321317403
25321364232,25321854321
25321562097,25321760213
25322505959,25322720068
25323024340,25323489892
25323061417,25323206644
25323641173,25324022398
25323802763,25324124404
25323911217,25324045752
25325503488,25325954621
25325964966,25326073735
25326807405,25327145142
25329274496,25329726191
25329879541,25330035156
25330067898,25330124403
25330548362,25330589380
25330616936,25330875034
25331827748,25332099851
25332321306,25332414112
25332488261,25332886226
25333016960,25333169292
25333348530,25333690390
25334957359,25335569012
25334997713,25335500894
25335804891,25336282606
25336841006,25337299729
25336899760,25337042995
25339333149,25339869112
25339399067,25339865011
25340191345,25340266511
25340989258,25341763997
25342606830,25342959628
25342625947,25342951441
25343242948,25343513268
25343501591,25343889477
25344017825,25344633944
25344631636,25345237213
25345046007,25345174954
25346327737,25346801802
25346845061,25347178286
25347521099,25347820234
25347840725,25348052698
25348345913,25348682852
25348698469,25348874302
25349069128,25349187640
25349515521,25349973090
25349610965,25350054876
25350193133,25350269882
25350687029,25351048277
25351372971,25351450457
25352043028,25352333612
25352360793,25352610288
25352609204,25352888015
25353454573,25353771772
25353594249,25354061902
25354166808,25354296309
25355494816,25355850710
25357452152,25357908278
25360498805,25360609010
25361090619,25361498519
25363121707,25363443064
25363141736,25363321196
25363256046,25363703541
25364046691,25364593110
25365554125,25365936099
25367049384,25367303222
25367724817,25368207398
25372187126,25372465183
25372522445,25372693149
25373378706,25373783912
25373860552,25374264992
25374350990,25374478593
25374484575,25374866677
25376137953,25376256215
25377148341,25377312916
25379247745,25379678378
25381262342,25381356195
25383382019,25383911000
25383733195,25383845488
25384890219,25385206764
25385677845,25386009211
25385889588,25386219625
25385969100,25386341646
25386239850,25386299055
25386314875,25386633082
25386380944,25386582930
25387517541,25387758773
25388272642,25388542087
25388273919,25388428950
25388994323,25389377108
25389385267,25389632142
25390196943,25390310664
25391071365,25391314991
25392610753,25392884632
25392764107,25393261429
25393270937,25393504772
25393530919,25393919384
25395391083,25395709792
25396048629,25396428248
25396483705,25396572008
25396625992,25396848456
25399405014,25399598980
25399846383,25400024977
25400127526,25400374430
25400280650,25400638942
25401081249,25401238345
25402153729,25402480710
25403377828,25403858128
25403657298,25403950436
25403893694,25404257584
25406925124,25407253218
25407094513,25407403368
25407294964,25407769330
25408467195,25408583843
25409632990,25409751454
25410747733,25411235344
25411789026,25411924829
25411948877,25412379124
25412032893,25412340342
25413339167,25413747669
25413747225,25414204494
25414406283,25414600291
25414616531,25415015235
25415357390,25415423601
25415988974,25416122232
25416594184,25416873271
25417125896,25417444717
25417178602,25417463422
25417738374,25417960914
25417980547,25418113075
25418783406,25419064016
25419878911,25420234910
25419883159,25420190605
25420067178,25420236087
25421450110,25421607552
25421521281,25421817271
25421576773,25421825607
25422779003,25423025411
25423200767,25423314901
25425984460,25426452668
25427263750,25427324098
25428699159,25429050105
25429612063,25429890828
25429636133,25430050141
25430381917,25430602289
25430847631,25431127888
25433472135,25433500619
25433973924,25434166185
25434405863,25434906087
25434918609,25435031513
25435226662,25435276854
25435465299,25435860515
25435950085,25436374716
25437420238,25437589286
25437599548,25437850533
25438454678,25438885935
25441959534,25442365015
25442209114,25442237990
25443039310,25443108977
25443186927,25443406903
25443361840,25443756806
25445442678,25445642163
25445645321,25446006511
25446434823,25446690717
25447507231,25447644369
25448475102,25448726542
25448858753,25449145557
25450086385,25450449561
25450444232,25450789226
25453254853,25453380425
25453406739,25453849264
25454094761,25454573038
25454667351,25454856197
25455431593,25455746314
25455774253,25455992424
25455793756,25456151829
25456358919,25456498534
25456382241,25456634084
25457693721,25458013113
25457798989,25458148144
25459490371,25459635764
25460571817,25461074646
25460593106,25460915725
25461519018,25461780365
25462158400,25462367791
25462863882,25463066708
25463320079,25463628005
25463869586,25464073508
25467261793,25467376135
25468427494,25468744920
25468531079,25468633762
25468711055,25468971891
25468872745,25469332028
25469828953,25469984551
25470467855,25470653553
25471907764,25472000003
25471913397,25472094059
25473345403,25473663634
25473412158,25473755769
25475820578,25475976829
25478915184,25479087848
25480157717,25480384296
25481377830,25481767615
25481712270,25482087708
25481741010,25482072031
25481827102,25482047982
25483685423,25484137234
25484364531,25484748797
25484447424,25484737766
25485574505,25485642998
25485847995,25486159646
25485971460,25486068017
25486356599,25486710551
25486660464,25486762361
25486817224,25487264169
25488090802,25488557586
25488313211,25488526461
25488982151,25489154718
25489578045,25489801071
25489960086,25490286595
25490293719,25490540596
25490497094,25490973770
25490694581,25491233344
25490733497,25490778684
25491240801,25491748243
25491591332,25492022104
25492103961,25492378125
25493179300,25493504471
25493546678,25494150132
25495159536,25495444656
25495322626,25495445011
25497423372,25497443265
25498572428,25499141471
25500175962,25500338496
25500463626,25500748444
25500718467,25500941310
25501521968,25501750688
25502455401,25502754285
25502783784,25503264006
25503236197,25503364150
25503833005,25504219444
25503861972,25504299221
25504509781,25504990037
25505237677,25505665292
25505668061,25506092288
25506103483,25506265285
25506747724,25506968287
25506953154,25507302707
25507056563,25507467665
25507277256,25507445684
25507279916,25507487825
25507490901,25507644984
25507820061,25508084242
25508105350,25508151700
25509432340,25509640975
25509815425,25510266772
25511612453,25511978313
25512286138,25512722913
25516119437,25516242134
25517469789,25517548407
25517587537,25517866237
25517935293,25518016662
25519001740,25519518901
25519767382,25519883570
25521011568,25521310226
25522871033,25523012737
25522994779,25523278794
25523519441,25523982297
25524482179,25524614842
25525415240,25525818517
25527508907,25527676676
25528830872,25529005288
25529827425,25530323188
25530138075,25530569819
25532150141,25532441177
25532631162,25532838308
25535345915,25535600673
25535889118,25536332615
25536356010,25536515968
25536744287,25537072801
25537101037,25537297259
25537861973,25537956208
25538158572,25538617637
25538696877,25538860224
25540705386,25541046074
25541410961,25541806819
25542313387,25542450424
25544487405,25544764843
25545141447,25545750306
25545395614,25545507635
25545598126,25545822689
25545787533,25546008433
25546964685,25547049491
25547262421,25547621063
25549707688,25550090282
25549927828,25550160735
25550435647,25550859240
25550529487,25550970900
25550714343,25551005434
25554888162,25555307122
25554950505,25555231580
25556242004,25556347177
25556285469,25556551255
25556637497,25556848905
25557496012,25557637189
25557553625,25557663979
25557623915,25558036360
25557654081,25557832044
25558508982,25558783502
25559253248,25559504273
25561063760,25561294369
25561295919,25561533581
25561535881,25561782995
25561760982,25562072431
25562025174,25562273678
25564931207,25565172190
25565486712,25565615848
25568143665,25568273736
25568177981,25568212213
25568189247,25568242599
25569129956,25569398262
25570717965,25570853483
25571007020,25571543716
25572734775,25572931659
25573058623,25573244194
25574211993,25574698968
25574644918,25575041571
25574830383,25575129752
25575824905,25576318540
25577736585,25577979882
25578345015,25578651549
25578441891,25578673433
25578734920,25579116802
25580113836,25580512268
25580197252,25580694165
25580359719,25580609486
25580556819,25581021475
25583191374,25583413660
25583198443,25583695576
25584148733,25584688166
25584756516,25584846137
25585117049,25585574650
25585598008,25586011673
25586042837,25586556471
25586109415,25586259943
25586297314,25586767846
25587198314,25587368450
25587376471,25587591362
25587791177,25588133890
25587848444,25588315186
25589066639,25589355469
25590044061,25590531709
25590824320,25591066033
25592291155,25592744543
25592366497,25592534469
25594921889,25595401176
25595300643,25595459342
25595747120,25595920109
25595836229,25596196093
25596144177,25596579973
25596438810,25596503652
25597289820,25597654119
25597569604,25597675733
25599619321,25600129133
25600175369,25600475019
25600733631,25601019138
25602613966,25603164446
25602643125,25603114160
25603481037,25603526555
25603626789,25603724368
25606357812,25606547420
25607559403,25607940655
25608233224,25608526730
25608890644,25608994224
25609017132,25609196542
25609101668,25609378865
25609756292,25609935792
25610154196,25610470974
25611978084,25612288801
25612156810,25612780393
25613634277,25614055487
25614066704,25614141555
25615171154,25615632814
25616334619,25616930169
25618482668,25618794901
25618835177,25619255054
25620019134,25620109417
25620884447,25621211949
25623281983,25623477714
25623502329,25623960483
25624805560,25625107121
25625600299,25626067885
25625829389,25626134298
25626047978,25626335522
25626710257,25626915721
25627571323,25627751923
25628717044,25628930727
25629444095,25629775830
25629723385,25629958840
25630815994,25630923740
25632014801,25632351427
25632354222,25632735958
25632494502,25632839273
25633561913,25633869660
25635390036,25635629641
25635514330,25635754891
25635764143,25636120971
25637198275,25637619843
25638114158,25638469251
25638618257,25638836531
25638714169,25639134309
25641271910,25641626640
25643651333,25644075778
25644461084,25644525084
25644464347,25644539122
25644532737,25644695374
25646958313,25647277217
25647219668,25647659370
25647397626,25648123894
25648589196,25648807460
25649004941,25649232910
25649832830,25650116522
25650861555,25651438405
25650992233,25651069162
25651412702,25651433330
25653699750,25653972968
25653863957,25654455216
25655053371,25655139115
25655421920,25655646133
25655642105,25655711639
25656647165,25656811507
25657198479,25657281116
25657292550,25657500433
25657330446,25657343993
25657682688,25657823322
25657806363,25657974867
25658607639,25658988708
25658840920,25659289834
25660749084,25661193307
25660922045,25661336222
25661416996,25661838136
25662246174,25662592428
25663223511,25663242718
25664074656,25664402378
25664770621,25664998695
25666794551,25667349271
25667088051,25667200872
25668251940,25668536276
25668604403,25668859308
25669175836,25669420446
25669306689,25669522155
25670147583,25670569917
25670656551,25670969465
25671438542,25671713116
25671909885,25672249802
25672820067,25672990330
25675008302,25675339427
25675344367,25675532692
25676346675,25676432113
25676442714,25676738313
25676778767,25677079125
25677138799,25677619651
25680230988,25680661259
25681522463,25682154142
25683071087,25683186340
25683713560,25684084650
25684410725,25684726148
25684966990,25685476592
25686434017,25686594871
25686504762,25686680363
25686832887,25686921553
25687265643,25687671290
25688926438,25688991369
25689426163,25689560516
25689576510,25689991154
25690703234,25690899311
25690901458,25691232450
25691080146,25691514692
25691403403,25691912502
25691980986,25692021470
25692127847,25692572915
25693008614,25693404499
25693269954,25693669178
25693909638,25694315376
25694246168,25694596119
25695158704,25695804025
25696945453,25697169233
25697006610,25697293444
25697802106,25698082835
25698254968,25698694995
25698332199,25698777993
25698532282,25698593648
25699395023,25699673036
25700824364,25701047770
25702467948,25702509286
25702564889,25702755047
25703002121,25703355332
25703376879,25703535967
25703629218,25704071844
25704137672,25704157448
25704328708,25704727198
25705090424,25705466207
25706468008,25706532399
25706561958,25706754497
25707127557,25707516115
25707525584,25707962380
25709501962,25709777750
25709844953,25710281543
25709932454,25710235333
25710908784,25711389956
25711513549,25712029078
25712965658,25713271225
25713438447,25713786219
25714317333,25714572224
25717099476,25717566397
25717415634,25717782093
25718113967,25718281695
25718283161,25718464783
25718345042,25718505564
25718782510,25718862508
25720153020,25720519796
25721323228,25721763953
25722062614,25722325755
25723373034,25723769820
25724236442,25724734877
25725187123,25725521891
25725456512,25725870315
25725587706,25725924745
25726297003,25726736859
25726401283,25726521462
25728715286,25729046307
25728754784,25729191596
25729091975,25729339583
25729512124,25729793214
25730586996,25731081078
25731033029,25731369606
25731780324,25732031079
25732067734,25732268255
25732208275,25732588518
25733163292,25733408940
25733453054,25733859778
25734859048,25735286641
25735597698,25735713375
25736420752,25736774721
25738636121,25738870157
25739252134,25739879659
25740153474,25740542096
25742910036,25743283419
25744743660,25745051034
25746318118,25746530180
25746544960,25746606440
25746579849,25746943699
25747015423,25747380915
25747856557,25748289742
25748886885,25749424010
25748953687,25749124472
25748971903,25749472296
25749335080,25749681842
25752845908,25753087429
25753441560,25753639923
25753639660,25753937822
25753954683,25754418888
25754155006,25754526561
25754949432,25755165337
25755360887,25755521254
25755833657,25756326758
25756006106,25756345392
25757059366,25757304139
25757450907,25757701288
25757996472,25758315297
25758317434,25758477524
25758606269,25758648325
25761204246,25761544537
25762204137,25762406772
25762433862,25762775317
25763033206,25763420167
25764006228,25764212402
25764450866,25764856825
25764542931,25765087093
25765077736,25765258575
25765116005,25765506819
25767692968,25768070303
25768081844,25768416878
25770033227,25770401976
25770127010,25770372354
25770691680,25770818331
25772585873,25772724878
25773420713,25773641306
25773856471,25774359019
25774115055,25774416148
25774607206,25774757367
25776573465,25776925990
25776898277,25777362976
25777365916,25777573359
25778200162,25778479546
25778373488,25778797134
25781883242,25781954837
25783061850,25783132846
25783096747,25783451463
25783941368,25784072454
25784363929,25784768371
25785030049,25785243638
25785239090,25785314560
25785781527,25786125670
25786019104,25786221917
25786312581,25786631891
25786426306,25786603714
25787422295,25788078415
25788268520,25788680063
25788517427,25788874766
25788563576,25788871546
25788719551,25788777878
25789247548,25789298837
25790361969,25790513568
25790381808,25790913114
25790704716,25791191043
25790868055,25791108438
25791603331,25791843682
25791859442,25792136140
25791873263,25791935689
25792619105,25792943670
25793204038,25793419886
25793671735,25793831416
25793998184,25794032661
25794204107,25794225068
25794211521,25794534637
25794984107,25795255022
25795472603,25795935439
25795991161,25796260482
25796534252,25796834600
25796857584,25797182168
25799259665,25799375003
25800034122,25800650652
25800245291,25800506744
25801375195,25801500246
25802485842,25802868219
25803488704,25803805670
25805443498,25805674806
25805679464,25806002113
25807366157,25807466140
25807371689,25807567442
25808496029,25808575745
25808537357,25808766125
25811400772,25811861964
25811511652,25811818241
25812254191,25812613973
25813646468,25813839854
25814052585,25814371136
25814275542,25814351747
25816322419,25816362838
25817919383,25818354564
25819139927,25819329741
25819271992,25819442042
25819331346,25819486572
25819622002,25819919259
25820271176,25820641757
25820530809,25820989353
25820613529,25820934775
25821684958,25821754859
25822783898,25822894178
25823135413,25823212456
25823176062,25823497531
25824333055,25824655005
25826154298,25826300425
25826522440,25826777237
25827639857,25827946514
25828092120,25828135879
25828569999,25828913334
25828655615,25828902562
25828828487,25829033224
25828853950,25829074811
25829311284,25829635563
25830017709,25830410414
25830990594,25831294690
25831059497,25831388822
25831746931,25831954349
25832390778,25832709198
25833407424,25833575532
25834228571,25834466267
25834785774,25834829605
25835648356,25835857659
25835733277,25836250128
25836845811,25837154745
25837105171,25837317437
25838208375,25838440851
25838224311,25838681016
25838520184,25838717163
25838695178,25838978304
25838707384,25838936625
25838750446,25838785030
25839854245,25840113048
25840849336,25840939826
25841790839,25841832023
25842239926,25842487102
25843297791,25843576781
25843540795,25843866905
25843725890,25843953981
25845222553,25845475875
25846414795,25846690948
25846483246,25847043173
25847367806,25847510699
25847513211,25847929604
25848550110,25848638721
25848692167,25849009157
25849152079,25849435208
25849623131,25849805235
25849808621,25850251261
25850152304,25850242015
25850755523,25850816857
25854525238,25854657683
25854661738,25855089052
25854699883,25855097169
25856621518,25856759298
25856649419,25857018363
25856865668,25857013263
25857401137,25857665358
25857673818,25857849900
25858772313,25858881299
25859605048,25859944970
25859991048,25860165170
25860414655,25860697610
25860421576,25860881133
25861232403,25861546178
25861316619,25861782264
25861693467,25861864171
25861906986,25862045335
25862590130,25862837389
25863195601,25863539775
25863312620,25863517634
25863543596,25863872470
25864380940,25864541413
25864542992,25864569613
25864600943,25864884984
25865285923,25865509792
25865292091,25865427772
25865881650,25866209105
25868209799,25868510324
25869334288,25869603564
25870102813,25870658554
25870936713,25871424795
25871413136,25871763695
25871587888,25871760956
25872002392,25872197631
25872491574,25872533542
25874009837,25874403367
25876086960,25876278597
25876794595,25877284970
25877387075,25877501908
25878036327,25878127219
25878561179,25878845724
25880931804,25881027645
25880960272,25881247521
25881320849,25881482347
25881768351,25881847923
25881837317,25882256597
25882317954,25882348106
25883582878,25883830815
25884558124,25884749896
25884897931,25885183146
25885541696,25886076100
25887466090,25887586670
25888180065,25888219439
25889342026,25889814159
25889532655,25889905970
25889787621,25890135058
25890691495,25890940094
25892523747,25892608580
25892599276,25892874158
25893017358,25893240714
25893579763,25893761748
25896230595,25896259533
25896414177,25896573062
25897286316,25897654138
25898675635,25899008528
25899979483,25900217224
25900200445,25900273397
25900933081,25901127326
25901048574,25901251275
25901238767,25901302558
25901710091,25901868145
25903168606,25903557382
25903352952,25903631683
25903621111,25903665841
25903683146,25904085744
25903798354,25904182481
25904415134,25904660172
25904506373,25904613741
25904861621,25905292581
25905330460,25905689137
25905388783,25905427499
25906130488,25906252641
25906342975,25906554743
25907010941,25907269300
25907697120,25907839077
25910387738,25910784737
25910787861,25910965219
25912698224,25912853350
25913180936,25913222150
25913184604,25913561647
25913501632,25913749172
25914002394,25914329302
25914004697,25914234532
25914081792,25914433044
25914429569,25914769740
25914629443,25914816031
25915051686,25915253228
25916173032,25916425289
25916187676,25916331122
25916301038,25916568286
25916334062,25916725775
25918456966,25918699578
25918712040,25918904754
25918740839,25918775701
25918844531,25918879556
25920486679,25920735289
25921663273,25922082741
25922801209,25923264924
25923276800,25923442570
25924537455,25925157627
25925254057,25925570354
25925887367,25926260585
25926734776,25926878730
25926799975,25927111069
25927879403,25928594662
25928570134,25928611296
25929325811,25929546808
25930507016,25930675569
25931846984,25932383709
25933369947,25933598001
25933457447,25933579070
25933581716,25933946051
25933806695,25933883968
25933975978,25934413357
25934137110,25934476743
25934827390,25935263111
25936502188,25936926503
25937102766,25937332166
25937368840,25937612772
25937743113,25937839344
25938216684,25938505017
25938358030,25938510798
25938377102,25938552432
25938548418,25938901561
25938703761,25938754599
25939223542,25939614927
25939272355,25939753826
25940111048,25940502393
25940171792,25940539775
25941136607,25941784793
25942191064,25942523500
25942373677,25942689924
25943423551,25943781331
25943964777,25944207467
25944798404,25945131345
25944996290,25945173134
25946712513,25946965644
25947396630,25947701775
25947571574,25947761766
25947657671,25947937917
25947847958,25948216777
25948296976,25948384129
25948638583,25948902889
25950654380,25951247935
25951732915,25952025531
25953092816,25953423079
25954174912,25954369164
25955644130,25955996555
25956462901,25956570932
25956589716,25956884887
25956783777,25957122424
25957004949,25957386741
25957071449,25957415640
25958426912,25958454759
25958749771,25958929821
25959548212,25960085510
25959862582,25960220843
25960063624,25960321054
25960603330,25960643153
25962475046,25962821376
25964400335,25964579969
25965156205,25965293047
25965395287,25965726842
25965944287,25966313936
25966059171,25966348783
25967871708,25968196555
25967989165,25968119092
25968219720,25968249779
25968393143,25968741763
25969029867,25969241201
25969782205,25969867964
25969826704,25970198995
25970201245,25970504130
25971502487,25971711675
25971766112,25972013939
25973081663,25973389980
25974405933,25974795429
25978992406,25979203229
25979319941,25979638045
25979445118,25979829327
25981510440,25981850439
25984414072,25984904901
25985503691,25985605682
25985593116,25986050332
25985910965,25985982940
25986320253,25986684161
25987154641,25987344314
25987384465,25987796511
25989221651,25989402222
25989498533,25989928754
25993184821,25993610865
25993390442,25993909128
25993565433,25993892754
25994321846,25994352343
25994601238,25995081022
25994815676,25994919883
25996056653,25996424333
25999744913,25999830724
26000972776,26001230845
26002277665,26002630020
26004213555,26004344688
26004501286,26005121219
26006869360,26007039435
26007285902,26007681973
26007836770,26008128315
26008161433,26008203928
26008712795,26009026651
26011042643,26011349642
26011231999,26011749167
26011899325,26012036911
26012637637,26012797201
26013746336,26014179830
26014151529,26014396809
26015177785,26015635845
26015703282,26015992308
26015863077,26016088480
26016410785,26016871509
26016435453,26016697934
26018540832,26018749487
26019052553,26019295788
26019666746,26019873753
26020392384,26020497226
26020824556,26020854831
26021154626,26021322143
26022003527,26022378385
26023256376,26023426747
26023653165,26023950699
26023850686,26024188840
26024568987,26024818223
26025052179,26025281181
26025827273,26025967557
26026735624,26027184848
26027022517,26027518735
26028810772,26029586826
26029975416,26030180094
26030190848,26030657587
26030433390,26030603038
26030435343,26030787823
26031124482,26031639409
26031150037,26031308507
26031523379,26031572959
26031641394,26031873861
26032014395,26032133000
26032093738,26032235050
26032288844,26032581633
26032805676,26033425888
26032849645,26033362231
26032884164,26033377176
26035557458,26035766965
26037632462,26038067159
26039426738,26039859661
26039474167,26039926595
26039853657,26040436785
26039974059,26040414333
26040676796,26041114026
26040797680,26041102374
26042667819,26043057285
26043147580,26043224518
26043439411,26043671158
26044344215,26044664792
26045903419,26046064066
26046624627,26046910678
26046687834,26046954735
26046905263,26047359848
26049786184,26050162040
26050478983,26050824864
26052103766,26052410489
26053544358,26054033310
26054213348,26054650619
26054494854,26054692714
26054582325,26054988046
26055363405,26055649159
26056159036,26056249488
26056762724,26057336391
26057189514,26057857387
26058473387,26059141146
26058532866,26059060222
26059645588,26059681795
26060050405,26060251423
26060386304,26060438357
26063527165,26063695185
26063647978,26064016646
26063649969,26063852139
26064005538,26064387051
26064895692,26064979783
26065197350,26065363715
26065787552,26066219670
26065892788,26066531297
26066980067,26067402562
26070211263,26070580494
26070244108,26070577457
26070723132,26070982496
26071672378,26072079791
26074609110,26075032767
26074797325,26075011934
26076133758,26076166087
26076408463,26076495274
26076679496,26076984500
26077869341,26078240889
26079891100,26080311720
26080875754,26081171238
26081169275,26081208182
26081469719,26081866189
26081857767,26082280176
26081957550,26082255863
26082597741,26082910240
26082934174,26083389848
26083308462,26083656108
26083987626,26084265422
26085152687,26085353688
26086638977,26086702827
26087234394,26087436214
26087502415,26087889695
26087529117,26087802566
26087641403,26087979546
26087860419,26088022217
26088354823,26088661145
26089107007,26089129589
26090752726,26090919155
26091403205,26091714940
26091637831,26092046354
26092038935,26092344890
26092604847,26092778434
26093019112,26093097482
26093319847,26093475986
26093451313,26093683350
26094102759,26094497737
26094472658,26094763665
26094852773,26095205751
26095190271,26095489548
26095233009,26095706743
26096610177,26097126888
26096990503,26097084061
26097793598,26098116396
26099329082,26099563199
26099564837,26099704756
26099733751,26100281913
26099816869,26100200128
26101454464,26101774067
26102487307,26102987895
26104228384,26104460898
26104720021,26104935565
26104885720,26104978977
26105550752,26105973119
26107666573,26108099323
26108212472,26108312769
26108347805,26108644588
26108477255,26108806762
26108652325,26109021829
26109027758,26109463343
26109291095,26109584235
26109606817,26109839577
26110192615,26110431511
26111616195,26111852758
26111954679,26112293369
26112732500,26113060235
26113553872,26113909777
26114188896,26114491094
26114317522,26114646065
26115004458,26115360296
26115265532,26115336520
26115984270,26116280763
26116359283,26116472446
26117321536,26117625272
26121151845,26121173147
26121542152,26121712963
26121875157,26122051195
26122555529,26122716585
26122933346,26123003057
26124614718,26124794338
26125950443,26126439385
26128484457,26129242055
26129303422,26129511165
26129666070,26129801618
26129890096,26130136023
26130454665,26130520962
26133209496,26133686561
26133443475,26133501765
26133534089,26133863299
26133793645,26134276877
26133956639,26134174164
26134415966,26134556198
26134544542,26134652595
26135190953,26135519572
26135762040,26135977346
26136928574,26137347949
26136962583,26137096478
26137129400,26137185772
26137476691,26137653407
26138065167,26138158903
26138741417,26139001852
26139841677,26140192073
26140551408,26140579352
26140999610,26141302636
26141493675,26141659995
26141646681,26142042166
26141814482,26142247973
26142116118,26142310726
26142127257,26142444966
26143068068,26143260440
26143466479,26144150873
26143682124,26144211473
26144279999,26144512639
26144874904,26144976541
26145478762,26145670929
26146870169,26147366826
26147147476,26147625093
26148954057,26149002034
26149852364,26150233877
26150008914,26150404259
26150627096,26150953721
26152782936,26153239527
26153027013,26153322544
26153071324,26153200530
26153552285,26153856124
26154043494,26154422256
26154421210,26154658860
26155171164,26155195192
26157301718,26157388279
26157324550,26157613368
26157655200,26157969408
26157658643,26157962278
26158633816,26158739067
26158834206,26159227001
26158846170,26159193363
26160269730,26160499924
26161114959,26161363953
26161655635,26161701206
26162607078,26162651947
26164473351,26164580969
26164559670,26164654911
26167044252,26167487797
26168070693,26168535886
26169185387,26169592863
26169931416,26169993639
26170250771,26170678100
26170556680,26170906099
26171167283,26171505553
26171208888,26171560402
26171347776,26171943091
26172616998,26172770837
26172754582,26172958992
26172786174,26172955851
26173469345,26173742507
26173556879,26174211191
26174494974,26174889719
26174749103,26175005047
26175021083,26175712003
26175386931,26175445118
26176021900,26176301884
26176221175,26176453455
26176681263,26176906418
26177080696,26177568443
26178167030,26178415846
26178739343,26179166646
26178880876,26179202082
26179104299,26179289751
26179544842,26180063941
26180080549,26180133207
26180381078,26180670513
26182199362,26182535902
26183995225,26184280584
26184016923,26184350233
26185232199,26186035362
26186038354,26186254782
26187064741,26187233622
26187083819,26187176732
26187207581,26187323359
26187637275,26187782450
26188341379,26188749562
26189499328,26189650008
26190901407,26191134722
26191511188,26191785998
26193576916,26193752190
26193902457,26194259571
26195086258,26195387177
26195808741,26196112438
26196667598,26197040956
26196683976,26197231465
26197253250,26197526433
26198705485,26199134408
26198754819,26199170633
26200040686,26200444135
26204099134,26204504187
26204541600,26204815912
26207265390,26207451978
26207451900,26207748406
26208508616,26208877138
26208831107,26208989598
26209291757,26209646135
26209291921,26209739737
26209601292,26209997067
26210880267,26211106752
26211423881,26211771027
26211784192,26212050470
26212327543,26212571112
26212968855,26213171599
26213762523,26214238935
26214556790,26214710667
26214817665,26215153546
26215420106,26215530461
26215489568,26215912762
26215574753,26215710534
26215770635,26216203775
26215914050,26215945234
26217193813,26217546957
26217557599,26217758073
26217579813,26217997477
26218012591,26218048123
26218252386,26218641812
26221524580,26221860440
26222202631,26222397638
26222763867,26222983627
26223108068,26223577374
26223660252,26223914150
26223764974,26223925783
26225662446,26225916878
26225981563,26226220132
26227154270,26227451874
26229569204,26230000043
26230364787,26230634572
26231340909,26231533662
26231525478,26231895156
26231580046,26231886272
26231761358,26232261146
26232678794,26233126573
26233202632,26233469255
26233217518,26233441520
26233523856,26233878430
26233976262,26234254832
26234978802,26235390498
26235115775,26235634717
26237033858,26237335270
26237047421,26237352233
26237855524,26238215609
26240316267,26240801964
26240845960,26241216030
26241039971,26241133696
26241041571,26241142317
26241675586,26241897333
26241887556,26242384802
26242931912,26243387278
26242975298,26243356542
26243364212,26243635629
26244014118,26244417451
26244368102,26244811820
26248068954,26248085128
26248241014,26248482777
26248403026,26248792239
26249924905,26250481592
26250542514,26250604127
26252299394,26252461963
26253062657,26253801873
26255048882,26255225656
26255748623,26256236983
26258366345,26258404323
26258947207,26259308314
26258950940,26259119512
26259126630,26259339315
26259470112,26259965219
26259742190,26260033706
26260478055,26260817583
26260732612,26260887290
26260914133,26260955573
26261407920,26261673574
26261756973,26262134004
26261975734,26262459868
26262020049,26262332764
26262266122,26262517397
26262759204,26263077811
26263901378,26264050899
26266087411,26266430580
26267354914,26267816064
26268826337,26269018473
26268880135,26269237984
26269998837,26270280989
26271552437,26271807229
26272945615,26273102792
26274012300,26274320038
26274959242,26275257755
26275494305,26275817035
26276425610,26276815131
26278162970,26278344393
26278967979,26279384016
26279409506,26279675625
26279683043,26280161784
26279976396,26280304015
26280192485,26280437164
26280469612,26280758372
26280599417,26280741914
26280762109,26281106045
26281201322,26281218223
26281206296,26281384795
26281683453,26281865198
26282173138,26282590550
26282173602,26282226781
26283215355,26283419598
26283839623,26284263028
26284271470,26284620724
26284511883,26284887344
26285339615,26285808733
26285588010,26285822984
26286403108,26286481744
26287608218,26287874598
26287887713,26288037278
26288064865,26288536987
26288184790,26288494340
26290802156,26290928365
26293355072,26293665407
26294442833,26294805270
26294929773,26295465540
26295708517,26295930925
26295964683,26296359350
26296370689,26296582274
26297938107,26298057254
26300291911,26300689139
26301177482,26301384971
26301397712,26301836559
26301693163,26301797999
26301855434,26302104133
26302159580,26302565313
26302513839,26302806832
26304074223,26304274798
26304581693,26304726676
26305192908,26305641248
26306672805,26306901506
26307072327,26307314883
26307291855,26307455790
26307635341,26308020872
26307938522,26308236848
26308389929,26308517450
26308515051,26308941242
26309237546,26309600804
26310219275,26310482451
26311232706,26311302462
26311310849,26311747215
26312946625,26313647922
26314416041,26314598576
26314430754,26314507786
26318291371,26318672018
26318424960,26318690511
26318829021,26319423185
26320205027,26320830333
26321162543,26321422488
26322491099,26322806624
26322906878,26323356464
26323419158,26323845698
26324040292,26324203988
26324694786,26324746221
26326099989,26326505695
26326447886,26326697643
26327398384,26327757205
26327540784,26328048989
26327879040,26328259934
26327944747,26328273840
26328271674,26328425912
26328413603,26328589605
26331097686,26331229454
26332699511,26332975133
26333715400,26334156720
26333743846,26333839096
26333788946,26334057007
26336103543,26336497544
26336901161,26337030009
26336961476,26337407012
26337598214,26337682293
26340048237,26340191032
26340300561,26340314916
26342026651,26342208467
26342282581,26342403416
26343158867,26343326195
26343544658,26344067901
26343985610,26344359572
26345786255,26346209381
26346523175,26346676375
26346662978,26346935901
26346968096,26347290773
26347892841,26348357148
26348844214,26348891107
26349024709,26349163771
26349556092,26349933156
26349592461,26349663384
26349722572,26349850498
26350551784,26350902763
26353214170,26353532465
26353291572,26353744374
26355717015,26356180121
26357292730,26357885148
26357363698,26357652755
26358193466,26358250545
26358780957,26358955722
26359463394,26359770804
26359959143,26360215968
26360883624,26361415012
26361134843,26361476725
26361511440,26361779198
26363203142,26363527254
26363215143,26363532055
26364767619,26365269913
26365531034,26365777651
26367026841,26367166884
26367192997,26367319773
26367318722,26367511790
26367803664,26368239086
26368183045,26368315649
26368329729,26368677769
26368698224,26368879149
26370243460,26370275057
26370876709,26371081013
26371478133,26371607040
26372546192,26372679911
26372643651,26373096269
26373369494,26373748321
26374316758,26374689198
26374328659,26374465733
26374877760,26375252939
26375687612,26375894028
26375855051,26376255077
26375907309,26376422848
26376030609,26376290190
26376237483,26376713386
26377828239,26378153340
26377962121,26378057715
26378888621,26379089031
26379886171,26380125824
26380288694,26380665121
26380335999,26380765674
26380711994,26380993640
26381544174,26381801667
26381670173,26382175398
26381769513,26382232829
26382631406,26383059046
26382672796,26382896831
26383117386,26383651032
26383667780,26383899300
26383716345,26383887472
26383892784,26384031693
26385136782,26385404714
26385422702,26385587103
26385721180,26386075010
26386167336,26386458490
26388442575,26388559521
26390670096,26390898609
26390966141,26391274730
26391073438,26391356518
26391960138,26391990675
26392842210,26393282647
26394175161,26394637768
26395274612,26395476394
26395333404,26395746266
26395724887,26395931048
26395945165,26396198188
26395971716,26396334246
26397019261,26397359298
26397356436,26397674864
26399473656,26399764737
26399778385,26400108744
26400529721,26400568868
26400716254,26400750483
26401144470,26401292293
26401226714,26401665824
26401853369,26402125499
26401884691,26402195553
26402508733,26402964786
26404174425,26404312469
26404513918,26404800936
26405658524,26405899147
26407178060,26407570974
26407308230,26407778846
26407310637,26407702443
26407600204,26407945969
26407640307,26407893208
26407934714,26408152028
26408567401,26409069407
26408670990,26409230720
26409598346,26409902373
26410215588,26410255679
26410513844,26410845305
26410932783,26411341317
26411843464,26412119749
26411889354,26412269434
26412128665,26412508417
26412668442,26413050446
26414564567,26414907026
26414966726,26415353298
26415761186,26415898427
26416494990,26416971761
26417197284,26417496618
26417444261,26417787398
26418327640,26418597097
26418490626,26418776448
26422173993,26422189235
26424143518,26424902958
26425312842,26425510555
26425819107,26426172775
26426600899,26426748785
26426862795,26427001024
26427085892,26427545297
26428097461,26428216589
26428685982,26429111784
26429116659,26429567699
26429188229,26429565835
26429580891,26429830190
26431536702,26432096349
26431909435,26432258941
26433635529,26433897604
26436008938,26436244674
26436062388,26436214459
26436631208,26436876680
26438004546,26438231033
26439662537,26439800728
26439879397,26440285770
26441842181,26442209914
26442629722,26442708525
26443351395,26443617344
26443812106,26444002344
26443912015,26444098026
26444043427,26444331222
26444546422,26444982746
26444732423,26445130610
26446350931,26446481684
26446823252,26446919349
26447841692,26448122639
26448103162,26448367375
26448150823,26448404810
26448972588,26449243767
26449180620,26449310731
26449444550,26449796207
26450076012,26450468411
26450476010,26450514656
26450607628,26451017483
26450984450,26451300313
26451896187,26452109292
26452125352,26452351887
26452922317,26452953702
26453179741,26453530301
26453346599,26453773578
26454602254,26454737130
26455693759,26456246573
26456159490,26456383084
26456756452,26457131305
26457228632,26457665174
26458319294,26458680782
26460143961,26460460032
26460854131,26461029540
26460924660,26461163010
26461306226,26461749400
26462065051,26462379598
26463514374,26463899796
26463704069,26464031911
26463905033,26464082262
26464019728,26464125141
26464927103,26465060424
26466404330,26466568427
26466786694,26466963740
26466843116,26467014873
26466926071,26467450545
26468583031,26468651169
26469907952,26470134428
26472721949,26473006200
26475386765,26475731846
26475848510,26476071507
26476562069,26476899669
26476634654,26476795294
26477505733,26477640688
26481536088,26481940955
26481993044,26482179861
26482041782,26482330490
26482946296,26483371560
26483957994,26484143394
26484400877,26484584032
26487176099,26487406073
26487271059,26487696368
26488851200,26489190748
26490513480,26490844430
26491319023,26491547701
26491385486,26491691236
26492353051,26492632497
26492444177,26492953114
26492677735,26492907578
26493583107,26493884014
26494189504,26494533229
26495019732,26495379926
26495460008,26495745657
26495521583,26495643342
26495952253,26496102655
26496936334,26497026956
26497991168,26498150028
26498112481,26498322827
26500434233,26500872528
26502465226,26502588140
26503061903,26503447144
26503341386,26503610817
26504304832,26504699895
26505466918,26505841646
26508347210,26508727088
26509040991,26509355639
26509379575,26509778807
26509410628,26509458714
26512317750,26513098739
26513126972,26513230220
26514614503,26514834221
26515666893,26515971457
26516183530,26516634859
26516642498,26517106137
26516797577,26516828774
26516960008,26517234560
26517536064,26517715002
26520911292,26521130691
26522185862,26522459114
26522775558,26523293762
26524175408,26524362274
26524499223,26524711709
26524991730,26525262273
26525156016,26525341083
26525270650,26525477849
26525873585,26526161644
26525926300,26526295722
26526162540,26526324333
26526695520,26527013006
26527559071,26527725116
26528250801,26528931731
26530400873,26530429073
26530725987,26530793696
26532247419,26532429940
26532858378,26533291720
26533007264,26533355171
26533733838,26534148877
26534348075,26534437663
26535691499,26535883429
26537021718,26537075848
26538310421,26538354524
26538552070,26538748216
26539026462,26539227869
26539100004,26539315429
26539369027,26539777866
26541165256,26541351898
26542124434,26542264682
26544312304,26544649297
26544475606,26544706132
26545355684,26545625417
26546094230,26546484504
26547226683,26547526975
26547878452,26548170594
26548260438,26549032646
26550005088,26550423983
26550422046,26550876829
26550551102,26550986618
26550962181,26551249694
26551927700,26551966373
26552252264,26552526885
26552544230,26552914874
26552601754,26553191576
26552909571,26553246858
26553204675,26553417999
26553971885,26554021383
26554269083,26554432504
26554990045,26555029985
26555270927,26555378883
26556212629,26556570785
26556245508,26556531721
26557916858,26557986991
26558605030,26558936193
26559862295,26560173580
26561108781,26561274165
26561684658,26562083129
26561885876,26561917269
26562332906,26562553299
26562376791,26562736630
26564274744,26564500357
26565035511,26565465101
26567165316,26567623764
26567919332,26568304559
26569518110,26569708975
26569660673,26569983594
26570164820,26570238763
26570182328,26570441692
26570795724,26571087095
26570799017,26571114743
26571690692,26572042170
26571813484,26572101217
26572043663,26572172103
26572733345,26573105526
26573471993,26573789959
26573792479,26573940500
26574994715,26575346490
26577780335,26578049623
26579698035,26579985409
26579739747,26580069604
26580483226,26580519592
26580569794,26580898517
26581156728,26581618186
26582384171,26582500828
26582539417,26582804043
26583191064,26583457059
26583598139,26583999768
26583919446,26584320949
26590972005,26591066379
26591773766,26592068852
26592073173,26592278897
26592385550,26592487054
26592862117,26592991066
26593666900,26594014938
26594025871,26594079096
26594290646,26594422274
26594879583,26595318656
26595869960,26596085024
26596684791,26597048569
26597507579,26597619606
26597546051,26597984208
26597940840,26598254113
26598462144,26598574431
26599228977,26599707152
26599998831,26600245560
26600336760,26600616633
26600677220,26601178912
26601495916,26601772848
26602314199,26602495136
26604041284,26604215062
26604647313,26604753691
26605547791,26606214835
26606021363,26606070818
26607474176,26607604240
26607593888,26607750379
26608272283,26608744131
26609425350,26609502610
26609653353,26610136543
26609804437,26610169268
26610176510,26610560496
26610824467,26611204920
26611456184,26611688223
26612286271,26612538546
26612994884,26613194095
26613162437,26613462018
26613391810,26613671617
26614752112,26614818530
26615657811,26615795551
26616322230,26616511643
26616675855,26616840668
26616680205,26616742196
26617296861,26617664401
26617670330,26618160006
26618949845,26619202002
26619307114,26619485347
26622315785,26622589600
26622444394,26622861774
26625651494,26625789414
26626813266,26627282052
26627499285,26627689722
26627707224,26627985211
26628237532,26628488979
26628586941,26629001342
26628934691,26629314101
26630159076,26630412993
26630735610,26631028226
26630920626,26631333849
26631338237,26631593424
26631623951,26631705572
26632354901,26632624180
26635449726,26635848937
26635744817,26636238328
26635851331,26635890153
26636376320,26636617007
26636666840,26636943146
26636865176,26637040769
26637480245,26637678048
26639354148,26639825961
26640039134,26640291729
26640736755,26640930106
26641780213,26642058577
26642011742,26642561475
26642452361,26642710955
26642600928,26643084104
26643378883,26643691392
26643420977,26643769084
26643433309,26643851032
26644902852,26645199159
26644965213,26645390015
26645983150,26646248761
26646716386,26646794216
26647117870,26647369830
26647946500,26647998506
26648137318,26648636855
26648571734,26648956400
26648663516,26648687365
26649364534,26649546221
26649576957,26649908048
26650839193,26651154463
26650955659,26651147218
26652293480,26652444950
26653485825,26653703579
26653703277,26654138135
26654313404,26654354377
26654682935,26654863335
26655186565,26655355195
26656303459,26657131950
26660545277,26661001425
26661485977,26661794549
26662106513,26662384465
26662242626,26662717408
26668140645,26668611575
26669207352,26669399481
26669321758,26669518800
26669707125,26670042651
26670210969,26670426922
26671482716,26671556784
26672662080,26672959675
26672759692,26672950098
26673160715,26673375190
26674071088,26674533894
26675437592,26675723690
26675861742,26676087776
26676813138,26677173133
26678280707,26678673276
26678782934,26678815491
26678879762,26679100650
26678893370,26679053027
26679056855,26679448081
26679373692,26679804783
26680408992,26680779945
26681044553,26681306884
26682067131,26682484928
26682279225,26682573940
26682407665,26682798422
26682961462,26683116194
26683243510,26683576245
26683896459,26684208317
26684031270,26684080350
26684560299,26685012914
26686167500,26686349057
26686506422,26686771045
26686610678,26687002053
26686868466,26686990310
26686920864,26687400868
26687147578,26687351038
26687895581,26688230924
26689377913,26689857043
26690350418,26690373339
26692518261,26692695311
26692867632,26692903850
26692971358,26693269067
26695553403,26695788259
26695879119,26696089386
26696661739,26697166595
26697320075,26697774434
26697580750,26697707633
26697789080,26698044265
26698320268,26698595068
26699908425,26700167198
26700145523,26700603841
26700535397,26701042093
26701573528,26701707810
26701586884,26701657251
26702008117,26702185013
26702437626,26702576784
26702811449,26703246934
26703001211,26703389576
26707420255,26707650527
26707818328,26708129766
26708018324,26708230451
26710655293,26710877191
26715062959,26715423957
26715605760,26716070654
26715933400,26716248968
26716525859,26716865912
26716553943,26716748997
26718609288,26718635280
26718660750,26719108047
26719392864,26719430567
26719473500,26719681123
26719533240,26720013489
26720090202,26720179522
26720422225,26720757101
26721987763,26722033513
26722751110,26723118293
26723061005,26723229053
26725408981,26725496304
26725756814,26726123224
26726023835,26726294254
26726843535,26727183263
26727001570,26727144163
26728056456,26728478461
26729231860,26729443001
26729487161,26729601336
26731679523,26731950002
26732999831,26733218891
26733359441,26733867708
26733857293,26734178541
26734234929,26734473897
26734665257,26735178161
26735480245,26735690033
26736233900,26736483115
26736464910,26736498817
26736529228,26736864905
26736578611,26736679929
26736987495,26737222224
26739450619,26739678604
26739683573,26739925740
26739899723,26740128128
26740540794,26741044456
26740778225,26741254166
26741637486,26741688295
26742050756,26742234452
26742307221,26742543597
26744886839,26744926118
26745401136,26745582095
26746360575,26746761664
26747586938,26747908227
26747953111,26748425227
26748878383,26749181092
26749560510,26749706199
26749733186,26750105092
26749936607,26750178996
26750022046,26750365527
26750075124,26750361785
26750931573,26751175458
26751630684,26751861976
26751807061,26752076498
26753019007,26753054253
26753347528,26753747332
26753700519,26754284754
26754267726,26754578923
26755488895,26755767594
26756592447,26757135861
26757450303,26757467361
26757883584,26758135624
26758857793,26759239034
26759495068,26759856032
26760017280,26760182634
26761087048,26761276819
26761215512,26761297717
26761551618,26761952605
26762726783,26762994565
26763116778,26763252629
26763431622,26763857249
26765450422,26765783802
26765792631,26766258885
26766528042,26766931750
26767584968,26767824568
26767933411,26768310726
26768632555,26768983487
26768777201,26769119534
26770831883,26771213341
26771225815,26771554395
26771803709,26772178228
26772197998,26772225506
26772872553,26773206845
26773299332,26773548472
26773566379,26773684158
26773966128,26774310242
26774863768,26775115005
26776097363,26776351428
26776517262,26776948814
26777574771,26777899830
26777648412,26777972582
26778630387,26778783632
26779036108,26779350278
26779813996,26780125096
26780870470,26780951857
26781446729,26781703327
26781562310,26782340174
26783138751,26783590388
26783320738,26783421689
26784043951,26784171993
26784345233,26784772062
26785284064,26785650545
26785296714,26785441748
26785500853,26786049841
26785533297,26785905423
26785785637,26786149131
26786485466,26786612327
26789015269,26789305041
26789306582,26789680428
26790789018,26791585122
26791149850,26791292050
26791166244,26791386256
26791592275,26792017887
26792395526,26792572270
26793558391,26793977744
26794527102,26794631797
26797153093,26797766323
26797715044,26798058780
26801061023,26801309336
26801237244,26801474816
26801255837,26801575777
26802438228,26802670273
26802822186,26803110943
26804616312,26804981140
26804844095,26805152549
26807151173,26807212901
26809030465,26809170567
26810059035,26810268474
26810746646,26810804272
26810817014,26811130868
26811563237,26811870706
26811884606,26812214780
26812296297,26812796537
26812627815,26812814349
26812809045,26812991818
26814130621,26814392558
26814169437,26814448340
26814424626,26814633670
26814435659,26814973639
26814452806,26814824899
26816606486,26816903529
26816768108,26817098433
26817104099,26817448788
26817897702,26818301995
26820294844,26820789881
26821672859,26821695632
26821674931,26821771648
26821815007,26821987078
26822015778,26822620690
26822797971,26823013608
26825506135,26825764506
26825601563,26825639844
26826211959,26826467855
26826500164,26827000543
26826807984,26827251223
26827003787,26827355963
26828788325,26829103150
26830388772,26830682329
26830592797,26830895233
26832081273,26832179555
26835707506,26836064996
26836085865,26836113692
26837080116,26837183015
26837274150,26837820153
26839133087,26839456565
26840523266,26840742872
26840538332,26840562784
26841036830,26841173107
26841141567,26841518210
26841885271,26842175082
26843717760,26844133685
26843754727,26844122939
26844580683,26844822300
26844845967,26845200729
26847677536,26848123713
26847705423,26848223215
26848550823,26848821831
26850329193,26850862294
26850533427,26850545929
26850683401,26850955197
26851553989,26851759924
26851940382,26852250934
26852659706,26852905933
26854426426,26854551263
26855524238,26856013080
26856535553,26856609285
26856806609,26857242784
26858702926,26858868715
26859256183,26859358776
26859286995,26859499943
26860188691,26860516605
26861890948,26862505969
26862537877,26862769016
26862771974,26863136159
26864151254,26864787674
26864239800,26864446116
26864439697,26864713520
26866249812,26866594875
26867911962,26868129014
26869137567,26869451096
26870520374,26870713153
26870908020,26871006904
26872688975,26872784746
26873944524,26874147068
26874656200,26874962652
26875923810,26875954374
26876364341,26876559957
26877885319,26878427703
26879818473,26880108748
26881148755,26881634780
26881450153,26881909751
26881652347,26881771331
26881715681,26882205044
26882267820,26882690448
26884122490,26884282324
26884273240,26884308403
26885515096,26885841241
26885867908,26886107456
26886111707,26886624703
26888034315,26888365155
26888077121,26888220945
26892476929,26892886353
26894980059,26895306277
26896559898,26896988695
26896915529,26897271666
26898392865,26898907722
26900290042,26900699348
26900665904,26900936056
26900736000,26901216734
26901633779,26901834973
26901837007,26901961312
26902234375,26902539192
26902523071,26903063246
26902896264,26903315062
26903842294,26904277127
26905411376,26905470043
26905632222,26905896245
26905899834,26905992240
26906226216,26906297428
26906676538,26907146978
26906908142,26907017936
26907075496,26907520791
26907580136,26907703748
26907886725,26908009435
26909074611,26909516373
26911596085,26911874864
26911779266,26912122851
26912159618,26912602452
26912880710,26913206881
26914800850,26915057538
26916349800,26916467149
26918261038,26918583449
26918616250,26918652616
26918986631,26919132570
26919841813,26920196849
26920356287,26920796631
26920461522,26920525048
26920781152,26921187812
26921239917,26921659375
26922188329,26922471323
26922705853,26922895513
26922818514,26923191077
26923030946,26923320370
26923644298,26924010787
26924051252,26924332874
26924734147,26925101580
26924991013,26925034125
26926501126,26926781135
26927155674,26927358841
26927632902,26927824140
26928075608,26928423970
26929798395,26930021113
26930258220,26930401875
26930585339,26930871397
26933411858,26933587648
26934578505,26934891778
26934596587,26935026427
26935663349,26935830321
26935920268,26936298462
26937541712,26937738890
26937644267,26938003262
26938193856,26938528923
26938469112,26938787354
26939240843,26939476523
26939869469,26940160115
26940394323,26940873305
26940784094,26940840572
26940922116,26940962767
26941272780,26941716718
26941276919,26941500877
26941323858,26941800043
26945241878,26945828471
26945927145,26946150562
26946461974,26946692586
26947079799,26947317215
26950016324,26950101336
26950329685,26950597338
26952266596,26952549672
26953737653,26954166336
26954094187,26954221137
26954996704,26955247956
26956258440,26956722108
26956815286,26956940973
26958809433,26959090818
26959120815,26959696001
26962030740,26962230039
26962555332,26962642578
26964092269,26964470516
26964140170,26964508662
26965894991,26966339538
26965955436,26966057768
26966633477,26966851617
26966875631,26967110827
26968395394,26968798153
26969462039,26969875966
26970436688,26970515685
26971510419,26971668288
26972514715,26972646129
26972738226,26973029313
26973068765,26973192907
26973218341,26973652043
26973889096,26974371327
26975530711,26975720612
26976694703,26976979838
26976967415,26977014771
26977422422,26977689154
26977821543,26977955947
26977885323,26978237551
26978288868,26978834656
26979777201,26980032155
26980336160,26980585816
26981023964,26981305210
26984703778,26984995373
26985271385,26985471285
26985700009,26986088272
26989016034,26989378822
26990436051,26990634798
26990439875,26990589200
26991360824,26991804432
26991621958,26991758030
26993048102,26993354905
26993335662,26993569284
26993390848,26993720024
26994297000,26994640653
26995266278,26995505014
26995293033,26995339398
26995335245,26995441728
26996466112,26996513547
26996712529,26997156274
26998444119,26998850250
26998613608,26998810483
27000859479,27001154861
27001197784,27001515496
27002138823,27002359691
27002449139,27002703667
27002688716,27002978251
27002852457,27003180456
27003899295,27004117842
27003904156,27004189528
27004812831,27005360790
27005345726,27005620441
27005626938,27005910199
27005734278,27005799040
27008992523,27009135522
27010147114,27010647784
27010463102,27010633604
27011454641,27011473519
27011489498,27011936728
27012019842,27012378656
27012176196,27012387842
27014087361,27014422047
27015083700,27015278868
27015484895,27015973481
27015585604,27015865559
27018840193,27019133969
27021465037,27021871231
27021518504,27021618461
27021874673,27022237364
27022207675,27022488663
27022229701,27022446210
27023430528,27023490476
27024516996,27024814372
27024876329,27025097999
27025710605,27025911541
27027914168,27028227464
27028170682,27028253862
27028252538,27028716418
27028400683,27028755527
27028631515,27028688207
27028754821,27029233285
27029257214,27029385034
27030409511,27030886108
27032418629,27032960889
27034295692,27034568943
27035334902,27035750789
27036029420,27036322546
27036249145,27036649848
27036391971,27036828480
27036851035,27037221479
27037623990,27038047539
27042712107,27043115426
27042766796,27043228245
27043442140,27043485976
27043651692,27044240795
27044374994,27045017257
27045432839,27045602965
27045802138,27046018347
27049515360,27049922712
27049531708,27050118584
27050283354,27050510755
27050503830,27050853392
27050582033,27050632996
27052315691,27052505165
27053784918,27053993898
27055158945,27055658320
27055212349,27055430641
27055474903,27055686361
27056970937,27057453234
27057129858,27057461936
27057745270,27057959128
27058034193,27058269216
27059067406,27059316768
27059087820,27059223790
27059362112,27059663995
27059370487,27059816029
27060810066,27061202458
27061009586,27061296969
27062508757,27062780057
27063040718,27063204759
27063532641,27063812092
27064645903,27064978593
27065300600,27065696142
27065801075,27066057401
27068912441,27069341974
27069795514,27070261931
27069919092,27070070261
27070278338,27070543378
27070335099,27070733297
27070518686,27070824817
27070749519,27071147137
27071284670,27071569229
27072169317,27072529496
27072213480,27072675368
27072302119,27072647174
27074358800,27074712664
27075119903,27075482253
27078594370,27078790800
27079852358,27080127960
27082135862,27082413063
27082493404,27083056128
27082911904,27083352547
27082944619,27083288957
27084639009,27084985355
27085274447,27085387569
27085800880,27085902680
27085910886,27086216439
27087566644,27087977690
27089816415,27090071932
27090065665,27090410363
27090170385,27090384216
27090881116,27090925240
27090882767,27091138729
27090901298,27091036081
27090949652,27091436407
27092240643,27092523550
27092779514,27093084232
27092947977,27093330053
27093054974,27093343098
27093097142,27093132211
27094021220,27094230723
27095670607,27095716959
27096252199,27096319875
27096651888,27096682581
27097108069,27097494096
27098647978,27099096986
27098703224,27098819294
27101126826,27101271390
27101174454,27101384284
27102105307,27102426189
27103091603,27103354787
27106466150,27106630924
27106820166,27106925612
27108554968,27108912861
27108561636,27109036475
27109920762,27110296335
27110136576,27110331977
27110754287,27110803141
27111662493,27111867548
27112687691,27112963761
27113102977,27113425187
27114243077,27114652132
27114695094,27115006988
27115228627,27115400080
27115675979,27115873422
27116568264,27116974203
27116969345,27117113313
27117491934,27117971274
27117649583,27117669598
27117681369,27117777806
27117700069,27118020656
27117778792,27117831082
27117834586,27117999292
27118833982,27119319344
27118870240,27118947676
27119031854,27119131942
27119412414,27119873380
27119843032,27120085780
27121070114,27121299372
27121690328,27121866453
27121697330,27122025627
27123231956,27123433027
27123460998,27123492276
27125879852,27126025606
27126370240,27126816319
27127015697,27127209731
27127142707,27127583573
27128324280,27128704771
27128491506,27129040230
27128611904,27128989356
27129868097,27130260324
27130207335,27130501343
27131018834,27131359923
27131512352,27131886500
27131888097,27131939527
27133214526,27133583093
27134367331,27134860804
27134888825,27135325228
27135068312,27135227978
27136979465,27137233510
27137893348,27138122695
27139288604,27139723843
27141903959,27142158894
27142163432,27142529482
27143189147,27143302504
27143672962,27143913002
27144575049,27144731881
27144954336,27145237916
27145800505,27145944287
27146237206,27146565642
27146489429,27146791567
27146621842,27146711862
27146739605,27146937274
27147298841,27147613786
27147921873,27148293208
27148159507,27148570018
27149129441,27149352836
27149558128,27149991736
27149618518,27149829257
27149878405,27150131750
27150742573,27150881298
27151191474,27151577913
27152045739,27152612197
27152192085,27152601013
27152347421,27152769155
27152924192,27153015787
27153249227,27153342441
27153688962,27153837382
27153796096,27153901178
27154865503,27155230622
27155887749,27156150102
27158101536,27158510612
27162019000,27162434926
27162118537,27162493868
27163965038,27164244596
27164195029,27164299175
27165434757,27165876654
27165953769,27166412780
27166419911,27166643194
27166871607,27167003008
27167824352,27167970736
27167953153,27168120381
27167974296,27168387361
27168244809,27168386658
27169248243,27169543389
27169468073,27169691699
27170630349,27170915082
27170874626,27170984906
27172108022,27172264874
27172641272,27173060342
27173009690,27173168881
27173724647,27173995788
27173997774,27174163212
27175259204,27175705064
27175714339,27176048893
27177352618,27177610595
27178555827,27178868084
27179453397,27179766642
27181080513,27181260833
27182397721,27182614964
27182751093,27183154190
27183349913,27183796552
27183404210,27183695946
27183565279,27183778540
27183967228,27184735997
27184830991,27185081558
27185645170,27186111489
27186298064,27186544083
27186922184,27186991277
27187552695,27187842127
27188339247,27188609533
27188373859,27188773730
27188465807,27188705097
27189012856,27189528979
27189079909,27189112428
27189638872,27190031609
27190434530,27190907709
27190558952,27190953383
27190698682,27190945932
27192001861,27192306244
27192323462,27192706709
27192648423,27193033642
27193859438,27193996724
27194625474,27194678405
27195212766,27195475341
27196702750,27196835653
27198204806,27198447841
27198636253,27198949527
27198961858,27199504832
27199373447,27199929917
27199598102,27200066475
27200039595,27200428777
27200610546,27200856063
27202557431,27202817070
27203567855,27203994209
27203733542,27203854657
27204055438,27204224234
27204240934,27204484706
27204766237,27205019838
27206648675,27206923922
27207604076,27207903230
27209882622,27210217667
27209991219,27210032530
27210489946,27210726455
27211412571,27211613370
27212804363,27213346852
27213570993,27213938389
27214122576,27214149199
27214312027,27214772922
27214552665,27214651986
27215903090,27216157753
27216318617,27216475287
27216565321,27216647027
27216826512,27217288841
27218509386,27218736204
27219638833,27220171094
27220378515,27220710329
27220661956,27221155901
27221664452,27221985456
27221854318,27221936939
27221865019,27221976440
27222010286,27222540952
27223071552,27223589551
27223111309,27223271881
27223853390,27224364601
27224766731,27224929207
27225379047,27225431290
27225598418,27225853233
27227005965,27227354230
27228083231,27228493861
27228787656,27229040089
27228861942,27229323573
27228866533,27229253119
27232910265,27233083249
27233139039,27233204597
27233849491,27234056809
27234113563,27234515598
27234401568,27234829322
27234799229,27235083976
27234868943,27235121613
27235018794,27235150178
27235778731,27236133916
27235847852,27236192344
27236065427,27236263770
27236319603,27236542782
27236383927,27236768301
27236877886,27237146910
27237923979,27238208885
27238297009,27238810738
27239113432,27239320353
27239981234,27240523064
27240505741,27240925909
27242658684,27243022585
27243773650,27244189584
27245077066,27245234522
27245245348,27245538552
27246457889,27246744188
27246663068,27247073908
27248769799,27249071880
27249392891,27249834296
27249501275,27249884446
27249964808,27250143824
27250141015,27250577757
27250554799,27250811751
27250577576,27250838037
27250640455,27250734240
27250683606,27250875884
27251623639,27251967061
27251660351,27252011874
27252985118,27253131625
27253080179,27253208965
27253832915,27254271686
27254849176,27254874848
27255667158,27255939945
27258422137,27258489888
27259097378,27259179747
27260460335,27260885674
27260604756,27260770470
27262807830,27263092442
27263822388,27263946632
27263861755,27264146257
27264228193,27264279626
27267021757,27267237247
27267733969,27267994425
27268039295,27268102743
27269566371,27269796158
27269749144,27270089527
27269751753,27270089113
27272198296,27272554825
27272567287,27272705879
27272659385,27273007722
27272745639,27273114351
27274206297,27274391502
27274967202,27275269829
27276078914,27276547794
27277789478,27278241762
27277840845,27278011536
27278229550,27278524604
27279093431,27279156817
27279111112,27279411221
27280401541,27280643039
27280606017,27280804527
27280776367,27281037660
27280825104,27281106333
27281250322,27281412219
27281692846,27281993733
27284114451,27284160720
27284506160,27284853737
27285466293,27285805782
27287095517,27287328890
27288392963,27288628760
27289098688,27289263325
27290375774,27290834982
27291180066,27291513503
27291659558,27292075270
27292112998,27292483607
27292280199,27292505007
27292548562,27292980461
27292881482,27293175547
27293188099,27293458072
27295485798,27295661856
27295967531,27296235517
27296023016,27296445324
27297873307,27298205933
27299066773,27299361626
27299936813,27300114981
27300962862,27301296816
27301187397,27301768597
27302239674,27302788633
27302674682,27303066656
27302820388,27303164742
27303172198,27303365334
27303873370,27304157878
27304319194,27304543195
27307967277,27307993134
27308252833,27308439843
27308768944,27309101899
27311959941,27312699924
27312766557,27313409716
27313351613,27313567948
27313423376,27313744016
27313680301,27313792148
27314640800,27314693611
27315301197,27315777734
27317012646,27317289480
27317799334,27318297178
27317857291,27318510134
27318154198,27318210855
27318365750,27318658831
27318429952,27318486049
27319044208,27319332464
27319563952,27319854565
27320638336,27320758834
27320882501,27321093033
27321464744,27321574072
27322209892,27322423785
27322531925,27323005022
27325619256,27325785436
27325669412,27325998983
27325902694,27326382992
27326510482,27326655732
27326562896,27326782471
27326889216,27327247062
27328192701,27328373481
27329146369,27329523726
27329711456,27330163418
27330645843,27330936204
27331489442,27331825949
27332383330,27332587399
27332458876,27332721549
27332919631,27333427214
27333153996,27333329496
27333431465,27333542129
27334599188,27334837109
27334844689,27335197216
27334851105,27335141882
27334902532,27335145609
27335459257,27335740899
27338789480,27339055039
27339060521,27339701996
27340079988,27340146733
27340421600,27340544630
27341105264,27341174123
27341632039,27341919749
27344191405,27344711401
27344768840,27344871145
27346134029,27346346897
27346863916,27347172774
27347363245,27347577162
27347450576,27347594246
27349550800,27349716355
27349818579,27350130838
27350540485,27351048394
27351688727,27351867179
27352694435,27353122039
27353491349,27353746969
27354129235,27354451735
27354827105,27354984722
27354989127,27355498163
27356573969,27356823923
27357163262,27357603260
27357626434,27357969431
27357677326,27358087208
27358964742,27359078740
27359698635,27359820824
27359930764,27360231281
27359943437,27360338831
27360240622,27360500142
27362674741,27362900145
27363552159,27363812065
27363956317,27364006415
27364047540,27364107280
27364121087,27364513182
27364606076,27364793011
27366200738,27366417139
27368239306,27368494395
27370631387,27370760186
27370763740,27371150920
27375716413,27375868110
27376656108,27376961493
27376733890,27376832197
27379779421,27380334687
27383603095,27383995490
27384713519,27384865241
27384824405,27385196473
27385202886,27385488351
27385313994,27385427809
27385374676,27385647658
27387027048,27387338801
27387201582,27387454771
27389346706,27389724110
27389577731,27389633831
27390218922,27390516834
27390374669,27390996086
27394347924,27394501361
27394713955,27395106411
27395047412,27395479847
27395081176,27395502025
27395970595,27396301454
27396201082,27396363186
27396414965,27396862663
27397340512,27397552062
27398738991,27398927591
27400108850,27400360998
27401057824,27401508903
27401621757,27402059042
27402715935,27402760099
27403840414,27403962239
27404993811,27405304241
27405215667,27405484574
27407709161,27408217295
27408349430,27408605940
27408517972,27408905346
27408925589,27408993690
27409022240,27409038545
27409273462,27409757758
27409429365,27409688897
27409661193,27409819699
27410379780,27410650265
27410467160,27410718489
27410694342,27410951822
27411222423,27411551191
27411617136,27411967223
27411903515,27411920930
27412917006,27413191388
27413341742,27413758787
27414428072,27414619866
27414963423,27415329483
27415238675,27415262066
27416513095,27416673375
27416675458,27417268669
27417173763,27417352233
27418893685,27418978160
27421347218,27421378485
27422005111,27422291576
27423420565,27423634566
27423806286,27424220375
27425047606,27425122452
27425279326,27425361500
27427513719,27427902291
27427813244,27428154198
27428049520,27428428619
27429774005,27430220244
27429892383,27430087374
27430006674,27430365211
27430236098,27430365458
27430794708,27430882704
27431445706,27431805127
27431587133,27431822489
27431815253,27432332941
27432876662,27433118855
27437304173,27437738384
27437909936,27438172692
27438545789,27438947183
27440549429,27440646003
27440917791,27441072900
27442095368,27442301102
27442956514,27443293725
27443335998,27443524016
27448292543,27448513939
27448587553,27448850638
27449411026,27449523867
27449922150,27450356890
27450685616,27450809099
27452021910,27452542613
27452067173,27452439423
27452094082,27452702903
27452459314,27452740990
27452569030,27452879514
27453554070,27453811123
27455286410,27455445756
27456825291,27456973813
27459681403,27460055190
27460092970,27460294156
27461054604,27461213544
27461173851,27461597405
27461222313,27461241760
27462910058,27463079578
27463103069,27463506983
27464393470,27464656181
27464592900,27464910560
27464667206,27465108539
27465233586,27465390093
27465681566,27465717893
27466019397,27466319123
27467226570,27467266346
27468613461,27468855443
27468748108,27468901332
27468785347,27469038957
27469031688,27469095388
27469572390,27469886858
27470883659,27470942691
27471112782,27471243573
27472325588,27472507755
27473148919,27473604851
27473433852,27473807192
27473939925,27474340684
27474734917,27474986643
27474861460,27475292706
27477621477,27477956661
27477857662,27478080116
27478546899,27478899021
27478961100,27479045171
27479414468,27479746995
27480187198,27480564702
27480735182,27480974629
27480861307,27481321044
27482404384,27482486928
27482447113,27482622448
27484906506,27485080564
27485363708,27485613823
27485659853,27486034591
27487105806,27487611055
27487407514,27487871134
27488138937,27488396524
27488269051,27488306620
27488519584,27488678531
27490483573,27490768450
27491552156,27491820532
27491855988,27492193764
27491867908,27492283672
27494204333,27494272019
27494831418,27495112106
27495715544,27496000678
27496973338,27497016970
27498407042,27498456749
27499656483,27500108131
27501361916,27501413049
27503407615,27503646895
27504468379,27504817557
27505135109,27505298148
27506298657,27506639944
27506479319,27506757194
27507143119,27507516537
27508172984,27508477189
27509247686,27509405752
27509353100,27509783215
27509861397,27510076004
27510193909,27510502406
27511377524,27511602411
27514360877,27514583276
27514902536,27515391897
27516677232,27517091425
27517403035,27517891944
27517890883,27518420767
27519187135,27519686125
27520322395,27520607725
27522227413,27522414245
27522337285,27522398339
27522476803,27522864831
27522544555,27522603096
27523405772,27523763469
27525027661,27525185541
27525550686,27525578715
27526056870,27526396312
27526084257,27526292183
27526487165,27526639278
27527008864,27527360020
27528587829,27528719649
27529785046,27530197338
27530333282,27530857101
27531845598,27531944724
27532272569,27532754179
27532457213,27532564588
27532912270,27533350524
27534214499,27534461954
27534237939,27534576900
27534494832,27534546364
27534577912,27534874922
27534928542,27535163058
27535314025,27535702547
27535334392,27535613491
27535398858,27535656815
27535867383,27536323358
27536387094,27536825261
27536541161,27536873171
27537851318,27538273152
27538301117,27538759468
27539183734,27539407098
27539672846,27539697408
27539979711,27540313634
27540274092,27540438436
27540429657,27540836735
27540455770,27540641550
27540915943,27541291754
27540954212,27541324254
27541359934,27541615255
27541412395,27541633832
27542536065,27543019897
27543229520,27543970788
27544037618,27544469515
27544066101,27544106563
27544363847,27544569703
27546637438,27546918987
27547513431,27547991712
27548684534,27548839162
27550043700,27550123551
27550048890,27550318348
27550518948,27550590480
27554192336,27554417879
27554391473,27554580628
27554774871,27555058533
27555043266,27555123208
27555067211,27555444645
27556129288,27556199948
27557171165,27557692232
27558352431,27558704082
27558844187,27559095645
27558987612,27559175154
27560303973,27560563565
27560433528,27560558724
27560541778,27560718877
27560553398,27560652628
27561984112,27562454786
27562086111,27562119668
27564814233,27565161196
27564884580,27565115566
27565759667,27565939283
27567569086,27568017960
27568153417,27568346096
27569921324,27570389084
27570516711,27570747005
27570595004,27570793765
27571416547,27571874930
27572248882,27572552937
27572672830,27572780481
27573625458,27573804067
27574036514,27574625230
27574248818,27574286217
27574304474,27574450599
27575019168,27575649894
27576075785,27576278271
27577382924,27577537742
27578780352,27579074437
27579822161,27580320113
27580279380,27581306041
27580964418,27581608527
27582517653,27582661450
27583404625,27583623754
27583571656,27583820527
27583589167,27583930832
27585117456,27585360540
27585354407,27585659060
27585547115,27586083756
27587126917,27587290625
27587152408,27587609050
27587163482,27587363122
27588206713,27588537135
27589308076,27589745049
27590332180,27590614197
27590718275,27591038146
27591410823,27591625837
27593270408,27593474447
27593607908,27594058087
27594302330,27594651363
27594720101,27595294576
27594756277,27595017319
27595777058,27596198579
27595860158,27596118941
27596140452,27596408105
27597884366,27598151984
27599224963,27599437665
27599409997,27599460864
27599643375,27600134643
27601090179,27601302018
27601791073,27602031875
27603038595,27603356103
27603938035,27604568728
27603939570,27604358245
27606255691,27606774340
27607939448,27608016834
27609135786,27609186737
27609526673,27609775974
27610649918,27611045901
27610950994,27611389824
27611052602,27611365268
27612035653,27612441065
27612560779,27612778124
27612794506,27613035282
27613612422,27613822770
27614818263,27615107225
27615427049,27615861774
27615550621,27615703852
27615713401,27616035106
27616263710,27616438792
27617023678,27617370116
27617484142,27617560089
27618917651,27619193743
27621073049,27621498423
27622395088,27622650542
27624542005,27624932364
27625573734,27625764677
27625985662,27626122693
27628311120,27628436555
27628482267,27628776107
27628936761,27629603311
27629653826,27629987035
27630309408,27630391487
27631489444,27631779229
27632303429,27632623446
27632768507,27633318698
27632941570,27633258812
27633320865,27633753572
27634100599,27634533472
27634897121,27635031491
27636240798,27636483985
27636690461,27636965240
27636998159,27637659239
27639710372,27640047311
27639872542,27639898751
27640189721,27640723724
27641275487,27641382288
27641798748,27642230684
27643160823,27643654236
27643762786,27644108610
27644164171,27644243689
27644509933,27644692173
27647451456,27647897230
27652894393,27653042802
27652928615,27653174595
27653294476,27653594294
27654376199,27654709400
27655087638,27655260009
27656342636,27656774175
27656917161,27657384202
27657663792,27657996961
27659524076,27659611154
27660394930,27660666486
27660674237,27660816813
27660734264,27661136316
27661686445,27661882613
27662279769,27662331078
27662290204,27662440504
27662939200,27663232613
27664423267,27664507143
27665113252,27665534647
27665166371,27665300622
27665767945,27666031099
27665955384,27666141689
27666708086,27667082192
27667398886,27667792431
27667820707,27667919178
27668558241,27668792433
27669294791,27669478573
27669733483,27669854684
27670812929,27671243947
27671572948,27671856730
27671933535,27672263975
27674203792,27674377954
27675512953,27676036491
27677231213,27677321377
27678690822,27678952115
27678913198,27678962869
27680140831,27680627688
27681158159,27681430418
27681439697,27681735484
27681641407,27682028248
27681817625,27682086872
27682344807,27682607124
27683521084,27683828896
27684218644,27684848352
27685668725,27686082366
27685703259,27686208381
27686647017,27687001109
27687430867,27687821110
27687854894,27688211804
27689138425,27689330719
27690376618,27690643063
27691712826,27691800329
27693607375,27693923316
27695181671,27695623844
27695672744,27695969698
27697005205,27697332675
27697353278,27697422594
27697659305,27697823099
27700680808,27700707859
27701234558,27701707529
27701610618,27701814499
27703049022,27703361709
27703713392,27704007385
27703812950,27704012201
27704473141,27704790356
27706060034,27706105726
27708706787,27708774702
27709499274,27709628747
27710411610,27710942417
27710493125,27710539121
27711154971,27711235748
27711872752,27712252092
27712596919,27712978273
27712832941,27713173107
27713127064,27713191282
27713874379,27714332165
27716199119,27716518493
27716613282,27716887606
27717712995,27717926703
27718114634,27718431111
27720565218,27720866789
27721078828,27721331112
27721134863,27721578391
27721338192,27721615618
27721433912,27721919999
27721995863,27722249311
27724229855,27724680291
27724344222,27724509784
27724693911,27724953452
27724721620,27724859775
27725354474,27725768858
27725910297,27726014307
27726155974,27726508399
27726433431,27726664812
27726659454,27726821323
27727103656,27727490057
27729185894,27729377965
27730217543,27730240909
27730736284,27731113452
27731124586,27731710601
27734214218,27734491026
27737255397,27737478046
27739436983,27740129625
27741019963,27741068546
27741069960,27741415967
27741447037,27741740928
27741798478,27742124507
27743364373,27743519009
27743944614,27744328997
27744599093,27744942959
27746226447,27746430907
27747120064,27747350734
27749516558,27749924653
27750692341,27751039501
27753950287,27754205484
27754075573,27754143754
27754394487,27754696747
27758419240,27758700285
27758666485,27759037682
27760515640,27760671390
27761626439,27761823787
27761967430,27762420198
27763102868,27763381810
27764894373,27765286434
27766662494,27766894880
27770148705,27770248404
27770284625,27770492371
27770336189,27770689261
27770365796,27770504100
27771292867,27771544325
27772125745,27772578297
27772391215,27772564356
27773085071,27773477050
27773593662,27773716297
27774047257,27774239273
27776959734,27777205092
27777606439,27777734885
27778939445,27778970053
27779942180,27780238446
27782134409,27782422010
27784343071,27784548822
27784868305,27785150399
27785323704,27785674566
27785692782,27785886717
27786384121,27786615328
27786916075,27787355335
27787203103,27787428925
27787698366,27787972670
27788647151,27788970262
27789173552,27789605142
27789587381,27789984367
27789774296,27790001016
27790306728,27790799742
27790764791,27791129760
27791630805,27791732451
27791897970,27792197809
27792193120,27792395325
27793602129,27793658195
27793772771,27794166599
27794369660,27794656683
27795026369,27795520077
27795087146,27795455929
27795521463,27795894174
27795871012,27796192044
27796218733,27796374203
27796578942,27796911900
27797152604,27797286990
27798568490,27798974975
27799043229,27799093056
27800087427,27800351505
27800208447,27800461435
27800429196,27800836593
27802702642,27803025335
27802879721,27803516777
27804052791,27804261537
27804542531,27804646651
27804825681,27804978204
27804857240,27805245026
27806378470,27806522254
27807193143,27807416173
27809221299,27809718584
27810141124,27810520098
27810586996,27810680746
27812396269,27812655105
27813250892,27813450526
27813889914,27814197324
27813955854,27814292869
27814636693,27814976311
27814876951,27815188752
27815196887,27815594311
27815700944,27815960954
27816126470,27816309643
27816537233,27816590382
27817221525,27817250391
27817821962,27818008672
27818616861,27818816157
27819234580,27819419784
27819474502,27819739413
27819986159,27820442514
27820381752,27820460676
27820448536,27820739182
27820464954,27820934338
27820935641,27821060921
27821375316,27821440169
27821852496,27822027844
27822633090,27823117897
27822712319,27822863001
27824987732,27825103074
27825324141,27825536931
27825680543,27826075305
27826397019,27826718858
27827723156,27827884413
27828023955,27828523760
27828234342,27828410879
27829075212,27829119645
27829405686,27829591858
27830580907,27830702320
27830683819,27830718953
27830871759,27831050080
27832057074,27832309639
27832064994,27832435479
27832556636,27832930811
27832889535,27833070826
27833125268,27833533025
27834429517,27834459152
27836935227,27837321329
27837576305,27838315428
27838933152,27839072859
27839543406,27839666368
27841102554,27841468847
27841307549,27841850557
27844318685,27844766882
27844841892,27845237129
27844952574,27845072544
27845488583,27845838242
27845499005,27846086941
27845852212,27846332010
27846333888,27846561532
27847702740,27847913162
27847979078,27848238183
27848100265,27848355400
27848426137,27848821986
27849768446,27850131582
27851160132,27851405591
27852078406,27852226925
27854641747,27855080829
27855726818,27856074497
27855794495,27856213574
27857270336,27857991116
27858536572,27858708402
27859076912,27859392141
27859213032,27859340589
27860015137,27860328969
27862962036,27863430484
27863135617,27863501158
27863348070,27863431247
27863957687,27864423505
27866627607,27866698102
27867485561,27867780935
27868440040,27868515797
27868442879,27868818139
27869325732,27869646155
27869411052,27869652672
27870137919,27870596683
27870574166,27870811119
27872656743,27873154207
27874752059,27874846761
27876527006,27876735854
27877414453,27877786962
27877627934,27877785224
27878058769,27878688027
27881580095,27882122822
27881673969,27882048612
27882069202,27882099156
27882222993,27882566730
27882896468,27883128550
27883966945,27884276504
27885142141,27885306913
27886409788,27886897559
27887249626,27887423505
27887430754,27887921625
27888461793,27888555744
27888886876,27889219261
27889230346,27889444592
27891525825,27891907514
27891757327,27891859374
27892630465,27893001134
27892859657,27893108656
27893116010,27893515800
27893571447,27893742353
27894956530,27895205580
27895912949,27895945409
27896416667,27896563527
27896532685,27896606443
27896865770,27897150527
27897004351,27897188226
27898498053,27898926963
27899658789,27899676655
27900480256,27900765719
27901805928,27901989863
27902982995,27903168768
27903133287,27903291814
27903702527,27903792649
27905020170,27905178425
27905290494,27905519087
27906921360,27907095416
27907058847,27907281616
27908327170,27908570451
27909117656,27909539212
27909302653,27909370577
27910513233,27910663519
27912247834,27912532228
27913683059,27913818853
27913705229,27914036422
27913866957,27913937640
27914042937,27914124732
27914551830,27915022824
27914597846,27915011229
27915264898,27915642826
27915986678,27916208952
27916364663,27916409405
27917654448,27918039934
27917853312,27918270444
27919420924,27919570387
27919459436,27919509063
27920296604,27920637077
27920390112,27920773737
27920774216,27920869412
27921275950,27921480002
27921453119,27921675038
27921550011,27921956808
27922159659,27922407361
27922876350,27923102098
27923725779,27923991553
27924120715,27924576670
27924274851,27924625740
27924720802,27924831072
27925579964,27925884851
27926089669,27926262771
27927206068,27927383225
27928382596,27928767182
27928858432,27929105650
27929014495,27929053806
27929431794,27929726670
27930497932,27930644546
27931507323,27931915138
27932326864,27932779711
27932618392,27932838044
27933426072,27933762730
27935021011,27935323572
27935328130,27935761502
27935789399,27936165152
27936023765,27936381735
27936417023,27936611909
27937095583,27937270680
27937979964,27938329868
27938505889,27938781642
27938593941,27938858081
27940750056,27941169378
27941259795,27941721839
27942663199,27943006434
27943085297,27943449353
27943484553,27943739204
27943774388,27944198905
27945089863,27945427208
27945671640,27945743515
27946363500,27946531971
27946661986,27947100188
27947645683,27948047163
27947950763,27948361335
27948745839,27949307537
27950309569,27950623786
27950784912,27951090550
27951208036,27951351915
27951503684,27951746486
27951846938,27951986475
27951882750,27951990994
27952024366,27952389136
27953723380,27954183537
27954432275,27954584010
27954577202,27954845233
27956319245,27956375869
27956546453,27957016542
27957131698,27957240192
27957424975,27957637824
27957954515,27958054022
27958474932,27958579484
27958517198,27958772195
27959610961,27959962882
27959969685,27960198217
27960011196,27960622914
27960097186,27960615870
27960511431,27960590071
27960663763,27960846799
27962450603,27962704522
27962567248,27962828524
27963143706,27963468501
27964082982,27964103270
27964389263,27964645139
27964509741,27964682058
27965326009,27965795836
27965966313,27966061544
27966844255,27967104896
27967267309,27967494894
27968520151,27968650914
27969763722,27969939832
27970231337,27970268821
27970678031,27970924570
27970725924,27971012156
27970971259,27971417926
27971282907,27971659008
27971764528,27971920686
27972601303,27973001343
27972725075,27973014574
27972839001,27973129878
27972887616,27972948203
27972983477,27973372904
27973016042,27973521370
27976962079,27977186205
27977023169,27977150035
27977581513,27978076798
27978344578,27978404578
27981886279,27982286664
27982776997,27983060968
27984579846,27984880860
27985687416,27985823655
27985921161,27986190900
27987538905,27987796833
27987665644,27988043884
27988133697,27988347734
27989305302,27989662962
27989821347,27989961411
27990829355,27990980443
27991905629,27992271748
27992556518,27993058857
27996847152,27997133860
27997901517,27998267557
27999913666,27999977498
28000002829,28000445435
28000549973,28000851020
28001202791,28001405472
28002285174,28002719774
28002510005,28002812622
28002799306,28002939898
28003184269,28003351703
28003217141,28003664450
28004331186,28004589243
28004778649,28004818336
28004839910,28005213684
28006506334,28006986964
28006923978,28007350925
28007804493,28007896062
28012980673,28013186671
28013628805,28014068182
28013991156,28014320925
28014846686,28015305920
28014884138,28015157601
28015104649,28015478324
28015660632,28015891720
28015702718,28015975966
28016742917,28017009162
28016827994,28017023792
28017222769,28017428026
28017395121,28017726130
28018276096,28018531020
28019537676,28020008735
28019691743,28019893937
28020366264,28020691273
28021519355,28021821125
28022442280,28022736369
28024252284,28024600707
28025127584,28025539928
28026725767,28026838837
28027229355,28027565793
28027579364,28027858831
28028215493,28028587035
28028228296,28028489623
28028470835,28028499393
28028755629,28029072912
28029043240,28029181641
28029371885,28029551088
28029766303,28029907009
28030837497,28031302933
28031603750,28031808305
28032449781,28032650411
28032653245,28032818808
28033015904,28033098841
28033285577,28033536427
28033842418,28033952092
28034361143,28034611437
28034592812,28034682730
28035035927,28035252731
28036103800,28036236348
28037636964,28037997362
28039944451,28040197047
28040218373,28040598048
28040707259,28040872891
28041584881,28041657444
28041621012,28041985070
28041702998,28041888886
28041944246,28042239054
28042997894,28043436430
28044927954,28045087809
28045177943,28045460862
28046852800,28047094875
28047090451,28047366549
28048498106,28048527461
28048864544,28049065764
28049450622,28049849802
28053784547,28053811151
28053956421,28054397965
28054197077,28054520322
28055349062,28055506305
28055488253,28055554954
28058982958,28059275958
28059702634,28059932985
28059715173,28059926827
28060130207,28060504460
28061316457,28061622300
28061646726,28062035919
28062108033,28062249166
28063434419,28063867746
28064143384,28064429168
28064581585,28064923273
28066753747,28067188761
28067243336,28068115792
28067839616,28068307750
28068085377,28068434095
28068334822,28068840878
28068673916,28068869532
28069069540,28069540348
28069925608,28070344814
28070541900,28070795691
28070803856,28071112276
28071113387,28071292024
28071510250,28071817779
28071827276,28072109695
28072165604,28072570466
28072324006,28072472263
28073763286,28074125323
28074781609,28074869185
28075619208,28075975065
28076763373,28077007503
28076807216,28076997117
28078275943,28078505895
28078348193,28078654153
28078420765,28079034470
28079026949,28079100905
28081123066,28081305458
28081450017,28081837876
28081464416,28081616649
28082876347,28083206300
28083386910,28083740900
28084634809,28084883941
28084638128,28084877383
28084977831,28085295806
28085113733,28085130568
28085316371,28085768311
28085717409,28085891818
28085863189,28086122753
28087709219,28088022604
28088003477,28088257765
28088139288,28088295967
28088305540,28088406353
28088789850,28089159337
28088952956,28088985647
28090072808,28090151977
28091100244,28091295866
28091439964,28091688498
28092862086,28093244010
28094125605,28094330941
28094258918,28094581152
28094357185,28094439405
28095172766,28095591932
28097673143,28098013837
28098019131,28098047916
28098900694,28099034593
28099257520,28099553953
28099795522,28100091391
28100094277,28100509628
28101558811,28101603694
28101927530,28102298188
28103143734,28103307830
28103878515,28103927871
28104111703,28104180659
28104416602,28104432181
28104461100,28104855839
28105338981,28105451952
28105530730,28105802908
28106089287,28106211932
28106587343,28106691889
28106634616,28106933491
28107301716,28107589799
28108227738,28108530072
28108960665,28109420241
28109458296,28109582511
28110245813,28110615921
28110657779,28110829843
28110693921,28110906697
28110718457,28111073896
28112766064,28113175128
28113980169,28114142377
28114708420,28115000353
28114732884,28114863005
28115367864,28115603438
28115550605,28115987459
28116776830,28117130009
28118378223,28118524737
28118817461,28118850528
28119308568,28119518478
28120118374,28120365606
28120161060,28120587301
28120797498,28121328092
28122689474,28123091100
28123725094,28123882582
28124392237,28124893753
28124465125,28124519584
28124774172,28125179631
28126087129,28126389633
28126927231,28127175668
28127565633,28127597984
28128773881,28129097364
28128976414,28129401195
28130880299,28131101470
28131147313,28131186778
28131273309,28131362360
28133670247,28133938561
28133910188,28134030958
28134577022,28135032677
28136654356,28136882587
28137382429,28137707703
28137757944,28137980927
28139684398,28140197829
28140141153,28140683971
28140149921,28140358971
28140631115,28140659362
28140770955,28141171162
28141178450,28141644204
28141208398,28141654752
28141540853,28141654629
28141562992,28142047745
28141574876,28141955031
28142915371,28143219796
28143301963,28143528189
28145107499,28145421042
28145612006,28145818073
28145810149,28145847121
28146847833,28146921959
28146906468,28147034028
28147311338,28147960713
28148216727,28148291113
28148312656,28148726554
28149557670,28149869649
28149615272,28150035107
28150565587,28150848201
28150790155,28151103513
28151449457,28151863455
28151484257,28151649995
28151937842,28152244190
28153317613,28153594521
28154658877,28155025643
28156585054,28157078110
28156646720,28156711761
28156701749,28157122066
28156810605,28156840924
28156847833,28157071806
28156973776,28157080105
28157357696,28157637532
28158367689,28159074628
28158436997,28159016593
28159139406,28159340378
28159195083,28159208277
28160300889,28160663114
28160776152,28161197943
28161523445,28161888355
28162632290,28163134369
28163624212,28163949039
28163684157,28164138357
28163839881,28163941825
28163962737,28164413797
28164392861,28164505095
28164621038,28164814572
28165788463,28166197512
28165838640,28166223847
28166076316,28166303611
28166187133,28166408358
28166445500,28166633535
28166653511,28167050441
28167266862,28167367049
28168836148,28169308656
28169909978,28170364090
28170146667,28170584677
28170371866,28170847595
28170667373,28170908930
28171344659,28171844173
28173399177,28173550620
28175274362,28175637319
28176003303,28176074626
28176643949,28176800345
28177333301,28177484477
28177595603,28177961997
28177612011,28177964010
28177982601,28178125333
28178614336,28178941961
28178618849,28178795549
28178917015,28179299017
28178953928,28179292332
28183190483,28183372521
28183497064,28183865548
28184332435,28184794335
28187724876,28188113432
28188342098,28188383754
28190278317,28190406624
28190925318,28191252282
28191142741,28191490954
28191478859,28191553423
28191916353,28192071401
28193052717,28193429696
28194659357,28194792660
28195751110,28195784781
28198546349,28198604874
28199138545,28199406820
28199157864,28199490074
28199362213,28199667167
28199395962,28199515764
28199877692,28200188212
28200439464,28200947056
28201536585,28201632652
28201732350,28201835635
28201850281,28202246069
28203976706,28204379418
28204259341,28204687066
28204391170,28204444903
28205993286,28206352137
28206195498,28206243169
28207219495,28207545144
28207564327,28207654662
28208838313,28209129592
28209356566,28209401538
28210071525,28210560101
28210553751,28211081925
28210722325,28210978592
28210914470,28211055861
28211400041,28211529048
28211426767,28211464290
28212515094,28212644780
28212581317,28212828351
28213203740,28213541666
28215193165,28215427363
28215218639,28215408643
28216889557,28216966509
28217335309,28217864346
28218069208,28218251200
28218218047,28218639298
28219081837,28219398765
28220775837,28221048574
28222065547,28222283357
28224817381,28225093512
28224820378,28225204570
28226268199,28226622786
28227532224,28227743033
28227538553,28227829942
28227908075,28228168589
28228041138,28228289751
28228829215,28229307404
28229142133,28229339339
28229328914,28229495475
28229892292,28230129676
28230618816,28230822019
28231078643,28231471113
28231778580,28232306094
28232308158,28232710220
28232994283,28233479909
28233216039,28233544851
28233275420,28233577657
28234636185,28234891733
28234681029,28235082311
28236171372,28236343268
28236230977,28236405580
28236248049,28236470716
28236940094,28237121751
28238069466,28238448831
28238234029,28238265238
28238280037,28238631730
28239764130,28240218855
28240344295,28240952725
28240848429,28241162858
28240977217,28241286721
28241717433,28242138577
28242143115,28242382832
28244921160,28245386495
28245500870,28245885845
28247124040,28247437950
28247152177,28247708899
28247744598,28247945845
28247851309,28248161254
28248907435,28249376249
28248974189,28249144314
28250067266,28250180458
28251012752,28251236742
28251388203,28251762970
28251797484,28251943170
28251815705,28251900573
28252101204,28252585744
28252323589,28252515324
28253003584,28253492201
28253368528,28253780664
28255284226,28255475338
28255995949,28256426534
28258259734,28258622655
28258913214,28259026037
28259217803,28259647572
28259638491,28259977103
28259821193,28260126829
28260812682,28260844073
28262191391,28262500067
28262476883,28262498011
28262591066,28262737545
28263254258,28263474608
28264002999,28264219372
28264985598,28265058158
28265464436,28265627746
28266851670,28267209102
28267940457,28268570752
28267967327,28268468147
28268900532,28269079774
28269289297,28269677067
28269363835,28269491461
28269478615,28269615544
28272363394,28272669710
28272711474,28273213400
28273670415,28274112849
28274817471,28275183253
28275113263,28275237549
28276047138,28276146667
28277211291,28277657894
28278300603,28278428605
28281784423,28282266061
28281800286,28282202661
28283119524,28283377275
28283999052,28284351170
28284616455,28285009103
28284909475,28285363638
28285514979,28285718830
28285759886,28285856638
28287134861,28287474697
28287397069,28287610387
28288143624,28288645422
28288919501,28289202526
28289376317,28289716999
28290338197,28290525196
28291427435,28291802412
28292117948,28292170513
28293017451,28293450111
28293745216,28294000411
28294422324,28294666235
28294605492,28294790453
28294803463,28294983589
28296096344,28296480726
28296560625,28296771598
28296590001,28297035506
28297053099,28297229186
28298106401,28298327487
28298328581,28298372715
28298380425,28298499792
28301004661,28301082696
28301367345,28301647082
28301385353,28301741964
28302779416,28303170883
28303490067,28303769645
28304693165,28304834683
28304734427,28304998234
28305357863,28305616473
28305699700,28305822054
28306482085,28306853001
28306509515,28306818454
28306605166,28306643950
28307531767,28308086724
28307707518,28307885332
28308171755,28308577640
28311043610,28311202226
28311508751,28311742868
28311970834,28312178122
28312193273,28312383550
28312516771,28312723346
28314839691,28315154327
28318890295,28319013465
28319249895,28319476959
28319882970,28320316912
28320250598,28320631759
28320542541,28320996211
28322537826,28323012748
28323262264,28323352486
28324261451,28324330725
28324827427,28325171906
28325227572,28325581173
28326224927,28326668099
28326355996,28326603992
28328455885,28328808967
28328457044,28328505455
28329691394,28330088309
28330523807,28330648504
28330554649,28330787995
28331114640,28331365933
28332787078,28333206643
28333257012,28333428707
28334003006,28334315724
28334937055,28335287351
28335086469,28335360541
28335229694,28335372420
28335320773,28335714908
28335364460,28335662113
28336773122,28337305085
28337137916,28337237720
28338082750,28338344650
28338215349,28338517034
28338661414,28339020954
28339655108,28340099568
28339796418,28339962576
28340590204,28340757776
28341304816,28341597604
28342609977,28343051924
28342755342,28343108007
28342927483,28343326441
28343099175,28343165762
28343390625,28343678043
28343556110,28344039835
28344240368,28344430184
28344432787,28344987413
28345075271,28345094798
28345273857,28345698229
28345744250,28346048501
28345860519,28346100002
28346444041,28346705410
28346709778,28347212971
28347070371,28347593552
28347238173,28347567875
28347855155,28347916685
28348178887,28348260158
28348756698,28349259212
28348832681,28349204612
28349938211,28350048231
28350919447,28351384768
28351991498,28352155151
28352813983,28353032655
28353391840,28353522710
28353952407,28354434863
28355227846,28355579542
28355761161,28356128929
28355971037,28356162672
28356296363,28356484258
28358510649,28358846035
28358805795,28359184436
28359378016,28359819330
28360821373,28361145771
28361166456,28361298526
28361785253,28362154518
28364434430,28364914190
28364515304,28364849878
28364854624,28365205429
28365146924,28365323970
28365153239,28365199885
28365837505,28365909033
28366642474,28367019346
28366704805,28366862471
28367037770,28367256622
28367588960,28367748364
28368206307,28368503493
28369005576,28369407913
28369083222,28369360033
28369456951,28369818890
28370106031,28370271327
28371327896,28371780525
28372422030,28373059472
28375127563,28375518920
28375185306,28375237917
28375296935,28375468228
28375426769,28375763757
28375898537,28375930810
28378329656,28378643266
28378817462,28378882055
28379013908,28379391902
28379036778,28379298008
28379391532,28379721969
28379859779,28380211939
28380902358,28381383677
28384185617,28384451218
28384523902,28384543211
28384611415,28385076183
28385366534,28385550328
28386288811,28386609596
28386999345,28387036091
28387019407,28387223088
28388007718,28388321787
28388936794,28388975137
28389260311,28389822111
28389957358,28390408446
28390176769,28390971335
28391625784,28391673411
28391868136,28391914838
28392004092,28392107238
28392160520,28392476418
28394353169,28394447352
28394664869,28394908654
28396023007,28396239017
28396119939,28396584117
28400441067,28400844536
28403275432,28403742470
28404274437,28404369651
28405166919,28405241717
28405449826,28405959719
28405520784,28405718799
28406028302,28406073316
28406238984,28406266123
28406455864,28406638911
28406663197,28407002321
28407945313,28408242370
28408566064,28408615914
28409749213,28410266685
28409995071,28410162315
28410898782,28411113332
28411467616,28411849251
28411925626,28412143169
28412270086,28412467337
28412674071,28412741479
28412746185,28412938663
28414413286,28414795213
28414679533,28415360461
28414919764,28415030775
28415976131,28416230520
28416238189,28416665274
28417222135,28417498621
28418262431,28418290349
28418563039,28418708198
28419467363,28419532536
28420564789,28420864545
28420920030,28421291992
28423297402,28423312357
28423953175,28424315665
28424977726,28425060251
28426029576,28426446848
28427230395,28427450112
28429265246,28429390438
28429592501,28429820425
28429702902,28430076465
28431299645,28431817500
28433019851,28433351019
28433377872,28433657938
28436143710,28436528377
28436169231,28436547854
28436384084,28436711073
28436667557,28436706683
28436851924,28437155042
28437160511,28437568685
28437220315,28437377645
28437280459,28437457235
28437286978,28437522876
28437538495,28437696519
28438096081,28438161500
28439033629,28439133226
28439778173,28440077586
28440312193,28440585076
28441349846,28441656151
28443410861,28443920435
28443630573,28443929059
28443973003,28444223875
28444006449,28444186066
28444559326,28444848876
28445202292,28445512137
28446352717,28446792297
28447225543,28447644437
28447647441,28447923595
28447950385,28448169804
28449374848,28449854495
28451328085,28451355933
28452777298,28452886993
28453495377,28453893195
28454192080,28454494028
28454723145,28454975937
28455557892,28455573289
28456343981,28456616517
28457376843,28457597817
28458488260,28459163370
28459583281,28459748035
28462227268,28462253037
28462396825,28462717799
28462463685,28462725284
28462832418,28463148890
28463504141,28463871580
28466326435,28466673468
28468244778,28468366561
28469950045,28470231009
28470285591,28470681604
28471247460,28471278548
28471374455,28471839384
28471715060,28472080837
28472381827,28472452936
28473591493,28474024357
28474050268,28474150692
28474567913,28474965907
28475088999,28475230238
28475270651,28475541460
28476376877,28476676890
28477032538,28477238320
28477771978,28477958576
28479271902,28479771441
28481078394,28481240302
28481306152,28481460669
28482486455,28482797246
28482791487,28482897273
28483022206,28483199705
28483881102,28483936255
28485026232,28485342841
28487024608,28487085701
28488239387,28488485960
28488617224,28488906622
28488712000,28488916262
28489690765,28490150099
28490760046,28490953065
28490823517,28490966447
28492343468,28492771044
28493135362,28493324235
28496659038,28496986638
28497819982,28498076756
28498079269,28498276354
28498087148,28498616586
28499265180,28499974626
28499930322,28500189275
28500581524,28500876812
28500758009,28501296346
28501762258,28502144418
28501786701,28502096742
28501820548,28502045849
28502364605,28502612030
28502657660,28502841786
28502691721,28502942875
28504295823,28504788382
28505658733,28506024435
28505800875,28506069738
28505906311,28505967784
28507945781,28508183911
28508305353,28508334804
28508948667,28509222198
28509243491,28509472872
28509477152,28509814783
28511029484,28511160746
28512404442,28512860710
28512512885,28512558516
28512540333,28512595515
28513087794,28513337577
28513232802,28513396295
28513257257,28513656474
28513972583,28514327141
28514130158,28514595211
28514599449,28515067983
28516097520,28516523024
28517229701,28517313097
28517273049,28517475656
28517323970,28517602277
28517768295,28518103355
28518306403,28518427606
28518367146,28518393395
28518453219,28518783923
28520377702,28520583621
28520992218,28521322837
28521999675,28522153293
28523962921,28524410052
28524194839,28524552982
28524388939,28524470482
28525150819,28525456612
28526100576,28526518584
28526205001,28526528241
28526531766,28526573606
28527050077,28527166506
28527331668,28527752639
28527870859,28528238968
28529024702,28529157093
28530605949,28530918926
28531050360,28531342736
28531750843,28532019567
28532240053,28532290132
28532459144,28532707187
28533407457,28533581808
28536379823,28536617525
28537971191,28538295883
28539887271,28540130421
28540133254,28540247549
28540633568,28541002281
28541253300,28541700798
28541640309,28542066289
28542437869,28543121100
28543101385,28543514672
28544144071,28544569001
28544535276,28544822378
28545201664,28545406837
28545498019,28545552296
28547203205,28547592921
28548149838,28548354149
28549764207,28550109312
28552352220,28552574955
28552955746,28553123651
28553745546,28553994652
28555227694,28555415321
28555231912,28555377597
28555805308,28556219689
28556125009,28556509699
28556138000,28556523928
28557194859,28557274941
28557680216,28557941971
28560357533,28560424676
28561657098,28561948994
28561715624,28562057828
28562695122,28562927143
28563023706,28563250599
28564691130,28564933761
28566328459,28566635142
28566508851,28566769437
28567372202,28567958104
28568401733,28568745087
28568424105,28568721879
28569983876,28570026049
28570542177,28570683086
28571840714,28572125101
28574819177,28575065268
28575185724,28575531498
28576058359,28576264696
28577080213,28577440525
28577831012,28578352892
28578116877,28578449918
28579315007,28579677986
28579457593,28579942432
28579956605,28580070569
28580326891,28580784246
28581812081,28581841458
28582070956,28582309677
28582691810,28583075430
28582790908,28583287949
28583188981,28583486443
28583966339,28584183494
28584232936,28584626432
28587111978,28587558716
28587525164,28587899490
28587774619,28587953294
28588352581,28588816592
28589621777,28590057017
28590382735,28590658549
28590734687,28591146854
28591098764,28591193281
28592460458,28592868117
28592684781,28592711273
28592689427,28593262990
28593807679,28593845944
28594503821,28594640238
28594557649,28594687767
28595261801,28595738022
28595943175,28596407569
28596366018,28596840415
28600713933,28600888233
28601367748,28601783209
28601940986,28602098262
28602291358,28602506179
28605804294,28606187411
28606693148,28607033029
28607501990,28607970526
28608649189,28609167159
28608800654,28608917449
28609302142,28609621379
28609402655,28609818023
28610707368,28610913691
28611250306,28611842385
28611354494,28611784849
28611782325,28611922980
28612489709,28612792234
28612783328,28612849326
28612940139,28613074737
28613810009,28614164573
28613941242,28614205965
28614426463,28614811048
28616991207,28617273815
28618161601,28618538849
28618449917,28618899412
28618762396,28619023584
28621297956,28621538541
28621636851,28621997218
28622999534,28623066932
28623676100,28624114518
28623805500,28624093065
28624533077,28624877173
28624699885,28624813253
28625370751,28625791677
28628016798,28628497526
28628768486,28628968969
28629119736,28629323999
28630037158,28630216799
28630068044,28630304784
28631372591,28631677650
28632031908,28632071410
28632301493,28632512100
28633690580,28633873731
28634336131,28634637346
28634461971,28634970889
28635168422,28635568430
28635273778,28635412650
28636231051,28636416889
28636984981,28637062033
28637266663,28637476846
28639115335,28639432120
28641050868,28641162892
28641824580,28642124802
28642210445,28642605481
28642445221,28642819931
28642844733,28643022983
28643466465,28643846847
28643641344,28644043373
28643733803,28643916128
28644798293,28644994119
28645715322,28645823557
28646307657,28646773094
28647051451,28647384484
28647488358,28647920231
28651216140,28651458750
28651568148,28652034932
28652311307,28652450193
28652764047,28653030496
28652916227,28653299885
28653473118,28653858143
28654672690,28655139803
28655995938,28656444583
28656467452,28656755078
28657633229,28657659777
28657926011,28657985778
28658144024,28658550818
28658600500,28658898602
28659281205,28659452488
28659311098,28659387836
28659470228,28659778197
28659750969,28660216082
28660056227,28660408896
28661735251,28662199292
28663065561,28663210176
28666170706,28666320553
28667023103,28667343388
28667544201,28667850860
28668175649,28668416531
28668363943,28668624424
28670460372,28670939550
28671409937,28671795440
28672561817,28672595650
28672618794,28673072453
28673231774,28673579756
28673580899,28673833769
28675224435,28675523849
28675747196,28675884019
28678018280,28678478309
28678311001,28678533385
28678482665,28678703605
28678562034,28678931822
28679236436,28679609854
28680124001,28680307735
28680187420,28680411580
28680711332,28681003041
28680769092,28680932893
28680779821,28681319672
28681827895,28681918957
28683965979,28684075203
28684088832,28684183955
28685308583,28685598970
28685740310,28686017228
28686613119,28686947630
28686639389,28686976340
28686737678,28687039431
28686889115,28686953496
28687004973,28687070544
28687083424,28687324870
28688234145,28688515555
28688873627,28689201124
28690381880,28690626225
28690463610,28690796304
28690951851,28691241398
28691217034,28691683248
28691319834,28691519827
28692748501,28692933108
28693126453,28693378212
28694240256,28694480194
28694244646,28694291438
28695088012,28695317617
28696425402,28696841238
28696626380,28696715142
28696646909,28697031624
28697913631,28698111518
28699752013,28700414847
28702065248,28702426940
28703524509,28703830932
28703585752,28703880341
28703796580,28704101792
28704219830,28704573122
28704637022,28705064126
28705011057,28705634510
28707519867,28707878781
28707885867,28708044582
28707886597,28708322916
28708642663,28709013913
28709117499,28709394521
28709354006,28709584605
28711276199,28711590692
28711776151,28712107479
28712481127,28712834143
28712923306,28713015887
28713190681,28713362999
28715531605,28715812655
28717873765,28717925623
28717986973,28718399755
28719723208,28719877882
28719822710,28720244647
28720276793,28720488358
28720638005,28721064601
28721257075,28721447630
28721510236,28721616963
28723254638,28723460099
28723858563,28724115546
28724085416,28724414561
28724848408,28725160078
28727050257,28727412583
28727234166,28727301475
28729107786,28729528357
28729194510,28729548917
28729599433,28729795563
28730704983,28730802057
28730829734,28731213692
28731052732,28731365304
28731249946,28731469838
28733488143,28733914090
28734655111,28734777877
28734886754,28735016574
28735127436,28735351674
28736126774,28736411105
28736865952,28737259598
28737332523,28737441997
28737335612,28737537139
28737512796,28737747372
28737603350,28738247055
28737607269,28738140116
28737843070,28738333394
28738029450,28738388662
28738790949,28739055515
28740077613,28740258997
28740570631,28741015177
28741341933,28741841347
28741502089,28741669092
28742043006,28742463423
28742396670,28742776347
28743521756,28743940059
28746036336,28746219582
28746337236,28746813745
28747590985,28747892813
28749029094,28749304490
28751065546,28751346175
28751242532,28751418212
28751902564,28752273018
28753033159,28753482515
28753908306,28754300412
28754577613,28754959806
28755534550,28755689298
28756758071,28757209339
28757454370,28757875497
28757778372,28758012503
28758757223,28758928533
28759104229,28759416204
28759535864,28759562169
28762347810,28762645589
28763403104,28763430693
28766580122,28766964304
28766635905,28767172709
28767535779,28767968158
28768135264,28768355790
28769417568,28769852732
28769625383,28769776567
28769650614,28769825899
28769749270,28770035049
28770708424,28771007081
28770760694,28770904650
28772862973,28773274791
28773147751,28773717255
28773570364,28773779307
28773827699,28774222160
28774663039,28774845094
28775097560,28775338241
28777077528,28777312498
28777297878,28777477118
28777361601,28777435784
28777791154,28778040784
28777914396,28778205328
28780868913,28780920571
28780923047,28781200652
28781026263,28781412110
28781595879,28782061904
28781719342,28781883608
28782842793,28783121126
28783103804,28783460157
28783644389,28783917334
28786382147,28786640120
28786848158,28787285817
28786954063,28787121260
28787156393,28787353127
28787369948,28787485687
28788432354,28788910468
28788963989,28789378838
28790148006,28790173560
28790989353,28791260525
28791420767,28791779107
28792020182,28792114514
28792956371,28793175842
28793135473,28793375851
28794097678,28794390824
28794638384,28794958750
28796113185,28796169179
28797046637,28797445463
28797184192,28797234449
28797531454,28797968436
28797782340,28797990543
28797838613,28798177867
28798895978,28798948000
28799673747,28799982958
28799925992,28800175268
28800170394,28800355615
28801343479,28801616759
28802884284,28803055030
28803291565,28803604347
28803917104,28803963475
28804351512,28804873523
28805131665,28805569085
28805223286,28805613550
28807054171,28807347440
28807574878,28807853086
28807933301,28808257412
28809325696,28809495088
28809993040,28810527730
28810038828,28810457310
28811888343,28811913587
28812014160,28812121753
28812673981,28812790921
28813182239,28813869223
28814418315,28814766240
28814584353,28814781954
28815004298,28815026988
28816313049,28816676470
28816468131,28816893208
28817269874,28817484520
28817604076,28817748296
28817882194,28818149057
28819041480,28819421580
28820120996,28820417319
28820710881,28820848940
28821078197,28821314898
28821986312,28822324440
28824778552,28825192088
28825243880,28825423766
28826037416,28826511239
28826348808,28826739357
28827625485,28827905333
28828403189,28828760614
28828560800,28828867236
28828906144,28829321986
28830124818,28830319308
28831966843,28832361515
28832926962,28833269499
28833825938,28833977262
28834322557,28834589265
28835072393,28835554100
28837039468,28837405082
28837226510,28837301864
28837372924,28837454223
28837475230,28837606099
28838801092,28838920032
28839009933,28839383991
28839035417,28839154694
28839049530,28839395846
28839424221,28839679685
28839833726,28840084489
28840323378,28840701104
28840525474,28840651959
28840626944,28840656424
28840674052,28840749003
28841141187,28841344157
28841541233,28841622924
28841678484,28842034180
28842531196,28843083901
28843497281,28843832651
28843917051,28844224209
28844565041,28844626833
28845190929,28845281824
28845282571,28845463344
28845815710,28845916821
28845936796,28846138388
28846926448,28847200540
28848445406,28848691515
28848885318,28849191003
28850050762,28850336664
28850690755,28850981223
28851320535,28851430636
28851359757,28851835352
28852223490,28852629437
28852707666,28852856532
28852786962,28853100592
28852862916,28853192690
28854300500,28854736919
28854620628,28854983793
28857768036,28857960107
28857982606,28858069598
28860168343,28860605404
28860327728,28860412581
28862340283,28862563516
28862595317,28863021743
28863285432,28863562159
28864209989,28864622688
28865715071,28866092829
28865942700,28866237902
28866654989,28867008013
28867129601,28867384930
28867224583,28867558527
28868145887,28868427730
28868540471,28868783500
28868759012,28868968783
28872070793,28872451677
28872252989,28872527511
28872757932,28872831488
28874997658,28875225852
28875326274,28875415927
28875636806,28875876480
28876292764,28876547955
28879119368,28879393840
28879583075,28879771756
28879615672,28879865024
28879873725,28879929736
28879889784,28880300500
28880132262,28880168191
28880208408,28880760287
28880317246,28880453559
28880381375,28880470145
28880739877,28880973644
28881821227,28882054613
28882101746,28882361087
28882260946,28882509214
28882657280,28883016288
28883242679,28883557979
28883917199,28884071802
28884199889,28884468900
28884869314,28884926690
28886442462,28886516307
28887914186,28888225180
28888024386,28888350580
28888103481,28888133922
28888263525,28888613263
28888740046,28889030701
28889118456,28889322848
28890887043,28891216597
28890949276,28891038265
28891207397,28891479844
28891484962,28891576650
28892017786,28892335640
28892801523,28892861609
28893073724,28893447132
28894842362,28895184273
28895312660,28895616305
28896058362,28896362435
28896069338,28896405652
28896507106,28896656340
28897523637,28897988386
28898744423,28898855088
28899681887,28899745200
28899823704,28900233409
28899834205,28900007375
28900388310,28900600260
28903032173,28903251143
28903734918,28904245914
28904423070,28904898803
28905037630,28905399358
28905874800,28906305863
28906244846,28906593722
28906411135,28906893599
28906595538,28906842582
28908319578,28908621343
28909749001,28909962646
28909789134,28910141888
28909969742,28910096551
28910465402,28910877424
28911928769,28912265495
28912865433,28913252466
28915490066,28915711540
28916257274,28916724771
28916501728,28916680424
28917156505,28917400708
28918113370,28918494090
28918795084,28918849566
28919520100,28919558012
28919787132,28919876115
28920069893,28920246702
28920556699,28920961332
28920893057,28920998378
28920979688,28921194074
28926094058,28926525290
28926752563,28927091557
28926941329,28927065339
28927374298,28927438452
28927461918,28927665155
28927712222,28927954653
28928236747,28928350558
28928841272,28929236248
28929663483,28930088869
28931240164,28931351390
28932633224,28933029441
28932846370,28933126329
28933128060,28933273398
28933733976,28933908938
28933921815,28934169598
28934017587,28934444765
28934110817,28934162902
28934131370,28934237394
28934305700,28934646649
28935112069,28935300006
28935297481,28935336547
28936206053,28936294065
28936312421,28936494879
28938258809,28938441164
28938592190,28938787913
28939930910,28940220125
28940345788,28940916048
28940548338,28940862174
28941650240,28941840992
28942599158,28942886315
28943364856,28943438265
28943811799,28943845967
28944228350,28944277545
28944574423,28944989154
28945280880,28945486347
28945299455,28945727064
28945967694,28946260642
28946332060,28946815171
28946885465,28947016421
28947694374,28947770831
28948133037,28948678924
28948186756,28948487209
28950313733,28950631749
28950904708,28951241469
28951258536,28951414842
28951423405,28951942968
28952663242,28953005693
28952667048,28952907728
28953290003,28953459954
28953467773,28953794941
28954924394,28955108085
28956182982,28956224571
28956226286,28956446512
28956746880,28956932788
28957569178,28957857699
28958072836,28958319677
28958192903,28958683952
28958365484,28958509227
28959029570,28959324627
28959905981,28960070931
28960004315,28960460510
28960778246,28961276737
28961586949,28962007146
28961603402,28961973498
28962395777,28962711122
28962431285,28962541883
28965376690,28965430187
28965408707,28965865391
28965712784,28966039872
28966007917,28966274630
28967335952,28967668051
28968151470,28968380441
28969679478,28970200380
28969716668,28969980206
28970176720,28970563518
28970236132,28970453432
28972245591,28972752003
28973009190,28973460096
28973337544,28973675353
28973360453,28973676577
28974973950,28975564183
28976615737,28976800155
28977122413,28977208565
28977560686,28977922671
28980399046,28980483386
28980827586,28981329759
28981737127,28981950745
28982148887,28982255842
28982308359,28982438589
28982456218,28982537821
28983443494,28983843781
28983806733,28984051418
28984255516,28984474670
28984361655,28984640305
28985302840,28985514914
28986167448,28986526142
28987461505,28987714898
28988257148,28988644044
28988527426,28988844594
28988658673,28988770960
28990924287,28991135706
28991319221,28991811549
28991362175,28991625499
28991764034,28992059174
28992035184,28992160575
28994238102,28994615050
28995725828,28995947186
28996352735,28996531634
28996576278,28996864793
28997565065,28997864111
28997707043,28997847723
28999063343,28999467378
29001605779,29001709426
29001791094,29002027131
29002058740,29002101251
29002068213,29002297351
29003887924,29004049951
29003927447,29004332450
29004969736,29005213527
29005321953,29005643737
29005527348,29006040919
29005655683,29006020394
29007519755,29007708998
29007803073,29008195316
29008016908,29008290022
29008678860,29008997403
29009041647,29009612649
29009646079,29009975535
29010049957,29010648875
29011414323,29011574213
29012604801,29013095245
29013480471,29013852743
29013502700,29013561223
29013605812,29014027279
29013856061,29013891743
29014157643,29014529798
29014192053,29014715285
29014892505,29015284244
29015258680,29015451155
29015913246,29016294621
29017142239,29017336665
29017265407,29017570034
29017500358,29017616991
29021571218,29021769120
29021605533,29021699929
29021734471,29022188636
29023049985,29023178037
29023209189,29023533613
29024375265,29024609116
29025782198,29026236810
29026536833,29026811552
29027447317,29027796237
29027627006,29028108677
29030274438,29030799314
29030393818,29030679245
29030768764,29031040376
29031502455,29031833023
29032952622,29033154214
29035383009,29035760824
29035681379,29036102881
29036038892,29036371579
29036439017,29036529214
29036854795,29037435964
29036978908,29037205008
29037311664,29037697268
29037699472,29038052264
29038367625,29038577196
29038518542,29038722971
29038985875,29039088723
29040545562,29040664078
29041145472,29041370301
29042323557,29043011595
29043149108,29043287966
29043809293,29044067340
29045735521,29046078739
29045844898,29046184275
29046597876,29046650998
29047100830,29047804463
29047260316,29047476803
29048609667,29048647785
29048875444,29049363357
29049174286,29049483666
29050572605,29050941271
29050575072,29051167231
29052192757,29052367395
29055206044,29055421901
29055544375,29055937921
29056383390,29056562408
29056549065,29056793695
29057562974,29058063119
29058269543,29058592839
29058883734,29058957051
29060116822,29060499992
29060380556,29060834555
29060991768,29061354811
29062987998,29063280614
29063695923,29063722780
29064870071,29065166656
29064963395,29065199866
29065469646,29065850975
29066933986,29067072719
29067981792,29068362074
29068768446,29069049642
29069425602,29069902099
29069922941,29070334988
29070893775,29070922444
29072692341,29072741442
29074441574,29074553922
29076626342,29076832556
29076834695,29076950243
29077795670,29078277072
29079933732,29080040101
29081917459,29082538593
29082088092,29082586295
29082921668,29083104772
29083497023,29083699894
29083602272,29083881821
29083606719,29083770475
29085675339,29085863959
29086007068,29086138416
29086227492,29086333993
29086832550,29087316529
29087070906,29087095083
29087143608,29087404894
29089330568,29089520164
29089781089,29090150521
29090337243,29090659346
29091011497,29091148871
29091940493,29092146951
29094200796,29094348921
29094539438,29094851129
29095068382,29095342106
29095882144,29096069822
29097616874,29097870196
29097623297,29097981504
29097719224,29098155206
29098317448,29098528833
29099072906,29099502461
29099541662,29099644804
29100809145,29101220533
29100847929,29101107676
29100853835,29100996982
29100966214,29101431583
29101110675,29101232621
29101211822,29101295011
29101396768,29101559833
29102456884,29102582512
29103219829,29103667059
29103413739,29103744367
29104032824,29104145091
29104889748,29105369455
29105141560,29105455940
29106767524,29107134263
29108395631,29108517975
29109590886,29109829707
29110620898,29110972684
29112921119,29113017544
29113153056,29113283857
29113723213,29113844822
29113919393,29114274439
29115044597,29115383226
29116064671,29116236859
29117466825,29117941430
29118448943,29118562636
29118953007,29119177581
29120296371,29120784918
29120870459,29121303808
29120891822,29121369468
29121546570,29121716967
29122199416,29122711282
29122372954,29122708559
29123946704,29124306768
29124479551,29124779310
29125818571,29125999226
29126680707,29126836788
29128578173,29129128736
29130616476,29130692274
29130906491,29131408704
29131326205,29131438302
29131439693,29131955296
29133016208,29133432967
29133600095,29133707075
29134185531,29134244939
29135481176,29135690043
29136012156,29136452896
29136279746,29136779117
29136430469,29136922335
29136559745,29136970938
29137291655,29137665384
29137551314,29137787198
29137940837,29138405038
29138510192,29138594933
29138872782,29139357298
29139711558,29140213751
29140685101,29141063775
29142101904,29142554733
29142315586,29142700891
29142446041,29142763995
29142720952,29142751203
29144814781,29145091839
29145107666,29145701344
29145866291,29146340380
29146601176,29146940097
29151063654,29151356769
29151865714,29152281304
29152094154,29152305482
29152386845,29152612613
29152821198,29153098668
29153600364,29154096769
29153628584,29153965863
29153895567,29154042559
29153970629,29154212645
29155806889,29155957956
29156280951,29156586506
29156361856,29156739803
29156538297,29156581362
29157130096,29157461278
29157134609,29157467946
29158874748,29159109014
29158937990,29159054928
29159017344,29159314787
29159112244,29159508340
29159353533,29159761042
29159764889,29160457894
29160008357,29160345907
29161544558,29161900792
29162463927,29162745778
29162850620,29163271394
29164790713,29164885531
29164895482,29165182351
29165208014,29165498964
29166495551,29166766309
29167358144,29168009768
29167809511,29168058608
29168788431,29169044824
29171015857,29171235087
29172010447,29172393500
29174011323,29174230004
29174290862,29174573292
29174428451,29174741175
29174448141,29174581032
29175757273,29176074158
29176332633,29176629043
29177716009,29178040795
29177889067,29178087597
29178538660,29178763383
29180186489,29180659321
29180194491,29180363871
29180538631,29180867290
29180542937,29180664849
29181666384,29182089421
29183088981,29183566169
29183871479,29184190353
29184118014,29184317593
29184884070,29185412513
29185390948,29186121850
29186416979,29186742298
29186751664,29187004381
29186872581,29187186089
29188005595,29188435584
29188139264,29188495141
29189507266,29189899401
29190608876,29190811410
29191181710,29191665312
29191332128,29191632090
29192561101,29192659537
29193836424,29194302576
29194199340,29194386000
29194289384,29194675351
29195186276,29195353007
29196977627,29197370365
29197256671,29197627994
29198032870,29198459743
29198466567,29198781116
29198605601,29198912894
29200665989,29200801156
29201840377,29202060107
29202680355,29203102671
29202746637,29202837228
29202921288,29203098179
29203600072,29203863007
29204562673,29205137435
29204964625,29205306055
29205320962,29205715657
29205945044,29206012778
29207681844,29207788703
29208369691,29208580640
29209631086,29210121122
29210579377,29210827987
29210634477,29210834563
29210851766,29211098727
29210991413,29211165118
29212828935,29212957802
29213711681,29214119578
29214858188,29215240002
29215394495,29215609343
29215676251,29216179190
29217862243,29218239496
29219155214,29219567911
29222262096,29222746441
29222311291,29222528996
29223613640,29223899120
29223709938,29224004964
29225598806,29226149740
29226091081,29226470317
29227251425,29227395440
29227975870,29228104344
29228248830,29228457181
29229570949,29229695954
29230182584,29230593064
29230801474,29231483984
29231675993,29232103849
29232442234,29232752995
29234219913,29234531630
29234457287,29234653036
29234513481,29234958033
29234891661,29235348059
29236722104,29237195662
29236898143,29237036184
29237220554,29237273323
29237558601,29238070337
29237777738,29238158690
29239346139,29239514468
29239597828,29239979815
29240167147,29240315964
29241293492,29241458697
29241864539,29241977583
29242428910,29242698262
29242516138,29242707049
29242768496,29243113544
29243675945,29244057448
29244263432,29244293296
29244329481,29244611928
29245070716,29245616975
29245952448,29246435511
29246956561,29247374261
29246989588,29247224170
29247393905,29247670661
29247908872,29248154407
29250496872,29250567992
29251335785,29251598365
29251531103,29251704667
29251996969,29252255895
29252564057,29252766589
29252605848,29252849891
29252777854,29253254483
29252812659,29253038931
29253040702,29253150808
29253158308,29253528871
29253303925,29253362224
29253648825,29254146613
29254133123,29254250422
29255074026,29255167104
29256490942,29256839906
29256698829,29257138154
29256790683,29257267979
29257356537,29257637820
29258853844,29259126183
29259032471,29259382405
29260865442,29261097687
29260939767,29261256663
29261281109,29261492546
29261738111,29261803446
29261915819,29262402903
29263251110,29263661467
29263387167,29263607823
29264019351,29264185713
29264321820,29264857221
29265045761,29265637321
29265653732,29265947137
29265725517,29265755478
29265852872,29266039306
29267067516,29267564945
29267867234,29268194610
29268035995,29268700230
29268384918,29268549092
29268762085,29269111767
29269649391,29270154780
29270462539,29270747462
29270800013,29271150730
29271285410,29271797014
29273402342,29273755917
29274270393,29274471045
29274496370,29274611429
29274502747,29274874807
29275492480,29275895985
29276061008,29276440739
29277324337,29277595423
29278156792,29278306471
29279175800,29279385533
29279358913,29279453194
29280183110,29280605358
29280493410,29280638780
29280647907,29280712713
29281537216,29281674894
29281567721,29282021971
29281798062,29282153679
29282490067,29282828686
29283378146,29283705732
29286283419,29286631900
29290074483,29290330283
29290157160,29290258181
29291403677,29291783262
29291715598,29291783465
29292372112,29292663972
29292734789,29293056894
29293310308,29293631333
29294479445,29294666455
29296366631,29296518117
29296416723,29296734140
29297604528,29297781079
29300073381,29300553110
29300628534,29300989038
29302344560,29302746333
29303269249,29303508218
29303605776,29303875738
29303750852,29304137514
29304656751,29304897931
29304937730,29305137167
29305707928,29305817884
29306096029,29306245651
29307193680,29307668308
29309443547,29309810069
29310644561,29310968990
29311100096,29311575518
29311643731,29311738959
29312025337,29312650267
29313513334,29313835977
29313635029,29314101122
29313805310,29314156317
29314838523,29315065359
29316387769,29316537684
29317941454,29318373408
29320416383,29320602511
29321127815,29321331363
29322051374,29322497722
29322394156,29322748281
29323508022,29323913602
29323602803,29323801423
29323968975,29324206706
29324969751,29325159143
29326782627,29326992026
29327886770,29328039469
29328567520,29328610661
29329430844,29329541579
29329642018,29329911290
29329851119,29330095608
29329901278,29330107654
29330502025,29330946204
29330662209,29330954293
29330747245,29331183195
29333557524,29333772647
29333912617,29334106014
29333996198,29334365173
29334385191,29334440276
29335280614,29335656641
29336083526,29336401142
29336339932,29336612764
29336348592,29336657437
29336573797,29336603535
29336776792,29336975906
29337088544,29337138744
29339121200,29339450217
29339184116,29339487986
29339777103,29339983688
29339872897,29340143537
29340851403,29341165506
29342032945,29342338573
29346504792,29346865420
29346650339,29346968220
29349194333,29349266426
29350138977,29350624010
29350156958,29350442837
29350255846,29350756934
29350789613,29351038899
29352156150,29352365449
29353229416,29353884115
29353973519,29354364810
29354712087,29355017480
29355224645,29355512720
29355335752,29355451224
29355770243,29356049509
29356392801,29356521853
29356579745,29356922997
29358304028,29358627569
29359228526,29359423562
29359793669,29360213179
29361275413,29361617142
29361670971,29361921702
29362287472,29362733647
29362706760,29363044047
29362988811,29363262640
29363119032,29363207929
29363311490,29363820203
29363911062,29364241877
29364221275,29364552096
29364507904,29365012178
29365192300,29365312039
29367268559,29367413729
29367416104,29367724394
29367549690,29367596257
29368616786,29368769837
29369123641,29369528717
29369161985,29369398224
29369343036,29369500158
29369508293,29369798114
29369594545,29369926225
29370268270,29370640172
29370872677,29371312101
29372249317,29372490772
29374409046,29374914674
29374505835,29374691284
29374896187,29375223390
29374924052,29375161108
29375193528,29375228462
29376188697,29376432541
29376445660,29376700727
29377256982,29377598470
29378183072,29378391738
29378274317,29378491196
29379170445,29379473993
29379501639,29379641436
29381421275,29381694464
29381827651,29382281735
29382042784,29382346041
29383773585,29383912997
29384266316,29384664785
29384755092,29385051000
29385307591,29385578918
29385773141,29385917760
29385832136,29386106782
29386717020,29387223853
29387401280,29388033327
29387789119,29388236128
29388244701,29388562893
29388476876,29388640103
29388641916,29388918370
29389585203,29389852156
29389636956,29389981952
29389826186,29390195799
29390539556,29391020342
29391507328,29391633449
29392869239,29393085275
29393192701,29393432034
29393997258,29394108504
29394145946,29394645315
29396951825,29397428265
29397037645,29397342685
29397770688,29398059222
29397987513,29398446147
29399297500,29399441365
29399598277,29400147705
29401329967,29401399487
29403273403,29403569389
29404596125,29404965389
29404766972,29405290051
29404937319,29405428701
29405035884,29405150098
29406688396,29406994789
29407559471,29407818565
29408617807,29408812867
29408863128,29409198499
29409204546,29409544868
29409207968,29409709619
29409217797,29409337199
29409530173,29409814927
29409673561,29409825812
29410172526,29410402828
29410443267,29410759901
29410758853,29411247429
29411425957,29411480532
29412321894,29412619318
29412567456,29412981441
29412584577,29413001314
29414077886,29414248866
29417325205,29417572446
29418534143,29418885591
29418647884,29418930552
29420370798,29420596365
29420984499,29421359349
29423018763,29423321274
29423514713,29423944405
29423820165,29424359151
29424281474,29424474519
29424390525,29424638272
29424482155,29424626032
29426620330,29426825312
29427162287,29427341403
29427242159,29427498339
29427798202,29427973990
29427898366,29427978897
29428070094,29428356453
29428362916,29428570361
29429869752,29430349306
29430472777,29430931217
29430636433,29430878189
29431028080,29431169296
29431718787,29431878325
29432133821,29432250909
29432344190,29432725858
29432564380,29433205424
29433102385,29433160883
29434441707,29435029920
29435434076,29435592053
29435438446,29435822097
29435656159,29435713295
29435725798,29435986270
29436980702,29437336458
29437255020,29437410624
29439915135,29440136557
29440179787,29440675100
29441014908,29441317745
29442293379,29442551011
29442299221,29442623158
29443639858,29443678701
29443699386,29443951805
29444281966,29444611367
29445238576,29445440263
29445922039,29446246953
29445968221,29446115549
29446524119,29446714390
29446880340,29447187500
29449970210,29450425821
29450039881,29450277279
29450139566,29450176277
29450691155,29450989173
29453212377,29453480298
29454025095,29454336054
29454394013,29454705731
29455112330,29455410890
29455251692,29455525739
29455732767,29456099829
29455744678,29456061943
29456119443,29456301551
29456474778,29456666707
29457084631,29457334317
29458015509,29458261034
29458136220,29458329772
29459414085,29459456628
29460236728,29460500863
29461216394,29461479485
29461706415,29461988489
29461749029,29461915340
29461973663,29462182777
29462265024,29462597963
29462399062,29462614475
29463568518,29463899574
29463964584,29464272906
29464577426,29464596865
29466189006,29466367808
29467134529,29467630149
29467205027,29467378254
29467925980,29468265803
29469180208,29469631095
29469473408,29469874802
29469633021,29469888440
29470595516,29470819817
29470604370,29470831581
29471167282,29471526285
29472952908,29473497828
29473901399,29474142374
29474420941,29474618536
29475187117,29475421179
29476871416,29477119908
29478881140,29479242224
29479985380,29480267985
29480065656,29480339671
29480088278,29480231524
29480369321,29480712110
29480606634,29480808666
29481192847,29481602680
29481350800,29481573061
29483425363,29483525089
29484933207,29485165492
29485656030,29486061240
29485895464,29486219739
29489433732,29489773635
29489891763,29490025367
29489950999,29490321913
29495056027,29495417158
29496038179,29496504147
29496119234,29496391049
29496838437,29497010459
29496985462,29497314433
29497483012,29497715909
29498715100,29499040440
29498987393,29499199788
29499445359,29499669951
29500066099,29500320750
29501074095,29501291076
29501819107,29502117038
29501907046,29502036429
29502148148,29502555917
29502250593,29502663473
29502576812,29502807155
29504239592,29504485356
29504435725,29504513131
29506327723,29506832446
29506570873,29506609407
29506571627,29506593505
29507246282,29507474880
29507800858,29507971635
29507986273,29508242309
29508185673,29508355055
29508353251,29508516519
29509659180,29510063137
29509812238,29510219990
29510411928,29510665827
29512067395,29512820189
29512145257,29512609518
29513560733,29513881522
29514992496,29515295017
29515055520,29515263581
29515556855,29515992508
29516971652,29517064681
29517231557,29517260038
29518090938,29518247315
29518274971,29518824488
29519240987,29519664014
29520202842,29520440258
29522248592,29522841117
29523111735,29523498387
29523582166,29523939789
29524140893,29524544417
29524717582,29524758977
29525356321,29525687861
29526541117,29526801793
29527377771,29527553504
29530084233,29530439595
29530792089,29530986295
29532339336,29532678228
29533476104,29533651587
29535565412,29535885208
29536906822,29537177831
29537489244,29537761224
29538184026,29538550010
29539505204,29539577418
29539513883,29539845087
29540048806,29540409468
29542462677,29542616507
29543545170,29543710239
29547540854,29547623712
29551414122,29551870283
29551642841,29552218741
29552843579,29553213830
29553210279,29553451291
29554559808,29554875215
29554643548,29554937484
29555552276,29555866469
29556508142,29556717282
29557285000,29557330040
29558131208,29558439405
29558428561,29558514226
29558781557,29559206946
29559124244,29559449950
29559840397,29559927544
29560354044,29560648030
29561355502,29561848146
29561426106,29561881661
29562231309,29562620438
29562402870,29562683877
29562633491,29562946350
29565713484,29566091746
29565926369,29566153067
29566679466,29566909551
29566752163,29567081717
29568771291,29569251480
29568828768,29568986398
29570662530,29570905576
29571289715,29571717361
29571843781,29572200151
29572905186,29573272174
29573486185,29573904299
29573986926,29574167285
29574050020,29574164493
29574169185,29574632976
29574710129,29575250821
29574784739,29575159775
29575261348,29575584231
29578209161,29578524715
29579773225,29580258407
29581459944,29581623450
29581463035,29581695973
29582026493,29582097161
29582402419,29582655663
29582631389,29582705010
29582967114,29583322014
29585483490,29585947426
29585736685,29586147437
29585812429,29585995677
29588158175,29588863885
29588741079,29589033195
29590864398,29591168360
29591567523,29591640161
29591702553,29592007011
29592566295,29592825469
29592992291,29593379284
29593632044,29593668321
29594594757,29594736102
29595147590,29595366677
29595442441,29595927885
29596560549,29596806097
29596696204,29597139097
29596929019,29597096569
29597210009,29597812763
29598118666,29598488556
29598281550,29598625945
29599277086,29599718356
29601780590,29602135534
29602681825,29602932637
29604287869,29604501812
29604554109,29605143649
29605092194,29605405545
29605104302,29605485833
29605319109,29605566070
29605597188,29606027253
29608439675,29608733926
29609534551,29610097756
29609639860,29609933760
29610633178,29610889850
29611307980,29611630161
29612248786,29612719376
29612497809,29612782318
29613225756,29613332668
29613641345,29614144820
29613692782,29613979936
29613810806,29614123949
29615212580,29615520997
29615520608,29616001095
29617388031,29617595372
29617613033,29617900224
29617719720,29617798552
29621026073,29621352949
29622063797,29622310075
29622473079,29622732757
29622942565,29623371395
29625055138,29625275350
29626089594,29626161325
29626116220,29626332221
29626348687,29626824650
29626423284,29626497339
29626611310,29627344891
29627375643,29627570246
29627448904,29627784666
29630070582,29630100149
29630205679,29630563595
29630386178,29630581819
29632305094,29632385197
29632712359,29632961478
29634042306,29634378438
29635584852,29635785950
29635779158,29636221104
29636701317,29637184599
29637450117,29637708346
29637595484,29637814082
29638820406,29638840001
29640166601,29640565622
29640498879,29640814028
29640946394,29641497715
29641900295,29642062356
29642229980,29642460481
29642895176,29643105916
29643172142,29643401125
29643423961,29643759371
29644414882,29644741316
29645771748,29645877472
29645894248,29645948992
29646559718,29646935988
29647070306,29647300056
29648501727,29648577641
29649289989,29649775642
29651150493,29651691883
29652084626,29652119839
29652287246,29652579773
29652307102,29652758383
29653095231,29653430421
29653800848,29654144034
29654391205,29654667611
29655538088,29655625086
29656796934,29657152577
29656915548,29657244245
29659277633,29659697378
29659385847,29659682569
29660243659,29660578499
29660870038,29661072861
29662811610,29663279952
29663003097,29663288259
29663923868,29664234895
29664855505,29665399884
29664972447,29665370786
29665376569,29665468738
29668794025,29668921541
29669287045,29669667892
29669598668,29669919052
29669660706,29669862069
29669667515,29669878453
29669768992,29670003531
29670880692,29671215698
29672063974,29672360325
29673049085,29673722001
29673274454,29673572762
29675596620,29675940132
29675598750,29675790758
29676152115,29676475330
29676488330,29676617422
29677180821,29677286033
29678547675,29678829997
29681298658,29681727204
29681478486,29681605186
29682238207,29682355201
29683867083,29683913198
29684013561,29684075219
29684129578,29684512761
29686306168,29686739626
29686588445,29687148041
29686763408,29686928139
29687853279,29688279988
29689018760,29689040042
29689486753,29689871793
29690202802,29690422167
29690848559,29690890925
29691120361,29691194197
29691166058,29691498328
29693374913,29693704535
29693623268,29693726766
29693821477,29694271798
29694114718,29694503648
29694467147,29694567069
29694595040,29694906915
29695351349,29695424034
29695444235,29695746849
29695613842,29696056181
29695818199,29696200801
29696200072,29696489511
29696376222,29696599711
29699407514,29699756298
29699470243,29699751128
29699485716,29699776462
29700430601,29700762647
29700816789,29701203458
29701142428,29701443610
29701215379,29701270148
29701295040,29701498831
29702671020,29703055043
29703398902,29703852012
29703559847,29703695297
29705505093,29705788388
29705583395,29705873192
29706853394,29707264036
29707372069,29707857447
29707421547,29707736218
29709690395,29709787213
29712989177,29713544924
29714071495,29714220852
29715412843,29715622838
29716036464,29716427248
29716342166,29716376083
29716662047,29716908965
29717520788,29717687060
29718168066,29718867989
29718634514,29719192436
29720348787,29720634432
29721379526,29721599601
29721839893,29722281694
29722085054,29722118774
29722875343,29723093848
29723851435,29724118740
29726125356,29726492124
29726964512,29727307024
29726999638,29727145233
29727315570,29727843696
29728317222,29728476766
29729201011,29729337520
29729451261,29729735846
29729622578,29729881051
29729675260,29729750517
29729702292,29730201586
29731085684,29731577064
29731749848,29731811281
29732438722,29732640237
29732817738,29732908950
29733104629,29733584392
29733350346,29733652311
29733542842,29733655240
29733710878,29733984952
29734078039,29734390978
29734096666,29734334566
29735188381,29735410262
29735516107,29735554054
29735736790,29735890704
29736012857,29736388423
29736913777,29736992030
29737046170,29737438389
29737773496,29738120267
29740502081,29741221076
29743741742,29744021303
29745446834,29745634130
29745479554,29745854873
29745630764,29745831703
29745942892,29746173695
29746389750,29746903873
29746941236,29747273106
29747042171,29747400184
29748068101,29748223820
29748457687,29748866480
29748911333,29749395499
29749788460,29750325422
29750057154,29750413791
29750257672,29750510834
29750444303,29750691760
29750974232,29751239441
29751260342,29751550239
29751716649,29751997580
29752427644,29752695969
29752562850,29752616180
29752717362,29752924926
29754216207,29754599586
29755096232,29755375193
29755287210,29755674187
29755426516,29755670038
29755439438,29755838382
29755531696,29755713292
29756050455,29756269984
29756091945,29756221519
29756626942,29756775157
29759012688,29759046368
29760694413,29760767492
29762920477,29763383206
29764051781,29764361332
29764806885,29765138925
29765174093,29765261136
29766190104,29766265997
29767239942,29767589497
29769234374,29769606028
29769497971,29769898721
29770038531,29770521031
29770205525,29770495442
29770316135,29770539960
29770927500,29771282049
29771351477,29771689914
29771586769,29772051950
29772006869,29772525715
29772061293,29772496567
29772894918,29773399736
29772959146,29773067958
29773216283,29773465357
29774032758,29774270405
29774313511,29774726054
29774474570,29774791426
29774672009,29774855630
29775889420,29776250298
29776238697,29776567021
29776467776,29776673545
29777033469,29777299374
29777482445,29777666770
29777987390,29778212850
29778007564,29778426362
29778438550,29778615410
29779053065,29779263293
29779250186,29779610432
29780694010,29780888066
29782121614,29782510642
29786676244,29786935922
29787687914,29787753887
29787982929,29788095514
29788097516,29788468655
29788201995,29788259268
29788297732,29788669485
29788325122,29788616044
29790589099,29790768717
29790942065,29791209901
29792319917,29792397651
29792508660,29792986066
29792683450,29792941450
29792947608,29793406324
29793896157,29794000019
29797096098,29797551681
29797586761,29798026645
29801810073,29801855278
29802028532,29802128545
29803175399,29803312742
29803791556,29803977839
29803920053,29804142536
29803942984,29804162551
29805664855,29805983916
29806755758,29807124360
29807717071,29808080680
29809165912,29809776959
29810989320,29811245491
29811788444,29811939684
29812215272,29812459390
29815317188,29815540301
29815435006,29815597488
29815702673,29815877875
29815932671,29816094922
29816798936,29817002945
29817338319,29817607907
29817356905,29817451696
29817609933,29818135633
29817775914,29818088151
29818272038,29818648874
29818786424,29818897952
29819307945,29819796289
29820052319,29820357052
29820360296,29820720917
29821006834,29821274504
29822581674,29823093637
29822861928,29822993653
29823334397,29823422884
29823594587,29823633924
29824672561,29824786629
29824908578,29825156852
29825083552,29825468329
29827774049,29827972394
29828426397,29828492156
29828487809,29828754263
29829044127,29829151578
29829170157,29829540531
29829320846,29829600980
29831286174,29831501867
29832074166,29832612461
29834436573,29834493598
29834461573,29834486505
29834517676,29834878370
29835277927,29835427219
29835359153,29835516049
29836328627,29836821846
29836951751,29837143520
29838894975,29839372217
29839124327,29839362254
29840288107,29840762500
29840366459,29840486770
29841367533,29841487145
29843934285,29844135270
29844049992,29844417380
29844110383,29844133384
29844666079,29844881243
29844932987,29845326213
29845362100,29845395071
29846332003,29846822161
29846830267,29847166152
29847266084,29847457058
29847582600,29847898788
29847723570,29848002169
29847928434,29848412594
29848128703,29848399362
29848151854,29848295602
29848331590,29848473361
29848406838,29848871511
29848693459,29848934659
29850185242,29850241899
29850320569,29850660119
29851093686,29851458289
29852026976,29852350449
29852581441,29852830630
29852932423,29853205507
29852952785,29853333363
29853207838,29853544431
29853978478,29854266217
29854580257,29854661143
29855013479,29855228802
29855710718,29855972392
29857909282,29858282179
29857987405,29858174902
29858031646,29858128908
29861334012,29861701150
29862041539,29862489661
29862137148,29862513297
29864840045,29865142546
29865292498,29865467909
29867348792,29867602643
29868080198,29868463168
29868518623,29868658014
29868769578,29869229254
29870369769,29870826363
29870623884,29871098514
29870665270,29870725418
29870763402,29871039807
29871044310,29871288413
29871781011,29872224764
29873055763,29873118091
29874361952,29874405710
29874697951,29875031908
29875139100,29875517933
29876713386,29876909183
29876912101,29877103715
29877005538,29877412855
29879045108,29879357438
29879414221,29879684246
29879994215,29880361664
29881142974,29881489835
29881761593,29882027088
29882262254,29882565685
29882527037,29882591999
29882927470,29883253108
29883320327,29883552555
29883333070,29883361874
29885170801,29885504540
29885620017,29886036301
29885902847,29886162597
29887164605,29887500212
29887285012,29887628763
29889425599,29889811389
29889912226,29890111616
29890907889,29891167295
29891484424,29891919025
29891698028,29892142363
29892010298,29892414973
29893137761,29893261587
29893184151,29893439198
29893281053,29893495274
29893281972,29893666256
29893995000,29894324805
29895247662,29895467358
29896391431,29896712372
29896404084,29896827515
29898228983,29898561610
29898573647,29898654797
29898726914,29899162697
29899495473,29899599915
29900617615,29900798704
29900786347,29901090971
29901111169,29901536039
29901854974,29902210371
29901966826,29902198404
29902865502,29903177324
29903630387,29904109137
29904185546,29904435159
29905031099,29905123725
29905072872,29905106649
29906611689,29906670233
29907345289,29907455285
29908979788,29909424007
29909150928,29909374935
29909475651,29909626201
29909868438,29910170337
29910713421,29911096417
29910776152,29911535327
29911402839,29911563243
29911664974,29912092368
29911725427,29912109725
29911995796,29912188325
29912494825,29912989231
29912503250,29912850528
29912993436,29913211308
29915192720,29915734811
29915444183,29916073835
29916166116,29916546188
29917250310,29917469337
29917375635,29917795796
29917625967,29917893580
29917700732,29917954375
29918499728,29918684901
29918634657,29918756515
29919138777,29919330804
29919456429,29919665203
29919806465,29920221179
29922420468,29922671467
29922733466,29922936680
29923157288,29923261571
29924216529,29924617702
29925552012,29925993228
29927619967,29927807397
29929141545,29929237934
29929178745,29929287166
29929205674,29929561546
29930256633,29930515686
29930459527,29930963086
29930899938,29931424333
29931617450,29932124354
29932919659,29933159046
29933061896,29933110333
29933312058,29933482790
29933545127,29933740459
29935492247,29935742257
29937767324,29938105749
29939074229,29939249280
29939431544,29939666324
29939480386,29939503941
29939862143,29939932340
29940009655,29940139648
29940160232,29940589742
29940170247,29940200545
29940441582,29940458583
29940634760,29940959185
29941465347,29941755847
29942082834,29942251140
29942433462,29942870940
29943965207,29944259451
29944095084,29944330887
29944550564,29944865985
29944808415,29945142339
29945029773,29945568795
29946088818,29946197608
29946715468,29946805545
29947210415,29947432084
29947839918,29947915196
29948146683,29948415345
29949283141,29949515615
29950014205,29950205676
29950164804,29950276607
29950833698,29951030877
29951144433,29951560535
29951259390,29951396362
29951978667,29952219363
29952281382,29952352922
29952332953,29952619955
29952637215,29953037423
29953306960,29953535043
29955602879,29956061851
29956285278,29956751311
29956498432,29956601546
29956860279,29957358354
29957553709,29957775927
29957830498,29957932787
29958107477,29958693574
29958909809,29959357464
29959775111,29960099465
29960112215,29960252607
29960778033,29960912620
29961246890,29961775162
29963152416,29963477310
29963745948,29963778538
29965070219,29965143585
29965509017,29965557688
29965910820,29966176555
29967500492,29967538958
29969853607,29969928070
29969920384,29970009432
29971167193,29971471943
29971457825,29971861201
29972310871,29972795212
29972457007,29972803291
29973251338,29973468879
29973272441,29973378922
29975354878,29975675718
29975972721,29976191137
29976160527,29976312710
29978257717,29978375475
29981860836,29981933949
29982710714,29982883659
29983415390,29983825176
29984323679,29984609252
29984369028,29984701898
29984411716,29984437976
29986017484,29986627105
29986230923,29986276035
29986358487,29986595002
29986595896,29986638883
29987475410,29987670951
29987960658,29988233301
29988027745,29988240344
29988376773,29988451159
29988719133,29988902489
29988852270,29989060868
29989130024,29989394377
29989444481,29989833051
29989931527,29990417857
29990434580,29990859918
29991552004,29991860411
29992371933,29992773792
29992514864,29992818351
29993356733,29993762902
29993627802,29993923700
29993656777,29993961314
29995112614,29995349035
29995186845,29995366178
29995464133,29996063411
29996894314,29996977786
29997215145,29997338188
29997472424,29997805462
29997715910,29998081216
30000365636,30000498596
30000634791,30000707731
30001303498,30001514025
30001416199,30001524470
30002388196,30002509376
30003001134,30003382029
30003088644,30003464326
30004962676,30005059967
30008699361,30009080353
30008826558,30009325092
30010783871,30010826571
30011386450,30011538801
30012292348,30012487111
30012507235,30012795398
30012824210,30013097372
30012853990,30013014992
30015568811,30015814078
30016397121,30016874808
30016431397,30016738567
30017465794,30017669809
30018226626,30018350553
30018338113,30018486756
30018432802,30018562812
30020874578,30020894447
30021616976,30022449757
30022789018,30022853316
30023010990,30023429510
30023313727,30023765097
30023474011,30023760892
30023763522,30023987456
30025140169,30025788698
