start_ns,end_ns
705532,712100
1606752,1613033
1926128,1932710
4029366,4032968
196539997,196613758
196834206,196838799
197269806,197274481
199256079,199261497
199605625,207573120
203830097,213129980
207845537,207900458
212123748,212130838
212263598,212268536
212517998,212524709
213019727,213026282
213284850,213291579
213488992,213495019
213610618,213616010
215956004,215961633
216738545,216742745
219156759,219163147
220144997,220150035
224409500,227134579
227681755,227686940
228549279,228556588
228976572,228981216
232885314,232890392
233470993,233552932
236682918,238670808
238783172,252199407
239129199,239134892
242126297,242132518
252466324,252474393
252998275,253004145
256040816,256048210
260293660,260298548
269941644,269945714
270380414,270384991
270617277,270623418
271528640,271533745
271684189,281138364
276835053,276840144
280150375,280155433
292689403,292694181
292837068,300987144
299666945,299672729
299787198,301788936
303202740,303208519
303231054,303234839
304691019,304695295
306545290,306551931
310163541,316153865
316986566,316993135
318248988,318255703
321829750,321834514
329918067,329922340
330960166,330966116
332158372,332164863
333147250,333151847
337217134,337220485
339409480,339419506
339543877,339550145
339762983,339768042
340618794,343928199
341379787,341384681
341879675,341883968
343941175,344024641
348066521,348071873
348398098,348402187
349099148,349104333
349711391,349718791
350233152,350239015
351634638,351640805
353094814,353099959
353478275,353483524
354538118,354542735
356094504,356100889
361012551,361016650
363766843,363772462
365722774,365727043
368299397,368302915
369566508,369570885
372809052,372815854
374934961,374941008
377340540,392406580
377345304,377427831
377443680,387430051
382989097,382995278
383336070,383340814
392429468,392464781
393596637,393603399
394026817,394030523
398622531,398628785
402864617,402909118
409792334,409801581
411599261,411604135
419372160,419402024
429924972,429932149
430080685,430086067
430285118,449565731
440646594,440651772
450947954,450957144
451470887,451477729
453320194,453325907
453424740,455193211
453471827,453474510
455198790,455204025
455484877,455495445
455730811,455916668
465209107,465216267
465491183,465495289
466350775,466353872
471324084,471330024
472984252,475967602
476898493,476905302
478431029,478435763
478545738,478550493
478731365,493885320
478954858,478959736
482533733,482539075
483031781,483037373
486265945,493929080
486436712,486443323
486853535,486896499
488220046,488225962
492247737,492251762
493265664,493271822
494137007,507344285
494717097,494722836
499305821,499311928
499646666,514243213
509652300,509657602
510634737,519117691
510838301,510843851
521371082,521376888
530473878,530479595
537864599,537871388
537938637,537945228
538750481,538756117
539433264,549964888
540116798,540123964
546032496,546038613
550256926,550265589
550904365,550910636
551674902,551682617
555116273,555121692
555132202,555139566
555410085,555415076
555591415,555596530
558664773,568384876
559126508,559133938
559155891,559187579
566859213,573442987
573307203,573311222
574173231,576716333
577510230,577514392
578102398,578108034
580383345,582006312
591531178,591535487
592190834,592194356
599300963,599306195
600220999,600226014
602484487,602488893
602980279,602984773
603392292,615120695
605434816,605439747
606005798,606011965
616052996,616058926
616482989,616545417
628184185,628190670
629928684,629934096
630886953,630892098
631052618,631058826
633330866,633339963
634133626,634190124
634171355,634180927
634629182,634633822
634673853,634678593
634946670,634950405
639041717,639044360
640532004,650788325
643797620,643801639
644358810,649989150
644848145,644853570
654069276,654076051
654412880,654417792
654621025,654625956
657756222,657763305
662354632,662357930
663397907,663404846
663473679,663479104
668171363,668176993
668250903,668256309
670987488,670991464
672165478,672170506
672417896,672423085
673290662,673295136
676884270,676888457
682316314,682320704
683303292,683312710
683513728,683518215
684231490,684235181
686728028,686733113
687213410,687217796
689051775,689060521
693583667,693651297
697563607,703701228
698279969,698284305
698642990,698649836
700022483,703739478
700051910,704993737
700639670,700644979
701409042,701413532
701583190,701588131
704670144,704674454
705006249,705076157
705263845,705269034
710800896,710804635
713643795,713649732
714000135,714003640
715047861,715052361
715140046,715144446
716267121,716270505
716550519,716558965
716873543,716878334
724156073,724160553
724279770,724284333
726672951,726680250
727558582,729603328
731437516,731443971
732017148,732020105
736128857,738902572
736253145,736258112
737138128,737145839
740102853,740109391
743221459,743226644
744226882,744232755
744845392,744849201
745193106,745199283
745669427,745673533
745868505,745874799
750851959,750856416
753083424,753088112
753108658,753112774
753470150,753475759
758415308,758422090
758633255,758639789
759552235,759557761
760490619,760494682
760824047,760828244
760975240,767474796
761734158,761738718
763727253,763731984
779472079,779478617
779886029,779892317
780140672,780146556
780192436,780196248
780731039,780734360
784028978,784032603
784572836,784577881
784676631,784680222
787739107,787744582
795415010,795420021
797818681,797824184
801402217,801407472
802841906,802847335
806749642,806754981
824435873,824442137
825470695,825476986
830385134,830391642
830857466,830864599
831645474,831651043
832881211,832887826
833758741,833763675
833934211,833939119
836010058,836013585
836888596,836894747
838185419,838190403
838292681,838299256
841232002,841236953
842296088,842300260
851280596,851285628
853142177,856118147
853250716,853255280
854618476,854622736
854796666,854802459
856736664,856743503
857116528,857120694
858024747,868469207
860326641,860332331
860453706,865898344
864467792,864472600
865016227,865021165
869404551,869410000
873774284,873780371
874067277,874073919
874326156,874332354
874450471,874455690
874595680,874599572
875482571,875485948
878745340,878749987
880105740,880112208
894236813,897080290
897179137,897183570
897852538,897857202
898251378,898257959
898510347,898514610
901387407,901391543
904843868,904850239
906127958,906132268
906571145,906577526
907400947,907406539
907838427,907841160
908055903,908116126
908310151,908315717
912348891,912353151
913131914,915773096
914685754,914689683
915970530,915974495
916519937,916525496
917001270,917008366
918815650,918818954
920452352,920458272
921593355,921598550
921744136,921749432
922339618,922343313
923297028,923328837
934136630,934140586
942794696,942799621
946008027,946023228
950765424,950770706
950815200,950819115
952819313,952823743
955179269,955184350
956574354,956580942
958244211,958250822
960839613,960844674
960923472,960928407
961048629,961054385
961241586,961248037
968249804,968256356
968354849,971902072
969814399,969818332
975327122,975333417
975622778,975628157
977232706,977237253
980654836,980661588
980944576,980947716
981176654,981180877
981698028,981702515
981712424,981717128
996554242,996557797
998963580,998968093
1000677714,1000681578
1000788989,1000794063
1005215559,1005220958
1008216118,1008221537
1015166636,1015218093
1016781716,1016786162
1016810888,1021944887
1018144046,1020039227
1021261828,1021266228
1036850717,1036857242
1038171240,1038175663
1040565373,1052419642
1045064839,1045070057
1045973606,1045978560
1046753014,1046816708
1048392391,1059810062
1054914276,1054921098
1055137902,1055144884
1056250871,1056258118
1056477765,1056482265
1056896302,1056899941
1057093856,1069771990
1058152526,1058156502
1058284081,1058290739
1060075265,1060080908
1060733098,1060738427
1065701188,1065706540
1067515525,1067525905
1069898500,1069904223
1070340016,1070347359
1070613602,1070619174
1072526188,1072530261
1073490334,1073495907
1075812020,1075815638
1075819443,1084281145
1083808265,1083813239
1087443591,1087447406
1088185320,1088190599
1089400150,1089404022
1093137932,1093146681
1093380765,1093383838
1098279354,1098283447
1101471948,1101476969
1101595621,1101602487
1108613047,1108641268
1109340270,1109347376
1112264600,1122428251
1113719407,1113724304
1115612960,1115618643
1123110903,1123117138
1123638117,1123643145
1123732303,1123737739
1129279261,1129285441
1129953504,1134521675
1136027470,1136033263
1137609635,1137613307
1148220208,1148226797
1148362216,1148369386
1148394590,1155060717
1152872139,1152877007
1153563869,1153569314
1155230301,1155235656
1155347433,1155353931
1160099841,1160106793
1161004425,1166613456
1161841049,1161845600
1163157470,1167441772
1164130349,1166646508
1164701308,1164705447
1166999360,1167003312
1167719450,1167723957
1171248275,1171253831
1171454906,1171459540
1171600342,1175426410
1174619881,1174625253
1175704653,1175711556
1175813172,1175817987
1177068501,1179232623
1187451916,1187455054
1192298294,1192303409
1194808654,1194813815
1195426162,1195432549
1195644944,1201115364
1197839478,1204006910
1199933772,1199938587
1203267249,1203349000
1204099235,1209153601
1205073217,1205077333
1207285275,1207290259
1213114447,1213120170
1215862207,1215866982
1216143204,1216148459
1216413198,1216418153
1216764413,1216768599
1217344570,1217349919
1217407041,1217412520
1217942450,1217946205
1218182169,1218188053
1220262963,1220267293
1227203351,1227207678
1227626773,1227632112
1227651075,1227879154
1227925336,1227993917
1232516452,1237701349
1238348421,1242356117
1242738793,1242746103
1247328633,1247334664
1247433701,1247437700
1247760307,1247766749
1255459333,1255463743
1256950619,1256956168
1262441806,1262446313
1262624199,1262630380
1268944577,1269030388
1276923282,1276928668
1277588679,1280263033
1278095011,1278098479
1282025035,1282031402
1282322348,1282328335
1283626837,1292449637
1284408667,1284412847
1285224768,1285228152
1286228664,1286234257
1287085991,1287090214
1288602117,1288609771
1288881566,1288887927
1293743917,1304714836
1295364977,1295370880
1300257682,1300265413
1304279437,1304284505
1305106202,1305111938
1305231776,1305238722
1306005969,1306082742
1306589697,1306595667
1308338729,1308344626
1317658364,1317663906
1317760438,1317767761
1319058189,1319062095
1320760970,1320766125
1322788039,1322792967
1325004741,1325010540
1325079233,1325083957
1325471160,1325476913
1325569522,1331353386
1326106448,1326110069
1326914771,1326920427
1327251644,1327258853
1330055605,1330059520
1331522676,1331566799
1331922949,1331927342
1332750549,1332755246
1337910393,1337913617
1345810680,1345819694
1346141559,1346145863
1347515206,1347519663
1347867964,1350127974
1349405077,1349411341
1355453326,1357181271
1365373743,1365378464
1366993166,1366997095
1367801950,1367810175
1368097289,1376360394
1377328867,1377334212
1378638191,1378643917
1397289550,1399798439
1399802265,1404972886
1400600983,1400606108
1400684331,1400691174
1401180471,1401185242
1401608346,1401614948
1403404025,1403408431
1408091202,1408148215
1408209086,1408215166
1408622425,1408627753
1409829043,1409834121
1414009460,1414013115
1414132428,1414135525
1416860180,1416864914
1416871429,1416920276
1417680978,1417688144
1419970821,1419978950
1422286791,1422291515
1426412080,1426417809
1431859952,1431866387
1433262243,1433268404
1434136442,1434142409
1442063517,1442068960
1442479195,1442484531
1443343946,1443348376
1449805380,1449815249
1450251690,1450258028
1456660111,1456664895
1456816231,1456820547
1457222110,1457228451
1457597523,1457603931
1458089463,1458092443
1460659972,1460665592
1461842713,1465026467
1462193707,1462199821
1463381677,1463385769
1464209421,1464213249
1465743600,1465747573
1465798658,1465802998
1466340468,1471386471
1479206230,1479209855
1479297029,1492083748
1479347032,1479351706
1479774496,1479780493
1479899389,1479906803
1483419902,1483426119
1483428344,1483484498
1489089169,1489093369
1490574699,1490579827
1493398448,1493484817
1497329944,1497332975
1497545920,1497550350
1502631229,1502638345
1504328233,1504333228
1506432972,1506439226
1515788183,1515791253
1517825665,1517872057
1518064396,1518069985
1518102589,1518107821
1518921907,1518927343
1519698188,1519703964
1520808361,1520812066
1521373841,1523057679
1522184680,1522190784
1523194519,1523251692
1523339267,1523344328
1523963841,1535936815
1525180101,1525185894
1526983136,1526992250
1527833461,1530245177
1530262179,1530271433
1531675137,1535973237
1536607045,1536611659
1545562762,1545568148
1545789462,1545793017
1550008944,1550014430
1550523078,1550528487
1550958363,1550963421
1551547624,1551551442
1554379662,1554385478
1555537690,1555541545
1555551170,1555555043
1556020824,1556024899
1556412029,1556415196
1557609149,1572530127
1562678154,1562685444
1563620534,1563629077
1564747963,1572569553
1571546891,1571552948
1571897037,1571902202
1573006064,1573396769
1573866235,1573871376
1574206094,1574209602
1575081382,1576681862
1577269422,1577276805
1577957249,1577962732
1578141627,1578147837
1578337293,1578342989
1578526027,1578529715
1579214301,1579219958
1579974532,1579979340
1580408929,1588844455
1581511148,1581514332
1582717392,1582723492
1583254023,1593851751
1584990902,1584995579
1585502350,1585513121
1589020738,1589061901
1589210521,1589216748
1589242877,1591725477
1590004184,1590008524
1590898027,1590900984
1592399597,1592405163
1594807658,1594812061
1595729515,1595733447
1596015322,1596021696
1597063558,1597069187
1597103261,1597108466
1597919162,1597924868
1601354188,1601359009
1605599348,1605605762
1622468248,1622473377
1627502729,1627909623
1637176755,1637207247
1644162990,1648770845
1645277276,1645280196
1658816723,1658822549
1658904896,1658911407
1660430853,1660435377
1661641444,1661646151
1661970796,1661977217
1674409331,1674414643
1689285604,1689292266
1691283186,1691287649
1695643360,1695650339
1700045037,1700049898
1703341035,1703345425
1703385199,1703389278
1703937897,1703944421
1704882201,1704887880
1705007678,1705012285
1707676537,1707680345
1710734703,1710738465
1716757798,1716761730
1723753157,1723758128
1724871278,1724879537
1725257325,1725262985
1725378917,1725384617
1726214526,1726219898
1726480200,1726484480
1727759326,1727763673
1727887627,1727890847
1727970097,1727974553
1728866386,1728872175
1730023632,1730028145
1730877929,1730884080
1731440536,1731445497
1731447759,1731452587
1734365765,1734372330
1734520545,1734524110
1734959603,1734966101
1735462935,1735466106
1735848291,1735852283
1736672587,1736677615
1740310446,1741457546
1741172928,1741176573
1742354489,1742358435
1743379366,1743384792
1752758254,1752764836
1752875794,1752955635
1758330866,1758338453
1761626898,1761633940
1762701487,1762784919
1762750535,1762783436
1763032610,1767566911
1763436424,1763441308
1767292470,1767296673
1768806497,1768811058
1776241966,1776300813
1776754152,1776759157
1777781648,1777785898
1778440470,1778445712
1788715079,1793194296
1788974209,1788978940
1789191033,1789195871
1794597659,1803488068
1795203070,1795209127
1800951245,1800957222
1802459229,1804771160
1804127603,1804133446
1805178842,1805185043
1806621545,1806626396
1809247423,1809252962
1810628870,1810634349
1815322722,1815329281
1816113072,1816116890
1817129279,1817135042
1817329806,1817334183
1824320361,1827921610
1826048015,1826052549
1826593397,1826599895
1828710519,1828716413
1828879909,1828926298
1832838127,1832843212
1833241323,1833246257
1839736299,1840078043
1840448141,1840454024
1840921272,1840927095
1848915596,1848921633
1850518738,1850524935
1854062427,1854066626
1858402351,1858407667
1858812801,1858816599
1859582186,1859588330
1860337125,1860342741
1862458767,1862463448
1865088120,1865091634
1873475764,1873481614
1873999065,1874004020
1878192685,1878197470
1884113018,1884117434
1887483070,1887488419
1892009473,1892014398
1893870165,1893876804
1895397480,1895403456
1896190478,1896196198
1897168278,1897172291
1899427022,1899431655
1902153614,1902158295
1903804909,1903808276
1904584433,1904588960
1917247092,1917251342
1917847157,1917853077
1917866300,1917873600
1919774570,1919778442
1920203311,1920207340
1920678209,1920681701
1921893624,1921898792
1928080349,1928084743
1929243282,1929247806
1929451948,1929455806
1929819409,1929823616
1930909260,1930913346
1932132887,1932137944
1936292750,1936300140
1936973932,1936978062
1937098438,1937105210
1938786466,1938793121
1939111304,1944924881
1940928348,1940932019
1941452310,1941456904
1941869363,1941871933
1953007245,1953013121
1953969482,1953973966
1954137824,1954143200
1955635361,1955641398
1957269056,1957274946
1958950459,1958956877
1960061544,1960070878
1960766373,1960771745
1965685676,1965692424
1973273439,1975572083
1973393474,1973397530
1982900208,1982903076
1984676844,1984681214
1990573569,1990578878
1990769774,1990775814
1990866115,1990871033
1992393753,1992397281
1995550850,1995554913
1996050438,2000534930
2002841381,2002847635
2007582099,2007587562
2007742055,2017569569
2008027484,2008031821
2009288185,2009293580
2023627539,2023633927
2026523966,2026530701
2028041268,2028046559
2028241989,2028248453
2028973010,2028977691
2029465435,2034676097
2034974793,2034979905
2036241434,2036296001
2036291210,2036296105
2036318732,2036322428
2036559995,2042369122
2036633285,2042381808
2037432621,2037438614
2042942277,2042946897
2043287595,2043292189
2043975759,2051683598
2044481280,2044485517
2048206093,2048244523
2048891073,2048897718
2053856517,2053862638
2054806491,2054810871
2057652687,2057659533
2063750151,2063755737
2065679201,2065684115
2066975683,2066980751
2068100910,2068105410
2068900223,2068905404
2069497635,2069501644
2075088304,2075094555
2075875346,2076199015
2076539520,2076546342
2077326277,2081007130
2077837468,2077841176
2080136900,2080142923
2081099623,2081106127
2081566900,2081573482
2084714582,2084718281
2089283780,2089290365
2093035800,2093040945
2097246138,2097250451
2097320920,2097323954
2110092258,2110097380
2111643230,2111650419
2112549401,2112555027
2112649187,2112656186
2113649745,2113655087
2114288047,2114293539
2122272712,2122278128
2123282886,2123287543
2125152271,2125157803
2125358157,2125363165
2126322714,2126327665
2126533842,2142134388
2131297846,2141335272
2141732748,2141738121
2142860889,2142865513
2149447513,2149452100
2150353815,2150359631
2152294207,2152298641
2153686669,2153690896
2153865451,2153869159
2154526557,2154531188
2154953056,2154958659
2155582314,2155587900
2163775655,2163844912
2166712530,2166716566
2168677151,2168685931
2170556779,2170561944
2172101463,2172106257
2174847676,2174853189
2176787484,2176796849
2178176365,2178182225
2179028621,2179032790
2179057119,2185656739
2191432280,2191437128
2191590308,2191597273
2192861122,2192865156
2201638204,2201643025
2203131508,2203136061
2206728056,2206734146
2208441271,2208446757
2208446109,2208449910
2210256584,2210262885
2212723679,2212729258
2213097395,2213101958
2213116060,2213119354
2213941115,2213947188
2215347478,2215352206
2217230314,2217236120
2217872825,2217880546
2225331764,2225335596
2228390648,2228456788
2234056598,2234063156
2235464863,2235468955
2235915960,2235920634
2238019987,2238024952
2246536085,2246544892
2246650691,2246655977
2248229158,2248233922
2249411164,2249414257
2255554073,2255558587
2255734672,2255739543
2257207824,2257210112
2257298616,2257304713
2257402815,2257408501
2260772142,2260775734
2260972777,2260978252
2261611880,2261616901
2261836776,2261841443
2262491795,2262560123
2265148269,2265151640
2268595312,2268602418
2269554707,2269559455
2269890401,2269896221
2277097322,2277103139
2282913609,2282919970
2284850741,2284854960
2298071874,2300322920
2298986638,2298991111
2300792369,2300796211
2302608647,2302612329
2302999265,2303002863
2303106541,2303114395
2304171225,2304262177
2304379392,2304413891
2304450838,2304537674
2304778853,2304785098
2310159891,2315515833
2310269486,2310273375
2312099011,2312103084
2315617540,2315669985
2316619474,2327750860
2317122700,2317126151
2319355518,2319362968
2320229126,2320235527
2320488272,2320492860
2320696571,2320701392
2320701629,2326947281
2327115909,2327121261
2330147525,2330150830
2336627859,2336631664
2336998418,2337005724
2339818295,2339822003
2344461248,2344467269
2344658802,2344664275
2344776231,2344849718
2345090276,2345134205
2354046106,2354052220
2354777448,2354782283
2356949008,2356952419
2365744155,2365750051
2369150773,2369157164
2379447583,2379452267
2393210392,2393216506
2393521910,2393525705
2394133521,2394138620
2396980506,2396985190
2399503200,2399519116
2400626380,2400631100
2404114623,2404118545
2407128035,2407134122
2409862969,2409866888
2412161045,2412167249
2420457296,2420462848
2423114688,2423250158
2430141859,2431320056
2432018307,2432024875
2432770159,2441584880
2433258351,2433262948
2435969448,2435974099
2442429269,2442521845
2443372374,2443377027
2448355073,2448359824
2448441255,2448445348
2449552133,2449558888
2460726960,2460733465
2468163982,2470229482
2470341980,2478929620
2476073842,2476082147
2476320687,2476325405
2476514509,2476521508
2477663470,2477670997
2478059577,2478063556
2479570053,2479578726
2479712886,2479717510
2481132637,2481136609
2484341909,2484348377
2484476166,2484480870
2485238859,2485243423
2492872901,2492878874
2493414119,2493418553
2497151326,2497157327
2497637116,2497641723
2498609708,2498614605
2501249891,2501253887
2501884023,2501888574
2507021006,2507025462
2507557233,2507562231
2509108201,2509113857
2515549255,2515555008
2516172599,2516176866
2516319342,2516326100
2516338735,2516342801
2519156357,2519161806
2524197165,2524201862
2524811285,2524817620
2529174202,2529196385
2529471198,2529476152
2531206376,2531212593
2538665732,2538671889
2540338255,2540342631
2540545591,2540550228
2545811976,2545817458
2546152731,2546156736
2547847534,2547853524
2553352696,2553356428
2556266446,2565677387
2556326418,2556331760
2556859134,2556865465
2557118418,2557160526
2566921904,2566926214
2567634246,2567637728
2576067975,2576072632
2576093149,2576098287
2581254680,2581259457
2581336565,2585346790
2581850302,2581856897
2585401280,2585406666
2586191539,2586195772
2587163486,2587169316
2587267288,2587271227
2587730496,2587736139
2588013390,2588018328
2594946184,2594953013
2595125029,2595129576
2597316500,2597320212
2597710729,2597714812
2598916569,2598920307
2601848793,2601851957
2603666949,2603671640
2603909037,2603914503
2608632754,2612101974
2608990908,2608995061
2612391620,2612397373
2612485165,2612492475
2612755283,2612760091
2612899379,2612905958
2612938247,2612941896
2613029888,2613035875
2613923421,2613928295
2614452799,2614457791
2615198594,2615204514
2621034679,2621038869
2621064433,2621069478
2621331628,2621338574
2621450858,2621457687
2621819225,2621825449
2621840497,2621846407
2621907742,2621913983
2622010238,2622015790
2622385116,2622389777
2622776743,2622780438
2623513414,2623516491
2628377408,2628382289
2628472974,2628479533
2632068347,2632072169
2633829958,2633836326
2635144581,2635147521
2636966078,2636970902
2638183256,2638188271
2639035916,2639042131
2639793435,2639800013
2640991213,2640996004
2641537383,2641541772
2644384381,2644390264
2647008605,2647013252
2655130538,2655136792
2658420175,2658426479
2658530895,2658535332
2659252008,2659255967
2665821342,2665825946
2667701054,2667705508
2667712173,2667718283
2670221423,2670225566
2670667403,2670674562
2673582930,2673589641
2680823731,2680851200
2680862856,2680867400
2681110176,2681115178
2681247350,2681252335
2682207363,2689610369
2682320600,2682324936
2685486603,2688110319
2687259139,2687263760
2689632268,2689636040
2690900890,2690905718
2695875645,2695881198
2696335072,2696340801
2697254907,2697260564
2697288630,2697294604
2702706615,2702711593
2703502848,2703513058
2704726304,2704733066
2711820203,2711826397
2715859397,2715896691
2722258553,2722262669
2725299711,2725304739
2727040882,2727045015
2734548167,2734556423
2735955807,2735959779
2738597013,2738602258
2738709715,2738714195
2741592624,2741597104
2749206129,2749212450
2753926465,2753932642
2756313950,2756319930
2756466175,2756471046
2756890084,2756892914
2757312237,2768697964
2757421073,2757424962
2765139318,2776228405
2774831730,2774878048
2776667011,2776671064
2790803613,2790808518
2792039544,2792044148
2793005297,2793008972
2793806955,2793813654
2794123709,2794127371
2794150059,2794154322
2794811763,2794814556
2797165211,2797170313
2797258459,2797265044
2799876870,2799881594
2800237723,2800241929
2801086190,2801092411
2801713120,2801716801
2803474754,2803479238
2805546310,2810860708
2808190814,2808219582
2811064920,2815589329
2813900937,2813904505
2814345256,2814351219
2834542007,2834545738
2834948868,2850786490
2845100245,2845105894
2848187968,2848194286
2851575968,2851580057
2851836734,2851840677
2856133485,2856138068
2856640720,2869648376
2856647131,2856650732
2872180111,2872185352
2872347887,2872352140
2876120290,2876123775
2879758459,2879763842
2880547265,2880552093
2880627951,2880633036
2880883216,2880887732
2885754884,2885759114
2886185292,2892967829
2886409452,2886413969
2887500786,2887512125
2887879918,2887883179
2889779067,2889786477
2896115308,2896119514
2896967700,2896972110
2897861801,2897868232
2898043987,2898087652
2901940681,2901944717
2906333292,2911660846
2907671795,2907677081
2917070188,2917074494
2917538541,2917543486
2919791351,2919796713
2922487141,2922490060
2924679704,2924684722
2938297545,2941334246
2944950141,2944953619
2945020163,2945023802
2946680472,2951109378
2951898207,2952138802
2952285581,2952291324
2953105664,2953111767
2953273397,2953276774
2953972292,2953976939
2954510624,2954516825
2954927434,2954931500
2957107620,2957153524
2959658655,2959664949
2966882371,2966887636
2969095631,2969098892
2970228883,2972922020
2971942072,2971947965
2973098476,2978181246
2973109671,2978042976
2978172025,2978182776
2978708990,2978716557
2978947250,2981592949
2981801287,2981807080
2982172501,2982176627
2982358813,2982363296
2983205306,2983211236
2983726863,2983731557
2990077172,2990084051
2990568447,2990573195
2991044081,2991048016
2991418629,2991422604
2993275409,2993280978
2996818215,2996825448
2997101099,2997105235
2997957231,2997963298
2999677645,2999682072
3000274733,3000278970
3003366857,3003372336
3003496570,3003499681
3004400907,3004408441
3005875181,3005881837
3025495390,3025499336
3025583517,3025587372
3030148310,3030153823
3032707948,3032712264
3032718007,3036427201
3032905679,3035446958
3033314885,3033320244
3036445596,3036452658
3037244334,3037249078
3040262283,3052920267
3041245311,3041251612
3048636727,3048641291
3053148544,3053199159
3056066072,3056070689
3059699534,3059706266
3059822826,3059827240
3060277152,3060282985
3061017748,3061025045
3061850032,3061855575
3062060766,3062064985
3062297024,3066039055
3062644294,3062649145
3064683456,3064689186
3065691388,3065698604
3066082741,3066127449
3066363820,3066368244
3066661564,3066667110
3066785214,3066790720
3071657073,3071662295
3073821439,3073826551
3075810586,3075816125
3077330349,3077337355
3080093097,3080099488
3080420939,3080426889
3080789046,3083383656
3080928261,3080933179
3081075708,3081081260
3083904158,3083908554
3085349216,3090004755
3085910045,3085914258
3086153647,3086158885
3090437895,3090443872
3090586725,3090591423
3091168930,3091174870
3093799218,3097564872
3094524132,3094529294
3095206878,3095210526
3095524897,3095528933
3095572281,3095576174
3101952248,3101960132
3104227946,3104316463
3104598154,3104603536
3105462738,3105469192
3106873124,3106876929
3107972960,3107977344
3108347174,3108352907
3108575742,3108579734
3111410689,3111418263
3112191891,3112197474
3114832312,3115753086
3116307347,3116312028
3120644593,3120649213
3121084632,3121089390
3121160577,3121163370
3122297127,3122301757
3122638363,3122643458
3123257013,3123261169
3123442102,3123445684
3123848522,3133951212
3124049651,3124053009
3124432594,3124436847
3124499215,3124503034
3124529621,3124533964
3124975557,3124981955
3125178266,3130401941
3132741465,3132744227
3134152165,3134156229
3134895808,3149230321
3138806467,3138811806
3150106053,3150147804
3150370552,3150374815
3151040702,3151045086
3164918488,3164925063
3169806748,3172618413
3176904532,3176912326
3178258754,3178264758
3190964026,3190968700
3190972388,3190976735
3191077095,3191083857
3191152569,3196330658
3191247641,3191252359
3191302465,3191305893
3194421219,3194426210
3195040240,3195045967
3195210559,3195215965
3195612509,3195617200
3197075561,3197081127
3201319846,3208901776
3208277633,3208281743
3209275930,3209279287
3209516147,3209520560
3210177661,3210181740
3210753866,3222939448
3210759378,3210763992
3213712771,3217336858
3214474879,3214479346
3217554521,3217559475
3217594040,3217597401
3217847561,3217851827
3218841180,3218846111
3220287758,3220293504
3221158893,3221162067
3223131800,3223138071
3228972335,3228977570
3230520870,3230526987
3234227063,3234237303
3235568594,3250188881
3235638074,3235644041
3241389534,3241394265
3241859922,3241864633
3243558668,3243562423
3250361311,3250367786
3250412747,3250417983
3250557221,3250561738
3250839537,3250844862
3251179353,3251183559
3251326756,3251332362
3254502014,3254511379
3257036709,3257043070
3257142338,3257147730
3257979904,3257983830
3258122203,3258125744
3259321424,3259326496
3259691779,3259737974
3265617534,3265623073
3268575804,3268580618
3269899491,3269903343
3271130053,3271133748
3274745999,3274751030
3279400108,3279405884
3279489327,3279494298
3281197564,3281203494
3282797586,3282801244
3284361058,3284390492
3284659554,3284665451
3284664960,3284671985
3284727628,3284732098
3285023361,3285027113
3286671839,3286676533
3288125651,3288130528
3288814580,3288818118
3291386860,3292397113
3291931640,3291935843
3292968527,3292974136
3293738353,3293742202
3296227528,3296232860
3305252184,3305256203
3305546638,3305552477
3308188515,3308192895
3309704396,3309708067
3309717890,3309724582
3310357018,3310362079
3312735184,3312739998
3313111900,3313115896
3313913481,3313918984
3323519691,3323522551
3326771128,3326774523
3327164525,3327169433
3327256464,3330119709
3330195520,3330200916
3334701427,3334733610
3338252807,3338263187
3345034659,3345038401
3345076093,3345080774
3345251627,3345256040
3347492767,3347496953
3349179893,3349184553
3350140655,3350145218
3367729472,3367734105
3368570940,3368575627
3369855321,3369859574
3370202998,3370209102
3372404491,3372409088
3374576518,3388867323
3374667575,3374672470
3375095346,3375099429
3382976644,3382985655
3385541260,3385547534
3387871802,3387875464
3388292238,3388298291
3389669452,3391024416
3391258606,3405600640
3400573573,3404828963
3401857940,3401863500
3405164228,3405174074
3405554903,3405560021
3405686167,3405692043
3406862797,3406867872
3406956015,3406962483
3416803928,3416809000
3417940371,3417946100
3421189583,3421266711
3421262581,3425648737
3425880569,3425885196
3426402393,3426407091
3426937425,3426943478
3430725901,3430731019
3430866135,3430870401
3431826927,3433912023
3434407001,3434412867
3443577350,3443586163
3446333329,3446337091
3447512946,3450519833
3447743465,3447747918
3450426261,3450430638
3451885728,3451937943
3451976698,3457124955
3458643914,3458649096
3460626763,3462607537
3466147367,3470849144
3466521965,3466527263
3466973323,3466979350
3468577625,3468583371
3470778457,3470783371
3470818788,3470822764
3476320025,3476326436
3476362445,3476366490
3477249616,3477255653
3478352687,3478358557
3480674696,3480682935
3481616218,3485034904
3481660739,3481668499
3482307129,3482313456
3485116258,3485122158
3485947125,3485952050
3486200071,3486208160
3487181449,3487186982
3487357281,3487361841
3489576949,3489581937
3489705597,3489711053
3490098550,3490104617
3491719142,3499785846
3492741770,3492748292
3495539540,3495544385
3500028903,3500034095
3503113366,3503119523
3520085871,3520092389
3521469703,3521475263
3522813659,3522819322
3526895797,3526900969
3541299243,3541308106
3542907594,3546215723
3543224745,3543228717
3546189493,3546197612
3546378665,3546385530
3546724822,3546728002
3546753814,3546758902
3547487244,3547559538
3553003104,3553007925
3553587721,3553592806
3553969529,3553976164
3555776376,3555786606
3556397071,3556403472
3556838584,3556841898
3563653070,3564654103
3566595889,3566601565
3571371777,3571376798
3584681410,3584685984
3584967671,3585022235
3590948504,3590952503
3591968757,3591972773
3592408810,3592413798
3592527682,3592532877
3592812440,3592818848
3594355186,3594360809
3599729769,3599735903
3599895795,3599900736
3613485349,3613489839
3613847943,3613852643
3620768660,3620778004
3621198676,3631089106
3628223626,3628226840
3630757108,3630760552
3633283985,3633288923
3633627870,3633632427
3634495397,3634498347
3636183388,3636187407
3637459464,3637462845
3638296318,3638300748
3641114782,3641119205
3644561581,3644569356
3644574187,3644580394
3646890149,3647491400
3647751670,3647756243
3647763430,3647768701
3649271450,3649295227
3649669568,3649673794
3650062330,3650067963
3650702049,3650706044
3652655167,3652659470
3652945942,3652956158
3654085882,3654090376
3657194780,3657199066
3662986909,3663061477
3663156255,3663159402
3666371668,3666376078
3666963868,3666968552
3667801524,3667804565
3672226906,3672232612
3673471988,3673474467
3674654060,3674659650
3674780249,3674785261
3675202278,3675206985
3675398071,3675404225
3676883470,3676888632
3677985345,3682238984
3682489708,3682493955
3683896019,3683900876
3683988728,3688933953
3684593167,3692517599
3685082819,3685087553
3687630713,3687636526
3687804400,3688939252
3694294234,3694299797
3694840294,3694846070
3695036485,3695042585
3695041286,3695045712
3695887027,3695891995
3697540791,3697545488
3697679611,3697683915
3698671717,3698677791
3701223156,3701228014
3706810893,3706815176
3707182220,3707187124
3707706747,3707750657
3708347170,3708351677
3715125228,3715132955
3718282041,3718308768
3719031758,3719038877
3719086241,3727232148
3719405003,3719408073
3724966626,3724972536
3726108157,3726116823
3726626317,3726631124
3737313844,3737316146
3739019448,3739023742
3739842458,3739847012
3741271244,3741275988
3744280872,3744285901
3745694205,3745697980
3749885994,3749893485
3750829971,3764176194
3751161445,3751165762
3759604689,3759673879
3761127987,3761132337
3762094137,3762097739
3767822873,3767831793
3769309361,3769315482
3769646711,3769651803
3772898616,3783661140
3776232580,3776238300
3782193484,3782197483
3783897886,3783903776
3784762934,3784769282
3785155660,3785161446
3786689232,3786693010
3787252527,3787256466
3789898597,3789902573
3792516062,3792519928
3793342770,3793373356
3806047304,3806053054
3806367405,3806373729
3807650613,3807654766
3807839123,3819141160
3809576216,3809581073
3811627032,3811633199
3815241818,3815244842
3815260279,3815263887
3815637006,3819174737
3820328432,3820330998
3820708844,3820714016
3826510616,3826512915
3828525434,3828529082
3830944156,3830948614
3831485115,3831488066
3834141786,3834145737
3838568341,3849028570
3840887579,3840890272
3842986354,3844900404
3849795803,3849799235
3850111522,3850117528
3851791855,3851795888
3852520027,3852524504
3854838823,3854845134
3855350164,3855355880
3855512698,3855517580
3859128855,3859134818
3863091943,3870379667
3870568094,3870599314
3870805167,3878839913
3871995348,3872001542
3872177424,3872182833
3875015458,3875020520
3879563798,3879566741
3890086636,3890093147
3895788303,3895793154
3899692468,3899698241
3904005545,3904011843
3904180404,3904185125
3904955652,3904960584
3905380427,3905386180
3905449363,3905453292
3905829414,3905833627
3905838975,3905844318
3906906001,3906910635
3913044951,3913050227
3913135373,3913139659
3913667013,3913670427
3915093933,3915098113
3915699621,3915704235
3917585410,3917590458
3918942622,3918947350
3919516665,3919519916
3920351124,3920355979
3920380083,3920385121
3920614791,3920620471
3920766110,3920770844
3920809739,3920813297
3921087321,3921092673
3921287274,3921291547
3927257706,3931006960
3931123724,3931135220
3933676162,3933684568
3934384312,3934388796
3935029847,3935033786
3936792948,3936798016
3940268883,3940336570
3948895582,3954825870
3955021169,3955027453
3956667336,3956671829
3958787953,3958792269
3959727380,3959731172
3960910247,3960920270
3963082047,3963086233
3964136808,3964143152
3964219776,3975796526
3969306327,3969310737
3969887343,3969982010
3971733385,3975841314
3973164765,3973169092
3973771599,3973776874
3974248930,3974254776
3975416433,3975419727
3976421548,3976427044
3976975793,3976980176
3978188404,3978192437
3980551567,3980556876
3984427612,3984433288
3986733635,3986740060
3996684171,3996690676
3997125918,3997130418
3997732040,3997737272
3998829103,3998835364
3999240999,3999244881
3999727871,3999732622
4001115827,4001120494
4001845468,4005844444
4002052109,4002058531
4002393365,4002397441
4011488531,4011492848
4016119271,4016122739
4019807313,4023897058
4021184407,4021187965
4022803249,4022810051
4023799424,4023804813
4035660297,4035664223
4036245098,4036249458
4039385139,4039389600
4039890684,4039895993
4044920223,4044925124
4046014701,4046018543
4047451841,4047456859
4048715728,4048721080
4048725467,4048731357
4049699138,4053695598
4056957994,4056963035
4057215436,4057219806
4057580145,4057585548
4057654848,4057661950
4061964484,4061971182
4062148063,4062151708
4065286036,4065292878
4066179048,4066184083
4067153888,4067157356
4073518807,4073523671
4074483290,4074489160
4078293876,4078297187
4079757272,4079762143
4079826068,4080374403
4080828160,4083805032
4083845233,4083888635
4084060120,4084067069
4084770448,4084773645
4085091374,4085095163
4089170104,4089173936
4089333073,4089336655
4091618427,4091623111
4091656122,4091661347
4093947751,4093951714
4094138928,4094141416
4095261618,4113649293
4115270119,4115277472
4115645438,4115650443
4117461339,4117466895
4117583145,4117586800
4118106757,4118111411
4118342023,4118348073
4119513391,4119517577
4119907045,4119912474
4120781418,4120787522
4120926737,4123251901
4124320530,4124325571
4131308586,4131313627
4148802468,4148808709
4154271435,4154324993
4155100021,4155105012
4156185886,4156190747
4162469323,4162475527
4166200934,4166206490
4167223786,4167227912
4167759275,4167763849
4167785444,4167791244
4168588977,4171421609
4169511782,4169516269
4173125924,4173132225
4173705800,4173711476
4175580277,4175584490
4178939621,4179011016
4179005460,4179010265
4179013412,4179019305
4186253903,4186260648
4187052577,4187057629
4190816558,4196078319
4192549962,4192554035
4193170480,4193175996
4195712388,4195717720
4197339237,4197342815
4203368914,4203373751
4205599206,4205602617
4205795904,4205801811
4208596207,4208603737
4209244130,4209249192
4212115187,4216279153
4218468886,4218472331
4228872916,4228879454
4230482784,4230487223
4236433277,4236439698
4236954751,4236960427
4237298663,4237302258
4238371114,4238375698
4242012634,4242037353
4242985684,4242991751
4243145519,4243149154
4244751614,4248810232
4255176755,4255184181
4256369127,4256373871
4256425124,4256431973
4262383753,4262388901
4263022158,4263027985
4266259249,4266263456
4277067133,4277073494
4277465334,4277471197
4281076375,4281080749
4281930552,4281937040
4282153323,4282159153
4283966872,4283971980
4285164560,4296658870
4291086075,4301373069
4291259678,4291264479
4296338883,4296343613
4301573499,4301578978
4301992388,4301996885
4302325385,4302330199
4302453228,4302458646
4303460154,4303464988
4304145742,4313201603
4305102963,4305108208
4305303360,4309715103
4307819352,4307824687
4311251278,4311256937
4317879285,4317886164
4323980393,4323986714
4324039871,4324044435
4325690471,4325693685
4326694554,4327584806
4341063602,4346798662
4346100455,4346104784
4346277936,4346282911
4353724534,4353728747
4354902460,4354908223
4355742114,4355746103
4355802167,4355807045
4361082454,4361094164
4368449431,4368454115
4368787199,4368794024
4368925946,4368932334
4373530005,4373534866
4373585962,4373592794
4374890696,4374895507
4375344306,4375349648
4376153508,4376159471
4376195409,4376200882
4380005531,4380009661
4380216936,4380222469
4380789042,4380794711
4380912301,4380916610
4381185005,4381187978
4381387513,4381392554
4381894394,4385703543
4382708774,4382712669
4383494887,4383501181
4384029093,4385718828
4385781323,4385805715
4386053856,4386060712
4386629496,4386635336
4387375545,4387380356
4390598799,4390603970
4391234558,4391239873
4391712202,4391718958
4395361861,4395365710
4396552997,4396555987
4398512821,4398516786
4398547482,4398550305
4402799017,4402802588
4403037096,4403041085
4405864293,4405868883
4408201470,4409924905
4412999415,4420877863
4415383519,4430194387
4425714248,4425718251
4427877459,4427882868
4427982109,4427986913
4430450600,4437847973
4433883949,4433889408
4434152855,4434158675
4438085741,4447621865
4438099145,4438137632
4438288470,4438292803
4439461329,4439467222
4440500454,4440514837
4441790779,4441795756
4446570479,4446577384
4448434077,4448439470
4451342946,4453620722
4452483491,4452489996
4452744275,4452751414
4452898494,4452904591
4455144528,4455151137
4463686866,4463691513
4464308283,4464314140
4464361694,4464366849
4465805820,4465812849
4467357766,4467365444
4476585305,4476589458
4479307778,4479312796
4481813878,4481820757
4481929861,4481977726
4490471834,4490475192
4490743539,4490749192
4494994058,4494999898
4495466277,4495469822
4499149559,4499154871
4499392619,4499397396
4499721570,4500768363
4502310752,4502316391
4502400438,4502404156
4505150273,4505211421
4508227877,4508231922
4513594412,4513599781
4517517092,4517520897
4519560127,4519565108
4520652353,4520736757
4529567892,4529571293
4529690794,4529695474
4530375915,4530379817
4530746597,4530752764
4532105233,4532108360
4535035392,4535041393
4553238062,4553247113
4553551602,4553557973
4553843313,4560876982
4563993777,4564000389
4565660988,4575606018
4570286930,4570291688
4574640365,4574645861
4576402241,4576408208
4577003178,4577093790
4577989831,4577994869
4578019214,4578023661
4586531979,4586614636
4587097286,4587100393
4588556355,4588562943
4591017593,4591022194
4591441917,4591449157
4591634500,4591638549
4594324098,4594329100
4603465579,4603471048
4605870186,4605877432
4606591495,4606673063
4611718234,4611723045
4615004133,4618489276
4631516974,4631522457
4633111243,4633115396
4641077814,4641083457
4654444049,4654447965
4654695976,4654701308
4654805584,4654813646
4654868293,4654873538
4655419397,4658795757
4656157548,4656162693
4656320370,4656324666
4656516360,4656520563
4657222485,4657228743
4658808489,4658814342
4659058194,4659068404
4659747004,4659752867
4659864099,4659869244
4659890565,4664750363
4663956830,4663962126
4664877351,4664889088
4669838241,4680196179
4673826834,4673878270
4674302748,4674308942
4680142504,4680147329
4682218865,4682226368
4682750949,4682755456
4687841179,4687845789
4688419114,4688424219
4690451625,4690461915
4695840357,4695845138
4696733586,4696740966
4706791772,4709131723
4710171242,4710177784
4711897737,4711904286
4712269248,4712275048
4718019292,4718025640
4719422385,4719428662
4727166626,4727172950
4729120025,4737767474
4738680317,4738685575
4739521561,4739525103
4739611993,4739618541
4740045975,4740050639
4740572657,4740578771
4746629679,4746633381
4747710432,4755102810
4750298548,4750304147
4754113244,4754118853
4754532322,4754570572
4756021687,4756027063
4762421712,4762449585
4773820590,4773826757
4774360121,4774397168
4774610384,4774616745
4783548077,4783553620
4789690826,4789696232
4790367996,4797055969
4796309205,4796314290
4797671118,4797674646
4797867947,4797872949
4799120075,4799125474
4800759957,4800765503
4810266157,4810269645
4812002685,4812006527
4812184697,4812189274
4814022130,4814028401
4814135370,4814139906
4820685959,4820689984
4823468501,4823476152
4826491287,4826497598
4829422673,4829428797
4830011777,4830018051
4830104684,4830108613
4831686645,4831689481
4832236830,4832240569
4833076505,4833082425
4833158861,4833163014
4834323063,4834328241
4834398805,4834402647
4834580279,4834585818
4835911790,4835935320
4836031457,4836035921
4836366716,4836372011
4836906725,4836911102
4837201977,4837207179
4841254918,4841259125
4841281639,4841288077
4842712154,4842718204
4844432191,4844436939
4845062809,4845066704
4849570136,4849574753
4853015542,4853019872
4854292516,4854295610
4866946435,4870012699
4870251634,4870257624
4880701954,4880709284
4881026365,4883005395
4881127360,4881132071
4881806675,4881810240
4882632227,4882638184
4888835005,4888839101
4891122086,4891180969
4894967692,4894971881
4899600596,4899622235
4904217157,4904228546
4905394021,4907913815
4907591683,4907598281
4908337408,4908342442
4908676763,4921217288
4916263567,4916268191
4916600874,4916606654
4916741165,4916746584
4918480566,4918490478
4918689689,4918695736
4919197997,4919204211
4922409009,4925424178
4927281736,4930576395
4938455194,4938481764
4939960000,4956385233
4944821553,4944826617
4945556954,4945560916
4946127362,4957663360
4957192360,4957197683
4958885617,4958891423
4959274123,4959280387
4959394793,4959399173
4960019049,4960025230
4960039840,4960046622
4960041470,4960046725
4960153480,4960159213
4960654531,4960659910
4960670852,4960676922
4961818730,4961822990
4965426995,4965433563
4965812905,4965817679
4972933952,4972989124
4973158444,4973164170
4973926349,4973930816
4973988496,4973993147
4976462814,4976468270
4980709648,4980716517
4980822273,4980826426
4982631302,4982635708
4988363715,4990903254
5008797506,5008807532
5009334528,5014859773
5010091609,5010098040
5010928463,5010932987
5011397849,5011404380
5013262106,5013267622
5015029814,5015038330
5018221262,5018227640
5030093294,5030098951
5030541993,5030547292
5035948917,5036023877
5040107832,5043924034
5043214331,5043223020
5044198315,5047361015
5044618560,5044622689
5044952272,5047396715
5049241545,5049246860
5050549944,5050555723
5051961051,5051965451
5052594211,5052600960
5053996863,5054002215
5058256135,5058260779
5059034297,5059037872
5072069830,5072073925
5076828943,5076833463
5077757244,5077760635
5079397551,5079401908
5080359515,5080364153
5090915138,5090920339
5094315672,5094318448
5097324390,5097330527
5097443045,5097453689
5111079241,5111083457
5114633089,5114637860
5123006946,5123010865
5127237540,5127243583
5127388498,5127393065
5127823994,5127829714
5129290210,5129295552
5129841818,5129847745
5129889897,5129894007
5130170118,5130173950
5130274655,5130278975
5130383331,5130387764
5130585866,5130591666
5130676511,5130679976
5136417915,5136424664
5141885045,5141890724
5142836185,5142874762
5156011891,5156015159
5156110745,5156114791
5156751489,5156756801
5160260149,5160343050
5160480574,5160486808
5166080665,5166086541
5166856681,5166861499
5167518817,5167526174
5167783770,5167788174
5167806525,5167810918
5173570159,5179450401
5176890225,5176895006
5177761127,5177764678
5177930363,5177937235
5179552118,5179556274
5188227617,5188231853
5188788477,5188793896
5192021285,5192025551
5195944219,5195950430
5196852886,5196858118
5197657441,5197662639
5198491295,5201409100
5201852835,5201862871
5205766280,5209576305
5206615433,5206622773
5217127780,5217133122
5217146626,5217151731
5220935948,5220940508
5223929621,5223934382
5225640144,5225644597
5225646682,5225650019
5227395701,5227401568
5229514110,5231520024
5230564247,5230568707
5232031773,5232036971
5232077453,5232083827
5232589716,5232594884
5234658897,5234661776
5236062130,5236065340
5241193900,5241960061
5242334292,5242340112
5242500104,5242514904
5245817965,5245822735
5252695875,5252702376
5254576599,5254580100
5254656513,5254661080
5255369277,5255374448
5255486515,5260064021
5260048202,5260055696
5261440788,5261445081
5268063487,5268069163
5268705233,5268710284
5269965703,5283737800
5273296867,5273302811
5275375142,5275380841
5275397619,5275403289
5280329264,5280339824
5280952922,5280957228
5281002688,5281006784
5283903000,5283951674
5292174191,5292180121
5293438025,5293443017
5293611976,5293617315
5306959311,5306963140
5307149959,5307153838
5307319249,5307325029
5308011172,5308014262
5308289168,5308295259
5309510617,5309515518
5310237081,5311394147
5318014437,5318019165
5318205456,5318209522
5318679332,5318684581
5318836338,5318840554
5318838476,5318846751
5319474619,5319478809
5320204208,5328267408
5321950137,5321953919
5322882822,5322887265
5322948353,5322952960
5323395439,5323399588
5323938104,5323942794
5324043202,5324048046
5325194040,5325198387
5328615596,5332884085
5333171142,5333177256
5333686061,5351534429
5333804669,5333808912
5333979518,5338311565
5351804012,5352823233
5358813510,5358900063
5359865735,5359869788
5359944614,5359950474
5364250565,5364257337
5364384989,5364428638
5374461928,5374468409
5380726102,5380731551
5381041228,5381045465
5381199076,5381206339
5381285999,5381289841
5381874461,5381879015
5381879236,5381883929
5381891530,5382978197
5382399106,5382402630
5383840636,5383846442
5383992930,5383996575
5384998660,5385004049
5388405426,5388410601
5388721555,5388726670
5388783352,5397652920
5394004488,5394010755
5398273936,5398278667
5398607608,5398653976
5409931175,5409937239
5410414312,5410422087
5416938468,5424860405
5433440856,5433446295
5433515835,5433520833
5433782943,5433787651
5433889171,5433893597
5434206325,5434211801
5434753327,5434759150
5442976843,5443027902
5450136538,5450143022
5453001049,5457031339
5455318963,5455324742
5458910994,5458917920
5463430666,5463435630
5463992197,5463997853
5471264907,5475045228
5471436619,5471442543
5474299617,5474304752
5474584913,5474591147
5475238533,5475243370
5475815452,5475821172
5476856930,5476863454
5478133783,5478137335
5482102457,5482138372
5482455530,5482461514
5482464079,5482468479
5483400883,5483404836
5488541294,5488548029
5493496070,5493500737
5493622042,5493626318
5494468414,5498882270
5498407355,5498413762
5498827689,5498830342
5499213196,5499219269
5499672265,5499704344
5501953258,5501956863
5506580022,5506585692
5507056888,5507060553
5507103340,5507109601
5507570214,5507575994
5508308629,5508314064
5509803479,5522907774
5510298844,5521869110
5517474445,5517479941
5518993640,5518997359
5523051707,5523056952
5524921473,5524958053
5534075198,5534081964
5534743498,5534749906
5536655586,5536661560
5536904780,5536909812
5537401371,5544726317
5542957309,5542961592
5542968126,5542972463
5543824385,5543829506
5544296129,5544299387
5544767871,5544772882
5544915562,5544968745
5546324678,5546328711
5546531951,5546536431
5555381848,5555386188
5556816760,5556823502
5557247939,5557252333
5557936966,5557941663
5558645289,5558718916
5560984438,5560988517
5564189871,5577063414
5566306639,5566311193
5573844761,5573852658
5578773669,5578778864
5583422369,5583427667
5583953514,5583957313
5584511685,5584517675
5584617107,5584621844
5584646867,5584651391
5585049850,5586930550
5598550706,5598557892
5599187875,5599193190
5599869528,5599874479
5600009762,5600014596
5601014269,5613368948
5609539609,5609545890
5613974842,5613979891
5614518349,5618658458
5614733096,5617244310
5616610412,5616615036
5617930845,5617935021
5617976635,5617982832
5618736665,5618741804
5619582046,5628763173
5622806341,5622809849
5623300306,5623304195
5626217303,5628806899
5629163790,5629242465
5629390714,5629395147
5629584917,5629591755
5629721215,5629726978
5630491509,5632418845
5631226449,5631230833
5632193903,5632198633
5633296936,5633300424
5633599425,5633605882
5638887783,5638890853
5639068846,5639073213
5639654929,5639659737
5639665366,5639671317
5639868837,5639872763
5641042076,5641046049
5641067080,5641072261
5641949470,5641954171
5641968914,5641972436
5642105240,5642109543
5642979756,5642986050
5648000121,5648005851
5649139337,5649144171
5654629662,5654635228
5656471562,5656476540
5663625243,5663664291
5668890963,5668896923
5669720210,5669725181
5670010898,5672904348
5671915142,5671920227
5673802147,5673806280
5673819921,5673823573
5677209922,5677213881
5678899928,5678908674
5680173805,5680180015
5682493546,5682497756
5686096151,5687063468
5687316992,5687323887
5692341951,5692345943
5692632114,5692637042
5692910935,5696165072
5693566974,5693571811
5694213624,5700628379
5696054117,5696060104
5696776823,5696781451
5698890421,5698895840
5701665380,5709943379
5710020795,5710028502
5714692240,5714699312
5716885451,5716890105
5719012570,5719016348
5722236632,5722242809
5722919999,5724640326
5730444048,5730449474
5730518751,5730523254
5730910120,5730915739
5731502224,5731512981
5733433141,5738465036
5733585730,5733626218
5737169229,5737173712
5743985780,5743989458
5745608641,5745615005
5758783642,5758788246
5759101138,5765715401
5765226972,5765233944
5765455309,5765459722
5765862126,5765866316
5766982169,5766986706
5767001235,5767007797
5767231693,5767237710
5767656983,5767660147
5767719100,5767725872
5768957550,5769305261
5769517110,5769523171
5771487224,5771543885
5778319317,5778324351
5779064564,5779068563
5780138712,5780143282
5781120915,5796611158
5784276462,5791644448
5785422563,5785427261
5792202441,5792206688
5792539865,5792544903
5797894256,5806299093
5802549281,5802556363
5807060593,5807063540
5807240952,5807247096
5808187949,5808192963
5808963127,5809029828
5809169588,5809174165
5809379052,5809383054
5809826775,5809832839
5811013198,5811017397
5813948205,5813954015
5816114078,5816120443
5816417418,5816422069
5817837012,5817841933
5818048451,5818052633
5821234142,5821240607
5823083415,5823086820
5825964076,5825969054
5829263252,5829267969
5831946917,5831952773
5833271462,5833275210
5834076631,5836414400
5834563116,5834567777
5836944814,5836951439
5844131781,5844139431
5844491097,5844498026
5845863076,5845868469
5850046584,5850053676
5850782135,5850786622
5850833692,5850837110
5865682987,5865687885
5866056196,5866059807
5866203021,5866206319
5869192542,5882648834
5878959138,5878966425
5879645375,5879649184
5891152104,5891158278
5891192051,5891197697
5891495077,5895023905
5894738643,5894743667
5895622453,5895625507
5895636689,5895643010
5896039444,5896043841
5898338509,5902127075
5899610575,5899615636
5902359625,5902363878
5903461038,5903465488
5909543280,5909549043
5914904944,5914909732
5917457379,5917462738
5917818540,5923707027
5932428687,5932434407
5934646401,5934652705
5938965141,5938969491
5939920013,5944799048
5940888505,5940893673
5940979030,5940982935
5941070641,5941074600
5941604175,5941610236
5942161266,5944845626
5942304621,5942308827
5942903400,5942908264
5945021408,5945027014
5945359760,5945363826
5949524231,5949528040
5950165453,5950171186
5955367830,5955372654
5955783631,5955788722
5956364198,5956368458
5957900069,5957906537
5958399105,5958404176
5958879653,5958884056
5960808620,5960812635
5961934147,5961939663
5963345790,5963350978
5968259998,5968265427
5976469559,5976475115
5976606288,5976612479
5983111488,5983118013
5983328008,5983374009
5987337799,5987343435
5987428270,5987434310
5987917344,5987924209
5988021620,5988025278
5988431989,5988435851
5988866757,5988872817
5990071357,5990077380
5991096828,5998674048
5993047531,5993052602
5994779712,5994786230
5996754289,5996759370
5997495129,5997500635
5998048301,5998055327
5998815007,5998820459
6001152960,6006808937
6002574982,6002579319
6003369895,6003375077
6006948536,6006953267
6008336822,6008343217
6009256641,6009262023
6015498869,6015516889
6017733294,6017739244
6023636370,6026578270
6026237782,6026243305
6026705485,6026746431
6030194764,6030199411
6030497913,6030551511
6032914895,6032919171
6035088328,6035155407
6035189357,6035195334
6035683723,6035691524
6036313852,6036316953
6037120061,6037125399
6041849664,6041854879
6045224644,6045233752
6046463673,6049346405
6050673108,6050677943
6051148568,6051152550
6051402289,6051407785
6051801322,6051806497
6054114058,6054117903
6056280422,6056284618
6056425591,6056433114
6064026691,6064032568
6065654777,6065711585
6072167894,6072173106
6072884219,6072889845
6072982762,6072987112
6073205617,6073209519
6073453458,6073458823
6073745492,6073751462
6073910339,6073916045
6074543509,6074547805
6074638961,6074642590
6075083130,6075087697
6075137129,6075143113
6075173939,6075179395
6076129061,6076134788
6077234039,6077239826
6077668897,6077675058
6080846387,6080851348
6082124801,6082133177
6082265900,6082270130
6082343256,6092793606
6085942804,6085948453
6086749677,6092774165
6098574890,6098580950
6107700742,6107704063
6117849360,6117853673
6119612150,6119616901
6119859370,6119864852
6121660273,6121664005
6123241463,6123246361
6129208935,6129215884
6134662745,6134668631
6140091153,6148597964
6140635342,6144358721
6145900588,6145906084
6148355953,6148360149
6152496286,6152499713
6153972507,6153977502
6155582733,6155587173
6157273049,6157278702
6158015607,6162650192
6161884702,6161889573
6163576716,6163581219
6164225892,6164230539
6164404951,6164409872
6164916793,6164922456
6167378552,6167383503
6167470717,6167475361
6168822150,6168826223
6173053913,6173099517
6173542710,6178876327
6173895826,6173900727
6173909831,6173915066
6174555075,6174561676
6176475415,6176482749
6178541205,6178545745
6179246425,6179252078
6185141056,6185146338
6185421885,6185428166
6187936430,6187941833
6189041823,6189044963
6195440906,6195445569
6195584761,6199572001
6200895610,6200899663
6201130131,6201134755
6202649400,6202654686
6203402749,6203408492
6203464345,6203470169
6207998827,6208004450
6212184041,6212189387
6212239296,6212245267
6212378722,6212383002
6212517296,6212522648
6216393895,6216399384
6216973520,6216978067
6220468445,6220473323
6225649100,6225653877
6230575469,6230580974
6235578711,6235585367
6240828943,6240838575
6242027844,6242031740
6246122931,6252158518
6248458468,6248463316
6248623044,6248628947
6252480961,6252484886
6260411237,6260416752
6261882404,6261887682
6270612142,6270650940
6272181124,6272187211
6274689546,6274696338
6275080153,6275086074
6275436524,6275442033
6275519565,6275524543
6276784572,6276791474
6278066280,6278071682
6280523716,6280589168
6281383493,6281387966
6281477028,6281482019
6281793250,6281798222
6283211768,6283217154
6287083363,6287089567
6292578045,6292582829
6296762046,6296767910
6298747421,6298750414
6299781812,6299787017
6300736417,6300741164
6303474609,6313514329
6308398873,6314200095
6308897551,6308902853
6309071495,6309076784
6310535249,6310576238
6313326110,6313328789
6316144002,6316149812
6318784547,6318789698
6319571525,6321820209
6323826013,6326996824
6328737140,6328743341
6328919099,6328924391
6329459202,6330161779
6329943314,6329947981
6330076613,6330080812
6330248525,6330252955
6330440152,6330446296
6331432509,6331435693
6331441339,6331446323
6331863257,6331867216
6331891361,6331895039
6333627792,6333632192
6340271999,6340276469
6344042024,6344047703
6344118567,6344123431
6345189705,6345194469
6349313734,6349318208
6349545222,6349549114
6350743671,6350778206
6354033515,6354039262
6356743079,6356749661
6361449463,6361454819
6365769964,6365774033
6369849071,6381598653
6374340168,6375484128
6374375368,6374380824
6375062380,6375066533
6377034337,6386575717
6381792545,6381814963
6382535734,6382540448
6382871905,6382876295
6385947885,6385951494
6387143906,6387151420
6387871049,6387874734
6388354851,6388358309
6391631455,6391635802
6391835804,6391840211
6393874553,6398239644
6394166741,6394170860
6395300330,6395303855
6398259436,6398267344
6399072149,6399078687
6400135987,6400139241
6403070477,6403075365
6406461363,6406465947
6408426559,6408431406
6408702433,6408751043
6411767405,6411772289
6418782666,6418787310
6423831034,6423836056
6429027765,6429032409
6429237386,6429242100
6430685949,6430696165
6432787583,6432792761
6434198009,6434203886
6436149022,6436153235
6438024498,6438031885
6441953188,6445537372
6442694730,6442701399
6445936335,6445941263
6455425092,6455472045
6456958293,6456962469
6457782118,6457788322
6459402035,6459407337
6459856036,6459893374
6462826564,6462831873
6463011192,6463015589
6473274128,6473278238
6473923806,6473928313
6474213435,6474217768
6486696704,6486702510
6489732002,6489735483
6492669578,6492674353
6492719982,6492725488
6496026220,6496030503
6496471752,6505340152
6497704697,6497795415
6507266269,6507313783
6507333404,6520531304
6517593377,6517600713
6519054040,6519059252
6519156038,6519162345
6520054942,6520061330
6521257899,6521264016
6523077525,6523081758
6523367728,6523372793
6530511353,6530517628
6531652015,6531656215
6533843894,6533849848
6541717789,6548717929
6543444240,6543498012
6543978954,6543983822
6544826259,6544830826
6547355281,6547360422
6549179260,6551854606
6550917251,6550924046
6552438251,6552444742
6558251200,6558256599
6559111795,6559117374
6559384696,6561834488
6562091139,6562139462
6562427828,6562433645
6562515523,6562521019
6578514023,6580066859
6580381935,6580388203
6580692017,6580696083
6581530596,6581536355
6581797283,6593577908
6581857576,6581862066
6583950644,6583955271
6586127408,6586134063
6587279520,6587283910
6587774096,6587780728
6587981887,6587985779
6588691005,6588695879
6594580020,6594584012
6595009933,6595050769
6600877660,6600882614
6602021208,6602024636
6602033346,6602037549
6603257490,6603266471
6604758448,6604764275
6605464523,6605472852
6608990545,6617264950
6609000775,6609048152
6626818012,6626824106
6627745171,6627751235
6628960416,6628966102
6628979596,6628984119
6630269138,6635959684
6637499870,6637514186
6639524851,6642484160
6642847102,6642866576
6643414212,6643419237
6647066293,6647070519
6647605240,6647612366
6653528038,6653532835
6654025200,6664710736
6654819361,6654823173
6657214299,6657218141
6658479627,6658483258
6665246352,6665251935
6669569124,6669574770
6676000243,6678738779
6677060396,6677066126
6679074940,6679078946
6681523005,6681526513
6684673136,6685580641
6685190260,6685196347
6686636437,6701727253
6696250942,6696257728
6696407417,6696413109
6696447136,6696451182
6696486643,6696493314
6697126287,6697131736
6698114374,6698118931
6701792283,6701800295
6704469928,6704476303
6705335080,6705339400
6705485283,6705489754
6711024095,6711030289
6711201203,6711206111
6712359732,6712364162
6713979289,6713983712
6718372006,6718377933
6718595592,6718601422
6719322194,6719326300
6720318776,6724238289
6720434114,6720439683
6725096826,6726290685
6727396726,6727401009
6728032388,6728037643
6729270708,6729276244
6729854854,6729860791
6730046290,6733327886
6733168365,6733173764
6733386432,6733394219
6733494850,6733501452
6736866029,6736871017
6743436479,6743440529
6748535526,6748541118
6749033951,6751137703
6749447012,6749452047
6752966797,6752974414
6762347463,6762353667
6763181497,6763187568
6763714815,6768473390
6769146497,6769151211
6769945984,6771434938
6772716259,6772722994
6773039330,6773043900
6774020605,6774024376
6776356763,6776361714
6776525940,6776531846
6779362023,6779365568
6779393264,6779401382
6779819893,6779825766
6779916335,6779920534
6780299402,6780304400
6780803366,6782129688
6781072749,6781078559
6781514953,6781519277
6783316311,6783321353
6783957256,6783960697
6784127361,6784134103
6784840411,6784845730
6787101627,6787107350
6789410093,6789416584
6789836542,6789841616
6800176803,6800182923
6802030603,6802035039
6803338206,6803342546
6805759026,6805764095
6814326484,6814330567
6816730156,6816736139
6819475073,6819478841
6820467647,6820472775
6821210745,6821217133
6822027828,6825789537
6822282619,6822288288
6838686543,6843387067
6839733360,6847670995
6841180208,6849119224
6843484120,6843531738
6843872951,6843879793
6844316050,6844320891
6852698881,6852703150
6852738043,6852742149
6853217080,6853223562
6857855491,6857858664
6858040613,6860154879
6862989894,6863768971
6863806018,6863810665
6863954875,6863959599
6864070740,6864075388
6864910388,6864915135
6865556006,6865560359
6865913930,6871887215
6867617707,6882717953
6869179542,6869183177
6873779803,6890403532
6876070168,6876076158
6884941230,6884946652
6891950457,6891957633
6892338088,6892342398
6893064268,6893070145
6893273225,6893277327
6893726324,6893731726
6895127723,6895132176
6895197882,6895203815
6896491103,6896496221
6896780872,6896786261
6902949125,6913490492
6905259913,6905266007
6915145492,6915149497
6915203987,6915211164
6916771329,6916776935
6918759379,6918764504
6919831232,6919836732
6920600972,6920605298
6920968049,6920971470
6921853871,6921857984
6922424333,6922429588
6926664014,6926668223
6932471113,6943304457
6933316330,6933321408
6946721736,6946726136
6947949389,6947954143
6948588529,6948592999
6948922769,6948927179
6949081515,6957516637
6950099553,6954821516
6950283713,6954821586
6956740025,6956746894
6959992976,6959997018
6960022246,6960026345
6960812104,6960816273
6961550936,6961555129
6961790148,6961797153
6966172458,6966176521
6966242270,6966249486
6966510958,6966514539
6966828483,6966833952
6975363327,6975372010
6977343306,6977351164
6977741782,6977745477
6979034344,6979039396
6980144194,6980148590
6985121184,6985131818
6985301355,6985306978
6985958502,6985964105
6986610605,6986615526
6987433104,6987438827
6988171963,6988179143
6989967581,6990847136
6991309984,6994439004
6995193291,7004059957
6997730458,6997736268
6998085291,6998092554
7001349474,7001353790
7002949817,7002959629
7004378742,7004385831
7004427332,7004471842
7004667552,7004672801
7009105038,7009109290
7019981493,7019987142
7020415104,7020421545
7020973378,7020977781
7021203579,7021208166
7021252550,7021256258
7022099597,7022106841
7022470497,7022475425
7024065324,7024072534
7024887469,7024893328
7024911025,7031132122
7025575957,7025580250
7025837763,7025842728
7026739391,7026807959
7028027550,7028031616
7034066798,7041689762
7041821610,7041827904
7044633081,7044668572
7054511106,7054515897
7054789543,7054793552
7055897899,7055903458
7065144286,7065179978
7065667271,7065672536
7068271085,7068273307
7068394317,7068396984
7071008796,7071015191
7071175470,7071180251
7071510385,7071514328
7072026146,7072030269
7072242773,7072246986
7074215055,7074217664
7074551387,7074555686
7074717188,7074721992
7075210763,7075214614
7075252336,7086888889
7080876379,7091076180
7088037302,7088042236
7088482125,7088488413
7091141106,7091173934
7091343499,7091348272
7092238265,7092243240
7093012414,7093016363
7093818496,7093824175
7095755761,7095760174
7096975552,7096978636
7105524482,7105530265
7117095613,7117103330
7117447312,7117452955
7118501439,7118519550
7123152000,7127217453
7127590538,7127594907
7128068800,7128077082
7135696347,7135703012
7135951816,7135955992
7139765018,7139771549
7141315468,7141319463
7143551637,7143555575
7145929576,7145935409
7146757801,7146763811
7146946295,7146953701
7147634068,7147636878
7149236172,7149241918
7150258957,7150265562
7150579549,7150584708
7151045324,7151051491
7153185652,7165588917
7158315141,7158321248
7160862541,7160868715
7163293180,7163299264
7165924256,7165930009
7168179782,7168185996
7171220576,7171225460
7171856819,7171859696
7172526001,7172529389
7177702740,7177707213
7179528997,7179533367
7181086426,7181090509
7181428361,7181435410
7181768277,7181773783
7185730767,7185734933
7186813541,7186821326
7190526079,7190534862
7191022536,7191029101
7195558254,7196308412
7195638222,7203502648
7196512735,7196559891
7206649522,7211968657
7206743826,7206747303
7207042726,7207048462
7208583711,7208589434
7210277502,7210281106
7212136684,7212145053
7213520269,7213527018
7215118417,7215122583
7215775254,7215779904
7218355395,7218360379
7218524441,7218529786
7221003035,7221006179
7222641989,7222647645
7223018454,7223024772
7226357723,7230172680
7226382226,7226386883
7227368465,7227468728
7227590020,7227595399
7227978449,7227982755
7228612237,7235219453
7229826178,7229829623
7238967015,7238971652
7239274761,7239279008
7241417579,7249560997
7242512544,7242516927
7246096130,7246100293
7246640309,7246645043
7247210994,7247216199
7247918422,7247923614
7249925168,7249928262
7250359902,7250364098
7252176899,7252183383
7252550511,7254854784
7256902142,7256906068
7257235326,7261091446
7259119385,7259127704
7259540969,7259545292
7261171784,7261177658
7267755388,7267758796
7269995315,7270000557
7278432569,7284327858
7279405471,7279409624
7283862812,7287821797
7284687766,7284692767
7284877519,7293474032
7284982186,7284987043
7293860300,7293864984
7301630747,7301635384
7303020072,7303024890
7303678670,7303685248
7304097665,7304102790
7309871780,7309878752
7309894591,7309899105
7311801615,7311806262
7317917553,7317923146
7326027356,7326032975
7333142893,7333150083
7333182827,7333228671
7341175026,7341180472
7341682515,7341689738
7344008721,7344014093
7348348746,7348353290
7353011855,7353016950
7356023600,7356030786
7356227224,7356232964
7362718836,7362722986
7365041975,7365048310
7368993491,7369000694
7370771399,7370780242
7372591987,7372599474
7372984425,7372991505
7373150595,7387543895
7380922455,7380927330
7384257044,7384263482
7385980128,7385985136
7390381919,7400574957
7397413651,7397447484
7402845547,7402850779
7403919114,7403925829
7406648232,7406652953
7407905702,7409878305
7409020108,7409024502
7410616953,7414068774
7419260540,7419265842
7422255069,7422323461
7428981607,7428985181
7431140076,7431144162
7434189453,7434193171
7443187101,7443191408
7446950912,7446954429
7447991631,7447998232
7451234198,7451240024
7451427495,7451432303
7452175659,7452182257
7454594391,7464194323
7454662933,7454666688
7459489339,7459494210
7461399553,7461404194
7463390347,7463395425
7464879728,7464884215
7467876422,7467945201
7467984630,7470661741
7468167919,7468174721
7469243490,7469248394
7471220285,7471226158
7472602995,7472607318
7475156826,7475159763
7476198832,7484918231
7476293944,7476298518
7483305099,7483309516
7484817242,7484822942
7489556898,7489564616
7489613486,7489619082
7489735893,7489740794
7490374372,7502161719
7491170344,7491176010
7491180938,7491187232
7491798603,7493675983
7502284036,7502290280
7502373736,7502379679
7502570314,7502575924
7502937776,7502943178
7504256518,7504261339
7504848575,7504853232
7508227718,7508237092
7508736814,7508743459
7508948246,7508952639
7509060917,7509066056
7510517378,7510523916
7511473897,7511479499
7511756186,7511761979
7512009666,7512014811
7516588291,7519552648
7521810115,7521814011
7525204499,7525209561
7525269136,7525273516
7525594188,7525600880
7525662697,7525669592
7525708166,7525711875
7528004384,7528009706
7528315796,7528321028
7533341864,7533346060
7534106655,7534111837
7534668711,7534672499
7538083241,7538086388
7553066265,7553072232
7559320400,7559326600
7560028269,7560033327
7560429273,7560434271
7560731327,7560736592
7568615799,7568622594
7573485663,7573490314
7573848090,7573853292
7574394173,7574400417
7574903951,7574907562
7577787896,7577793191
7580498893,7580518407
7586888728,7586893743
7586904671,7586908814
7587074248,7587080706
7587125708,7587131240
7587554712,7587560886
7589989327,7589993012
7591509275,7591513628
7606542069,7606548012
7607251919,7607257074
7628761665,7628765705
7634463122,7634548609
7640719705,7640724115
7642873368,7642878195
7642971854,7642981489
7656058951,7694838846
7657642442,7657648740
7660811850,7660816243
7660850077,7701031371
7662116136,7662118989
7662332195,7662336401
7699994928,7701715232
7701738909,7701744816
7701876684,7701881398
7701896823,7701902272
7711669970,7711676238
7712514068,7716762692
7719916178,7719920885
7722218780,7722223240
7723205507,7723211608
7746701781,7746814245
7755467675,7755474256
7755826697,7755831071
7756093598,7756101189
7784127056,7784132218
7787743880,7787750352
7789774915,7789780344
7790250368,7790254888
7790388233,7790392253
7792593028,7792596319
7795898694,7795903696
7796214920,7796218482
7799845686,7799850390
7800023609,7800030775
7803719025,7803722857
7805179147,7818446468
7818903038,7818910067
7818924627,7818931282
7819744085,7819747874
7820079698,7842734289
7823904403,7823908653
7825182617,7825187007
7826417950,7826421164
7827910321,7827915640
7842651676,7842657622
7843116979,7843124446
7844116228,7844120634
7844677859,7844683251
7844874601,7844878914
7845820994,7845825036
7847040912,7847045178
7869791480,7876462763
7881009515,7881018158
7885711780,7885717954
7892376364,7892380817
7908050433,7908056985
7908101970,7908108107
7912325417,7912331033
7914265666,7914269806
7915205447,7915211237
7915877856,7915882857
7930877388,7930883605
7951216538,7951220560
7951560526,7967244849
7967297989,7967329524
7967621321,7967628504
7968316856,7968322041
7968894523,7968900704
7969022232,8000177614
7971204275,7971209691
7978579518,7978584252
7980495007,7980585118
7980768483,7980771958
7982430676,7983798359
7982959841,7982964043
7984828598,7984834965
7985818004,7985824118
7985868118,7985872006
7988455151,7988462223
8000401314,8000409095
8011110283,8011114346
8012376516,8012381668
8014243653,8014248147
8015487790,8015493028
8016164214,8016169256
8024117632,8034036065
8034064416,8034123917
8035095179,8080663282
8035911250,8035916071
8079581436,8079587911
8081199035,8112574495
8114582420,8114586022
8116289912,8116294596
8120088745,8120094421
8120406615,8120410467
8123390018,8123395678
8123410722,8123415222
8125318862,8125323171
8125733079,8136716286
8139109898,8139114034
8139631816,8139637004
8139672455,8139675939
8140412771,8140418056
8140418220,8140424400
8142353053,8142359394
8144197749,8144203619
8153123585,8153186437
8153916951,8153923469
8154133087,8154138005
8154290660,8154293533
8154888804,8154894096
8193265119,8193272159
8194424521,8240456162
8196011186,8196015830
8199202938,8199208417
8217669769,8219121328
8219275421,8219315678
8219493481,8219499180
8219512494,8219519837
8219758975,8219765109
8225040715,8225047160
8225288790,8225294961
8226291644,8226298660
8228114266,8228120604
8231012400,8240498434
8250568290,8257576241
8261476972,8273179510
8273938956,8273943767
8274127977,8274133182
8274916519,8274921921
8275432624,8279238259
8276655098,8276660958
8276971628,8276977521
8277239347,8282178198
8277964806,8277968638
8278228002,8278232392
8279536621,8281332066
8279643891,8279649928
8280594676,8280602076
8283470774,8283476413
8284166031,8301920373
8284432745,8284437218
8291925373,8291981002
8292184977,8296501065
8303050401,8303056892
8303964921,8303971205
8327070236,8327079958
8328715100,8328719095
8330263061,8330267113
8330601547,8332118224
8332749125,8337826322
8337064484,8337070478
8344352118,8344359051
8347755857,8353845081
8348631389,8348636611
8353711325,8357900285
8357116136,8357121689
8357607646,8357612664
8357941391,8357996272
8358358957,8358365745
8358822917,8358828743
8359164330,8359170674
8359381201,8359384996
8359423637,8359427713
8359424398,8359428217
8360816891,8360820018
8364126416,8365930076
8365919639,8365926324
8368596485,8368602495
8370653114,8370658894
8372813278,8372816391
8396637206,8396640701
8396770421,8396773635
8397584795,8397589589
8398143252,8398149266
8408007399,8408052200
8408259566,8408265453
8413208052,8413210995
8416283741,8416289705
8416653385,8416659936
8418298726,8418302354
8419602925,8419607198
8440750926,8440756178
8441817073,8441823016
8442254306,8442257527
8443574077,8443577986
8444334174,8444339617
8468735707,8532126776
8468783385,8468789034
8469573453,8469578187
8486123008,8486127378
8507881531,8507884758
8508658322,8552324536
8522673667,8522677936
8523533413,8523536460
8526206374,8526210490
8527712039,8527715420
8530808144,8530811502
8532556522,8532561577
8535636047,8535642679
8548851170,8548856736
8549162925,8549167923
8549878759,8549884008
8556453987,8556458240
8561781521,8561787140
8563692831,8563696787
8564818032,8564821573
8566664805,8566669600
8569523176,8569527650
8570288395,8570309256
8571152728,8571157295
8574207170,8574211252
8578852760,8578856996
8581200898,8581205626
8582502418,8582517940
8584496185,8584523660
8588923902,8588930333
8589315926,8589319922
8591515014,8591521956
8591549509,8591555349
8591907526,8591911765
8593802960,8593839787
8593807601,8593839563
8604209023,8604214152
8604238116,8608646171
8604799283,8604804615
8605664264,8605668698
8607044516,8607049697
8608697120,8622278746
8608896481,8608900714
8616158100,8616162637
8619697342,8619700810
8623322074,8623326257
8637918394,8637925162
8639157733,8639233167
8639248421,8639254929
8639929112,8639933091
8640861089,8640867299
8651248159,8651252556
8656901764,8656905890
8657433782,8657438853
8657882237,8657888652
8660180109,8690859370
8660615742,8660622624
8664071899,8664076747
8666922392,8666925930
8668317186,8668321345
8671105097,8671109333
8679835982,8679840359
8679949409,8690895742
8685795864,8685801760
8687776120,8687781529
8689987630,8689993279
8691081165,8691169685
8700246894,8721290084
8721485153,8721490812
8722283326,8722289430
8722560403,8722565475
8722871374,8722876633
8733248569,8733253847
8735323853,8735328424
8736145904,8736151143
8740573918,8740580831
8743298870,8743305579
8743423198,8743427963
8746273655,8746277523
8747734238,8747740345
8764348833,8764354115
8764357659,8764364134
8764744405,8764748043
8768471639,8768481581
8783523279,8831058615
8783571471,8821495523
8801001713,8801007309
8801448016,8801453148
8802605724,8802611748
8802822495,8802826604
8805016789,8805022051
8816971121,8816975901
8827299769,8827305769
8829801696,8832335388
8837850580,8863326281
8844166715,8844172739
8845177957,8845183931
8846202169,8846211173
8872099361,8872105749
8872357162,8872360920
8873746607,8873752510
8873832421,8876476397
8874125622,8874130426
8874335731,8874341029
8877928467,8877934765
8878659175,8878665679
8878925294,8878929770
8879237995,8879242873
8879892643,8879897254
8881171950,8881177108
8894968933,8894974111
8898384181,8898391060
8923004171,8923007599
8930181395,8930186400
8930695823,8950345853
8942985962,8942992116
8954833703,8954862334
8957950842,8966994021
8958489712,8958495763
8984159931,8984162777
8984458266,8984464263
8995073035,8995080235
8995493584,8995499608
8996324746,8996330565
8997169287,8997174763
8998457413,8998463370
9000959193,9000965237
9001430056,9001434312
9024948215,9024953527
9025221170,9025226198
9044925172,9051857395
9045349028,9045354918
9046002758,9046007155
9047469468,9047473821
9049797652,9049806291
9050817527,9050824810
9052437338,9052443662
9054971872,9054976078
9061013943,9061021196
9061712217,9061716971
9065414104,9065419463
9067984215,9067989788
9070686927,9070692490
9079611611,9079615202
9089997759,9090001765
9090608418,9090612895
9091418532,9091422818
9104499411,9104523635
9104693938,9104699363
9115626436,9115630943
9118576488,9118586414
9120013297,9120017393
9135472583,9135477805
9136677371,9136681410
9144413821,9144500621
9144715043,9144718978
9151205572,9151210834
9151912306,9151917157
9152380325,9152386770
9154384071,9154450425
9154518920,9154525728
9154737531,9154744985
9155645440,9155651941
9156089666,9156095084
9160528875,9160532607
9161167447,9175019274
9163244329,9163248976
9164765886,9164771760
9175431200,9175438687
9186059186,9186062951
9192043867,9192049644
9192474743,9192481675
9198024042,9202594826
9200155851,9200160401
9202834635,9202842506
9204158318,9204162889
9218370635,9218376482
9219450430,9219547927
9219574591,9219619138
9222798415,9222802628
9230015931,9230022201
9230863643,9230867876
9233115744,9233122035
9233998179,9250254305
9238997947,9239003924
9243338577,9243343638
9244971177,9245037689
9245517145,9245522217
9250095706,9266286592
9254984156,9254990043
9255912324,9255919537
9256120348,9256125076
9256839503,9256845249
9257235700,9257240925
9258018485,9258024365
9258268231,9258273947
9258485162,9258489458
9260992194,9260997592
9263574603,9263579668
9280263095,9280267899
9282608374,9296400082
9285735754,9285739860
9310923734,9310929300
9311900942,9311905179
9312513566,9312517655
9315149336,9315155132
9321153361,9321157470
9327477805,9327482596
9328045613,9328049466
9329013772,9329017076
9329025979,9329030493
9331122763,9331128563
9335376800,9335383819
9336891348,9336897051
9338756454,9338762420
9341558199,9341562917
9344255659,9344261629
9344531818,9344537340
9344688994,9344693764
9344938605,9344944405
9346575310,9346582016
9347169813,9347176010
9347607404,9347612221
9350640687,9350644963
9350649594,9350654234
9351437908,9351443802
9352000428,9352006205
9354779713,9354806006
9354906156,9354951743
9356232980,9370623894
9367114476,9367118706
9370860015,9370865451
9374773070,9374781098
9374941228,9374945798
9375090883,9375098129
9376448366,9376452900
9379164956,9379171110
9396838241,9396868626
9407651295,9433345387
9411707812,9419143504
9412571477,9412578095
9412847338,9412852436
9419238165,9419244727
9420648237,9436715226
9421396140,9421402769
9424674652,9424683686
9424731080,9424738096
9425025590,9425032098
9429524829,9445476760
9432178142,9432183163
9432338171,9432342106
9433502901,9433517968
9445501453,9445517041
9449422305,9449427149
9449578442,9449584018
9463460812,9463469491
9465728552,9465734729
9467068382,9488144005
9489497015,9489500947
9495551314,9495556940
9495792887,9500270530
9510795052,9510803090
9514204801,9514210664
9515090058,9515123501
9521637186,9521643140
9524483733,9524487639
9528012532,9528016020
9530096686,9530100649
9530613303,9530620292
9543094764,9543101396
9562250893,9562254918
9564377089,9564381132
9565262146,9565266626
9565280598,9565284417
9566233716,9566237892
9566894645,9566899797
9568897486,9568901338
9569003118,9569008851
9569920428,9569924267
9581927095,9581932818
9582516680,9582520532
9582764678,9582770491
9582848344,9582853679
9583010317,9583017206
9587164672,9587172072
9587359042,9587363826
9587495163,9587501371
9587719194,9587723092
9587888744,9587893685
9588365914,9601246252
9601687986,9601692382
9602065413,9602099207
9603700298,9603704337
9610580851,9610586707
9612460940,9612466990
9613646621,9613651796
9615375257,9615379547
9620316927,9620323853
9620384443,9620389188
9620895784,9620901200
9625033358,9625039077
9626717366,9626723594
9627151158,9627154045
9632478438,9632484395
9632834100,9632838293
9638329734,9638335160
9640125643,9640131700
9640633820,9640638871
9641645881,9641651063
9641730737,9647309141
9643098713,9643102392
9652442399,9652448252
9655065333,9655070398
9656357926,9656363151
9656687782,9656694234
9656768756,9656772558
9656917339,9656920883
9659226122,9659231040
9660826779,9660832853
9660966879,9660971463
9661169896,9661173848
9666567104,9666571133
9667153601,9667157096
9680124555,9680129339
9696074191,9696078778
9697174285,9697179924
9697453460,9697462273
9698020600,9698025689
9698234635,9719147847
9699558124,9699562908
9700091275,9700094769
9700811231,9700816146
9701248147,9701252881
9704585405,9704590232
9717278198,9719144974
9719875408,9719881341
9723244511,9723249008
9723253879,9723257534
9723359512,9723363711
9723613443,9723618338
9725207936,9725214394
9750595364,9750601635
9750664771,9750671045
9750939115,9750943592
9753418201,9753424605
9755228228,9758113179
9756510381,9756514914
9757485545,9757489360
9759609359,9759615624
9765538996,9784182855
9773565590,9773572479
9783695371,9783698679
9807200338,9807206458
9809152751,9809156356
9813929568,9813934927
9818279585,9818285953
9823969162,9823974116
9824216421,9834662085
9833780355,9833788550
9847448541,9847454076
9858404422,9858410342
9858695013,9858700883
9858871322,9858877099
9858895083,9858901474
9859414676,9859421541
9863364377,9863370404
9863714443,9867107961
9867337461,9867343060
9867475984,9867481915
9868351212,9885496311
9888719942,9888723801
9889389321,9889392735
9893246707,9893251771
9895356339,9895360903
9926196377,9926237724
9928224799,9928228898
9929028101,9929032447
9934145977,9934150691
9959125020,9959181644
9959392111,9959395014
9966029236,9966032924
9966271097,9966277528
9966876885,9966882621
9967767514,9967771279
9969503070,9969525083
9970435203,9970439543
9981135272,9981141837
9981541405,9981546720
9981592845,9986678691
9982482135,9982487694
9983737837,9983743691
9987351057,9987355420
10015012680,10015019588
10015140820,10015145323
10015270476,10015275832
10016260835,10016266277
10016629994,10016634701
10017750651,10025347832
10026140016,10026145331
10026948950,10026952782
10029918620,10029922465
10033091776,10033097285
10043123412,10043129980
10047994753,10048001853
10084825716,10084830494
10087335414,10087339617
10102742513,10102747073
10103692289,10106237448
10110976569,10110983492
10111458524,10111463331
10111804387,10111811773
10112525890,10112533300
10112558460,10112565269
10113055489,10113062812
10142542567,10142547903
10144663131,10144668614
10157459118,10157469341
10163383149,10172269248
10164573570,10164575982
10172590499,10192742261
10182885027,10182890793
10190958744,10190963818
10192255576,10192261509
10193041064,10193047084
10193076975,10193082685
10195708787,10195714643
10197313008,10197317819
10197385352,10197390818
10199584457,10199588827
10202388992,10202392971
10204215006,10225532895
10208530128,10208536686
10218121637,10218125840
10227545564,10227550375
10229515667,10248248110
10229978174,10229983443
10230242282,10230246061
10244407395,10244412758
10247698269,10247705067
10247813687,10247819583
10248590558,10248595850
10248983789,10248987624
10254655224,10254659454
10256375756,10256380780
10258012397,10258016480
10265487603,10265490737
10269221649,10269228254
10274448665,10274455083
10274592417,10274598945
10274789958,10292908521
10275339906,10275342826
10281076519,10281100747
10282836032,10282842333
10284783320,10284856169
10285097916,10285108677
10295381933,10295388211
10298203066,10298209220
10300005610,10300009292
10303138552,10303143731
10330463398,10330466621
10330651632,10330655238
10333197021,10333200953
10336859882,10336862833
10344518213,10344523408
10344529218,10344535252
10344819829,10344824379
10345084789,10345091157
10345484861,10345488640
10358648795,10358652984
10362581046,10362586499
10382435612,10382440380
10383439475,10383443487
10400787050,10400794236
10400978536,10400984978
10401144312,10401149049
10405203735,10405208282
10419647565,10419652556
10422581420,10422588109
10422667532,10422672623
10422898043,10422904027
10423006081,10423010695
10425273705,10425276982
10427953992,10427957945
10429044892,10429047828
10431461071,10431466804
10433699786,10433706842
10434369338,10434372325
10434888624,10434894955
10439694333,10439728931
10440244525,10440250352
10450022430,10450028968
10457497759,10457584893
10458604291,10458608594
10462580909,10462586592
10463573085,10463579667
10469786514,10469792598
10471593979,10471600511
10473487850,10473491953
10478157017,10478162379
10480921161,10480925591
10486985192,10486991599
10487273979,10487277794
10491918980,10491924490
10492147889,10492154193
10492992922,10493002400
10493227650,10493232374
10498695705,10498701284
10503191846,10503196350
10520921278,10520925090
10559976791,10559981408
10563611890,10563616560
10563659167,10563665231
10569021198,10569025488
10571285174,10571379982
10572054609,10572059493
10576456751,10576461562
10576513857,10576518651
10578131529,10578137188
10594382070,10615413266
10594967311,10594972850
10615594557,10615604128
10622794566,10622798745
10623957829,10623963429
10624595005,10624598206
10625645814,10625651881
10625766390,10625770656
10654423332,10654429329
10664386099,10664390616
10664909247,10664915481
10664961739,10664966199
10665038723,10665043748
10665475358,10665481482
10665525291,10673607615
10666910123,10666914680
10667219553,10673652673
10667936610,10667940094
10669516794,10669522016
10670469206,10670475390
10673760898,10673766514
10673984742,10673990164
10674279322,10674284527
10715558599,10715564873
10716181732,10716187218
10739095517,10739105727
10739120006,10745746724
10739379380,10739384147
10739550801,10739555562
10739769971,10739775032
10745721453,10745729024
10746236255,10752366189
10758076957,10758079709
10760582258,10760587727
10768760745,10768766652
10772113502,10789696766
10795409449,10795413905
10803448253,10803452436
10804408053,10804412312
10805572743,10805578619
10807691833,10807696764
10808926120,10808930363
10812755316,10812762188
10818891446,10818896705
10825159860,10825164534
10826991439,10826996484
10833204538,10833211002
10835094630,10835098639
10858713123,10858718151
10858791755,10858798507
10859490306,10859495354
10862762206,10862772062
10869474909,10869479990
10870026297,10870032331
10871182648,10877763589
10872362048,10872365232
10874610732,10874616866
10875181738,10875187227
10876576970,10876583528
10878387104,10878390598
10879413848,10879420096
10882417357,10898052816
10884265819,10884325617
10884701856,10884707124
10886654289,10886658549
10900109151,10900118616
10900813809,10900818403
10901453077,10901456508
10902136069,10902141231
10902803961,10902812240
10902964441,10902998579
10914630918,10914688429
10916571812,10918881922
10918056360,10918062380
10918235138,10918240319
10940911949,10940942131
10941160365,10941167384
10945710652,10945715603
10966341208,10966344980
10970512999,10970517669
10972701997,10972705318
10973453739,10984593404
10978094649,10978100027
10982096538,11021587493
10982964693,10982968943
10983973146,10983978585
10984228407,10984232099
10984493634,11002417216
10998648334,10998654220
10998946028,10998950601
11000022919,11000030105
11002837841,11002843624
11003473560,11003479166
11004038212,11004044229
11013551328,11013557635
11013599640,11013605363
11025176050,11025183410
11029307352,11029312003
11029799667,11029804718
11037128043,11037131691
11039228889,11039233068
11039511853,11039515721
11039869279,11039873719
11039869696,11039873916
11039992695,11041671665
11040002834,11040007174
11045616572,11049018537
11048939869,11048943891
11049199517,11049207535
11050144329,11050147753
11052884993,11052891007
11056566841,11056572798
11057911706,11057915932
11065032429,11065036735
11065191556,11065195632
11069803777,11069809449
11072223287,11072228963
11073119078,11073124571
11073352453,11073358160
11073462295,11073467009
11073786182,11073790294
11075577965,11075582933
11077453664,11077459935
11078338654,11078343819
11078537648,11078543144
11079699669,11079703764
11082258992,11082264090
11093921731,11093927764
11094806320,11094812297
11095318970,11101621154
11099583661,11099588168
11099627992,11099635455
11100778255,11100782114
11101017731,11101022375
11103059774,11103065513
11106345485,11106349437
11110971113,11110974694
11111116111,11111120361
11111621612,11114589558
11120905061,11120909334
11122434747,11122438432
11124747479,11126111631
11126297946,11126302222
11132671842,11149261460
11134938593,11134944704
11135593826,11135598467
11135841039,11135846826
11136445989,11136452931
11137925468,11137929868
11138065498,11138071873
11146964236,11146969552
11147254293,11147260276
11148225455,11148230790
11155695636,11155700096
11155893677,11155899003
11165697337,11165699796
11167315607,11167324785
11167467524,11201427963
11173438247,11182330902
11182486724,11182491268
11185565664,11222374194
11186058888,11186065255
11188822627,11188827602
11204218848,11204224517
11205235068,11205239712
11240414219,11240418037
11240910486,11240915390
11241232094,11241238572
11243533096,11243537142
11243912425,11243918869
11248857586,11248928547
11249414724,11259029790
11249926292,11249930745
11249938914,11249944376
11252214589,11252223068
11253607455,11253612881
11260208619,11260214990
11263493739,11266206236
11267057753,11267062741
11267582588,11267588752
11271826271,11287228786
11279540448,11279545957
11293466747,11293471591
11298417284,11298422523
11298835060,11298840365
11299861697,11299866602
11303621338,11303624963
11309698766,11309707021
11313980803,11313984996
11314134253,11314139495
11322567925,11322574327
11323001921,11339053625
11323375801,11323381414
11324171806,11324176938
11324612417,11324618558
11329519105,11337195445
11337307172,11337313138
11338265718,11338269771
11342646322,11342652145
11342978921,11342983652
11343623223,11343627954
11344219860,11344224250
11345348408,11345352745
11373861963,11373867826
11380291328,11380298664
11380915711,11380921554
11381416963,11381422081
11382304645,11383025183
11383431002,11383435542
11384211402,11384217121
11385451382,11385457376
11388425986,11388431268
11394418498,11394425170
11399337574,11412316211
11399891023,11399896195
11400715473,11400720040
11401638994,11401643902
11403729637,11403733432
11405482525,11405487974
11406152792,11406159193
11406230855,11406235239
11406637202,11406642250
11408696951,11408701552
11408741235,11408747195
11410441985,11410446332
11410918841,11414419954
11413984949,11413991594
11421106053,11421110991
11424698078,11424703012
11424983788,11424988592
11425779399,11425783445
11427248444,11427251979
11431281504,11442900768
11434231730,11434235739
11439348155,11439352061
11441300675,11441305910
11441534434,11441537354
11445863013,11445865713
11449659017,11449663691
11450017318,11450023515
11450323584,11450328405
11463238173,11464103345
11464447010,11464452402
11465664232,11465669080
11474735584,11474745173
11475645861,11475651083
11475861703,11475865502
11476007627,11476011790
11489488040,11489492393
11490520618,11490525596
11491729354,11491736133
11496177988,11496183103
11496420340,11496425933
11502821708,11502825553
11502923896,11502927768
11509916706,11509963529
11514381594,11514386906
11517187987,11517193165
11517808308,11517818735
11519822451,11519825815
11522024592,11522028605
11526921939,11526931136
11528729868,11528734763
11529048192,11529052776
11539443488,11539450938
11539851087,11539857645
11540545175,11540550434
11546777310,11589050416
11547667649,11547673395
11557528077,11557533676
11557976920,11557982733
11558497111,11558511022
11560755570,11560761861
11587432133,11587437836
11587572838,11587579246
11588070227,11588074771
11590701260,11590706088
11592448221,11592454001
11593078972,11593083426
11593202175,11594777822
11594893210,11594902554
11595317179,11595323681
11598232389,11598238158
11611564904,11611570701
11611826977,11611833178
11618287646,11618293085
11622607936,11622612420
11637292244,11637296902
11637654779,11637660151
11647463456,11647470796
11653925842,11653931198
11654567067,11654572055
11661766462,11661771570
11662525286,11691985811
11667207646,11667212874
11667376224,11671597106
11670181147,11670185811
11671942625,11671948675
11672755502,11672759273
11673983174,11673989341
11674499767,11674514928
11694255950,11694258820
11694488587,11704371379
11699825712,11699832431
11700360546,11700366139
11701636712,11701640307
11706570354,11706576407
11706884408,11706889346
11710359522,11710399061
11738176830,11738184210
11742185324,11742188923
11744322332,11744328145
11748607105,11748612735
11749844560,11749850881
11750937360,11750959267
11751542139,11751547582
11751551026,11763649053
11760393069,11760398345
11764849307,11764854465
11787993022,11787997102
11788116088,11788122365
11807159063,11807164021
11816396952,11816401386
11816766251,11816770528
11817093552,11817099249
11831512838,11831518046
11832694589,11832698545
11833262946,11833268001
11836737876,11836741715
11839008008,11839016381
11839329974,11839336589
11840957632,11840961003
11840997255,11841086965
11841399191,11841405783
11841836505,11841842986
11852883893,11852889296
11856002400,11856008139
11859562846,11859570003
11860432365,11872660510
11860522385,11860525786
11860551682,11860555620
11862324134,11862330234
11870647239,11901117326
11876783283,11876835601
11885175938,11901164292
11886021402,11916436675
11901793286,11901799574
11906773814,11906778445
11907710508,11907717250
11907799987,11907805617
11909434434,11909440618
11909861885,11918245049
11918576897,11954632335
11918934897,11918941536
11920411961,11932935642
11925661281,11925665788
11932000665,11932005994
11935598868,11935604176
11947391657,11947394737
11953110994,11969155261
11955180796,11955186316
11958875654,11958882209
11962557071,11962561241
11977850529,12004455186
11978979287,11978985899
11983473067,11983479227
12005683837,12005688648
12007523024,12021320104
12016256013,12016261011
12018165877,12065298814
12022248058,12022252297
12022259099,12022263576
12028619478,12028624449
12050586827,12050592309
12055129554,12055134795
12065964485,12065969890
12066047078,12066053840
12076803548,12076807912
12078991411,12078995160
12086660115,12086666021
12092904120,12092909462
12092927583,12092933827
12099722401,12099727570
12105061668,12105066075
12117945468,12117951308
12118146052,12118151979
12119221961,12119228275
12151579387,12151587045
12155825346,12155832148
12158353793,12159083054
12159891921,12159896756
12160671500,12160675883
12161083793,12161088246
12161141884,12161146354
12163967855,12163971513
12164427148,12164431652
12164886047,12164892147
12165015941,12165019222
12165220370,12165225499
12165827869,12176478890
12180200134,12180204681
12181251180,12181259252
12182966744,12182970679
12183510478,12183516081
12186685779,12186693707
12187462057,12187466210
12188596151,12188600213
12190410592,12190415272
12190629450,12190633115
12194350116,12194354496
12199602580,12199605587
12199760391,12199765830
12204453565,12204495139
12219377590,12219380904
12220623543,12220628822
12242672554,12242677098
12245803228,12245808687
12246232048,12246238740
12247272935,12247278501
12247431831,12247438369
12260937705,12260942576
12260971245,12260976223
12288063856,12288069448
12290165220,12290171434
12290988637,12290994203
12291214201,12291219393
12317926779,12321984070
12317936641,12317940232
12322677520,12322683754
12340136533,12340141364
12343078887,12343089134
12360443744,12378866238
12373670272,12373674746
12374280597,12374284342
12375589280,12375639052
12393262712,12393271952
12401119347,12401125093
12402159101,12402165181
12404972677,12404978490
12408860237,12408865589
12415363683,12415369486
12422514334,12422518917
12422713475,12422718219
12422861166,12422871532
12424188754,12438382910
12424490207,12424493815
12424963344,12424968002
12425626135,12426432514
12432659580,12432666142
12441050900,12441056365
12441274923,12441280028
12442420249,12442425638
12449286125,12449291808
12449846521,12449852280
12450511062,12454880049
12450930221,12458437873
12451445130,12451448233
12456165285,12456170270
12464064624,12464069371
12464182845,12464188959
12467497482,12467514313
12467810687,12467816277
12468827078,12468831582
12469079673,12469748394
12470560222,12470566295
12470565581,12470570274
12470823000,12470829635
12471175632,12471179888
12471632386,12471638249
12474389577,12474392968
12481038733,12481043684
12481916416,12481920793
12482417591,12482422712
12487906239,12487911234
12490520520,12490524947
12492402100,12492405758
12506277240,12506281663
12508193060,12508198062
12524177128,12524183001
12527455332,12527459178
12527957218,12527961702
12543580807,12543586757
12566186938,12566190860
12567425896,12567430877
12570712570,12570717087
12595682135,12599191499
12599230043,12599279636
12635086290,12635092695
12635193616,12635200091
12635440696,12635445650
12640661969,12641280098
12641614585,12641622022
12642321222,12642326290
12642385868,12642390515
12642807506,12642811839
12643143376,12643147192
12643720509,12643767212
12644189194,12644193961
12644763594,12646386334
12648646738,12648655063
12649015443,12649022291
12649158887,12649165165
12649611819,12649616864
12650373293,12650377990
12666467824,12666472872
12667189899,12667194743
12673295761,12679899687
12681806748,12685345479
12685457887,12685521283
12686049038,12686054270
12686120192,12686125966
12736838026,12736842897
12739000434,12739006862
12739256223,12739262484
12739434864,12791984538
12739444279,12739449080
12741325224,12741329370
12745582304,12745587863
12754538936,12794937924
12782112493,12782118123
12783207085,12783212387
12784436778,12784440527
12802979762,12802986076
12803004284,12803009185
12803771157,12803776011
12804349115,12804353238
12804614279,12804617422
12804873449,12804878660
12805789011,12805794150
12806111348,12826918116
12806121100,12819025883
12819586749,12819596247
12820470714,12820475251
12828918631,12828925370
12829653338,12844566123
12838346744,12838351916
12838472940,12838516064
12842085571,12842093356
12847622529,12847627557
12849777785,12849783889
12849790804,12849796931
12857667853,12857674468
12858934056,12858939338
12860715499,12860718586
12868994079,12868998863
12870087381,12870091327
12874482965,12874494207
12878828689,12878835401
12879302405,12879308535
12884755389,12884760845
12885054613,12885059391
12886464348,12886469152
12887393374,12887397540
12891316452,12891322499
12894360794,12922534803
12895107491,12895113434
12903194712,12903198310
12912942786,12912948652
12923855229,12923859782
12947293605,12947355137
12952186357,12956880046
12956414004,12956418207
12957962817,12957968901
12960770473,12960775892
12961396694,12961401004
12961683490,12961686637
12965475227,12965485102
12967897293,12967901539
12968072062,12968075814
12981676493,12981681945
12982448180,12982453451
12982467436,12982472622
12985006695,12988735145
12985949596,12985957059
12991700401,12991705372
12994068756,12994073694
12996276069,12999739867
12997008775,12997014808
13000381764,13000388034
13001388346,13001392408
13019644386,13019652097
13022775177,13022780342
13025464385,13025468782
13025898317,13025901835
13035078636,13035127349
13073085835,13073091775
13092976730,13092982283
13111374158,13111383061
13121477255,13121481278
13123218069,13123222155
13125334544,13125338653
13144667229,13144674081
13155280177,13155284961
13157344835,13157350681
13157447286,13157493852
13157605064,13164210386
13164534467,13164539117
13164731393,13164734834
13168297883,13168301705
13168846050,13168849592
13170788154,13170793656
13171650907,13171656349
13171956528,13171962278
13173214536,13173218849
13175144004,13197478731
13176609298,13176615191
13189000278,13189003018
13189583038,13189624972
13189880628,13189886084
13229296937,13229301965
13236458329,13236463009
13240485439,13240488733
13245153382,13245157786
13246273294,13246279104
13263818857,13280229898
13264062856,13264076984
13264515310,13264519603
13273292205,13273296475
13280596665,13280602605
13287791542,13287798331
13287837242,13287842397
13287950084,13287957240
13288436849,13288443956
13289206288,13313215245
13314750394,13314756742
13315545130,13315549175
13315653625,13315659846
13316047908,13325192001
13317651184,13317657174
13320098938,13320103936
13320925296,13320993229
13321284863,13335865898
13321496719,13321502329
13321557701,13321564426
13323593365,13323598734
13332913942,13332919615
13334317933,13334321929
13337407340,13337411834
13339865809,13339869875
13339935079,13354520514
13343290181,13343294240
13354381028,13354387416
13354441803,13355846853
13358868717,13358873334
13364389939,13364396564
13370176893,13370181383
13370793863,13370800755
13371275597,13371281778
13372681302,13372685632
13386457642,13386462386
13387989213,13387993669
13401411872,13413782683
13409117352,13409122360
13409415410,13420931527
13412246950,13412251213
13428365171,13428371315
13430533821,13430538759
13436274102,13436278318
13439303293,13440290915
13443670018,13443677034
13444641136,13444647076
13451431227,13451435834
13451970465,13451975229
13456020526,13456024913
13481845508,13481850182
13482367704,13487058111
13485778070,13491344555
13485794805,13485799820
13486114479,13486120576
13488147501,13488154654
13488703319,13488707469
13488715550,13488720458
13490152239,13490157818
13490921684,13490926956
13491332164,13491338555
13491969466,13491973495
13493292725,13495913067
13494382429,13495914296
13494987679,13494993355
13495885952,13495895106
13496047595,13500809752
13501531753,13532182670
13503810475,13503816241
13525014907,13525019544
13525157039,13525160052
13532859482,13532864490
13532955509,13532959919
13533141958,13533146401
13537215459,13537222101
13537638133,13537641671
13537657607,13537662080
13537677762,13537683362
13537834865,13537839068
13574515091,13579284123
13581125049,13581127906
13583023364,13583027524
13583706477,13583713142
13585784585,13585789486
13591769814,13602562617
13604161837,13604170750
13605177466,13605183630
13608905626,13608911763
13611469129,13611473024
13612113421,13648702961
13647052639,13647059949
13651319575,13688482867
13654166653,13654172510
13671406904,13671410863
13683456816,13683462345
13686321444,13686327374
13687947177,13687951998
13720277419,13720283446
13720618398,13720622707
13722522047,13722525261
13724021187,13724025166
13726442024,13726448158
13727673074,13727677544
13728743066,13728749367
13728977310,13728980521
13737901275,13744696405
13744811158,13744817155
13745636703,13745641684
13747249213,13780731727
13749519332,13749524107
13749727975,13749732949
13752725871,13752731036
13762051349,13762056554
13763442708,13774336513
13763577711,13763582438
13774797072,13774807051
13775901542,13775906657
13776035856,13776041563
13776221921,13776226111
13779517862,13779523689
13781106492,13781111550
13781258623,13781265041
13783325168,13801854069
13784647601,13785182486
13787248927,13787255391
13787852246,13787857651
13789115937,13841957374
13823154047,13823158407
13823765605,13823769955
13835934717,13835940750
13856077779,13856088426
13858473542,13858477939
13858775042,13858779452
13859310982,13859315856
13859513233,13859518842
13860107959,13860113832
13862994393,13862999304
13876038542,13876156933
13876725390,13883661185
13883757282,13883764646
13884166191,13886752436
13887121040,13887126372
13888123313,13888127966
13892538110,13892542330
13892978203,13892982853
13895587921,13907576984
13896226757,13896233826
13908628438,13908633032
13965602547,13965609062
13966676171,13966682182
13968461189,13968465191
13976838500,13976846050
13976990831,13976997413
14004233990,14004240104
14006596826,14006601570
14009555951,14009562269
14012305409,14038427363
14019117058,14019121719
14024193935,14024198051
14038679066,14038686767
14039965662,14040426177
14041301319,14041306089
14046294920,14046299684
14052457554,14052463460
14055125226,14055130889
14056545628,14056549864
14060556017,14060562217
14060626045,14060633960
14076910660,14076916386
14091097148,14091105697
14109104626,14109109213
14110121779,14110128634
14110139833,14110145015
14110257406,14110262855
14117925912,14117930422
14118338299,14118345425
14118567244,14118572867
14123655536,14128311940
14138313091,14152308827
14147126903,14147130097
14147607985,14149056451
14149681436,14152356933
14150234792,14150239706
14151004618,14151009382
14152318058,14152323928
14153668876,14153675023
14155617130,14155623036
14158717889,14159574859
14159549288,14159552431
14160101250,14160104628
14160256405,14160261072
14162503355,14162514149
14165601138,14165606754
14174085751,14174092480
14180849142,14197273914
14182854475,14182859446
14197962376,14197968503
14198451734,14198455285
14199226715,14199230433
14207626550,14207632974
14208064642,14208069767
14208542143,14208547675
14209085803,14209090444
14209173522,14209178259
14209347352,14209352066
14209545534,14209550372
14209795443,14209801657
14210181520,14210186812
14211513790,14211519583
14212063387,14212067233
14212315678,14212322270
14216502570,14216516501
14222673135,14222679403
14225761724,14225766725
14236752548,14236762296
14238293937,14238300104
14239156025,14239162236
14240548093,14277445373
14259933293,14287447242
14267760927,14267765440
14280068445,14280074164
14285004963,14285014792
14286470868,14287475139
14306718668,14306724294
14307319258,14307324977
14307701977,14307707269
14309079299,14314099620
14311876688,14311883069
14311927045,14311932992
14312935502,14312939481
14314343315,14326331931
14319850459,14319855400
14320903359,14320909102
14322645376,14322651486
14327406440,14327412277
14327408565,14327413152
14330132622,14330139234
14333810321,14333815275
14335927610,14339666551
14341740489,14341744953
14343303812,14343308318
14351762233,14351768971
14351767986,14366661027
14352238077,14352243720
14353750724,14366686241
14355298014,14355302634
14356879190,14356883690
14357786708,14357792885
14367618438,14385747882
14371126011,14371131995
14377516094,14377519729
14379382342,14379387510
14381028839,14381033506
14383275922,14383279815
14385881578,14385887351
14386903411,14386909695
14391356087,14391360187
14391712878,14391718371
14392545510,14392551423
14404621384,14404627514
14419218131,14419222400
14420038180,14420043920
14420388213,14420393004
14420496581,14439972634
14432461661,14432467751
14437066458,14437073638
14445544253,14445548804
14445839468,14445845753
14449890235,14449894926
14450964296,14450968496
14454453873,14454464560
14455202427,14455208254
14458579081,14458584747
14458697412,14458704375
14477167408,14477173558
14479206357,14479213302
14480025080,14480029981
14504398539,14504404322
14505660900,14505667061
14506488938,14506495326
14506516611,14506521425
14506592526,14506597200
14534101242,14534105151
14537080848,14537087252
14537963873,14537975436
14538730195,14538736983
14540247593,14540251940
14542092503,14542100778
14543038625,14543043549
14546729223,14546733980
14554359940,14554364257
14555732724,14555738067
14557854107,14567176901
14563043815,14563048035
14564542514,14564548100
14568783194,14568789519
14568808475,14568815501
14569737298,14569743224
14569758004,14569765097
14571553613,14571558978
14578581155,14579188369
14581691760,14581696246
14583445921,14592120855
14583653641,14583660513
14583921701,14583925389
14601370134,14601459927
14601556659,14601563732
14601632461,14601638648
14601670814,14601677957
14601767647,14601774262
14601838918,14601844721
14602411371,14602415383
14603259310,14603264826
14603672646,14603677474
14615848419,14615851389
14616667834,14616674776
14616783773,14636337869
14634561932,14656428667
14657009585,14657014733
14657136409,14657141126
14663425349,14663434616
14678009744,14678013947
14679436424,14679439975
14691015323,14694358417
14693294549,14693300492
14694854073,14694859836
14695943419,14695947889
14703380568,14703384453
14703724446,14703730290
14704708210,14704714301
14711074682,14718893279
14719008175,14719033372
14722800647,14733432719
14733751775,14733759706
14733932788,14733938247
14734071846,14734076587
14740825932,14772497563
14773268431,14773272891
14773493387,14773500189
14777483092,14777487626
14792720409,14792725220
14793315700,14793321964
14794186822,14808092922
14799665578,14815471502
14800046373,14800052120
14810488205,14810493871
14811180639,14811186549
14826975665,14826983359
14847146163,14847150179
14848140220,14848144971
14848442604,14848446730
14853592596,14853598356
14856394412,14856403048
14866289265,14866295997
14866310132,14866315912
14866558381,14866564000
14866630447,14866678065
14867203010,14867207581
14867344143,14867351937
14867609093,14867615086
14867939845,14867944044
14868174927,14868179310
14869936689,14869940257
14870229461,14870234570
14876055032,14876060769
14880172704,14882940336
14883618718,14883626285
14883751947,14883756443
14885429183,14894801808
14898246850,14898250865
14908405770,14908412101
14917270555,14917275683
14931832523,14931837608
14931947847,14931954823
14933075711,14953118937
14933183471,14951651388
14933366352,14959523536
14954532985,14954536349
14959266721,14959271238
14962874879,14962882015
14973441048,14980041794
14974474221,14974478033
14974893891,14974899600
15009311648,15009316652
15011563238,15011573080
15028455779,15029458996
15029789535,15029797119
15029843433,15029863472
15041294860,15041298969
15045828881,15045833364
15059994585,15059998918
15061064086,15061069809
15071075279,15086788140
15089096445,15090396819
15089163253,15089167109
15090976495,15090983510
15103649319,15103655457
15123446736,15123452967
15130327025,15130330917
15130884109,15130888496
15131408413,15131412455
15131858986,15131862461
15132332829,15132337513
15132854276,15132857831
15133373234,15133380427
15133595197,15133601568
15144613436,15169965086
15170334980,15170341261
15173096919,15173102225
15173832906,15173839290
15173990649,15173996245
15177180464,15177183875
15181839073,15181845006
15181936139,15181940730
15234606366,15234612373
15235116908,15248903260
15240583563,15240588975
15243627444,15243631483
15246805067,15246811408
15250351766,15250359604
15250401195,15250407636
15250731028,15250735518
15259700129,15259708143
15260339750,15260344998
15260988345,15260993206
15261021473,15261025947
15261340034,15266474177
15261495957,15263124404
15263228119,15263231773
15263458219,15263462088
15264283080,15265713084
15265540567,15265545685
15265958687,15265966678
15267108169,15267113137
15267578353,15267583478
15267856349,15267861073
15268015219,15268019722
15270054939,15270059694
15273799483,15273803729
15274724490,15274730567
15279423661,15279427133
15281606272,15286220621
15289815476,15289821580
15297004327,15300680228
15297520876,15297527598
15298383659,15298389897
15300540238,15300546128
15300674208,15300772998
15300694494,15300775150
15301208006,15303913922
15301363722,15301370023
15302095816,15302102077
15305535219,15305540327
15305601325,15305606710
15305781900,15305786180
15315328201,15315365465
15318102865,15320216079
15330270707,15330275996
15330688212,15330691507
15330936732,15330940711
15331500638,15331513701
15333456155,15333462790
15341471136,15363827763
15349096408,15349101349
15353363220,15353367613
15359842050,15359846112
15360156552,15360160948
15360864675,15360868891
15363854640,15363928557
15364214628,15364222045
15373496617,15373503369
15374984582,15374987980
15382537447,15382542288
15404487019,15404491539
15410678097,15410683997
15419934990,15419941040
15419954273,15419959625
15422060064,15422066511
15422342703,15422347772
15423600167,15423605532
15427894548,15435963628
15432129709,15432134119
15436710873,15436715296
15437543013,15437547961
15438242457,15438246660
15438353308,15438358376
15439048314,15439053299
15439128843,15439135806
15440556535,15440560965
15440752813,15440758556
15442315992,15442321748
15442613672,15442620899
15446465485,15446471606
15447356415,15447361911
15449231674,15449236956
15449361381,15449365981
15449481736,15449485201
15450751391,15450755139
15477772440,15477778865
15477902745,15477907279
15478281142,15478286801
15478592861,15478597712
15480949936,15480956197
15481067042,15481071963
15481126469,15481132663
15481423445,15481428376
15489338807,15489346207
15505912643,15507296155
15517539617,15517544174
15540405250,15543403160
15543585957,15543591893
15547059370,15547063282
15547309897,15547314614
15549192689,15549196230
15550143882,15559165689
15551608083,15551612637
15552691095,15552696578
15559341303,15559348138
15570684027,15570689369
15570720082,15570725654
15573612276,15573618814
15575120644,15575126276
15579821151,15579826797
15601653408,15615395303
15627035039,15636758544
15628760348,15628766953
15641334984,15641339535
15641613852,15641618733
15645891623,15645898428
15646567466,15646572721
15650082577,15650088604
15657195369,15657198542
15658617214,15658623725
15658900392,15658906502
15659285326,15659289556
15659484293,15659489402
15676964641,15677008547
15678016873,15678021841
15678020271,15678024768
15679005378,15679011285
15680095957,15680100507
15684727298,15684731430
15685272168,15685277493
15692210274,15695126168
15695499727,15695530767
15699679940,15699689488
15720651809,15720658060
15720983477,15720986457
15721580608,15721586882
15723886989,15723892338
15723908074,15723913960
15728547877,15728552705
15729969866,15729975636
15731281686,15731286383
15733107232,15733111208
15748450816,15748458026
15750566990,15750572279
15751745879,15751749901
15758635014,15768631170
15769287191,15769293188
15772799950,15772805149
15773050471,15773055910
15773982230,15773987121
15774485616,15791589686
15774813826,15774818870
15793603371,15793607510
15794597999,15794602790
15798493481,15798497303
15799265923,15799269070
15800750270,15800756213
15816706164,15816712144
15817091646,15817096247
15818045589,15833345578
15834349414,15834353901
15834761894,15834767180
15835575626,15835582084
15835686150,15835710418
15836030306,15847862217
15844252085,15844303798
15844335270,15849681850
15848301642,15848307351
15850235403,15850240083
15850342983,15850347847
15864332969,15864339608
15867614425,15867619162
15881244310,15881249578
15897675376,15897680711
15900148324,15900152216
15903293677,15903299541
15904419673,15904427487
15907755772,15907764382
15925832991,15925836880
15926349621,15926353960
15931847971,15948591438
15937132564,15937141334
15941377644,15941381907
15943338854,15943424414
15944022294,15944028338
15954050756,15954059650
15958924255,15958931405
15960601937,15960607576
15962215793,15962220187
15963116031,15963120505
15963448988,15990337304
15979307381,15979310431
15980456506,15980462894
15980783062,15980789109
15982038086,15982043659
15982362604,15982367275
15982369066,16005650510
15990614277,15990625623
16002543697,16002549396
16002678368,16002683363
16006829399,16006834196
16006890494,16006894977
16007687451,16007692680
16010934819,16010938821
16018387360,16018393136
16021090449,16021097117
16022828383,16022832302
16024617346,16024628174
16024909361,16031040597
16033577740,16037303024
16048793051,16060570228
16061495513,16061501490
16066062421,16066066718
16077844737,16077848953
16078143653,16078148498
16080490152,16080494108
16095839977,16095844828
16096092228,16096098025
16096932621,16096937839
16097358341,16097362604
16116576717,16116586840
16121340705,16121345830
16132784110,16132789292
16132847507,16132853761
16135078755,16135083422
16155137045,16155143350
16155459973,16175229767
16160978449,16160984479
16176190926,16176195116
16185264660,16192260220
16192368091,16192375521
16198230088,16198235901
16198262822,16198266791
16199270927,16208103763
16199462103,16199466386
16199554422,16199559407
16200218405,16200224843
16200760489,16200765571
16203765114,16203770420
16204168046,16204174053
16204438629,16209808993
16208970642,16208975880
16209907944,16209913503
16210342314,16210347312
16210636343,16210641484
16211252013,16211256794
16224817178,16224823402
16225448116,16225454441
16225712455,16225716577
16236029082,16236034956
16250325860,16250331653
16250536721,16251089045
16251129072,16251178130
16253330145,16253334905
16259023724,16259028007
16260763221,16260769132
16265890345,16265897000
16266185586,16292187960
16275458191,16275464234
16275897375,16275901324
16276573021,16276578504
16277479707,16277483846
16298710098,16298716739
16299258987,16299264954
16300462000,16300467105
16301500682,16301513277
16303583667,16303588314
16315302355,16315307707
16316017635,16316022359
16320362895,16320367381
16320891521,16320897284
16321821974,16321826785
16337486104,16337490227
16348064752,16348070732
16348977248,16351003494
16351084799,16351089920
16353315953,16353321121
16357207733,16357213452
16357560738,16357565893
16362721558,16381482078
16363207886,16363212770
16381542358,16381586611
16382611582,16382618875
16389047461,16389052121
16389688004,16389692154
16390200257,16390205499
16390668090,16390674568
16399595108,16399634898
16399875049,16403804170
16402658429,16403393306
16404310917,16404315481
16407417720,16407422888
16408356502,16408360501
16429521190,16444239402
16439776482,16439780558
16439968120,16439971601
16441595036,16441600014
16443761139,16443765255
16445133379,16445157721
16448676517,16448681404
16451345809,16451351870
16477314590,16477318348
16478546549,16478550805
16484235731,16484240375
16484462992,16484468742
16484972288,16484975997
16488456777,16488460816
16491955243,16491960321
16494511319,16495301859
16495326688,16495405911
16538134228,16538140138
16539971567,16539976606
16557779203,16557783857
16565169085,16565174822
16565543513,16565582271
16565663157,16565668309
16567407098,16567413165
16593826315,16593830518
16594171821,16594176274
16594353058,16594360511
16594586703,16594590853
16598937259,16598941067
16611955422,16611986987
16618251361,16622448489
16621260580,16621265331
16622674548,16622718119
16622827751,16622835231
16623296064,16623301006
16658299107,16658302852
16682732535,16682737784
16685891456,16685896504
16686207896,16686213579
16687466174,16687471095
16689807401,16689812890
16689942099,16689946108
16696829922,16696834699
16708144512,16708148932
16709333610,16709338064
16714423947,16743845564
16715135224,16721898093
16720706142,16720710635
16733260699,16733266676
16734901079,16734907777
16739103325,16739107638
16741207983,16763528525
16764135886,16764144422
16765083695,16765089893
16765253466,16765258053
16765621707,16777616958
16775806272,16775811490
16777885729,16777891643
16780347111,16780350489
16787662445,16787666127
16788763865,16788768419
16789870263,16789878301
16802409956,16802416087
16802808846,16802813687
16804024471,16804030335
16815230031,16815234926
16816930751,16816934305
16823529540,16823535550
16830652062,16839079962
16852891458,16852898922
16853280726,16853286646
16855751526,16855755926
16856760036,16884053612
16857213803,16857220612
16857258133,16857265279
16857284556,16857289180
16857314184,16857318841
16866982340,16866986162
16895562569,16895567995
16924374369,16924382524
16924543836,16924549305
16924964749,16924971484
16925792375,16925796979
16926371694,16926375806
16928951477,16928958349
16928961830,16928968883
16929621233,16934582561
16931101885,16931105917
16931187836,16931193923
16931750266,16931756179
16932526159,16932531067
16932627889,16932633095
16932932736,16932939826
16933445738,16933452900
16934511103,16934514931
16935322707,16937684463
16935816922,16935823337
16937287494,16937293648
16953820521,16967045697
16954079157,16954084332
16956911806,16956916587
16959346234,16959356777
16959983302,16959989490
16975640667,16975644078
16977809226,16977814257
17005941645,17005946375
17006436418,17006442228
17008422521,17009822416
17009573483,17009583496
17037142570,17037149155
17044746797,17060022915
17048748924,17048753507
17049594585,17049602078
17056478528,17064580954
17060685763,17060689949
17065479164,17065483624
17066575686,17066579845
17081817149,17081821793
17084046696,17084052496
17084149880,17084156084
17084676348,17084680672
17085675995,17085680381
17087792653,17087797056
17088018217,17088024504
17095970499,17095974852
17098746507,17098753041
17108925680,17108931480
17110949638,17110954235
17132523410,17132528043
17133260699,17133266776
17133483122,17133487723
17133549546,17133555095
17133809979,17133849037
17133820793,17133852702
17133953684,17133959922
17134201883,17134207024
17134367782,17134374667
17137867668,17137871506
17138009081,17138013378
17138455351,17138459284
17138818236,17138822900
17142310228,17142314598
17149538150,17149543065
17150895517,17150902248
17150926584,17150931815
17151344279,17151348328
17151833350,17151839470
17152147494,17152151620
17153194100,17153198273
17154095300,17154098390
17157601902,17157607675
17157663949,17157670129
17171013582,17171020411
17171535307,17171539169
17171639326,17171644360
17171930922,17171937177
17172345625,17172350309
17175886861,17175892166
17190066555,17190070620
17195871800,17195875147
17196743870,17196749587
17197303938,17197309230
17199269508,17199273714
17202542390,17202546740
17207732967,17230656460
17208174851,17232421135
17211156998,17211163456
17211922902,17211928745
17214109031,17214114687
17214760593,17214765524
17215685506,17215692111
17216020304,17216064027
17219951377,17230693123
17221359725,17221365321
17222408352,17222413093
17231051762,17231057909
17231399850,17231404530
17231633449,17231639826
17231826880,17231832359
17232392507,17232398544
17232894316,17232900737
17233098970,17233103082
17235722295,17235726902
17240500488,17240509702
17272536356,17272540546
17273115264,17273119553
17276463774,17276467997
17280019760,17280024782
17281243404,17281249832
17283752778,17291190224
17289308174,17289311247
17290689715,17290695982
17294510661,17294516250
17294668715,17294675905
17296531088,17296535000
17302437943,17303765037
17303850077,17303855973
17306489679,17306493801
17308174867,17308178138
17315845442,17315849056
17317798693,17339822530
17318868141,17318875157
17319557461,17319562560
17323992120,17323996480
17324397314,17324400351
17326393353,17326397419
17334563986,17334571089
17347071907,17347076939
17347718745,17347724030
17348020568,17348025747
17348738961,17348743836
17349448391,17349454588
17349604805,17349610250
17360706376,17360711544
17360866896,17366096869
17361264596,17361268215
17361591536,17361599845
17364652098,17364658022
17371814766,17371820255
17377720245,17377725400
17381615666,17381620183
17394331181,17394337476
17400360083,17415631784
17403657912,17403664259
17405380842,17405385252
17413648434,17413654278
17413870965,17413875017
17414353724,17414358909
17424188638,17424195116
17424513380,17424516968
17424736803,17424741780
17427405056,17427409500
17428662082,17428668306
17429132804,17429136479
17437534657,17437539989
17439741603,17439751412
17440055778,17440060305
17441238495,17441243593
17442855061,17442860393
17443240454,17443244904
17445265184,17445271188
17468521631,17468527408
17469708695,17469715477
17470849725,17470854058
17473359937,17501533289
17475075752,17475079510
17476648308,17476653517
17477588994,17477596137
17489304977,17489313108
17505282757,17505288747
17505599193,17523726205
17523865894,17523871363
17524303275,17524309505
17524329447,17525517530
17534043848,17534396386
17554811562,17554816817
17557356984,17557362770
17557931995,17557936115
17558189996,17558265049
17563443091,17563447852
17564406452,17564409933
17564511550,17564516822
17564532822,17578284385
17572265172,17572270992
17578224069,17578229147
17579243974,17579248979
17581417097,17605130041
17583455294,17583461087
17596497679,17596517020
17606077927,17606081805
17626479230,17626486761
17632906293,17632912547
17640164494,17640169098
17642559382,17655013793
17646454957,17646461559
17656030905,17656034794
17658682043,17658686891
17695969597,17695976176
17704911303,17704917229
17728021034,17728026927
17728145927,17728153150
17736810424,17736815386
17746642850,17746650106
17752295817,17752304125
17760801615,17760805754
17761082461,17761087389
17761898104,17761902824
17763870509,17763875226
17766331249,17766336568
17769790898,17769795452
17770046456,17770050315
17771697020,17771703711
17772416826,17772421059
17776103395,17776108947
17783998263,17784001842
17785583449,17785588042
17786173220,17828458391
17810213566,17810219499
17828720524,17828727250
17829339997,17829344179
17830004858,17830008356
17830217637,17830222812
17830673713,17836558437
17831692188,17835311378
17836708868,17836713472
17836889537,17836895437
17837616760,17837620889
17851108622,17851112705
17851290140,17851294810
17853113852,17853118589
17856607273,17856613731
17880039506,17880045209
17881549564,17881555581
17886709852,17886715682
17890486111,17892416481
17891555562,17891561495
17891643558,17891652364
17892265322,17892268619
17892329106,17892335688
17892554363,17892590822
17892767482,17892774414
17892920595,17892927518
17892962049,17892967852
17893736840,17893742613
17894417527,17931052006
17895644458,17895649563
17897427688,17897431727
17898489141,17898494052
17910746285,17910750328
17911435796,17911439942
17932141679,17932146797
17949138011,17955693124
17956055574,17957186264
17957344061,17957351662
17959005098,17959011272
17960708801,17960714598
17983831703,17983836040
18013572072,18013601756
18026275987,18026281306
18034713905,18034720443
18035225326,18035229579
18037802541,18048442968
18038107554,18048442851
18049556686,18049561036
18049626334,18049636457
18050511818,18050517976
18050670414,18050677336
18055414390,18055419612
18056313559,18056317621
18058166326,18058171434
18063436677,18063441348
18072473979,18072522418
18096931501,18096934942
18099923638,18099926839
18101809447,18111530480
18102394321,18102399616
18104562994,18104568867
18111612245,18111615850
18113258031,18113264773
18114453550,18114547720
18136412992,18136493551
18137575303,18137581230
18153377512,18153386195
18154779900,18154786067
18155422010,18155428461
18155699819,18155706357
18157511444,18157515673
18159170807,18159174839
18162554797,18162581164
18169703667,18169709437
18170329865,18170335501
18180397913,18180403830
18180655349,18187594127
18182255188,18182258893
18191016167,18191022765
18192212793,18192216113
18196407322,18196417889
18201408122,18201414530
18213318732,18213325139
18216690712,18216695379
18216714091,18216719868
18217047095,18217050590
18217812321,18217817529
18220870560,18242780807
18220904093,18220909662
18222169758,18222173360
18242945927,18242950792
18243459737,18243463836
18243552811,18243555714
18244254837,18244260450
18291436525,18291499408
18292278244,18292284879
18297659159,18297664618
18297711614,18297715322
18298157537,18298160828
18298213597,18298217001
18298617989,18307440795
18299446652,18299450668
18300764806,18300767552
18304343173,18304348508
18306870925,18306877974
18307069899,18307075482
18307348586,18331662467
18308208139,18308212780
18311526728,18311531108
18311770711,18311776961
18312625469,18312630848
18312662095,18348979950
18327517678,18327522629
18327801390,18327809178
18330768089,18330773402
18331340592,18331345817
18332364199,18332371008
18332750260,18358105371
18335513746,18358109147
18337307994,18337314078
18380850835,18380856000
18382373669,18382379566
18382658627,18382664728
18397237093,18397242469
18398563536,18398568631
18399752458,18399757415
18401932513,18401936244
18402159106,18402166198
18402212988,18402217581
18414786665,18414791409
18414885686,18414893637
18415494373,18423192296
18416042244,18422398396
18417397051,18436313332
18425250145,18425254434
18487821522,18487826663
18489055421,18489059674
18490716355,18490722642
18491205786,18491210376
18491305475,18491311569
18491941224,18491944375
18495023037,18495027644
18496341048,18496344342
18496849068,18496852950
18501026391,18501032147
18516927862,18516935052
18518787007,18518792066
18520415277,18520420933
18523177032,18523182060
18523212208,18523219034
18523708285,18523718013
18524024788,18524031249
18524154946,18524179014
18524395033,18524398778
18527066230,18527071879
18527090809,18527094320
18569773478,18569778737
18582781833,18582789881
18584551793,18584556868
18610663424,18610669925
18611609001,18611614109
18623853373,18623859577
18624269702,18624275826
18625135398,18625141034
18625338759,18625344161
18625589206,18625591928
18627766872,18627771760
18633767088,18633771181
18636433388,18636437894
18636968045,18636974933
18639631090,18639636171
18643614160,18643619458
18646318702,18646323052
18648343359,18648347725
18649771011,18649855108
18650912642,18650917018
18652337681,18652341740
18652891081,18652895634
18673149721,18673155835
18705343557,18705390383
18705815292,18705822659
18706484276,18706488837
18710261507,18710265824
18710963449,18710968925
18723389756,18723395994
18723814882,18723871119
18724303391,18729143786
18724741677,18724747667
18724807636,18728781225
18729256484,18729263607
18736343146,18736351669
18737741188,18737745665
18737925876,18737930253
18739234585,18739240272
18762423066,18762428903
18766509229,18766514578
18768564402,18768569958
18775639725,18775644957
18778023762,18778029626
18785382577,18785387338
18794206306,18813978779
18796537533,18796542828
18797054293,18797058653
18797186395,18797191363
18809434766,18814014092
18812800635,18812805359
18814976895,18814981322
18816002493,18816009583
18816077463,18816083190
18825092224,18825125112
18825307100,18825311480
18839857663,18839862226
18840713316,18840717546
18847564275,18847572962
18865414698,18865420023
18865987134,18936097824
18908097315,18908101444
18939785015,18939792759
18941759675,18941764630
18941825871,18941831254
18944798167,18944803014
18945435065,18945438770
18947739058,18947743711
18948158921,18948163478
18948486520,18948493088
18949429006,18949433436
18949482965,18949487830
18968026791,19000954227
19003098675,19006458481
19006687082,19006692601
19006771179,19006775492
19008330569,19008335173
19009016763,19009020952
19010314270,19022521180
19023046913,19023051260
19024930908,19034565643
19034552199,19034557832
19034568392,19034572819
19048451707,19068065428
19048721842,19048728611
19053053268,19053058777
19058881281,19058885594
19059260406,19068079798
19068432947,19084403404
19085333332,19085340752
19085685439,19085691536
19085784490,19099569676
19086248594,19088985663
19089244092,19089252705
19089726220,19112565342
19090456450,19090460589
19094209522,19094218229
19098965382,19098974803
19134997076,19147121957
19147652816,19147657620
19147793183,19147799057
19195648436,19195654326
19196098689,19196104626
19230113159,19230118655
19230614374,19230620475
19231206622,19231212054
19233325014,19233329170
19233557731,19233563407
19235452446,19235457581
19236065651,19236071782
19236087334,19236092913
19240095955,19240101972
19240414947,19240419120
19247424675,19247430028
19247742739,19247748372
19252130234,19252136251
19252437203,19267949416
19268139781,19268144468
19268942785,19287524957
19271211157,19271215974
19276466360,19280543069
19277206602,19277211443
19288589931,19288595447
19301899534,19301903470
19303276725,19303283314
19311203316,19311206820
19311678268,19311681311
19312442007,19312447593
19312835571,19312875110
19313120279,19313127208
19313239255,19313244500
19313962803,19313968970
19314325905,19334890959
19331140305,19350364895
19331674959,19331680464
19331801094,19331806303
19337639678,19337644967
19340690417,19340695542
19341157435,19341161507
19350398715,19350537880
19350418509,19350497204
19352042529,19352048346
19356070511,19356075228
19378820044,19378827551
19379306134,19379310791
19400848602,19400854144
19403278011,19403282004
19403600144,19403606852
19403625478,19403630459
19407989173,19407993549
19408902454,19408908932
19409067430,19409105884
19409366187,19409372902
19409664676,19409669470
19409787370,19409791499
19412563912,19412569291
19417879646,19430432135
19420861473,19420867149
19421077278,19421083041
19421644255,19421648932
19447076290,19447080406
19447661251,19447666179
19449319592,19449324312
19449812731,19488519067
19451130110,19451135152
19458153463,19458156550
19458453268,19458459065
19458647431,19458653000
19458914429,19488418005
19480273762,19480278710
19485025472,19488596065
19485050950,19488612195
19493230262,19493234596
19494158363,19494163796
19496331553,19507682171
19508438052,19508443592
19508688169,19508692118
19511382779,19511390844
19512209691,19512214682
19531249225,19535365406
19537569703,19537574831
19548198744,19548203659
19548756601,19548761218
19564327619,19567582337
19567699593,19567704865
19568285058,19571310798
19568302611,19568308672
19568401121,19568406667
19571913315,19571917301
19572608946,19572613697
19598942239,19598949175
19598996632,19599000504
19600590510,19600672793
19600994304,19600998641
19601095106,19601101527
19601256274,19601261229
19604981447,19604985553
19607627200,19607633948
19611146253,19611152741
19611384325,19616911307
19616822135,19616825937
19633434615,19633442954
19661759700,19661766161
19666168767,19666174059
19666475134,19666482608
19667458016,19667551862
19667461323,19667552390
19668478132,19668484089
19668891818,19668898109
19669144788,19669149024
19672841436,19672845455
19672892729,19672897309
19688065951,19688070197
19689927465,19689933418
19689991156,19689997006
19709895565,19709902604
19710720362,19710725511
19711443877,19711447959
19722750071,19722755069
19723960759,19738938575
19726713443,19738952379
19738367629,19738372500
19739112482,19739148316
19739184628,19739191347
19740422965,19744030268
19740650417,19740655612
19743114003,19743119255
19791576662,19791583811
19791643510,19791650385
19791909054,19791915559
19795968176,19795973067
19796062697,19796066880
19805169192,19805222686
19806317314,19806321918
19810938820,19810943283
19813059838,19813065006
19819412723,19819418048
19819534131,19819538928
19821356185,19821361113
19822038209,19822042426
19822575873,19822580006
19826428672,19826434498
19829615456,19829620948
19830017696,19830021348
19834310113,19834313658
19838722024,19838727106
19858746989,19858750922
19859360144,19874372956
19875987251,19887873067
19876226546,19876234160
19878658762,19878663619
19879598105,19879650851
19880377539,19880381528
19880763232,19880768625
19888642736,19888647658
19922921269,19922925221
19922929811,19922935842
19927776954,19927782466
19928848523,19928852178
19945799386,19945804387
19946897976,19946902553
19947275140,19947279319
19949084934,19949089133
19954950345,19954955667
19955513483,19955518227
19955614014,19955672336
19957627358,19957630575
19963456287,19970587587
19976000190,19976005462
19991379058,19999872705
19994062482,19994067554
19994161272,19999881251
19994723412,19994729769
20000300420,20000309120
20001105252,20001108883
20002580017,20002587050
20002733638,20002737891
20002975392,20002979425
20003164637,20003169612
20004152544,20004156316
20008173172,20008176837
20010378304,20010383372
20011886852,20011892559
20022461658,20022467722
20022889808,20028879016
20023552257,20023556487
20024920317,20024923267
20026710737,20026713266
20026864088,20026870499
20030633504,20030646253
20035929991,20035933569
20039661067,20039667408
20039810352,20039816308
20041650113,20041656751
20059754470,20059759107
20067141641,20067145194
20067539337,20069228410
20070455151,20070458040
20072610517,20072614856
20074053498,20074057585
20087679012,20087721342
20088364700,20088370931
20089549492,20089553732
20098154617,20098158269
20101254905,20101256975
20101374715,20101379326
20101901581,20101907341
20104229825,20104234967
20104753237,20104756908
20105669158,20105674750
20111684511,20111688630
20112206783,20112210892
20122630600,20128740842
20130083646,20130088146
20130448348,20130453376
20137038236,20137043805
20138837405,20138844742
20139445803,20139450380
20139957895,20139962472
20140816776,20140822115
20141005169,20141009385
20153132867,20175472569
20176938541,20176942099
20176977723,20176983339
20177141958,20201493952
20177528316,20199459937
20178572372,20178576198
20179344684,20179351125
20181315075,20181320029
20193851000,20193855761
20230265861,20230270615
20230745233,20230750585
20234267931,20234308813
20245646833,20245650325
20245971929,20245976263
20256385213,20256389175
20256846761,20256849340
20262079961,20262086897
20264314526,20264318181
20275225583,20275279024
20279581998,20297571338
20284435966,20284440754
20290083417,20290188559
20311928256,20311934674
20312194813,20312201017
20312639129,20312644959
20312720901,20312727673
20312741708,20312748897
20313023552,20313026710
20313337403,20332367636
20313514965,20313522679
20317514101,20317519457
20325060775,20325068075
20330388132,20336886185
20330527474,20330532034
20332760175,20337533026
20333840009,20333845799
20336981751,20336991360
20337808667,20338317766
20339647746,20339653834
20340863609,20340867184
20342046159,20342048715
20352875257,20352880232
20354138584,20354145860
20356969462,20356973829
20371006863,20371012031
20382383951,20382390953
20382611075,20382617189
20385331079,20406315473
20386472132,20386475580
20407363379,20407368784
20409704782,20409710141
20412433042,20412439353
20421630392,20421637311
20429346647,20429351682
20429539557,20429546125
20431405050,20431411274
20433371478,20433376055
20433726846,20433732034
20433789358,20433794379
20434420306,20434424846
20435361035,20435365469
20439997872,20440001534
20453260128,20453264475
20463577087,20463584019
20472633495,20515133910
20473347037,20488502700
20504143714,20504149547
20505974532,20505978878
20510978486,20510984951
20511037493,20511041054
20511479654,20511485213
20511679653,20511684090
20511755141,20511761502
20512035375,20512039404
20515345218,20515351118
20522566392,20522571075
20530320081,20530326151
20541230262,20541234639
20542859116,20542865133
20543524940,20543532403
20543954359,20550995134
20544622020,20544625886
20556646481,20567022793
20595390963,20595393989
20595433893,20595436950
20595512681,20595517402
20595981259,20595987293
20596046149,20596050262
20596225936,20600385623
20596625962,20596630779
20596649104,20596653451
20597347134,20597352663
20597663173,20597667763
20600446878,20600481804
20600916020,20600918850
20625385814,20625390027
20636868438,20636873235
20638043521,20638050096
20646649780,20646654254
20647367114,20647373726
20659098090,20693865646
20672022976,20672029735
20675652847,20675659274
20677981542,20677987605
20679393758,20679397273
20679459120,20679464358
20683800989,20683805075
20693958770,20693969294
20696143299,20696149910
20698713714,20698717313
20700570855,20700576829
20711523884,20711529981
20711779897,20711784691
20715806315,20715811874
20715822111,20715826738
20717243976,20717422687
20718126901,20718130195
20718800804,20730608584
20718823816,20718830855
20718842020,20718846724
20719156626,20719161356
20722804410,20722807951
20723107837,20723111906
20733374418,20733379770
20734371712,20734381665
20734514893,20747874149
20748380208,20748386626
20764078021,20769862642
20767990718,20767996074
20768340604,20768344840
20768690021,20768693850
20770047321,20772823792
20776025511,20776029720
20777537590,20777542037
20782705155,20782709892
20783634542,20783638919
20784636968,20784641538
20786587206,20791522512
20786872011,20791600278
20792678188,20792682972
20793424832,20793430445
20793723909,20793728626
20799105625,20799110717
20799265808,20799270178
20815217228,20815223469
20815754641,20815759045
20817957809,20817967758
20820944086,20820951900
20822370418,20822375630
20824047995,20824051590
20825509848,20825514298
20826794961,20826799020
20830132182,20830136769
20832472039,20832476439
20832891164,20832896824
20866951933,20879435116
20878472530,20878478844
20878637273,20878643838
20879562694,20879567258
20881518803,20881525040
20902430428,20902436338
20902500266,20902515621
20904515328,20904521128
20919546435,20919552916
20920770489,20920774846
20922531209,20922537710
20925624534,20925715574
20929599606,20931613746
20929779230,20929785564
20935683369,20935687755
20937460281,20937466448
20939748952,20939754879
20940436278,20940440294
20942832315,20942841092
20943432808,20953247242
20945926380,20945930546
20946735455,20946738849
20948983654,20948987780
20949218452,20949221436
20983598287,20983603956
20983900427,20983905506
20984114743,20994951428
20984322917,20984326970
20996573553,20996578919
20996855144,20996858732
20998368206,21011196379
20998487112,21001215675
21001695919,21001699657
21001834032,21029626110
21002157798,21002164005
21003000262,21003004755
21003762761,21003767689
21010087579,21010095026
21012418910,21012422862
21012591451,21012596161
21026615471,21026626005
21031140254,21031144985
21033419063,21033455031
21033499378,21033514061
21034617218,21034624097
21034895004,21034899187
21035048809,21035052805
21035083648,21035090186
21035587956,21035592593
21035920973,21035926786
21036400853,21036406806
21037323655,21037328272
21038009067,21038013206
21038746964,21038752610
21054736738,21054743393
21061572759,21061577998
21062020229,21062026082
21066032733,21066037487
21066156065,21066161434
21067113409,21067118818
21067345551,21067353048
21067630446,21067637445
21068534653,21068540065
21071096830,21071100809
21071659985,21071664177
21072350671,21072356024
21075189872,21075194860
21076793583,21076796596
21076986048,21076991711
21077095853,21077099883
21080809460,21105066179
21080895388,21080903954
21133233232,21137383197
21137746415,21137751403
21138537964,21138581516
21145695738,21145699225
21146818974,21162623134
21146977947,21146984886
21147047023,21147051981
21164797506,21164806159
21192344323,21192352832
21192387166,21192394236
21192913100,21192918482
21193402765,21193407930
21198327036,21203444825
21198518971,21198524560
21202539759,21202544878
21202752230,21202757101
21205828561,21205833298
21208150116,21208155906
21219338782,21219343182
21220578498,21222020456
21226999170,21227005116
21227054872,21227057996
21238245983,21238252207
21238439728,21238446414
21239033603,21239038273
21243957967,21243968301
21245163322,21245169443
21256421061,21256454426
21263595315,21263605094
21268949582,21268954928
21269100484,21269105515
21269448485,21269454799
21269771323,21269780470
21270423402,21286412026
21286417639,21286535088
21286454172,21286517455
21290857677,21290862201
21292163346,21292171662
21293825646,21293829692
21294407009,21294412070
21295293609,21295298527
21300166751,21300224886
21300418968,21300445368
21300954063,21321855549
21322280384,21322285806
21324818012,21324822309
21330372496,21330377043
21330443788,21330449076
21331084538,21331089897
21334617613,21334622397
21337851039,21337898199
21340144869,21340150648
21346245963,21358730198
21353633547,21353639701
21355304413,21355310867
21367728698,21367732407
21370263076,21370268672
21371158459,21371163855
21371915192,21371920251
21372317931,21372321663
21373714175,21376155448
21382195678,21382201268
21392393360,21392399935
21393631790,21400130435
21402218843,21402225254
21402718527,21402723953
21403146867,21403150802
21403156145,21403160441
21403275886,21403282257
21408545792,21408552551
21414906217,21414911389
21417288226,21417295185
21417617037,21417623706
21419960232,21423289422
21424744559,21424749403
21428148388,21428153834
21428565018,21428571192
21443156369,21443160007
21457861612,21457867993
21459593008,21459599890
21459815765,21459821913
21460802292,21460806612
21466756979,21466760497
21466917886,21466921641
21477681780,21501301032
21478453494,21478459541
21480197398,21480201260
21482922764,21482928367
21494637530,21494643998
21495595389,21495600404
21501814000,21525495145
21508725933,21508730694
21509487651,21509493447
21526332978,21526337144
21527627101,21527632169
21533632115,21534188595
21540448803,21540455054
21540595672,21540599551
21540614097,21540619449
21543456636,21543460815
21577976594,21577982988
21577988491,21577994695
21592981879,21593046135
21593956208,21593963294
21594035153,21594039196
21597611142,21597616371
21617726439,21617733782
21620875718,21620880506
21622338376,21622343311
21633750474,21633754686
21636747438,21636752102
21637285700,21647411141
21637580140,21637585592
21646770097,21646775539
21647499722,21647553584
21648700828,21660927683
21659689807,21659700314
21660969668,21661022548
21661295833,21661301449
21662428938,21662435045
21670310343,21670315845
21676604244,21676610695
21677784746,21677787813
21680590735,21688933899
21724440434,21724446752
21725527231,21725626125
21725759968,21725765397
21726784544,21726790280
21726961368,21726967338
21727599526,21727604714
21730601441,21730606456
21731399722,21731403771
21731599978,21731605003
21734030123,21734101017
21734243249,21734249299
21734474856,21734479350
21734850420,21734854145
21734955411,21734961368
21735042568,21735047042
21735635828,21735641544
21737664477,21737670070
21738433347,21738439064
21738863652,21738870140
21739240104,21739246956
21739975388,21739980867
21741442165,21741446188
21754951470,21754954628
21757676349,21757680762
21757784033,21759593572
21759069122,21759075760
21764622797,21765815110
21772320560,21772325638
21772398262,21772404253
21795898906,21795957302
21797460181,21798675596
21797594692,21797599743
21799486124,21836220678
21805285115,21814663214
21851417988,21851424102
21851871795,21851878554
21853251626,21853257312
21854365173,21854368781
21856612845,21856617913
21858342417,21858346787
21866565498,21866572190
21891481753,21891486741
21893766201,21893772008
21896284539,21896289497
21915479576,21915484217
21918386727,21928797722
21918787177,21923698148
21923824581,21949624505
21924526693,21924532122
21924570523,21924575918
21950282127,21970141260
21960407502,21960412370
21965517410,21965522588
21969529372,21969533224
21969979300,21969983794
21973113041,21987732305
21976363883,21976368678
21987929535,21987937366
21988230440,22012804981
21993054170,21993059983
22013776884,22013783245
22016226075,22016230104
22017587420,22017592037
22017749768,22018123541
22019344568,22019348771
22021941143,22021946221
22047156414,22047160607
22047398576,22047403764
22051070962,22051074380
22069859245,22069863010
22091150182,22091232365
22100447954,22100452931
22101093799,22101097374
22101231066,22101235764
22101845307,22101850692
22108478082,22108576040
22109236379,22129482377
22113089020,22113093093
22113795042,22129493663
22118773869,22118777751
22134111647,22134117437
22135340726,22135344200
22135410491,22135416788
22135610233,22135614997
22135673519,22135679409
22136376086,22136381706
22136938393,22136942515
22137362292,22137366478
22137466849,22137551437
22143988175,22143992886
22145228239,22145231804
22168187520,22168192398
22171806980,22171812499
22178043372,22178047588
22200988915,22200992710
22202019428,22202024065
22204450043,22204455008
22204883264,22204887811
22214055845,22246674326
22215023232,22215027535
22217223436,22217228334
22217543868,22217550737
22218114095,22218119929
22219117597,22219123036
22220100425,22220104334
22230016937,22230022259
22231406172,22231411638
22252090373,22252094653
22254455187,22254459637
22254473425,22254478773
22290606599,22290612769
22296992331,22296996888
22302862516,22315285232
22310272063,22310278023
22310688315,22310691125
22311550140,22311554590
22312611192,22312617032
22315515196,22315518106
22316947565,22316952159
22318127833,22318132688
22321845285,22342231769
22336188235,22336232481
22336494956,22336501063
22342365589,22342369143
22342583946,22342588944
22344518005,22344522395
22352390967,22352393860
22354783036,22354789337
22376892677,22376899078
22379924567,22379930119
22382747263,22382752428
22391888895,22391893588
22393311228,22393316426
22394325654,22394330372
22394780193,22394785485
22394864795,22394871116
22395865604,22395869429
22396410557,22396415355
22434059175,22434067220
22434070421,22434076167
22434075422,22437498030
22434078208,22434131549
22434747854,22434755024
22437712736,22437722912
22438614374,22438619228
22459350379,22459358457
22459551614,22459557601
22461132229,22461138269
22463597450,22470474221
22472320026,22472372625
22472553337,22472559070
22472660283,22472665007
22472995368,22473001338
22473957646,22473962247
22476020606,22476025090
22492333157,22492338359
22493311358,22493314412
22498142271,22498146945
22498606833,22498610782
22500953612,22505936195
22501330739,22505144081
22505455553,22505461563
22506215701,22506221203
22508214509,22508218628
22511891670,22511898301
22513230948,22513236427
22521682845,22521688327
22538147199,22538197353
22538800682,22538805430
22545784956,22545789430
22546682829,22546688856
22546705617,22546709229
22548853934,22548857960
22550256228,22550259997
22551670473,22551675144
22551691865,22551746535
22552656539,22552661537
22552977445,22552984037
22553550205,22553554739
22556668721,22556673292
22558009974,22558015176
22559835059,22559841116
22570565534,22570570562
22570756767,22570761871
22572795275,22572801235
22575024608,22575030765
22603486315,22603490792
22604287953,22604291602
22604857533,22604861792
22605617810,22605624215
22605828100,22605832617
22611992912,22612045394
22623319727,22623324147
22626213732,22634141000
22627490211,22627495202
22634166749,22634230683
22642143580,22642151765
22657128232,22657132404
22658331626,22658337930
22660110436,22660116276
22664098404,22664104257
22664457079,22664460189
22665783782,22665789736
22667086648,22667096668
22668227631,22668314424
22668425533,22668465092
22668786677,22668791234
22676683109,22676687295
22676907330,22676912472
22678019454,22678025852
22682290419,22682293904
22682406021,22682412192
22682810333,22682812926
22682833546,22682839285
22683913156,22683918772
22684112474,22684115484
22685844863,22685852370
22688762537,22688767642
22696053763,22696059192
22697022643,22697027381
22697363966,22697366662
22698469672,22698472846
22699474042,22699477213
22715035360,22720570172
22721616648,22721621583
22723228768,22723234447
22723280712,22723283555
22724819799,22724825165
22725573225,22725577117
22725581677,22725588957
22742483737,22742488400
22746785732,22746794662
22747634584,22747640029
22748923555,22748927310
22763453881,22763458021
22771069972,22771073908
22775303115,22779416690
22779469129,22779516172
22779931265,22779935378
22780718207,22780724695
22780860412,22780866112
22782123237,22784102829
22808176048,22808180565
22808581349,22808587450
22809818550,22809909523
22810652675,22810656620
22814956581,22814961409
22815543931,22815551040
22815998690,22816003775
22816621410,22816626481
22817895367,22817898685
22819641941,22819648676
22830761440,22830766174
22831226549,22831230635
22832861200,22832864460
22834320446,22834324773
22834472681,22834477185
22834879415,22834884146
22846125387,22846130231
22849781493,22849787497
22850192384,22864114690
22855757348,22855760705
22855799082,22855804906
22862405454,22862409387
22872969683,22872974300
22873272819,22873277075
22879578413,22879583067
22879812587,22879817792
22882048933,22882053473
22884187561,22884193150
22884703492,22884710598
22885250634,22885256547
22885363747,22885367645
22885777243,22885784158
22887254894,22887259415
22887724113,22887729960
22891674536,22891681625
22892110840,22907573685
22893448034,22893452364
22901651191,22901657803
22902501650,22902517900
22905222596,22905228035
22905914943,22918577759
22908393815,22908400129
22908892183,22908896042
22909434056,22919935098
22918624254,22918629329
22920142812,22920146674
22923797141,22933179624
22924380932,22924384885
22934023317,22934054291
22934635951,22934640855
22934800139,22938993382
22940158613,22940163076
22941582342,22941585894
22942618137,22942621969
22949810890,22949815908
22952073582,22952077628
22980872774,22980878808
22981123312,22981128460
22981852606,22981858031
22981931374,22981934949
22982077351,22989646422
22982648197,22982653181
22985223604,22985228551
22985243923,22989680921
22990777697,22990784378
22991062802,22991066938
23001028532,23001034399
23002780388,23002786054
23003645196,23003649612
23004442791,23004447729
23008310694,23008315859
23009436673,23021493937
23010433045,23010438461
23022086572,23033929856
23032769903,23032778570
23035217467,23035221473
23043223832,23043229775
23043894694,23043899030
23045146167,23045149755
23048800109,23066085545
23048900142,23066090032
23066428238,23066433747
23066462666,23066467156
23067611984,23077934021
23071468798,23071473877
23073559635,23073563717
23092315992,23092320776
23093869836,23093876150
23095028322,23095033981
23103364396,23103368542
23103641032,23103647310
23104240352,23104243242
23120135789,23120142103
23121460311,23121529751
23124522102,23124525927
23127747834,23146009127
23137687078,23158481919
23140701619,23140706102
23155555682,23155559751
23158758722,23158765712
23159981133,23159986762
23160139054,23171356982
23171670178,23171676362
23173452075,23173456595
23181019683,23181074290
23181135188,23181142314
23185584727,23185590406
23187897469,23187901328
23194432072,23194436335
23194719052,23194724788
23194873084,23194878927
23195265068,23197916991
23200272299,23200277849
23202426994,23202466510
23204188495,23204192674
23205883793,23210332012
23206797017,23206803100
23208294787,23208299180
23210346505,23210355064
23213705780,23213709735
23214669134,23214674108
23246684219,23248654325
23248863639,23248905794
23250681832,23250686653
23253552988,23254124077
23260882290,23260888363
23282735233,23282740074
23283594204,23283600432
23284567578,23284572796
23284793850,23284800749
23285578443,23285584009
23287922873,23287927875
23287937059,23287943193
23289718194,23289721261
23291222406,23291227621
23344769918,23344776450
23344887591,23344893999
23345604234,23345608453
23352579942,23352585260
23356501082,23356510419
23378823127,23378827049
23379167179,23379171863
23385458571,23385465109
23385679120,23385683089
23386198222,23386204881
23401133121,23401138925
23406231627,23406238465
23406244973,23406249855
23429258768,23429265921
23430101192,23430104713
23430448511,23430453616
23433207791,23433213534
23433765420,23433769733
23433916435,23433920050
23458223555,23458229361
23463027112,23463029708
23466081296,23466083962
23466252654,23466270681
23479686829,23479693501
23479909092,23479914918
23479969128,23481331783
23481654269,23481659444
23483429805,23483434232
23484179730,23492299665
23496939171,23496943521
23507000995,23507010279
23508290257,23508294924
23513524854,23513529407
23515316048,23515321033
23516730500,23516735846
23518941419,23518946350
23534212419,23534219892
23534346125,23534351701
23534351473,23534356522
23534386159,23534390462
23534546645,23537331944
23537451698,23537458176
23543032876,23547578610
23543377700,23543382728
23557302379,23557308182
23557375551,23557381000
23557493605,23566139377
23557905424,23557911408
23577870560,23597734618
23582134356,23582138442
23597756280,23606852268
23602815326,23602820712
23603009700,23603013829
23603519574,23603524635
23607805580,23607811697
23611822189,23611826726
23612353097,23612358119
23613818107,23613822394
23614406319,23614411658
23629012040,23629018411
23629211234,23629216663
23632205622,23632210634
23633356434,23633362909
23639482001,23639485192
23640728216,23640732599
23640965837,23640968937
23642530946,23642535323
23643455981,23643459475
23648412701,23648417462
23658267885,23672986314
23658840561,23658846504
23667962010,23667967385
23679456193,23684141112
23686336489,23686342532
23686659055,23686664351
23687980975,23687986143
23692488215,23692491930
23695499629,23695516961
23696347912,23696353819
23697268920,23697273979
23698442678,23698450158
23699271056,23699275737
23701858798,23701863254
23702513740,23702519029
23702852397,23702859623
23702999456,23703002911
23703487491,23703493438
23703598349,23703603013
23706494351,23712082839
23713696265,23713700775
23725265441,23725269287
23725545205,23725549327
23726145056,23726148698
23738088760,23738093067
23739300747,23739304115
23748352021,23760483691
23750261126,23750267266
23760773761,23766635962
23774371065,23774375312
23777815015,23777819051
23778765269,23778769606
23790872504,23790899011
23805686342,23805690315
23812470818,23812476691
23828199350,23828204866
23829257592,23829263496
23839399217,23839402682
23839446654,23839451836
23874736947,23874742860
23875168457,23875172810
23875637038,23875642497
23876069423,23876073479
23883130448,23883135195
23892589828,23892595902
23894992146,23894995541
23895127987,23895133276
23900100851,23902118599
23901515380,23901520037
23907120749,23907123910
23907446524,23907452851
23917698822,23917704385
23921523454,23921527830
23922036565,23922040832
23924862920,23924868807
23926387294,23926391013
23930836266,23930841043
23931093344,23931097390
23940838699,23948914655
23953540470,23962916792
23962969274,23962976881
23963099893,23963104360
23963851855,23963855965
23963916736,23963922669
23964800309,23964806844
23965475778,23965479243
23967569531,23967574008
23970862543,23970867484
23971945477,23983436584
23978481908,23978485827
23982688711,23982694183
23983683456,23983690318
23984259574,23984265972
23985092356,23985099148
23997874027,23997878654
23997914255,23997918975
23998400125,23998406185
24000162468,24000167529
24001468270,24001472931
24001931118,24001935819
24002562394,24002565541
24006624760,24006690823
24007415737,24007420291
24010555562,24010559380
24011006048,24011012833
24013813363,24013818024
24013881638,24013887110
24014512018,24014518179
24020287593,24020291715
24022049872,24022054549
24023853328,24023860892
24023965338,24023970376
24042122248,24042132972
24047814961,24047819228
24048458034,24048464629
24049751195,24049755919
24091575672,24091633206
24095554262,24095558609
24096427429,24096433890
24096491617,24096498834
24098639363,24098646509
24099117940,24099123078
24103021433,24103026728
24103178124,24103183473
24104366003,24114742233
24104736178,24104741493
24106217428,24106223558
24106384890,24106388124
24121739409,24121744861
24122799569,24134151557
24177547125,24194663475
24196119027,24196124005
24196301219,24196306909
24196458636,24201253627
24197472434,24197477402
24198080554,24198085639
24198154087,24198158821
24200558153,24200562396
24200838040,24200844474
24206144252,24206148999
24223002869,24223008672
24231540376,24231546213
24232048476,24232053985
24233291049,24233295496
24236848646,24236852247
24246269422,24246273495
24247265848,24247272724
24259768956,24259775905
24261218714,24261223448
24262414197,24262417541
24267341541,24267346747
24271295689,24271299936
24271915796,24271922137
24275305553,24275310371
24275515896,24275520971
24276228339,24276233969
24277560164,24277566164
24278465904,24278472346
24303269491,24303278217
24310335844,24310340575
24312832733,24312836989
24318919044,24318923124
24322475218,24322479544
24338212898,24338334830
24360211812,24360217178
24360321013,24360328443
24360810524,24360816194
24363308974,24363315161
24364286222,24364290926
24372681036,24372685794
24373207408,24373211594
24374099297,24374105424
24374266686,24374271824
24374354926,24374360331
24389261841,24389266879
24389736496,24389741624
24390467330,24390473120
24393893753,24393900001
24394271442,24394275167
24399697171,24399703241
24402582038,24402586655
24416166390,24416171104
24416327448,24416333872
24432117483,24432123416
24432188604,24432194440
24433048016,24433052302
24433717391,24433722399
24434389830,24434394183
24437212563,24437218908
24437486273,24437491682
24443113254,24443117551
24451054882,24451059402
24452475662,24452479056
24459032849,24459038973
24465366003,24465396198
24469821135,24469825401
24475012520,24475015584
24476957884,24476962524
24478404946,24478408548
24479008930,24479013798
24483570009,24483574332
24484337603,24488526706
24485309664,24485316696
24485546590,24485550903
24489343191,24489351878
24492267645,24492272843
24504853152,24512639221
24504902935,24504907656
24512906570,24512913933
24526898972,24526905721
24534493127,24534500420
24534692401,24534697583
24536966052,24536970719
24537116151,24537122790
24537210605,24537215804
24537639670,24537644043
24552186307,24555463773
24553554387,24553560902
24555766765,24555773564
24561750013,24561754340
24565447925,24598193694
24567316455,24567321463
24568010496,24568017528
24571291810,24571295405
24579149538,24579155492
24601236452,24601242980
24638959331,24638963944
24641695835,24641702190
24649536709,24649542148
24664601142,24664606056
24665854065,24665857429
24667705890,24667746916
24668599620,24668605737
24669320879,24669324912
24680523673,24680528915
24696659120,24696664258
24697945910,24697950420
24699253125,24699257408
24702698739,24708064726
24708812793,24708818259
24709060347,24710966612
24711032772,24711037563
24713606712,24713614005
24714668161,24714673123
24715333788,24715337473
24715868869,24715874191
24719363163,24719368275
24732890285,24732896202
24733487253,24733490965
24740291202,24740297921
24741415107,24741421397
24744194164,24744200382
24750028615,24750032795
24753136377,24753140647
24757568862,24757574812
24764446631,24764453263
24780929512,24788384241
24783893976,24783899739
24789240516,24792634095
24789561733,24789565161
24790058581,24790062817
24791385321,24791389741
24800509038,24800512306
24800909859,24800915248
24811296479,24811301968
24813854620,24836546418
24815701708,24815707290
24820796160,24834824871
24837714519,24865836992
24840003922,24840009053
24848785094,24848791739
24849729679,24875314480
24849801375,24849806018
24850862650,24850866546
24853695914,24853700485
24865891709,24865897623
24878795912,24893321233
24893539347,24893543754
24893862452,24927469604
24894094260,24894099385
24895786284,24895791703
24896713506,24896717853
24905247899,24905253796
24905416932,24905422725
24905454661,24929660002
24928317376,24928324138
24955476184,24955480905
24967849785,24967853814
24975926566,24975932339
24976426698,24976431135
24976630339,24976633987
24987515353,24987520555
24995557054,24995563352
25003353490,25003372928
25009014031,25009019584
25009098853,25009107429
25010277254,25010282613
25010341005,25010345936
25014782142,25037757296
25015126455,25030156206
25015727579,25015733820
25015944390,25030156660
25030776383,25030781073
25030989923,25030995238
25037804346,25037909357
25038527302,25038531525
25075281576,25075286256
25076207669,25076212045
25080226503,25080231855
25080275290,25080279429
25084680790,25084713841
25088461014,25088467335
25094908329,25094912378
25095411859,25095416907
25114719143,25172981786
25118387764,25118395913
25118809673,25118813953
25120502846,25120529339
25129264354,25129267554
25130285058,25130290764
25138903384,25138908422
25144025436,25144029766
25164252191,25164257376
25164908831,25164914905
25167066428,25167070691
25170798480,25170803328
25177864904,25177872908
25182522668,25186834358
25197975092,25197980998
25212516677,25212521435
25213031072,25213036761
25213372645,25213379961
25223097165,25223104031
25223644404,25223647635
25224164695,25243966181
25238722381,25238727649
25240439615,25240444255
25241388961,25259956908
25245087991,25245093316
25245624001,25253899753
25253965862,25253991854
25255726648,25255732000
25259459823,25259466414
25261407051,25261412907
25267246085,25267251184
25268661523,25268665271
25269713939,25269718329
25293534777,25293581285
25314876085,25314882286
25319235858,25319242563
25325401940,25325406737
25325892991,25325899165
25326306611,25326312053
25326323683,25326329747
25327705057,25327708839
25334200614,25343347928
25334793784,25337593619
25341367779,25341376973
25344665675,25344669266
25347499981,25366945999
25348184704,25348187858
25348229923,25366957371
25367898909,25367903386
25367917852,25367923188
25390537511,25390543311
25391289133,25391293646
25391957132,25392007750
25392033261,25392088689
25395468698,25395477695
25395911139,25395914971
25419711388,25419717087
25420305950,25420310066
25420543491,25420547988
25423222115,25423228276
25423957660,25423963477
25424169403,25424175163
25424521316,25424526732
25426047561,25426051266
25439889443,25439894541
25440549794,25440554257
25441018726,25441022855
25441189205,25441195355
25443750907,25443755838
25462950177,25462956905
25474983588,25474991095
25475360270,25475364356
25475425475,25475429624
25476039916,25476044409
25476228195,25476231706
25476683526,25476688828
25477160198,25481149265
25481932238,25481938158
25482218830,25496532426
25496972826,25496979434
25497953676,25497957869
25498219094,25498225411
25501737923,25501742834
25502623448,25502627584
25502781515,25502785368
25503128718,25503134327
25504985979,25504992287
25513297628,25513302182
25513542532,25518030780
25513615995,25513622430
25513829178,25513833915
25515756832,25515761559
25515826062,25515831447
25516764069,25516770059
25518091968,25518100588
25518891254,25518936463
25519723308,25519727497
25519854364,25519859115
25519963882,25519968680
25520844259,25520850563
25521229000,25521233266
25522529985,25522535374
25523221851,25523226562
25525358027,25525363950
25534181995,25534187027
25536457851,25536461496
25536532854,25536536158
25537861271,25537864171
25544487612,25544492763
25545265145,25545271135
25545534872,25558668270
25558635890,25558643694
25559559217,25559563647
25572868138,25572878793
25591982596,25591988075
25597312455,25597317543
25598285902,25598291501
25599796886,25599886692
25599890862,25599897323
25599999802,25600037487
25608141910,25608147944
25608961078,25608967399
25629032886,25629037887
25638048405,25639207986
25639910961,25639920676
25650411235,25650416193
25653164260,25653167501
25654472913,25707735523
25654934578,25654941246
25654995205,25655001172
25655305157,25655308715
25704257868,25704262308
25707551697,25707555426
25708132459,25708138663
25709197637,25709234988
25722229651,25749715670
25725168200,25725174134
25727369944,25727374027
25746456362,25746498267
25747235719,25765207624
25750782782,25750785499
25751019762,25751024165
25765676068,25773857578
25774951779,25774956466
25775756958,25775762748
25776106847,25776110866
25789217623,25794396343
25789291808,25789296883
25789756303,25789761555
25791282060,25791286413
25793487459,25793491849
25793748537,25793754310
25821097115,25821106379
25822512318,25825314632
25835772529,25835778042
25836511299,25836514185
25836561101,25836564603
25845869486,25845874631
25848658363,25848662960
25859097455,25859102998
25859663035,25859669420
25860390499,25860395353
25860991309,25860995097
25861981223,25861986278
25862095341,25862099635
25863068555,25863073138
25864895517,25864900759
25868169809,25868174670
25868176387,25868180570
25870221240,25870225473
25871308441,25871313636
25880626268,25880632802
25880864928,25880869151
25885516535,25885523985
25886782227,25886788471
25906669042,25906672099
25909114605,25909120445
25909668339,25909672495
25910408919,25910412660
25939521182,25939527536
25939732260,25939738558
25940300159,25940305334
25941281033,25941287427
25942731002,25942735315
25952078883,25952084823
25952302269,25952307621
25952727541,25955316282
25956376291,25977070558
25958895374,25958900633
25959349950,25970366138
25966756881,25972720778
25967969195,25972734195
25972889838,25972895624
25975009212,25975014751
25978268517,26013973649
25987556296,25987590246
25987665403,25987672950
25988821613,25990255473
25988974630,25990264607
25995338085,25995344062
26018089877,26018096472
26019129995,26019134595
26020352873,26020357256
26032696937,26032701835
26038820596,26038825186
26040513395,26040518496
26041695103,26041699600
26042692575,26042698652
26051493414,26051498817
26052922349,26052927541
26068752341,26068757142
26077331997,26098365729
26085966527,26085971017
26098592422,26098598823
26101088887,26101092916
26105877073,26105880491
26106443859,26135855320
26114904252,26114908866
26129383135,26129413611
26136263898,26136271292
26138294291,26138298678
26138864158,26138867673
26139880960,26139886579
26142217630,26142222611
26159279360,26172959485
26184945666,26184951332
26186582337,26186587208
26187069270,26187073252
26208086872,26208128697
26213786782,26213796985
26214862711,26214867004
26215328252,26215333904
26216909641,26216915274
26223871959,26223876957
26224830071,26224835571
26242517298,26242595468
26242571230,26242580110
26269584091,26269588504
26269755803,26269760874
26281086884,26281093589
26286925237,26286930399
26301087464,26301092144
26301775097,26301779587
26302688785,26302693860
26343491079,26343496227
26345661820,26345668007
26345733556,26345739265
26346416732,26346422158
26346450398,26346455620
26347616264,26347620223
26374902210,26374907415
26399282093,26399286553
26401852970,26401857270
26403528767,26403533113
26404100605,26404106003
26405594617,26405599665
26407573630,26407578561
26426334601,26426434069
26426695080,26426702263
26427935291,26427941769
26428654215,26428658575
26428755574,26434745968
26428786722,26428791389
26431599395,26431604387
26435394720,26435401616
26437691891,26437697039
26440688992,26440692129
26440726935,26440732507
26447951469,26447957877
26448106373,26448111077
26449125467,26449129703
26452075726,26452079711
26455591461,26455595403
26463640115,26493756184
26479897595,26479900488
26495265430,26495268808
26496189890,26496195837
26509666852,26509671376
26516536627,26516540566
26517823413,26517829223
26517874221,26517879520
26519171425,26519176590
26520382022,26520387387
26520388600,26541826156
26538483559,26538489242
26542068502,26542072324
26547806688,26561329888
26561473263,26561480743
26561479734,26561484258
26562764279,26562767526
26563217328,26563220458
26591378586,26591382668
26596263316,26596267412
26601704597,26601709705
26602171374,26602175804
26606911869,26606918113
26610597980,26610601063
26611263860,26611268745
26626639648,26626646009
26628100241,26628105723
26628915730,26628922068
26630145681,26630149770
26638205473,26638209025
26649141176,26649145359
26651090813,26651094852
26651179229,26651182904
26652246248,26652251440
26659704983,26659715928
26670229131,26670234229
26695280839,26695283515
26715897744,26716647324
26717296717,26717306593
26717516712,26717522271
26718457118,26718461564
26720322470,26720328324
26720515066,26720519042
26744980948,26745023080
26745596829,26745602739
26765976383,26818056875
26772006822,26772011756
26772841605,26772847090
26773460335,26773465029
26775152609,26781181424
26775587684,26775593628
26777291121,26777294201
26777831571,26777835924
26780042312,26787644725
26782856723,26782863455
26789261535,26789265949
26794560204,26794566378
26818360569,26818370605
26818837375,26818843161
26820997756,26821004741
26825231944,26825236464
26825250636,26825253810
26825978097,26825983445
26826195325,26826200427
26826360663,26826367127
26842764815,26842769091
26848261852,26848268681
26850107293,26850112040
26850731262,26850737697
26854923332,26854931029
26858628423,26858632462
26875310323,26875316150
26896716205,26896723354
26897145663,26897151393
26901273060,26901277079
26902583199,26902588762
26903009885,26903013801
26916640793,26916645938
26916893090,26916897510
26924623353,26924628141
26924633172,26924639112
26924885089,26924890117
26926172844,26926177064
26927001664,26927008666
26940097603,26940101041
26941522983,26941526414
26941652764,26941657120
26942078220,26942083729
26942214492,26942219757
26943669048,26943673488
26944783969,26990030714
26948567794,26948572198
26951472914,26990034375
26984839966,26984843661
26985341351,26985344368
26990049436,26990122371
26990130991,26990137699
26991030427,26991035689
26991913629,26991916933
26993468523,26993478779
26993737000,26993785858
27013653202,27013658418
27027086489,27027093187
27054890941,27054900533
27059563165,27059572553
27062929576,27100863075
27101107057,27106850412
27101385805,27101392400
27101819717,27101826075
27102742844,27102747230
27103822044,27105624019
27105968376,27105976193
27125353943,27157737556
27158121665,27158128641
27158445659,27193833134
27159484577,27159489238
27159530100,27159535232
27184499582,27184517392
27184810195,27184814792
27184861521,27184866777
27185784795,27185790040
27195092001,27195096391
27195114124,27195210572
27195278069,27195335903
27201721542,27240695199
27240921004,27240925497
27243309891,27243316737
27247018200,27247047429
27283012368,27283018208
27284106201,27293728271
27294406941,27299377219
27299488872,27299493262
27312477418,27312481293
27328662193,27328694089
27336559564,27339256158
27337536863,27343769579
27337910205,27337916716
27340789493,27340795640
27344290315,27344329660
27350802687,27350808637
27363659786,27363665883
27363758950,27363765335
27368420757,27371755138
27372698728,27372704995
27373891969,27373896369
27379000981,27379007249
27404603629,27404664667
27413842247,27413847141
27414471080,27414475935
27414599825,27414604573
27417895355,27417900340
27421281511,27421285727
27421567000,27421571531
27422170644,27422175044
27427583377,27427586744
27429358816,27429362751
27430772296,27459415528
27430795164,27430826468
27431783692,27436630664
27431901445,27431908955
27432267009,27432271383
27433454100,27433459018
27433671248,27433676480
27438749217,27438754970
27460027189,27460034620
27461844520,27465371427
27461920268,27461928600
27467551322,27467557797
27483839271,27483844974
27485906577,27485911495
27489640677,27489646444
27495186214,27495193177
27495659796,27495664500
27496021549,27496028030
27503090661,27503119497
27509427289,27509432127
27510228586,27510232365
27511212440,27511215861
27511531683,27511536521
27514306909,27514311760
27540149881,27540153867
27541293426,27541297639
27576622400,27576629332
27605102054,27605106207
27614563045,27651751538
27640104064,27640110802
27645920741,27645928011
27646461312,27661071800
27651908563,27656448891
27652459297,27652463396
27652531998,27652536294
27652878866,27652883393
27656273685,27656280139
27658534680,27658538642
27659117295,27659123289
27664148675,27664153540
27676405609,27676410089
27677697116,27677702682
27684875823,27684881082
27713259197,27746936922
27713644630,27713649060
27714029294,27714033600
27722799918,27746981092
27723499566,27723511974
27747178686,27747186647
27747956757,27747961254
27748843902,27748847333
27749218945,27749224845
27753203561,27753207300
27753896019,27753901678
27796148622,27796153811
27796519779,27797341219
27797415296,27797424126
27798554412,27812577497
27803315513,27803324387
27813905055,27813909733
27822841492,27822846517
27843050187,27843053351
27844435122,27844440982
27845679907,27845683188
27848981935,27848988423
27860640888,27860646431
27868212839,27868216394
27869834296,27894114097
27882232513,27882261886
27885067621,27885072245
27894311527,27894319041
27894437121,27894443776
27897018585,27897022724
27897629568,27897638188
27897917393,27897924218
27898375657,27898382122
27900053826,27900058360
27900701579,27900707272
27901729636,27901734531
27908401162,27908405452
27908628153,27908633542
27909405847,27909412081
27909772704,27909777097
27910185518,27910189878
27910757570,27910762585
27923694096,27923700644
27934965030,27934972581
27935302735,27935308501
27940409488,27940413548
27945439823,27945445589
27949879620,27949884641
27954638286,27954645582
27960199412,27960204246
27961699985,27961706383
27997543490,27997549330
28000090432,28000094809
28002723526,28002728574
28005286862,28005291673
28010479641,28010484793
28012995931,28013001082
28016082672,28016087198
28024554717,28024561863
28031600965,28031607089
28031702675,28031709160
28037555257,28037559360
28040896244,28040901071
28052558856,28052566119
28052850175,28058908172
28060129016,28060134602
28061897128,28061900319
28065092883,28065096785
28065407565,28093355422
28072053269,28072058314
28072099681,28072104328
28075178571,28075182076
28075339004,28075343271
28093363354,28109470056
28109662515,28109669674
28110376711,28114022468
28114171495,28114175354
28132618588,28148705312
28133634091,28133639844
28134509472,28142755903
28165140527,28165150640
28165428853,28165433507
28173598701,28173603629
28174750385,28174757204
28196188556,28196195735
28196229391,28196234911
28197839590,28197845440
28204060118,28204064916
28205683754,28205687800
28206558578,28206563789
28206746042,28206752016
28207754101,28207759426
28210320634,28210324222
28210456966,28210462301
28213020970,28213025394
28216196365,28216200268
28219341218,28219345494
28222768974,28222774336
28227099230,28227106560
28227817890,28227823961
28227964118,28227970513
28236763865,28236769976
28243873654,28243878054
28252581777,28252585903
28253062027,28253067637
28253826047,28253831202
28256269194,28274876387
28256487802,28256492446
28256896083,28256902301
28257052320,28257058688
28258127237,28274888798
28259216456,28259221731
28262791984,28262798134
28269729692,28269734092
28270775587,28270779489
28275426773,28275432128
28276121352,28276124816
28276283024,28278634414
28276426880,28276431060
28278915510,28278922707
28281913731,28281919127
28284483224,28284488339
28285526586,28285532486
28291354696,28299371398
28299387915,28299441172
28299607890,28299612517
28299872893,28299878031
28300336379,28300340141
28300522196,28303955344
28300770274,28300774952
28302487248,28302492453
28303737648,28303741781
28305608507,28305614253
28311023929,28311027688
28312006153,28312010593
28318950266,28318957232
28325271279,28325280506
28325536142,28325540197
28326156770,28326162055
28346067373,28346074830
28346191584,28346196732
28346240131,28346244948
28355877654,28368341473
28356090289,28356095117
28358163696,28358168921
28358230861,28387078419
28363632804,28363636659
28364394518,28364400147
28387316277,28392295041
28392547476,28392553884
28396294205,28396299961
28396315887,28398698965
28398191276,28398194917
28401579322,28401585606
28401718905,28401722957
28415450791,28415460483
28418749177,28452552560
28418964906,28443658125
28436864242,28436870146
28439172394,28439179908
28439301466,28439308339
28453353052,28453356166
28454900315,28454904728
28484439304,28484444092
28484484413,28484489571
28484556359,28484560639
28485521317,28485524063
28487302767,28487306468
28489038777,28489042695
28497933459,28497937752
28505448912,28505453943
28506079934,28506083900
28506108973,28506112194
28507201523,28507205876
28509947442,28509952744
28520285111,28539090018
28529617394,28531799901
28532909062,28532914571
28536856956,28536861860
28546923006,28546930831
28549349890,28568075925
28569874794,28569879227
28575586527,28575589537
28592292749,28592298629
28594831784,28594835947
28600523425,28600527043
28606220425,28606225908
28609541774,28609545856
28610645001,28610650223
28610940300,28610945639
28616168068,28616174138
28617320363,28617325732
28635941747,28635947260
28636975414,28636981317
28641300996,28641308222
28641845692,28645054012
28648545663,28648551529
28665981941,28665986839
28668330281,28668334520
28673285608,28694736708
28679167908,28679171934
28679171168,28679176377
28679179912,28679186239
28686132728,28686138053
28695865170,28695870929
28700855450,28700862078
28702451550,28702456564
28702466116,28740421625
28705603969,28718904549
28714759860,28714766772
28718062553,28718068419
28720191071,28720195638
28750038529,28750042097
28762251536,28762259063
28762491874,28762497941
28772169144,28772974447
28773730816,28773736038
28776008298,28776012929
28776273622,28776278173
28779080804,28779086019
28788458653,28788464239
28789804406,28789809852
28792197393,28792202204
28798049444,28798053764
28798752162,28798758773
28816892164,28816897653
28822240979,28822246993
28823866071,28823871855
28828115982,28828120302
28828172032,28828177017
28828625252,28828631085
28837670551,28837676789
28839579743,28840866015
28839735967,28839743431
28842460829,28842465546
28856843130,28856881213
28865299463,28865302674
28880366050,28880370851
28882268958,28882272940
28882729811,28882740242
28903810523,28903836024
28913906367,28913915668
28942560357,28942565428
28942687628,28947906887
28947983032,28947993242
28948577324,28948582633
28950690211,28966032773
28950708809,28950713326
28953604775,28953610478
28953887846,28953891685
28954141821,28954147420
28955178578,28977710578
28966066586,28966126435
28966101431,28966125643
28990712435,29013528432
29024139830,29024144968
29049168516,29049173307
29049277720,29056415174
29055487975,29055492088
29056656019,29076171548
29057339045,29077674904
29059668355,29059673209
29077995563,29078001317
29078342228,29078347754
29078698334,29086280121
29080480135,29080486252
29081254347,29081260384
29081786749,29081791717
29083714319,29083717563
29086533792,29086537470
29088566754,29088648579
29119202777,29119207157
29130228226,29130234139
29132877814,29132883838
29135678675,29135682894
29137408016,29137414026
29139965305,29139971138
29142154120,29142158427
29142257163,29142261814
29154415470,29154422353
29154590473,29186671825
29175336354,29175341409
29177648110,29177653847
29180206091,29180211366
29180883034,29180888122
29187206498,29187215382
29188025753,29188030761
29189617453,29189622705
29192264355,29192268908
29202956843,29205909942
29206073980,29206079943
29206573942,29206579561
29207116674,29207120853
29207606974,29207612971
29209950091,29209955467
29214892957,29214899275
29216191978,29216196304
29235894991,29235900891
29241475882,29265683452
29256949393,29280021901
29266402724,29266407501
29270597383,29270601966
29276910484,29288908752
29294313390,29299593921
29299604358,29299609165
29299791802,29299796325
29301320502,29301325196
29302070059,29302075879
29302804542,29302809126
29302956409,29302963111
29308651769,29308656239
29311218797,29311225168
29316605143,29334384278
29327617098,29327622116
29335113138,29335117574
29340989013,29340993486
29341413066,29341417275
29341514128,29341519076
29342005998,29342010178
29342488267,29342496565
29344620774,29344626203
29367266435,29367269970
29367434375,29367441725
29368115504,29368121290
29371351630,29371356207
29374846087,29410619680
29383609285,29383614009
29410905761,29410910960
29411403565,29427012496
29411725894,29411732807
29414528385,29414538555
29414808272,29414812782
29415841578,29415846432
29427248040,29427252767
29428260759,29428266178
29428805813,29428811248
29428928627,29428932924
29429317561,29429322709
29429549540,29429554885
29452277581,29452283010
29454151533,29454156354
29454841405,29454847074
29455381320,29470811544
29455915723,29455920267
29456201260,29456206635
29471558358,29471563710
29476140875,29476148158
29477015174,29477021285
29477489912,29477546955
29477527043,29477530932
29479923939,29479930805
29480250802,29480257183
29501796497,29501801946
29502072525,29502077035
29503023167,29503027483
29529667784,29529675087
29530857381,29530861958
29531234357,29531240097
29531748267,29531752524
29531929828,29531934422
29532022552,29532027606
29532283168,29532288076
29533153946,29533158673
29533294805,29533299846
29533526416,29535183153
29533562808,29533568999
29533764435,29533768193
29534862624,29534866342
29535021768,29535026482
29535149116,29535154648
29536223682,29536229425
29538145696,29538151285
29564177085,29564181435
29566256703,29566261210
29573133180,29573137850
29579320667,29579324943
29586193071,29586199716
29611142301,29611150225
29612593867,29633334746
29615025622,29615029521
29616767381,29616773462
29619912655,29619918157
29633675420,29633681725
29635155618,29635159948
29635235575,29635312169
29647755404,29647760820
29647843430,29647850245
29648492579,29653623942
29651420427,29651424687
29673008848,29673017211
29698480547,29698490519
29700871209,29700876915
29709684994,29709690183
29718078736,29718084415
29718533021,29732212628
29728126916,29731462787
29729659141,29729663007
29731978381,29731982126
29732461251,29732466994
29733301473,29733306905
29733408499,29733413627
29734185889,29734191779
29734675597,29734679232
29735370200,29735377058
29735800991,29735806644
29736170518,29736175402
29738483995,29738488910
29738864834,29759904119
29750580913,29750587682
29751947731,29751953373
29760305711,29760311768
29760794113,29760800000
29764813178,29764815741
29769391132,29769397803
29771788773,29771793286
29775248986,29775256456
29776234280,29776239468
29779910118,29779918206
29781198775,29781204651
29781715438,29801866896
29784096488,29784101215
29795001501,29795005300
29795974320,29795981185
29796974851,29796978523
29797642897,29801938177
29797996120,29804612765
29803707740,29803711615
29808447844,29808451582
29810142928,29810148042
29810216571,29810220533
29810246231,29810255653
29812758034,29812763122
29823274296,29836953066
29825953970,29836823175
29832849459,29832854154
29833257340,29836986311
29839743712,29839745934
29840686094,29840690413
29841077699,29841080886
29841919458,29841922538
29841952837,29841955171
29841962941,29841966847
29848474304,29848483996
29849070133,29849152413
29849217076,29849225334
29851184743,29851190663
29853581148,29853585518
29854764895,29854770531
29858708068,29858713470
29872750650,29888004652
29877172951,29877177144
29888808468,29888812170
29890730225,29890736259
29893540032,29893545044
29904442774,29904448323
29907760838,29907767453
29914933339,29914939072
29928471613,29928476815
29930107723,29930111622
29938810437,29938818111
29942006342,29942010532
29942250127,29942255383
29943098381,29943104114
29943318623,29943325004
29943655686,29943660470
29944229936,29944236544
29945881424,29945885467
29945984381,29945990344
29982166966,30008810845
29990644277,29990651213
30001817260,30001823284
30004969904,30004973695
30005408035,30005411507
30005484131,30005488955
30005563808,30005567359
30005587458,30005591715
30005985910,30005992308
30009657001,30009662700
30009866762,30009871383
30011165445,30011171222
30014904426,30014910183
30020388280,30020393148
30020454551,30029418239
