start_ns,end_ns
2535989,6133958
5927056,8461729
8417909,10457833
9601884,11099384
10595049,13531481
13772750,16441030
15325055,15978934
17219738,17940747
18837063,20398675
24608172,25841209
25863313,27319279
26262743,28629624
27808873,29473652
29960590,31847065
31399854,32226485
35003339,35961085
37336467,39121214
38794831,39391865
39014894,40648780
39684809,40882320
44742922,44927977
46860635,47855329
49982958,50927643
52297645,53772007
52757951,55386335
53785128,55854000
53785355,55626603
54462555,55749909
55728455,55812054
55987884,56424053
61294278,61866132
61380958,61719938
61877747,62642637
62692707,63404107
62890305,65116898
65875523,66999366
66340502,66728439
66832545,67247270
68230989,69470023
68373170,70685420
68764671,69057946
69782353,70458526
70279574,70741785
71153404,71552555
73146808,73858194
75141857,76652799
75595213,76734631
75840710,77537705
76655615,76824156
77213582,78175932
78768438,80418565
79084499,79821990
81222467,82698257
82364119,83620055
84637475,84757014
86600396,88468777
87450972,87693949
92436863,94074659
93664169,94765969
94117608,94708076
97992321,98955889
98721198,99506421
99775103,101094668
103220745,105410838
104743249,107882464
107594646,108172213
108173716,112170238
108691494,108860667
109310766,110135032
110192812,111083967
110400404,111367233
110816346,111822360
111387823,112825310
112915117,114158258
113201054,114700729
115245535,117012873
116492022,117934890
117953381,118710742
120390221,120896970
120397986,121041801
120920254,121163813
120950105,122447425
124127454,125816505
125791171,126964016
126017293,126888871
127187998,128849107
128621436,129343541
129785479,131366369
130027926,130262054
134624945,134727154
135101730,135424802
135262786,136330300
136767312,137025891
138527607,139953973
141016652,141690281
142289008,142717651
143047973,143269321
144575295,145538909
144655495,144891283
145026668,146125924
145750726,145927602
145950060,146841969
147829758,148626578
147838431,148219184
148121959,153949745
148259040,153305000
154968259,155908296
155055202,155532911
155824619,156108532
157261439,157912765
157777517,159585877
160380241,160804441
160431690,160509154
160701094,161375872
161451913,162827442
161767988,161974003
162080235,163422757
162220849,162553250
163237645,163448994
163487224,165291219
165293875,166047950
168293051,168702320
169322694,169791756
170732328,170877312
171609400,172775197
172554429,173285588
173029811,173439903
174355406,174849628
176065436,176289624
176188423,176931617
176295988,176617853
176462280,176716312
178097886,179447851
178100925,179124698
178173651,178936113
179292033,179491889
180206350,180835312
180712431,181452735
183030327,183353467
184625800,185005179
185237105,185974827
186217645,186892163
186307735,186727499
186396000,187042710
188554780,188878971
189027444,189641503
190499518,190675044
190677332,191103106
191950050,192418985
192464785,192775091
192482216,192624176
197616539,200810274
198465163,198661211
199209038,199678598
199610187,200106107
200407231,200885398
201194812,201626307
201888761,202210238
202377344,202881011
203096074,203280866
203667519,203896497
203909309,204079342
204123441,204712364
204621739,205005947
204948537,205610377
205233379,205613770
205429238,206000056
205515075,205698757
205582671,205736941
207094817,207437864
207932366,208138418
208146580,208542079
208305074,208559378
209205165,209489077
209260118,209691470
209330037,209380371
210068621,210540742
211808107,212393583
211888271,212373490
213032525,213053549
214317655,214733777
214415322,215132184
214816115,215553344
215805376,216308589
216457707,216700909
216895421,217656906
217411459,218026871
218169817,218375563
218305981,218939729
220390856,220684677
220640079,221141047
220736631,221120377
220978341,221357788
221180216,221523226
221212318,221685430
222110436,222405460
222960940,223349289
223692327,224100080
224010644,224192371
224353566,224811664
224595037,224629943
224885925,225342827
226315317,226659940
226734433,227194753
228581853,228785357
229447808,229807461
229728709,230095371
229866961,230133570
229976331,230222370
231478329,231981399
232245176,232511422
232308902,232383743
232468417,233022751
232718349,232938076
232741490,233010981
233371199,233535530
233396338,233751553
233537651,233949583
234963937,235493577
236009122,236285246
236347974,236433112
236460821,236907251
236491109,236789064
238183085,238614256
238270659,238582253
238502029,238926086
238791620,239074300
239236617,239311762
239273859,239685832
239345266,239464376
239618240,240146093
241720768,242366783
242312602,242731815
242571769,242626904
242635316,243002248
242755151,243247927
242879160,243415608
243591776,243946719
243951224,244293305
244283623,244315165
244655867,244868638
244801326,245474447
244878169,245341012
245125498,245331224
245835032,246366710
246915184,247717226
247589786,247954518
248345736,248941257
248434416,248603622
248488983,248918975
248555956,249097580
249167662,249429708
249690309,249923179
249762030,250105707
250196326,250525619
250930385,251466224
251265527,251736085
252462950,252981992
253231526,253831909
253367465,253902782
253874319,254230854
253897675,254368146
254357939,254699771
254992794,255365120
255171107,255579293
255242537,255807928
257251755,257649620
257277713,257646721
257563193,258542653
257605536,258448841
257623156,258715738
258408608,259072089
258562447,258958477
258831082,259414172
259069224,259172243
259459383,259819698
259716177,259904619
259825817,260195624
259866748,260131725
260888697,261055827
261415953,262211144
262057533,262825141
262226052,262918324
262276894,262723564
262854415,263179355
262938270,263411656
263244855,263650071
263274323,263837839
263844464,264246571
264677932,265089419
265347648,265926752
265395415,265706867
265714587,266105985
267077113,267686381
267731609,267954876
267754683,267890473
268677162,269466007
268678727,269418952
268880773,269177541
270082910,270242419
270542966,271409138
271258460,271383807
271356309,271685686
273447988,273812631
273512523,273924062
273649042,273990713
273767257,274338742
274281759,274461596
274395089,274737140
276391837,277143430
276422662,276693802
276715645,277122362
277208331,277338249
278259596,278404302
278628847,279347370
281290251,281591446
281602084,281709190
281877658,282683608
281914640,282652839
282967587,283178769
283079129,283470455
283162031,283542473
283172385,283449209
283765044,284155837
284729231,285081084
286256709,286570077
287801228,288398544
287949123,288649080
287992544,288836058
288187767,288973450
288899474,288972280
291705406,292051512
292540098,292741481
292698554,292912901
293250372,294095804
293807615,294275649
295755341,296041702
295894502,296350882
296081739,296211268
296314464,297111988
297096315,297512602
298388859,298941733
298598599,299087049
299146290,299689473
300497459,301293014
301284426,301616716
301871853,302478242
302090756,302731114
302774561,303196334
303093334,303278342
304101695,304837961
304152674,304439603
305091718,305549801
305382490,305587681
305778447,306066071
306010114,306184227
308019272,308524440
308056508,308457484
308443394,308930489
308581950,308814435
308858807,309191390
309739051,310196143
309929928,310006230
311021800,311457483
311198096,311400650
311740658,312243177
312265926,312283908
314027865,314118663
314733757,314991844
315131490,315317293
315341076,315666505
316136359,316896586
316204246,316812481
316366898,317008153
317891508,318869306
318730842,318903419
319760838,320172109
320112353,321051105
320185667,320917011
321158594,321923278
321411634,321892621
321702963,321865450
321894712,322340687
322896279,323338281
323790160,323971817
323926112,324080723
324031005,324715841
324628393,325018781
324718869,325344534
325429687,326067396
325963461,326674897
326816615,327211688
326877694,327461986
327814348,328215691
328104906,328553322
328222630,328428232
328386488,328762396
328394656,328697348
328496252,328831761
329128429,329469733
329383654,329557968
329884088,330448057
330083909,330661138
330139237,330479199
330841237,330983054
331485556,331729676
332178402,332570319
332586412,332688906
332739052,333148661
333040666,333929239
334001660,334111193
335606652,336135301
335774563,336615737
335987940,336501637
336199467,336559729
336399547,336743991
336409055,336917770
336453051,337021326
338591130,338955511
339618275,339994926
340879389,341757933
343185765,343898019
343291124,343691845
344372091,344840705
344857951,345229546
344942256,345489419
345675031,346001733
345751154,346240625
345842222,345867369
347185099,347599135
347401082,348414418
347488466,347983292
347886936,348206448
347984834,348192868
348139933,348541282
348417430,348587658
349609429,349642130
349756715,350036488
349920504,350478915
350358660,350890282
350505268,350996812
350909496,351547260
351379052,351612860
352655077,352978490
353361915,353599195
353820055,353946203
353940391,354038864
354169033,354819357
354329696,354762312
354681496,354915658
354783483,354869174
355316591,355592249
355826097,356263117
356474852,356825777
356960953,357310078
358113994,358312499
358698513,358946594
358733183,359140721
359020012,359512859
359187633,359457651
359731385,360155326
360069966,360406765
362165573,362527045
362390263,362839932
362558088,362865148
362786016,363236143
363615654,363899455
364813802,365080426
366113571,366468668
367191512,367504718
367232022,367477827
368294599,368460922
368307561,368513910
368520013,368958714
368525967,368762007
368770813,368928431
369232791,369404657
369465667,369624131
369699757,370406776
370900001,371548773
371011088,371603302
371054349,371376783
371923353,372344304
371929378,372519134
372025877,372329978
372804084,373673546
372923281,373641741
373620292,373740413
374430738,374781960
374579060,374869426
375026686,375290520
375096206,375335791
375384649,375826212
376953048,377188054
377243858,377871944
377726204,378177083
377910932,378446573
378461327,378924985
379438237,380181978
379608892,380391724
379939108,380342905
380276387,380579016
380415996,380848923
381068559,381513684
381340735,381487482
381405258,381704942
381986113,382216485
382049707,382573616
382102043,382542358
383505961,384316721
383928356,384108528
385112280,385451667
386123359,386343791
386125114,386486972
386785943,386892777
387659688,387992227
387849014,388401277
388311534,388433804
388909616,389102817
389112746,389501251
391134599,391657033
391302266,391709589
392293504,392715554
392740451,393085729
393760430,394231319
395140639,395267121
395540998,395916732
396927768,397236897
397712966,397988927
398446100,398949806
400924638,401421213
401497568,402066366
402005163,402271656
402124545,402838070
402226994,403004898
402772348,403468775
403382409,403727740
405533505,406169782
406225828,406766894
406321433,406941158
407364712,407801313
407454714,407591044
407958520,408511276
408421590,408922713
409064326,409291884
409292122,409621029
409672151,410061355
409870318,409999586
410375590,410772066
410547753,411124605
410897732,411232692
411528924,411868569
411707901,412365862
412174961,412837506
413361716,413739600
413742515,413797710
414097095,414686627
414844604,415146657
415756794,416514393
416343845,417269620
417472586,417961174
418537140,419262414
418692630,419227339
419655027,420146469
420530252,420690499
420706719,421772228
422380950,423152055
423522538,424088729
423890426,424419646
424098791,424227671
426238894,426566105
426351575,426904070
426365166,426563294
426680077,427150804
427171026,427423821
427719510,427806274
427810774,428343938
428074663,428802248
428110090,428690846
428693521,429370532
430590266,431250177
431006391,431476012
431527500,431772681
431531323,431968756
432002573,432302684
432785992,433007504
433105642,433138366
434025769,434475649
435001780,435194240
435339834,436171168
435769319,436212246
436183356,436216500
436219531,436496641
436919066,437112781
437225839,437561632
437266302,437803015
437435337,437751583
437863713,438448119
438125213,438145839
438395147,438630857
438567811,438769604
438991947,439098004
439217827,439432586
439413776,439623067
439546144,439666593
439575106,440038894
439633369,440551860
440513274,440641777
440655424,440996641
440731509,441101893
441051377,441198531
441328506,441595551
442009035,442303228
442073467,442412099
442195791,442743179
442663082,442763841
442757062,443527042
443288563,443505964
443473813,443884863
444230716,444784119
445355772,445571309
445433546,445872329
445593335,445910244
446018274,446059485
446344425,446723269
446379326,446783740
446889282,447425162
447436621,447912816
448165884,448631122
449080516,449246691
450282002,450504123
450284379,450842995
452019520,452232479
452678809,452951048
453104882,453268687
453349525,453844497
453381645,453532498
453877604,454272624
453937325,454008227
454058790,454582457
454128229,454324357
454817476,455166207
455454987,455804366
456004630,456189897
456085003,456441921
456373659,456606526
456942248,457183385
457150167,457587338
458692844,459181548
461439192,461933056
462055755,462682063
463095341,463330738
463165310,463293256
463314924,463457318
464073271,464249828
464103051,464351020
464435671,464700472
464599385,464954975
464747292,465213926
464988050,465014968
465421792,465790321
465633421,466145651
466224595,466368876
466486919,467127176
466986191,467634355
467798375,467957721
468430025,468738344
468771849,469744251
469953383,470182297
470367623,470659926
470413368,470502727
470802116,471143260
471439830,471822167
471710296,472607098
472407768,472881210
473374743,473808525
473716272,474130366
474294001,474612020
474821262,475103771
475325837,475595529
475543458,476020591
475556261,475665858
476050928,476603834
476354170,477117987
477138580,477597748
479518635,479935277
479872535,480260340
480202067,480474194
481056773,481159937
481177590,481712642
481905390,482227990
482416049,483329803
484038101,484409892
484117218,484687531
484477378,485059728
484607497,485053451
485280697,485705777
485324931,485515308
485546641,486025686
485644506,486006928
486482772,486710705
486725732,487074469
487424611,487873082
487429776,487868343
488099773,488134730
488689055,488983214
489372508,489720328
489793660,490378511
490382742,490579639
490416582,490854217
491013112,491069563
491269820,491337246
491467937,492315225
492334124,492605952
492350237,492831292
493195608,493457241
493302811,493625303
493417753,493994318
495580199,495813933
497138763,497391125
499313760,499736998
499808125,500636395
499879042,500423189
500227239,500697713
500245251,500464365
500359514,500787845
500462449,500509050
500759358,501094235
501678430,502065479
501715262,502176168
502487615,502579789
502581918,502851453
502605632,502928503
502615354,502743090
503544313,504456227
504950872,505558262
505048445,505507010
505538829,505985530
506386389,507445846
507355831,507648790
507560825,507810334
507939247,508534659
508066442,508358767
508431086,508841959
508799578,509026965
509333459,509760446
509573428,510022562
509671864,510179586
510684485,510733370
510703703,510932771
511750193,512171840
511900732,512055186
512324058,512911319
513586791,513888485
513763731,514014910
514182529,514799175
514480480,514959775
514886709,515062695
515100168,515317218
515624024,515923377
516053851,516318214
516150981,516353444
516219622,516856697
516259603,516431174
517933372,518192667
517954558,520341613
518923464,519325223
519261454,520049442
519644568,520565908
519914647,520762539
520762407,521370189
520951275,521335525
522156772,523019122
522930843,523022442
523332866,523746792
523831670,524325400
524691302,525348373
526022990,526291102
526507867,526795854
526780918,527001423
527107617,527471903
527583125,528296829
529479787,529528771
529649391,530119629
530018521,530866814
531045384,531133674
531408370,532063415
532183975,532595551
533657582,534201638
536039679,537643280
537258923,537401663
537648150,537897056
537788154,538308913
539867450,540331616
541520234,541725297
541625603,541981892
542065152,542321499
542269423,542650725
542451585,542751275
542834743,543337564
542852026,543105583
543019963,543092002
543037459,543141344
543103481,543186510
543168020,543570893
543353176,543571708
544711231,545098335
544766927,545131516
545335919,545399207
545368159,545798289
545595729,546177769
546453689,546905581
547514703,547874036
549512280,549971706
549602437,549969285
550343631,550754583
551323842,551537825
552442660,553192141
552670733,552881847
552742590,553137922
553139155,553264741
553411827,554017244
553645334,553972210
554615052,555101114
554860886,555138052
555020152,555433788
555155858,555557380
555373987,555512620
555691453,556147007
555803342,556087819
556521687,557794047
557394292,557977908
558924145,559699887
559258067,559311246
559993709,560658659
560350493,561128445
560880115,561241498
561362038,561762572
561847606,562098928
562107890,562441124
562388449,563058830
563100498,563286071
563613770,563860675
563801796,564459983
564461927,564695185
565931454,566308479
566206245,566965276
566335174,566582393
567229189,567527510
567343853,567595119
567484518,567915302
567601898,567983318
567681752,567924023
568891197,569306089
569729314,570354850
570070601,570622495
570103350,570411895
571029553,571306089
571034457,571526574
571198396,571268225
571487658,571776917
571706285,572166049
571949956,572915236
573920857,574483114
575894751,576129063
576378667,576935729
576421336,576864986
576636108,577240313
576718279,577025881
576867555,576949455
576966450,577085080
577073138,577432205
577453414,577922851
578321893,578339380
578509797,578785818
578750871,578980610
579033717,579293613
579283480,579610642
579455820,579736527
579894632,580710293
580104318,580786477
580169603,580775160
580536299,581023983
580780765,580982247
581761309,582409239
581972145,582620335
582004159,582733869
583025534,583384758
583646772,584079173
584366391,584895448
584460641,584971429
585675362,585850767
585989595,586366803
586084410,586686052
586336939,586632532
589199865,589815677
589248959,589772568
589447920,589907092
589549037,589886901
590249526,590477816
590828812,591190187
591166042,591832899
591240568,591646613
591361550,591551115
591830281,591906052
592057761,592613486
592736507,592937492
593470810,594215023
593795787,593945324
594765588,595315534
594765658,595265435
594822056,595159650
595666248,596206508
595738287,596686433
596361747,597155086
596728587,597087703
596766857,597023057
597238404,597642038
597440595,597833265
597877056,598156000
600138400,600202788
600160604,600542122
600901037,601551933
601550229,601916970
602341642,602799032
602771901,603435251
603236607,603535369
604352149,604629662
604545029,604756848
604911305,605218309
605705218,606297224
605750807,606085214
606397256,606769705
606482694,606688390
606770594,607098499
607604816,608030084
608378869,608903725
608525746,608718604
609671314,610212212
609764284,610132936
609988562,610357168
610032786,610534399
610208331,610789516
610532802,610873966
610590652,610649338
611032505,611518946
611601769,611685873
611891596,612318655
612418342,613152885
612795145,613204012
613145633,613498294
613531104,614398220
615596723,616692283
618672858,618813697
619234262,619748008
619924346,620360892
620247615,620822641
620370196,621069406
620559133,621015990
621222743,621734843
623519955,623840751
623921921,624396694
624110874,624729167
624651706,624797504
624661648,624798159
624751384,625259764
625179495,625394417
625853000,625981840
626703203,627287662
627026989,627490754
627499109,627920214
627523838,627733023
628420546,628787965
629055874,630098848
629968642,630298381
632198967,632497296
633274102,633636272
633443321,633935034
635057949,635202503
635158809,635718895
635546891,636355611
635835612,636193100
635872683,636405405
636072849,636627472
636399736,637037149
637626280,638358045
638041924,638573483
638904243,639457653
640482837,640677683
640694295,641763268
640753736,641399379
641401309,641418344
641712795,642019826
643176698,643556751
643299002,643727138
643490488,644057066
643928094,644328839
644218969,644514462
644893030,645417067
645268429,645727936
645416853,645634314
645632677,646295491
645804690,646210528
646726255,647241329
646849068,647594095
647201028,647297419
647243202,647719686
648496555,649151508
648500747,648694626
648526782,648724650
648572959,648823756
648765890,649352189
649068651,649637349
651233219,651535658
651806067,651941780
651919806,652356751
652114562,652418314
652218667,652367234
653045859,653345042
654731094,654990025
654830442,654978480
654833748,655246236
657154129,657520290
657328760,658416679
657458112,657918179
657527215,658061830
657822726,658038092
658087817,658552558
658601029,659148626
658689186,659135279
658962930,659029027
659699716,660481167
659770877,659916367
660018770,660129289
660225680,660671728
660378195,660924560
660458690,660774229
661258114,661373418
661439094,661838164
661458260,661803370
661548815,661780857
661644018,661947154
661712906,662050584
661889906,662226386
662762460,663061371
663178368,663708868
663736386,664394875
664214830,664717011
664437098,664575321
664692824,664889316
664974282,665673805
665112311,665702396
665459193,665717743
665816585,666405402
667439525,668325956
668215193,668380297
668757511,669278215
669263170,669897923
669365609,669960046
669725869,670475252
670088252,670319563
671056843,671193113
671060993,671224692
671104601,671719450
671573327,671768645
671907091,672136867
672167825,672288280
672292372,672625881
673180323,673260006
673248359,673722797
673251135,673373596
674454810,674821027
675907190,675962408
676301390,676770479
677206508,677620950
677368151,677469892
677413301,677770958
677784569,678229105
677931825,678502032
678073757,679124922
679121089,679462907
679567657,679830516
679719472,680015275
681934190,682180077
682788533,683081172
683613344,683834392
684821108,685262111
684890186,684969222
685038675,685069760
685417969,685853590
685468259,686017323
685576812,686519695
686158135,686502845
687194378,687687961
687904504,688274431
688043710,688447602
689186258,689409445
689685510,689904852
690266885,690777771
691265404,691343479
691596022,692218461
691742260,692140500
692086689,692204905
692159784,692406515
692665122,693223148
693282743,693743808
693713760,693826226
693758044,694105062
693899246,694137059
693909116,694410432
694751381,695068891
694901913,695388307
695080477,695373990
695330854,695869884
695476633,695806489
695897555,696548642
696211719,696477962
697128758,697524812
697356621,697801099
697454043,698020845
698075151,698911112
698428906,698458497
698928926,698997059
699491447,700153059
699760636,700530877
700574784,701057145
700954623,701236134
702043182,702342657
702122636,702231474
702179680,702469079
702215710,702603921
702234588,702519774
702244514,702638747
703097459,703472300
704488972,704910272
704605673,705616422
704882437,705247318
705454662,705611518
706060432,706760779
708049360,708685204
708162317,708652820
708485721,708954717
708611261,709543147
710318291,710959935
711591324,711654079
711762892,712073073
712826570,712882836
712954689,713726245
714953564,715422528
714978399,715063338
715150193,715729183
715640105,715696723
717331747,717680102
720895336,721743044
721141008,721944282
722806081,722958913
723112926,723510487
723884521,724218891
724092877,724144692
724323247,724554452
725171409,725632805
725446980,725991803
725479412,725913155
726347480,727020350
726525026,726911104
727206391,727566942
727614575,728167543
728263175,728613299
728345481,728730073
728910144,729408277
729387003,730003310
729458783,729720234
729514950,729814802
731013060,731652131
731446032,731920424
731520668,731939893
731669907,731874380
733092402,733520737
735223502,735478306
735277810,735581559
735322325,736097030
735406109,736312212
735455691,736000608
735491892,736493027
735933022,736273337
736112305,737971733
736477244,736767660
736488704,738327427
737570462,738618328
740911486,741197908
740994735,741834466
741131612,741633986
741483682,741828580
741767417,742244045
742640196,743084362
743454921,744148453
744211317,744686382
744302582,744334909
744816011,744850489
745530133,745980343
746154226,747074829
746750997,747526783
747487391,747788268
747528360,748024543
748142111,748520639
748285906,748678281
749427470,749754405
749970962,751180705
751023638,751446445
751868889,752835286
752277432,752695766
754139333,754720629
754201409,754662662
754484637,754805882
754768182,755051214
756172510,756489705
756571483,757263395
762547929,762751176
763088878,763549760
763371124,763761731
763752515,764503671
763966943,764294837
764477265,764837706
765842701,766334170
766047993,766318260
766664063,766919829
767179979,767615852
767608345,768174060
769692763,769873716
769708208,770308118
770239431,770634312
770993703,771514891
771280134,771599023
771752422,772160757
772027536,772395502
772622981,772763883
772789001,772910357
772913754,773412842
773142865,773333153
773166400,773201399
775383519,775418701
775420514,775916650
775707147,775835659
776830990,777135804
776831279,777251726
777627093,778001535
777702370,777861205
778880318,779472084
778899155,779330275
781554680,781924092
781942303,782125223
782870813,783121643
784408856,784708952
785860486,786185217
786052502,786848530
787782228,788583024
787957878,788784717
788809893,789196956
789367101,789919164
790244440,790317966
790787105,791026706
792664052,793096156
793644221,793735871
793691362,794030846
793893684,794315037
795113364,795598499
797208196,797428534
797892953,798613260
798620317,798866525
798981817,799904102
799125657,799908762
799755968,800360222
799757166,800267782
800558933,801164660
800814563,800872225
800876496,801968909
801530310,802744412
802210010,802932107
802829580,803199213
803345848,803595501
803589133,804239913
804720312,805466530
805232367,805474183
805483154,805630981
807267762,807565719
808000477,808589030
808111658,808290331
808328066,808423917
808346850,808605868
808378779,808840866
808900395,809151940
810516407,810734359
810866092,810965053
811164434,811579349
811611834,812131088
813443909,813495540
813577226,814514823
814767687,816168285
816309520,816837930
816967973,817225872
817997995,818203094
818832098,818958076
819013318,819226828
819034812,819599465
821106037,822454833
821847144,822363025
824170156,824695620
824248446,824598168
824684931,824867300
825709790,826629183
826040121,826354298
826071545,826372605
826603516,827149452
827602266,828175835
828952789,829027692
829046710,829577510
829303059,829689987
829862799,830531200
829938027,830443593
830966895,831672477
832397897,832821801
832642669,833103019
832743285,832983755
832749732,832914785
833841563,834433448
834637605,835326570
834910029,835592179
835341481,835395248
836875594,837064370
837258313,837277448
837867953,838621117
837924435,838400397
838096734,838649623
838323778,838676670
838478417,838772222
839324037,839897057
839485906,839524548
839721064,840499767
840168879,840540907
840758617,840925027
842161345,842439446
842970053,843206947
843148900,843760570
844328894,844505702
846106930,846582104
847038784,847456538
848557410,848888339
849334074,849816284
849337006,849848341
849372843,849751500
849834596,850211638
849922883,850767770
850634701,850832145
850749294,851020473
851005388,851275502
851355002,852150653
851831816,852286190
852861068,852955572
854384577,854785909
854452020,854844297
854510374,855153978
854648336,855247439
854671033,855510195
855221584,855351393
855578118,856126903
856445070,856699754
856663924,856846395
857602707,857954976
858373572,858773745
858396539,859058028
858921204,859362685
859824121,860200387
860053757,860443455
862598129,863153475
863497163,863760610
863670775,865483219
865866096,866437800
866513557,866673554
867470542,867886702
867866689,868092084
868418699,868865784
868624513,868671034
869069970,869196850
869476082,869606685
869847492,870195637
870204708,870621165
870206818,870571512
870527288,870838237
870930113,871365185
871833619,872346669
872412908,872619238
874367921,874641009
875160609,875637377
875279537,876020752
875632721,876322570
876580767,877032409
879174693,879752124
879774534,880660811
879930560,880687278
881236636,881377872
882274015,882490169
882532654,882969455
882633450,883337383
882686188,883732643
883368373,883710373
883849648,883920461
883921701,884366292
885448577,885884824
887442530,887944234
887590505,888232342
888158813,888279616
888527938,888881429
888634514,889280993
889120198,889427330
889306688,889822642
889450706,889470657
889682627,890334184
890111792,890320675
890344502,890800552
890803879,891222936
891050109,891937813
891703287,892086282
892052411,892751607
892197590,892685084
893128264,893685594
893745112,894269741
894320281,894841839
896682918,896846106
897841204,898271769
898019634,898442722
898256930,898791667
898259043,898769095
898444912,898925383
898711232,898911566
899515854,899933217
900135845,900335468
900292870,900952939
900565493,901417409
901183651,901809175
902461965,902576419
902682275,903081139
903663316,903970789
904759262,904897146
904901930,905868276
904918735,905357636
905201824,905476583
905896215,906222243
906368929,907218459
906388665,906782255
907007127,907079595
907889468,908703538
909061474,909598333
909261321,909584324
909861736,910185582
910536279,910879676
911068721,911499803
911156802,911499575
911334540,911786465
911809650,912328898
911921033,912499658
912272322,912876273
912425816,912663678
912451818,912825553
912676129,913238735
913145109,913351685
913377174,913844317
914824143,915403533
914907328,915174821
916514531,917050305
917425804,917756302
918323771,918935142
919772300,920319181
920505720,920985704
923144482,923589386
923623116,924154692
923923710,924675167
924160598,924936426
924209944,925060086
925329826,925715215
925732555,925885115
926552155,926813688
926571136,926829739
926645721,927160578
927130856,927820898
927977244,928775770
928235644,928706168
929603528,930129310
931631987,931798391
931640544,932123685
931966585,932218502
932897250,933261598
934094399,934271906
934609953,935042461
935734933,936217120
937004915,937091809
939414320,939901446
939658804,939941154
941024052,941709261
941067897,942082797
941260202,942201132
941643816,942220997
943401097,943450324
944515385,945372500
946011403,946520627
946790178,947057838
947100609,947735387
948080430,948543452
948474929,948492663
949970363,950123020
951303967,953933801
952184052,952693000
953750509,954573334
956362168,957004648
956385466,956681425
956423431,956708937
956450793,956522375
957511852,957969529
957546644,957983508
961258867,961516245
961606888,962064164
963602852,963910587
963611914,964192245
965360577,965414142
965419421,965456518
965455542,966267641
967870556,968007378
968128103,968521674
968660123,969168050
970756754,971135579
970937417,971473206
971243826,971616290
973380604,973887737
974036911,974149557
975990818,976113556
976593276,977177695
977139341,977583396
977603864,978034054
977919869,977961163
978562438,978892931
979007590,979234756
979826099,980194781
980087740,981023004
980197401,980410566
980536615,981000281
980658695,981003563
981191267,981746955
982928043,983570649
984272068,984363458
987021479,987680830
987054697,987791236
987317493,987785229
988218568,988627529
988463312,988743293
988900165,993347505
994327805,994676318
994336948,994954260
994442931,994565685
994536043,995145902
995986959,996203933
996017007,996430896
996233814,996635184
996419644,996998248
996500559,996855992
996838377,997409554
997007935,997324738
998942984,999291189
999921038,1000638906
1000017034,1000515286
1000498597,1000752418
1000737337,1001260922
1001402804,1001633874
1001915775,1002180338
1005583448,1005986918
1007806758,1008163455
1008132196,1008703359
1008519646,1008788865
1008571654,1008651958
1009225421,1009335540
1009548330,1009888099
1009720902,1010207929
1010742731,1011130826
1011146079,1011568197
1012609088,1013379556
1012728489,1013078465
1013785444,1014729097
1013892273,1014288492
1014290057,1014750511
1014368796,1014543366
1014495610,1015062818
1014892312,1015345568
1015057393,1015168839
1015116415,1015325126
1015448577,1015706895
1015530901,1015777732
1015643760,1016085699
1016295556,1016586653
1016736341,1017244034
1016896042,1017182875
1017023827,1017116321
1017217116,1017391445
1017305381,1017757915
1017482350,1017943814
1019160261,1019700220
1019290729,1020067097
1019805459,1020592054
1020079490,1020601193
1020609904,1020969129
1020626587,1020898824
1024628481,1025028956
1024766402,1024860777
1025533919,1026232614
1025557079,1026136780
1026051289,1026132055
1026134298,1026592627
1026211413,1026405713
1026683099,1027021285
1026915631,1027375074
1027043049,1027833590
1027857887,1028239806
1027954718,1028397707
1029550094,1030328751
1030163818,1030978553
1031260815,1031581487
1031689317,1033336815
1032008985,1032337178
1032665375,1032921194
1033306825,1033423697
1033345570,1033470318
1033424475,1033731593
1034272958,1034571331
1034590919,1034994112
1034599523,1034850884
1034708669,1034758076
1035029302,1035490175
1035260983,1035856789
1035661089,1035689426
1035827244,1035903594
1036767754,1037349864
1037120669,1037635757
1037702294,1038765525
1038234758,1039176380
1038331503,1039083554
1039219088,1039718179
1039305264,1039677748
1039364171,1039547730
1039711361,1040455013
1039985154,1040446498
1040120709,1040577804
1040137603,1040581365
1040906327,1041309320
1041424377,1041485507
1041952315,1042331704
1042057793,1042708683
1042645808,1042999192
1045153823,1045585198
1047470855,1047943189
1048137466,1048938022
1049292539,1049703644
1049972218,1050351125
1051132889,1051672776
1051176777,1051369352
1051243759,1051595626
1051702850,1052058642
1051924411,1052902253
1051929272,1052523078
1053092849,1053463732
1053204625,1053937942
1055033490,1055357724
1055126141,1055615826
1055433837,1055874249
1055812652,1056318430
1055885428,1055935168
1056864978,1057354631
1056986458,1057542043
1057755643,1057915401
1057993466,1058523078
1058525556,1058838532
1058606534,1059024274
1058738262,1058978483
1059628782,1059919973
1059839389,1060178424
1060334802,1060841500
1060357804,1060795992
1060453233,1060591062
1060702632,1060856517
1061075022,1061482222
1061276004,1061736985
1062148934,1062703338
1062268926,1062768126
1063938723,1064652655
1064005045,1064699631
1064245141,1064840241
1065516380,1066329468
1067075667,1067262313
1067720951,1068068817
1068371090,1068544186
1068461184,1068917822
1068712248,1069031836
1069988911,1070664012
1070060868,1070394313
1070342672,1070960590
1070798804,1071123091
1072612504,1077423481
1077586341,1078355204
1078678193,1079434287
1080149609,1080431941
1080619250,1080913646
1081006058,1081585102
1081787487,1082116725
1082771618,1082946296
1082813186,1083472354
1083063950,1083431748
1085875649,1085914195
1085935260,1086169755
1086429802,1086660440
1086960175,1087274151
1087024503,1087538194
1087143793,1087761686
1088283852,1089866204
1089737726,1090178089
1089991387,1090309377
1090397514,1090676388
1090557984,1091054999
1090876570,1091403674
1091223240,1091456229
1091321677,1091976083
1091655550,1092071917
1092098555,1092446439
1092752657,1093311412
1093455840,1094075360
1094431860,1094725542
1094753936,1094995255
1094888415,1095017657
1094964000,1095388124
1095154435,1095942856
1095398160,1095954779
1095839622,1096380521
1097006150,1097380241
1097595984,1098248547
1099628137,1100250974
1099688169,1100049508
1099955494,1100417417
1100118984,1100356250
1100688605,1101004403
1101858177,1102316232
1102113631,1102212257
1102365491,1102863878
1102647055,1102900041
1102897651,1103030491
1103302675,1103966162
1103527785,1103794729
1103733588,1104280045
1104075196,1104593944
1104816618,1105100495
1104942815,1105807467
1104956181,1105610123
1105617212,1106335130
1107615232,1107946181
1107969680,1108802771
1108707986,1109012454
1110891204,1111121706
1110918191,1111453959
1111293021,1111560788
1112784556,1113298628
1114233295,1114486511
1114582768,1114711240
1115569234,1115831943
1115619760,1116094411
1115688739,1115787070
1115791457,1116425021
1116011101,1116391856
1116573297,1116800473
1116924877,1117620632
1117623529,1118096647
1118735155,1120279686
1119463641,1120311587
1121830136,1122233111
1123210174,1123536214
1124724055,1124909339
1124903324,1125206929
1125641285,1125798967
1125872402,1126419309
1126545543,1127112918
1127208404,1127663949
1128589294,1129291234
1129316109,1129691975
1129392477,1129452175
1129684223,1130347680
1129691030,1130240992
1130087586,1130219234
1130360070,1130478557
1131172018,1131866837
1131361046,1131537238
1131936971,1132581619
1133045914,1133401946
1133292250,1133802046
1133781676,1134174166
1134669324,1134736958
1136737616,1137325810
1137672184,1138147769
1137940264,1138250221
1138309208,1138998255
1138817556,1139225830
1139339951,1139456485
1139796885,1139989679
1139870798,1140203895
1140856034,1140961049
1142138047,1142482305
1142194556,1142879402
1142363862,1142693317
1142529507,1142898534
1142726503,1143206722
1143590513,1143964258
1144419055,1144509177
1146240087,1146685606
1146729435,1146994810
1146839208,1147895782
1148635462,1148830783
1149493450,1150243955
1149841033,1150407206
1151633319,1152489394
1151798461,1152173679
1151919256,1152136406
1152404057,1152629760
1152924652,1153436663
1153977997,1154195367
1154075051,1154412794
1155688198,1156078306
1156035492,1156966859
1156857265,1156911961
1157066339,1157388887
1157425422,1157814772
1157550218,1158117977
1157886841,1158069731
1158158959,1158380318
1158935140,1159349869
1161786313,1162359276
1161829116,1162115991
1161869679,1162135163
1162190763,1162334047
1162609055,1163468782
1162932488,1163324425
1164678854,1164939243
1164728306,1165236549
1166353754,1166800421
1166579213,1166968185
1166985669,1167308696
1167039939,1167385339
1168175090,1168395771
1168678729,1168721304
1168770920,1169437773
1168997497,1169557852
1169287090,1169560738
1169341847,1169680138
1169387158,1170162392
1170190573,1170448598
1170756738,1171145718
1171224043,1171568297
1171275758,1171374587
1172457553,1173012445
1173342883,1173948780
1174175651,1174333554
1174813479,1175243411
1175767360,1176398248
1176395558,1176892798
1176481182,1177066323
1177384336,1177955562
1178446173,1178968240
1178605629,1179416063
1179910324,1180041090
1180514861,1180768040
1180554483,1180985909
1180975291,1181261784
1181462102,1181919894
1181835467,1182200948
1182197750,1183012597
1182604280,1182893201
1182753398,1183251403
1182757846,1182867804
1182768825,1183031730
1183363698,1183973419
1184289466,1184473504
1184777255,1185145146
1184955076,1185578925
1185116308,1185140950
1185341181,1185610822
1185525728,1185813599
1185814911,1186212225
1185969036,1186443029
1186302813,1186874316
1186316820,1186348175
1186489913,1186811654
1187221084,1187523575
1187587655,1187760620
1187684477,1188191437
1187750306,1188154978
1187988267,1188567532
1188352968,1188720842
1189344734,1189546891
1192277554,1193346133
1192650653,1192798219
1192761061,1193177033
1193284440,1193911637
1194493244,1194995371
1194515352,1194883865
1195162851,1195779803
1195779476,1196305279
1197346655,1197776428
1197444658,1197838454
1197854370,1197954204
1198016681,1198715919
1198197595,1198745057
1198769818,1198849258
1198809604,1199289666
1199878059,1200610399
1199931694,1200851074
1200531519,1200899605
1200574316,1200820218
1201273939,1201671342
1202406190,1202983763
1202982610,1203166285
1203036143,1203638750
1203059387,1203169163
1204087070,1204868710
1204887921,1205184203
1205195448,1205784756
1205881626,1206148507
1206052517,1206278567
1206942092,1207229824
1207721532,1208047466
1209368346,1209520684
1210589458,1210813755
1212388460,1212848772
1214108906,1214636081
1215137606,1215177573
1215681678,1216171704
1216555489,1217042751
1218045747,1218094785
1218134642,1218652751
1218680650,1219284912
1218920493,1219327232
1220203907,1220729560
1220510600,1221211072
1220727975,1221318934
1221811768,1222151394
1221881771,1221949484
1222164353,1222712312
1222240474,1222459862
1222722514,1223058535
1222819950,1223361180
1223659373,1224081522
1224220055,1224922424
1225334362,1225604863
1226801042,1227377727
1227125929,1227496913
1228960309,1229391567
1229898255,1230178674
1231134100,1231364904
1231205665,1231524238
1232903331,1233331681
1233329344,1233507607
1233411666,1233577603
1234045127,1234342210
1235757065,1236414064
1237905828,1237987769
1239066912,1239475265
1239363959,1239687523
1240996927,1241165556
1241177999,1241604169
1241585369,1242050279
1241900674,1242452020
1242073109,1242458192
1243376480,1244070874
1243694427,1245688322
1243976139,1244200970
1244442814,1245441666
1246133793,1246412540
1246647555,1247463986
1247000114,1247628442
1250431743,1252182577
1251594558,1252074331
1251621258,1251789861
1251977918,1252589106
1252185281,1252493670
1252762497,1253152293
1253870143,1255020907
1253897037,1254354882
1254871015,1255540785
1255364408,1255619505
1255655130,1256155402
1256019502,1256387637
1256201361,1256500899
1256411917,1256570243
1259140387,1259636620
1259794823,1260274849
1259887982,1260424470
1259944729,1260454283
1260395215,1260862487
1260855846,1261424599
1261304109,1261748485
1261608507,1262218978
1261765049,1262262585
1261907321,1262394300
1262826593,1262975175
1262974887,1263415191
1263004732,1263579611
1263733459,1263947913
1263780381,1264206382
1264354234,1264862370
1265916789,1266965750
1266150022,1266525717
1266401947,1266631317
1266931488,1267382907
1267116985,1267700249
1267395719,1267665867
1268216444,1268557720
1268556796,1268755993
1268744381,1269125840
1268789580,1269475042
1269580497,1269662790
1270099656,1270739878
1270748874,1271371843
1271248318,1271620334
1271373849,1271668503
1272720333,1272773512
1272795177,1273101371
1273231911,1273361275
1273307071,1274212908
1273569493,1274349576
1274879169,1275065585
1277284680,1277590686
1277402913,1277693378
1277518206,1277585792
1278278911,1278621087
1279435366,1279872989
1279887229,1280241060
1280309041,1280733715
1280701324,1280858252
1280980630,1281469165
1282163801,1282467365
1282187970,1282785714
1282297708,1282624684
1283544140,1284157904
1284540440,1284912561
1284645834,1284864187
1284782137,1285107594
1284994439,1285566133
1286050371,1286207594
1287112670,1287866568
1287165461,1287315741
1288121486,1288292310
1288416889,1288550436
1289218933,1289824046
1289272593,1289814685
1290336959,1290557219
1290564444,1291016258
1291507477,1292027952
1292352927,1292982814
1292528676,1292651391
1294136291,1294572739
1294536497,1294963939
1294556604,1294721025
1294733656,1295239358
1294815811,1295551058
1296116405,1296393655
1297029929,1297250746
1298869025,1299456193
1301051206,1301386783
1301381043,1301922606
1301914499,1302162904
1301952625,1302409256
1302356845,1302848804
1302851751,1303125214
1302897603,1303018796
1304273330,1304504083
1305096983,1305248458
1305186293,1305678746
1305429814,1305685445
1305535433,1305731484
1306185625,1306643696
1306245694,1306271010
1306651882,1307027598
1306868058,1307189885
1308066917,1308471551
1308509931,1308981846
1308704232,1309005742
1309953731,1310304479
1310662616,1310798512
1310799714,1311049921
1311708569,1311949433
1311949722,1312361623
1312714950,1313086332
1313090008,1313547889
1313499078,1313771940
1314127403,1314730702
1314780685,1315448019
1315641852,1316145339
1315696555,1316185250
1316148816,1316724162
1316208228,1316679168
1317958573,1318287147
1318279951,1318480019
1319519899,1319989927
1319680391,1319914770
1319740385,1319952264
1319992284,1320304514
1321625022,1321758013
1321749352,1322142856
1321916696,1322079956
1322230556,1322510323
1323127566,1323600883
1323603382,1323909015
1323622793,1323678774
1323630349,1324120565
1324734899,1325328834
1324829218,1325471481
1325639666,1325995816
1326904737,1327241599
1327123628,1327321927
1327619728,1328291709
1328069602,1328643006
1328162311,1328452876
1328859152,1329080383
1329829420,1330101261
1329879159,1330079597
1330060985,1330216093
1330280745,1330541326
1332298255,1332821908
1332761789,1333103426
1332998795,1334258278
1333458277,1333569388
1333475847,1333628874
1334713611,1335085154
1335733247,1336128503
1336081517,1336637925
1336806213,1337310891
1339064257,1339436297
1339709749,1339959684
1340167482,1341149946
1341211819,1342405843
1341420175,1341797241
1342929211,1343502891
1343012826,1343387812
1343027173,1343507557
1343504684,1343643237
1343621467,1343835149
1344401541,1344975738
1344750752,1345238420
1345157063,1345408662
1345463186,1345938612
1345583723,1345942966
1345896673,1346904749
1345930424,1346894907
1346394826,1346772350
1348318747,1348858359
1348764631,1349171506
1349411683,1350044261
1351079530,1351121667
1351185140,1351420081
1351639830,1351839399
1353204074,1353916055
1354734492,1355059752
1355970519,1356272833
1357207150,1357563206
1357617387,1357639101
1357725952,1357970942
1358047895,1358293581
1358214644,1358668836
1358983580,1359416232
1360224607,1360655489
1361397944,1361478933
1361949080,1362013185
1362169045,1362654122
1362641665,1362942764
1362970798,1363673551
1362978760,1363604431
1363257442,1363367342
1363604398,1364185708
1363849779,1364150719
1364562127,1365096813
1364700586,1364967679
1365409124,1365459584
1365468078,1365835050
1365589975,1366027045
1366093975,1366580416
1366315093,1366382183
1366540128,1366795078
1367571553,1367666032
1367747366,1368170020
1368081063,1368264922
1368498090,1369020219
1368590028,1369150931
1368695636,1369433669
1368802326,1369068337
1369022367,1369136454
1369619424,1369993163
1370107359,1370772245
1370147233,1370348167
1370307768,1370344417
1372437634,1372766510
1372611632,1373201045
1373096884,1373685794
1373241225,1374084136
1373753166,1373960814
1373941730,1374278159
1375159788,1375987171
1375193153,1375875591
1375196405,1375607275
1375196441,1375511468
1375517288,1375873787
1375656053,1376083086
1375990822,1376495162
1376232828,1376676769
1376246761,1376613938
1376709061,1377023439
1376898077,1377278798
1377544833,1378296801
1378265666,1378576210
1379095023,1379601789
1381849583,1381924348
1382102471,1382242533
1383309175,1383719973
1383404983,1383933852
1383483340,1383900237
1383532814,1383610610
1383672010,1384061057
1383940604,1384392549
1386447420,1386641165
1387637537,1387974410
1388124461,1388539065
1388299712,1388431140
1388786262,1389186384
1388792886,1388832014
1389801732,1390334810
1390441377,1390525465
1390870755,1391454525
1391169586,1391422309
1391317216,1391633794
1392936091,1393278901
1394124107,1394304402
1394793438,1394838752
1395444067,1395773856
1396338563,1396657820
1397037063,1397281510
1397200897,1397240936
1397454420,1397639111
1397657628,1397707718
1397871644,1397978767
1398274012,1398479931
1398373252,1398490447
1398698913,1399624493
1399816314,1400342785
1400795395,1400943079
1403242223,1403523141
1404700305,1405206621
1405085067,1405443002
1405770708,1406144364
1406224759,1406765115
1406894531,1407412275
1407614280,1407885379
1409079395,1409403729
1409663824,1409784318
1410147081,1410668172
1410209877,1410766945
1410438362,1411495499
1410752424,1410821638
1412031969,1412294807
1412303753,1412543622
1413130688,1413466391
1414661357,1415022319
1414850560,1415207847
1415667323,1416061520
1415924114,1416486941
1416176418,1416970565
1419101050,1419317595
1420099495,1420550986
1420118853,1420638633
1422116495,1422700757
1422759362,1423171442
1423062742,1423410876
1424293738,1424594287
1424771477,1425342712
1425759501,1426333852
1426181489,1427023638
1427088721,1428004599
1427389234,1427900469
1427586414,1428031319
1427689788,1428481564
1429058404,1429455342
1429707206,1430280123
1431045815,1431324504
1431147316,1431497993
1431360095,1431648581
1431988459,1432340920
1432592155,1433009457
1432742973,1433358470
1434186943,1434785973
1434593687,1435046005
1435050660,1435454886
1435144748,1435481330
1435151750,1435445291
1435933759,1436015013
1436015959,1436104762
1436393938,1436908315
1436713627,1437355494
1439415847,1439750708
1439626040,1439863065
1441286864,1442119457
1442308605,1442694254
1443497978,1444041789
1443921779,1444592242
1444058381,1444639776
1444325397,1445053220
1444623811,1445053973
1445891532,1445982717
1446329274,1446753409
1446618687,1446903094
1447129762,1447412285
1448650289,1448737171
1449898615,1450198106
1450433971,1450781631
1450545775,1450766551
1450697840,1451272800
1451027129,1451299817
1451099175,1451695670
1451748522,1452305788
1452047587,1452495493
1453442268,1454154725
1454563352,1454752338
1454631122,1454766114
1455359321,1455724651
1456349897,1456573754
1456385608,1456583684
1457060576,1457449076
1457761228,1458302873
1457999059,1458620256
1460055160,1460476314
1461182691,1461878888
1461783600,1462275108
1462287897,1462908505
1463038638,1463362999
1463785836,1464226525
1464341166,1464654884
1464540989,1465099162
1464733961,1464942982
1465741130,1466175208
1466045301,1466492309
1466323727,1466841362
1466904692,1467155085
1466945588,1467020599
1467416952,1467991560
1467866364,1468147821
1468820761,1469402491
1468827409,1468921429
1469096229,1469471098
1469300042,1469500587
1470606984,1470927596
1471435074,1471944726
1471790510,1472323771
1473675287,1473810047
1473990263,1474455305
1474043268,1474740388
1474132118,1474396034
1474850357,1475815164
1474927768,1475556329
1475200690,1475434188
1475554476,1476191098
1476300789,1476862323
1477201035,1477764134
1477203193,1477426080
1477208922,1477700472
1478767433,1480209262
1480774917,1481268925
1483051425,1483317338
1483411456,1483521679
1483483849,1483862386
1483555642,1483802425
1484468884,1485179475
1484656732,1485159471
1485016148,1485539003
1485556812,1486052802
1485871638,1486054974
1486281918,1486864889
1486873364,1487515326
1487311507,1487886404
1487919368,1487961698
1488100694,1488900244
1488176567,1489697272
1489020264,1489803400
1490460043,1490591349
1490476693,1490846404
1491154218,1491354236
1492641798,1493337041
1492903894,1493375304
1493130340,1493282289
1493500028,1493755114
1494041731,1494562052
1494981364,1495373150
1495038670,1495391027
1495965012,1496354357
1497286334,1497455644
1498331992,1498787164
1499854078,1500732781
1500435238,1500950908
1502003535,1502534613
1502094862,1502905268
1502383631,1502826409
1502609050,1503166088
1502907161,1503285184
1505989106,1506162079
1506374789,1506647346
1507609290,1507638397
1507785948,1508293441
1508753717,1509362238
1509038330,1509556095
1509568621,1510260729
1510075291,1510454322
1510290286,1510476495
1512642806,1513022077
1512967592,1513100526
1513045321,1513158559
1513344108,1513866563
1513489020,1513696769
1513672641,1514108351
1513878424,1514443873
1514518495,1514883104
1514728491,1515024577
1515136956,1515192817
1515991713,1516055043
1515997938,1516262115
1516787389,1516957994
1517220865,1517768648
1517450115,1517738107
1517479879,1517863294
1517772316,1518076767
1517952908,1518468426
1518055891,1518342693
1518160310,1518700695
1519415615,1519939280
1519782985,1520934369
1519927220,1520553053
1520749135,1521372708
1521874686,1522522769
1522242688,1522900919
1522599689,1523417689
1523793135,1524200853
1525593404,1526455015
1527171322,1528369625
1527349998,1527854489
1527930824,1528249126
1528050342,1528518157
1528062567,1528484168
1528092126,1528506268
1528385619,1528805431
1528899708,1529061515
1529228989,1529398784
1529434903,1530357034
1529436600,1529782064
1529450217,1529826464
1529486540,1529869450
1529841930,1530417410
1529944979,1530178776
1531872892,1532476258
1531923713,1532277252
1532351477,1532829368
1532640726,1533237705
1532689774,1532773013
1534147887,1534840437
1535012901,1536391785
1535151202,1535979493
1535232926,1535636196
1536911323,1537460307
1538312159,1538833196
1538479527,1539263480
1539004206,1539345932
1539595841,1540078340
1541195021,1541909228
1541241482,1541712792
1542202344,1542322880
1542329200,1542839566
1542427321,1542724001
1542893662,1543285320
1545660626,1546243630
1546248010,1546616872
1546267445,1546803550
1546526578,1547062883
1547077837,1547171853
1547190028,1547752280
1547641044,1548069863
1549711521,1550154660
1550041251,1550487718
1550525354,1550934826
1550890986,1551533296
1551235785,1551637793
1551622071,1551960625
1551767546,1552671042
1553221982,1553975927
1553512202,1553746611
1554361975,1554729071
1554410926,1554788293
1554701733,1554910541
1554736390,1555149481
1555628272,1555889632
1555989186,1556594866
1556273600,1556555948
1556703361,1556972193
1557210568,1557638282
1557472560,1557607813
1558173979,1558658119
1559316205,1559852129
1559563663,1560072448
1559891304,1560307861
1560082074,1560459596
1560314539,1560485984
1560577905,1560830835
1561287718,1561779195
1561611371,1562220312
1562270475,1562602026
1562776568,1563188555
1563287475,1564013481
1564299142,1564685291
1564499861,1564884769
1565089175,1565487892
1565281994,1565737258
1566117632,1566693408
1566536546,1566790336
1566843407,1567198602
1567629195,1567699934
1568101835,1568553573
1569060292,1569528073
1571059273,1571605850
1571341801,1571731128
1572062917,1572364695
1573209941,1573351412
1573239848,1573582656
1574616241,1575045322
1575704259,1576103411
1576278963,1576647549
1576644425,1577138131
1576693839,1577042658
1577442623,1577952895
1577961864,1578321029
1578410206,1578675760
1578463762,1578519807
1580073270,1580627950
1580267479,1581137244
1580430175,1580946536
1580771696,1581147370
1581156638,1581588490
1581158927,1581912171
1581654889,1581873642
1581692190,1581943193
1581765675,1582111173
1581922430,1582010721
1581948234,1582247431
1582071171,1582324463
1583386292,1583545759
1583854968,1584204343
1583887540,1584162770
1584329306,1585247473
1584428367,1584867805
1584580580,1585208936
1585157095,1585734976
1585311751,1585715929
1586018902,1586864373
1587018505,1587302363
1588632454,1589198776
1588850956,1589189730
1589241629,1589822663
1589465827,1589992321
1589798812,1590467553
1590094613,1590493640
1590793847,1591105852
1590845879,1591056850
1591093200,1591263732
1591165161,1591664031
1591293505,1591743345
1591910071,1593023799
1592322556,1592560280
1592919815,1593225768
1593217521,1593376393
1593635553,1593873809
1593650969,1594120831
1593652821,1593797295
1593722508,1594143672
1593856191,1594140599
1594433001,1595095226
1596043799,1596421654
1596227336,1596481249
1596385716,1596549428
1597384054,1597885869
1597686655,1598249491
1598105659,1598410202
1598260175,1598784420
1598274295,1598706859
1598386191,1598725306
1598644429,1599361464
1598729204,1599433276
1599259766,1599958963
1600831025,1601109816
1601138600,1601653508
1601349440,1601842506
1602686790,1602935254
1603319640,1603906566
1603332649,1603764019
1603860219,1604399679
1604242543,1604403009
1604812647,1605272939
1605450111,1605986779
1606237007,1606291042
1607012992,1607719656
1607238922,1607334666
1607274765,1607526217
1607559723,1607911999
1607929925,1608738580
1608846166,1608969945
1609307929,1609995909
1609793949,1610131098
1609820973,1610388224
1610210256,1610431824
1611309978,1611430696
1613249113,1613270340
1614000247,1614329181
1614339145,1614762653
1614583841,1615185377
1615291087,1615739726
1615910995,1616434821
1616784637,1617587210
1617157332,1617531531
1617997305,1618598268
1618716248,1619313724
1619102402,1619245229
1620590998,1620759770
1621045865,1622008039
1622378994,1622723107
1622388580,1622568439
1622501775,1622912131
1623504747,1623943605
1623558486,1624232950
1623851775,1624312441
1624221597,1624377569
1624312898,1624822878
1624346825,1624822368
1624401599,1624833705
1625305067,1625483988
1625606389,1626122271
1626135903,1626524297
1626175636,1626257560
1626860166,1626886296
1626890632,1627025228
1627983414,1628107537
1628126404,1628611459
1628354689,1628806747
1630785283,1631373705
1630825571,1630998220
1630935675,1631156583
1631641363,1632415578
1631849127,1632304840
1632011380,1632420252
1632862151,1633912919
1633095071,1633910549
1633784525,1634341622
1635016332,1635173627
1635020668,1635559904
1635134398,1635880085
1636301884,1636794936
1636925191,1637165695
1638628880,1639533532
1638711742,1639181981
1640411345,1640809315
1641312700,1641898207
1641327876,1641679028
1641394918,1641905658
1642341820,1643275257
1643290922,1643564765
1643436121,1643841344
1643791058,1643810789
1643855848,1644465154
1645540337,1645790953
1646956781,1646993720
1647170110,1647683850
1647478736,1648392087
1647505012,1648291163
1648395522,1649288921
1650181233,1650469105
1650257357,1650699507
1651004391,1651540257
1651898302,1652523897
1652142992,1652538805
1652393255,1652805096
1653667597,1654038404
1653834532,1654330433
1654572739,1655194602
1657683832,1658103233
1657744286,1658304928
1658115894,1658223733
1658166968,1658334906
1658750995,1659302553
1659306058,1660498214
1660523292,1660941645
1660524210,1661088645
1660893256,1661071315
1660940822,1661138843
1661400856,1662004298
1661650503,1661756626
1661767844,1662296528
1662590610,1663177836
1663672331,1663795967
1663693725,1663983766
1663866206,1664388597
1664210492,1664454482
1664437867,1664936619
1664595073,1664834173
1665784921,1666078279
1665896923,1666308383
1666096711,1666813874
1666315138,1666570780
1666338434,1666724204
1666865163,1667375884
1667270270,1667916821
1668667091,1669125777
1669369818,1669833779
1670089799,1670836104
1670367828,1670505032
1671712943,1672385910
1672462953,1672530437
1672543588,1672877008
1675826654,1676162576
1676151292,1676695034
1676271494,1676733441
1676919457,1677664589
1677392130,1677822424
1677585211,1678094913
1678353453,1678967370
1678758978,1678847040
1679198595,1679722011
1679784630,1679987272
1679843392,1680467179
1679844563,1680084516
1679891890,1680438569
1680435614,1680855246
1682177574,1682920442
1682392335,1682570627
1683030116,1683785358
1683125039,1683791740
1684378498,1684897510
1684700640,1685371588
1684823899,1685275383
1685093229,1685410992
1685414084,1685688731
1685856816,1686286447
1685957302,1686224796
1686325550,1687115238
1686486328,1687051498
1687240387,1687522598
1687417118,1687639169
1687848071,1688324607
1688304036,1688636971
1689700490,1690365862
1690400025,1690541102
1691758284,1692075570
1692002849,1692371230
1692316811,1693033953
1692503031,1692794211
1694445264,1694702730
1694522211,1694676694
1694699802,1694777918
1695262387,1695870518
1695367911,1695948105
1695749283,1696421216
1696423786,1696867724
1696872377,1697435825
1696954884,1697000723
1697936426,1698840595
1697959412,1698578843
1698243750,1698618610
1698624886,1699084507
1699106662,1699585764
1699314394,1699589509
1699747624,1700418948
1700138607,1700667485
1700737527,1701172338
1701025052,1701575978
1701269584,1701889472
1701865198,1702795170
1702599805,1703040738
1702689149,1703155866
1702707839,1702926004
1703496912,1703932066
1703732406,1703937250
1705132791,1705647233
1705201343,1705440632
1706036242,1706517315
1706580451,1707207748
1706994177,1707322668
1707261448,1707951635
1708229092,1708423811
1708993198,1709561704
1709259277,1709709822
1710201624,1710292694
1710228459,1710651833
1711715354,1712018284
1712290844,1712717001
1712828380,1713267333
1714314522,1714751450
1714875204,1715164914
1715027043,1715080964
1715197412,1715709042
1715372044,1716016049
1715397947,1715797997
1715592672,1716200657
1716043547,1716790411
1716109541,1716372269
1716126958,1716322916
1716213703,1716648853
1716363618,1716769707
1716796984,1717225234
1718134227,1718635535
1718899586,1719362471
1719150623,1719691465
1720284849,1721102733
1720818366,1721282006
1721725546,1722015552
1721968566,1722029640
1722382838,1722712235
1725811160,1726585917
1726061861,1726295967
1727950724,1728285151
1728426366,1728868885
1728574738,1729530781
1729508370,1729836082
1730574144,1731045463
1731820007,1732104813
1731919799,1732501950
1732244790,1732647419
1732709223,1733362214
1732725682,1733245513
1733073870,1733223799
1733445106,1733904260
1733858608,1734271763
1734753972,1735192280
1735130719,1735493307
1735437783,1735726356
1735730265,1736124270
1736439543,1737316597
1736533828,1737197561
1736540661,1737369791
1737134827,1737711786
1737285766,1737732160
1737381224,1737402416
1739681454,1739969101
1740503280,1740702391
1740602728,1740850745
1742012285,1742405831
1742021163,1742447271
1742215506,1742393811
1743706951,1744003117
1744275047,1744730096
1744587646,1744988582
1745609340,1746120337
1746075775,1746281525
1746359161,1746897808
1747628337,1747988797
1748331866,1748518978
1753088990,1753607617
1754452385,1754608120
1754680669,1754754730
1755966900,1756067696
1757635237,1758601048
1759011570,1759431768
1759019357,1759299918
1759873517,1760521309
1759901847,1759977651
1760602398,1761154850
1760765172,1761590945
1760944541,1761660050
1761573969,1761783254
1761897291,1762764559
1763862355,1765686805
1765781577,1766427591
1765896676,1766296450
1766192132,1766627830
1767593400,1767744107
1767699535,1767858579
1767899406,1768212363
1768085988,1768621799
1768691124,1769103328
1769325959,1769725166
1769513578,1770060863
1769663027,1769853844
1770141929,1770383056
1771093969,1771412533
1771324568,1772032399
1771416106,1771820186
1771604374,1771853704
1772258934,1772588054
1772517902,1772904825
1772623337,1773188207
1772908466,1773041420
1773274565,1773400224
1774407587,1774707904
1774557594,1774789731
1777402776,1777816789
1778038657,1778375127
1778468380,1778906207
1778557132,1779222972
1779143206,1779683115
1779240094,1779476417
1779641935,1780416905
1780657806,1781053655
1781113625,1781450631
1781914298,1782292101
1783278079,1783978684
1785273863,1785740137
1785569491,1786112854
1786384317,1786639517
1787949897,1788213105
1788182623,1788713868
1788431139,1788640125
1788642850,1788685754
1789045467,1789654846
1789194851,1789524485
1789938725,1790370113
1790368506,1790638198
1790694127,1790970785
1790809580,1791341881
1791004819,1791191280
1791465968,1792049978
1791859222,1792245822
1791965527,1792310860
1792312518,1792465619
1793129775,1793240994
1793195172,1793536505
1793538348,1794131390
1793895877,1793928829
1793952252,1794545595
1794556733,1795094974
1794887075,1795370872
1795728659,1796265378
1797127828,1797367457
1798029812,1798380520
1798386520,1798678760
1799062918,1799986645
1799328518,1799990209
1799543715,1800064604
1800148650,1801098985
1801151647,1801889266
1801845427,1802203874
1801889029,1802446432
1801898699,1802486759
1802444280,1802522659
1802729308,1803172093
1802812960,1803086021
1803055710,1803429520
1803103587,1803607188
1803418349,1803905936
1803426314,1803998412
1803524568,1803664246
1803691602,1803850811
1804154384,1805046370
1804738171,1805501733
1805177237,1805823388
1805481626,1805754701
1806078106,1806419041
1806214569,1806699697
1807562899,1808026155
1807849075,1808220821
1808051183,1808115732
1808227523,1808849420
1808300219,1808429583
1808438840,1808788161
1808822802,1809145520
1808852179,1809370217
1808899865,1809507761
1810017112,1810174085
1810058245,1810487753
1810079228,1810648438
1810577451,1811607815
1810796588,1811260264
1812128292,1812465205
1812491404,1812952369
1816981363,1817210792
1817135858,1817578370
1817636711,1818495750
1818447370,1818789897
1820119182,1820433689
1820769676,1821015793
1821479096,1821703422
1822142143,1822391725
1824360566,1824545970
1825921296,1826162239
1825968317,1826448324
1826346183,1826642070
1826747252,1827246150
1826998588,1827471025
1828146525,1828730882
1828684725,1829133372
1830763089,1831216625
1831288355,1831828357
1832148672,1832662448
1832468770,1832846632
1833130761,1833620284
1833146590,1833606485
1833384437,1833635474
1834788387,1835233481
1835012157,1835094561
1835542273,1835735645
1835604076,1835687800
1835807902,1836106704
1837409158,1837776143
1838632393,1839154896
1838824054,1839424426
1838948380,1839193265
1839171979,1839291038
1839495273,1839564132
1840844982,1841615514
1841641883,1841797389
1842780477,1843295669
1844532952,1844935042
1844692865,1845393107
1845818041,1846235712
1845846571,1845893225
1847578762,1847819633
1849006794,1849346924
1849167898,1849295902
1849706939,1849960057
1849995629,1850822901
1850836182,1851506832
1850854551,1851038938
1851641471,1852170120
1851854463,1852012631
1852088265,1852459812
1852385644,1852987978
1852421246,1852541563
1852518518,1852848214
1853116636,1853748313
1853978682,1854225466
1854630241,1855225877
1855132425,1855414130
1856323872,1856752766
1857129980,1857638810
1857775275,1858148564
1857815937,1858092827
1858051705,1859010357
1858408020,1858515047
1858917588,1859194750
1858964129,1859271214
1859921140,1860414467
1860160297,1860289567
1860578933,1861563824
1861011521,1861441123
1861328294,1861847624
1861406216,1861802984
1861580805,1862121644
1861618048,1861923537
1862454598,1863011875
1862538101,1863027841
1863510636,1863880430
1863885783,1864405231
1865037549,1865119050
1865220456,1865544783
1865753692,1866171695
1866244400,1866658128
1866331320,1866627736
1866446200,1866499161
1867808419,1868311001
1868297090,1868718292
1868311419,1868871155
1868508086,1868832941
1868706552,1869144853
1868755815,1869038594
1869289173,1869670317
1869406021,1870356610
1871377013,1871532329
1871435291,1871956618
1871652986,1872278813
1872201576,1872615554
1872444391,1872896858
1872848769,1873128497
1872865152,1873400083
1873300755,1873411628
1874131964,1874886141
1874441636,1874886534
1874469819,1874663281
1874783828,1875442807
1875351264,1876119926
1876133386,1876489920
1876204000,1876603679
1877795658,1877847270
1878040887,1878630027
1878702101,1879000878
1879257622,1880073457
1879516259,1879653337
1880009731,1880343664
1880067053,1880680994
1880633234,1881358568
1881017975,1881485289
1881374495,1881930276
1882745358,1883508019
1883742324,1884034544
1884187638,1884338400
1884271950,1884591072
1884315038,1884668629
1884786622,1884994181
1885421700,1885975999
1885594704,1885930981
1885693328,1886082844
1886518249,1886896000
1887736722,1888068175
1888069842,1888497235
1888354541,1888937384
1889712420,1889908644
1890653528,1891139252
1890661135,1890732564
1892175770,1892748147
1892616270,1893004181
1892719360,1893241063
1892800392,1893321234
1893810923,1894302825
1894031579,1894661059
1894126026,1894508815
1895286616,1895898123
1895412236,1895980619
1895536741,1895944866
1895669259,1896454305
1895935269,1896564307
1896039453,1896994073
1898606670,1898882738
1898715205,1899393500
1898896979,1899648930
1899130233,1899522902
1900154905,1900427913
1900214754,1900801803
1900618933,1901028573
1901572882,1901852840
1901853064,1902282029
1902435225,1902757118
1902888204,1903266137
1902992175,1903068992
1903321631,1903794202
1904236101,1904860208
1904563828,1905107465
1904902768,1905159432
1905050648,1905436366
1905698357,1905807185
1906032872,1906493333
1906198749,1906754365
1906247498,1906702330
1906623556,1906683878
1907061314,1907270966
1907546132,1908403586
1907695010,1908306323
1908864831,1908898573
1909324492,1909608827
1909662322,1910140304
1910149969,1910580087
1910154157,1910225743
1911446674,1911636411
1911495808,1911695446
1911572014,1912123050
1911583786,1911949669
1911695559,1912049327
1912079977,1912517994
1912956753,1913464372
1912960370,1913243316
1913428242,1913662982
1913468518,1913972458
1913795849,1914341835
1913970622,1913998080
1914285829,1914617593
1915065953,1915619663
1915258472,1915626585
1915471032,1915871833
1915487513,1915541236
1915617644,1916065953
1917405275,1917777523
1918438078,1918461421
1918472005,1918727328
1918913387,1919244136
1918947275,1919337158
1919669115,1919869757
1919725552,1920275833
1920279944,1920449957
1920890814,1921103909
1920941209,1921604159
1921643702,1921792244
1922218923,1922316165
1922955800,1923066270
1923667896,1924475619
1924842365,1925048615
1924945815,1925540300
1924987402,1925650676
1924987510,1925283415
1925659506,1926117391
1925724890,1925865472
1926566469,1926677482
1926585153,1927130671
1926906331,1927320651
1927190330,1927813485
1927208969,1928161831
1927819857,1928229747
1928606775,1929055641
1928992315,1929269278
1929676126,1929962143
1931880211,1932055418
1932311601,1932669406
1932543172,1932934282
1934007467,1934139009
1934306283,1934413562
1935456146,1936190463
1935606056,1936382254
1935681650,1936181047
1937460037,1938036871
1937703104,1937958094
1938304643,1938491404
1938632341,1939211134
1938763148,1938939675
1938801821,1939362930
1938883511,1939133859
1939248245,1939709632
1941057065,1941544404
1941396464,1941835596
1941944898,1942192742
1942263045,1942749561
1942402762,1942804536
1942759948,1943206467
1942817073,1943677649
1943134820,1943483949
1946649255,1947383040
1947108785,1947593826
1948435805,1948776545
1949403617,1949843901
1950697380,1951323553
1951358394,1951776482
1951796654,1952403826
1951892905,1952073809
1952450480,1952640503
1954237436,1954397602
1954304691,1954636843
1954366340,1954708594
1954646835,1954936369
1956509373,1957107958
1956775484,1957165888
1956791151,1957220239
1957150768,1957419817
1958772730,1959378766
1958808681,1959434751
1960110519,1960783363
1961317606,1961730290
1961594993,1962413291
1961881440,1962462469
1962497765,1962588137
1962574943,1963389176
1963901590,1964412207
1964365731,1964692135
1964380520,1964982340
1964948786,1965425225
1965484949,1965742914
1967404201,1967597581
1967780335,1968533682
1967858190,1968139774
1968281030,1968693740
1968748501,1969374647
1969457472,1969668123
1969524031,1969619431
1969863380,1970070282
1970316024,1970488168
1971003927,1971527024
1971373134,1971793291
1971424397,1972086693
1971497296,1971631006
1972515888,1972609324
1974732693,1975260293
1974871329,1975414435
1975705050,1975940490
1975967884,1976621708
1976190691,1976680360
1976555613,1976675033
1976668113,1976887341
1977683688,1978496543
1978329221,1978513047
1979437465,1979654992
1979832724,1979974843
1979963661,1980487782
1980355714,1980777084
1982430946,1982991743
1982534578,1982861770
1984942497,1986484628
1985180052,1985842332
1986468943,1986773279
1987030490,1987552033
1987940643,1988605428
1988524979,1988863021
1988932675,1989200286
1989147464,1989489379
1989329262,1989542349
1989553696,1989797823
1989583133,1990183180
1990199814,1990651925
1991212667,1991432691
1991597672,1992057861
1991828304,1992273379
1991921568,1992498126
1992214659,1992231160
1994238742,1994337513
1995362842,1995908290
1996284244,1996839235
1997232100,1997809756
1999411005,1999935097
1999521237,2000004308
1999633500,2000072892
2000668075,2001099028
2001075165,2001181517
2001425709,2001596600
2001548046,2002153897
2001634602,2001866275
2001814615,2002782708
2002727623,2003186373
2003192312,2003465970
2003400349,2003574948
2004133529,2005026378
2004377955,2004645304
2004670821,2005431116
2004809989,2005407949
2005038051,2005059448
2005357436,2005812733
2005870244,2006278008
2005969141,2006386138
2006190184,2006505040
2006475790,2006600091
2006878100,2007110690
2007143259,2008041966
2008544629,2008581640
2008552307,2008961431
2008934868,2009134634
2009600413,2009860529
2009915181,2010528826
2009966102,2010624029
2010036281,2010757832
2011423914,2011833971
2011778191,2011972132
2011913445,2012268352
2012268461,2012957262
2012379264,2012906341
2012602797,2012911213
2012874333,2013335295
2012921116,2013442114
2013508434,2013741102
2014946222,2015438994
2016721062,2017275319
2017340130,2017406067
2017597259,2017865682
2017693362,2018244203
2017737966,2018047625
2018819395,2019113080
2019463943,2019674513
2019844174,2020006022
2019953586,2020402458
2020877085,2021369210
2021449020,2021661695
2021527925,2021962143
2021837651,2021962544
2021924334,2022395628
2022647195,2023056890
2023441734,2024321361
2024514257,2024760778
2025384658,2026302726
2026089745,2026396226
2026138717,2026691346
2027553557,2027975328
2027987024,2028174672
2029345424,2029736154
2029532058,2030007241
2030163225,2030530577
2030594061,2030842476
2030802671,2031838767
2033440086,2033939405
2033444606,2033900908
2033470216,2033654278
2033700458,2034016945
2033823455,2034053886
2034036343,2034314962
2034383705,2034819862
2034822835,2035408989
2034987612,2035012610
2035119524,2035386766
2035279940,2035805015
2036591121,2036711490
2036994573,2037372976
2037044871,2037384799
2037245168,2037398387
2037319278,2037477794
2037398457,2037489274
2037504014,2037858952
2037874051,2038337097
2038077448,2038226676
2039355053,2039915899
2041019841,2041630344
2042588213,2042991876
2042730473,2043084092
2042776019,2043002526
2043042312,2043287937
2043168927,2043551898
2043863310,2044245560
2044233699,2044743712
2044241949,2044327176
2044788840,2044824637
2044834709,2045185012
2045170803,2045702807
2045197567,2045602437
2047111549,2047822798
2047639472,2048447684
2047947728,2048818741
2048705257,2049320298
2049750510,2050155294
2049843601,2050261565
2050268938,2050499104
2050324665,2050408474
2052452400,2052680360
2052503228,2052999903
2054508149,2054766039
2054917182,2055419146
2055879438,2056118692
2055996715,2056475974
2056392047,2056700295
2056832866,2056956492
2057162447,2057329234
2058135945,2058689873
2059122365,2059715702
2061444227,2061992209
2062206627,2062686033
2062688442,2063179123
2062796061,2062975028
2064851301,2065493731
2065505029,2065779624
2066009043,2066605571
2066030058,2066636601
2066664342,2067313440
2067656551,2068001392
2068695709,2068957355
2068729893,2069208695
2069639808,2070426760
2070099447,2070467069
2070348822,2070637794
2070602831,2071462357
2070605984,2071403211
2074110910,2074445875
2074985292,2075053123
2075221411,2075502089
2075844796,2076378703
2077434353,2078239364
2077655873,2078125990
2077856429,2078261659
2078396995,2078994751
2079002175,2079764051
2081419704,2081742947
2081575724,2081769657
2081859496,2082486364
2082182744,2082379611
2082799688,2083591564
2082838888,2083054898
2083207588,2083277299
2083210940,2083450817
2083306270,2083407760
2083376296,2083769500
2085020441,2085505904
2086079726,2086448004
2086539200,2087094194
2086558782,2086968241
2086596716,2086628292
2086891910,2087356507
2087013667,2087502594
2087506659,2087923671
2087784303,2088647082
2089027052,2089509324
2089402651,2089785665
2089563717,2090135500
2090200407,2090380248
2091389215,2092019082
2093113619,2093420672
2093317824,2093674420
2093869063,2094062710
2094722491,2095322730
2094767302,2095395885
2095684513,2095930599
2098185653,2098865787
2098991515,2099512000
2100084622,2100148607
2100153777,2100215367
2100158451,2100287819
2101150650,2101633917
2101258865,2101376132
2102532819,2102834788
2104098129,2104898620
2104194867,2105115218
2104413982,2104583142
2105902659,2106379302
2106320818,2106461537
2106828101,2107416185
2106958160,2107225712
2107081537,2107282285
2110947439,2111513857
2111010214,2111590510
2111626009,2112092346
2111940640,2112540638
2112146258,2112717469
2112483900,2112782262
2112995279,2113545810
2113931619,2114564471
2114088583,2114248851
2114286226,2114625865
2114489420,2114898566
2115012695,2115209347
2115582215,2116363020
2115809497,2115982435
2115918455,2116324713
2116346176,2116403805
2116460856,2116989525
2116812171,2117269601
2118798722,2119073175
2119111068,2119714537
2119496826,2119749337
2119798625,2120199156
2120501537,2120977185
2120867049,2121239148
2121174286,2121683791
2121417800,2121875990
2121463283,2121740147
2121705453,2122030252
2123248264,2123672630
2123441954,2123745833
2123528550,2123707118
2123589765,2124187955
2123988031,2124521207
2124363786,2124638777
2124471201,2124512467
2124777009,2125332863
2124950509,2125535955
2125221379,2125414280
2125391677,2125981024
2125502756,2125701679
2126108564,2126551408
2126716327,2126902313
2126759137,2127072929
2126938389,2127471853
2127038389,2127484287
2127062137,2127586287
2128557912,2128755545
2128844439,2129204292
2131367395,2131652938
2132034269,2132499011
2132158234,2132782352
2132781313,2133416810
2134682177,2135356659
2134791135,2134916970
2134881028,2134971259
2135003897,2135272300
2136494523,2137251375
2137443388,2137900606
2138444678,2138941183
2140835912,2141160486
2140837295,2141067547
2140877887,2141202714
2141534677,2142043576
2142063571,2143024627
2142536283,2143187829
2142884646,2143434976
2143452342,2143701465
2144236416,2144265015
2145031688,2145480066
2145244259,2145772947
2146513058,2151041153
2147783981,2148022812
2148087986,2148130538
2148703464,2149153218
2150340218,2152368581
2152244125,2152479018
2152377679,2152928023
2152420332,2152499084
2152783413,2153175525
2152992085,2153706577
2153531204,2154196881
2153544417,2153929981
2153604480,2154390888
2153655060,2154225377
2153863507,2154205459
2155796756,2156316366
2156718883,2157100924
2156799636,2156969196
2157599795,2157924584
2157601186,2158109715
2158302700,2158526477
2159093530,2159439035
2160804393,2160899489
2162800213,2163090620
2163217025,2163800586
2163858772,2164020063
2164170639,2164679975
2164390566,2165191754
2164456133,2164891179
2164714534,2165611447
2165657712,2166546423
2166616983,2167500974
2166645445,2167227637
2167136641,2167685313
2167272686,2167443975
2169715150,2170257116
2170296441,2170734517
2170437078,2171623797
2171382485,2171507899
2171905189,2172312246
2172981573,2173107671
2173170529,2173636648
2173181790,2173641720
2173300253,2173745659
2173476746,2173770932
2173731032,2174071067
2175275799,2175859334
2175487657,2176429123
2176169064,2176531052
2176863158,2177389402
2177070487,2177206077
2177199631,2177488929
2177342304,2177700704
2177624220,2177870007
2177742280,2177839074
2178012570,2178229331
2179516384,2180058963
2179640097,2180455744
2179918423,2180542368
2180260383,2180526105
2181695608,2182119537
2181732789,2181927381
2181988665,2182290688
2182476162,2182848220
2182966614,2183297371
2183664645,2183766730
2183735808,2183980513
2184878242,2185057291
2185050153,2185483978
2185700719,2186099477
2186266854,2186568473
2186388405,2186546601
2186522334,2186799976
2189105964,2189547543
2190532315,2190702696
2190876520,2191100079
2192541705,2192975232
2193792749,2194522685
2194265075,2194682057
2195363441,2195916478
2195630563,2196069687
2195749916,2196169805
2195852302,2196037738
2196075341,2196342176
2196706237,2197069406
2197679675,2198013551
2198343230,2198850330
2199340894,2199855205
2200194929,2200829986
2200489344,2200931019
2200732103,2201187868
2200929542,2201046801
2201502373,2201542031
2202300671,2202846331
2202404605,2203476599
2203128962,2203595385
2203247599,2204096953
2203598147,2203917136
2204559596,2205338004
2205154633,2205600424
2205312383,2206006542
2205807405,2206270724
2206031917,2206856085
2206076336,2206695510
2206102774,2206691424
2206922473,2207319776
2207388979,2208031247
2207576579,2208274267
2207851340,2208113784
2208230979,2208318115
2208645390,2209199814
2209486246,2209900521
2209549646,2209882217
2209994179,2210467240
2210447651,2210919946
2210631109,2211051919
2211026281,2211425602
2211093568,2211468050
2211155973,2211553775
2211470544,2212058156
2212081248,2212449998
2212476272,2212873219
2213082585,2213138019
2213477562,2213631377
2214060438,2214685999
2214394638,2214670499
2215537339,2216103760
2216194684,2216848016
2216291360,2216873203
2216513045,2217597501
2216605657,2217077279
2217355351,2217715408
2217627290,2218004073
2218638723,2219217295
2218949455,2219382806
2219259257,2219964021
2219738887,2220249035
2221778885,2222099786
2222313000,2222654118
2222370782,2222776034
2222657235,2223168972
2222991400,2223608489
2223120179,2223584202
2223275323,2223669587
2223451877,2223743368
2224224808,2224451942
2224320891,2224460575
2226162048,2226607400
2228615304,2229129189
2228902224,2229334310
2228993469,2229251914
2230055699,2230674492
2230071411,2230656622
2230979548,2231349860
2233698312,2234351689
2236663966,2236980856
2236705613,2237622626
2237970007,2238178692
2238163972,2238344688
2238292942,2238831597
2238564997,2238788435
2239087038,2239696832
2239087643,2239589383
2239735244,2240392724
2239892767,2240006864
2240904169,2241184975
2241962027,2242338801
2242007149,2242631620
2242039393,2242508584
2242348782,2242435139
2242387414,2242742933
2243415865,2243649938
2243524187,2243927761
2243718463,2244154131
2243929630,2244057639
2244400029,2244936089
2244778212,2244972429
2245197190,2245551985
2246505148,2246770403
2246729243,2246927068
2246856394,2247240393
2246921379,2247600329
2246987004,2247399486
2248134892,2248415255
2249034582,2249559832
2250260037,2250480900
2251094545,2251968364
2251575983,2251982761
2251692285,2252120099
2252118123,2252764580
2252150541,2252611284
2252507866,2252766921
2255531768,2255954553
2257829394,2258289775
2258099359,2258653382
2258142045,2258635192
2258402434,2258674298
2258453981,2259173249
2259489290,2259979894
2259986172,2260380820
2260294345,2260711591
2261402700,2261764237
2261964125,2262453645
2263914575,2264535874
2264415539,2264766297
2265238231,2265928600
2265579813,2265896410
2266939437,2267209744
2266957007,2267011229
2268051295,2268401376
2268167328,2268296747
2268200274,2268614288
2268389916,2268930299
2268578699,2269104008
2269328196,2269852017
2269374326,2269671162
2269594228,2269874046
2269699057,2270206214
2269712118,2270099270
2270235096,2270671982
2270350114,2270605466
2270711359,2271088180
2270980599,2271404867
2271053410,2271893543
2271651696,2272012242
2272343508,2272519387
2273045351,2273611936
2273565574,2274071687
2274977858,2275773368
2275888616,2276197020
2276738883,2277097615
2276988288,2277577062
2278020277,2278398351
2280634224,2281601113
2281198993,2281855868
2282417282,2282747620
2282690509,2282877948
2282757524,2283132013
2283470149,2283891888
2283579984,2284113810
2284462027,2284830343
2284506420,2285152970
2284602101,2284847073
2285200277,2285663611
2285404187,2285813994
2287174288,2287504105
2287436659,2287806860
2287448301,2287748548
2287490017,2287788635
2287618968,2288039624
2288079115,2288148047
2289574616,2289648538
2290561321,2290968673
2292814125,2293408918
2293268570,2293503407
2293484910,2293805888
2293586063,2294064765
2293712946,2293887117
2293803355,2293962330
2294200681,2294505380
2294700728,2294759199
2294805766,2295058081
2295572895,2295980830
2295874259,2296090292
2297031656,2297431729
2298196321,2299018721
2298553434,2298968162
2299501086,2299857059
2300630894,2301291515
2301203002,2301728919
2302127245,2302275083
2302857842,2303291892
2303111890,2303409667
2303198960,2303752446
2303606409,2303663755
2303880294,2304342699
2303955515,2304475454
2304779370,2305193800
2305339070,2305521715
2306466348,2306573340
2306568051,2306995567
2307079565,2307675283
2308052970,2308967245
2308142089,2308770626
2309788016,2310559001
2310433335,2310841686
2310436285,2310725979
2310912326,2311357084
2310923525,2311559509
2311414008,2312100384
2312051330,2312383444
2312954931,2313131569
2313203257,2313523749
2313539129,2313906286
2314721483,2315534061
2315996131,2316581605
2317181639,2317549934
2317396530,2317703982
2317556385,2317960777
2318316988,2318843211
2318849851,2319010173
2319041343,2319851462
2319308945,2319422588
2320020145,2320511421
2320040271,2320171843
2320743222,2321122931
2321884876,2322388379
2322190270,2322502020
2322243008,2322734079
2322285711,2322815884
2322829951,2322863626
2323303546,2324112021
2324841015,2325467212
2324904747,2325492220
2327030976,2327373841
2329365118,2329667476
2329367253,2329982399
2329686875,2330076522
2329739413,2330318830
2329991990,2330273665
2331126354,2331427995
2331931245,2332363676
2332082060,2332597321
2333090403,2333621315
2333743940,2334196205
2334580180,2335205278
2334705397,2335073528
2334927104,2335379989
2336050548,2336574618
2337403502,2337805974
2337920960,2338142948
2339426748,2339951891
2339548425,2340036383
2339603112,2339694142
2340070712,2340275471
2340497992,2340790136
2341147060,2341456980
2341407058,2342213911
2341777295,2342976990
2342452393,2343069569
2342592523,2343453225
2343119347,2343288588
2343455212,2343618049
2343549546,2343846794
2343849012,2343881282
2344464208,2344807375
2348207054,2348898152
2348341569,2348747630
2349161583,2349682373
2349835845,2350408052
2351647452,2352186658
2353489986,2354472434
2354484318,2355043988
2354557359,2354700062
2354748792,2354864963
2355230189,2355962649
2356733314,2357329885
2358402219,2358477363
2358852992,2359345935
2359975410,2360734301
2360950850,2361244386
2361248389,2361678803
2361469194,2362070974
2361968825,2362382296
2362159082,2362400378
2362405886,2362785801
2362731423,2363331904
2362964306,2363159688
2363577666,2363918926
2363938131,2364593489
2364981052,2365449661
2365194120,2365738098
2365860972,2365952232
2366049605,2366566456
2366343845,2366676050
2366710494,2367228959
2367474203,2367648779
2367954334,2368882353
2367990438,2368524716
2368122825,2368841917
2368520023,2368852440
2369212103,2369557063
2369242819,2369459546
2369554765,2369957645
2370092467,2370590221
2370433440,2370776040
2370602974,2370912659
2370726369,2371339450
2370927293,2371208522
2372054456,2372402688
2372550902,2373208199
2373262628,2373659399
2374132543,2374271474
2375033319,2375074734
2375160302,2375552123
2375346419,2375853162
2375410947,2375702435
2376825220,2376937786
2377230990,2377351427
2377367616,2377692314
2378481584,2378787121
2379361919,2379796044
2380055517,2380873650
2380725619,2381322131
2382871112,2382922903
2383098544,2383781583
2385818835,2386098398
2386349135,2386743999
2386360276,2386711539
2386541564,2386906851
2386644087,2387093522
2386926965,2387459426
2387604148,2388062702
2390278761,2390881881
2390459732,2390528541
2390807976,2391258860
2391464643,2392498652
2391700557,2392282085
2391739409,2392219787
2392170097,2392685242
2393289571,2393790422
2394084136,2394421757
2394643775,2395048526
2395607318,2395671768
2395895359,2396316997
2396194006,2396534287
2396508555,2396764794
2396556913,2396931460
2396808988,2397201516
2397179027,2397668680
2397484304,2397934932
2398559826,2399450965
2399875861,2400104648
2401189588,2401833086
2401844571,2402539620
2403099871,2403709143
2403747833,2404242572
2404468165,2404873648
2405055120,2405771413
2405976438,2406079201
2406082443,2406258203
2406333475,2406869924
2408155761,2408869472
2409442143,2409794520
2409796609,2410139146
2409872027,2410135675
2409915647,2410505306
2409956348,2410869146
2410815675,2411088890
2411171918,2411722508
2413197455,2413222323
2413847366,2414415780
2414485753,2414716444
2414907482,2415736032
2415134550,2415185236
2415374702,2415983449
2415543828,2416297809
2416364645,2417062772
2417321501,2417408849
2417325340,2417796886
2417410580,2417785722
2417411506,2417454707
2417422752,2417867520
2417474131,2417891594
2418392858,2418466695
2418625298,2419272894
2418805479,2419878829
2420817706,2422465207
2421615953,2422127694
2422132568,2423146928
2422397463,2422940524
2422482182,2422632435
2422971035,2423401851
2423179287,2423924731
2423635766,2423950456
2423961189,2424303583
2424018742,2424819082
2425011781,2425290729
2425672304,2426533486
2426435430,2426725794
2427539799,2427909196
2427658858,2427986712
2428621713,2428769025
2429577166,2430258373
2429846286,2430119402
2430262960,2430955068
2431462235,2431724437
2431671744,2431889578
2432840442,2433444222
2433022702,2433608852
2433994486,2434192404
2434780282,2435242932
2435429490,2435742612
2435494207,2435807568
2435640195,2436151423
2436276219,2437124642
2436899208,2437358185
2437322617,2438048018
2437697105,2437773544
2438271513,2438529239
2438882000,2439231987
2439057649,2439832443
2439564293,2439696865
2440149803,2440709383
2440739372,2440847400
2440951575,2441292537
2441182478,2441996588
2441280053,2441955289
2442567733,2442718583
2442745166,2442974594
2442989934,2443676719
2443660823,2444195599
2444967642,2445813128
2445595409,2445749344
2445624711,2445877767
2445719689,2446312560
2445798999,2446084126
2445900476,2447574630
2447006611,2447750565
2447009028,2447744197
2447010308,2447640004
2447416551,2447726237
2447577065,2447925410
2447926790,2448045433
2448524891,2448939989
2450156875,2450328100
2450267304,2450814345
2450369921,2451008804
2451026498,2451441589
2451245037,2451627392
2451297476,2451670584
2452361742,2453386517
2452733444,2452990376
2453332520,2453423658
2453396810,2453997849
2453423970,2453575819
2453815891,2454346627
2454132000,2454503114
2454370573,2454650753
2458746177,2459118776
2461622654,2462060030
2461715466,2462587395
2462112323,2462344684
2463849166,2464130275
2463880693,2464517367
2464131736,2464284633
2466659710,2467484686
2468074733,2468294259
2468129918,2468296452
2468398809,2468742009
2468702526,2469292588
2468749728,2468986735
2469030358,2469489450
2470323617,2470930368
2472038058,2472505705
2472829077,2473215344
2473159073,2473664961
2473441048,2473735846
2473641542,2473944462
2474392017,2474851497
2474464653,2475100515
2474627307,2474880871
2474864582,2475272350
2475792397,2476090230
2477217769,2477641858
2477846637,2478099517
2478116525,2478767111
2478456962,2478508040
2478647837,2478931407
2478829651,2479293428
2479007552,2479074633
2479279339,2479455264
2479438983,2479992095
2479621257,2480463633
2479634895,2480480802
2480816542,2480869729
2481418629,2481621753
2481689716,2482054301
2482147037,2482513533
2483111036,2483285153
2483429619,2483958758
2483432822,2483975338
2483946214,2484148802
2484604527,2484882661
2485723809,2486428702
2486958729,2487304780
2487285396,2487738035
2487456001,2488047687
2488170836,2488809986
2489025259,2489837098
2489684318,2489818817
2489899445,2490427950
2490693568,2491077900
2491102627,2491803518
2491323171,2491864519
2491854950,2492355392
2492082405,2492422745
2492335054,2492587716
2492912803,2493205526
2493074724,2493586856
2493588681,2494006104
2494239475,2494703875
2495781950,2496115220
2496059866,2496353296
2496391995,2496785654
2497050314,2497460977
2497225953,2497595092
2497467832,2497660627
2497496274,2497682517
2497833660,2498455104
2498906652,2499610563
2500062486,2500637538
2500160226,2500341476
2500929066,2501542788
2501753913,2502282420
2502499441,2502884311
2503310504,2503869534
2503358542,2504105956
2503458380,2503993963
2504035086,2504372236
2505108749,2505746788
2505260864,2505573172
2506010660,2506554432
2506200534,2506537436
2506587647,2506849954
2506719633,2507350433
2506761001,2507598603
2507161960,2507995686
2507351415,2508103530
2507667399,2508385159
2508343757,2508420034
2508572913,2508786704
2509543537,2510070673
2509547751,2509971357
2509931905,2510366300
2510167125,2510695173
2510844893,2511052772
2511640854,2511935346
2511939165,2512351014
2511945959,2512228216
2512312728,2512762317
2513056634,2513323440
2513339419,2513498843
2513449492,2514107331
2514437475,2514941142
2514852163,2515146905
2514909301,2514981725
2515394313,2515805867
2515977657,2516368348
2516921811,2517139683
2517895682,2518311905
2519660296,2519905003
2520571496,2520805671
2520995446,2521350694
2521037093,2521552443
2521124405,2521346780
2521981623,2522079255
2522340750,2522705278
2522543359,2522791393
2522797347,2523036623
2523406685,2524002595
2523724836,2524056630
2524109123,2524324932
2524301497,2524440753
2525789305,2525816716
2526476494,2526718934
2526983345,2527572256
2526993378,2527527874
2528190865,2528580979
2529622752,2530372014
2529813452,2530278413
2530387162,2530507926
2531029740,2531585403
2531197193,2531836883
2531643748,2532406153
2532272467,2532383055
2532390287,2532588527
2532587637,2532705259
2533322371,2533743204
2533500981,2533749484
2534492207,2535134280
2535955504,2536176661
2536027767,2536282137
2536124586,2536746224
2537481215,2537867712
2537491882,2538222453
2537939588,2538522371
2538127416,2538235065
2539539997,2539729504
2539819378,2540119109
2539942085,2540005068
2540527419,2540554946
2540673116,2541018128
2541073968,2541423084
2541591130,2542245710
2542298959,2542608743
2543124892,2543819569
2543530135,2543932772
2543721787,2544159689
2543986720,2544601058
2544064379,2544674792
2544449642,2544778946
2544806670,2545110583
2544818365,2545257949
2545192670,2545588254
2545342101,2546067632
2547068869,2547432711
2547841876,2548439802
2548100856,2548509851
2548144972,2548200122
2548307161,2548873286
2549612856,2550399660
2551869767,2552508047
2552645944,2552776929
2553585053,2553621044
2553695135,2554346043
2554291559,2554329428
2554609026,2554793306
2555067590,2555206141
2558142334,2558446166
2559313257,2560128632
2559751599,2560256998
2560409771,2561304957
2560718584,2561225188
2561657729,2562168508
2561906279,2562046502
2562445433,2562931966
2562558305,2563023609
2563304157,2563991334
2564446970,2564988482
2565668087,2566074181
2566551981,2567051193
2566634111,2567190694
2567764472,2568311533
2568474917,2569051451
2570165226,2570392508
2570189534,2570604625
2570396766,2570763144
2570612151,2571519274
2570705462,2571388109
2571166440,2571504020
2571803724,2572083871
2572315823,2572582156
2573035633,2573407200
2573116651,2573620521
2573609924,2573853380
2573829898,2574825981
2574958076,2575055379
2575594434,2575969802
2575653413,2576198706
2576523961,2577462642
2577317327,2577979871
2579439033,2580005248
2580759312,2581155944
2581062502,2581447842
2581303747,2581573807
2581374208,2581454160
2581650720,2582383468
2582595208,2583063788
2583079209,2583561862
2583277658,2584092320
2583947413,2584059106
2584509292,2584856354
2584586331,2584836384
2584882168,2585420106
2585024251,2585202658
2585848697,2586134103
2586429054,2586754004
2586538532,2586913400
2586949899,2587408976
2587466763,2587906630
2588032441,2588223228
2588230785,2588794461
2589554273,2590020948
2589564785,2589847288
2590136339,2590559176
2590304506,2590663279
2590634431,2590731239
2591331775,2591932793
2591480982,2591565250
2592159886,2592515597
2594080224,2594802607
2594411050,2594652292
2595054898,2595611297
2595148670,2595326198
2595642706,2595914863
2595887013,2596004283
2596767551,2597037347
2597201937,2597447769
2597609121,2597911679
2597840676,2598110468
2598046797,2598334478
2598665652,2599075356
2598764812,2599184280
2599136125,2599737319
2599148967,2599653293
2599558589,2600498395
2600433376,2600587351
2601753800,2602802096
2602022648,2602658502
2602530140,2602751294
2602812476,2603486972
2603444027,2603570648
2603715647,2604644392
2605058529,2605146532
2606094775,2606571756
2608689458,2609079312
2609874500,2610281054
2610528359,2610808815
2610971127,2611492115
2611713386,2611971390
2612597379,2613327433
2612831408,2612950644
2614235531,2614924935
2614830114,2615259166
2614917137,2615801260
2614943435,2615899003
2615519332,2615948596
2615899083,2616452443
2616000850,2616407912
2617175945,2617900761
2617422965,2617613328
2618419487,2618493778
2618444601,2618735611
2618668505,2619204965
2618721808,2618865142
2621871993,2622408619
2621999007,2622490381
2622709012,2623544950
2623067963,2623469688
2623088598,2623407278
2623188331,2623492441
2623332782,2623471392
2623432415,2623477154
2623634425,2624063278
2624284820,2625188735
2625606502,2626164990
2626285505,2626786773
2627817277,2627930097
2629726271,2629925412
2629782742,2630480908
2629957011,2630434681
2629973318,2630162910
2630282695,2630655856
2630673922,2630939970
2630805363,2631483522
2631955522,2632538197
2632172973,2632539715
2634468236,2635104700
2635205279,2635849839
2635704354,2636072253
2636335740,2636705436
2636612867,2636629338
2637050223,2637551509
2637095210,2637310601
2637210908,2637556671
2637274098,2637957713
2637886542,2638176413
2639217539,2639960595
2640728297,2641285051
2641044399,2641104506
2641357659,2641970710
2642519064,2643049473
2643152563,2643716874
2643975803,2644260780
2644372022,2644562669
2644746700,2645270315
2644918042,2645277158
2645202059,2645529294
2645926279,2646390959
2646258970,2646514009
2647630113,2647822778
2649348357,2649564074
2649351889,2649591691
2649591570,2650404031
2649929869,2650086302
2651123258,2651873261
2653445916,2653900253
2653594872,2654065637
2654888338,2655502888
2654979516,2655470555
2655917610,2656320529
2655955550,2656297832
2656501690,2657001228
2656619875,2657212720
2656784430,2657052126
2657041992,2657326158
2657427021,2657872730
2658588536,2658607424
2658897394,2659577562
2660688132,2661775077
2660703794,2661070938
2662012864,2662337478
2662938765,2663748523
2663031511,2663776235
2663582916,2664094403
2663878629,2664238207
2665116447,2665154659
2665161294,2665496597
2665973607,2666225109
2666046045,2666397522
2666101707,2666730483
2666409786,2667366367
2667263511,2667697183
2667701932,2668004353
2670077785,2670683674
2670389359,2670713365
2671389733,2671756643
2671892848,2672233505
2671937608,2672379620
2672602098,2672950568
2673402596,2673923759
2674074517,2674764820
2674412286,2674466849
2674776074,2675148918
2674831273,2675299182
2675601687,2676208979
2675676996,2676060393
2675809576,2676409487
2676157190,2677177040
2676272642,2676792931
2676432970,2677140266
2677474696,2677955779
2677861891,2678385989
2678546330,2678746603
2679881958,2680697069
2681096898,2681571841
2681846150,2682073828
2682978800,2683080224
2683158544,2683382900
2684816643,2685334985
2685115066,2685467366
2685355527,2685762940
2685577789,2685860717
2685753129,2686468989
2686526461,2687571686
2686661479,2687270842
2686683741,2687492073
2686975326,2687606275
2687476147,2687972035
2688043008,2688608975
2688269666,2688741077
2689824806,2690317549
2689918715,2690188749
2689988961,2690346682
2691347850,2691779737
2691736565,2691955740
2691950484,2692174375
2691994588,2692205191
2694211809,2694461046
2694585959,2694785317
2694829821,2695473861
2694946692,2695459701
2695858453,2696246823
2696735948,2697623846
2696855649,2697574378
2697625937,2698228387
2698028273,2698482094
2698958378,2699722717
2699024018,2699481437
2700151940,2700745494
2700781541,2701188465
2700872583,2701399106
2700921116,2701361019
2701406981,2701912614
2701626517,2702111250
2701865668,2702003155
2702800020,2703187064
2702939820,2703205225
2703435253,2704029972
2703517201,2703662045
2703538693,2704060113
2705129027,2705367690
2706081147,2706471373
2706721578,2707278835
2707052497,2707493719
2707056483,2707587381
2708303790,2709087707
2709943280,2710515644
2711277504,2711395268
2711300213,2711528067
2711669122,2711993736
2711953618,2712121502
2712167780,2712574949
2712198529,2712351441
2712373152,2713118154
2714774131,2715288954
2715341141,2715527365
2715736845,2715806587
2715909053,2716186136
2716113499,2716534330
2716545467,2717035104
2716995965,2717127102
2717089022,2717666409
2718208137,2718627325
2718690924,2719072678
2718840081,2719473608
2719605056,2720460232
2721801541,2722837824
2721867624,2722672901
2722688699,2723576952
2723069774,2723726370
2723274981,2723914695
2723579646,2724013438
2723706090,2723823600
2724029180,2724136832
2724042471,2724461342
2724103982,2724552288
2724218107,2724409614
2724427461,2724987903
2724560063,2725125241
2724607934,2724639096
2725397330,2725823434
2725507670,2726190093
2725844398,2726102333
2725983613,2726410711
2726119036,2726744425
2728106016,2728533840
2729932114,2730431021
2730340345,2730846965
2730373717,2730773874
2730411333,2731014867
2730801748,2731303982
2731177157,2731246405
2731416676,2731557557
2731444350,2731747031
2731560841,2731830366
2732422260,2732806767
2732570540,2733453599
2733231423,2734031133
2733356671,2734083326
2733914985,2734363056
2734023658,2734414276
2734350396,2735385963
2734524106,2734863059
2734657455,2735419626
2735863128,2736552935
2735878034,2736008232
2736776280,2737292035
2736875163,2737095555
2737121345,2737550768
2738157965,2738587922
2739538250,2739652649
2740176987,2740459437
2740708635,2741222977
2742487282,2742995451
2742703160,2743208178
2743199624,2743927562
2744117701,2744563233
2744359159,2744700828
2744693015,2745094049
2745101324,2745522072
2745385485,2746154481
2746616432,2747127417
2747349268,2747975967
2747880741,2748122828
2748817762,2749917840
2749001680,2749612756
2749409796,2749708578
2749894590,2750205116
2750170200,2750529194
2750340949,2750613352
2750367015,2750483261
2750407729,2750606664
2750602221,2750962081
2751420376,2752059588
2752132966,2752178321
2752228216,2752565618
2753942383,2754541349
2754211361,2754460196
2754627019,2755230256
2754713767,2755096754
2755877414,2756514135
2755998297,2756245391
2756051783,2756454878
2756153098,2756214382
2756346632,2757407599
2757552474,2758125168
2757874781,2758274643
2758327336,2758700392
2758348624,2759026841
2759174877,2760086968
2759661304,2759898094
2760259112,2760639156
2760772023,2761187722
2761521932,2761637390
2761848879,2762521109
2762412770,2762998480
2762530750,2762971886
2762974354,2763092162
2763001024,2763498367
2763997596,2764032939
2764206467,2764376651
2764267650,2764739894
2764314229,2764967258
2764450477,2764495522
2764689644,2765125601
2764890887,2766446145
2766988354,2767405277
2767367800,2768151847
2767862392,2768818415
2768612287,2768720188
2769180901,2769546717
2769329402,2769715194
2769921621,2770094625
2770213977,2770786785
2770815536,2771099215
2771222354,2771606352
2771890726,2772439287
2772380977,2772691077
2773221640,2773555069
2773443701,2773626532
2774139730,2774173352
2774630850,2774837919
2774886457,2775065391
2775212057,2775410498
2775645722,2775921392
2775697243,2776307383
2775791937,2776611912
2776577012,2776956651
2776609240,2777055217
2777671702,2777935354
2777910804,2778299643
2778168378,2778454111
2778172888,2778582060
2778433075,2778681271
2778467683,2778754822
2778571222,2778632002
2778635433,2779079970
2778720564,2779380127
2778831744,2779277791
2778890709,2779606690
2779133244,2779368653
2779590913,2779914139
2781060405,2781389937
2782666766,2782842607
2782679490,2782742275
2782873361,2783172847
2783071972,2783666204
2783165707,2783567824
2783415713,2783608803
2783623968,2783688135
2786037638,2786538311
2786115287,2786726213
2786674239,2787314135
2786949312,2787741090
2787862965,2788058625
2789228451,2789424338
2789301723,2789441531
2789772874,2790336786
2789949802,2790322948
2789965669,2790426483
2790311572,2790377127
2790539070,2790871988
2790542771,2790772494
2790613534,2790724119
2791068464,2791285119
2791584502,2791871341
2791895140,2792050183
2793178592,2793419263
2793429159,2794185073
2795054857,2795599302
2795586781,2797717325
2795828853,2798047938
2798853102,2799480878
2799861103,2799991977
2801278118,2801607483
2801639678,2802288907
2801733838,2802190732
2802300327,2802777022
2803360124,2803862140
2803392952,2803833382
2803840474,2804551479
2804436356,2804739899
2804557622,2805050260
2805294314,2805482790
2805861997,2806100792
2806063763,2806283332
2806140859,2806379417
2806427592,2806718009
2806643844,2807097922
2807556989,2807962216
2808156580,2808708378
2808230631,2808360048
2808610881,2809157274
2808646552,2809424034
2809670459,2810203763
2809872367,2810171020
2810272394,2810698244
2811234849,2811734961
2811476782,2812103297
2812593600,2812930587
2813112243,2813491864
2815234106,2815659922
2815369169,2817491889
2817742513,2818281561
2818411962,2818649780
2818698904,2819274997
2818804376,2819279312
2819558091,2820069624
2820897915,2821648604
2821107069,2821723262
2821390971,2821441178
2822482117,2822920638
2822636027,2823036967
2822812057,2823011872
2822837466,2823442311
2822994642,2823378715
2823437580,2823839503
2823858745,2824217458
2824799759,2825378465
2825281045,2825506641
2825391469,2825879481
2825755241,2826023145
2826891698,2827473151
2826929478,2827336048
2827443158,2827854460
2829596962,2830004384
2831106612,2831604804
2831514803,2831784454
2832106459,2832290482
2832258332,2832844339
2832266169,2832729675
2832428356,2832632114
2832732394,2833149928
2833163257,2834027330
2833549311,2834056958
2834443774,2835107769
2835156774,2835762219
2835574297,2835667798
2835800799,2835820383
2835822797,2836050375
2836055407,2836317682
2839356226,2839488454
2839609971,2839825052
2840201670,2840753047
2840811773,2841093158
2840919327,2841332523
2841331110,2841830716
2841660587,2841752032
2843625917,2844038468
2844055531,2844221274
2844059035,2844210024
2844321777,2844568044
2844868735,2845032209
2845003224,2845222413
2846354569,2846881653
2847393092,2847732087
2848384786,2848776123
2849126007,2849358257
2850662837,2851298917
2851858590,2852495324
2852972991,2853207903
2853408045,2853898378
2853617304,2853664008
2854885073,2855468307
2856675394,2856888050
2856764355,2857230150
2857245891,2857756381
2857376571,2857507796
2858944452,2859464643
2859499695,2859552856
2859958871,2860140587
2860034809,2860663844
2860249385,2860403983
2860319591,2860751453
2860771369,2860844596
2860880198,2861435306
2861338960,2863284004
2864135373,2864736490
2864682927,2864959137
2864718679,2864773700
2865801831,2866102787
2866457370,2866910866
2866886823,2867185532
2868189657,2868484219
2869306763,2869893577
2869325697,2869981651
2869702837,2869922285
2870510134,2871468973
2870712197,2871058949
2870963403,2871151877
2871319091,2871634280
2871672020,2872013145
2871759043,2871924868
2871892827,2872135432
2873155052,2873717400
2874128255,2874156731
2875209329,2875759158
2875227091,2875718148
2875586855,2875965160
2875601387,2876243987
2875629704,2875701742
2875762013,2876692130
2877144539,2877481955
2877659680,2877829883
2877678301,2878077167
2877718378,2878203709
2877810973,2878579140
2879291222,2880045302
2879463179,2879653752
2879633062,2880317483
2880524046,2880832006
2880644593,2880824191
2880783473,2881203984
2881063126,2881405586
2881224012,2881555647
2882213028,2882663562
2882353154,2882842784
2883905329,2884241576
2883926915,2884461537
2884290388,2884892270
2886861971,2887686482
2888349869,2888746710
2889302746,2889695494
2890592774,2891182978
2890732821,2891457281
2892175610,2892420998
2892218744,2892630839
2892256776,2892483033
2892630346,2893120451
2892757533,2893334241
2893107031,2893486589
2893206496,2893658441
2893350512,2893984744
2894834685,2895092374
2895318453,2895502540
2896289435,2896862070
2896473416,2897063382
2897494881,2897738370
2898783902,2899351261
2899370155,2902283662
2899614839,2900228601
2900879185,2900986709
2901103969,2901195891
2901528513,2901962386
2901932669,2902723674
2902015883,2903095242
2902048746,2902570113
2902359415,2902509685
2904757380,2905299705
2905390900,2905533602
2905841367,2906093883
2906573927,2906935596
2906596143,2906968844
2907025091,2907357704
2907603088,2907641395
2907685520,2908201594
2907969712,2913507454
2908033106,2908648682
2908360425,2910645541
2910698678,2910826949
2911498899,2912145992
2913325296,2914016485
2914163101,2914272383
2914348803,2914937536
2914922804,2915458866
2916088925,2916231421
2916317242,2916519325
2916918128,2917434643
2917619728,2918160962
2918448687,2919134669
2919016649,2919540936
2920239571,2920779219
2920505296,2920897764
2920613409,2921027123
2921031385,2921590750
2923129481,2923740697
2923940199,2924103067
2925829995,2926279045
2927627595,2928319744
2927707639,2928203736
2928693847,2929368414
2928969600,2929495354
2930564676,2930927758
2931149160,2931518685
2931323212,2931619194
2932439856,2933077128
2932585417,2932749865
2932763004,2933039497
2933548043,2933577958
2933859856,2933895723
2935221205,2935386641
2935362767,2935415886
2935418228,2935865405
2935437517,2935939713
2935578717,2935779166
2935905627,2936398171
2936430162,2936845433
2938322106,2939018492
2938329160,2939094784
2939086390,2939423491
2939890166,2940318200
2940751770,2941542641
2941625391,2942056770
2942124333,2942583311
2943216615,2943811195
2945572324,2945936417
2945923176,2946403290
2946636462,2947176547
2948203475,2948584698
2948350737,2948582308
2948727145,2949396282
2949846404,2950323887
2950098241,2950501739
2950932564,2951011656
2951354757,2951710085
2951505380,2951557068
2951868652,2952485798
2951935058,2952435117
2952068307,2952442221
2952597133,2952928314
2953134047,2953563688
2953693728,2954175261
2954677565,2955262253
2954699207,2955052719
2955089253,2955466338
2955279661,2955721823
2956237376,2956823326
2956260357,2956820058
2957209431,2957459917
2957726656,2958616967
2960070151,2960712338
2960426852,2960592565
2961162932,2961666640
2961659654,2961996688
2962156815,2963108880
2962257666,2963176894
2962306445,2962881723
2963147883,2963820407
2963841484,2964231950
2964210347,2964554806
2964436499,2964849313
2965218224,2965827390
2966126407,2966924355
2966360069,2966824719
2966960007,2967298266
2967237048,2967869891
2967529492,2968362891
2967878502,2968343303
2967965947,2968499682
2968004922,2968723015
2968016264,2968860675
2968512998,2968867771
2968875134,2969080963
2969275317,2969788461
2969298867,2969906570
2969917810,2970167874
2970821133,2971169396
2971313571,2971367211
2973563279,2974402796
2974159691,2974913463
2974163381,2974628353
2975210100,2975401041
2976180347,2977294087
2976981873,2977460482
2977510283,2977763451
2977849345,2977918585
2978033843,2978323160
2978466700,2979107339
2978598948,2978720816
2979230988,2979353774
2979362299,2979990849
2979805731,2980216853
2979867764,2980378980
2979992005,2980991345
2980652352,2980863196
2981167300,2981579667
2981910922,2982457421
2982282642,2982487748
2982536186,2983306209
2983585579,2983720460
2984961991,2985265021
2986089377,2986762024
2986962768,2987241555
2987301008,2987400156
2987381764,2988154433
2987392892,2987874086
2987492655,2988191584
2987992276,2988584981
2988775672,2989017437
2990524695,2990705440
2992810064,2993354567
2993045458,2993563451
2993894704,2994362700
2993952449,2994316418
2994175967,2994600891
2994834106,2995053053
2995546451,2996355443
2995918128,2996487374
2996137055,2996294964
2996685355,2996727297
2997652137,2997842493
2998122098,2998642184
2998244989,2998651364
2998647236,2999215479
2998760142,2999314629
2998796748,2999036423
3000583568,3001043236
3001237048,3001558232
3001667087,3002101369
3001861603,3002109275
3001902553,3002332707
3002106674,3002309126
3002326020,3002495481
3003839479,3004433281
3004440904,3005072247
3004762517,3005448210
3004965646,3005856226
3005408855,3005755478
3005695140,3005886926
3005940099,3006560664
3007024955,3007463029
3007113538,3007251168
3007341231,3007572112
3009339921,3009660098
3009916963,3010109698
3010317369,3011167511
3010449434,3010895766
3010484075,3011340189
3010539350,3010815060
3014480567,3014940333
3017711399,3018189304
3018308571,3018462829
3018415466,3018658270
3018478838,3018944277
3019456073,3019909733
3020146085,3020537979
3020980773,3021525561
3021151332,3021424532
3021409681,3021545579
3021534547,3021685914
3022045791,3022116621
3023139720,3023636545
3023707944,3025153710
3024436389,3024934919
3024459512,3024936383
3024506685,3024969021
3025013731,3025754195
3025770128,3026263301
3026502657,3026887278
3026725224,3026790854
3028094484,3028190241
3028588164,3029020233
3028619580,3028680788
3028657085,3029647860
3029503445,3030110294
3029807675,3029885172
3030195356,3030238543
3030366658,3030824589
3030844300,3031472508
3030931871,3031294283
3031034010,3031064393
3031506766,3031858198
3031557309,3031919920
3033354016,3033784609
3035413686,3036039676
3035628715,3036200095
3036228745,3037235173
3037467814,3038222179
3038236834,3038924691
3038358574,3038914554
3038952495,3039220164
3039321512,3039762482
3039455495,3039792485
3040234291,3040532721
3040557320,3040844501
3040724010,3040968755
3041661820,3041887099
3044015159,3044111829
3045347594,3045615021
3047799879,3048317079
3047859076,3048459430
3047983439,3048224037
3048058386,3048316490
3049131210,3049652363
3049424058,3049568071
3049680351,3049704053
3050157561,3050438382
3051432968,3051912051
3051482686,3051596972
3051774420,3052322495
3054234399,3054346142
3054881310,3055574919
3055103031,3055315376
3055861273,3056275628
3057802834,3058560628
3059199458,3059550741
3060024258,3060628807
3060273782,3060997855
3061220554,3061524668
3061401605,3061488905
3061518164,3062410214
3062291793,3063133208
3063170846,3063503446
3063434789,3063922290
3063676270,3064058885
3065370943,3065696218
3065535207,3065781908
3065919375,3066501831
3066096293,3066597416
3066719972,3067090108
3067316455,3067471988
3067843368,3067908305
3068094612,3068609380
3068210066,3068447730
3068460921,3068715851
3068573028,3069171196
3068689310,3069098141
3069285078,3069991422
3070168659,3070467678
3070619317,3071438792
3070960779,3071124341
3071173001,3072045155
3072028079,3072411660
3072677464,3073408892
3072822168,3073224479
3073633425,3074368855
3073682462,3074289606
3073748354,3074239513
3074350743,3074768565
3075351404,3075482309
3076705136,3077063727
3076780916,3077183362
3079396162,3079922553
3079599925,3080683675
3079671812,3080683390
3081364881,3081660680
3082672686,3083274961
3082771490,3083168603
3083859590,3084687663
3084732599,3085206138
3086423752,3087153636
3087204435,3087955469
3088563910,3089067988
3089267723,3089941262
3089800251,3090335686
3089807040,3090378568
3090462993,3091049605
3090742735,3091037708
3091470616,3091968952
3091809414,3092142723
3092883298,3093423857
3094198011,3094766050
3094351599,3094684344
3094688268,3095342691
3096411128,3096899156
3096816399,3097383255
3096917934,3097430370
3097369524,3097993310
3097783504,3098408908
3097877764,3098064528
3098383223,3099144454
3098879145,3099341183
3098984647,3099078505
3099696823,3100499664
3100486770,3100687855
3100658502,3101385996
3101036409,3101169079
3101045710,3101519123
3101167972,3101708775
3101765715,3102031905
3103963942,3104625922
3103999126,3104028464
3104613157,3104707591
3104893256,3105971594
3105689235,3106010651
3105854363,3106218912
3109581058,3109970266
3109742361,3109796686
3110477491,3110885509
3110668461,3110865169
3111150861,3111514241
3112003007,3112499022
3112552974,3112596972
3112695926,3112817563
3112698158,3113243125
3113126471,3113654578
3113431334,3113951072
3115457296,3116154604
3116387162,3116659632
3116689577,3117228653
3116731540,3116986071
3117975564,3118651719
3118617112,3118970891
3118994364,3119849563
3119644489,3120077922
3120058236,3120355647
3120184026,3120623419
3120942384,3121527059
3120988567,3121591365
3123459455,3124083597
3123642256,3124029347
3126746685,3127449049
3127055630,3127583548
3127507656,3127784065
3127808673,3128433575
3128949606,3129293658
3129402686,3129687808
3129585480,3129995822
3129785248,3129978126
3129892177,3130226503
3130335140,3130752894
3133582337,3134017041
3134117152,3134132028
3134171430,3134673084
3134307870,3134707263
3134608921,3134884172
3135177309,3135306972
3135625669,3136148449
3137181537,3137398033
3137488788,3137516865
3137557588,3137897797
3137645808,3137820903
3137779582,3137913183
3138345552,3138480949
3138527832,3138716407
3138633245,3139375701
3138989549,3139661314
3141435693,3141605851
3142539327,3142923295
3142716496,3144487994
3143524280,3143925464
3143896261,3143941626
3145150196,3145526188
3145753045,3146062384
3146063913,3146713759
3146476951,3146609146
3146988604,3147656638
3147225142,3147554843
3149247831,3149810213
3150951271,3151377492
3150996948,3151407479
3151697067,3152332619
3153563201,3154012023
3154152136,3154622127
3156871935,3157319426
3156982229,3157548462
3157313145,3157652053
3157664220,3158505420
3158454423,3159067042
3159345690,3159393677
3160004573,3160825091
3161907051,3162262071
3162054816,3162762256
3163130209,3163710849
3163378956,3164600155
3163598900,3164012761
3165873893,3166209409
3166899257,3167652906
3167949118,3168506379
3169818153,3170473313
3170474021,3170890644
3173208885,3173595445
3175281810,3175951269
3177144891,3177786652
3177412897,3177773002
3178069714,3178327503
3178290919,3178950511
3180827022,3181180767
3180935469,3181232873
3182009427,3182523428
3182067530,3182511137
3182137699,3182226215
3183032641,3183212516
3183498897,3183808440
3183794535,3184171242
3183883343,3184564593
3184741748,3185238649
3184979070,3185607823
3185970427,3186235415
3186193331,3186529773
3187217513,3187728647
3187696571,3188147151
3187859612,3188229463
3188890441,3189480351
3189944696,3189980307
3190439418,3191003357
3191474879,3191866062
3192362703,3193010157
3193173553,3193533923
3193939518,3194306492
3195127496,3195620633
3196779158,3197406896
3196884571,3197084564
3197251606,3197936791
3197312619,3197789710
3197456620,3197798755
3198610603,3198873429
3198790020,3199298631
3198804592,3198918303
3198994234,3199329351
3199235824,3200189298
3199428958,3200065739
3199692556,3200298110
3200573167,3200997507
3200673719,3201146688
3200979644,3201444435
3201040138,3201516004
3201492608,3201782844
3201894588,3202250646
3202231690,3202409028
3202605731,3202849443
3203181567,3203853822
3203292168,3203501625
3203316954,3203536196
3204676347,3205832508
3205623197,3205972661
3206723649,3206843579
3207281078,3207863001
3207322925,3207933011
3207864589,3208315376
3209152594,3209659990
3209163951,3209447226
3209218436,3209793613
3210952887,3211153555
3211844858,3212051945
3212163513,3212450279
3213606855,3214077560
3213852721,3214315104
3214455844,3214816045
3214496503,3214860912
3214862914,3214950773
3215085388,3215761060
3215392236,3216190299
3215406937,3216193009
3216477379,3216772556
3216839720,3217418986
3217948980,3218122948
3218151731,3218618968
3220580536,3221061217
3220810875,3220972131
3220850368,3221250417
3221466437,3221964122
3221810424,3222505177
3222889709,3223485325
3223257937,3223436739
3223391744,3223667902
3224465130,3224953378
3224638683,3225212053
3225157330,3225838532
3225214970,3225618127
3225840963,3226293871
3226100432,3227282993
3228007308,3228805664
3228411541,3228886851
3228457078,3228785972
3228672073,3229093993
3228742337,3229114556
3228829617,3229042118
3229687671,3230234412
3230201663,3230714176
3232902513,3233243153
3232910415,3233002634
3232987123,3233643452
3234096098,3234634263
3234096451,3234766067
3235480423,3236211960
3236120098,3236535904
3236156810,3236905515
3236355634,3236671903
3236913634,3237239544
3238191543,3238505786
3238688756,3239076574
3238700822,3238799819
3239224776,3239573108
3239335574,3239867441
3239770463,3240736468
3240304814,3240644271
3240495742,3240571787
3240589745,3241044174
3241233411,3241864521
3242031665,3242587297
3242113217,3242144165
3242333401,3243013891
3242943443,3243479427
3243433289,3243841115
3243686580,3243984531
3243858967,3244348994
3244703422,3244989047
3245694319,3245788479
3245999194,3246409760
3246407108,3246584056
3246476646,3246616510
3246904010,3247031668
3247702154,3248339086
3248292512,3248791112
3248367634,3248937581
3248533942,3248637091
3248926379,3249301196
3249408796,3250081698
3250091867,3250156781
3250113257,3250520217
3250117486,3250286576
3251130202,3251427437
3251744852,3252608949
3252324933,3252758856
3253729131,3254228954
3253863498,3254453864
3254069043,3254428168
3255513841,3256093794
3255637173,3256076532
3255908579,3256275508
3256322968,3256793107
3256397924,3257194924
3257397262,3257913785
3257643867,3258228969
3257909560,3258113245
3258243924,3258357110
3258281932,3258807149
3258744446,3259320609
3258903247,3259576054
3259808314,3260267598
3260610430,3261306751
3260908755,3261529475
3261431378,3261918292
3262843431,3263294298
3262897556,3263428081
3264058357,3264586824
3264184834,3264782353
3264375565,3264932407
3264799702,3265149016
3264858405,3265220297
3264944695,3265283398
3266584973,3267138670
3266658268,3267155176
3267049738,3267149854
3267602620,3268073045
3267919115,3268428371
3268972222,3269525938
3270083787,3270618708
3270758769,3271274154
3271723884,3272066124
3271793555,3272144605
3272168834,3272583816
3272391770,3272678179
3273305424,3273822062
3273715372,3273878569
3274769258,3274978689
3274988397,3275431056
3275062651,3275444614
3275782692,3276278507
3276090429,3276533694
3277408913,3277565388
3278636690,3279354589
3278945131,3279492883
3279792786,3280419944
3279869199,3280431393
3280714276,3281323437
3281045598,3281656972
3281366619,3282083290
3281672918,3281968537
3281987122,3282586506
3282962092,3283416105
3283176426,3283547304
3283395272,3283736002
3283603005,3283862413
3283791988,3284240068
3283797109,3284318498
3284086995,3284345657
3284350655,3284795535
3284771886,3285488219
3285502672,3285953297
3285641582,3286003896
3285883630,3285928494
3286287218,3286661345
3287057803,3287652351
3287660187,3288233886
3288183947,3288490846
3288313790,3288421218
3289538512,3290026925
3289645977,3290086613
3289816218,3290233909
3290281129,3290590803
3290455034,3291113399
3290466662,3290939897
3290951001,3291381136
3291132522,3291663306
3291824636,3292469872
3292171374,3292728055
3292450155,3293139628
3293283130,3293658254
3293436767,3293791720
3293779405,3294319869
3294752666,3294880776
3294978978,3295549620
3295566197,3296480393
3295800483,3296375504
3296455300,3297000215
3296676605,3296791368
3296731780,3296761247
3298562424,3299349697
3299354032,3300034156
3299855555,3300022812
3299942010,3300547764
3301009050,3301455233
3301477881,3301757482
3301853117,3302596287
3305192707,3305680651
3306108259,3306387931
3306888650,3307165663
3306914052,3307381115
3307401117,3307742970
3307567368,3308128222
3310081292,3310441447
3310293943,3310690319
3311826662,3312623348
3312070083,3312722162
3312407090,3312797295
3312868338,3313070177
3313207234,3313548060
3314600774,3315296184
3314657538,3315163368
3314978949,3315468983
3315478626,3315726619
3315574242,3316366782
3315733696,3316165350
3316652599,3317147119
3316837575,3317466401
3316897761,3317942758
3317951876,3318159465
3318126403,3318469150
3319579882,3319743652
3319893522,3320237359
3319961458,3320881737
3320446415,3321088422
3320635603,3321795334
3322075057,3322357203
3322399759,3322969516
3322696123,3323096432
3322825817,3322954233
3323041326,3323480463
3323231907,3323529805
3324249946,3324717579
3324257753,3324510227
3325011298,3325738430
3325069555,3325721582
3325157935,3325727312
3326358036,3326812963
3326591106,3327104463
3327086148,3328012989
3327241480,3327857280
3327954302,3328227470
3328023479,3328531815
3328716562,3329408428
3328865989,3329382366
3331176923,3331514632
3331622437,3332204180
3332453691,3333034679
3332467838,3332644491
3332561112,3333495858
3334902709,3335247643
3336343785,3336898656
3337634927,3337866829
3338089370,3338642064
3340514120,3340709473
3340600315,3340672752
3340660442,3341310937
3340831450,3341216599
3341650879,3342289015
3343589680,3344276041
3344309829,3345087277
3344987000,3345555284
3345887997,3346007134
3346134989,3346860552
3347221280,3347727493
3347552262,3348108850
3347762289,3347987034
3349630859,3349701321
3349651054,3349934494
3349681265,3349943034
3349866070,3350230797
3350260100,3350946475
3350493876,3351142416
3350961492,3351800251
3351361158,3351527150
3351528630,3351972393
3352146015,3352785539
3353997446,3354525921
3355199505,3356003513
3355696020,3355956776
3355839290,3356481792
3355940913,3356579659
3356000853,3356586729
3356954801,3357543730
3357562913,3357915785
3357845913,3358208929
3359264567,3360085268
3360684917,3361242957
3361905183,3362115260
3362256971,3362839371
3362473766,3362831473
3362990566,3364011809
3363036397,3363763172
3363706724,3364130455
3364076371,3364715959
3364554817,3365011067
3364630771,3365228189
3364774669,3364864749
3365451387,3366063475
3366272543,3366805234
3367723535,3368138407
3367829755,3368052532
3368913503,3369267447
3368964989,3369219765
3369234258,3369359933
3369518604,3369953773
3369809013,3370393250
3370546789,3370679734
3372041793,3372326052
3373926699,3374303755
3374281957,3375274767
3374775411,3375477907
3375046376,3375287558
3375272216,3375761693
3375472438,3375781967
3377139088,3377678845
3377713053,3378036674
3377732845,3377975106
3377782963,3378250404
3377810524,3378235948
3378217145,3378523767
3378694963,3379043863
3378865051,3379709940
3379222938,3379670948
3380303445,3380669256
3380425021,3380739684
3380612237,3381034167
3381069372,3381520065
3381612147,3382076120
3381670605,3382212910
3382442811,3382953654
3382562704,3383008057
3383707330,3383960788
3384152310,3384853971
3386166681,3387040358
3387196513,3387507074
3387315463,3387932994
3387744180,3388489805
3387754691,3388490425
3387767195,3388177618
3388451505,3388961278
3388828602,3389330614
3389962614,3390132450
3389994856,3390368632
3390603023,3392245958
3390688887,3390997997
3392446098,3392798785
3392997145,3393754623
3393145842,3393701370
3393792724,3394188119
3394283149,3395093296
3395327687,3396196134
3395386709,3396049991
3395774390,3396475033
3397236660,3397685904
3397453267,3397758112
3398329230,3398608561
3398331435,3398932235
3398633843,3399072265
3398700078,3399032524
3398948624,3399115310
3399078821,3399715139
3400982044,3401756937
3401470573,3402054773
3401711231,3402113337
3401814960,3402007733
3402335217,3402655218
3403403123,3403765064
3403841303,3404238114
3403849093,3404044597
3404226920,3404961506
3404518908,3404920119
3404945038,3405135488
3405483965,3405736952
3405512533,3406041795
3405666208,3406242785
3406146918,3406364208
3406574776,3406704236
3407141157,3407731420
3407270324,3407959113
3407442902,3407992085
3407533127,3407609351
3407813065,3407901223
3408179665,3408548418
3408494356,3408746554
3408495416,3408620928
3411213533,3411854253
3413042499,3413548416
3413111679,3413308020
3413739009,3414358127
3413840052,3414724069
3413923373,3414985555
3414294443,3414685677
3415179059,3415956504
3417768758,3418354007
3418180401,3418499222
3418659227,3418864636
3419843113,3420134647
3420167634,3420335142
3422597674,3422898129
3422846885,3423021741
3422989464,3423770188
3423036042,3423918138
3423123665,3423443698
3424205207,3424881382
3424416607,3425207864
3426443509,3427684445
3427496313,3427997852
3428624436,3429041586
3429080288,3429570688
3429757748,3430337204
3431438364,3431839762
3432557899,3432842552
3432596035,3433326629
3433061025,3433552475
3434188274,3434747148
3434753333,3435241021
3435138945,3435740440
3435864977,3436093040
3436050497,3436701110
3436514554,3437086584
3436733736,3437261719
3438094256,3438410397
3438418261,3438820217
3439595708,3440469316
3440295619,3441071663
3440581444,3441364787
3440677016,3441270955
3440869824,3441521459
3442943409,3443530517
3443043789,3443682675
3443113563,3443204258
3443795700,3444287661
3444341096,3444997355
3445015517,3445163091
3445246859,3445902657
3445346193,3446123170
3447250796,3447889934
3447772875,3448282755
3448416847,3448790317
3448661479,3448937185
3451000279,3451800971
3451633490,3452236531
3453613885,3453676869
3454425790,3454881613
3454872941,3455353073
3456520758,3456856507
3457305326,3457705695
3457836194,3458187034
3458673282,3458942535
3458893315,3459319966
3460633036,3461281574
3460911234,3461320176
3461914286,3462380212
3462805595,3463267905
3463536483,3463735629
3464637663,3465312744
3465521939,3465692448
3466373465,3466875689
3467147440,3467566165
3467554847,3467983550
3467568393,3468087593
3467601680,3467996906
3468766899,3469424549
3469098122,3469534807
3469183190,3469664860
3471192015,3471628481
3471303864,3471629071
3471773163,3472070071
3471774472,3472337148
3472875108,3473116855
3473013342,3473501551
3474379296,3474803650
3475045189,3475759272
3475105537,3475292397
3475177288,3475744727
3475977290,3476213584
3476693895,3477053990
3476740651,3477237081
3476775521,3477184058
3476885165,3477170520
3480684092,3481175658
3480719915,3481087481
3480966109,3481221811
3481044029,3481456341
3482500274,3482879797
3483481005,3484226251
3485109406,3485450880
3488729103,3489250256
3489494398,3490031692
3489935709,3490419849
3490966339,3491204618
3491034140,3491416418
3493231716,3493845764
3493405914,3493832401
3494449208,3494853993
3495108321,3495338369
3499063846,3499979412
3500134037,3500711398
3500655825,3501234634
3501436193,3501856364
3501848826,3502069624
3502132996,3502573379
3502192117,3502495823
3502457952,3503261411
3502726746,3503039345
3502874644,3503772883
3503736390,3504103365
3503779421,3504217024
3503976143,3504088317
3504432065,3505072436
3504737067,3505528605
3505053207,3505496624
3505498637,3505895879
3505599778,3506120596
3506437591,3506783076
3506479023,3506925338
3506920878,3507506866
3507548069,3507923284
3508087764,3508402531
3508464611,3508911108
3511593858,3511996174
3511657120,3511894795
3511739961,3511961627
3512512443,3512881450
3512696219,3512751193
3512977378,3513441175
3513030395,3513625375
3513458177,3514016564
3514459866,3514798942
3514520433,3514996326
3515326890,3515934210
3515481027,3515832391
3516220241,3517075515
3516377177,3516898614
3516911692,3517103789
3516951108,3517182198
3517159888,3517447035
3518949224,3519440672
3519058565,3519516155
3519822621,3520402932
3520053085,3520845493
3520337997,3520671785
3521877506,3522293705
3522508165,3522832408
3522992116,3523341563
3523229842,3523474662
3523346161,3523429528
3523519098,3523598299
3524761848,3525259163
3524910691,3525621089
3525243665,3525489292
3525417808,3525538756
3525554477,3525847250
3525734821,3526289166
3525881805,3526385168
3526947448,3527500657
3527499652,3527664784
3527864518,3528518858
3529731022,3530133623
3529922683,3530201289
3530641146,3530991902
3530761739,3531189097
3531375738,3531772981
3531395052,3531719578
3531717131,3532452156
3532433462,3532908466
3532810628,3533068869
3532924366,3533189402
3533021227,3533334317
3533381520,3533732383
3533524243,3533791865
3534720278,3534909525
3534874818,3535022340
3534890492,3535002236
3535059102,3536434952
3537416998,3537635766
3537448726,3537600751
3537996006,3538138715
3538146364,3538500866
3538753849,3539168141
3539170742,3539597729
3539275152,3539816334
3539965275,3540216822
3540521767,3541024784
3540629493,3541228614
3542673005,3543276580
3542704703,3542721516
3543149942,3543616154
3543218534,3543630714
3543957304,3544419456
3543999443,3544098428
3544608565,3544813642
3545097462,3545627074
3545564124,3546262690
3545832128,3546164553
3546771015,3547132880
3546978625,3547448059
3547359928,3547985580
3547840811,3548704296
3549774296,3550308238
3549864465,3550229743
3550317512,3550897711
3550783968,3551488866
3551612077,3552234055
3552212430,3552872089
3552293265,3552590854
3553038669,3553538306
3553879086,3554472322
3554492666,3555567519
3555450071,3555852480
3555523020,3555705406
3555874018,3556463128
3556522486,3556762949
3556852302,3557376646
3557138149,3557536858
3557405285,3557822473
3557588648,3558005501
3557862745,3558308460
3558581856,3558809181
3559307664,3559751941
3559759741,3560362509
3559865787,3560071934
3560946926,3561434061
3561142427,3561639338
3561467390,3561938578
3561980623,3562027127
3562246000,3562409816
3562325106,3562963625
3562943098,3563163139
3563317647,3563773718
3563994393,3564157807
3564312837,3564605916
3565264614,3565626183
3566173351,3566636547
3566287981,3566694630
3566316753,3566946472
3566670085,3567022823
3567045514,3567483505
3567416327,3567941922
3567645644,3568156446
3567950363,3568892123
3569289554,3569917622
3571331692,3571907813
3571424486,3571630518
3571919963,3572200911
3574681123,3575410734
3574797767,3574921117
3574812510,3575276510
3574838556,3574972070
3575417282,3576133078
3577196159,3577260738
3577721631,3578140309
3578722093,3579213700
3579449062,3580216195
3579453664,3580267181
3580013384,3580248469
3580560041,3581100330
3581272133,3581656825
3582038310,3582455742
3583357156,3583396002
3583958744,3584185384
3583978651,3584116050
3584093136,3584238341
3584134663,3584219080
3584582358,3584961672
3585738921,3586319944
3585938069,3586198724
3586239856,3586875462
3587145548,3587725983
3587521990,3587788795
3587631710,3588484091
3588407596,3589085733
3590430672,3590527236
3590924416,3591113543
3590997266,3591380263
3591007864,3591087122
3591606194,3591974385
3592756053,3593379683
3593652189,3594263177
3595058468,3595680973
3595109641,3595175549
3596014585,3597019201
3596140655,3596283936
3597386193,3598100374
3597680841,3598316115
3598861454,3599396525
3599168929,3599798421
3599894206,3600304013
3602553574,3603191426
3602920463,3603082149
3602980879,3603563599
3603106018,3603496553
3603918382,3604262456
3603975366,3604361545
3604120940,3604523450
3604517386,3604988331
3605940995,3606969345
3606765231,3607353113
3607623724,3608019839
3608455044,3608992394
3608583451,3608778528
3608687373,3609179164
3608755522,3609314539
3609135839,3609335549
3609664913,3610008537
3610782621,3611071644
3610879086,3611165225
3610906584,3611292098
3612463507,3612947397
3612988351,3613545328
3613001028,3613485666
3613027433,3613281214
3613281681,3613613645
3614804494,3615285861
3615187479,3615675771
3615797752,3615924677
3616286094,3616306676
3616858849,3617363636
3617023711,3617201250
3617104224,3617481568
3618108281,3618588570
3618432976,3618734243
3619346049,3619782012
3620024436,3620122490
3620156971,3620485925
3621036088,3621145829
3621072022,3621177741
3621334397,3621752782
3621949261,3622392993
3622025594,3622660295
3622266747,3622739705
3623127323,3623840737
3623297165,3623518888
3624226276,3624607617
3624317343,3624664523
3625744524,3626344443
3626434301,3627495213
3626973056,3627394642
3627268386,3627722679
3627338665,3627677203
3629885331,3630377298
3630167552,3630816277
3632843980,3633642314
3632942460,3633389967
3633802326,3633920626
3634194793,3634422101
3634245030,3634660553
3634305719,3634466298
3634554768,3634843027
3634938089,3634989199
3635006041,3635403985
3635756563,3635868837
3635901947,3636328561
3637756645,3638200719
3638078202,3638516488
3638806845,3638986469
3640337811,3640492815
3640373835,3640781057
3640898490,3641603269
3641471098,3641620171
3641848641,3642366559
3642933007,3643495302
3644195849,3644421656
3644438679,3645057285
3645061466,3645903449
3646080182,3646736648
3646161520,3646754775
3647641116,3648140326
3647821971,3648164980
3648064342,3648605839
3648748855,3649291903
3649135738,3649327479
3649427310,3650226117
3649504762,3649747839
3649750955,3650083015
3650831721,3651173598
3650847034,3651294998
3651026206,3651303347
3651410775,3651910407
3652059866,3652710473
3652225239,3652619583
3653440697,3654048632
3654084074,3654605652
3654425703,3654613671
3654854154,3655173839
3655136868,3655292806
3656336832,3656589915
3656355623,3656560849
3656361690,3656710717
3656870209,3657330554
3658074423,3658293006
3658108524,3658657878
3658925042,3658990548
3659756279,3660465272
3660016480,3661027266
3660845377,3661603887
3661111478,3661479293
3661119911,3661304997
3661259217,3661655312
3661433571,3661956701
3664282346,3665002512
3666415929,3667126736
3666603006,3666894123
3667122010,3667406921
3667445943,3668373764
3667807234,3668114435
3668398057,3668812932
3668487845,3668842863
3671979473,3672406395
3672542744,3673072621
3672904114,3673070192
3673392700,3673875431
3673831162,3674137042
3674308431,3674943393
3674737608,3674970370
3674839230,3675229094
3675096690,3675910675
3675125819,3676845672
3676385256,3677323289
3677663279,3678033283
3677959521,3678317198
3678027905,3678368167
3678308106,3678648595
3679468449,3679589798
3679822194,3680784013
3680715461,3681118868
3681494334,3681896761
3681976693,3682315351
3682530567,3682885508
3682879813,3683373849
3683213022,3683478975
3683220019,3683642623
3683306733,3683600059
3683645945,3684295893
3684157605,3684286277
3685923577,3686487714
3686736699,3687162762
3687520663,3688075319
3688963440,3689288412
3689263035,3689450842
3689598202,3690009055
3689617652,3690320923
3689955169,3690338197
3690135838,3690621391
3691718856,3692482699
3692240896,3692740852
3694899851,3695099284
3696362060,3696775819
3696766441,3696860348
3696815685,3697029794
3696962694,3697141876
3697469187,3698021827
3698418956,3698740601
3698567406,3699162598
3699346582,3699812482
3699717819,3700094352
3700739524,3701145868
3701435470,3701643663
3702186979,3702716639
3702240854,3702680795
3702267991,3702548181
3702337474,3702788120
3702699022,3703117359
3704295687,3704659114
3705498739,3706061256
3707772275,3708453254
3707927733,3708241420
3708238358,3709020805
3709025739,3709679546
3709668332,3710108687
3710184118,3710769264
3710432611,3711332249
3711565975,3712212509
3712366307,3712722956
3712371931,3713287133
3714031396,3714488906
3715952763,3716241681
3716080148,3716527909
3716362717,3716723784
3716543854,3716820901
3718348831,3718921074
3719038754,3719458552
3719460597,3719484274
3719514918,3719881612
3719771873,3720109928
3720450440,3720763026
3721228048,3721537103
3721344417,3721875369
3725236647,3725748784
3725462206,3725721726
3725591201,3725727887
3725861409,3726271794
3725982760,3726430518
3727620625,3727719635
3730012528,3730084507
3730757981,3731012890
3730856617,3731587071
3731820723,3732200355
3732056604,3732561186
3733001271,3733450939
3733530158,3734065726
3733895789,3734406173
3734403408,3734738685
3735247650,3735441766
3736230712,3736507379
3736379541,3736845741
3736539492,3736577895
3736986079,3737208018
3737673926,3738017451
3737756181,3738302220
3737888777,3738306836
3740136396,3740365240
3740414620,3740919583
3741301549,3741700167
3742481778,3743093230
3742513672,3742988389
3743227847,3743660671
3743848779,3744668345
3744119152,3744617915
3744814553,3745210302
3744933617,3745099119
3745661277,3745883585
3746050826,3746609189
3746179867,3746344514
3746651377,3747243501
3746727067,3747221041
3747039752,3748059466
3747378926,3747964292
3747604694,3748115105
3747910058,3748368326
3747958870,3748215170
3748391223,3748765961
3748437977,3749913535
3748917603,3749858578
3750149231,3750602117
3750243548,3750294681
3750279960,3750888774
3750674336,3751204161
3754319075,3755067876
3754332016,3755202242
3754579067,3755036999
3754619404,3755219541
3754664882,3755207519
3754811435,3755632951
3755349565,3755725697
3755643807,3755858819
3756105851,3756482185
3757082034,3757483118
3758325674,3758537228
3758520561,3758729843
3759100506,3760330902
3759349623,3759429422
3764815863,3765246708
3764827676,3765062811
3766223285,3766372052
3766229254,3766668380
3767349851,3768452928
3767446713,3768120390
3768301542,3769443917
3768613617,3769104805
3769099210,3769137562
3769144724,3769522926
3769336272,3769891865
3769749013,3770194234
3770314887,3770390572
3770804559,3771397885
3771780628,3771929459
3772791499,3773208651
3773259039,3773533585
3773773936,3774071430
3773804504,3773881128
3774269103,3774785302
3774513856,3774686160
3774531254,3774898214
3774721234,3776507016
3774726046,3775461228
3775172334,3775662695
3775521418,3775579469
3776555304,3776629469
3777304208,3777564200
3777602489,3777767473
3778275516,3778763838
3779173036,3781832657
3781805424,3782480787
3783719896,3784148559
3783735494,3783880743
3783949801,3784470446
3783983709,3784272322
3784865519,3785146713
3785846270,3786137981
3786249471,3786487640
3786389242,3786700294
3787016788,3787704695
3788695524,3789213531
3789151553,3789559097
3789510266,3789802526
3790894847,3791104462
3791173609,3791580594
3791760038,3792250619
3792709400,3792985092
3792714138,3795413205
3792963398,3793647706
3793119351,3796415817
3794244004,3794764236
3795356952,3795581552
3796151226,3796439681
3796247223,3796809836
3796481398,3797101088
3796992339,3797391468
3798223423,3798970854
3799246750,3799645236
3799753772,3800249356
3800567764,3800819600
3800658428,3800723163
3800988026,3801585056
3801462042,3801878421
3802587657,3803136701
3802847544,3803119289
3803314436,3803921077
3804248544,3805323659
3804355991,3805045555
3805285689,3805466240
3805890496,3805981727
3805923909,3806095725
3806007875,3807374008
3806128858,3806825685
3806226905,3807013343
3806841448,3807442438
3809275916,3809687985
3811269002,3811631731
3811764825,3812165452
3812140724,3812488013
3812208034,3812643690
3812781513,3813142080
3814352335,3814566997
3815068354,3815242408
3815303193,3815748020
3816102125,3816631809
3816183838,3817118411
3817442565,3818618557
3819361983,3819750292
3820000596,3820614315
3821210631,3821640823
3821219316,3821951125
3822640492,3823021646
3823002932,3823224621
3823220893,3823492625
3823306999,3823438511
3825941593,3826099756
3826447045,3827025238
3827597742,3827673689
3827794561,3827990616
3827813643,3828234299
3828507456,3828888360
3829903380,3830382715
3830000941,3830048752
3830817637,3830993827
3831033487,3831862112
3831866427,3832058384
3831927371,3832485769
3832795822,3833209641
3834513761,3834944253
3834653366,3835109318
3835221827,3835789915
3837236388,3837727258
3838361463,3840332842
3838515724,3838792940
3840372066,3840946157
3840817905,3841814318
3840979584,3841247035
3841681890,3842101727
3843564068,3844216168
3846196839,3846551456
3846463593,3846522605
3846622152,3847260949
3846710072,3847208864
3847787934,3848272508
3848925770,3849776543
3849892379,3850568265
3850270550,3850309250
3850732905,3851392984
3851089140,3851438739
3852606085,3853224807
3853099123,3853718409
3853375755,3853818219
3853504594,3853522783
3854079263,3854359297
3854234486,3854866368
3854378485,3855073193
3855818598,3855995442
3856108759,3856770085
3856110050,3856410287
3856517825,3856764002
3857077458,3857281706
3857520393,3858165808
3857565209,3857914850
3857668611,3858237980
3859125660,3859874494
3859540465,3860119076
3860802754,3861427528
3860930099,3861404053
3860999864,3861654625
3861259502,3861542137
3861830888,3862116362
3862041766,3862768955
3862607681,3863738103
3862774980,3863513082
3863137795,3863826331
3863563363,3863625004
3864281383,3864681646
3864589250,3865127517
3865930920,3866425326
3865992555,3866416711
3867084491,3867359476
3867336136,3868163800
3867457808,3868048293
3868052736,3868412542
3868380940,3868616196
3868528563,3868955283
3868828863,3869167438
3868868769,3869182744
3868876472,3869223124
3869215070,3869378955
3869377027,3870016673
3869826042,3870096024
3870156385,3870733323
3871015272,3871049063
3871037507,3871449988
3871329687,3871750575
3871369055,3871720570
3871424018,3871541041
3871462546,3871871609
3872250403,3872621390
3872932603,3873659702
3873780171,3874072283
3873993358,3874551556
3874186107,3874498761
3874364675,3874894335
3874861693,3874935571
3874903862,3875044721
3875376414,3875696024
3875654807,3876387041
3876585612,3877001502
3876601095,3877061026
3877583539,3878126165
3878165802,3878787987
3879515107,3879592817
3880110270,3880334220
3880707204,3881444801
3881079557,3882071998
3881158317,3882030848
3881226152,3881917459
3882296198,3882721319
3882451514,3882983497
3882491542,3883279294
3882505989,3883913404
3882689633,3882814105
3883012715,3883176415
3883180615,3883349192
3883249672,3883649737
3883876239,3884266762
3884145287,3885284231
3884249102,3884863991
3884276853,3885164642
3885364297,3886310497
3886147220,3886404299
3886308629,3886491241
3887153914,3887866427
3887441131,3888046799
3888335749,3888708523
3889019514,3889644457
3889258754,3889744920
3890195462,3890843041
3890248313,3890767099
3891019174,3891146744
3891960098,3892980358
3892381492,3892743139
3893031155,3893332164
3893292049,3893620669
3895864412,3895923748
3896473057,3897139128
3896645062,3896975157
3897916188,3898413568
3898307909,3898750202
3899706533,3900048976
3900861635,3901525270
3900869334,3901648294
3902109424,3902648441
3902176155,3902745257
3902758273,3903234423
3902832453,3903258312
3903586184,3903924454
3903934375,3904054074
3904099391,3904214448
3904627102,3905031872
3904983464,3905317844
3905099450,3905268223
3905323640,3905912945
3905785215,3906281952
3906001406,3906274902
3907478058,3908217653
3907617295,3907796173
3907982444,3908352272
3908950991,3909734602
3909280317,3909562690
3909282843,3909676395
3910110750,3910243759
3911076917,3911587110
3911168311,3911748239
3911226875,3911909622
3911619275,3912011495
3912425918,3912789392
3912813007,3913766178
3913656834,3913990208
3913958947,3914348271
3914414580,3914863354
3915190397,3915423937
3915427500,3916030070
3916338725,3917306256
3916510287,3917740980
3917792979,3918320075
3919249946,3919314884
3919499492,3919545804
3920134177,3920569556
3921592267,3921801456
3922123058,3922326273
3922187793,3922707178
3922348681,3922577308
3922527093,3922962330
3923082280,3923599809
3923653649,3924095292
3924356274,3924728724
3925335233,3926067309
3925451094,3926157686
3925685745,3926058901
3926052447,3926311401
3926901337,3927629804
3928046432,3928310271
3928328747,3929023650
3928569606,3928819744
3929194654,3929426987
3930251587,3930347581
3930600630,3931101234
3931363308,3932002469
3931616919,3932213990
3932231947,3932454349
3932247157,3932369001
3932750197,3933408991
3933001101,3933273652
3933032803,3933466715
3933790777,3934469645
3934410809,3934840077
3935469059,3936170055
3936420377,3937005126
3936969867,3937507177
3937025567,3937221710
3938104046,3938717575
3938191822,3938702297
3938703231,3939212164
3938949696,3939311999
3939028968,3939411955
3939075628,3939654218
3939672605,3940189545
3939852126,3940347165
3940616565,3941014549
3940801723,3941072206
3941560744,3941912020
3941635046,3941915016
3941885417,3942729555
3942340728,3943201464
3942750262,3943743492
3943966203,3944732773
3945010759,3945723231
3945572849,3946423079
3945750288,3946533869
3945753064,3946136131
3947269789,3947617246
3947869733,3948614459
3948135759,3948839737
3948395131,3948827792
3949587832,3950128782
3950198465,3950525403
3950727502,3951393274
3951014805,3951596026
3951169594,3951534446
3951249826,3951917268
3951676465,3952206542
3953220573,3953815387
3955750377,3955873884
3956348842,3956810467
3958146960,3958379305
3958684286,3959125281
3958768156,3959089383
3958939767,3959455810
3960095084,3960560784
3962742370,3963088278
3963191015,3963626004
3964043206,3965027354
3964581065,3966025032
3965789027,3966293523
3967073434,3967361539
3968327704,3968612560
3968404547,3969038334
3968696974,3968787575
3968726575,3969088778
3969145957,3969440023
3970201117,3970686906
3971674242,3971924307
3971869477,3972370412
3972105932,3973347096
3973881234,3974235016
3973983488,3975118456
3975114301,3975974537
3975602273,3976346900
3975908306,3976569810
3976149914,3976210201
3976184810,3976483031
3976627508,3976959776
3977073098,3977155175
3977225785,3977265751
3977721347,3977941617
3977788506,3978305447
3978221217,3978566373
3978841606,3978999840
3979496437,3980094401
3980097999,3980455280
3980173925,3980904188
3980416053,3981065523
3980458264,3980904858
3980605624,3981011312
3981031754,3981616596
3981697491,3981812295
3981741333,3981904308
3982080282,3983014972
3983268987,3983412778
3984509378,3984856592
3984794937,3985720061
3985106846,3985290604
3985624409,3986153988
3985709509,3985827194
3987994880,3988591369
3988826286,3989467344
3989968465,3990383888
3990082176,3990465080
3990532792,3990670647
3990571368,3990951262
3990639842,3990817386
3991013138,3993985431
3991352783,3991658147
3991966100,3992139927
3992250143,3992460440
3992541110,3993055557
3993073398,3994812652
3993450636,3994171469
3993518759,3994161194
3996055314,3996269988
3996846999,3997677976
3997574848,3997982807
3997757738,3998525487
3998966664,3999485374
3999214537,3999271933
3999241637,3999350891
3999813619,3999998570
4000009117,4000368718
4000012971,4000585658
4000624898,4001101702
4000647456,4001296520
4002487705,4003170648
4003595459,4003752958
4004490891,4005161833
4006224726,4006589163
4006872382,4007397216
4007022601,4007331327
4007775849,4008114373
4009721866,4010378628
4009731226,4010314530
4010396182,4010974337
4010971876,4011398574
4011570917,4011943429
4011839673,4012462072
4014502374,4015246908
4016196522,4016657873
4016264795,4017293143
4016368111,4017865737
4016428928,4018508082
4017011970,4017890114
4017895253,4018433267
4018077743,4019025082
4019419775,4019884618
4020875673,4020967224
4020887328,4021383245
4022131977,4022365606
4023150489,4023299096
4023206253,4023734645
4023411263,4023624998
4024343663,4024840084
4025612905,4025705485
4026394572,4026900981
4026571067,4027156441
4028729565,4028918626
4028920108,4029312764
4030421220,4030949455
4031729625,4032148875
4032730468,4033137197
4032950920,4033292056
4033020355,4033537644
4033123065,4033247144
4033289346,4033795928
4034108701,4034914223
4034493275,4034877561
4035395024,4035687307
4035718130,4035791514
4036581985,4036755690
4037238341,4037588653
4038576990,4039165803
4039930241,4040115355
4041241954,4041869872
4041450525,4041825418
4041894998,4041926404
4041907046,4042100641
4041992934,4042405768
4042081854,4042674373
4043033457,4043363483
4043513568,4043950324
4043594388,4044012502
4043654222,4044000017
4043656757,4044140178
4044955156,4045168936
4045074731,4045164488
4045293691,4045615448
4045303363,4045579776
4045846839,4046202276
4046374585,4046485278
4046429860,4047381082
4048386697,4048425987
4049178106,4050287433
4050389007,4051150004
4050409261,4051942461
4050501799,4051414954
4050700370,4051375825
4050764418,4051229438
4052824537,4053369722
4052831288,4053046547
4052982295,4053539503
4054008161,4054637726
4054361089,4054474498
4055580826,4056291195
4055763256,4056324960
4055916865,4056336483
4056441210,4056484970
4056474914,4056682401
4056611855,4057022904
4058920701,4059230791
4059374020,4059979225
4059546314,4059796230
4059932527,4060399292
4061828559,4061974968
4062785880,4063169941
4062809438,4063056882
4063674256,4064201212
4064179321,4065053169
4064812205,4064894379
4064862668,4065194046
4064876540,4064977294
4064900973,4065597471
4065029369,4065279236
4065337676,4065620142
4065398307,4065704072
4066957964,4067630664
4067402441,4067662626
4067445324,4067676427
4067815294,4068166976
4067951801,4068162720
4068078001,4068406501
4068276398,4068561572
4068596085,4069408608
4070419515,4070799312
4071069445,4071326085
4072050644,4072278784
4072188887,4072949016
4072292085,4073094295
4073211951,4073743629
4074866865,4074919481
4075759729,4076326118
4075892055,4076034363
4077470308,4078035461
4077526929,4077891152
4078940946,4079717696
4079785570,4080606040
4080056093,4080464857
4080451344,4080552653
4080627169,4080832966
4080940515,4081584529
4081495465,4081994801
4082549441,4082967964
4083881263,4084145591
4084258001,4084749066
4084481680,4084897222
4084495293,4084744921
4084496583,4084542275
4085110485,4085760723
4085150974,4085543859
4085223584,4085613931
4086162253,4086532950
4086457018,4086866986
4087068642,4087280920
4087097049,4087309887
4087328940,4087823905
4087333688,4088018397
4089766892,4090118781
4089974260,4090492963
4090092501,4090172669
4090454052,4090525741
4090760394,4090961641
4091212676,4091837464
4091868336,4092480554
4092201307,4092530324
4092883608,4093640404
4093175044,4093344103
4093972188,4094426138
4094813904,4095220392
4095393806,4095985782
4096865937,4097159499
4097257154,4097774306
4097312932,4097725415
4097852341,4098289050
4100560446,4101361560
4101587348,4102103644
4102677636,4102919348
4104330788,4104837566
4104804661,4105212497
4104997907,4105494978
4105006426,4105796973
4107088126,4107335910
4109956936,4110454948
4110610875,4111144545
4111004404,4111354465
4111062154,4111414434
4111134664,4111980318
4111186923,4111559250
4111405488,4112000375
4111971073,4112177480
4112360630,4112386649
4112490414,4112948285
4113299441,4113443801
4115235138,4115809476
4115850927,4116429444
4116750741,4117119970
4117259363,4117463055
4117269669,4117506077
4117492641,4117807946
4117677013,4118304059
4118024180,4118703081
4118085396,4118469739
4118530440,4118985583
4118947427,4120782634
4119309593,4120005084
4120528442,4121049854
4121419654,4122149125
4121868004,4122400169
4122031878,4122347397
4122120202,4122407521
4123351928,4123987631
4125192835,4126012007
4126034364,4126127193
4126379731,4126650441
4127148078,4128506983
4129044346,4129229712
4129675955,4129957188
4130635609,4130982622
4130689327,4130899587
4130972502,4131724838
4131018301,4131916068
4131789119,4132276406
4132604062,4133428394
4133317271,4134084863
4133739169,4134529707
4135648155,4135746720
4136234428,4136799196
4136428502,4137069992
4137259544,4137287652
4137290454,4137508502
4137329714,4137743136
4137410971,4137834440
4137432616,4137560024
4137509453,4137866843
4137988829,4138369997
4138925126,4139605436
4139388223,4140114161
4140049670,4140309187
4140852833,4141103606
4141119779,4141572267
4142957503,4143240999
4143335981,4143733826
4143402669,4143809529
4143962819,4144151313
4144009669,4144508457
4146029194,4146433294
4146259550,4147271324
4149282818,4150109731
4150141931,4151292335
4150197894,4150732066
4151300571,4151807937
4151418620,4151754894
4152348118,4152630465
4152859148,4153057497
4152885624,4153570374
4152961056,4153210572
4153308922,4153695504
4154455999,4154959324
4155225728,4155997440
4155279898,4156267487
4155808297,4156512410
4156482536,4156638826
4156817834,4157219114
4157086047,4157704394
4157354974,4157663540
4157668268,4158286668
4158070385,4158754634
4159271435,4159642746
4160586428,4161005152
4161696896,4162141604
4162168081,4162423542
4163062815,4163497130
4164540744,4164836216
4165169427,4165612083
4166958496,4167624439
4168405035,4169078725
4169011897,4169376873
4169260524,4169800913
4171965811,4172327871
4172049324,4172619968
4173513573,4173645647
4173716888,4174226615
4174190303,4174792311
4174721018,4175423619
4174902601,4175202183
4175219772,4175806448
4175559390,4176107965
4176278599,4176633559
4176487453,4177047478
4176817214,4177220290
4176954769,4177344826
4177196223,4177432920
4177872716,4177980484
4178437083,4178732809
4178443920,4178561515
4178860509,4179466971
4179984562,4180713696
4180723504,4181175682
4180759451,4181568412
4182240292,4182653201
4183145567,4183338840
4183147265,4183417588
4183290765,4184554402
4184182767,4184591434
4184524961,4185126020
4185708612,4186208183
4187062617,4187184719
4187168847,4187736618
4187726394,4188054114
4188230084,4188437947
4189448054,4189698950
4190384541,4190882000
4191091049,4191657416
4191701352,4191834038
4191733127,4191892007
4192478204,4193330792
4193098176,4193592508
4193492558,4193803398
4194016539,4194620641
4195289241,4195566360
4195324467,4196028019
4195771519,4196342257
4196036957,4196544523
4196385075,4196770204
4196716276,4197189810
4196812043,4197041368
4196869739,4197310470
4197002422,4197359797
4197752200,4197924823
4200621333,4200797083
4201017837,4201294502
4201639275,4202035525
4203368671,4203760928
4203447786,4203890621
4203520637,4204318241
4203775011,4204935037
4205874378,4206261742
4206114502,4206135455
4207086370,4207267207
4207439462,4207631474
4207466169,4207769256
4207472175,4207829364
4207548841,4207858104
4207638629,4208185096
4208896299,4209606720
4209152509,4209650203
4209767156,4209874446
4210572167,4210746423
4211713861,4212125236
4212491844,4212877948
4212797437,4213182412
4213172561,4213748977
4213581727,4213960383
4213858874,4214027695
4214242803,4215083081
4215539244,4216264102
4217655141,4218136777
4218079497,4218397628
4218150041,4218636523
4219172731,4219530149
4219925151,4220471099
4222661360,4222953707
4222765925,4223392031
4222789381,4223221027
4222943894,4223294507
4223761996,4224295077
4224956700,4225655483
4225576540,4226117514
4225858685,4226519800
4226177263,4226393538
4226364951,4226617954
4226541823,4226763260
4226543640,4226899704
4226547165,4226623721
4226631920,4227020645
4226901852,4227071938
4227715492,4228233528
4228045650,4228601481
4228684323,4228772107
4228939848,4229403376
4229215896,4229912339
4229234841,4229831637
4229430211,4229985755
4230455438,4230644980
4230536960,4230759923
4231277654,4231693010
4231768992,4232485505
4232017931,4232286038
4232205414,4232727541
4233227233,4233641947
4233568816,4233659345
4233765972,4233990492
4233935758,4234263191
4234609267,4234947279
4234891157,4235235787
4237219907,4237645530
4239928017,4240114007
4240459956,4241190345
4240651873,4240956667
4241456260,4242045747
4241554203,4242165757
4242989014,4243322930
4243135384,4243722603
4243987825,4244648028
4244248746,4244790164
4244951938,4245742330
4245906029,4246408758
4246226816,4246597536
4247114324,4247367559
4248722112,4249446234
4250004059,4250579433
4250081654,4250299840
4250773105,4251070016
4251074853,4251342103
4251284728,4251529095
4251299213,4251664863
4252100739,4252458385
4252397452,4252467461
4252611241,4256673777
4253123956,4253665089
4254525938,4254710532
4254628964,4254934950
4254936828,4255386051
4255280248,4255490772
4255420033,4255488265
4255874820,4256173124
4256353960,4256722824
4257244993,4257845964
4257814372,4258464069
4257940476,4258597723
4258124350,4258730240
4258318831,4258439847
4258765699,4259819080
4262028363,4262372421
4263644195,4263728973
4263891360,4264550896
4265554852,4266371303
4265714306,4266316341
4267922397,4268345172
4268077351,4268343773
4268976021,4269369181
4269103650,4269516154
4269418308,4269677433
4269980379,4271217852
4270168131,4270577350
4270450861,4271429465
4270750817,4270873561
4270935868,4271266576
4271751886,4272605781
4272797737,4273273876
4273784678,4276350547
4274298219,4274521865
4274563609,4274774396
4275195038,4276726201
4275742421,4276182844
4277058160,4277915179
4277620710,4278210451
4278221541,4278577286
4278956609,4279461263
4279169007,4279887220
4279282049,4279872432
4279919503,4280271567
4280878109,4281280056
4281552743,4281640059
4281920768,4282228993
4282070843,4282416360
4282200850,4282700504
4282526085,4283186127
4283955624,4284755959
4284217666,4284681184
4284259856,4284599032
4285017704,4286643467
4285734006,4286516302
4287277994,4287542495
4288500639,4289073802
4288976890,4289412723
4289124049,4289664659
4289265943,4289757444
4290076387,4290470631
4290370230,4290944326
4291439224,4291763766
4292217659,4292527518
4293291178,4294130050
4294107411,4294573604
4295315732,4295874752
4295949839,4296109317
4298054658,4298085518
4298417272,4298756974
4299015639,4299088625
4299389951,4299560572
4299796268,4300375458
4300205944,4300318586
4301071346,4301721628
4301093888,4301208508
4301184028,4301442339
4301289958,4301645876
4303306597,4303417549
4303655652,4304274762
4303682093,4304150333
4303965254,4304567553
4304268002,4305239026
4304408754,4304964586
4304982189,4305642912
4305251477,4306051682
4307197504,4307652235
4308152754,4308262035
4308622814,4309089993
4309021774,4309099083
4309113544,4309529578
4309713014,4310451140
4310181028,4310447332
4310712374,4310982756
4310814651,4310896628
4310816018,4310920428
4310921619,4311451193
4312232930,4312566371
4312383998,4312797828
4312543304,4313211491
4312572532,4312757677
4313489701,4314125735
4313643336,4313991805
4313834254,4314169951
4314177879,4314559464
4314291383,4314533591
4314974952,4315436064
4315094925,4315208712
4315574559,4316198885
4316029957,4316434812
4316100069,4316572219
4317204689,4317778348
4317933706,4318794254
4318366922,4319167882
4318860163,4319358205
4319383417,4319922476
4319397443,4319608339
4319495563,4320086364
4320024038,4320378951
4321659836,4321866616
4321746057,4322033368
4322559616,4323202388
4323269779,4323749872
4323301982,4323442851
4324730281,4325378655
4325186524,4325789012
4325230670,4325811323
4325320586,4325524564
4326486560,4326894135
4327379109,4327541640
4327404027,4327676393
4327441244,4327850163
4328761971,4329476783
4329031650,4329379864
4329246555,4329992020
4330574639,4331124574
4330803279,4331380066
4331120033,4331556168
4331132588,4331491481
4331998326,4332509115
4332105742,4332284908
4333618459,4334065845
4334006778,4334398654
4334215050,4334714951
4334320215,4334660169
4336158114,4336917255
4336538461,4337546171
4337371001,4338172928
4338885289,4339101302
4338990967,4339581981
4339074267,4339691776
4339095859,4339397151
4340998900,4341243924
4342260029,4342277424
4342349163,4342989832
4343439831,4343815489
4343674404,4343776705
4344884277,4345194721
4345417567,4345575927
4345927160,4346313725
4346353964,4346757414
4346400763,4346883019
4346761826,4347293685
4347212281,4347417539
4347919415,4348106366
4348060992,4348685621
4349726934,4349947739
4350521916,4350820274
4350803932,4351419607
4351464047,4351917401
4351535979,4351819821
4353188862,4353778679
4354173726,4354742372
4354990223,4355733203
4355365223,4355586746
4355975639,4356495387
4356058830,4356522218
4356245651,4356355929
4357193765,4357423856
4358719886,4359238319
4359663134,4359849835
4361668736,4361849456
4362597802,4363536803
4364584138,4364909732
4364742039,4365251662
4364965656,4365547185
4365563112,4365930147
4365573300,4366381899
4365609154,4365902090
4365679557,4365979085
4365745185,4366015738
4365871491,4366299383
4365932806,4366323126
4366051327,4366951353
4366188579,4366585993
4366495243,4367994862
4367075285,4367882949
4368023377,4368362228
4368381702,4368730346
4369269558,4369736900
4369968424,4370883043
4370313229,4370882685
4370317106,4370714685
4370501216,4371292473
4370648542,4370912113
4370913617,4371263593
4371279303,4371515143
4372153227,4372521091
4372179152,4372667897
4373211887,4373420154
4373226342,4373344928
4373592172,4374162198
4374127061,4374442328
4374178512,4374634803
4374372262,4374579924
4375256794,4375718740
4375372622,4375918760
4375550250,4376049997
4375738662,4375769574
4377130659,4377453411
4380685094,4381152928
4382129805,4382483733
4383102014,4383805299
4384905975,4385575787
4386205179,4386752180
4386611483,4386982294
4386744082,4386810930
4387571644,4388022629
4388292627,4388589031
4388875349,4389262282
4388992303,4389290406
4389860648,4390575571
4390658042,4390800459
4390787570,4391225560
4390880980,4391135680
4390917220,4391010347
4391239004,4391522141
4391693645,4392046512
4391839424,4391906183
4392327729,4392792233
4392543460,4393432899
4393132952,4393353126
4393363949,4393938901
4393590281,4394292326
4393697478,4393911294
4393811824,4395748660
4395944389,4396118920
4396503924,4396884248
4399227175,4399608081
4399315460,4399808406
4399878628,4400627194
4400162902,4400530001
4400828990,4401140266
4401493427,4402734655
4401778331,4402504049
4402639522,4403206799
4406348085,4406805125
4406468993,4406627878
4406548748,4407110981
4406888886,4407423680
4407406338,4407836036
4407995294,4408486065
4408475646,4409157077
4409259736,4409586990
4409723853,4410014488
4410164291,4410458418
4410460111,4410701645
4410815346,4411197307
4412744323,4413133696
4413385855,4414046829
4413642045,4413895596
4414036822,4414459122
4414484680,4414869723
4414882131,4415222798
4415236999,4415613610
4416062724,4416587638
4416195387,4416520529
4417027188,4417428567
4417131330,4417177703
4417272836,4417677217
4419284337,4419322777
4419781014,4420192745
4419969123,4420916199
4420098176,4420858769
4420185166,4420638426
4420209487,4420834586
4420865271,4421403155
4420937788,4421043263
4421148379,4421614340
4421192505,4421536001
4421227669,4421519462
4421617181,4422048697
4421844873,4422809815
4422050722,4422850578
4422058929,4422828706
4422724756,4423323848
4423177682,4423669747
4423274406,4423602711
4423597685,4423980009
4424212483,4424459327
4424988076,4425598372
4425271999,4425666081
4425322069,4425778610
4426961986,4427726204
4427024288,4427434369
4427998294,4428623769
4428856252,4429742423
4429000117,4429432876
4429136405,4429512640
4429782052,4430382300
4429996698,4430610528
4430459035,4430868240
4430618021,4430704300
4431380450,4432214188
4431569367,4432129206
4431621701,4432259458
4431747923,4431979669
4432334063,4432678455
4432382220,4432758989
4433826556,4434750955
4434795094,4434965671
4434992867,4435461952
4436783147,4437737778
4437276116,4437638291
4437977096,4438547074
4438721976,4438967012
4438818462,4439054170
4438941334,4439525070
4439008735,4439512958
4439160542,4439775199
4439196767,4439529596
4439646191,4440136120
4439852739,4440318164
4440320344,4440397068
4440433850,4440913638
4440667873,4440981832
4441144849,4441701043
4443372646,4443900594
4444610677,4444941990
4444701711,4445005313
4444839588,4445584765
4446488910,4446956344
4448557951,4448940842
4448564702,4449041922
4449496918,4450150860
4450023248,4450461696
4450341775,4450695673
4450798888,4451248323
4450955819,4451621373
4451053714,4451446796
4451783338,4452356890
4452172296,4453224846
4452260768,4453032170
4452894038,4453388877
4453916514,4454469359
4454564281,4454747175
4454752998,4454957321
4455344785,4455847759
4455723408,4456168586
4456381556,4456785256
4456535715,4457264738
4457646641,4458169018
4458145166,4458473552
4458229600,4458630142
4458353602,4458939296
4458963871,4459317565
4459259127,4459675249
4460117219,4460449289
4460794817,4461209523
4461240065,4461471670
4463059244,4463315835
4463500436,4464042148
4463850322,4463987813
4465098519,4465460178
4465137296,4465280743
4465439251,4465938923
4466198402,4466494481
4466402760,4466836836
4466571000,4467180985
4467311561,4467505438
4468635688,4469228202
4469865353,4470668019
4470639600,4471179384
4471433452,4471862952
4472533429,4472703661
4473077283,4473443814
4473608051,4474039951
4474966713,4475386539
4475365308,4475870437
4477056916,4477698957
4477352293,4478295511
4477363320,4478388413
4477762429,4478333550
4478439301,4478885358
4480055745,4480785621
4481616037,4482090313
4482514405,4482924645
4482868396,4483200558
4483553868,4483834863
4484447120,4485411603
4485398525,4486223759
4485422726,4486048342
4485438009,4486070389
4486617868,4487151585
4486869091,4487460821
4487531378,4487670288
4488646574,4489309870
4489914699,4490663114
4491295290,4491759455
4492839687,4492974644
4493403401,4494179979
4493532125,4494144540
4494483503,4494888245
4496414007,4496451046
4496524407,4497075866
4496543655,4496716216
4496776492,4498157390
4499019169,4499499267
4499884756,4500237626
4500735328,4501086836
4502409999,4502761127
4502858909,4503488023
4503192872,4503545702
4504046599,4504565346
4504127087,4504544897
4504181914,4504477616
4504834873,4505374636
4505591923,4505844845
4507342455,4507532259
4507907109,4508543315
4508175350,4508645880
4508743310,4508858556
4508907185,4509801402
4509264650,4509761288
4509472751,4510136788
4510355168,4510942926
4510483686,4511323155
4510930309,4511190371
4511202674,4511969655
4512535676,4512974541
4512848430,4513000109
4512983150,4513214092
4512989904,4513260899
4513259333,4513659719
4514369354,4514534741
4514472015,4514846510
4515060603,4515501289
4515872620,4516551563
4516565520,4516769981
4516835473,4517286743
4518404758,4518597193
4518603495,4519260673
4518867800,4519059964
4518933210,4519616807
4519682516,4520112026
4520008272,4520108084
4520366175,4520799777
4521237943,4521781810
4521600060,4522161147
4524403453,4525111496
4524877707,4525605387
4524982759,4525547798
4525780025,4526289090
4526533855,4527159292
4527162780,4527773548
4527164937,4527747990
4527250928,4527601821
4528308994,4528840711
4528647511,4528917029
4528909707,4529418281
4528919555,4529549611
4529032467,4529428807
4529081243,4529201241
4529147284,4529448640
4529517570,4530097961
4530014200,4530301667
4530535098,4531395487
4530639689,4531320188
4532716661,4532873203
4532731525,4533062580
4532795686,4532953749
4533015178,4533197879
4533363777,4533762675
4533606779,4534340265
4534922379,4535462003
4535613978,4536310949
4535849484,4536355745
4536076793,4536169593
4536802479,4537105147
4537218932,4537679527
4537323715,4537827907
4537652215,4537947730
4537905771,4538179234
4538827053,4539069252
4540371347,4540710277
4541427556,4541456871
4541458543,4541779161
4541569074,4541630965
4541622069,4542127870
4541694213,4542262738
4543267254,4544126693
4543319055,4543897642
4544651307,4544846970
4544812495,4545225222
4545271379,4545586504
4546025629,4546242087
4546803195,4547400586
4548749540,4548888466
4549384870,4550028613
4550850920,4551725661
4551136430,4551567198
4555601335,4555953245
4555984279,4556615359
4557203920,4557630224
4557584830,4557840805
4557809763,4558494780
4558466471,4558599955
4558519511,4558649954
4558658327,4558771877
4559023035,4559415298
4559239205,4559573357
4559581379,4559952196
4561311149,4561650803
4561385569,4561580352
4561663622,4562315828
4561725598,4562242523
4561924249,4562008995
4562160904,4563232161
4562367169,4562619485
4562780609,4563148802
4564041787,4564504810
4566164669,4566454374
4566204812,4566595864
4566624283,4567219075
4567502797,4568090566
4567738287,4568041368
4569933735,4570168442
4570032166,4570712210
4570481943,4571039114
4570524900,4571074911
4570669104,4571060057
4570996785,4571470824
4571853967,4572315210
4571987710,4572797298
4573387477,4574273894
4574245179,4574501574
4576088228,4576634496
4576644569,4576860704
4576708564,4576970705
4577170110,4577549379
4577182766,4577563625
4578189554,4578281952
4578537675,4579058541
4578987317,4579322513
4579352176,4579424624
4580055390,4580154731
4580125581,4580520327
4581411432,4581781157
4581669944,4582318177
4583272529,4583933780
4583280789,4583909007
4583309000,4583857400
4584129767,4584477278
4584601161,4584876636
4585195290,4586002639
4585205773,4585732263
4585380488,4585835820
4587097297,4587211363
4587476431,4587703000
4587493642,4587793644
4587603750,4588896426
4589220210,4589480835
4590611829,4590674230
4591276328,4591731693
4591435037,4591667993
4595095568,4595611118
4596998988,4597251040
4597144499,4597430843
4597663530,4597844521
4597797472,4598265295
4597878628,4598294082
4598854709,4599776559
4599206248,4599832019
4599541367,4600006975
4601821878,4602026641
4602590538,4602868103
4603018153,4603280338
4603302216,4604370219
4603409131,4604226262
4603447164,4604299216
4603564710,4604398961
4603843521,4604279059
4604364264,4604554180
4605165266,4605515714
4606075334,4606486781
4608050960,4608680558
4608910403,4609606598
4608943538,4609691398
4609368225,4610334979
4610410105,4611186133
4611079684,4611815378
4611905591,4612278373
4613189629,4613728593
4613286087,4613508260
4613512740,4613872308
4613569393,4614305758
4614199223,4614295876
4614502254,4614926071
4614640897,4615229797
4614804662,4615736004
4615741387,4615792726
4616208925,4616446596
4616724746,4616957286
4617268295,4617663813
4617285534,4617326599
4617409381,4618224704
4617686656,4617990258
4618160696,4618472631
4619046396,4619366897
4619095543,4619586026
4620013751,4620174438
4620067519,4620524195
4621938600,4622591269
4622926663,4623349069
4623278124,4623939076
4623624645,4624153188
4624621280,4626707384
4624990210,4625261744
4625044537,4625299017
4625123706,4625486948
4625312793,4625737385
4626060697,4626269613
4626461240,4626860148
4627187807,4627519512
4627804754,4628111438
4627911878,4628317223
4627954948,4628079116
4628945239,4629389589
4629249671,4629946222
4629617881,4630405675
4631778079,4631961835
4631845750,4632458885
4632356431,4632412646
4632693455,4633320432
4633182598,4633473233
4633478591,4633846664
4635734910,4636068896
4635770382,4635941930
4636083087,4636484659
4637251486,4637651550
4638096857,4638663942
4638237715,4638540769
4638295571,4638763811
4639087626,4639363128
4639201017,4639365811
4639415544,4640080536
4640038351,4640462215
4640488130,4640925870
4641528304,4641749652
4641643396,4641869722
4643257100,4643821355
4643442039,4644041292
4643488259,4643886409
4645045128,4645657265
4645870724,4646011342
4646784996,4646962179
4646813817,4647040472
4647987812,4648963524
4648239939,4648612305
4648488328,4648804676
4648638282,4648997707
4649076744,4649544151
4650447762,4650834177
4650523421,4650802338
4650787192,4651075416
4651798250,4652276307
4652679177,4653066322
4653325369,4653715170
4653959714,4654431891
4654015807,4654113779
4654493195,4655058908
4654497556,4654958525
4655068988,4655427333
4655725878,4656264471
4656297472,4656487914
4658125673,4658592347
4658217885,4658456899
4658233701,4658754626
4658954740,4659338973
4659342835,4659998510
4660165188,4660600076
4660181424,4660458809
4660223391,4660587501
4660290097,4660605080
4660351293,4661032945
4660621472,4661028718
4661383308,4662032573
4661834960,4662159532
4662577801,4663576871
4662821074,4663727407
4663660692,4664208304
4663701699,4664112639
4664241766,4664798120
4664842295,4665345822
4664978731,4665185923
4665678712,4666105884
4666370581,4666962207
4667491210,4668104400
4667598366,4668480277
4668688325,4669483476
4669004893,4669294998
4669374651,4670215473
4669746092,4670050631
4670617957,4671134792
4670895534,4671383308
4671681342,4672322383
4671848350,4672250251
4671898513,4672413409
4673908369,4673975767
4674005472,4674852400
4674192545,4674561712
4674841026,4674989750
4674860643,4675515649
4674941352,4675584928
4675912030,4676399954
4675914550,4676507239
4676751277,4677133821
4677454491,4677818626
4677743330,4678409378
4679082604,4679460911
4680163015,4680697747
4681370456,4681882400
4681432930,4681569359
4681726852,4681995168
4682331175,4682801511
4682352544,4683059178
4682542351,4683070408
4684435524,4684909629
4685123878,4685195843
4686867374,4687356267
4687405692,4687785449
4687491716,4687871680
4687737230,4688197830
4688924317,4689093118
4689011059,4689740944
4689112036,4690012366
4689708511,4690524394
4690115353,4690214680
4690755448,4690860105
4691720609,4692245265
4692012555,4692694509
4692263934,4692660743
4692968736,4693349015
4694436017,4695179463
4695682215,4696143097
4695915587,4696008958
4696366353,4697235118
4697690107,4698080910
4697793773,4698355898
4697804070,4697922491
4698734747,4699019868
4699228648,4699857086
4699403939,4700352164
4700264656,4700790200
4700306386,4700802044
4700716595,4701735814
4702235631,4702654963
4702939583,4703528820
4704226631,4704612755
4704328753,4704606329
4704745756,4704919055
4705563953,4705763448
4706096038,4706246545
4706249464,4706707152
4706311616,4707057166
4706340208,4706499032
4707052627,4707440816
4707351740,4707942022
4707562580,4707977750
4707714763,4708484583
4707822080,4708028712
4707827763,4708398811
4708967704,4709002053
4709545125,4709639970
4711091040,4711503825
4711911217,4712542475
4712759874,4713324262
4713229195,4713486725
4713697535,4713904004
4713838831,4714210452
4714742844,4715076928
4715009638,4715128640
4715193516,4715704707
4716042797,4716176609
4716311147,4716891966
4718032579,4718123351
4718237636,4718817150
4718278113,4718810232
4719372552,4719900430
4720618667,4721535765
4720663186,4721284973
4721210395,4721756814
4723171904,4724191809
4724426825,4724979959
4724520796,4725045534
4725320931,4725870887
4725656082,4725870386
4725726248,4725945171
4726440262,4726766738
4726605370,4727219543
4728645540,4729050887
4729019344,4729327742
4729663107,4730094070
4730585146,4731244285
4731064034,4731422798
4731154851,4731439585
4732715764,4732977944
4733289412,4734034158
4733435828,4733931342
4733604221,4734163749
4735033301,4735348402
4735232998,4735807729
4735562103,4735994473
4736854236,4737190125
4737822836,4738261548
4738266800,4738461847
4738346591,4738664761
4738433245,4738716455
4739361829,4739699778
4740283746,4740803733
4741854055,4742333374
4741949163,4742539322
4742276898,4742586937
4743098793,4743601544
4743483657,4744008357
4743521658,4744212331
4744472164,4744488470
4744500576,4744778708
4745261169,4745653277
4745288157,4745502424
4746130179,4746585345
4747062440,4748705408
4748875713,4749589764
4748947056,4749725086
4750303690,4750647975
4750338436,4750390753
4750781344,4751114599
4751446423,4752005461
4752032680,4752750492
4752424166,4752990975
4752717854,4753347840
4754183815,4755107834
4754558165,4754759855
4755223159,4755985393
4755279231,4755892118
4756856294,4757668889
4757088572,4757377470
4757563764,4758052865
4757568897,4757585420
4757695208,4758100202
4757724215,4758109422
4757754385,4757902069
4757799444,4758267354
4758650000,4759167245
4758800894,4759179049
4758998997,4759176234
4759078684,4759588353
4759202140,4759553592
4760712578,4761392620
4761425105,4762921973
4762374932,4763355322
4762457917,4764506243
4764301246,4764371976
4764381874,4764412702
4765792061,4765996080
4765893990,4766153308
4766212689,4766355492
4767470802,4768040134
4767667405,4767836270
4769168228,4769901690
4771073489,4771921200
4771271323,4771842632
4771916797,4772099080
4772110809,4772324368
4772268276,4772637394
4773316358,4773755627
4773547188,4773659579
4774453280,4774971187
4774977942,4775196069
4775072484,4775589992
4775137355,4775429135
4775179827,4775372962
4775771528,4776035097
4777863246,4778259796
4779337546,4779410293
4779348052,4779587085
4779414605,4779850415
4779800386,4780038149
4779981824,4780073529
4780251732,4780650225
4780440044,4781051596
4780639549,4781102570
4780666510,4780972069
4781719325,4782371050
4781878028,4782135863
4781901877,4782544905
4781989516,4782465640
4782184525,4783137777
4782342113,4782562234
4782556550,4783125624
4782828212,4783226956
4783173693,4783693684
4783871283,4784096487
4784035464,4784140138
4785851927,4786175329
4785889771,4786476165
4786507720,4786702856
4786550310,4787150016
4786730621,4787335291
4786884359,4787435140
4787105830,4787560777
4787580112,4788119165
4788539574,4789132203
4789045938,4789371993
4789380581,4789662876
4789639289,4790041633
4790862775,4791157236
4791593576,4792316431
4791817937,4792448404
4791976014,4792374275
4792620593,4793149122
4793187566,4793394628
4793224626,4793428556
4793497966,4794156296
4793590480,4793987957
4793615134,4794027764
4793801901,4793903667
4794995114,4795234045
4795417826,4795698490
4796259331,4796654983
4796693040,4797346671
4797108240,4797549977
4797258390,4797532485
4797347847,4797537260
4798869918,4799459430
4800770031,4801364266
4800972182,4801603348
4801120838,4801762418
4801127210,4801727235
4801277496,4801798000
4801757449,4802196585
4801813130,4802262536
4802203334,4802716538
4802533432,4803059503
4803778998,4804338137
4804259074,4806299269
4804592155,4804796767
4805586768,4805849823
4805742064,4806187382
4806197664,4806559716
4806487574,4806607501
4806644442,4806977264
4806993281,4807441159
4807547028,4807861106
4808754857,4809555538
4808894487,4809370651
4809570503,4810088069
4809797749,4809940676
4810214338,4810867305
4810261994,4810550662
4810809679,4811071073
4811858088,4812509176
4811999853,4812651338
4812544970,4812614109
4813084268,4813294773
4813354207,4813757313
4813452949,4813663705
4813594772,4813965066
4815125269,4815468663
4815614461,4816135628
4815919296,4816200780
4816571705,4816650952
4816648254,4817121476
4817474144,4817898734
4817963706,4818569262
4820942440,4821458505
4821510358,4821952956
4823277423,4824310885
4823900297,4824265206
4824274009,4825173615
4824582361,4824841224
4824817072,4825378750
4825951062,4826313411
4826912083,4827192490
4827694389,4827822819
4827999233,4828804781
4829220859,4829647154
4829307982,4829866779
4829479808,4829865091
4830490560,4830768780
4831609374,4832314104
4832188150,4832676298
4832288274,4832787080
4832565111,4832854338
4832861560,4833313860
4833697166,4834104222
4834152534,4834428968
4834453988,4834633012
4834562153,4834922053
4834912540,4835442722
4835930519,4836355318
4836811734,4837206001
4837002500,4837319667
4837661055,4838139586
4838011062,4838149398
4838304221,4838898448
4838599129,4838766196
4839422440,4839688042
4839720943,4839913524
4839854725,4840013496
4840129311,4840570691
4841443024,4841719815
4842057455,4842602119
4843469382,4844198490
4843847576,4844279986
4844234814,4844945182
4845909813,4846481188
4846134630,4846777405
4847767074,4848368403
4847780296,4848037675
4848259380,4848694752
4848876752,4849017144
4850137735,4850987901
4850377710,4850867887
4851029314,4851279093
4851502807,4851981466
4853220202,4853701216
4853792092,4854338761
4855169606,4855193582
4855364337,4855396892
4855793682,4856195121
4856784201,4857342290
4857102072,4857404180
4857322959,4858295071
4857468908,4858227726
4858012323,4858573112
4858438455,4858470825
4858803187,4859286691
4858880952,4859887057
4859810075,4860435272
4859925545,4860054298
4860539124,4860827731
4860790274,4860937635
4860851497,4861307721
4862551652,4862846839
4863214481,4863685876
4863247557,4863863678
4863437622,4863901294
4863607999,4864040425
4863654099,4864096447
4864320360,4865010255
4865056256,4865585657
4866314559,4867126938
4867036887,4867308426
4868966886,4869478179
4869586487,4869897583
4870357015,4870660820
4871239695,4871682192
4873085880,4873619561
4873187794,4873635940
4873787825,4874238147
4873819580,4874513737
4874375474,4874614317
4874424974,4874926796
4874603782,4875116218
4875384011,4875920292
4875536425,4875990132
4875740969,4875868424
4876030619,4876089596
4876149344,4876709343
4876251051,4876512218
4876555038,4876798936
4876770835,4876790519
4876838551,4877233217
4877848364,4877937204
4878587307,4879139245
4879279898,4879791136
4879380604,4879756322
4879496056,4880045044
4880067787,4881436006
4880173310,4881015621
4882458392,4883081293
4882794487,4884154637
4883990793,4884409912
4884152709,4884264482
4886013057,4886651555
4886431199,4886630304
4887508272,4887832797
4887821477,4888162855
4888210904,4888442594
4888543218,4889022382
4889408212,4890423483
4889434103,4890460613
4889614287,4890063266
4890580192,4890997909
4890647450,4891312368
4891725354,4892056487
4892152886,4892284317
4892738536,4893161744
4893378693,4893958507
4893647160,4893686844
4894260344,4894770545
4895961419,4896425082
4896814951,4897231105
4897004767,4897615989
4897013153,4897596393
4897780639,4898021216
4897852283,4898121870
4899535794,4900324146
4900458782,4900617394
4901087154,4901514162
4901091835,4901422665
4901691044,4902283077
4902767498,4902906314
4903192573,4903612783
4903988826,4904288702
4905246176,4905498008
4906094581,4907133990
4906641558,4906734886
4906806374,4907280494
4907195463,4907785055
4907674176,4908015961
4908009153,4909180965
4908219904,4908294864
4908351692,4908744371
4908411247,4908535311
4908842694,4909364579
4909165437,4909783181
4909535691,4909954103
4909738453,4910171488
4909861857,4909970036
4910162711,4910394432
4911283946,4911919185
4912534322,4912741292
4913122366,4913390992
4913257532,4913391077
4916836748,4917286294
4917043748,4918279187
4917225820,4917857354
4918535827,4919369202
4919236530,4919507824
4919399269,4919710513
4921655540,4922332839
4922526276,4922559077
4922767763,4923143082
4922847215,4923146891
4922911578,4923297805
4923147063,4923639566
4924003469,4924229904
4924146233,4924648323
4924700973,4925086432
4925625596,4926308322
4926513534,4926859504
4926629861,4927000406
4927512658,4927754844
4927839488,4927886615
4929354753,4929650365
4930117233,4930735598
4930862479,4931097956
4931354376,4931577748
4931774460,4932207294
4931974033,4932545878
4932053594,4932550915
4932511184,4932714143
4932553647,4933011539
4932571510,4932648434
4933432147,4934102831
4933854059,4934396045
4934110387,4935341330
4934625629,4935051821
4935612529,4936205081
4936229063,4936880521
4936746367,4937301432
4936840725,4937486083
4938719086,4939189721
4938771082,4938985749
4939696759,4940176251
4940008941,4940241701
4940014560,4940352492
4940891976,4941295229
4942209135,4942467070
4942316767,4942838883
4942695060,4942893173
4942844751,4943248356
4944616473,4945224253
4945841691,4946450936
4945899298,4945970160
4947208506,4947665737
4947459801,4947581557
4947761475,4948198340
4947968994,4948281471
4948608039,4948847564
4949034451,4949344797
4950154465,4950712224
4951528503,4951666029
4953273024,4953606778
4953353053,4953660999
4954558359,4954805229
4954700907,4955384054
4955413638,4955613060
4955465474,4955877627
4956035732,4956669691
4956094405,4956704105
4956623394,4957438379
4956903349,4957244218
4958260377,4958736874
4958950181,4959116702
4961077388,4961501270
4961640109,4961691341
4962839902,4963166104
4963421943,4963616658
4963594047,4963946048
4963644468,4963822368
4963767738,4964345083
4963771278,4964333198
4965591975,4965980455
4966336640,4966506169
4966793154,4967396821
4966959187,4967168359
4966970373,4967120755
4967624183,4967829376
4967711910,4968307826
4967995041,4968091058
4968401680,4968471020
4968520850,4968641503
4968872756,4969363343
4969017321,4969541115
4969201144,4969464658
4970273240,4970710020
4970593645,4970747193
4971982546,4972402410
4972269207,4973046844
4972336579,4972969100
4972355320,4972965965
4972988641,4973286882
4973914699,4974265340
4975260790,4975776304
4975982770,4976078314
4976200526,4976683039
4976370651,4977217881
4976410960,4976937519
4978233808,4978271632
4978285727,4978565135
4978341363,4978817384
4978579596,4978716012
4978726241,4978789151
4978740276,4979241190
4979066577,4979458950
4979139655,4979597823
4979159223,4979674596
4979407540,4979961802
4979419400,4979721895
4979741403,4980169807
4981786331,4981922847
4982136899,4982436006
4982673870,4983154053
4982718161,4983335066
4984926621,4985215534
4985170833,4985650081
4986212571,4986708007
4986786712,4987203390
4987319977,4987948800
4987812234,4988289016
4989677743,4989799147
4990011281,4990306661
4990134289,4990436006
4990323532,4990476071
4990902787,4991445557
4991419238,4992047612
4991518064,4991966812
4991704665,4991932019
4991815095,4992029806
4992310800,4992703965
4992920015,4993382661
4992932406,4993512456
4993475653,4993789544
4994461258,4994926348
4994471295,4994491195
4994633640,4994838061
4996121633,4996240008
4996297583,4996605241
4996458040,4996812251
4996470700,4996890588
4997646390,4998320329
4998358933,4998976501
5003066079,5003420683
5004189905,5004250440
5004393085,5005870634
5006807364,5007039425
5006815559,5006974435
5007688092,5007777297
5008304296,5008457497
5008582332,5009102098
5009040863,5009144506
5010539010,5011140969
5014973859,5015006809
5015014959,5015475682
5015872476,5016453099
5016332510,5017110421
5016574317,5017040308
5016726266,5016844775
5019084883,5019580382
5019181872,5019261961
5019196044,5019615190
5019369493,5019803348
5019701270,5019910796
5020272088,5020705293
5022022408,5022662008
5022094555,5022309971
5022438794,5023063288
5023847672,5024187575
5024034167,5024080541
5024135485,5024451531
5024722185,5025533802
5024981423,5025425484
5026865314,5027087747
5027073779,5028063236
5027105748,5027546063
5027700476,5028028387
5027764010,5028238325
5028354763,5028974534
5028367291,5028995212
5028914670,5029602955
5030701383,5030866672
5031211617,5031834875
5031672506,5032352892
5032069436,5032379879
5032914427,5033426845
5033490705,5033958505
5033961611,5034512368
5035006606,5035750480
5036880088,5038051922
5037142764,5037426190
5038057337,5038344292
5038940796,5039321623
5039394458,5039608384
5039449838,5039683462
5039513940,5040139204
5040040353,5040548372
5041085176,5041927703
5042150630,5042725691
5042782098,5042874631
5043088031,5044027088
5043172164,5043785484
5044204475,5044622655
5044284511,5044627854
5044370925,5044703189
5044563501,5045126115
5045284655,5045459976
5045505012,5045870397
5045816722,5045877414
5045886164,5046318314
5046772694,5047349850
5047549431,5047657455
5047630707,5048028482
5047680457,5047930409
5048026057,5048246325
5048186229,5048312224
5048400666,5048760416
5049782309,5050214091
5050197746,5050605668
5050632251,5051190164
5050834022,5051205466
5051725006,5052166092
5051832398,5052061880
5051898320,5052571590
5053479828,5053718204
5054297343,5054493822
5054464091,5054799792
5055693465,5055946928
5056146544,5056422566
5057202622,5058291481
5057290260,5058299120
5057493281,5057901522
5058823447,5059291964
5059721846,5060105263
5059821324,5060308606
5059987560,5060480098
5060004334,5060600216
5061046636,5061691869
5062529805,5062818639
5062849419,5063284305
5064294099,5064576610
5064439570,5064714080
5064721838,5065191416
5064831313,5065354494
5065847447,5066409995
5067013905,5067282632
5067065555,5067460387
5067125648,5067562836
5068376754,5068627945
5068778555,5068975424
5070403826,5070983783
5071084925,5071509780
5071393423,5071779161
5071578407,5072007306
5071661838,5072008175
5072653115,5072886463
5073807729,5074360208
5074213762,5074947455
5074461802,5074516853
5074536239,5075055438
5074671878,5075312720
5074679837,5075349445
5074861062,5075615547
5075967706,5076828411
5076610388,5076927993
5078109980,5078964461
5078184583,5078506980
5078512366,5078868783
5079057276,5079198709
5079624577,5080224449
5080754572,5081453716
5082946020,5083207462
5082971809,5083514858
5083186553,5083496027
5084309982,5084725016
5084739290,5085204666
5085423530,5085698371
5085527262,5086151826
5085938799,5086406469
5088988509,5089295175
5089680967,5089708964
5089711889,5090066608
5089837870,5090052122
5090638728,5091091308
5091412418,5091547193
5091416518,5091480980
5091516109,5091978392
5092329674,5092650480
5092767515,5093333820
5092867439,5094006892
5095425107,5095779887
5095608837,5095932514
5095781730,5096223053
5095900379,5096293948
5096299549,5096830696
5096341523,5096481484
5096847574,5097049955
5097316653,5097735659
5097539535,5097637862
5098525898,5098924245
5099262955,5099531537
5099335707,5100065476
5099487701,5100036350
5101205826,5101823785
5101576929,5101748137
5103347642,5103955720
5103400071,5103591225
5104280133,5105049971
5104560343,5104916406
5105068379,5105578758
5106153584,5106603754
5106968669,5107691740
5108571273,5109342331
5108609472,5109412851
5108858509,5109169621
5111436715,5111905711
5111938150,5112143229
5112162486,5112582784
5112385201,5114920854
5114623608,5115161473
5116063830,5116600001
5116408159,5117021343
5117524811,5118107854
5117964197,5118507545
5118509238,5119110668
5118945230,5119063317
5119136477,5119511344
5119588880,5119913646
5120000404,5121069045
5120417196,5121291783
5120991170,5121248948
5121340920,5121673010
5122053894,5122416015
5122298768,5122856893
5123097694,5123193518
5123394307,5124130869
5123601028,5124210001
5123806381,5124218855
5124161464,5124737817
5124658865,5125060769
5124739604,5125272457
5125557979,5125876900
5126053845,5126241093
5127175554,5127623985
5127889977,5128494803
5128503174,5128932380
5128503907,5128885443
5128813067,5129092704
5130346502,5130994983
5130978880,5131403276
5131258338,5131409449
5132378127,5132701634
5132510510,5132965614
5133551840,5133664269
5133876177,5133898775
5134074066,5134912075
5135612299,5135728838
5135776447,5136023204
5136107245,5136343371
5136221685,5136659164
5136435044,5136563841
5136567730,5136660831
5139428924,5139662641
5139770327,5140080515
5139983382,5140551182
5140177533,5140512951
5140733929,5140933764
5141394878,5143275912
5141651881,5142567363
5142862958,5143343963
5145041992,5145716602
5145325673,5145855709
5145534596,5145844075
5146197318,5146537250
5146445051,5147041688
5146961661,5147502751
5147742653,5147900599
5148124641,5148708047
5148257925,5148514320
5148903820,5149228382
5149545786,5150057744
5150216240,5150431285
5151523473,5152043514
5151530077,5151987896
5151719831,5152184128
5152083110,5152864518
5152210101,5152638608
5154222694,5154824921
5154709609,5155333407
5154835399,5155282542
5154919291,5155325131
5155321388,5155877156
5155829954,5156574585
5156493115,5156534918
5158973712,5159479284
5159664301,5160248157
5160243541,5160672737
5160490387,5160657043
5161424457,5161785944
5161484997,5162018343
5161718670,5162644015
5161807849,5161873747
5163136425,5163496884
5163992170,5164409028
5164619679,5164854543
5164824245,5164935530
5165488566,5165880575
5165894463,5166424794
5166258603,5166693764
5167087869,5167407050
5167127367,5167433741
5167609997,5167717945
5168762305,5169040306
5168910932,5169352294
5169172750,5169742059
5170969267,5171725416
5171602468,5172010746
5171816903,5172071740
5171978056,5172321789
5172101516,5172555412
5172258579,5172594333
5173590680,5174194736
5174940616,5175043722
5175370095,5175678294
5175438845,5175725550
5176163344,5176597704
5176625771,5177235183
5177004343,5177835388
5177126872,5177730500
5177850432,5178311252
5178911127,5179368989
5179629349,5180029443
5180285123,5180847263
5180891122,5181172426
5181481244,5181867531
5182905635,5183154450
5183390837,5183935676
5183517807,5183604781
5183812826,5184279295
5183849561,5184237792
5184508550,5184892453
5184605028,5184810728
5184609159,5185049629
5185085380,5185461894
5185740897,5186269603
5186154391,5186669744
5186217143,5186826198
5186700603,5187172898
5186832297,5186859075
5187490337,5187604657
5187544571,5187803416
5187990042,5188503075
5188483356,5188926988
5189594928,5189699484
5189799699,5190074755
5190308474,5190649025
5190330393,5190973556
5191304218,5191563057
5191369739,5191732452
5191375173,5192044544
5192063023,5192392205
5192158334,5193503140
5192362694,5192954315
5192419730,5192975236
5193504920,5193797735
5194993741,5195381042
5195583677,5196164828
5196376915,5197026049
5196519518,5197259880
5197299982,5197815813
5197778328,5198495931
5198366555,5198817336
5199081381,5199793911
5199569043,5200335179
5199851256,5200127199
5200130110,5200883404
5200389556,5200706640
5200582169,5200884478
5200629507,5201083716
5200851642,5201275981
5200851870,5201832070
5201524653,5201853021
5201948643,5202247273
5202728543,5203426298
5203406171,5203846667
5203526996,5204292137
5203668038,5204099574
5204566190,5204948398
5204841154,5204892162
5205301640,5205929296
5205828854,5206661444
5206355674,5206781306
5206421971,5206758474
5206911452,5207398646
5207037348,5207401643
5207867492,5208301255
5207933198,5208336863
5208107024,5208699720
5208221609,5208839936
5209368017,5209785297
5209540888,5209964971
5210815862,5211175336
5212108469,5212776386
5212478682,5212784994
5212613825,5213205252
5213427127,5213763570
5215115941,5215287840
5216176416,5216576311
5217059085,5217679979
5217091272,5217913932
5218328792,5219386203
5219169528,5220142119
5219463740,5219623286
5219818470,5220603152
5220010299,5220644198
5221591309,5222284952
5222170708,5222341778
5223067590,5223514135
5223781807,5224044931
5223792887,5224086111
5224782374,5225394947
5226135926,5226637195
5226187086,5226423318
5227744481,5228048639
5228894206,5229541893
5229018255,5229524394
5230142733,5230571186
5230166751,5230847608
5230174949,5230734265
5230825178,5230855030
5230976995,5231156269
5231499871,5231560292
5231731547,5231825403
5232257578,5232752929
5232286803,5232522851
5232357267,5232742890
5232835296,5233223004
5233027368,5233398718
5233965136,5234405343
5235073425,5235416823
5236233683,5236554873
5236332501,5237389468
5236422247,5236762266
5237375431,5237887967
5237407108,5237871807
5237434986,5238006413
5238986442,5239473967
5239224577,5239646452
5239684859,5239876934
5239717484,5240105643
5239860219,5240215723
5240941465,5241769993
5241869540,5242057526
5242261621,5242764354
5242542143,5243061954
5242908317,5243281476
5243660632,5244047491
5244366560,5244427326
5244511013,5245064713
5244579309,5244749398
5244988249,5245308880
5245401866,5245911716
5246052704,5246408626
5246069657,5246433402
5246441477,5246860162
5248181031,5248822897
5249730000,5250222004
5250586941,5251115481
5250967148,5251814838
5251338571,5251982018
5251776685,5252048151
5251985676,5252579323
5252359757,5252948184
5253219060,5253705477
5253599851,5254245903
5253606826,5254180600
5253759836,5254251254
5255736361,5256245228
5256305063,5256470357
5258720150,5258755064
5258933880,5259510121
5260655049,5261089870
5261798668,5262295999
5262450565,5262666600
5262473878,5262959007
5263165724,5263990673
5263192895,5263638238
5263208050,5263845255
5263357432,5263426139
5264338539,5264878252
5265823231,5270345182
5270240366,5270327657
5271170830,5271447276
5272450269,5272619005
5273975967,5274471326
5274497562,5274999374
5274664525,5275106202
5275157732,5275523448
5275692396,5275959187
5275759692,5276415557
5276077317,5276418853
5276759370,5277247661
5276824155,5276985487
5279620840,5279924115
5280084491,5280527844
5281398927,5281603931
5283270169,5283683951
5283516167,5284121503
5283959542,5284321789
5284644375,5285175672
5285925666,5286342353
5286498037,5286833594
5287856684,5288606290
5288484034,5289046343
5288547468,5288738257
5288918164,5289367302
5289607937,5290038914
5289684191,5290286920
5290042822,5290289341
5290049557,5290700511
5291328086,5291523740
5291437002,5291840697
5291829797,5292366735
5293769371,5294138554
5294103098,5294435792
5294114433,5294561689
5294157790,5294589917
5294422105,5295035712
5294794620,5294861284
5294922258,5295112908
5295478119,5296001488
5295599913,5296127705
5297602131,5297928224
5297677680,5298075242
5297774454,5297816747
5298090700,5298326861
5298981891,5299426879
5299102705,5299380055
5299561106,5299694114
5299698614,5300198402
5299902921,5300577656
5300017277,5300678716
5300642878,5301109202
5301113149,5301478846
5301158058,5301541505
5301274939,5301601017
5301804848,5302245656
5303642961,5304102408
5304169838,5304269051
5304382711,5305178780
5304386746,5305102233
5304577283,5305133227
5304749374,5305603906
5305670273,5305984175
5306783002,5307470566
5307786446,5309049957
5307998614,5308689100
5308059373,5308524934
5310868596,5311292182
5311089001,5311401494
5311299339,5311936119
5312859505,5313337816
5313784933,5314063277
5314458184,5314620359
5315376991,5315843778
5315564106,5315896082
5318147675,5318828778
5318571148,5318727755
5318677279,5319472359
5319665197,5320063099
5319954081,5320646295
5319963845,5320680014
5320045187,5320424439
5321481005,5321830321
5323187292,5323607076
5324152978,5324715019
5325558436,5325940265
5325664968,5326118815
5326572333,5327146808
5326815296,5327091365
5326927045,5327717465
5327165540,5327736012
5327178948,5327640168
5327729805,5327901045
5327761640,5328437903
5328291302,5328675285
5329327854,5329876121
5330979103,5331754081
5330984119,5331606601
5331651481,5332455481
5332880327,5333100088
5335180635,5335590352
5335349810,5336215835
5336399540,5336541921
5336402296,5336588119
5339001198,5340334022
5339360062,5339579186
5339815676,5340359198
5339881899,5340460904
5340082969,5340730336
5340360791,5340680547
5341044503,5341087349
5342096973,5342535318
5342267731,5342923251
5343538829,5343617952
5344060056,5344359963
5344100928,5344484459
5345209565,5345524429
5346062499,5346603283
5346230820,5346807061
5347334932,5347701293
5349281952,5349395504
5349396898,5349608132
5349635378,5350153903
5349983291,5350416758
5352048409,5352488938
5352048850,5352446067
5352335937,5352769177
5352461388,5353526332
5353139409,5353744767
5353986574,5354924172
5354162633,5354763030
5355771890,5355939280
5357038358,5358883328
5358206590,5358475492
5358370593,5358619168
5359407579,5359548472
5360478741,5360768073
5361819522,5362459606
5361848645,5362394012
5362025426,5362265938
5362684646,5362820058
5364573516,5365221187
5364651291,5365244335
5364686622,5365176200
5365361347,5365844319
5365908673,5366364228
5365964292,5366008998
5367443069,5367622251
5367881465,5368378460
5368145648,5368495294
5369541883,5369598204
5370150352,5370578331
5370842841,5370943281
5373166952,5373795468
5373645126,5374230447
5375259534,5375828573
5377644609,5377978200
5378044289,5378616021
5378146518,5378568465
5378719234,5379304302
5378786754,5378847840
5378898015,5379423293
5380714201,5381121720
5380975945,5381604744
5381246315,5381433034
5381499883,5381945746
5382099595,5382642944
5382222960,5382619564
5382420400,5383069684
5382618702,5382855938
5383971768,5384630562
5384692071,5385142613
5385258733,5385768209
5385603381,5385894646
5386905553,5387271784
5387076730,5387540399
5387646160,5388343448
5387697742,5388189783
5388523603,5389059124
5388881217,5389461759
5390065806,5390202596
5390082537,5390737369
5390098063,5390292950
5391430913,5391905505
5392122355,5392211876
5392221632,5392735813
5392384953,5392485126
5392518854,5392766756
5392649568,5392855434
5392848587,5393135568
5394241502,5394493711
5394558156,5395149683
5395855909,5396456648
5396882493,5397557990
5396882933,5396950341
5397223170,5397780142
5397564556,5397913169
5398601022,5399481197
5400629992,5401154597
5401210730,5401329035
5402083968,5402259613
5402452588,5402768734
5402501515,5403000527
5402556816,5403314855
5403266916,5403572403
5403373327,5403898659
5405496456,5405959723
5405517887,5405619407
5406313517,5406696617
5407341786,5407408696
5408081018,5408556794
5408622155,5408910459
5410728053,5411044874
5411344901,5411873630
5411543139,5411789188
5411958018,5412479074
5412864481,5413521056
5413357348,5413952224
5415249220,5416068523
5417135010,5417737090
5417724674,5418204355
5418906429,5419445977
5419605763,5419761313
5419829629,5420883983
5420393100,5420414277
5420512707,5420769532
5420857494,5421168318
5421446224,5422313557
5422317335,5422460563
5422765002,5423146557
5422845924,5423422829
5423920144,5424333600
5425398047,5425986707
5425549291,5426168884
5425688974,5425894007
5426107717,5426456936
5426637364,5427277957
5426768286,5427371792
5427068791,5427467841
5427280353,5427312079
5427487341,5427870308
5427841116,5428094487
5428063984,5428371810
5428258687,5428555814
5428933292,5428994612
5429116721,5429237033
5429552717,5430064472
5430468354,5431051760
5431259509,5431606454
5432187594,5432455708
5432421671,5432686555
5433220173,5433703462
5433574027,5434208612
5433835332,5434442831
5434167953,5434702868
5434777005,5435205927
5435051072,5435214349
5436091717,5436503038
5436226628,5436469055
5436473111,5437155054
5437645833,5438569971
5438303986,5438598490
5439206050,5440238570
5441703980,5442191034
5443181177,5443723672
5444990039,5445493516
5445194230,5445324977
5445383322,5446227512
5446612913,5446895624
5446980730,5447174120
5447207534,5447760369
5447472091,5447888112
5447889414,5448309227
5448411219,5448463783
5448972185,5449312971
5449522804,5449881884
5449730192,5450367332
5449902902,5450384923
5450738070,5451699566
5451082023,5451232002
5451775813,5451793716
5452796408,5453414467
5452851590,5453087136
5452859674,5453483061
5453485594,5453534595
5453823609,5454238929
5453851757,5454233215
5453874475,5454146574
5454299204,5454708806
5454336657,5455432550
5455247757,5455591364
5455340265,5455734625
5455702362,5456031815
5455795947,5455984975
5457301495,5457548049
5458543899,5460104818
5459750238,5460951671
5460032792,5460496067
5463945659,5464124150
5464632197,5471109038
5465233773,5465781311
5472529890,5473233654
5474168216,5474660361
5474184896,5474722125
5474521458,5475501242
5474617407,5475180559
5474984771,5475303857
5475774383,5476011166
5476017054,5476861902
5476041617,5476506989
5477209221,5477902546
5477428585,5478307533
5477481508,5478449177
5480052300,5480182072
5480680323,5481435510
5481805496,5481833036
5482176810,5482351290
5484909374,5485305826
5486172442,5486311187
5487356070,5487724724
5488785292,5489287161
5488840950,5489314909
5489753428,5490741678
5490203703,5490585004
5490611912,5491265613
5491069224,5491330328
5491158155,5491623961
5493289598,5493563433
5493588651,5494096530
5494237880,5494982214
5494923611,5495477975
5495091843,5495694346
5495106677,5495488886
5496337426,5496847509
5496692127,5497310968
5496964664,5497282699
5498110610,5498756508
5499702272,5499868419
5499883339,5500061870
5499921657,5500435078
5500211953,5500794514
5500487913,5501020241
5500969160,5501544797
5501085370,5501518280
5501372534,5501619157
5502527903,5502838650
5503013369,5503262325
5503171096,5503541350
5503259270,5503732081
5503286166,5503734441
5503465781,5504043034
5506071954,5506457441
5506245191,5506543457
5506672766,5506927853
5507625689,5508187851
5509522555,5509674943
5509657528,5509879509
5509768554,5510363807
5509772627,5509925866
5510209183,5510632564
5511022176,5511219328
5512159522,5512745928
5513116948,5513669434
5513766564,5514335149
5518001946,5518340984
5518242196,5518434552
5518491009,5518695471
5518686177,5518719687
5519283201,5519839249
5519511660,5519588647
5519759793,5519870796
5519794731,5520235255
5519967704,5520149656
5520174231,5520541477
5520682881,5520995562
5523303169,5523807791
5523504643,5523671988
5523551790,5523807268
5524175781,5524880035
5525301282,5525600896
5525862955,5526469296
5525863884,5526449547
5526362609,5527023184
5527262138,5528115616
5527588160,5528006301
5528215049,5528810102
5528576592,5528871802
5528891959,5529537348
5529266890,5529773788
5529620326,5530364800
5530093097,5530449648
5530355644,5530617716
5530528263,5530816344
5530979545,5531538751
5531196191,5531378604
5531384635,5531654789
5531976391,5532352811
5532467937,5532982233
5532615268,5533224325
5532998585,5533619366
5535957001,5536293546
5536293494,5536715776
5536340569,5536845412
5537109573,5537331173
5537612151,5538102126
5538000454,5538559130
5538615789,5538800780
5538901475,5539236285
5539666009,5539699031
5540641815,5541315272
5540721749,5541170463
5541497068,5542005717
5541550164,5541845508
5541710032,5542242655
5543199007,5544567611
5543707872,5544381724
5545414103,5545769637
5545655400,5546099836
5545891250,5546497036
5546293370,5546676668
5546350312,5547265193
5546858000,5547026931
5547674780,5547734682
5547854897,5548292470
5547919523,5548499128
5548260679,5548636328
5548334239,5548910110
5548387310,5548606004
5548487251,5548820754
5548997606,5549166065
5549157332,5549245028
5549881603,5550392408
5550128468,5550526119
5550315692,5550651095
5550389666,5550899878
5551601555,5551834395
5551688743,5551961884
5552057807,5552896112
5552205144,5552669143
5552570287,5552856857
5552645669,5553430620
5554017529,5554485356
5556054141,5556580842
5556804194,5557501746
5557140988,5557360283
5557396749,5557786926
5557490098,5558081373
5558498299,5558850941
5558609475,5558891100
5558904373,5559398522
5558939286,5559782395
5560047216,5560318410
5560915161,5560962863
5561009965,5561137291
5561917859,5562601106
5562491303,5563062701
5564608834,5565494577
5564653210,5565409990
5565002681,5565549864
5565507183,5566152717
5565665211,5566445272
5566514533,5566770758
5566713310,5567016872
5566815243,5567789445
5567242501,5567911729
5569869179,5569931632
5570506550,5571509070
5570544586,5570930845
5571138006,5571423750
5571499429,5572106966
5571649370,5572286175
5572235045,5572814525
5573123526,5573446579
5573167195,5573707946
5574105552,5574461767
5574124177,5574663999
5574830931,5575469142
5575740351,5576208301
5576201448,5576518625
5576674490,5576746324
5577043423,5577398098
5577709211,5577979275
5577978769,5578024461
5578129034,5578579951
5578431817,5578723141
5579109949,5579250105
5579488316,5580266287
5579722802,5580012893
5580002577,5580076479
5580285058,5580658197
5580641764,5581161292
5580770053,5580916566
5581134823,5581440150
5582676754,5583885136
5583034423,5583575468
5583121942,5583312072
5583175141,5583272792
5583599793,5583849466
5584123681,5584801359
5584397416,5584601532
5584728349,5585022557
5586301335,5586969192
5587356323,5587817049
5589969055,5590096242
5590460098,5590658694
5591621492,5591941822
5591626265,5592117209
5592570515,5592690714
5592820706,5593702555
5593585277,5594320845
5593675494,5593916516
5594196228,5594570175
5594335916,5594640225
5594605112,5595596000
5595131934,5595612066
5595389083,5595993556
5595768815,5596308355
5596143252,5596546423
5596895976,5597461447
5597187547,5597857890
5597672568,5598161737
5598067396,5598585842
5598283993,5598848464
5599391326,5600077084
5600149194,5600418309
5600266311,5600739061
5600294479,5600792920
5600320137,5600519357
5600725074,5601369732
5601744746,5602097072
5602832649,5603626581
5602909178,5603351697
5602929368,5603841235
5603641112,5604150409
5604008862,5604423984
5607815827,5608429584
5608936256,5609172773
5609140473,5609708003
5609585659,5610178251
5610094087,5610619358
5610742780,5611080608
5611246456,5611692657
5611799972,5611933501
5612156533,5612379763
5612419194,5612796261
5612429089,5613025523
5613174575,5614378671
5613295516,5614404854
5614186459,5614738344
5614423282,5614684520
5615140716,5615602958
5615190406,5615609176
5616555002,5616934194
5616572705,5616971717
5618190407,5618711485
5618850311,5619456469
5619857756,5620662974
5620971726,5621890567
5621695220,5622101731
5623727071,5624227203
5623866357,5624589715
5624405064,5624926679
5625068900,5625497577
5625152231,5625309053
5625470798,5626059721
5626395385,5627039943
5627410111,5628319029
5628358787,5628570824
5629992039,5630600903
5630082864,5630426723
5631609157,5632141320
5632455806,5633138181
5632477031,5632814906
5633438800,5635741322
5633930066,5634189413
5635174608,5635567538
5638744246,5638836681
5639399571,5639853109
5641431721,5641701682
5641890577,5642146415
5642749715,5643266533
5643581481,5644804024
5645801674,5646053520
5645921758,5646979520
5645933797,5646090535
5647014972,5647694908
5649430486,5650138586
5650649888,5650908361
5650909762,5651492925
5651735396,5651870989
5652628545,5652925117
5653307172,5653770088
5653777307,5654325611
5653990241,5654402471
5654415310,5654633006
5656326266,5656994834
5656855594,5657218208
5657490784,5658168110
5659231640,5659679785
5659500174,5659991628
5660492190,5660879567
5662651859,5663092712
5662842744,5663125726
5663160603,5663398238
5663219438,5663713785
5664458362,5664818658
5664813081,5665601294
5665603277,5665863340
5665934800,5666369184
5666083307,5666388264
5667511199,5668046906
5669096588,5669577640
5669741653,5670230203
5670100640,5670418493
5670986505,5671400671
5671247769,5671687101
5671502215,5671888236
5672511791,5672867818
5672754973,5673564753
5672873325,5673246900
5673027803,5673483012
5673465362,5673533376
5673497618,5674081052
5673586814,5673654721
5674180190,5674470841
5674199872,5674321580
5674329132,5674688700
5674566698,5674674379
5674816312,5675541836
5675299484,5675671982
5675341843,5675648364
5676383706,5676854165
5676819761,5677146596
5676824131,5677221058
5678311732,5678348780
5679057088,5679247910
5680720055,5681634822
5681024672,5681506865
5681744780,5682116244
5682073340,5682838880
5682512941,5682701259
5683654986,5684525059
5683656166,5684117974
5684423928,5684852766
5684562400,5685062999
5684871348,5685039899
5685048917,5685065058
5685071552,5685137936
5685314801,5685608700
5686662787,5686989529
5686822878,5687329563
5686914776,5686980533
5686984864,5687470537
5687773306,5688189478
5688696220,5689158150
5688698057,5688824572
5689282617,5689668355
5689683198,5689709625
5689863582,5690297031
5690241620,5690673390
5690272102,5690779214
5690718103,5691286799
5691855507,5692350648
5692309319,5692460274
5692577927,5693015423
5693064202,5693275924
5693075761,5693604686
5693297990,5693482098
5693716397,5694071381
5694125642,5694618096
5694126972,5694511732
5694246214,5694758435
5694439334,5695098525
5694830239,5695210497
5695077430,5695596115
5695878446,5696271868
5696777908,5697097697
5696935028,5697337755
5696994024,5697552750
5697007821,5697320993
5697234052,5697265954
5697804215,5698277285
5698057162,5698458972
5698583067,5701863526
5702313274,5702372484
5702464647,5702835280
5702971344,5703554162
5703211780,5703831444
5703851833,5704551031
5704033636,5704378502
5705129031,5705435349
5705538344,5705635771
5705831275,5706235715
5706159259,5706622386
5706352794,5706762695
5706549961,5706814223
5708120687,5708279399
5708138264,5708682213
5708463056,5709031285
5711601954,5711800450
5711800094,5712190283
5713031630,5713576796
5713605756,5714063437
5715905050,5716710276
5716542052,5716888309
5717202823,5717996343
5717313891,5717774622
5721822752,5722221866
5722422590,5722723976
5722769311,5724764194
5724267050,5725090087
5725900254,5726404558
5726460200,5726976042
5726550905,5726780126
5726933616,5727100409
5727049527,5727184558
5727456379,5727952342
5729817510,5730496723
5730168001,5730559324
5730418781,5730788493
5730787507,5731401739
5731236598,5731831897
5731865907,5732007728
5732057077,5732404381
5732154982,5732829756
5733291074,5733628606
5733498787,5734069726
5733642012,5734689292
5734025326,5734537948
5734680923,5734922258
5735307694,5735495783
5735354157,5735697039
5737439612,5737914931
5739224432,5740157148
5739337662,5740023040
5739971687,5740077748
5740398527,5740624781
5741100020,5741359602
5741260234,5741746956
5741731031,5742306876
5742679952,5742821394
5743803219,5744384736
5743833700,5744365176
5745391221,5745621235
5745578249,5746261128
5746447405,5746930569
5747399622,5747592537
5747961865,5748076394
5748108966,5748492841
5748109161,5748572642
5749121454,5749415843
5749151491,5749706567
5749194203,5749374145
5749337132,5749620238
5750097050,5750411711
5750426022,5751021941
5750690802,5751171158
5751795581,5751865210
5751882573,5751993635
5752152325,5752561207
5752722685,5753039627
5752766212,5753371527
5753199008,5753775007
5753736768,5754685775
5755268617,5755564298
5755268626,5755825197
5756021073,5756427094
5756055332,5756194378
5756296670,5756825135
5757846925,5758384025
5759009722,5760325581
5759561141,5762164508
5759899476,5761369015
5761748974,5762391106
5763015693,5763530958
5763056235,5763217249
5763997321,5764727352
5764390634,5764438812
5764451741,5764603131
5764531244,5765077183
5765174250,5765549635
5765574536,5766054139
5766127568,5766745174
5766468554,5767170439
5767269221,5767309301
5768143391,5769043864
5768175303,5769097678
5769007235,5769405598
5769595775,5770012202
5770222632,5770512584
5770373067,5770965093
5771259134,5771780651
5771456377,5772076171
5771602008,5771824155
5772745120,5773403128
5772786755,5773245033
5773005472,5773374602
5773192178,5773555394
5773589176,5774013692
5773935257,5774180654
5774294709,5774565665
5774379853,5774799254
5774457112,5774952511
5774572348,5775279569
5777058288,5777862980
5777318330,5777608678
5777645672,5778347055
5777918838,5778315816
5777984773,5778781409
5778517109,5779012347
5778591075,5779608434
5779636890,5779818159
5780579455,5780825558
5780866583,5781540970
5781711916,5782085251
5782276854,5782706464
5782570335,5783198396
5783214657,5783637821
5783765394,5784402915
5784377444,5784727720
5784564135,5785195442
5785352325,5785607942
5785641362,5786243055
5786712215,5787235929
5787519112,5788077321
5787668226,5787684641
5787718055,5787861966
5789538122,5790222738
5790629338,5791361888
5791192513,5791573191
5791842980,5792458785
5793413734,5794013591
5793791528,5794091583
5794411635,5794679959
5794675429,5794836348
5794713782,5794901880
5794822670,5795425619
5795683935,5796553660
5796897308,5797440512
5798873062,5799160518
5799248957,5799503855
5800036011,5800209998
5800448209,5801005492
5800712576,5801333785
5801135109,5801595356
5801507092,5802045237
5802572528,5802785016
5803194968,5803691895
5803384682,5803563554
5804720321,5805009603
5805348606,5805754690
5805482414,5805976973
5806615070,5806763478
5806634426,5807309988
5806674207,5806839958
5806794999,5807243599
5807116251,5807484755
5808520936,5808895901
5809604280,5809779110
5810238314,5810478296
5810422730,5810978153
5810896633,5811353002
5811354816,5811575135
5811389738,5811651160
5812210377,5812646590
5813499316,5813725948
5815852445,5816465548
5816024669,5816452134
5816223409,5816602999
5816504040,5817040935
5816873946,5817324729
5817097099,5817700975
5817870629,5818495025
5818480176,5818839101
5819238258,5820290480
5819944011,5820065899
5820547344,5820646217
5820595800,5821084572
5821446182,5821589082
5822163688,5822445032
5822387603,5822807214
5822928910,5823465933
5823125853,5823501552
5823876416,5824296254
5824773327,5825953458
5825010113,5825337043
5826568963,5827063346
5826607111,5826899166
5826911391,5827010316
5827087567,5827235493
5829607501,5830079279
5829910462,5830654486
5830301964,5830363901
5830303040,5830559873
5831332601,5832037843
5832140583,5832494627
5832318083,5832747492
5832512035,5832715812
5833538539,5834064515
5833589620,5833796967
5833914553,5834474221
5835181432,5835367336
5835851741,5836221958
5836926371,5837004007
5837661760,5838339164
5837897142,5838963891
5837966029,5838686070
5839407219,5839753331
5839531975,5839841900
5839575615,5840235897
5839755975,5839838917
5839893071,5840322067
5841048046,5841080399
5842389683,5842908528
5843539228,5843886284
5844495136,5845183439
5844546007,5844985880
5844936879,5845375078
5845302067,5845795076
5848873875,5849115119
5849968100,5850966778
5850046144,5851062110
5850242218,5851153677
5852703964,5853247292
5853371927,5854023599
5853902816,5854487608
5853980775,5854327423
5854562322,5854787204
5855291119,5855522504
5856404123,5857355499
5856656003,5857033784
5857157805,5857550446
5858361631,5858537385
5858491361,5858512878
5860155535,5861640601
5860636693,5861211198
5862264505,5862820502
5862485074,5862997733
5862567918,5863072132
5864787120,5865171393
5865036305,5866482611
5865489030,5865912168
5865823787,5866139583
5865952240,5867019933
5866553801,5866902759
5866812695,5867501980
5867434162,5867609830
5868875476,5869039943
5868876013,5869420519
5869114218,5869583324
5869389928,5869867972
5869700736,5870460482
5869803944,5870456232
5869926262,5870363357
5870318390,5871461873
5871478260,5871736693
5871859367,5872357387
5873644800,5875308270
5873824783,5874063408
5873848911,5874166587
5873852164,5873926110
5873878661,5874358403
5875368943,5875485584
5875492902,5875990453
5875795161,5876332222
5877432913,5878073015
5877553116,5877934651
5877945056,5878398743
5878119971,5878373263
5878390910,5879018144
5879922149,5880667299
5881204153,5881461054
5882056507,5882200179
5882258060,5882491653
5883203254,5883614360
5883343580,5884088927
5883397495,5884106552
5885099793,5885561989
5885352431,5885520881
5886828157,5887467348
5886932110,5887155616
5887810794,5888223960
5888431255,5888881941
5889492161,5889790890
5890883537,5891481613
5891820702,5892863162
5891826207,5892765983
5892042919,5892653630
5892063494,5892591418
5893837386,5893976240
5894481268,5894905504
5895055762,5895699785
5895176371,5895571811
5896492753,5896794142
5897228409,5897633940
5897910542,5898244236
5898073630,5898820128
5898118935,5898973644
5898931194,5899242576
5899234035,5899561021
5899532664,5899826846
5899895981,5900025214
5901270188,5901614463
5902477252,5902912282
5902558480,5903062950
5903352046,5903456007
5905362682,5906125165
5905871789,5906411229
5907020223,5907247706
5907697323,5908635942
5908054798,5908524769
5908544234,5908677736
5908774202,5909600740
5909290150,5909499593
5910668976,5911029230
5911676860,5912147682
5912083531,5912927398
5912097573,5912747417
5913945530,5914459862
5914494249,5914796707
5914642683,5915156059
5915471490,5915805972
5915696209,5916237086
5915707147,5916427526
5919118492,5919246479
5919518934,5920107436
5919690122,5920353148
5920413680,5920960540
5920805132,5921458634
5920972741,5921626353
5921587235,5922241470
5921723824,5922108764
5922477178,5923311308
5923717801,5924287973
5923928240,5924563945
5924220957,5924385008
5924569069,5924991328
5926400803,5926803947
5926832624,5927240246
5927022452,5927251044
5927226027,5927588280
5927544882,5927978097
5928074506,5928391366
5928562878,5928738929
5928786895,5929236160
5929216834,5929786211
5929319957,5929883773
5929463436,5929983837
5930013184,5930409111
5930751607,5931250101
5930841955,5931218219
5931960795,5932598038
5932100085,5932354814
5932861388,5933944280
5933284931,5933509198
5933579832,5934354464
5934018180,5934380509
5934054101,5934380711
5934231514,5934703450
5934373852,5935273464
5934375512,5935148957
5936103272,5936327280
5936512827,5937050632
5937403890,5941958572
5937450579,5941814997
5941657171,5942887537
5942449170,5942604837
5942632578,5943672254
5942949872,5943621852
5943626882,5944591175
5944118173,5944614254
5944763097,5945044763
5945605656,5946287876
5945822728,5946079545
5946092039,5946430908
5946442543,5947006992
5947581412,5948117821
5947701119,5948249987
5947910081,5948411668
5948414434,5949004872
5949244482,5949924742
5950635718,5951311670
5950696217,5951020200
5950735510,5951074920
5951032640,5951238733
5951297982,5951980359
5952330220,5952922339
5952471057,5952618604
5952609734,5953038377
5953244190,5953431252
5953330204,5953786680
5953432277,5953997089
5953590935,5954243797
5953815913,5954264344
5953930714,5954400037
5954081742,5954481590
5954156335,5954431404
5954507620,5955176858
5954714842,5955640320
5955457325,5955936164
5955514193,5955566629
5955568004,5955739191
5956286935,5956606101
5956343495,5956415700
5956535266,5957117740
5957290426,5957429395
5957842470,5958385510
5959600041,5960357479
5960208209,5961146313
5960431471,5961165899
5960721728,5961172418
5961566642,5962153976
5961783192,5962334073
5964019855,5964113247
5964541301,5964721829
5965786609,5966121980
5965883337,5966621173
5966517539,5966842514
5966645741,5967409592
5966717347,5967270388
5966909269,5967219358
5967747956,5968417323
5968733764,5969108946
5970107970,5970429638
5970129708,5970674418
5970261660,5970604884
5971041737,5971356182
5973018224,5973486683
5973597497,5974152158
5973621345,5974360153
5976360119,5976835401
5977620749,5977770854
5977931577,5978543166
5978269848,5979699450
5978873224,5979612900
5979121651,5979471637
5979558120,5980240801
5979722497,5980277857
5980606897,5981182091
5980678554,5980941549
5980750502,5981179989
5981731848,5982135121
5981856224,5982273119
5982124438,5982552897
5983242382,5983389017
5983650569,5984327742
5984471527,5984746540
5985132313,5985360795
5985217429,5985648420
5985275063,5985634680
5986596340,5987553060
5987163796,5987322135
5987422564,5987942900
5987545112,5988866220
5988566225,5989568249
5989397622,5990270137
5990418745,5990625013
5990617238,5991056539
5990697834,5991230323
5991349384,5991444507
5991837690,5992674750
5992719745,5993235972
5992818947,5992933509
5994138631,5994852782
5994553449,5994863087
5994977518,5995300338
5996602331,5997608028
5997746777,5998643942
5998218053,5998653757
5998428629,5998744591
5998511455,5998533009
5998671511,5999606352
5999339057,6000039432
5999569063,5999822120
6000734854,6001323711
6000785802,6001150669
6000804106,6001278542
6002482219,6003391429
6003116863,6003684686
6003778560,6004154035
6004208072,6004413844
6006209869,6006570405
6006568454,6007190721
6006953381,6008677832
6006998127,6008035823
6007440574,6007664595
6007546189,6008557863
6007591560,6008635164
6008353283,6009307526
6009435149,6009656257
6009579765,6009873816
6009664450,6010103004
6009731537,6010086299
6010126123,6010297591
6010663019,6010871959
6010728902,6010893108
6011306792,6011955821
6011740497,6012621992
6012409258,6015560842
6014837900,6015242835
6016450612,6016898257
6017409889,6018037636
6018390864,6018867949
6018917167,6019435367
6019552810,6020087527
6019768642,6020037059
6019949100,6020371832
6020134709,6020605213
6021539681,6021612168
6021544205,6021905453
6021969954,6022397448
6022082113,6022330746
6022084209,6022396332
6022457642,6022968301
6024211399,6024544363
6025000087,6025360837
6025124877,6025695648
6025232541,6025593582
6025439837,6025711628
6025709816,6026445074
6025743407,6026233601
6026788237,6027315682
6026874637,6027439261
6026969152,6027493439
6026995821,6027522130
6027149065,6027205842
6027319962,6027519336
6027533259,6027825004
6029277611,6029568585
6029516629,6030500761
6029576543,6030501463
6030086158,6033590912
6030336652,6030812879
6031055422,6031411726
6031066227,6031460943
6031374485,6031523024
6031478543,6031751431
6031984995,6032559937
6032337271,6034926530
6032541790,6033050893
6032591017,6032879357
6032864473,6033543244
6033188275,6033521519
6034844305,6035391934
6035118752,6035606274
6036143976,6036383827
6037174824,6038371821
6037269624,6038266766
6037529120,6037962812
6037577491,6038075678
6039466802,6040032464
6039846092,6040235613
6040047156,6041711790
6040494525,6040557904
6041498437,6041968119
6041956374,6042779789
6042709482,6043544277
6043639185,6044499225
6045470084,6045747287
6045619419,6046240585
6048857466,6048971867
6049518040,6050341913
6050204590,6050708988
6050689857,6051170737
6051156862,6051687652
6051317427,6051667720
6051669207,6052404981
6053964168,6054109869
6054144630,6054587031
6054189576,6054645814
6054620683,6054684230
6056439774,6056746226
6056502079,6056727290
6057530321,6057969825
6057614032,6057979389
6058114488,6058486252
6060339310,6060817757
6060915138,6061128962
6061024693,6061550599
6061689409,6062034896
6062389060,6062944959
6062939528,6063347809
6063176083,6064135123
6063374759,6064051577
6064540090,6065105524
6065856050,6066500217
6066245636,6067438048
6067992542,6068505224
6069498733,6070085371
6069570116,6070327454
6070831230,6071427803
6071092125,6071628400
6071905600,6072161609
6074024940,6074342789
6074350932,6074411533
6074583778,6075434095
6075456901,6075549993
6076658947,6076715500
6077039597,6077439998
6077482455,6077978096
6078031010,6078311035
6078662667,6078894967
6078954626,6079556815
6079640973,6080100254
6080691269,6081205850
6081615968,6082461479
6083868578,6084747155
6086088274,6086340426
6086121760,6086301770
6086614600,6087022041
6087378768,6087715513
6088125752,6088619357
6088333694,6088350678
6090249070,6090942856
6091509515,6091817946
6091540718,6091792481
6091598644,6091897427
6091981370,6092741143
6092022327,6092425904
6092058042,6092666742
6093246115,6093911033
6094429494,6094712395
6094527999,6094915892
6094605996,6094967997
6094861277,6095210158
6094873808,6095618634
6094936410,6095424719
6094956945,6095174739
6095100411,6095565588
6095143715,6095461013
6095249037,6095563698
6096095153,6096371809
6098247777,6098488864
6098644852,6098730341
6099185503,6099768748
6099226660,6099565914
6099883628,6099984301
6099985437,6100060624
6100131470,6100698434
6100567792,6100604329
6100701515,6101262973
6101515405,6101812176
6101853100,6101919528
6102069752,6102316096
6102326428,6102679954
6102476854,6102714571
6102504196,6103080655
6102614547,6102789307
6104064469,6104583496
6104749802,6105364114
6105284686,6105751166
6106529376,6106638269
6106903529,6107548737
6107305774,6107387715
6107819026,6108413420
6108342144,6108490357
6108660734,6109066570
6108720734,6109672202
6109448369,6110007572
6109777508,6110309509
6110715279,6111279050
6111010491,6111462299
6111710920,6111904904
6111774519,6112065307
6111853838,6112015206
6112760947,6113086049
6112925022,6113316162
6113429792,6113862816
6113442014,6113582444
6113683248,6114895399
6113703818,6113957216
6113857972,6114399432
6114309530,6114754190
6114989979,6115375790
6116407382,6117124381
6116606663,6117143115
6117625023,6118058609
6117827072,6118283757
6119701930,6120406269
6122318986,6122857757
6122366018,6122792063
6123486571,6123926412
6123639651,6124635473
6125230854,6126144493
6125942320,6125997363
6126188650,6126680842
6126352802,6126705562
6126389340,6126471346
6126772635,6126918614
6127029369,6127578578
6127535617,6128033833
6129193600,6129670187
6131378898,6131703752
6131930749,6132214294
6131980303,6133571793
6132736974,6133032240
6132907681,6133182218
6133186236,6133871361
6133261064,6133665884
6134249497,6134317843
6134814987,6134964624
6135069606,6135491957
6136838004,6137223837
6136960104,6137339349
6138653708,6138902197
6138980787,6139525873
6139589193,6140299886
6140711208,6141222468
6140991312,6141180202
6141138204,6141324138
6141251389,6141674991
6141454154,6142493631
6141463168,6141739192
6142174630,6142382915
6142524405,6142958598
6143164749,6143791617
6144077309,6144540907
6144372552,6145474715
6144974118,6145465872
6145360829,6146032693
6146847921,6147517530
6146927009,6147332856
6146993993,6147810836
6147353954,6147774365
6147595075,6147867226
6147899164,6148201872
6148203395,6148848810
6148488085,6149057103
6150328427,6150858274
6150430653,6151010191
6151073411,6151616695
6151149462,6151713665
6151231569,6152207772
6151719349,6152422472
6152041883,6152557966
6152379011,6152626605
6152387405,6152997680
6153052912,6153383572
6153069764,6153166270
6153193241,6153633794
6153608763,6153992369
6153754984,6154155277
6153967200,6154375835
6154192386,6154767586
6154219111,6154582633
6154731732,6155085141
6155006073,6155349600
6155619224,6156143543
6157106076,6157454298
6157532796,6158173996
6158554008,6158964098
6158578685,6159631025
6159003319,6159258235
6159406946,6159903711
6159691025,6160165127
6159725125,6160233639
6160340299,6160984219
6160724984,6161090237
6161303053,6161859196
6161896543,6162237385
6161936927,6162368663
6162621265,6163218360
6163321757,6163644520
6163606834,6164248964
6163643073,6163987686
6163928937,6164373682
6164115966,6164431267
6164705976,6165092846
6165767869,6166127786
6166443814,6166935142
6166985422,6167467960
6167234865,6167358246
6168050338,6168432793
6169388021,6169590864
6169471690,6169511412
6169601689,6169868904
6169770119,6170342373
6171214576,6171860186
6171866355,6172263744
6174047659,6174410138
6174622877,6175327294
6174802422,6176941427
6175760800,6176313516
6176523644,6177039164
6176751703,6177152048
6176894020,6177456824
6178094668,6178689703
6178431658,6178583557
6178480763,6178581576
6178621632,6179022822
6178681522,6179616302
6181136597,6181171479
6181481062,6181850165
6181551334,6181690671
6181798749,6182447834
6182080365,6182323925
6182310997,6182425523
6182992620,6183222317
6183158926,6183570499
6183723144,6184203459
6183871048,6184266043
6184996012,6185533977
6185105506,6185793111
6185707163,6186098943
6185938741,6187187475
6186845668,6188908730
6188662090,6189019771
6189341265,6189905366
6189942630,6190922516
6190708070,6191232878
6192041565,6192864824
6192201978,6192677786
6192307197,6192804023
6193055255,6193682498
6194006012,6194420151
6195277897,6195714051
6196294413,6196889350
6196467512,6196896357
6197146399,6197276648
6197667410,6197919103
6199537015,6199902546
6200076907,6200356785
6201154430,6201385397
6202985281,6203234404
6204422415,6204827820
6205902508,6206242320
6206336652,6206721677
6206782370,6206826808
6206866009,6207197696
6206936589,6207245736
6207935918,6208110643
6208043412,6208654623
6208784703,6208943686
6209062522,6209511956
6209605449,6210030015
6210231030,6210510394
6210309898,6210999952
6210725392,6211049079
6211280942,6211520559
6211560634,6212007772
6212034973,6212989490
6212568534,6212875370
6213259676,6213377669
6213282362,6213670529
6213321446,6213946482
6213917071,6214280033
6214904846,6215009864
6214987777,6215441786
6215753647,6216050877
6216170620,6216681764
6216179086,6216379663
6216299194,6216823529
6216826655,6216992901
6217277593,6217821310
6218301540,6218878758
6218494494,6218611401
6219310170,6219713043
6219913330,6220169936
6220155340,6220637266
6220379187,6221222541
6221563528,6221841174
6222053149,6222762227
6223079059,6223994657
6223927664,6224574247
6226090289,6226960394
6232684996,6233875604
6232705928,6233862645
6234186343,6234875858
6234415286,6234488397
6234493530,6235040783
6234902026,6235469273
6235200924,6236264117
6235340563,6235883640
6235891353,6236441636
6237178869,6237581465
6237544902,6237965969
6237656947,6238336203
6240633702,6241522983
6240951351,6241243012
6240996348,6241817092
6241170329,6241690648
6241889837,6242186263
6242587240,6243132856
6244260904,6245093790
6244433256,6245323252
6244793672,6245305502
6245260537,6245548601
6245326058,6245704060
6245736364,6247050237
6245823874,6246011460
6246027061,6246684871
6246170105,6246677193
6246250454,6246417394
6247210053,6247310529
6249775168,6250120031
6249865282,6250165342
6251140297,6251327833
6251515283,6252136245
6251693889,6252804104
6252121590,6252357867
6253551731,6253916150
6253881264,6254130196
6254199039,6254589762
6254810907,6255046291
6255154191,6255743562
6256308468,6256357631
6256336473,6256786007
6256430626,6256961252
6256572253,6256668681
6256631069,6256907111
6256898256,6257485355
6257020031,6257174271
6257296824,6257449719
6257421153,6257951158
6257682343,6258028146
6258181007,6258599820
6259259895,6259542414
6260326693,6260695368
6260474263,6260594955
6261627156,6262058173
6262592218,6262748889
6264340070,6264397993
6264559550,6264902871
6266712607,6267061694
6266834654,6267461755
6267381856,6267656070
6267518998,6267568163
6267648543,6267721516
6267860203,6268555282
6268072047,6269290408
6268887221,6270419001
6269031204,6269474197
6269179667,6269600189
6269737275,6269948694
6270421822,6270819737
6271619499,6272017391
6272060043,6272369153
6272214934,6272427326
6272505046,6273089333
6272654250,6273111290
6273755025,6273877074
6273926782,6274250302
6273934298,6274092139
6274472615,6275344911
6274491307,6274872619
6276810367,6277806969
6277128711,6277512491
6277437470,6278503619
6277515047,6278408304
6279272040,6279672070
6279678186,6280315917
6280148869,6280705294
6281513478,6282454176
6282279723,6282907823
6282282797,6282483079
6284064699,6284134292
6284121380,6284563634
6284160618,6284688517
6284874900,6285119696
6284974278,6285359124
6285895879,6286234873
6286151937,6286481652
6288683986,6288928694
6289416818,6290205672
6290737949,6291264502
6291046016,6291853123
6291594953,6291841627
6291914512,6292421503
6292674458,6293456169
6292801414,6293115992
6292891783,6293093222
6293364808,6293609887
6293463039,6293649445
6294604742,6295196675
6295793973,6296402901
6296485557,6296982148
6296996184,6297464748
6297353490,6297532889
6298338910,6298843743
6298498554,6299305256
6298507765,6298968551
6298678549,6299051056
6298906284,6298980180
6299741503,6300034173
6299859164,6300686042
6299974054,6300628952
6300638359,6301124171
6300958494,6301742530
6301610321,6302190493
6302179100,6302352252
6302359086,6302580699
6302708199,6303360613
6303867024,6304468712
6304607467,6305115820
6304805116,6305333707
6304976689,6305547872
6305153605,6305280379
6305213402,6305510633
6305347281,6305468321
6306213981,6306840132
6306431388,6306768820
6306828948,6307115548
6307984655,6308328530
6308008267,6308388037
6308126010,6308756428
6308333511,6308744056
6309274763,6309596042
6309328881,6310035877
6310098768,6310311656
6310104812,6310209715
6310152660,6310615173
6311477581,6312021208
6312200914,6312483074
6312813631,6313284821
6313712346,6313987023
6313802498,6314188541
6314227123,6314501086
6314441706,6314650180
6314445546,6314682412
6314478118,6314677833
6317112271,6317711871
6317753106,6317861026
6318651516,6318886604
6320695937,6321056676
6321092142,6321269562
6322468326,6322795076
6322822386,6323240627
6323168949,6323206975
6324168389,6324507022
6324449837,6324937634
6324575591,6324771321
6324685104,6325206752
6325480419,6325684544
6325849592,6326518091
6326766411,6327267032
6326904901,6327622036
6328063750,6328821641
6329333798,6329645397
6330103028,6330393229
6330310580,6330903989
6330827363,6331174535
6331994298,6332582312
6332125107,6332473716
6332387912,6332821844
6334225136,6334363435
6335811749,6337933205
6336604624,6336858307
6336746299,6338547982
6336957923,6337072352
6337622987,6338140063
6338721137,6339371933
6339519066,6339893113
6339902838,6340867732
6340030676,6340354871
6340340496,6341130663
6340443868,6341469144
6340821788,6341139616
6342141258,6342565716
6343069703,6343795811
6343923530,6344443407
6344007713,6344621392
6344537680,6344890194
6345301910,6345566974
6345758111,6346106078
6347000898,6347573545
6347658423,6348393157
6348403950,6348564234
6348765771,6349189780
6348803989,6350221362
6348837706,6349376922
6350741044,6351330535
6351332886,6351632606
6351505233,6351799141
6352364583,6352908699
6353379364,6353821975
6357133770,6357524641
6358804564,6359408633
6358848936,6359472279
6359461607,6359794786
6359951070,6360240634
6360778017,6361336128
6361946903,6362434640
6361989086,6362310874
6364001444,6364511666
6364516851,6365307000
6364841653,6365126312
6365363637,6365972435
6366312233,6366481499
6366467332,6367146620
6366698391,6367028699
6366864503,6367354332
6367699423,6368108699
6368795431,6369166066
6368849770,6369164249
6369148838,6369555984
6370636840,6371049948
6372258946,6372604724
6373822793,6374239478
6375568216,6376112968
6375740658,6375992892
6375979404,6376494789
6375994930,6376214084
6376980512,6377593554
6377505410,6377982607
6378335502,6379083457
6379101789,6379688366
6379759352,6380354004
6380992030,6381331556
6381346946,6381690225
6383250521,6383788072
6384259860,6385007221
6384274179,6384875505
6385842480,6386519023
6385891528,6386172041
6387227150,6387722171
6387379762,6387664940
6387728560,6388408967
6388911128,6389430328
6389136065,6389457000
6389388115,6389991021
6389405071,6389773313
6390018265,6390098989
6390281400,6390798674
6390749659,6391165636
6391187625,6391969543
6391432715,6392370334
6391898797,6392763435
6392380157,6392452979
6392502962,6392783155
6393204810,6393654017
6393328790,6393532295
6394535021,6394628276
6394623861,6395273235
6394875134,6395067787
6395290053,6395392531
6395773787,6396330404
6397630596,6398199844
6399800874,6400644791
6400851430,6401494885
6401840238,6402381913
6402879519,6403225679
6403281966,6403482582
6403731302,6404284351
6403828336,6404104587
6404943400,6405165974
6405014185,6405457898
6405174559,6405751289
6405219823,6405675601
6405354922,6406041503
6406126602,6406451297
6407126465,6407213751
6408539207,6408952204
6409839842,6410350498
6410052233,6410409079
6410716793,6411457624
6411731962,6412046882
6412139070,6412382684
6412490438,6413077087
6413356316,6413682740
6415660172,6416270030
6416360958,6416547640
6417550447,6417851372
6417881094,6418415368
6417917270,6418338330
6417956871,6418498887
6418845245,6419429385
6419001453,6419437702
6419600270,6419846490
6420614403,6421419444
6421320948,6421542452
6421433657,6422067751
6421757737,6422677502
6422239137,6422955425
6422964570,6423822202
6423034427,6423847755
6423063783,6424328935
6425977624,6426449262
6428814560,6429283386
6429909629,6430489909
6430793350,6431220768
6431011408,6431630163
6431559888,6431883731
6431984790,6432351878
6432037230,6432207467
6432357385,6432408803
6432394328,6432801867
6432566457,6432794228
6434428858,6434814027
6436372457,6436984497
6436675414,6437150335
6436765922,6437032984
6438060743,6438537950
6438224353,6438687645
6439481461,6439589551
6439927165,6440499929
6441295393,6442094545
6441649355,6441967065
6442095596,6443041819
6442669984,6443223963
6442849031,6443125271
6443117238,6443656635
6443697619,6444827937
6444993092,6445501921
6445717668,6446073579
6445794883,6445954312
6445902478,6446459991
6446063681,6446504645
6446486759,6447092566
6446805973,6447049434
6448290718,6448608697
6449085579,6449716510
6450017926,6450318974
6450101583,6450781725
6450286904,6450795406
6450598149,6450722783
6450753283,6450800642
6450924359,6451641461
6451166383,6451766041
6452472587,6452708340
6452587355,6452661477
6453701431,6454163132
6454205752,6455014624
6455008738,6455535525
6455895989,6456091301
6457064895,6457350369
6457861019,6457943265
6457946948,6458206603
6458722343,6459187846
6459020670,6459431483
6459336877,6459596529
6459545346,6459899491
6459638228,6460220266
6459987092,6460591351
6461158703,6461303150
6461816612,6462035133
6462534878,6463017617
6464203238,6464820108
6464606074,6464847957
6465066297,6465699184
6465380987,6465929770
6465791427,6466502881
6468074188,6468541414
6468130178,6468488357
6468621836,6468896144
6469016577,6469628153
6469377238,6469514454
6469543010,6469800437
6471178176,6471811424
6472017301,6472455644
6472551713,6472968297
6474777069,6474883878
6474803052,6474877400
6475742009,6476402049
6476327178,6476915706
6477170737,6477788098
6478043845,6478170021
6478949927,6479431905
6479179589,6479494704
6479200845,6479681133
6480144289,6480220610
6480169161,6482466512
6481958406,6482169811
6482030888,6482521532
6483082833,6484106262
6483805205,6484196233
6483962182,6484066283
6483984054,6484648133
6485766797,6486057612
6487354054,6487812551
6489435544,6489595226
6491076873,6491653227
6492409006,6492718727
6492413937,6493063378
6492450128,6492928531
6493179778,6493470349
6493319470,6493577572
6493645116,6494167347
6494452297,6495031772
6494534831,6494744754
6495542395,6495917619
6496627096,6496949846
6497343132,6497771579
6497544244,6497770465
6497611987,6497690913
6497671405,6498189698
6498167426,6498747223
6498337637,6498505378
6498571783,6499282983
6499433232,6500034776
6499532577,6500130871
6499672496,6499882115
6500436076,6500759941
6500934678,6501606493
6501843408,6502386931
6502278634,6502672360
6502398559,6502975562
6502703651,6502963826
6502782375,6503195387
6502946788,6503337791
6503182360,6503245994
6506461209,6506559146
6506640325,6507530350
6506736618,6507661741
6507788502,6507997539
6508246802,6508312822
6508747735,6509128963
6508936894,6509316103
6509095400,6509743828
6509294822,6509814449
6509545798,6510056774
6510573379,6510987935
6510658870,6510780869
6510666306,6511268488
6511297590,6511552401
6511750600,6512007566
6512636607,6512924832
6512641937,6513036201
6512929780,6513550405
6512941551,6513231292
6513076315,6513813468
6513399627,6513879959
6514018461,6514710164
6514418346,6514723724
6514727914,6515345174
6515011539,6515327052
6515967544,6516686157
6518483185,6518757741
6518773044,6519233982
6518935757,6519337117
6519872710,6520166872
6520281983,6520774626
6520379801,6520438142
6520456821,6521214993
6520577821,6520881947
6520670969,6521008433
6520805548,6521009306
6521036074,6521796335
6521545630,6522141604
6521920111,6522297697
6522715052,6523839711
6523295495,6524193095
6525586093,6526159199
6525611466,6525756524
6525614268,6526289109
6526271284,6526393678
6526443969,6527235249
6526631020,6527029391
6527468517,6527705058
6529802077,6530300614
6530271729,6530888334
6530363292,6530960764
6530906772,6531525083
6531354274,6531706315
6531583412,6531905218
6532466832,6532712203
6533832156,6534341136
6534306918,6534769651
6534376415,6535421031
6534410014,6535540987
6534578733,6536036192
6535520692,6535814195
6535704686,6536098480
6535754022,6535910612
6536098289,6536659861
6536910877,6537562328
6539210540,6539877462
6539881682,6540163527
6540771367,6541533919
6542061266,6542389228
6542079284,6542376177
6542463511,6542617809
6543245999,6543672781
6544039461,6544385340
6544100385,6545085209
6545075372,6545140740
6545137093,6545240406
6545162456,6546105696
6546057484,6546534013
6546328953,6546828227
6546353563,6546565183
6546527040,6547280382
6546595168,6547053470
6548210595,6549407674
6549137032,6549459428
6550948993,6551395611
6552136364,6552588957
6552623395,6553021224
6553705090,6554017257
6553948685,6554106884
6554587469,6555023290
6554964033,6555062330
6555741652,6556537475
6555744701,6556145700
6555806969,6556424418
6556481046,6557354584
6556588020,6557279236
6557667661,6558364082
6557857017,6558296086
6558368523,6559089333
6558398289,6559051432
6558835111,6559061751
6559082524,6559944491
6559376528,6559389925
6559522828,6560238942
6559726765,6560157275
6560305965,6560576872
6561037807,6561939415
6562900166,6562934024
6562974521,6563118106
6563405703,6563780182
6564056295,6564469646
6564310323,6564482776
6564770235,6565445383
6564822344,6565483554
6566831589,6567007966
6568142173,6568498452
6568470818,6568656314
6569171519,6569996848
6569439587,6569589562
6569485434,6569790175
6569667165,6570041361
6569707436,6570052390
6569876721,6569981196
6570323691,6570458133
6570556634,6571204063
6571429841,6571859486
6571434408,6571917442
6571503138,6571612804
6571616264,6571749301
6572604353,6573090114
6574138916,6574715915
6575893689,6576225821
6576012327,6576427466
6576156614,6576325618
6576231358,6576409445
6578088011,6578528442
6578549185,6579396770
6578701777,6579296893
6580320748,6580614027
6580731731,6581076970
6580892859,6581059245
6581230482,6581736806
6581270283,6581545362
6581622549,6582089808
6582100666,6582396155
6582476083,6582931981
6582515173,6582787267
6583363658,6584096681
6583450904,6584076616
6584521526,6585286423
6585176560,6585850532
6585890846,6586194559
6586979480,6587867589
6587356481,6587776361
6588720245,6589386137
6589735134,6590163338
6590225544,6590502030
6590469872,6591061240
6591279907,6591497766
6591830890,6592172858
6592400512,6592918712
6592862414,6592979138
6592886409,6593004259
6593236605,6593785051
6593541578,6593982887
6594014167,6594330374
6594668408,6594789539
6594679581,6594992696
6595394212,6595486875
6595520141,6596193739
6596601018,6596743368
6596814479,6597282319
6596874331,6597394314
6597046958,6597594358
6597462729,6597932638
6597949581,6598353047
6598321724,6598490889
6598337045,6598827102
6598428087,6598793222
6598563588,6598975860
6598798383,6599556263
6599294613,6599700087
6599681274,6599999791
6599710633,6600278107
6600260573,6600421032
6600988301,6601524119
6601141447,6601380232
6601503642,6601914222
6602108002,6602396976
6602747293,6603425742
6605484491,6606138290
6605580264,6606065028
6605595020,6605726392
6606070352,6606323300
6607446176,6607696709
6607470036,6607925746
6608442118,6608647812
6608912960,6608952160
6609375876,6609962885
6609991776,6610374047
6610953522,6611303517
6611529387,6612025716
6611762639,6611861470
6613354133,6613607272
6613964232,6614224784
6614234203,6614814413
6615635230,6616245867
6616273820,6616900585
6616345922,6617091827
6616928780,6617206053
6617189179,6617408491
6617475868,6617766727
6618496719,6618704643
6618871050,6618973115
6619672611,6620047088
6620836528,6620890193
6621363598,6622010169
6621470255,6621940356
6621563036,6621986793
6622165555,6622598025
6622380998,6622695171
6622615761,6623170041
6622684923,6623093152
6623382713,6623654839
6623658504,6624213346
6625233199,6625471288
6626015277,6626745912
6626743197,6627126574
6626951622,6627695280
6627499979,6627876985
6628897650,6628931127
6629653397,6630323333
6629833406,6630400839
6632168561,6632365163
6632335330,6632382433
6632492703,6632559445
6633001191,6633421275
6633542540,6633894755
6633914443,6634578485
6634197645,6635817869
6634950713,6635341409
6636187447,6637037258
6636781658,6637047968
6637728473,6638354866
6637777580,6638386832
6637834468,6638626985
6638616931,6638718376
6638767707,6639474965
6639424943,6640011893
6639804247,6640099312
6640039597,6640267582
6640140043,6640330703
6640724943,6640793424
6640839920,6641263549
6641888783,6642287662
6644174012,6644385589
6645227851,6645633310
6647505639,6647844819
6647647337,6648014329
6648298650,6648647678
6648616800,6649281565
6648649319,6649321174
6648656855,6649569210
6648824788,6649052313
6648941644,6649377175
6649157853,6650609378
6649466153,6650824727
6650080758,6650559188
6650171890,6650816289
6650403407,6651080962
6650888136,6651391434
6651491560,6651604122
6651862877,6652556311
6652696812,6653251777
6653384163,6653470563
6653415689,6653767865
6653567951,6654072396
6654036779,6654233645
6654054129,6654435820
6656205582,6656301797
6656803848,6657048033
6657051208,6657943579
6657584751,6658213159
6657598335,6658005936
6658407103,6658695507
6658920800,6659731972
6658978790,6659106546
6659352944,6660072940
6660583792,6660901421
6660903344,6661198217
6661390064,6661737055
6661704251,6662209496
6662870795,6663105891
6664111821,6664480854
6664130312,6664538529
6667138557,6667864960
6667771829,6668381543
6668001657,6668643261
6668009009,6668224437
6668072645,6668387403
6668420386,6668947885
6669218234,6669486584
6669363443,6669861501
6670377505,6671035662
6670542480,6670863430
6671058563,6671605704
6672004354,6672413176
6672352140,6672622091
6672567121,6672655017
6673237913,6673698997
6674046956,6674127544
6674107322,6674249309
6674146155,6674861383
6674275199,6674639105
6674533572,6674651373
6674620714,6674675914
6674645188,6674813331
6675196708,6675727725
6675652892,6676115788
6676825533,6677584701
6678568373,6678988958
6678573966,6678951732
6679007490,6679428951
6679677208,6680078566
6681547890,6682158204
6682678117,6682917311
6684801025,6685592708
6685063195,6685964390
6685933258,6686353109
6686355045,6686865560
6686581169,6687139090
6687016302,6687211552
6687138314,6687480608
6688367326,6689053860
6689751111,6690357815
6690007513,6690505409
6690479849,6691015906
6692494659,6693342337
6693106384,6694061800
6693493199,6693838400
6694220664,6694559065
6695196881,6695977717
6695318890,6695961305
6695969528,6696219292
6696614049,6697384735
6696924069,6697359868
6698387810,6698834565
6698829866,6699244934
6699513209,6699846300
6699666534,6700272999
6700052594,6700510852
6700498200,6700677116
6700657751,6700813093
6701636285,6702148171
6701907225,6702377022
6701931561,6702397654
6702630166,6702962566
6704454364,6705019852
6704919386,6705317391
6704981979,6705154131
6705024578,6705618530
6706168364,6706361416
6706802653,6707205856
6707010298,6707469364
6707315148,6707403154
6707662649,6708210168
6708630547,6708872737
6708636538,6708996893
6708842700,6709090001
6709721120,6710332916
6710220064,6710759382
6710348297,6711136523
6710932706,6711712143
6711034735,6711347645
6711448509,6711845342
6711910675,6712359223
6714403934,6714803145
6714462807,6714832326
6715844442,6716204279
6718772366,6719631472
6719266782,6719538473
6719619201,6719815477
6719652152,6720024002
6719932714,6720149032
6720898128,6721558225
6722176488,6722977011
6722427174,6722913911
6722621697,6724241048
6723828184,6724059536
6724725508,6725192442
6725031873,6725162373
6726181783,6726411745
6726905219,6727229681
6727912943,6728272161
6728330099,6729117639
6728516828,6729639306
6728533263,6728755826
6728836086,6729290382
6729119511,6729365789
6729550821,6729787705
6729858869,6730627182
6730699924,6730854146
6731085339,6731304596
6731462576,6731973257
6731958035,6732717494
6732359782,6732429499
6732864746,6733409097
6733216160,6733779019
6734244631,6734999556
6736333514,6736599048
6736605222,6736990423
6736784898,6737273925
6737131588,6737539649
6738869982,6739076159
6741449025,6742112608
6743014521,6743368581
6744345184,6744919704
6744800401,6745150586
6745080852,6745340391
6745395185,6745813151
6745439531,6746018840
6745540836,6747683124
6745581626,6746166487
6746119787,6746365554
6748335334,6749071513
6748668660,6748841479
6749347820,6750132024
6750259200,6750353704
6752106753,6752467876
6752509994,6752687477
6752732843,6753026079
6753306938,6753453816
6754046465,6754494979
6754327540,6754657981
6754587925,6755214886
6755318161,6755705559
6755944270,6756486072
6757666252,6758005552
6758069491,6758399393
6758114500,6759002055
6758652104,6759383871
6759055775,6759271061
6759370495,6759453775
6759760729,6760206719
6760041734,6760481719
6760408778,6760935469
6760494134,6760925959
6763427964,6764155716
6763640604,6764164700
6764268883,6764526968
6764819689,6765481660
6765081209,6765658644
6766733975,6767483082
6771474011,6771634044
6772976554,6773723164
6773895241,6774465969
6774160501,6774534893
6774467834,6774613480
6774529182,6775112439
6775537470,6776344050
6775595281,6776100132
6775708079,6776073267
6776117577,6776417564
6777471077,6778348715
6778472623,6778794885
6779627885,6780390224
6779826292,6780209385
6780485773,6781145504
6780658527,6780916832
6780734115,6781028097
6780927459,6781511923
6781452351,6781857075
6781967742,6782073348
6783201885,6783658992
6784311372,6784346323
6784334804,6784509319
6785039233,6785456062
6785212561,6785323019
6785372098,6786060307
6785761055,6786516524
6785818669,6786586779
6785960229,6786335557
6786599871,6786958782
6786970891,6787034474
6787414249,6787563374
6789639214,6789977609
6790142643,6790915673
6790711924,6790889216
6790897731,6791554011
6791651672,6792187384
6791839974,6792123633
6793544763,6794070689
6794100597,6794279714
6794908417,6795391844
6795426106,6795643899
6796464143,6797162540
6796864730,6797296729
6797531731,6798039738
6798027021,6798340055
6799438080,6799850634
6799732190,6800404174
6801006917,6801732455
6801366143,6802104602
6802206461,6802635342
6802352932,6803142765
6802426549,6803136226
6802777786,6803492194
6803436176,6804081713
6803545299,6804211352
6803706343,6804092357
6804356253,6804420251
6805257538,6805713693
6808002581,6809129217
6810693767,6810901251
6811258683,6812119724
6811850009,6812842428
6812521951,6813191508
6812917631,6812976844
6812962427,6813536465
6813844973,6814322283
6815454872,6815825493
6816004524,6816484112
6816231267,6816780326
6816995294,6817369557
6817328648,6817902407
6817747392,6818362285
6818133883,6818557006
6818456060,6818968240
6819406880,6819710326
6819669629,6820300232
6819736863,6820426840
6819943672,6820169813
6820303789,6820938145
6820601023,6821106901
6820669463,6821646280
6822338571,6822929059
6822532679,6823621958
6822646177,6823023142
6822874205,6823217607
6823671972,6824429427
6823918107,6824636112
6824099208,6824201398
6824558538,6825078796
6825333909,6825594691
6825443951,6825873641
6825891689,6826551720
6826037061,6827096990
6826103524,6827177680
6826932462,6827619514
6827722939,6828164346
6828244234,6829186381
6828340379,6828583051
6828719580,6829090539
6829053658,6829388867
6829505379,6829728195
6830276120,6830295151
6830597065,6831151188
6831624320,6832354390
6831756489,6832064832
6831991373,6832354225
6833947643,6834852182
6834710848,6835015275
6834902625,6835260886
6835574700,6836067274
6835629268,6835972289
6835798387,6836370752
6836389638,6837233518
6836865454,6837195873
6837800881,6838297609
6837901092,6838429732
6838210627,6838378316
6839058717,6839620622
6839845308,6840388897
6839961640,6840334671
6840334421,6840670346
6841399765,6841809527
6841673820,6841746543
6841714977,6842122795
6842157360,6842421835
6843744858,6843975452
6844459910,6845088881
6844698165,6845310596
6845882417,6846730841
6846501515,6847002752
6846952916,6847264873
6846983040,6847147630
6847169051,6847744438
6847351155,6847741500
6847892903,6848728417
6848036519,6848562620
6848637509,6849300189
6849311861,6849683554
6850341326,6850635333
6850926052,6851582069
6851821277,6852177474
6851886651,6852153843
6852126352,6852776143
6852741311,6852883672
6853847338,6854328589
6854221114,6854260356
6854527455,6855127772
6854631301,6855055274
6855136927,6855445403
6855161482,6855540882
6855465431,6855763469
6857266527,6857429222
6857308977,6857856982
6857683644,6858139550
6857742375,6857960177
6857907448,6858287116
6858160290,6858772934
6859355187,6859754372
6860284797,6860713197
6860527462,6861165665
6860819489,6861015570
6861145800,6861783747
6861781604,6861982012
6861845654,6862187295
6861894461,6862039876
6862155905,6862375176
6862263543,6862690195
6862967968,6863036630
6863891033,6864276847
6864283672,6864525300
6864466400,6865035249
6865105783,6865412918
6866008627,6866788050
6866329579,6866696829
6866578219,6866988919
6866847251,6867188980
6868546758,6869083735
6868897880,6868976692
6869134286,6869333303
6869388637,6869664410
6869660371,6870334450
6869720948,6870407443
6869986559,6870622338
6870140960,6870586410
6871735871,6872134234
6872154742,6872506840
6872157325,6872736523
6873308363,6873606646
6873539813,6873979418
6874675996,6875339248
6874751181,6876159493
6875019494,6875299747
6875031553,6875175421
6875594438,6875696598
6875726689,6876647193
6876163827,6876489611
6877758092,6878226198
6877824312,6877966626
6878216951,6879072470
6878265972,6879035278
6878543088,6879141676
6878912483,6879211976
6880571898,6881227533
6881685739,6881988971
6884090161,6884781308
6885482563,6886352724
6885579623,6886163413
6886409481,6886813796
6886568914,6886760178
6886911163,6887477465
6889435146,6889988268
6890512687,6890567412
6890731468,6890967560
6891088914,6891429858
6891367993,6891643182
6891394898,6891954572
6891442692,6891948399
6891730678,6891887461
6892131970,6892876471
6892348226,6893041626
6893745726,6894264983
6894257168,6894667574
6894882960,6895371097
6896404539,6896534823
6896746323,6897111920
6896767588,6897118991
6896921630,6897598243
6897585228,6898113502
6897966494,6898270588
6898281197,6898735483
6899113156,6899800774
6899548197,6900094989
6899806580,6900625663
6900873868,6901448254
6901688939,6901918106
6902191475,6902520055
6903058551,6903329125
6903915116,6904808846
6904632671,6905242402
6904942251,6905044213
6907090153,6907278084
6907872460,6908055732
6908039184,6908709097
6908495935,6909645993
6908576191,6909332210
6908727024,6909236669
6909217860,6910101695
6909758935,6910293668
6910106845,6910681911
6910485913,6910908050
6910768202,6911126946
6910834464,6911432745
6910931068,6911025459
6910941026,6911107005
6911768956,6911967507
6912806399,6913509050
6913425459,6913887356
6913588318,6913773540
6913968921,6914099204
6914045894,6914451771
6914225178,6915245231
6915067087,6915375989
6915895977,6916499850
6916391502,6916631295
6916460471,6916652341
6916562508,6916898498
6917491535,6917687301
6917510928,6917557443
6918734735,6919134417
6919236113,6920262406
6920884615,6921262801
6921365906,6923099035
6923555318,6923902406
6924041526,6924229966
6924192848,6924428000
6924540933,6925033414
6925310162,6925725445
6926826648,6926998959
6927007123,6927944303
6928076878,6929094315
6929868190,6930271288
6929945602,6930362951
6930036776,6930195408
6930226684,6930429945
6930750602,6931158229
6932698166,6933287551
6933020635,6933174508
6933720339,6934417513
6934173350,6934725566
6934470053,6934570816
6935382122,6935795322
6935633109,6936076434
6936618202,6936662485
6936673506,6936905604
6936788125,6937150262
6938059983,6938413498
6938339232,6938849443
6938490691,6938631159
6939799683,6939996631
6940107436,6940520370
6940301572,6940676788
6940469198,6941046860
6942281056,6942627894
6942682560,6943156516
6942896265,6943294730
6943720457,6943767429
6944628169,6945092984
6945430086,6945862785
6946511229,6946625914
6947386725,6948033864
6947407252,6947920965
6948121352,6948318124
6948136302,6948225796
6948325771,6948831082
6948698621,6949397646
6949076655,6954030910
6950874926,6951437830
6951061568,6951249908
6951264618,6951629136
6952039803,6952561876
6952918539,6953469829
6953435375,6953803494
6954351432,6954672692
6954993071,6956834241
6955216981,6955574247
6957055937,6957238038
6957408145,6958063707
6957521312,6957648232
6957531390,6957690583
6957736267,6958387538
6957868519,6958031594
6957877591,6958412894
6958378768,6958815821
6960033536,6960348898
6960057525,6960418999
6960150907,6960507808
6960657435,6961479269
6960729225,6961206256
6960957642,6961693958
6961275874,6962117953
6962146893,6962332656
6963083420,6963133827
6963205151,6963654282
6963492526,6963996073
6964028679,6964696652
6964592942,6965052101
6965933904,6966432572
6966455968,6966729964
6966543414,6966624161
6967563817,6967942912
6967590127,6968051823
6967599897,6967805491
6968632950,6969100503
6969043517,6970103748
6969466756,6969972570
6969491979,6970067319
6969580799,6969908737
6970969893,6971033330
6971079375,6971390513
6971543191,6972089724
6972001839,6972121242
6972322598,6972708956
6972423816,6972814390
6972672410,6973086306
6972760772,6973204336
6972772054,6973417162
6972962833,6973229751
6974472041,6974999408
6974830156,6975664816
6975593771,6976034865
6977911588,6978405156
6978047764,6978484496
6978095568,6978323268
6978407265,6978902843
6979720347,6980300831
6979995365,6980661772
6980347549,6980952774
6981395517,6982184592
6982221537,6982625925
6983485196,6984084102
6983917897,6984613803
6984193703,6984508000
6984199674,6984240750
6984289312,6984590706
6984584289,6985563569
6986070112,6987127101
6986113807,6986871309
6986353159,6987426050
6988156050,6988392523
6988203037,6988673950
6988444095,6989033000
6988489063,6988671676
6988619933,6988787263
6989120446,6989264824
6989490007,6989962674
6989542021,6989790990
6991481820,6991810035
6992053665,6992698404
6992916427,6993030929
6993469254,6993522583
6993536560,6994028789
6993697515,6994078394
6993795611,6994276253
6994505027,6994935178
6994515055,6994548352
6996419372,6996630385
6997144320,6997382677
6997159732,6997213839
6998576354,6999150963
7000332455,7000886533
7000636095,7000672887
7000708243,7000762457
7000998606,7001559027
7001391591,7001613384
7002202229,7003040336
7002308625,7002846023
7003058702,7003365952
7003734792,7004048882
7004060725,7004413182
7005952238,7006407925
7006287631,7006678058
7006649514,7007028957
7008964748,7009160476
7009989778,7010394563
7011059452,7011673730
7011093167,7011448089
7011304469,7011705184
7011548971,7011888907
7012739152,7013147701
7013064649,7013543212
7013270685,7013639268
7013301842,7013617084
7013500027,7013815235
7014035567,7014524653
7014263166,7014619593
7014644651,7015026789
7015491149,7015731477
7015695104,7016069472
7016392166,7016995997
7016415464,7016890866
7017693092,7018593672
7017704200,7018349833
7017772652,7018528817
7017902765,7018476247
7018123948,7018443134
7018158255,7018618534
7019066311,7019275061
7019563184,7020050930
7019754178,7020337841
7021460071,7021635435
7022011455,7022563830
7022798066,7023999632
7025162278,7025371005
7026791569,7027064368
7026931668,7027600465
7028414775,7028523096
7028433476,7028993756
7028585964,7029107077
7028874597,7029304559
7029833431,7029866622
7029956452,7030138683
7030301545,7030885142
7030506532,7031121322
7031336505,7031699299
7031441377,7031857716
7031641710,7031943065
7033403322,7033933328
7033773061,7034342218
7033949095,7034204008
7034192784,7034238153
7034583979,7034693676
7035149222,7035936395
7035738596,7036376605
7036520115,7037006518
7036975264,7037250690
7038287455,7039090514
7038947911,7039535882
7039148909,7039590716
7039157142,7039403507
7040704211,7041363459
7041142223,7042335189
7041419114,7041939200
7041779441,7041864442
7042719261,7043018961
7043532180,7043746006
7044045461,7044146899
7044139734,7044576985
7045667013,7046415500
7046820742,7047034456
7047070639,7048119503
7048654653,7048986293
7049590744,7049884111
7049905183,7050442246
7051917945,7052461707
7052865394,7053329124
7053689169,7053954822
7054207225,7054627298
7054406639,7054653586
7054640202,7055289837
7055425533,7055586619
7056751765,7056789477
7058144672,7058375224
7058424510,7058740706
7058484155,7059037611
7058649956,7058944668
7058683191,7058887591
7058810799,7059167778
7058906435,7059055633
7058919392,7059086709
7059039528,7059468708
7059520899,7059771761
7059553028,7060037327
7059712901,7059951196
7059901873,7060445070
7061438915,7061779329
7062937952,7063392366
7062980422,7063855506
7062992063,7064103520
7063799650,7064262265
7064313328,7064903348
7064975848,7065552470
7065147839,7065653405
7065409170,7065821701
7065425925,7065841791
7065454759,7066063573
7066058881,7066629277
7067054220,7067572069
7067083473,7067783445
7067161056,7067753271
7067416679,7067771230
7067683148,7067977058
7067864908,7067910344
7068808000,7069320403
7069183923,7069683286
7069746300,7070239386
7070663077,7071309036
7070775977,7071250779
7071213042,7071894093
7071468998,7072039898
7072644528,7073247600
7072900509,7073489143
7074432463,7075309563
7074443760,7075373380
7074446469,7074883279
7074766112,7074968287
7074894928,7075126863
7075002798,7075417209
7075547298,7076045720
7075701981,7076141645
7075814954,7076135412
7075877545,7076302784
7075925251,7076402896
7076071983,7076899818
7076221959,7077002270
7076557675,7076980691
7077158660,7077928026
7077970543,7078651505
7079142137,7079529480
7079285214,7079688216
7079761698,7080351420
7081937386,7082861422
7082353706,7082527366
7082935806,7083455324
7083066749,7083482498
7083154607,7083349809
7083488440,7083550257
7083859820,7084579699
7084345204,7085031101
7084495315,7084625931
7084758199,7085489198
7084815162,7085042596
7085044483,7085458935
7085525543,7086539374
7088228077,7088910081
7088364855,7088660938
7088517738,7089038738
7088519799,7088764726
7088913865,7089547638
7089040303,7089674434
7089662961,7089933950
7089799637,7090209432
7090190439,7090615338
7090241130,7090370434
7090801170,7091167116
7091085896,7091451053
7091778000,7093026164
7092893862,7093520765
7093432086,7097415862
7097421784,7097954611
7097540222,7097987566
7097650307,7098083479
7098186226,7098543132
7098673776,7099322080
7098733038,7099323905
7098905638,7100033739
7098964971,7099677393
7099570892,7100407577
7099698798,7099850589
7099861925,7100365535
7100126690,7100443231
7101482253,7102117468
7102539419,7102737849
7102819994,7103435711
7103521259,7104091810
7103587006,7103853093
7104909543,7105870129
7105625766,7105976903
7105644708,7106068024
7106351952,7106566097
7106644095,7107260934
7107192074,7107616578
7108055550,7109414153
7108128703,7109541146
7108384322,7109034849
7110142575,7110805080
7111247247,7111701116
7112594302,7112731912
7112804683,7113275713
7112928943,7112977206
7113247678,7113653944
7114054266,7114484700
7115608023,7116126594
7116311972,7116716236
7116763549,7117499113
7116915753,7117408276
7117009549,7117412335
7117818477,7118237321
7118468163,7118620563
7118988543,7119857368
7119951225,7120491925
7119999441,7120350698
7120047656,7121099801
7120085230,7121094404
7120144614,7121003487
7121547854,7122129268
7121831595,7122236600
7121845648,7122467138
7122136926,7122904253
7123333589,7123385558
7124474005,7125108699
7124919230,7125243514
7125018697,7125670946
7125123833,7125453156
7125189562,7125316648
7125875775,7126523184
7127145445,7127497812
7127198942,7127891802
7127202991,7127747016
7128225568,7129319245
7128243789,7129187384
7129132287,7129508771
7130388158,7130736509
7130649954,7131196845
7130713716,7131107609
7130788053,7131024816
7131120226,7131487897
7131846400,7132553015
7132913587,7133360559
7133192693,7133659506
7133995561,7134552509
7134099531,7134837179
7136511368,7136566103
7137700716,7138069499
7137787711,7138456404
7138242747,7138313945
7138264270,7138857201
7138406993,7138647223
7138461044,7138813498
7138786816,7139315577
7138793096,7139260853
7138875565,7138924704
7140223839,7140798328
7140296472,7140434713
7140338699,7140619041
7140460512,7140780740
7140817563,7141041088
7141263086,7141417853
7141389989,7141772402
7141516597,7141929121
7142034900,7142296521
7142122805,7142380840
7142382282,7142912607
7142920359,7143355136
7143390825,7143797449
7143658348,7143964040
7143776511,7143878840
7143961537,7144894064
7144235131,7144622970
7145043385,7145427115
7145620625,7145747048
7145714524,7146188818
7147265614,7148010821
7148295006,7148900372
7148402091,7148943099
7149169497,7149357219
7149492449,7149957814
7151076238,7151357572
7151642061,7151995288
7152231231,7152730044
7152725733,7153166286
7153162851,7153474613
7153479787,7153924883
7154117527,7154876144
7154833553,7154933651
7155748109,7156316533
7155892140,7156298626
7156241516,7156664621
7157728298,7158582925
7158344163,7158703229
7158489985,7158649277
7158933682,7159073905
7159510230,7159672782
7161610399,7162214993
7162374333,7162833402
7164163882,7164359561
7164380435,7164733759
7164768973,7165410073
7164949012,7165443077
7165258652,7165692504
7165651653,7166224866
7165723520,7166243619
7166126381,7166519160
7166229772,7166516726
7166524739,7166855212
7167550227,7167595438
7168305350,7168792893
7168376941,7168491719
7170526314,7170621929
7170755404,7171002727
7170943535,7171327719
7171756711,7172034000
7172437751,7172667860
7172608235,7173524300
7172683090,7173372099
7173631054,7173933289
7173758010,7174016595
7174577353,7174931293
7176074469,7176659829
7177395537,7178265253
7177902685,7178070194
7178520269,7179048347
7178969616,7179580450
7179949169,7180677441
7181720167,7182384869
7183956862,7184049723
7187124670,7187317422
7187326856,7188045215
7187780223,7188149993
7187830083,7188349102
7188898841,7189215178
7189325759,7189593356
7189452994,7189746227
7189489912,7189921962
7190035560,7190502603
7190506036,7190604386
7190913000,7191245690
7191094394,7191740698
7191576310,7191931460
7191601622,7192207871
7191770871,7191940614
7191932787,7192501037
7192762221,7193277814
7192957149,7193290007
7193352543,7193645998
7193885761,7194348841
7194071659,7194882818
7195095128,7195846640
7195765267,7195867380
7195866073,7196799529
7196747369,7196765695
7197177782,7197576012
7200688115,7201129441
7200804873,7201206985
7200987270,7201544642
7202070555,7202605177
7202870884,7202928563
7203363517,7203937572
7203736956,7204405583
7203866601,7205070603
7204246205,7205090143
7205050885,7205164320
7205169342,7205597197
7205294959,7205353867
7206079355,7206650805
7206531786,7206617128
7207142708,7207726196
7207354334,7207763490
7207641614,7207686821
7207875146,7208342575
7208196324,7209104686
7209525195,7209866727
7209736419,7210273325
7211057889,7211621250
7212076630,7212454496
7212152639,7212298233
7212542480,7213308311
7212832434,7213230105
7213438335,7213998625
7213462410,7213869521
7213902389,7214236934
7214149116,7214419532
7214238757,7214675997
7215605378,7215907594
7216547187,7217134863
7217737820,7217916149
7218862477,7219286013
7219896589,7220669347
7219934391,7220683943
7220261465,7220778941
7222441671,7222613043
7222655532,7223358360
7223067602,7223984180
7223415530,7223914529
7223471509,7223765886
7224690131,7225187819
7227587799,7228116958
7228071793,7228509733
7228689769,7228989197
7230185404,7230626040
7230450156,7230792535
7230464876,7230856421
7231466303,7231856259
7232568680,7232732825
7232964781,7233285033
7233484804,7233994163
7233507007,7233834537
7233589209,7233969748
7233802473,7234082824
7234202028,7234540288
7234242517,7234817743
7234433152,7235179104
7234561222,7234837327
7235080140,7235808560
7235406940,7235991053
7236164628,7236326952
7236795509,7237323205
7237652887,7238282598
7238030631,7239087132
7238614763,7238731197
7238877438,7239680025
7241120411,7241217634
7241688226,7242600165
7241870684,7242777037
7242994158,7243139314
7243376637,7243441291
7243415561,7243576900
7245515182,7246126197
7245589989,7246191335
7246013174,7246668840
7246903815,7247311371
7247600931,7247783446
7248067503,7248458112
7249774235,7249796683
7250009720,7250546349
7250014535,7250433525
7250240425,7250673145
7251707592,7252266629
7253100432,7253852562
7253731686,7254083532
7254403734,7254889273
7256538893,7256927998
7256931234,7257243470
7257515712,7258089607
7257724672,7258141597
7258390492,7258729595
7258438798,7259521867
7258716967,7258946830
7258953990,7259506703
7259784110,7260176912
7260407099,7260446346
7260516909,7260820768
7261275301,7261951246
7261691460,7261859600
7262442814,7262740733
7262521143,7262782736
7262719271,7263362463
7262889676,7263444911
7262893761,7263314593
7263371814,7263708929
7263496769,7263646953
7263662139,7263793946
7263904161,7264544057
7264387704,7264698120
7264467563,7265041501
7265308252,7265838543
7265505137,7265682819
7265910984,7266225509
7266712351,7266992851
7267126597,7267727946
7267283131,7267981459
7268821773,7269215579
7268986841,7269382899
7269309105,7269718125
7269588479,7270050583
7269910274,7270069057
7270322084,7270486281
7271104651,7271246458
7272223943,7272323260
7272330329,7272765014
7273077647,7273411732
7273427859,7274019034
7273535911,7274094055
7273772682,7274467582
7274025190,7274452231
7274477173,7274761893
7275393231,7275983564
7275910014,7276421238
7276133600,7276316832
7276434335,7276467403
7278942421,7279092446
7279000495,7279578109
7279702780,7279981506
7280038727,7280059080
7280161177,7280657842
7281439893,7281666052
7281679948,7282563716
7282258256,7283232456
7282672260,7283339611
7283664189,7283780289
7283749878,7284117019
7284581123,7285171050
7285563554,7286421443
7286455515,7286798828
7287337201,7287398903
7288059635,7288878243
7288899018,7289393680
7289378228,7289920325
7291475831,7291774802
7291759474,7292173298
7291830399,7292032596
7292594377,7293047348
7293611527,7294085112
7293938752,7294461232
7294680561,7294957584
7295890568,7296439389
7296588738,7296895533
7296745031,7297088611
7297181029,7297362317
7297484341,7297903005
7299792157,7300226483
7300283833,7300617484
7300614494,7300858666
7300896118,7301374144
7301223243,7301670070
7303259807,7303644309
7303319905,7303807571
7304311966,7305097115
7305325028,7305641363
7305883066,7306206154
7306097996,7306180705
7306458464,7308060309
7306762408,7307408393
7307021467,7307214006
7307207308,7307640567
7307265534,7307590724
7307284643,7307682648
7307718363,7308048901
7308627338,7309363058
7308692613,7309631435
7310749795,7310935960
7310844163,7311729718
7312675170,7313026130
7314143829,7314269984
7316289599,7316863561
7316799833,7317540750
7317609553,7318177636
7317670898,7318090674
7319058446,7319968178
7319625651,7320210027
7320784971,7320887870
7320805100,7321167662
7321827769,7322482358
7322217186,7322669854
7322518782,7322892362
7322894110,7323588695
7323222051,7323609753
7323320063,7323424743
7323643338,7324089251
7323658479,7324144698
7324268609,7324416700
7325103087,7325538817
7325425561,7325645053
7325811341,7326352148
7325961779,7327268418
7326247032,7326839715
7327213676,7327648245
7327784588,7327922124
7328135201,7328686020
7328813863,7329118938
7328932536,7329248833
7329151980,7329724709
7329211655,7329618582
7329931337,7330122353
7330440356,7331010397
7331310419,7331811264
7334181816,7334711050
7334346469,7334902688
7335925257,7336133905
7336852318,7337230941
7337177888,7337407943
7337929084,7338544009
7338066790,7340181642
7339074161,7340932151
7339711507,7340215017
7340419829,7340875502
7340433074,7341091617
7340906624,7341515376
7341710164,7342561328
7342381163,7342991374
7343777541,7344198560
7346407465,7347006587
7346433239,7346648930
7347032345,7347433994
7347422623,7348013914
7347937202,7348132148
7348135554,7348390840
7348508647,7348808314
7348715946,7349097948
7350224987,7350645168
7351562656,7351629124
7351970119,7352088215
7352108346,7352538109
7352689391,7352881004
7352748051,7352766552
7353649135,7354097191
7353866745,7354223181
7354497831,7354921669
7354596079,7354756933
7354753050,7355088015
7354772475,7355158111
7357180820,7357403728
7357459535,7357967805
7357760146,7358396806
7358234998,7358906988
7359433268,7360155049
7359570805,7360140029
7359589059,7360347986
7360133895,7360647468
7360240456,7360497779
7360242661,7360845768
7360849620,7361035860
7362620323,7363087151
7364785974,7365392245
7365310664,7365954337
7365939224,7366208335
7366950373,7367178493
7367495568,7367941795
7367982120,7368429897
7368436112,7368779508
7368608082,7368898783
7369129790,7369490562
7369755463,7370020281
7370119316,7370314764
7371056066,7371294956
7371622436,7371992522
7372564275,7373757429
7373112570,7373415901
7373117580,7373263416
7374114894,7374344591
7374446633,7374597207
7374589748,7374824494
7374974810,7375236021
7378985817,7379949442
7378986248,7379779120
7379225650,7379697982
7379875924,7380218181
7379962586,7380073278
7380418501,7380849572
7381008098,7381414113
7381629700,7381976260
7383024395,7383425141
7383111892,7383169790
7383640892,7384094618
7383794622,7383852244
7383865140,7384051995
7384419685,7384461003
7385086807,7385371072
7385519863,7385719381
7385851850,7386157933
7386041614,7386612313
7386654728,7387038996
7387384930,7387533990
7387460254,7387964403
7387664689,7387925072
7387668040,7388096707
7387756463,7388244653
7387935516,7388041759
7388677780,7388836043
7389730031,7390349558
7389894325,7390077744
7390058224,7390767022
7390506429,7391001187
7390581927,7391132056
7391961939,7392522596
7392179281,7393052491
7394861616,7395387024
7394875203,7395461045
7396005884,7396378901
7396616847,7397058537
7396717506,7397242836
7397931373,7398532327
7398201776,7398617559
7399178383,7399720383
7399841634,7400661434
7400170310,7400544033
7401061583,7401390757
7401310376,7401576297
7401863400,7402021439
7402227977,7402516457
7402700402,7403506118
7403193909,7403634138
7403214457,7403789527
7403756451,7403983386
7403928120,7404361030
7404687862,7405161294
7404707445,7405219696
7405176629,7405901349
7405726936,7406284448
7406182003,7406337686
7406383107,7406429178
7407014123,7407665108
7407035659,7407482500
7407988160,7408818393
7408097915,7408290670
7408181003,7408553394
7409221743,7409284409
7409513044,7409951216
7411392330,7412064679
7411872147,7412564526
7412241436,7412777425
7414046146,7414459605
7414086163,7414642186
7414785509,7415122172
7416238905,7416297326
7417765324,7417987123
7418154287,7419786962
7418368007,7418937980
7419454931,7420109422
7419793677,7420308193
7420711772,7421136332
7420745640,7421080203
7421906096,7422219382
7422244913,7422854648
7422388920,7422642433
7422570280,7422937857
7425405180,7425674890
7425801998,7426421754
7425941617,7426326862
7426051841,7426532486
7426724999,7426912360
7427029937,7427646948
7427905155,7430168785
7428260381,7428678710
7429470430,7430054107
7430725812,7431173107
7431108451,7431900976
7431795956,7432000585
7436144989,7436591845
7436588972,7437476149
7436649950,7437090079
7437225180,7437915303
7437257491,7437960108
7440189017,7440805096
7440491207,7440843506
7440506755,7440688299
7441507061,7441955393
7443481970,7444040724
7443541191,7443846394
7445266256,7445865510
7447283599,7447780006
7447584175,7448406687
7448575760,7448964991
7449155393,7449571843
7449398976,7449710597
7449460232,7450001885
7450029053,7450685105
7450627818,7452684951
7451170130,7451856464
7451418429,7451993256
7452087850,7452693123
7452129595,7452718048
7452729945,7453433694
7452801321,7454483279
7453363696,7453538708
7453801967,7454399191
7455054200,7455375995
7455374619,7457399332
7456457522,7459114995
7456771347,7457291373
7460699889,7460733990
7460871809,7461277557
7461410208,7461888998
7461440238,7461959870
7461799727,7462215080
7463318246,7463981407
7463367420,7463894047
7464057351,7464343497
7464481263,7465144397
7465449223,7465776823
7465456000,7465788859
7465796232,7466109644
7465956998,7466500708
7466112622,7466608449
7466258373,7466318780
7466628228,7467048771
7466792385,7467392605
7467091747,7467247692
7467804564,7468640290
7467955401,7468618714
7468795666,7469153424
7469108619,7469623600
7469304440,7469955514
7469428491,7469917123
7470357842,7470844548
7471543002,7472792985
7472140599,7472509280
7472237139,7473118134
7473278737,7473832442
7474485094,7474984648
7475008459,7475518217
7477244052,7477314210
7477673301,7478111303
7477915359,7478400104
7478297168,7478715253
7478401852,7478773967
7479206012,7479452403
7482985493,7483528455
7483293849,7483617612
7484518033,7484896676
7484914186,7485246342
7485568932,7485986180
7485750396,7486496083
7485756763,7486344143
7485777384,7486295769
7486147100,7486571648
7487093836,7487571672
7487244507,7487511431
7487527791,7488232299
7488288915,7488465713
7489744344,7490162153
7490825826,7491230274
7493524468,7494094033
7493700619,7493996373
7493837910,7494279402
7494195663,7494336718
7496017725,7496280879
7497210470,7497342333
7498895180,7499281029
7500664466,7501048848
7500900935,7501406170
7501375934,7501717394
7502051097,7503043246
7502173465,7502768753
7502428307,7503165505
7503187021,7503946990
7503645499,7504215266
7505056061,7505121253
7505148643,7505533263
7505278135,7505655256
7505705212,7505874542
7506349767,7506669193
7506479605,7506870368
7506828695,7507212272
7507214350,7507581862
7507535804,7508019509
7507593449,7507791562
7508434175,7508550839
7509487643,7509899544
7509882334,7510452709
7511561147,7512108646
7512153409,7512532417
7512242070,7512743071
7512449956,7512843327
7512573128,7513175710
7512872352,7513237122
7512955449,7513308846
7514186660,7514332830
7514272983,7514657145
7514439878,7515054313
7515061551,7515210036
7515484823,7515884812
7515565241,7516132404
7516070940,7516628067
7518681370,7519121238
7518681806,7519074149
7518804836,7519436398
7518866938,7519471158
7519170476,7519449914
7520010331,7520675820
7520025001,7520802574
7520743824,7521503689
7521565275,7522305120
7522344322,7522627222
7522670739,7523156758
7524524050,7525192110
7525132810,7525329159
7525308181,7525759702
7525405397,7525766685
7525754506,7526320457
7526953235,7527323145
7527061344,7527673159
7527155937,7527711273
7527427877,7528141968
7528829885,7529752807
7530027583,7530198155
7530588568,7530865530
7530818185,7531250405
7530901499,7531076710
7533100959,7533414710
7533294127,7533383039
7536587170,7537051564
7536759018,7537158022
7537484935,7537882986
7537758857,7538067895
7537758887,7537875123
7537977141,7538066858
7538080374,7538451751
7539672394,7540497009
7539732364,7540423328
7540463315,7541086266
7540875778,7541281832
7541390370,7541868109
7541792272,7542018799
7542878668,7543408130
7542941745,7543382497
7543457666,7544011374
7544229741,7544517913
7544758345,7545282481
7544939947,7545356369
7545407689,7545887491
7545942074,7546320127
7546593403,7546837795
7547779149,7548279557
7548174995,7548210825
7551664244,7552363817
7551714505,7552300792
7551758692,7552151868
7551967572,7552414253
7552634084,7553076017
7553102117,7553272874
7553142456,7553294504
7553258198,7553828855
7553561410,7553853252
7553790858,7554043865
7553858358,7554135366
7554237473,7554391396
7554326826,7554586967
7555606359,7556183656
7555625075,7555942284
7556418377,7556768960
7556496844,7556684789
7556672446,7556909879
7557152033,7557630155
7557407830,7558077173
7557823451,7558658365
7557868068,7558380853
7559805945,7560003989
7560135259,7560888212
7560472325,7560718847
7560708097,7561673853
7563577760,7564486808
7565522450,7566009885
7566814309,7567210491
7567076912,7568044052
7567845832,7568055208
7568529982,7568584890
7568593618,7569608192
7569596793,7570083068
7570512208,7571395088
7570538272,7571516946
7571500537,7572696746
7571954049,7572511212
7573354070,7574092161
7573500255,7574531602
7574591196,7575445953
7574591251,7575501201
7574900995,7575499676
7575897711,7576691527
7576045815,7576489873
7576736331,7577135814
7576973411,7577621621
7577384567,7577954403
7577639053,7578145859
7578233281,7578803588
7578710419,7579148569
7579890414,7580011082
7580021319,7580388762
7580898208,7580935762
7581111501,7581331897
7582288294,7582446277
7583001783,7583359152
7583352703,7584187787
7583704790,7583974826
7583990194,7584836910
7584364024,7585834418
7584502118,7585209414
7584731775,7584915578
7585283153,7585847825
7586791989,7587141983
7587087270,7587445957
7587161652,7587496432
7588320704,7588579145
7588344113,7588686966
7588943481,7589196495
7589502411,7589679753
7590128105,7590448783
7592592055,7592968839
7592632564,7593041246
7593000056,7593430678
7593471712,7593641790
7594758491,7595066830
7595353707,7595471485
7595649104,7596038424
7595914817,7596219955
7596410944,7597122943
7596911252,7597502562
7597126493,7597702618
7597364289,7597612669
7597958151,7598499704
7597977094,7598719947
7598750201,7599331304
7599244403,7599331866
7599336944,7599691452
7599816465,7600310075
7600320441,7600345928
7600358107,7600604444
7600517288,7600934762
7600657920,7600711472
7600866645,7601032758
7600872200,7601176472
7601034753,7601625476
7601307652,7601988067
7601472836,7602287902
7601697068,7602436692
7602927884,7603119521
7603313971,7603373035
7605917095,7606234749
7606147087,7606517125
7606270507,7607215042
7607004359,7607195748
7607222349,7607969974
7607633084,7608190127
7607849673,7608266335
7608270563,7608505193
7608282103,7608904378
7608877219,7609063043
7610709327,7610882920
7610967298,7611104527
7611563509,7612122907
7612033410,7612336530
7612833571,7612883780
7613057020,7613675487
7613207512,7613736318
7613601475,7613650078
7614389304,7614523389
7614477271,7615045579
7614593359,7615055522
7615044947,7615478745
7615051910,7615395933
7616699143,7617036401
7616725353,7616860165
7617220793,7617857964
7617592438,7617856196
7617868555,7618297227
7617971452,7618596110
7618290237,7618870341
7619491436,7620330723
7620289193,7620934357
7620396244,7620820895
7621552181,7621903357
7622519499,7623110265
7622976169,7623170547
7623548994,7623845620
7623570457,7623879774
7624001362,7624502843
7625980308,7626391691
7626057869,7626434251
7626844912,7627286682
7627332908,7628078714
7627522153,7629048959
7628766703,7629388569
7629727767,7630353684
7630404555,7630999761
7631370549,7631892042
7631449556,7631914721
7631631409,7631905311
7632260071,7632689125
7634435513,7635144839
7635988769,7636098439
7636143093,7636785454
7636764550,7637442665
7637336314,7637564864
7637643670,7637786804
7638744187,7639196151
7638830909,7639086638
7639145345,7639668840
7639213476,7639557652
7639568424,7640126739
7639746151,7640097535
7640088079,7640640391
7640565968,7641513248
7642093744,7642162196
7642587032,7643016212
7642607365,7642673313
7643207877,7643749433
7644118344,7644636892
7644196681,7644802501
7644327056,7644864101
7645242901,7645612352
7646333809,7646692245
7646421061,7647058461
7646503021,7646821492
7646934177,7647831480
7647411941,7647945399
7647556552,7647950359
7647700301,7647935625
7647966182,7648182474
7648565085,7648927580
7648604338,7649069829
7650315235,7650745735
7651614445,7652208865
7652540546,7652876926
7653389245,7653794335
7653752415,7654459819
7654525827,7654836019
7654801570,7655164702
7654840864,7655231848
7655327449,7655793663
7657059782,7657379707
7657525248,7657829416
7657836272,7658685748
7658109661,7658170375
7658655110,7659076172
7659052479,7659248802
7659842793,7660239113
7660319047,7660552726
7662259378,7662688835
7662696163,7663415541
7662836364,7663108638
7663417388,7664050214
7665112424,7665594445
7666263799,7666445072
7666424281,7666964054
7666898440,7667309631
7668663879,7668922674
7668930433,7669551189
7669474126,7670433315
7670410751,7670993466
7672032328,7672062456
7672191648,7672616172
7672398087,7672897896
7672878370,7673353918
7672904932,7673041332
7673213261,7673721620
7673892554,7674119836
7674044149,7674356509
7674377571,7675068877
7674587290,7675244834
7674782672,7675268008
7677859575,7678907614
7677888633,7678322480
7678285774,7678465385
7678892386,7679178685
7679531017,7679966003
7679788438,7680470747
7680535134,7681006189
7681509795,7682518718
7682617421,7683038175
7682921180,7683674577
7685475006,7686184611
7687140220,7687244855
7687392743,7687506224
7687923590,7688157349
7688265398,7688531486
7690205419,7690475033
7690890015,7691419736
7692583509,7693213146
7693130022,7693672557
7693219828,7693522710
7693291724,7693483240
7693342377,7693512716
7693548429,7693960143
7694163562,7694679991
7694178958,7695096170
7695334550,7695885895
7695936975,7696197185
7698454647,7699107379
7698593106,7699053801
7700959571,7701000949
7701395276,7701738508
7701677293,7701967014
7701922482,7702220637
7702028314,7702471884
7702170720,7702590274
7702750967,7703117417
7703027490,7703292064
7703384238,7703761429
7704692345,7704822931
7704971869,7706356260
7705638023,7705868486
7706043353,7706414655
7706906858,7707248818
7707789927,7708088751
7709339070,7709918191
7709725954,7710016962
7710545008,7711031225
7710631842,7711127632
7711635093,7711953968
7711955675,7712466952
7713039531,7713335560
7713423579,7713932508
7715290822,7715649534
7715509643,7715989715
7716855976,7717327660
7717392063,7717985525
7718520695,7719039329
7718716959,7719057373
7718970296,7720182057
7719000359,7719043020
7719371452,7719798299
7719780905,7719794000
7720148895,7720786225
7722672508,7722872578
7722714373,7722839944
7722954372,7723424444
7723160992,7723406386
7724394541,7725062452
7724974795,7725560122
7725523614,7726401106
7726333749,7726526766
7727202715,7727769312
7727375020,7728114567
7728429225,7728525124
7728613683,7728869060
7729097178,7729282576
7729701530,7730271925
7729928086,7729978561
7731738448,7732290611
7731843164,7732313769
7733109579,7733581960
7733620036,7734153631
7734463690,7735329936
7734698907,7735051597
7734849949,7735606172
7735944355,7736066228
7736027193,7736173998
7736388793,7736694671
7737168283,7737480853
7737664887,7738035193
7738067095,7738625160
7738133237,7738827549
7738824846,7739160612
7738944116,7739196232
7740330378,7740935888
7740337367,7740704043
7740746455,7741024617
7741010867,7741435038
7741602601,7741647861
7741715364,7741771771
7742258281,7742330341
7742722031,7743457887
7743501256,7743855798
7744342478,7744760645
7745157035,7745894026
7746822047,7747377675
7747577291,7748116311
7748236487,7748763356
7748545951,7748955962
7748576606,7748838808
7748918982,7749570705
7750088003,7750407479
7752735178,7753645693
7753836570,7754263839
7754259733,7754867248
7754693185,7755029192
7754786601,7754922829
7755838190,7756646231
7758397361,7758995342
7759423074,7759963361
7759586241,7760641551
7759802430,7760627578
7759877460,7760794250
7761577490,7762404569
7762936188,7763377330
7763315597,7763415271
7763599201,7764184586
7765400312,7767250035
7767578364,7768027998
7767811435,7768073698
7768681872,7769286301
7768954690,7769573265
7769575809,7770438551
7770497991,7771003236
7770675623,7771079691
7771240779,7771831752
7771436490,7771715748
7773240406,7773559215
7774232121,7774410728
7774515203,7774936935
7774796134,7774915986
7774990210,7775032794
7775476683,7776307037
7776570741,7777456758
7777336890,7777787792
7777906818,7778542009
7779675280,7783892275
7783733426,7784009128
7784095033,7784329764
7785207571,7785629846
7785446959,7785791480
7786261312,7787069264
7787123582,7787463076
7787518238,7788029256
7787626191,7788017966
7787733093,7788021483
7787801227,7788599785
7787962356,7788610450
7788011354,7788394218
7788250047,7788859788
7788661598,7788965410
7788757961,7789302206
7788815307,7789218787
7789124676,7789447481
7789373697,7789617961
7789825223,7790335369
7790390040,7791173836
7790854423,7791066389
7791410871,7791595794
7791635255,7791900570
7791776240,7792155974
7791884343,7792172282
7791894855,7792158405
7793693875,7794403155
7794903735,7795655849
7795111566,7795366089
7795489522,7795915746
7795973499,7796630051
7796174993,7797276205
7796334862,7797092845
7796466727,7796846516
7797434857,7797690962
7798050987,7798184484
7798194731,7798592736
7800250730,7800689436
7800348391,7800953567
7801137291,7801550091
7802738513,7803315654
7803155212,7803304775
7804773492,7805377908
7805880669,7806397913
7808102304,7808395071
7808132863,7808758803
7808399752,7808700415
7808619077,7809299779
7809592560,7810063578
7809670999,7810279332
7810672622,7810731522
7810736258,7811246310
7811497155,7811799115
7812785268,7813768973
7812850488,7813178269
7812882217,7813133525
7812945071,7813520025
7813872956,7814566645
7815326582,7815861927
7815772618,7816283256
7815876070,7816176611
7816177987,7816366508
7816634484,7816957317
7817003338,7817053284
7817147002,7817553400
7818385995,7818917729
7820401874,7820818018
7820815230,7821356866
7821358479,7821794337
7821675828,7821823014
7821850867,7822326099
7822646816,7823459352
7823757086,7824244208
7823902467,7823981740
7824605959,7825056739
7825596654,7826306879
7825812856,7826291866
7826288648,7826833921
7826500764,7826520779
7827633648,7828088381
7827648243,7827795930
7827742762,7828282553
7829111761,7829463177
7829325527,7829829029
7830520900,7830638977
7830560176,7830966851
7831260433,7831811830
7831269477,7831539043
7831740051,7831957595
7831938597,7831997483
7832080834,7832622940
7834449717,7834591360
7834893493,7835402146
7835402130,7836038574
7835512765,7835856519
7835648837,7836185904
7836068842,7836323122
7836761693,7837304863
7837821083,7837951198
7837907215,7838196040
7838039555,7838616837
7838960787,7839482150
7839464672,7839763805
7840911658,7841489990
7841224475,7841487487
7843177208,7843530330
7844471103,7844735645
7844492264,7844938026
7845219961,7846036751
7845698105,7846290447
7845759016,7846368620
7847194769,7847992890
7847643304,7847920411
7847653141,7847802636
7848403297,7848725220
7848808360,7849178633
7849145850,7849940858
7851661520,7851969380
7852508697,7852949011
7852830822,7853293362
7852995834,7853423616
7853999291,7854611096
7854170407,7854751003
7855376484,7855484354
7855668726,7855992052
7855855191,7856547166
7855904538,7856104176
7856210952,7856688376
7857370908,7857437901
7857404515,7857816449
7857591388,7858038084
7857627285,7858279810
7858232122,7858835303
7860775015,7861399771
7861874304,7862284727
7861927185,7862200235
7862122948,7862404007
7862265414,7862422237
7863627501,7863953243
7863948366,7864791103
7864095567,7864411750
7864106145,7864599061
7864723448,7865327861
7864750166,7865288365
7864769601,7865138206
7865354605,7865786370
7866403475,7866500598
7866483547,7866996812
7866568781,7867393510
7867007732,7867165264
7867778147,7868323445
7867974793,7868012990
7868611311,7868701496
7869341800,7869587320
7870366700,7871051535
7871339826,7871629715
7871430905,7871577411
7871681939,7871942406
7871981302,7872276724
7872834182,7873093543
7874033961,7874078321
7874790538,7874848930
7877084518,7877286990
7877282157,7877862350
7877805613,7878463590
7877879868,7878401061
7878810012,7879444022
7879342167,7880085737
7879396970,7879934558
7879494896,7880034566
7879844985,7880461679
7880041569,7880565856
7881985069,7882434558
7882276421,7882473723
7882552497,7883029732
7882818306,7883336582
7883543411,7883861708
7883969966,7884352040
7884776733,7885035889
7885043094,7885219509
7885552128,7885656149
7885562670,7886116387
7885733675,7885814674
7885973592,7886293273
7886485200,7886650272
7887408797,7887978763
7887800592,7888116900
7888078775,7888405938
7888531697,7889316803
7888950729,7889175581
7889676189,7890020878
7890790655,7891003156
7891183477,7891885143
7891306045,7891843622
7891858364,7892381293
7891921414,7892531074
7892537196,7892926403
7892628567,7893210672
7893606011,7894320559
7894172764,7894538225
7894243775,7894309066
7894880976,7895052022
7895323209,7895927010
7895400803,7895652823
7897542623,7897939784
7898453024,7898568338
7898603326,7898835560
7899663374,7900132610
7900494836,7900856450
7900520778,7900894124
7900696358,7901343649
7901329679,7901846082
7901596994,7902115601
7903135683,7903709141
7903360002,7903608443
7903589194,7904238060
7903658585,7904279925
7903958602,7904312491
7904202759,7904743480
7904629737,7905462347
7906004300,7906272305
7907290686,7907736219
7907548925,7908291223
7907571238,7907902334
7907605910,7908387618
7908424597,7908695946
7908674098,7909177820
7909323698,7910172201
7909551694,7909862726
7911337626,7911457318
7911566445,7913191265
7912394687,7913176404
7912657289,7913206026
7913180833,7913229981
7913426021,7913920862
7913633329,7913967043
7913832704,7914300351
7913980255,7914624457
7914297743,7914798777
7915311861,7915942987
7915585514,7916043157
7915954139,7916770145
7916044740,7916874983
7917010366,7917196740
7918015410,7918044784
7918426737,7918959855
7919022374,7919364878
7919397692,7919731196
7919693764,7920142010
7919964796,7920938768
7920576897,7921384722
7920657965,7921374975
7921424994,7921732877
7921441111,7921809866
7921561941,7922138972
7922297966,7922706697
7922606111,7922713266
7923181588,7923587291
7923951849,7924713712
7924185032,7924909156
7924866884,7925315043
7926241926,7926358223
7926589059,7927067376
7926663003,7927624723
7926717160,7927657197
7926797718,7927467161
7927168720,7927583602
7927698737,7928160873
7928652168,7928823069
7928828692,7929188343
7928939992,7929448684
7929689138,7929736209
7930148319,7930973922
7930309830,7930921297
7930818260,7931405486
7932507491,7932820050
7933122835,7933846955
7933229873,7933712056
7933745773,7933817395
7935273139,7935632680
7936008834,7936213546
7936752207,7936791634
7936797775,7936992812
7937371413,7937737249
7937534637,7938011830
7937558490,7937810547
7939470893,7939869866
7940081315,7941234652
7940278460,7940520833
7940619708,7940676456
7940834693,7941419368
7940977031,7941902944
7941555154,7941880266
7941708534,7942245610
7941743340,7941995293
7942127269,7942332571
7942538119,7943283848
7943463156,7943731023
7943489981,7943900827
7945136653,7945240626
7945267829,7945850287
7945303598,7945615914
7945319261,7945735167
7946089964,7946881818
7947035062,7947736238
7948193727,7948674943
7948994373,7949151730
7949060705,7949535440
7949442747,7950346427
7950538957,7950746126
7951305783,7951451640
7951624645,7952250563
7951765892,7952384906
7952405096,7952623115
7953035532,7953158474
7953142289,7953546998
7953300623,7953632301
7953557890,7953767931
7955628729,7956020347
7955769797,7956366744
7956224154,7956701602
7956427454,7956790982
7956777391,7957351712
7956838382,7957127711
7957133265,7957774711
7957269314,7957526474
7957305037,7958227383
7957389607,7957887239
7957456381,7957847622
7958442476,7958972570
7958887859,7958937444
7959151966,7959713612
7959415970,7959855239
7961189052,7961675801
7961486045,7961800107
7962048463,7962355974
7962481442,7963076499
7963154778,7963568179
7963356119,7963891158
7965434333,7965601673
7965810729,7965959225
7966272519,7966479998
7967358372,7968182353
7967760377,7968276489
7968063085,7968302305
7968315614,7968455377
7969388358,7969763530
7972945767,7973579385
7973830349,7974706251
7974398388,7974951088
7975648724,7976018507
7975671152,7976004485
7976177209,7976293853
7976758134,7977315132
7977783918,7978014335
7978179061,7979012958
7979691565,7980181627
7981829822,7982226420
7981959762,7982510162
7982374210,7982958036
7982670362,7983260398
7982931564,7983314036
7984539525,7984864303
7984778648,7984836243
7984918197,7985590889
7985628665,7985714048
7985773297,7986111336
7985814491,7986454864
7986153194,7986683155
7986775475,7987296990
7987291703,7987605154
7987535101,7987862705
7987839322,7988230047
7988236138,7988719263
7988746174,7989227638
7989864179,7990161125
7990764428,7990989483
7990997732,7991219730
7992026853,7992373332
7993736559,7994531683
7996313527,7996912533
7996476028,7996790142
7997147452,7997179460
7997238239,7997682148
7997396104,7998025675
7997668231,7998544781
7998512100,7999102988
7998693959,7999033439
7999106185,7999914198
7999430783,7999816030
7999844652,8000816706
8000178802,8000920922
8000728863,8001219171
8000742848,8001322156
8000871435,8001353492
8001318550,8001485587
8001821411,8002435109
8001962422,8002339557
8002814166,8003179285
8004632607,8004745603
8004688681,8004962104
8005333239,8006074962
8005803613,8006218401
8006982650,8007663279
8007354427,8007862529
8008497712,8008710931
8009536097,8010035377
8009725575,8010428539
8010179956,8010333502
8011247613,8011507112
8011531511,8012269880
8013523001,8014093703
8014306764,8014945771
8014488173,8014903502
8015131089,8015720852
8015437279,8015663266
8015442522,8015960667
8017044082,8017452428
8017190574,8017558116
8017427709,8018002983
8018022042,8018408522
8018590507,8018912622
8020167752,8020559341
8020417573,8021050028
8020471193,8021366146
8021106087,8021610076
8022985279,8023513974
8023757263,8024061412
8024501958,8025075436
8024753032,8025217131
8025351508,8026630806
8026207616,8026578619
8026561419,8026800883
8026837380,8026899571
8027116120,8027205678
8028216226,8028836781
8028396148,8029215835
8028973814,8029765414
8029474734,8030026836
8029574308,8029928010
8030042191,8030522080
8030112134,8030421891
8030439758,8030943427
8031571141,8031630255
8032672082,8033300120
8032672842,8033209694
8033192803,8033996271
8033247592,8033392952
8033826879,8034001803
8034277804,8034543840
8038897264,8039011766
8039121159,8039569961
8039325708,8039776387
8040491870,8041062152
8041069254,8041773736
8042357119,8042743070
8044315883,8044623106
8044560271,8044826787
8044585817,8044750413
8046581675,8047001925
8046851191,8047343782
8048275957,8048860438
8048503546,8049220423
8049177838,8049724613
8049662382,8049821825
8050143209,8050687522
8050547599,8050974919
8051053574,8051991667
8051559261,8052227376
8052145177,8053014890
8052161743,8052833183
8052567662,8052645584
8052626093,8053212943
8052752380,8053203335
8053026950,8053430474
8053041042,8053639337
8053913560,8054123381
8053924075,8054486791
8054694843,8054745362
8055818054,8056270841
8056653928,8057172863
8057359998,8057667501
8057779744,8058246175
8058571658,8059188019
8060462786,8060991338
8061233166,8061604960
8061689618,8062035870
8063266257,8063662394
8063536424,8063753526
8064402990,8065121182
8064781927,8064902733
8064886469,8065436803
8065259354,8065823211
8067088461,8067320800
8067214947,8067360110
8067767823,8067861199
8068412147,8068617572
8068645199,8068961958
8068645444,8069021690
8068948709,8069055086
8069022714,8069292678
8069622960,8070098757
8070238845,8070383934
8071173723,8071536357
8072907787,8073114444
8073188292,8073324700
8073345806,8073667298
8076411367,8076677239
8077727816,8078006464
8078483700,8078936884
8079462405,8079867296
8079947791,8080423182
8080919976,8081251050
8081880366,8082312967
8084263985,8084772415
8084331342,8084449781
8085846665,8086970578
8086320074,8086741741
8087219758,8087648664
8087614083,8088134942
8088285361,8089449724
8088428083,8089313076
8088589763,8089075255
8090165377,8090555787
8090317433,8090851213
8090625802,8091030738
8091842650,8092153885
8092102756,8092719534
8093010020,8093430212
8093097857,8093568809
8094443107,8094787690
8095614360,8095875491
8095961567,8096421305
8096251476,8096501441
8096502766,8097082692
8096657285,8097240635
8096923308,8097861288
8097888196,8098296868
8098046861,8098791790
8098305231,8098682461
8098320564,8098479680
8098484919,8098738425
8099668882,8099853417
8099755265,8100196629
8099979882,8100169828
8100002025,8100115067
8100207423,8100489414
8100472155,8100585944
8100781221,8101169462
8101026489,8101498909
8103285200,8103616170
8103355653,8103582005
8103657028,8104271827
8103924619,8104455378
8104064317,8104634619
8105793089,8106286190
8106239127,8107113527
8107388269,8109063773
8107496172,8107799666
8107557240,8108123399
8107944839,8108559191
8108451315,8108569560
8108613074,8109145637
8109235135,8110000306
8109453727,8110173507
8109906295,8110237984
8110896977,8111520180
8111554238,8112041865
8112391618,8112877844
8113154063,8113522187
8113723731,8114426901
8114361231,8114820870
8114433437,8114586120
8114827362,8115423355
8115650732,8116272436
8117402690,8117862202
8117622560,8117813442
8117780613,8118379843
8118078069,8118639684
8118136791,8118911185
8118460674,8119137740
8119487679,8119742814
8119559917,8119936737
8121108905,8121670290
8121801483,8122306386
8122123091,8122502588
8122268487,8122338150
8122293660,8122730620
8122622447,8123163172
8122679426,8123500729
8122890955,8123172151
8123547067,8124006261
8123652791,8123854894
8124144620,8124442288
8125046417,8125698602
8125232208,8126154365
8125701003,8125947895
8126531201,8126605524
8126847368,8127258032
8129003475,8129379767
8129049276,8129784441
8129578892,8130227944
8131013226,8131069172
8131069721,8131301673
8131111216,8131649367
8131593053,8132518247
8131979022,8132492348
8132527051,8133073629
8132596086,8133036840
8132670373,8133172422
8133293803,8133350140
8133579484,8134336247
8134330706,8134535455
8134546984,8135303272
8134567967,8135220302
8135326016,8135979362
8135568154,8136673353
8136632564,8136788533
8137076044,8137441935
8137364057,8137424820
8138044769,8138171266
8138551312,8139120861
8139428844,8139913654
8139472670,8139890500
8139534990,8139963096
8141031008,8141264638
8141047041,8141294169
8141303010,8141991583
8141953395,8142528958
8142655967,8143466010
8142704356,8143083046
8143409524,8144200860
8143617804,8144271051
8146331143,8147276017
8146362532,8147092099
8147594171,8147993595
8148467820,8148949499
8148935942,8149644384
8148935986,8149664687
8150073490,8150713421
8150098897,8150605497
8150289751,8150843189
8151183259,8151428772
8151876999,8152523262
8152097344,8152632640
8152499098,8152523138
8152664332,8153210512
8153492492,8153648107
8155149648,8155439281
8155235169,8155591086
8155393102,8155829185
8155600235,8156109960
8156959883,8157131947
8158200748,8158665120
8158312524,8159000860
8159231664,8159811004
8159644337,8159725338
8160657317,8161233592
8162526936,8162900692
8162605183,8163015993
8162878663,8163481413
8163338362,8163441446
8163507533,8163675278
8163574825,8164149241
8164090343,8164627365
8164361348,8164665989
8164554077,8165147718
8166795965,8167645050
8167436173,8168036499
8168054954,8168340835
8169348985,8169461120
8170027953,8170737249
8170469152,8170965879
8172936185,8173583336
8173140227,8173283308
8175749451,8176308666
8177134822,8177833831
8181882569,8182311440
8182490546,8182634050
8182638655,8182921507
8182712415,8183107071
8183682090,8184319222
8184321565,8185044073
8185052687,8185493906
8185496877,8186019410
8186112373,8186396731
8186169660,8186533280
8186228728,8186445900
8186243500,8186289556
8186649544,8187159240
8186909753,8187388960
8188226887,8188753283
8188258343,8188483651
8188592372,8188755068
8188684683,8188956321
8190371197,8190656092
8190542682,8191075417
8190670202,8191042477
8192219629,8192727445
8192338651,8192645729
8192883961,8193141471
8194089534,8194428924
8194391667,8194582288
8194409669,8194537503
8194695568,8195322093
8195234322,8195492165
8195711059,8195908995
8196661913,8196924110
8196755587,8196994151
8196931980,8197123537
8196935252,8197154795
8196999369,8197140601
8197046790,8197375629
8197375608,8197639521
8197379110,8200257258
8198126964,8199066573
8200111074,8200366505
8201104329,8201969781
8202033466,8202642011
8202124581,8202485152
8202330527,8202796906
8204690415,8205223061
8204829872,8205093503
8205249645,8205923034
8206989148,8207696139
8207081061,8207267337
8207702929,8208052781
8207837585,8207982366
8208002116,8208688911
8208064092,8208239908
8208311107,8208375304
8208705917,8209081480
8208906545,8209464704
8209016853,8209246316
8209707192,8210161445
8210889891,8211369700
8211035576,8211873147
8211926410,8212263702
8212268749,8212439973
8212678354,8212736273
8212694434,8212979660
8213343796,8213934157
8213799530,8214285273
8213813070,8214157067
8213902284,8214347289
8213950545,8214307220
8214243072,8214891329
8215381178,8215623028
8218620613,8218784452
8219040774,8219635602
8219192625,8219742146
8220452351,8221027732
8220645757,8220779245
8220705364,8221155116
8222281331,8222728095
8223996182,8224650732
8224035661,8224416349
8224126301,8224558029
8224397530,8224748246
8225087826,8225573636
8225515634,8225999382
8226576104,8227092092
8227115628,8227861768
8227533197,8227717197
8227930670,8228092390
8228088659,8228186436
8228483134,8228734136
8228512344,8228995983
8228741601,8228840921
8228766498,8229061309
8229129706,8229685614
8229315541,8229517058
8230402435,8231090845
8230776560,8231104372
8231607386,8232105852
8232994745,8233503106
8233108924,8233544042
8235846926,8236071920
8235927063,8236059633
8236794453,8237094568
8237075291,8237183966
8237173286,8237266128
8237207986,8237342814
8238308152,8238857429
8238543794,8238958497
8238992381,8239314492
8240128559,8240682610
8240429902,8240554911
8241666575,8242237712
8243060540,8243598714
8244151807,8244546255
8247019523,8247373513
8247154325,8247537786
8247901548,8248213327
8248173343,8249346132
8248236167,8248467183
8248509224,8248946479
8248782257,8249102731
8249181845,8249365751
8249755588,8249884544
8249980614,8251014718
8250841038,8251069511
8252407649,8252521602
8252689175,8254567853
8252917371,8253787172
8253016337,8253803310
8253804766,8255101790
8254748227,8255695842
8254916534,8255721429
8254971795,8255557685
8255997384,8256515063
8256027383,8256240852
8256572284,8257123745
8257513974,8257593743
8257522435,8258055024
8258205552,8258358143
8258257544,8258661288
8260638665,8260807746
8261415520,8262183760
8261883234,8262033558
8262052732,8262906206
8263799792,8264336995
8264202743,8265062094
8264249045,8264674356
8264695079,8265045043
8265056498,8265654197
8266143892,8266594927
8266724333,8267169933
8268314153,8268927990
8268340404,8268588790
8269216394,8269241396
8269751004,8270150490
8269856744,8270353790
8270320658,8270587675
8271830353,8272472860
8271889816,8272348045
8272454315,8272524380
8273490185,8273872733
8274010989,8274327552
8274076465,8274441308
8274103241,8274582380
8274108388,8274881547
8274584800,8275077896
8274832909,8274889736
8275198717,8276028250
8275400166,8275540921
8275468115,8275585562
8275499321,8275920160
8275875569,8276341392
8275919414,8278320631
8276031218,8276246126
8276119487,8276592263
8276268941,8276610846
8276554593,8276581988
8276752345,8277161636
8278423421,8279106709
8279780376,8279930517
8279910915,8280280051
8280122115,8281066119
8280659716,8281348627
8280831979,8281121850
8282331482,8282370808
8283449682,8283642015
8283572042,8283960160
8284511430,8284965070
8284537168,8284965190
8285727987,8286563737
8286446463,8286757658
8286447687,8286741199
8286742644,8286914792
8286969144,8287392957
8287579955,8287858072
8288176481,8289203178
8289162333,8289808699
8289545795,8290116364
8289634165,8290377943
8289968489,8290537961
8290608451,8290924181
8290620810,8290814665
8293845836,8294045168
8294295897,8294747131
8295545498,8295640051
8295589343,8296092219
8295899806,8296213861
8296110091,8296342295
8297141596,8297400226
8299055879,8299789990
8300069312,8300675788
8301216612,8301701128
8301641097,8302723100
8301798784,8302323068
8302025201,8302167710
8305762542,8306245428
8306024180,8306573748
8306551028,8306928422
8307466188,8308042162
8307567639,8307681467
8309060445,8309462800
8309087258,8309306842
8309562514,8309873322
8310301883,8310753437
8310433168,8311072602
8311497426,8311814896
8311579623,8312047202
8312290456,8312603302
8312664523,8312786322
8313338542,8313769196
8316162425,8316433259
8316496300,8316817028
8316573759,8317105069
8317201288,8317895491
8317394053,8317912684
8320323348,8321118822
8320788328,8321334573
8322885696,8323388397
8324274861,8324837181
8324627036,8325119400
8325590624,8325897344
8325773817,8326496665
8327555000,8327956260
8327620555,8327731093
8327892453,8328212440
8328544264,8329360687
8329166897,8329526488
8329749607,8330144040
8331384302,8331881722
8331490079,8332163593
8333771851,8334365400
8334229702,8334488745
8335030880,8335739375
8335430825,8335930808
8336085267,8340757327
8336480398,8340986131
8343491896,8343710680
8343895855,8344276132
8343902874,8344525194
8344925416,8345601320
8345124494,8345180926
8345767505,8346406502
8346062680,8346618082
8346181537,8346637281
8346201761,8347202115
8346853932,8347070470
8347085337,8347572932
8347202904,8347836618
8347636164,8348018191
8348574874,8349088341
8349269106,8349590436
8350039824,8350362410
8350447703,8350851898
8351067925,8351514030
8351422215,8351796876
8351814653,8352452593
8352127898,8352572728
8352214969,8353128579
8352467827,8352719897
8352526943,8353111842
8352878471,8353427275
8353118333,8353593408
8353887030,8354560808
8354080326,8354160691
8355206713,8355427343
8355262580,8355493643
8356056740,8356502435
8356428659,8356450668
8357520959,8357864180
8358718391,8359215017
8359901986,8360280731
8361052069,8361167123
8361539340,8361895489
8361811521,8361939883
8362518235,8362776790
8362819024,8363301345
8363435236,8363757125
8366649437,8366926527
8367079553,8367925720
8368317381,8368897350
8369058863,8369359782
8369353160,8369963198
8370287580,8370925840
8370462247,8370948767
8371309359,8372165912
8371335803,8373399519
8373014642,8376283048
8373428427,8375178487
8376529407,8376838782
8376580507,8376717318
8376925090,8377241513
8378436461,8378826524
8381173960,8381300932
8381720662,8382025509
8381976488,8382269865
8382160840,8383061759
8383444421,8383529580
8383988689,8384085791
8384997326,8385053080
8385757838,8386250214
8385909019,8386353139
8385947084,8386030531
8386435903,8386667056
8386906515,8387135389
8387878282,8388469754
8389009974,8389686277
8389350073,8389506551
8389743962,8390009331
8389778751,8389873833
8390607087,8391188646
8392295160,8392873618
8392340255,8392711663
8393154432,8393781061
8394074362,8394442541
8394858295,8395164866
8395977898,8396596586
8396129884,8399917511
8396803247,8397078982
8396942310,8397419918
8398481225,8398968502
8400863485,8402706612
8401700434,8402191009
8401812234,8402347765
8401958180,8402235129
8403769558,8404759312
8405035010,8405651375
8405245373,8405672881
8405248767,8405523718
8405868951,8406621686
8406452883,8407585170
8406956173,8407700564
8408150182,8408516325
8408505569,8408715391
8408755615,8409097959
8409012305,8409214113
8409270101,8409731031
8409345650,8409851592
8412624250,8412928452
8413003184,8413618406
8414160083,8414682409
8414426071,8414997756
8415259616,8415827920
8415620661,8415786222
8416021789,8416450866
8416279001,8416846095
8418359312,8418637039
8418484402,8418685963
8418821103,8419383957
8419709497,8420441688
8421336992,8421922193
8421633638,8422065600
8421745544,8422500712
8423983440,8424703059
8424381682,8424757347
8424817384,8425044959
8425356718,8425799815
8425652754,8426172834
8426150808,8426554700
8426557940,8427019964
8428293119,8428992086
8430167891,8430700377
8430285022,8431475346
8431732998,8432117684
8432321778,8432797469
8433143580,8433690451
8434229935,8434831896
8434311010,8435300614
8434931199,8435194106
8435033827,8435488209
8435530301,8436292727
8436287723,8437553288
8437011718,8437595824
8437560334,8437955241
8438404695,8438968369
8438972741,8439241530
8439358658,8439616778
8439567458,8440639496
8439622270,8440294817
8439958595,8440577295
8439969882,8440627794
8440511287,8440791855
8441391507,8441877823
8441937879,8442008968
8442308372,8442703942
8442650286,8443490096
8443521381,8443899570
8443653036,8443944658
8444547066,8444690831
8444605656,8444928541
8446960277,8447442057
8447645146,8448281397
8447730415,8447961162
8447928242,8448339415
8448519260,8448924359
8448790419,8449383499
8449220583,8450013410
8450197958,8450595143
8450246110,8450444897
8450341248,8450737666
8450577658,8450976569
8450602556,8451234449
8451007306,8451314142
8451856164,8452145593
8452995403,8453378879
8453099073,8454075439
8453636273,8454027433
8453742674,8454597972
8454529389,8455041260
8455663852,8456451292
8456264776,8456547612
8456429939,8456771592
8456456077,8456799344
8457810279,8458138832
8458817843,8459438372
8459051723,8459794994
8459246605,8459662505
8460139632,8460599879
8460714548,8461015452
8461887475,8466295760
8462413423,8466797562
8466098353,8466368151
8466670239,8467125457
8466802788,8466968577
8467297675,8467637619
8469435724,8469903679
8469442319,8469869922
8470277643,8470564130
8470328243,8470371839
8470932098,8471115097
8470999021,8471721504
8471389842,8471793395
8472245646,8472570105
8472322071,8472382044
8472394280,8472725235
8472394927,8472872256
8472413210,8472773926
8472778160,8473088181
8474789156,8475391423
8476309890,8476862788
8476358716,8477023560
8477109421,8477698263
8477862144,8478111915
8477927837,8478971042
8479047073,8479734415
8481474878,8482014365
8481587662,8482117860
8482021448,8482265603
8482428936,8482849368
8482771231,8483322422
8483669879,8485665622
8483901239,8484572818
8486176709,8486353808
8486411098,8490960209
8486786037,8490693786
8490837694,8491727205
8490932088,8492327017
8491627040,8492205491
8492205459,8492663443
8493419417,8493823641
8494979639,8495340110
8495269391,8495409319
8496313023,8496813849
8497016665,8497628380
8498350749,8498967289
8499089552,8499407605
8499378443,8499876857
8500997303,8501610464
8501029404,8501817521
8501663649,8501961814
8501772339,8502228148
8502032690,8502696490
8502187835,8502346568
8502480086,8503444628
8504870425,8505861489
8505062989,8505558393
8505873966,8506514509
8506053053,8506273486
8506061316,8506569804
8506803237,8507095732
8507057869,8507316592
8509771785,8509899723
8510108956,8510746383
8510502242,8510939347
8511129032,8511332430
8511414809,8511890028
8511558093,8512416580
8512691963,8512890331
8512730512,8513013889
8512772429,8513180731
8514874757,8515819089
8515128789,8515482208
8518007263,8518043505
8519065593,8519972111
8519454331,8519644309
8521524840,8521838195
8522630404,8522754043
8523009157,8523473023
8523744868,8524985574
8523950723,8524423164
8524451699,8524954961
8525016832,8525340840
8525684724,8525872452
8527276818,8527522774
8528342433,8528615585
8528689370,8528848127
8529102811,8530006987
8530107798,8530324297
8530685114,8531566896
8531067952,8531586184
8531079918,8531746372
8531519222,8532282741
8532395175,8532783470
8532411423,8532730188
8532487468,8532871395
8534549057,8535214169
8534811393,8535039596
8535564754,8536157143
8535875844,8536335128
8536587047,8536718997
8537086045,8537519386
8537407261,8537800105
8538690440,8538750117
8539106591,8539601811
8539444606,8539661022
8539919550,8540520854
8540261329,8540854665
8540819613,8541345956
8541376369,8541947233
8542805711,8543148651
8543141733,8543705407
8543886713,8544701385
8544537972,8545223120
8545064233,8545741458
8545874373,8546544699
8545895472,8546205152
8546376629,8546515347
8547911752,8548604883
8547973322,8549245310
8549222564,8549989162
8550750619,8551767389
8551712386,8552294534
8551769699,8552495927
8552451546,8552736556
8552497913,8552787480
8554251140,8554726119
8554556171,8555842686
8554786651,8554859788
8555466933,8555715637
8555867943,8556290862
8557768678,8558170884
8558814147,8559138655
8559467525,8560102141
8559694627,8560041009
8559705363,8560101145
8560136446,8561133827
8561151531,8561470758
8561412423,8561873047
8562463324,8563038394
8562668216,8562929903
8562937231,8563172349
8563191781,8563676922
8563634355,8564614428
8564029048,8564531899
8564069624,8564469149
8564335589,8564732572
8564388188,8564535449
8564867639,8565501229
8565490736,8565624132
8565631315,8565988936
8565670501,8565935732
8565832233,8566141228
8565834394,8566078221
8566659603,8567014716
8566842211,8567171559
8566994077,8567105143
8567220291,8567629973
8567441273,8567842799
8567503091,8567901248
8567860474,8568323019
8568715867,8569185620
8568730782,8568905032
8569257435,8569692089
8569722160,8570271248
8569816661,8570248767
8569931460,8570134985
8571176452,8571786503
8572075505,8572882832
8573482957,8573796972
8573596441,8573857357
8573854498,8574335873
8574141959,8574219866
8574305582,8574582922
8574406888,8575000458
8575646579,8575724213
8576751984,8576814090
8578014779,8578119887
8578391786,8578726083
8579383169,8579812205
8580094338,8580579225
8580149719,8580344676
8580830023,8581441409
8581668246,8582404427
8582402742,8582542977
8583930045,8584544563
8585970055,8586368373
8586248015,8586663085
8586356378,8586722151
8586401100,8586479806
8586424764,8587065586
8586481146,8586981540
8586873703,8587052916
8587792042,8588037767
8587913488,8588048115
8587919038,8588125649
8588311597,8588674533
8589300394,8589756155
8589574287,8589959799
8590293190,8590750960
8592220941,8592756178
8593603269,8593902669
8594244649,8594567771
8595395171,8595590600
8595777372,8596149629
8597966420,8598489742
8598344208,8598544033
8598955975,8599203863
8599173802,8599498433
8599582196,8599862170
8599990010,8600572664
8600535427,8600725194
8600537804,8600879648
8602003685,8602372195
8602123534,8602304134
8602239147,8602647876
8602653319,8603289015
8602874438,8603245111
8603648035,8604418485
8603909046,8604454690
8604577029,8604649906
8604618876,8605182543
8605162354,8605364399
8605233647,8605687536
8605567188,8605915703
8605824188,8606327469
8605954551,8606748930
8606870941,8607242170
8607775981,8607946875
8608748212,8609277271
8609390517,8609849628
8609583712,8610317947
8611895769,8612367342
8613037445,8613516201
8613991027,8614572627
8614007800,8614428521
8614401230,8614496407
8614492009,8614709405
8614791421,8615374968
8615611300,8616030340
8616080687,8616858486
8616268200,8616302828
8616277766,8616881474
8616415572,8616991549
8616748826,8617040243
8616822344,8616935364
8616967239,8617216522
8617292181,8617355906
8617327128,8617693021
8617688733,8618273952
8618603867,8618823269
8618832616,8619025171
8621479414,8622046910
8621800939,8622066063
8622117819,8622510166
8622141952,8622448334
8622675119,8623264354
8623670946,8625088071
8623969506,8624520477
8625183008,8625498947
8625568072,8625810697
8625612484,8626393710
8625994400,8626522003
8627738881,8628225633
8628165110,8628626240
8628391440,8629085273
8628954020,8629429793
8631677816,8632065303
8631738017,8632619341
8631820952,8632653448
8631886331,8632451907
8632312807,8632679448
8632528357,8632819368
8635619151,8636083302
8636558147,8636880444
8636869041,8637373888
8637146187,8637514208
8637351527,8637929633
8638476228,8638617802
8638732002,8639358345
8639429254,8639773706
8640720046,8641434288
8642748067,8643281483
8642764467,8643026463
8642916077,8643133395
8643431770,8643891343
8643540068,8643842729
8644278391,8644795032
8644811058,8645213323
8644976719,8645420247
8645227772,8645514959
8645440284,8646311634
8646211195,8646955506
8646622568,8646824334
8647534731,8647922685
8651537722,8651821139
8651758218,8652351787
8652024894,8652417797
8652763857,8652924769
8653194167,8653924929
8653402158,8653509223
8655647374,8656173792
8656245386,8656814659
8656487210,8656942842
8659060980,8659510454
8660508292,8660682631
8660833743,8661030490
8660877592,8661027437
8661088763,8661368045
8661185826,8661542566
8661242784,8661778503
8661854864,8662184399
8662875679,8663195020
8663686697,8663942115
8663847552,8664445775
8664688751,8666182754
8664980858,8665355996
8666614735,8667248838
8667224473,8667596627
8668224816,8669744874
8668509119,8668805612
8669750518,8670032687
8670474944,8671081374
8670872391,8671956960
8671618075,8672004567
8671765259,8672149835
8671958345,8673105059
8672608283,8673156088
8673376278,8673413045
8673680681,8674192802
8673959232,8674198918
8674832132,8675250585
8674847653,8675016020
8675067572,8675598677
8676025867,8676325654
8676293142,8676574993
8676557659,8676920150
8677366987,8677767560
8678026369,8678670943
8678372976,8678615319
8678699373,8679070358
8678713544,8679113621
8680098561,8680489811
8680179675,8680227461
8680408126,8680968722
8680970244,8681526763
8681258438,8681827173
8682262163,8682549922
8682885301,8683232945
8683376633,8684012024
8683559519,8683918604
8683559529,8683615972
8683592420,8683939913
8684291887,8684785853
8685266464,8685738176
8686200139,8687124827
8687473739,8688073109
8687647781,8688644116
8688874837,8689416562
8688990028,8689301236
8689087159,8689724772
8689269091,8689580148
8689740640,8689983266
8690069000,8690569257
8690913005,8691648520
8692823020,8693481663
8693751349,8694214480
8695454215,8695540707
8695524566,8696084077
8695668582,8696043149
8695680904,8696272867
8696299300,8696366293
8697122068,8697370755
8697867995,8698164813
8697906123,8698206646
8698168340,8698815255
8699343160,8699727492
8699569874,8700376949
8699584286,8700177383
8700023733,8700732927
8700745721,8701043859
8700746124,8700927088
8701000770,8701569213
8701376565,8701715604
8701463910,8702033134
8701614366,8701865446
8702012770,8702434073
8702430226,8702942048
8703420323,8704160159
8704908042,8705047699
8706766163,8707326695
8706936400,8707471388
8707076182,8707400240
8708654859,8709310017
8709096886,8709602664
8709328070,8709892351
8710679844,8710758452
8711543184,8711841130
8711557216,8712144206
8711805879,8711985199
8712182218,8712739313
8712329590,8712624920
8713557994,8713730881
8714238629,8714732594
8714259846,8714433227
8714844091,8715749728
8715147615,8715243992
8718839162,8719351194
8719476753,8719778287
8719617646,8720143188
8719705154,8719976494
8719911010,8720080834
8720245166,8720553890
8720474050,8720767015
8721001928,8721263056
8721286449,8724559040
8722695714,8722774930
8723197596,8723482955
8723436919,8723910505
8723552616,8723748327
8725042763,8725741613
8725583740,8726061645
8725598799,8725732034
8726043833,8726284465
8726985407,8727570952
8727517173,8727801645
8728542837,8728747383
8728689298,8729247936
8728870439,8729245101
8728892150,8729418263
8729296597,8729660337
8730037996,8730638135
8730066953,8730632087
8730486150,8731179532
8731168351,8731663685
8732679074,8733225360
8732685208,8733181563
8734193283,8734783201
8735482298,8735677961
8736373413,8737145128
8736690648,8736866870
8736974797,8737972580
8738015342,8738792157
8739498224,8739876435
8740492948,8740898201
8746214307,8746587587
8747248972,8747609603
8747356398,8747609882
8747804304,8748771612
8748562882,8748785114
8748983031,8749401992
8749045372,8749527754
8749405047,8749717352
8749803656,8750275373
8749936807,8750102897
8750555141,8750716571
8750642944,8750800496
8750656675,8750878845
8750684441,8750998351
8750852856,8750975233
8751488206,8751820212
8751658900,8752050475
8751718082,8752179770
8752005368,8752653768
8752165194,8752267987
8753183699,8753764858
8753497346,8754010052
8753965627,8754427805
8755261061,8755451153
8755366602,8755958327
8755804907,8756695918
8756634982,8757166138
8757711700,8757860839
8757715916,8757975897
8758685564,8759405541
8759364942,8759626790
8759412199,8759800346
8759659610,8760196846
8760509306,8761118839
8760596057,8761458259
8761485731,8761894730
8761578921,8761741000
8762334335,8762863493
8762592409,8763240397
8762707273,8762763061
8762941048,8763120953
8763203009,8763610776
8766185738,8766680893
8766247349,8766728892
8766428049,8766701218
8766746636,8767165081
8768013589,8768142840
8768200370,8768629768
8769539798,8770184808
8769756686,8770395873
8770818432,8771047782
8771367905,8771771600
8772526866,8772980480
8776280526,8776812907
8776837870,8777449213
8777018929,8777720148
8777212656,8777754503
8777250961,8777655494
8778243374,8778706883
8780804480,8781171986
8781182136,8781566786
8783752641,8784426475
8783797776,8784554307
8785095197,8785610437
8785822474,8786133710
8786655757,8787012973
8788127005,8788708517
8788316000,8788586338
8789192630,8789379215
8789334347,8789641625
8789530164,8790102726
8790073924,8790482030
8790886664,8791326001
8791340372,8791620881
8791494866,8791930207
8791631377,8791735487
8791900838,8792489154
8791943175,8792435852
8793413890,8793735254
8795104848,8795619637
8795948276,8796466290
8796063212,8796542126
8796166777,8796773868
8796313756,8796668283
8796538580,8796768935
8796794011,8797280503
8800282141,8800389776
8802398160,8803075442
8802492034,8803083145
8802711561,8803073656
8803199601,8803646008
8803756704,8804335543
8803856803,8804394874
8804001283,8804515623
8805073614,8805499236
8805489037,8805983076
8805701920,8805780086
8805929809,8805974115
8806152668,8807184978
8806394193,8806973440
8806825233,8807350418
8807406879,8807711342
8808441867,8809041690
8808621560,8809170992
8809241246,8809540824
8810803873,8811077909
8811209557,8811643277
8811263501,8811884584
8811666308,8812464376
8811852501,8812466179
8812106549,8812557959
8812871867,8813539736
8813664513,8814121960
8813769316,8813903730
8813832512,8814107098
8814242355,8814737327
8814397365,8814938212
8815383328,8815815273
8815587452,8816377636
8816365646,8816911344
8817058870,8817545191
8817458834,8817888333
8817847617,8818445476
8820634178,8821290545
8820744213,8821408391
8821302117,8821716880
8822978297,8823403365
8823835273,8824348290
8824080398,8824347951
8824257920,8824603241
8824998433,8825506121
8825071775,8825693868
8825443008,8825719103
8825597038,8827797722
8827799404,8827874229
8828143195,8828401526
8829924016,8830712540
8831598091,8832067679
8831675952,8832023279
8831828242,8832243268
8833217695,8833552618
8834798341,8835342097
8835697183,8835771956
8835699088,8836237894
8836311758,8836366141
8837073110,8837280030
8838487326,8838672679
8838503234,8839053687
8839189905,8839629261
8839592358,8839843853
8840825502,8841655193
8840894484,8841394048
8841288065,8842176513
8841319049,8842152121
8842080812,8842609211
8842306025,8842865554
8842750777,8843102548
8843043935,8843482517
8843360141,8843971893
8843769544,8843875514
8844024238,8844241989
8848993031,8849306043
8849868691,8850330501
8850594840,8850643566
8850866729,8851223252
8851241962,8851818919
8851271704,8851806649
8852721550,8852956711
8853424276,8853494310
8853499052,8853699500
8853592747,8854050643
8854091069,8854696772
8856257644,8856835976
8856345951,8857175072
8857698912,8857958627
8858139043,8858296945
8858850140,8859084890
8859533372,8859857424
8861121506,8861520890
8862163542,8862332940
8862991979,8863771108
8864309615,8864693133
8864738576,8865366075
8865415996,8866432988
8865926598,8866479448
8867556110,8867919475
8867664024,8868174756
8868091968,8869026468
8868342567,8868864348
8868515470,8869015741
8868811020,8869508140
8869521273,8869871997
8871271797,8871720833
8871736583,8872062434
8871885701,8872357469
8873021313,8873614975
8873453042,8873957716
8873807632,8874518534
8875527591,8876147301
8876054350,8876161294
8876801535,8877483574
8879059523,8879237014
8879146897,8879763375
8879154838,8879589248
8879522148,8879717818
8880705813,8881158595
8882748489,8883497463
8883077075,8883276636
8884079014,8884453997
8884297671,8885089056
8884513753,8889922214
8884781018,8885268183
8885495413,8886029271
8885861861,8885889047
8886040097,8886137890
8886125927,8886494420
8887428211,8887709110
8887844774,8888165195
8888244360,8888879600
8888657362,8890837250
8889720439,8892343146
8890340701,8890434001
8890537328,8890895124
8890684722,8891180941
8891234429,8891557847
8891584003,8892033134
8891623133,8891979417
8891638242,8891842235
8891795372,8892548748
8892205456,8892543494
8892473414,8892656318
8893915133,8894470107
8895475437,8895556222
8895820834,8896159063
8896428905,8896949454
8896590956,8896613625
8896930473,8897171616
8898197336,8898272546
8898895356,8899834977
8900477303,8900732801
8901257480,8901531599
8901903074,8902235089
8902459766,8902734442
8902740841,8902788946
8904422943,8905081515
8905339057,8911430071
8905769874,8906047040
8906606814,8907284683
8906952378,8907710951
8908032589,8908532734
8908148783,8908576413
8908409548,8909141189
8910147565,8910441511
8911401311,8911728916
8916023556,8916283351
8916444836,8916859424
8916861576,8917611949
8917618320,8918101435
8918180541,8918271381
8918319055,8918746298
8918986817,8919696927
8919400125,8919902134
8919906416,8920525586
8920039057,8920199999
8921125981,8921240732
8924330599,8924588114
8926896840,8927296269
8927278420,8928159401
8927951850,8928476382
8928301136,8928915471
8928484275,8929142140
8928742375,8929306576
8929309257,8929641386
8929665100,8930480162
8931344735,8932153248
8932195424,8933006932
8932555307,8932990429
8934001081,8934724064
8934132374,8934837658
8934161481,8934529450
8934363586,8934860832
8934589574,8935578388
8935327752,8935616966
8935683461,8937339788
8935795873,8935981516
8937273509,8937634161
8938141937,8938570669
8938487274,8939516749
8938670709,8938923965
8939171582,8939660749
8939713574,8940066823
8942069954,8942777218
8943679673,8944545773
8945520990,8946386961
8946258757,8947188201
8946890546,8947078145
8947066476,8947183898
8947186324,8947518420
8947405397,8947994844
8948298326,8948715148
8948601092,8949267747
8948861721,8949602244
8949224655,8949897347
8950689760,8951790887
8952191569,8952349028
8954328213,8954563903
8954344271,8954687707
8954615296,8955124029
8955396452,8955955661
8955634099,8956198968
8956729033,8957232028
8956731669,8958828699
8958420742,8958812069
8958438860,8961891733
8959037239,8959695970
8961133176,8961783151
8961363276,8961699385
8961784711,8965942597
8962483738,8962878099
8965161729,8965615166
8965279620,8965676243
8965444893,8965875623
8965618644,8966380121
8966782024,8967276518
8966917774,8967755813
8967842620,8968546197
8969949070,8970404106
8970100753,8970355872
8970260752,8970674521
8970925966,8971613448
8974487963,8975074390
8974757690,8977441085
8975079389,8975998249
8975634590,8976320890
8976081097,8976328224
8976198933,8977186003
8977793221,8978165781
8977918360,8978033119
8979260893,8979909238
8979498972,8979921201
8979654778,8979997964
8980578341,8981096746
8980644512,8981345068
8982760063,8983021387
8983065429,8983713294
8983289735,8983467012
8984083571,8984806564
8985259140,8985404693
8985318367,8985592687
8986251638,8987173130
8986864689,8987513859
8986943907,8987526593
8987578903,8987973621
8987725992,8987978163
8988016402,8988206289
8989202113,8990913376
8989934076,8990260226
8990182026,8990705371
8990861017,8991335517
8993014057,8993454727
8993925777,8994926234
8994680781,8995821474
8994882678,8995509532
8994923753,8995325393
8995515042,8996158772
8995832365,8996070586
8995982212,8996852516
8996935087,8997666761
8997698681,8998087724
8998535753,9000445474
9001279461,9001390023
9001880885,9002249544
9002078813,9002351850
9003092962,9003339883
9003969815,9004945346
9004592042,9005094504
9005123864,9005888150
9007147635,9007788134
9008632266,9009137318
9009398970,9010184202
9009498922,9009805372
9009619786,9009995077
9010468261,9011197463
9010555861,9011199167
9011416576,9011667510
9011796588,9012382659
9011926873,9012358487
9014510982,9014894309
9015177596,9015686600
9015958134,9016638672
9016151460,9016655082
9017008606,9017812879
9017049192,9017561813
9017121889,9018150382
9018669326,9019463123
9019225571,9019402982
9020242716,9020531554
9020262855,9020738511
9022271382,9022670753
9023059580,9023691275
9023261275,9023737359
9024783713,9025246678
9024977861,9025917793
9025168234,9025738874
9025427224,9025951779
9025769978,9026513112
9026343084,9026447820
9026975734,9027786389
9028184286,9028961584
9029625363,9030086290
9031049896,9031151320
9032824598,9033973177
9033191487,9033778920
9033508893,9035977534
9033791572,9034463334
9033844442,9033982848
9034479783,9034633441
9036903086,9037239443
9038711036,9038905921
9039052828,9039635617
9041369586,9041971653
9042875984,9043584266
9043113143,9046506360
9043165922,9047297854
9043782198,9044301417
9044208673,9049717227
9045717557,9045977687
9048279703,9048624862
9055109339,9055155648
9055259736,9058409470
9055508593,9056200079
9056574971,9056988332
9057009573,9057367921
9057460947,9057562500
9057509832,9058427054
9058437354,9058965712
9061532492,9061988292
9061840654,9061925701
9062902979,9063473738
9063891517,9064430750
9067056421,9067556337
9067928367,9068759294
9070112602,9071062418
9075367819,9076077656
9075369164,9075887641
9075461661,9076084927
9075895136,9076739255
9076754294,9078028411
9077481971,9078278396
9082361002,9083227569
9082737902,9083104828
9082894177,9083500981
9084511746,9084778776
9085183367,9086011327
9085266350,9085785657
9085530269,9086271064
9087647365,9088152238
9088220833,9088403731
9090292497,9090842365
9090718458,9090856747
9092368339,9092535097
9093413360,9093637131
9095171304,9095550713
9095565773,9096171033
9097226003,9097784142
9099060938,9099241181
9099695921,9102821645
9101296067,9101630622
9101711041,9102557485
9102109461,9102381053
9102457255,9103568001
9105804364,9106813704
9111725125,9111861859
9113401685,9114027911
9114776191,9115699922
9117690414,9118236070
9117974552,9118844987
9118310982,9118430737
9119926522,9120399307
9120709232,9121314816
9120797373,9121528859
9121863356,9122883739
9122379365,9122783069
9124032860,9124628038
9126502628,9127856697
9126716105,9127571027
9127502413,9127884011
9128491443,9129364487
9128497848,9131805458
9129185921,9129856165
9131027417,9132036386
9132415209,9132818172
9133786169,9134554847
9134001001,9134799035
9135526479,9136528384
9138141036,9138299601
9138583946,9139697800
9138748868,9139913092
9138783645,9140502101
9138962632,9140436240
9139813940,9140445285
9139921273,9140781816
9140360157,9141371063
9141679264,9142835181
9142742096,9143239018
9143307481,9143968452
9146646741,9147565331
9146774190,9147248332
9147128896,9148018036
9147611547,9148536320
9147853512,9148029733
9148490215,9148918796
9149348552,9150173369
9149976364,9150489366
9151003902,9151405316
9152193024,9153680676
9153945282,9154440746
9160077838,9161109391
9160826993,9161011490
9160883712,9161156074
9161158918,9161774660
9161648450,9162116563
9162119479,9162220305
9162266388,9162699190
9162503346,9163094770
9162778509,9163249029
9163868032,9164722927
9163984494,9164619820
9165240754,9165959953
9167166016,9168462125
9167317096,9167896625
9167410951,9168189480
9170067821,9170829840
9171239054,9171715434
9172345731,9173020561
9172560693,9173553283
9173667122,9174784801
9173689593,9174188396
9174609497,9175421753
9176875097,9177746450
9177754970,9178806380
9178038740,9178806761
9178140344,9178589939
9178917322,9179524420
9182144171,9182744189
9182655432,9183321185
9183022298,9183902730
9183121265,9183364679
9183859068,9184367154
9184712064,9185857402
9185428238,9186234532
9185801163,9186995367
9187750126,9188355589
9188978823,9189114301
9189903565,9190639538
9189923596,9190680236
9190001546,9190829161
9190528570,9191745585
9190784697,9191871790
9192922713,9193139541
9193571170,9194097370
9194578594,9194681530
9195979632,9196497708
9196179963,9196416232
9197096115,9198313022
9197316751,9198010656
9200471243,9201359880
9200515552,9202605764
9201604000,9202814675
9203477971,9204128304
9204006436,9205195058
9204570547,9205264942
9206408512,9207193088
9210534444,9211566735
9211493972,9212113208
9213083297,9213859109
9214039179,9216920875
9217592733,9219246527
9218414959,9220063256
9221210551,9221880975
9221817485,9223138526
9222156306,9222631490
9224190413,9225340116
9224719302,9225302374
9225131882,9225900390
9225905782,9226185730
9225979369,9226620088
9226944698,9227290518
9228485874,9229348531
9228659053,9229260624
9229213155,9234627430
9229374218,9230582286
9230087209,9230981423
9231043514,9231584846
9233138647,9234060623
9233791445,9233998289
9235329299,9236092036
9236151552,9236776035
9236730600,9237437291
9237407657,9238873483
9237447486,9238762034
9238387953,9238561865
9239002102,9239794698
9242029510,9243345039
9244863659,9249047447
9245359649,9246344138
9247271100,9248344279
9249705945,9250765076
9250182764,9250902475
9251337699,9252872329
9252349825,9253139183
9253522300,9258683310
9255957794,9257035337
9256988911,9257700850
9258251991,9259397487
9259238805,9260285334
9259624458,9260393996
9262418917,9263066050
9264626284,9265052302
9264768322,9278956240
9264911557,9265940416
9265671447,9266445536
9266105112,9266902350
9267436400,9268479470
9269246744,9270494004
9271311685,9272584540
9271797458,9272428587
9275385080,9276000396
9275726389,9277614336
9276687005,9277375467
9279010734,9279970520
9279060527,9279680567
9281159127,9282212245
9281577851,9282899494
9282771136,9283769199
9284403842,9285463951
9286668997,9287807284
9286910901,9286997364
9287149873,9288506020
9289298807,9290561358
9289887523,9290323216
9291735683,9292642606
9291857098,9292493506
9291971763,9292920723
9292773827,9293379822
9293886571,9294560749
9294658541,9294964048
9303165595,9304630427
9303933192,9304804902
9304524454,9305422016
9305736959,9305899849
9306553882,9307421412
9307143710,9308324443
9309345742,9310566595
9313833418,9314787397
9316679537,9317604745
9317387560,9317831906
9318174501,9319321979
9318983820,9320124162
9320012769,9320329904
9321574207,9322157501
9324076318,9325669395
9325388666,9330292310
9328010234,9333450299
9328017170,9329240432
9329974410,9331273441
9333380634,9333986663
9333864941,9334723254
9335177910,9341801705
9335966959,9336013956
9336898248,9337403324
9341160162,9341289184
9342092299,9342418624
9343486763,9344112392
9346268346,9347973877
9347079749,9351636184
9347096307,9352643354
9354994951,9357026052
9356289699,9357194210
9356912208,9358226110
9357016263,9358182373
9357347821,9357909185
9358446805,9359592696
9358618093,9360180814
9358699601,9359814257
9363187204,9363396348
9363600014,9365301877
9363883589,9364543968
9364179870,9364838892
9364609503,9364831428
9364990766,9365958740
9365314376,9365755995
9367360746,9368323938
9368735700,9369139274
9369833291,9371117482
9371441676,9372335619
9373368414,9373875679
9373505972,9373787162
9373809402,9375517339
9374731019,9375992875
9375996868,9377215069
9376349513,9377116873
9376590378,9377048148
9377285602,9378148385
9378523439,9379413459
9378667938,9380017363
9380027348,9381627768
9381635031,9382236172
9382450060,9384316278
9383022409,9383983341
9383423760,9385250649
9385266555,9386661166
9386356112,9387637316
9386779748,9387540610
9387497821,9388617428
9387812769,9388526435
9388552835,9389065886
9389277930,9390062659
9389512093,9390604580
9390921734,9395863144
9393742447,9394544320
9394422486,9399743093
9395086980,9396488412
9395790289,9396804408
9397869612,9398756133
9397985798,9398547029
9398760599,9399540916
9399041682,9400047803
9399659397,9400665014
9400086387,9401681645
9402367615,9403619489
9402744562,9403446875
9404668961,9406341945
9404733254,9405944636
9406528173,9406793928
9408055481,9409463037
9408089966,9409347880
9408977388,9410103557
9410152942,9411815810
9410197934,9411374808
9410839046,9411680674
9410922932,9411634219
9412057524,9412496925
9416091319,9417077388
9416198451,9416556856
9416754637,9417633049
9416811621,9418023066
9417150510,9418018712
9417165544,9417832951
9418048715,9419131676
9420879207,9422698065
9421935619,9422726379
9422467703,9423475896
9424142658,9424594314
9426493720,9428387270
9426518754,9427540397
9426537089,9427056408
9428099910,9428726114
9431489353,9432914937
9432788564,9433724216
9436143171,9437230206
9436751806,9437808809
9438437639,9438887644
9438747006,9440278293
9439595624,9440419606
9442826651,9443104099
9443122421,9443403828
9445464817,9447038215
9446674281,9448096087
9447192749,9448773350
9454893181,9456248896
9456149645,9457219386
9457517478,9458475086
9457526977,9457702552
9458835017,9460359518
9458954164,9460275829
9460593087,9461729904
9460787073,9461276347
9461445861,9462543008
9462554948,9463365005
9462869186,9463349373
9466199510,9466826914
9468248006,9469200355
9472035781,9472880800
9473613262,9474161239
9476015466,9477452439
9476638300,9477438434
9478333922,9478774643
9479724279,9480342536
9483209823,9483930043
9484908024,9485326037
9485358016,9485497528
9486801996,9488115824
9486803602,9487518052
9488622212,9489989110
9489827744,9491066378
9491508669,9491962139
9494289932,9494474513
9495821487,9496454365
9496244116,9497167533
9499492386,9500698874
9499747059,9501626948
9502575786,9504140074
9502861687,9503140110
9506556133,9507515118
9508662420,9516481687
9508934841,9509992402
9510749019,9511281795
9512902062,9514333763
9514767863,9515685443
9515979194,9517331270
9516771432,9518511344
9518028454,9523440965
9519951591,9520739200
9520057320,9521438286
9521509925,9522579714
9522103980,9523007930
9522534479,9524026073
9522910001,9523533720
9523803277,9524477191
9524585103,9525344978
9526050447,9527582051
9526487767,9527718396
9530521692,9530707194
9531218622,9531661319
9531571853,9532181737
9532055251,9533620267
9533331575,9533971023
9534184476,9536628417
9534292719,9535746146
9535594580,9536605755
9537029317,9538301033
9539100784,9539282886
9539110606,9540335873
9539447695,9540295613
9540950451,9541982958
9543997208,9545764712
9544129504,9545021624
9545786455,9546396773
9547070445,9548408671
9547822756,9549142409
9549154436,9550064543
9549265103,9549897461
9551769202,9552405212
9552146479,9552661166
9554547889,9555760654
9555566414,9556795920
9556234691,9557065662
9556799674,9557606753
9557662904,9558288911
9561008952,9561566491
9561338431,9562982322
9562210899,9564245261
9564994768,9565823227
9566699390,9567487177
9568402342,9569462609
9569243905,9569935015
9570889770,9572050307
9571412396,9572039098
9573976611,9574918567
9574989701,9575555545
9578508002,9578889349
9581869412,9583015657
9583611877,9584105686
9586809816,9587877476
9587233979,9587780390
9587526909,9589058235
9588743740,9590371515
9589722643,9596811607
9591151802,9591386647
9591309458,9592138639
9591403187,9591977671
9594826781,9601574346
9595245305,9596002967
9596768794,9597778914
9596842771,9597066905
9600223331,9600759912
9601694872,9602102421
9603363616,9604215765
9604219631,9605088190
9604534597,9604948394
9608758068,9609936873
9608861001,9609147416
9609209015,9609276101
9614319959,9615236490
9615023301,9616050446
9616484001,9617172176
9617280979,9617743516
9617972671,9618596306
9618037204,9618644502
9619638054,9620671537
9621338594,9622714592
9621923371,9622954662
9621989514,9622947877
9622083236,9623222639
9622171810,9623102784
9623804262,9625010807
9625745624,9626743596
9628609748,9630098217
9630101454,9631467851
9630158223,9630541628
9630943708,9631946548
9631063456,9632149274
9631094556,9633116823
9631266101,9631855198
9631366912,9632156655
9631687085,9632472050
9634467632,9635111593
9635342429,9636632504
9636546305,9637677969
9636684497,9637832446
9636732860,9637168065
9637630016,9638160428
9639152397,9640021675
9641341509,9642072304
9641807030,9642808881
9642237200,9642579278
9642459727,9644176871
9644059278,9644456167
9645978864,9646984464
9646100787,9646562894
9648796562,9661942224
9648929574,9649436398
9648978204,9650078942
9652087352,9652224329
9652228709,9653430613
9652740527,9653230664
9655251682,9656112126
9656628128,9657117335
9658964547,9659854478
9659338892,9660845580
9662758596,9664051937
9663774265,9667865883
9667276607,9671345044
9668603287,9669117758
9669937678,9670420694
9672448909,9673073122
9676431993,9677490796
9676686402,9677765040
9679769708,9679974996
9680292639,9682216712
9682294737,9682696382
9683653649,9684569233
9685330721,9685983144
9686373942,9687315814
9686664807,9687055558
9690989910,9691303703
9692239711,9692742663
9694084684,9694786647
9694543035,9695701967
9697532643,9699488764
9699738053,9700302700
9700618111,9701212974
9703051553,9703775579
9703181788,9703649607
9703416700,9704640096
9703921829,9704303510
9706760353,9707447895
9706930687,9707017266
9707345864,9707598133
9718952854,9719688585
9719590240,9719996445
9720016774,9721304096
9721102934,9722161433
9722343492,9723446500
9722640341,9723849461
9724392901,9724964181
9724713171,9725853105
9727134468,9727686995
9727293785,9728540588
9732172433,9733218554
9732357602,9733145519
9732937642,9733604986
9733205003,9733571069
9733690283,9734996439
9734375306,9734920066
9734559671,9735141291
9735564959,9736447186
9735770438,9736874437
9737060608,9737937243
9737115005,9738365910
9739593503,9740566316
9742111439,9743093579
9743034235,9744194484
9743577782,9749861222
9745606688,9746914465
9749229272,9750580304
9750679598,9751398432
9750711253,9752046994
9753051546,9753478117
9754173823,9755224413
9756268167,9757450386
9758586822,9759665710
9760468127,9760885001
9761269114,9761453972
9763235201,9763952040
9764763154,9764848377
9766816231,9767513229
9767141724,9767947444
9767952716,9768681107
9768957014,9769800440
9772798156,9773586945
9773099762,9773883195
9773986871,9774907762
9776733999,9778085743
9777794978,9778938981
9780485890,9781645585
9783102219,9784419100
9787002546,9788389932
9787055742,9788321725
9787393864,9788434296
9788417076,9789597972
9790118285,9790816629
9790568301,9791367551
9791097054,9792097252
9794325516,9794416803
9795676909,9796799737
9798051850,9799485355
9798684661,9799783933
9800421823,9801239427
9800648908,9801698463
9804176396,9805843854
9804206538,9805354416
9808669775,9809566916
9809020436,9810008815
9810441776,9811265244
9814603123,9815944167
9815189470,9816215129
9816020512,9816639503
9816590916,9817424219
9817205277,9817650640
9818843399,9819468514
9819282028,9819606362
9819571126,9820342232
9819713181,9820752855
9819739304,9820963127
9820449979,9821584524
9822116064,9823104371
9822936013,9824188556
9825926213,9827137338
9826493931,9827007587
9827149726,9828779161
9829265432,9830050462
9829312074,9829538273
9829654325,9831364306
9829900760,9830720041
9832063288,9832751593
9837817211,9838892569
9841706148,9843699450
9845939959,9846679597
9848052014,9848950882
9848976019,9849700659
9850973099,9851897235
9851118008,9851728799
9851625613,9852906466
9851747285,9859185531
9851822345,9852160254
9852148018,9852824481
9856489257,9857835755
9860969927,9862075653
9860983644,9862292755
9860991439,9861543408
9865028053,9865455000
9865570408,9866775786
9866834883,9868337161
9872717504,9873991374
9873500089,9874496290
9873595999,9875376443
9874008971,9882697312
9874513282,9874829030
9877826329,9879070145
9878643148,9879950838
9882548663,9882963508
9882660522,9883671284
9885923018,9887617420
9886342815,9887911379
9887644725,9888564949
9888021549,9888526977
9889911308,9890446196
9890620138,9891282120
9892322044,9892544527
9892712608,9893281305
9893665091,9896961764
9894964432,9895582612
9902545320,9903384954
9906145056,9910648868
9909591291,9910462269
9910349734,9911517692
9910501785,9911741622
9910611026,9911549704
9912456614,9913938796
9914161056,9915056706
9914342884,9916176391
9914588406,9915783796
9915060859,9916072339
9915464767,9917178877
9917459927,9917635905
9917601418,9919240972
9917960994,9918482077
9920110670,9920929084
9922651867,9923340806
9926732782,9927881906
9927138744,9927938431
9928112411,9929921210
9928906392,9929994342
9930071172,9931306863
9930210134,9930487418
9932427309,9933483430
9932659047,9933819187
9933739223,9934323418
9934609366,9935351583
9935059034,9936037382
9936049716,9936828620
9936413747,9938361082
9937287687,9938730929
9937865173,9939396553
9938775510,9939784421
9941860417,9942315644
9942893452,9943586237
9943035507,9944471114
9943466483,9944337719
9946289550,9946756962
9947720834,9948057085
9948916794,9949832636
9951994903,9953273273
9953037954,9953682566
9954024992,9954832610
9955908806,9956289074
9956607013,9957141751
9957367538,9958775051
9959183382,9960303759
9960236680,9961285982
9960522965,9962201304
9961806677,9963265634
9962895108,9963759585
9966144778,9966357566
9969141805,9970029034
9969189303,9970092818
9969310200,9969680052
9972281042,9972871719
9974234604,9974729392
9974628500,9975185785
9975474067,9976026130
9975692766,9976897740
9978044954,9978727091
9980878027,9981740770
9980927735,9981780079
9981250714,9981771443
9981435349,9982267980
9982299415,9983512845
9983015623,9984354564
9983348784,9984238254
9986416772,9988077275
9986754678,9987671727
9986905340,9987384881
9987561458,9987864892
9988508598,9988993866
9990231547,9991880630
9990930232,9991636387
9991756483,9992896471
9994698608,9995123688
9995140014,9996448855
9998029775,9999388942
9998265806,9999084837
9999431932,10002384543
9999664900,10000096694
10000649134,10001024244
10000990549,10001964313
10005117680,10005902256
10006478364,10006760412
10010051419,10010539638
10012794791,10014197294
10012863256,10014426895
10014535951,10016080531
10014789622,10016206536
10021178647,10021313698
10021528417,10021677207
10021584444,10021841727
10022854936,10023480088
10023059730,10023201018
10023668712,10023734745
10024787912,10026511697
10026009270,10026862746
10027155702,10027662750
10027231090,10027743967
10027952027,10029089941
10028573984,10028796840
10029457994,10030182287
10030713785,10031063988
10031877207,10033415196
10033224190,10034309089
10034379388,10035113901
10035293738,10038106506
10036171994,10036793299
10036810584,10037403947
10037023534,10038209830
10037359782,10037827715
10038362146,10039268747
10039105481,10040160464
10040708980,10041761652
10041439257,10043010458
10042086967,10043220192
10043462300,10043607185
10044862433,10045707447
10045072488,10045842816
10045484956,10046232027
10045836418,10047237034
10047128336,10048348632
10047247366,10047436016
10049169012,10050110189
10049276170,10049446897
10049527343,10050011588
10050615216,10051285064
10054373605,10055848484
10055070391,10056334284
10055193834,10056014722
10059879538,10060091602
10060165351,10060705193
10060996851,10061819359
10063607768,10065577651
10064004135,10064853037
10064357699,10065409351
10066719748,10067868738
10067346963,10067881713
10068359951,10069156936
10068527866,10069468979
10068530071,10070120418
10068817411,10069424720
10068826479,10069910262
10071816885,10072564588
10073977513,10074837409
10075683982,10076232745
10076196666,10077444698
10076299546,10077125589
10077563166,10079359653
10077599569,10078148979
10078882202,10079542163
10080328199,10082182544
10081096999,10082077204
10084842215,10085766741
10086636707,10087485086
10087301622,10088235166
10087396639,10087766151
10087672839,10088626565
10088874191,10089165079
10089102619,10090314569
10090558583,10091861985
10091653313,10092541895
10092942697,10093348275
10093069095,10093841694
10093210678,10094073345
10095176399,10095839288
10096902109,10097594098
10097220007,10098262418
10097243245,10097568204
10098083493,10099135962
10098635835,10101045592
10099143952,10099688101
10099314634,10099841928
10100231196,10101226200
10100931761,10101971822
10103373264,10104434756
10103913949,10104277251
10104714384,10105021367
10105809205,10106787179
10107725637,10108617717
10110336116,10110628170
10111551491,10112509046
10115548513,10115953897
10116626723,10117457261
10116701149,10117152898
10117228183,10118624686
10117794123,10121522554
10119430954,10119776391
10122880117,10123934824
10123421170,10123550655
10124230627,10124591835
10124231782,10124793039
10125044486,10126213189
10125476643,10126236214
10126449743,10131879366
10126465674,10126954993
10131092838,10132249981
10132915611,10133107723
10133360833,10133917840
10134864136,10135982761
10135232470,10135889216
10135461581,10136356539
10136381128,10142483113
10137350437,10138004718
10137933362,10138503748
10138302790,10138438420
10138367071,10138978494
10141881377,10143322650
10143628739,10144467238
10144155259,10144481815
10144462584,10145242668
10145864523,10146729644
10147080237,10147516104
10147961221,10148925491
10153357175,10154096821
10153585766,10154504281
10160378868,10161191485
10161280980,10162088763
10162431575,10163788961
10162507189,10168938382
10162808660,10163296868
10163314691,10163817117
10164104676,10165028287
10164765462,10165095130
10166445288,10167348937
10167399568,10177460761
10167604522,10169033992
10172602660,10173563529
10173121999,10173658652
10174819185,10175409996
10176412662,10177641477
10178164721,10179129292
10178507060,10179337964
10181144600,10182309902
10181990590,10182567131
10182538489,10183454610
10182855457,10183501159
10183957568,10185235745
10184261924,10185031927
10184262622,10184586352
10188468754,10189095252
10189159785,10189905446
10189750750,10191475658
10191039704,10192024771
10191588523,10194347028
10192056763,10192934567
10192572537,10193567964
10194060813,10195191042
10196462647,10196976808
10197376305,10198180686
10200632132,10201617804
10202138693,10202922761
10202461834,10205866622
10203201551,10203804204
10204376860,10204913802
10204544375,10205770377
10205959302,10206112866
10206887172,10207625457
10210048780,10211014526
10212100066,10212916455
10212194798,10212937318
10213502344,10214655558
10215148718,10215882095
10215350384,10215510614
10215433042,10215761398
10216955835,10217697230
10218266499,10219663739
10218377951,10219661841
10219683928,10219943422
10222520863,10223244684
10223826903,10225539990
10224447779,10225403556
10225427280,10225929843
10227908466,10229082584
10227978234,10228767999
10228764721,10229881376
10229056605,10230202830
10229438289,10230569631
10229627829,10230734597
10230158106,10230743304
10232666410,10233190280
10235359430,10236683140
10237115973,10237852434
10237714983,10238016746
10238185893,10239182810
10242028717,10244332516
10244010330,10245571698
10247801540,10248416138
10248227454,10249537613
10248845827,10249551588
10249427838,10250811858
10249584011,10251443801
10249658931,10251062971
10252401356,10253128763
10253612758,10253709644
10255232758,10255987346
10255927164,10257159771
10257912254,10258609436
10259776491,10260848739
10260790196,10261553912
10261970829,10263858923
10265143751,10266132289
10266451074,10272806351
10266459222,10266668469
10266813411,10268106953
10269379843,10271268689
10273672145,10274414993
10275633257,10276703146
10276360768,10277442116
10276520145,10277465646
10276835900,10277902063
10277031225,10281874048
10279442955,10280189374
10279680112,10280202955
10280711627,10280894417
10280940639,10281705584
10282435122,10283114714
10283559106,10283954127
10284763890,10285081660
10285312292,10286286524
10286008471,10286604223
10288088847,10288641655
10291382473,10292052744
10293737488,10294886486
10295857701,10297037408
10297241884,10298551786
10297517715,10298574154
10299345924,10300901419
10300657005,10302130488
10302004469,10302637572
10303032777,10304621089
10303073577,10304037940
10304201949,10304493463
10308743692,10309560838
10310675134,10311942102
10310895530,10311353777
10311956709,10312479676
10312325205,10313987975
10312363162,10317492714
10312821466,10313687924
10318519672,10319152368
10319544739,10320316530
10320196451,10320764220
10321175399,10321766019
10322556864,10323215071
10323192387,10323851709
10324535653,10325721021
10325715935,10326683039
10325990013,10326076072
10326374821,10326609055
10334824310,10335735619
10335838594,10336802305
10336028351,10336720612
10337157487,10337877957
10337215091,10338534411
10341613364,10342481613
10342833657,10343163774
10342951836,10343175467
10343035310,10343481904
10343173139,10344471692
10343355284,10344427036
10343375724,10344720378
10343558839,10343767474
10343995579,10345719914
10347881330,10349672308
10349079199,10349507291
10349133481,10349447115
10350838829,10351472380
10352587113,10353797256
10353206809,10353873953
10353587468,10354897199
10354537485,10356345267
10359350841,10360621642
10359353182,10360440329
10359430679,10360514583
10362893322,10364472445
10365391354,10366529857
10366466072,10366848858
10366822233,10366939544
10367422118,10368875666
10369380937,10369629847
10369650925,10369953523
10376073023,10376314887
10378223288,10379496433
10382248300,10383646703
10383958537,10384369785
10384582750,10385606177
10385278623,10386194058
10385412859,10385643854
10385493601,10386029568
10385758712,10386380477
10385838747,10387096000
10387152785,10387935283
10389774533,10390387956
10390384173,10390813270
10391605063,10393214322
10391809279,10392399546
10392690224,10393075524
10393417325,10394399011
10393668944,10394153555
10394103723,10395122063
10394672507,10394723823
10395393062,10395954505
10398028129,10398265423
10398530858,10399154314
10400477983,10401241057
10400999669,10401699974
10401628443,10402810625
10403945580,10405071532
10404859522,10405903944
10405326666,10406456103
10406595075,10407540404
10406625308,10407680845
10407841004,10408126555
10407976229,10408276778
10408161560,10408459858
10408313208,10408851463
10408991729,10409616837
10412470352,10413249139
10413087789,10414517484
10414324708,10414729102
10414576005,10416634953
10416610638,10416806513
10418117677,10418589728
10419261827,10419650647
10419641080,10420548208
10421331369,10422727518
10423040587,10423952471
10424596439,10426169707
10425522417,10426613326
10426308551,10426441835
10427331538,10427695132
10430679147,10431236309
10431632259,10432754747
10431832382,10432033160
10432063068,10432506022
10432646952,10432967372
10432933716,10433860216
10433863397,10436300785
10434288492,10434830385
10434828177,10435786661
10437047341,10437700366
10437243273,10438325165
10438684668,10439456515
10439221248,10440142881
10439554975,10440199433
10439721586,10440521667
10440491223,10441001576
10442017047,10442291173
10443166647,10443486885
10443335967,10444154186
10444209142,10445402919
10445817606,10447134493
10448116146,10449160582
10448471149,10449410408
10455360827,10456370753
10457403325,10458123720
10457749306,10458524166
10459828917,10460481918
10460445974,10461246950
10462618724,10463622441
10463626203,10464021675
10470029331,10470885906
10472997588,10473417917
10473881650,10474568270
10475125045,10476271942
10475469626,10475961130
10475471194,10476030203
10476488838,10477540719
10477441622,10477996424
10479044152,10480555266
10481682238,10481792450
10483352279,10483805590
10485091484,10485619540
10485177674,10486169588
10486894729,10487225214
10487239830,10487446601
10487967360,10488873199
10488647222,10489207596
10488721739,10489218521
10488786508,10490358399
10490818698,10491974978
10490885538,10496400515
10493597655,10494315445
10496447476,10497066711
10500728914,10501822121
10501847313,10502338536
10503263799,10504378247
10503408696,10504243769
10503578527,10504431006
10504386527,10504710455
10504396410,10504914612
10505918778,10506392891
10505941716,10506767900
10506008679,10506152536
10506241764,10507598706
10510451863,10511504815
10510494012,10510888932
10520154970,10521476245
10521043024,10522029950
10522278607,10522406260
10523341479,10523930361
10523801325,10524679463
10524324736,10525601003
10524500578,10524861921
10524869410,10525683112
10525598590,10526599407
10525705511,10525807945
10526444962,10526825460
10527769762,10528500660
10528729568,10530049524
10529327046,10530012496
10530197018,10530888461
10530239259,10530840317
10533941073,10534091854
10534832102,10535787295
10536026223,10536606951
10539706472,10541876231
10546261943,10546932482
10546679963,10547558960
10547399135,10548468045
10547964543,10549078447
10551110612,10552312580
10551876769,10553224973
10552353616,10553221455
10553688423,10554740868
10553771080,10554466601
10554509127,10554787103
10554972365,10555897586
10556680710,10557099533
10556901059,10556998492
10557167091,10557413051
10557548646,10558108814
10559106779,10559874487
10559611938,10560298834
10560886568,10561822650
10560988036,10561271120
10561440672,10562063720
10561951056,10562760672
10562281816,10562711943
10562945725,10563242557
10563246598,10564086511
10564060670,10565524724
10564285498,10565279597
10566020023,10566397741
10566610171,10567336405
10568621511,10570402790
10570244445,10571268035
10571437331,10571879127
10571627507,10572616827
10573896907,10575548568
10574352791,10574889377
10574504872,10575333468
10574571718,10575038796
10574687182,10575576803
10574893526,10575640661
10576148604,10577074892
10576368832,10576694544
10577560478,10578122187
10578672937,10579734534
10578675717,10579549323
10578676894,10579879643
10579129713,10579995175
10580631873,10581445597
10582284338,10582927617
10582837441,10584287552
10583393921,10584196646
10588352294,10588787430
10589260899,10589636073
10589632621,10590271245
10590410236,10591759557
10592376964,10593232060
10593143331,10593269468
10594926227,10595681603
10595991656,10600147435
10598934092,10599165461
10599072819,10599919482
10606822874,10607127415
10607846271,10608137442
10608347401,10609452540
10609056085,10610647534
10609871859,10610826177
10610388990,10610968642
10612465143,10613644192
10612902666,10613062817
10614012821,10614906143
10614715454,10615158881
10616183512,10616799592
10616838009,10617736693
10616930798,10618284963
10619682869,10620716221
10622745581,10623303329
10622889564,10623577745
10623192838,10623972557
10624966885,10626061575
10625652512,10626590686
10626708209,10627954794
10627760986,10627953250
10627890509,10631059160
10628899051,10630068831
10630003469,10631320049
10632680912,10633482753
10633343071,10634756399
10634991006,10635444662
10636465023,10637074033
10636640324,10636810004
10636956195,10637096487
10637438975,10639678354
10638920627,10639969019
10641648066,10641898987
10643761604,10644110524
10644680445,10645144510
10646368913,10647383445
10647701366,10648682310
10648216248,10649697575
10649521767,10650149557
10652336949,10653604223
10653045501,10654028339
10653261657,10655117834
10653830588,10654867873
10655081206,10655767409
10658708457,10659949881
10659158465,10659816943
10659418999,10661073397
10661129321,10662113008
10662496900,10663288525
10663576296,10664438955
10665703933,10666983576
10665912558,10666470152
10667121118,10667777487
10667782929,10667972883
10668355972,10669327185
10670490437,10670794074
10670624810,10670963346
10671048615,10671460130
10671396783,10671742670
10673801016,10673894922
10675692101,10676005900
10675884025,10677386683
10676867465,10678181539
10677450407,10677942213
10678744047,10679274677
10679398153,10679680044
10680446321,10680571848
10680512579,10681156588
10680705152,10681738298
10680827346,10681163636
10680877929,10682282858
10681159521,10682163672
10682586865,10683633271
10683405220,10683735751
10683964483,10684963567
10684228157,10685201083
10685006931,10685989455
10685246751,10685901588
10687626190,10687858304
10688971323,10689472498
10692788840,10693670779
10693072226,10694102841
10694427088,10696656571
10696243350,10697224112
10697867282,10698550730
10698462585,10698567073
10698521169,10698595112
10698562623,10698648665
10699544854,10699607032
10700211895,10700248932
10700470291,10700867549
10700969791,10701268672
10702349596,10702583036
10702948835,10703643352
10703577520,10703648568
10704633399,10705668097
10705223028,10705739646
10705937467,10706347045
10706010757,10706210202
10706220934,10706586543
10706376334,10707114951
10706716385,10707078697
10706986629,10707956902
10707717257,10708389951
10707761841,10708213337
10707830132,10708276484
10708181665,10708626840
10708464941,10709292693
10709227554,10709588309
10710525053,10711262404
10711300914,10712453781
10711438783,10712178160
10711482654,10712166198
10711930194,10712569061
10712137068,10712641898
10713580196,10713962303
10713786588,10714950198
10713979350,10714753063
10714749804,10715291327
10717265398,10717809789
10718219226,10718358520
10719578633,10720414017
10721096397,10721361116
10722826029,10723446972
10723696287,10724008150
10726704510,10727500675
10727077817,10727632324
10727845956,10728494969
10728387173,10728897528
10729682541,10730337070
10730719112,10731466021
10730769386,10732004557
10731023748,10731856407
10732391041,10732621660
10732621554,10733167313
10733940640,10734698042
10734076400,10734688538
10734713834,10734901486
10734906295,10735164771
10734999649,10735829406
10735895658,10736094667
10736135997,10737123179
10736303567,10737136799
10737009075,10737202519
10737480767,10738200963
10739525862,10739880142
10739867437,10739988656
10740208141,10740534985
10740298436,10740780633
10740566114,10741092255
10743769766,10744246970
10744288310,10744973963
10744625880,10747511234
10744737767,10745159424
10744822756,10745544025
10745510397,10745815681
10745724170,10748064021
10746176183,10746836117
10746629784,10747852671
10747937190,10748383041
10748349422,10749209053
10748748784,10749004426
10749196824,10749234482
10749284638,10749646938
10750260535,10750785338
10751817584,10752948099
10753731943,10754347991
10754951475,10755922668
10756573008,10757404058
10763084324,10763905589
10763769790,10764137455
10765510059,10766375321
10765573430,10766053104
10766081615,10766789275
10766230953,10767119382
10766750535,10767797577
10766806690,10767590260
10769249292,10769828815
10771351108,10772209974
10771788399,10772720258
10772738551,10773281190
10774446024,10775055203
10775450419,10776232714
10778521159,10779454239
10778805627,10779906451
10780343387,10781075715
10781092474,10782022447
10781387679,10781836718
10783551650,10784368537
10784371525,10784913430
10784984307,10785688199
10786490342,10786629157
10786624007,10788123512
10788126192,10788783475
10789504667,10790680699
10790145770,10790900317
10790459479,10791428561
10791949514,10793050498
10792412912,10792858807
10792858723,10793501660
10792983762,10793762824
10793067517,10793540800
10793880682,10794594225
10795752356,10796382046
10795890166,10796830237
10796812007,10796973998
10798617805,10799190664
10798803109,10799574175
10799164260,10799636203
10799482875,10799824350
10799750250,10800200310
10806557988,10809056795
10807094414,10807695451
10807885156,10808820607
10807987023,10808857608
10808073583,10808953510
10810313318,10811079477
10810479855,10811180107
10811223141,10811942803
10811606829,10812474246
10811901132,10812517736
10812002757,10812681252
10812035180,10814265686
10813564861,10814194446
10814339972,10815222971
10816210732,10817144806
10816924566,10817905419
10817382474,10817900470
10819341745,10819831332
10819529294,10820365368
10820169398,10820840553
10820365039,10820959597
10821544873,10822250333
10822032960,10823018446
10822338685,10823059072
10823576909,10824132419
10823580520,10824541922
10823596986,10824387523
10824225165,10824444325
10824366517,10825072357
10827690482,10827923600
10828041970,10829896580
10828885055,10829052304
10829555240,10829778538
10830578884,10831125396
10830847255,10831620841
10831936171,10832831581
10833281547,10833861580
10833306945,10833483772
10833383425,10833916747
10834103151,10835234982
10834819681,10834897602
10835641254,10836244152
10836922653,10838005124
10837621414,10837830938
10839290952,10841599157
10841176005,10842473481
10841714193,10842035259
10842559188,10843122755
10843573286,10843857910
10843906321,10843939707
10844246040,10845011330
10844590188,10845439643
10845598799,10845737692
10845789481,10846414961
10846033759,10846689405
10848931847,10848993433
10851504833,10851711709
10851609515,10852967681
10851804628,10852712289
10851965909,10852038917
10852640171,10853436823
10852971413,10853804719
10853777868,10855599051
10854433514,10855489894
10855227320,10857393288
10856094400,10856796387
10857071753,10857631995
10858769063,10859381749
10858862366,10859620711
10861171583,10861968246
10864579423,10864924081
10865187458,10865629836
10866537894,10867315938
10866706037,10867502363
10866812092,10867960364
10868617305,10869180702
10870142513,10870800263
10870428020,10870727885
10874916003,10875980547
10875260799,10876722899
10878449297,10879001487
10878555798,10879231763
10880209737,10880665182
10881802169,10882089057
10884731162,10885084589
10885097837,10885664717
10885626295,10886509577
10885723860,10886726062
10886473185,10887552186
10886826120,10887940332
10886835277,10887266814
10887535196,10888117022
10888159673,10889586677
10890552137,10891439674
10891181949,10892416445
10892088400,10892458358
10892722618,10893710617
10892778678,10893338328
10893187140,10894466499
10893366340,10894527134
10895083030,10896064350
10897386919,10898364810
10897790899,10898318406
10899994679,10900968359
10902361998,10902859426
10905861342,10907728871
10906784327,10907444193
10909012778,10910320980
10909324375,10909909171
10910818490,10912496032
10912405592,10912865096
10912643386,10913366673
10912888137,10913788421
10913117173,10913967734
10913171679,10914117943
10913630932,10914051727
10917497897,10918492145
10918188099,10918732791
10918833722,10919491862
10919368055,10920273864
10920291664,10920781489
10921124398,10922152610
10921781455,10922875419
10924535893,10924987834
10924856933,10925782348
10928929715,10929149472
10932601858,10933130150
10932672730,10933212382
10933521007,10933950537
10935223201,10935981848
10935992828,10936919234
10943111656,10944506697
10945788308,10946572373
10946263954,10946701375
10946722824,10947525359
10947519357,10948093384
10948666201,10949528114
10949739612,10950060881
10950364919,10950954413
10953960709,10954005149
10953986134,10954352026
10955229115,10956029124
10956678892,10957369043
10958752694,10959507375
10958756632,10959548318
10958813608,10959394731
10958855986,10959054101
10959248962,10959511311
10959607011,10960452387
10962816932,10964091693
10962891699,10963552015
10963104524,10963939899
10964878607,10965974272
10964945466,10965310409
10965194232,10965739804
10965586853,10966340110
10967620799,10968307542
10968311323,10968601089
10969462246,10969928885
10970358369,10971391213
10970480890,10970757651
10971543275,10972092952
10971590334,10972181783
10972933008,10974038456
10974710747,10975335102
10974878729,10975031517
10975048454,10975737071
10976105505,10977222511
10976351644,10976839316
10977675690,10978127117
10977825769,10977939287
10978084255,10978803771
10981330000,10982355802
10982681950,10983083799
10982943849,10984244249
10983905030,10985238079
10985690202,10985903108
10986164344,10986895241
10987468906,10988308834
10989947214,10990414231
10990791615,10991387992
10992275470,10992674242
10992293071,10992526497
10993478462,10993807443
10994771924,10995524941
10994879780,10996078293
10995654046,10995758705
10995982223,10996325313
10996857149,10996958604
10997428971,10998313880
10997799545,10998982891
10998336498,10998668094
10999799384,11000315721
11000359760,11000954392
11000695821,11001460745
11003891823,11004891509
11004354401,11004434783
11009966161,11011176654
11010231604,11011339652
11011427115,11011767158
11011700580,11011895343
11011945704,11012792907
11012606266,11013309551
11014116961,11014704356
11014120252,11014915220
11015346135,11015654609
11017174661,11018166417
11017612018,11018203639
11018616349,11019225401
11020660168,11021218323
11021322946,11021752066
11021702088,11022808093
11023755860,11023971086
11024832898,11025310729
11027259247,11027587581
11027933779,11028841605
11030459091,11031115437
11030844561,11031060612
11031584674,11032567100
11032039166,11032699279
11032549586,11032895277
11032693382,11033506460
11033408941,11034323712
11033596869,11034536678
11033723622,11034736720
11036262063,11037152842
11036808700,11037463878
11037602088,11040138653
11038061351,11038378737
11038721951,11039197478
11038879926,11039542025
11039340984,11039787801
11040276252,11040602862
11040709935,11041140352
11040791594,11041417165
11042307312,11042359756
11043425496,11044447049
11043544382,11044166577
11043799265,11044244328
11045462305,11046151866
11045476662,11045580908
11046016018,11046973250
11046745267,11046957362
11046908117,11049518077
11048305022,11048845809
11049368541,11049986480
11049540458,11049707426
11050002199,11050600656
11051752547,11053531605
11054715915,11054891059
11055215844,11055442964
11055446014,11056153742
11055647073,11056114863
11055918837,11057043850
11057717656,11057981536
11057973134,11058547781
11058718293,11059595229
11059931937,11060390770
11060397430,11060989993
11061332171,11061931797
11061339552,11063246999
11061717771,11062492237
11062348757,11063141156
11062494465,11063628808
11062529926,11063040798
11062999410,11063442659
11063949405,11064173168
11064031381,11065232724
11064037288,11065376334
11064297686,11065403143
11065372903,11065909269
11065380855,11065849258
11065436013,11065530560
11066347687,11067072367
11066420322,11066981309
11067040223,11067701669
11067286995,11068365628
11067443175,11068622823
11068047026,11068471660
11070144154,11070432430
11070220058,11070828969
11070641616,11072163986
11072480511,11073437659
11074099010,11074811581
11074373570,11074843967
11074443468,11074916155
11076088585,11076958387
11076281779,11076423945
11077195939,11080272244
11077694418,11078282943
11077989359,11078689792
11078973451,11079501524
11081064425,11081653636
11083560312,11084082715
11086676541,11087435933
11088247493,11088768048
11088288268,11089291008
11089182482,11089824069
11090596506,11090977627
11090680276,11091439469
11095939685,11096525886
11099909870,11100329859
11101461502,11102243864
11102065060,11102715233
11103473328,11104929725
11103854523,11104181570
11104110427,11105022547
11105091307,11105503698
11105347427,11105577362
11105928768,11106682535
11109622767,11110516243
11110372015,11111717512
11110781773,11111083546
11111404431,11112649871
11111720324,11112101108
11112063073,11112864450
11112665547,11113309146
11113923577,11114193727
11114439659,11114619657
11114465437,11114738596
11115467226,11116133791
11117233794,11117619154
11118327237,11119237532
11119391673,11123531782
11119732943,11122688579
11121227964,11122279629
11122208893,11122963167
11122723866,11123483336
11124710318,11125433331
11125051927,11126149053
11125794874,11127045150
11126265938,11126872316
11126357992,11127353124
11127710442,11128386340
11127900202,11128985660
11130075806,11130650977
11130712073,11133109242
11130911497,11132129349
11131075923,11131894738
11131263722,11132000562
11132455964,11133809000
11133452566,11134164117
11133848663,11133948825
11138026747,11138708835
11139990139,11141011959
11140099315,11140432854
11140707583,11141502466
11140764831,11142000697
11141019194,11142005573
11143709865,11145016065
11143791733,11144564067
11143920794,11144361788
11145771601,11146969994
11146850627,11147697349
11148053936,11149047086
11149453158,11150116896
11150181002,11151293371
11150275452,11151291249
11150283989,11150688086
11150459462,11151569811
11152166063,11152556803
11153144755,11153817747
11154001631,11154194859
11154988381,11155297991
11155881160,11156311603
11156230514,11157149379
11156393082,11157452499
11156833011,11157146670
11158395679,11159079154
11159287621,11160305975
11159563985,11162052086
11163793196,11164439814
11164157019,11164837113
11164263543,11164597770
11164944731,11165429881
11166920135,11167362960
11167334255,11167956695
11167596855,11167742422
11167782522,11167889741
11169796300,11170614902
11169848228,11170217370
11172028481,11172378190
11175479992,11176465316
11175915739,11176187500
11177614039,11178030779
11178539431,11179495547
11179261735,11179951345
11179953503,11180422292
11181413558,11181523357
11181414882,11185727028
11181703290,11185287150
11183274758,11184129400
11186024144,11186677374
11187946757,11188534563
11188590293,11189199825
11188809191,11189358968
11189942854,11190689879
11192018370,11192993712
11192667176,11193454830
11193827010,11194635392
11197838121,11198853004
11200643772,11201473708
11202914738,11203350304
11203306861,11206859794
11206744888,11207375255
11209588160,11211290426
11211293756,11212712127
11214674616,11215857760
11214843345,11216402603
11215388851,11215899230
11216890936,11217626867
11218193959,11218600056
11219117512,11219961769
11220713700,11221826551
11221682686,11223044048
11224880289,11225787568
11224900508,11225796355
11225797084,11226849800
11229620003,11229704568
11234686592,11235386039
11234791096,11235251334
11235398968,11235750631
11235592953,11236315022
11235875073,11236717749
11236095350,11236917119
11236742186,11237515960
11237729217,11237861270
11240228425,11240939839
11240997278,11241810580
11242387460,11242572812
11242488829,11243075924
11242690131,11243347977
11244230443,11244589146
11244435072,11245446952
11245500401,11245649541
11246928620,11247805193
11247398314,11248573727
11248181086,11249186474
11248732217,11249408378
11249846363,11250177361
11251629641,11252485580
11255121524,11256207161
11255218117,11256003764
11257926536,11258658450
11257950645,11258298191
11258043140,11258654164
11258596503,11259601010
11259638558,11260341152
11261803740,11261900554
11262159812,11262493074
11262634765,11263036099
11262696175,11264548884
11264082863,11264472058
11264505052,11264807096
11266606485,11267522420
11267143888,11268002990
11268618166,11269553723
11270746405,11270832588
11272507779,11273430969
11274165936,11274906165
11274280322,11274771117
11275120532,11275586293
11275717258,11276336431
11276320880,11277038070
11277010172,11277312976
11277735739,11277898834
11278630296,11279666774
11278872011,11279515091
11281594147,11282372761
11281978765,11282563954
11283006559,11283502029
11283909711,11285290716
11285508059,11286438875
11285621384,11286155771
11288375329,11288541478
11289738609,11291467829
11290341723,11292892772
11290632625,11291111587
11291331053,11292049543
11292641529,11293088576
11293417413,11293863993
11293721849,11294283364
11294691670,11295952398
11295357739,11296156115
11295857475,11296157439
11297113535,11297848187
11297124191,11297778997
11297919193,11298661001
11298132342,11298770712
11301136749,11301606758
11304716602,11305290702
11305039638,11308746587
11306862321,11307731700
11306955617,11308090626
11307626546,11308493196
11308312620,11309168936
11308470811,11309606508
11308496493,11314764822
11309321571,11309972374
11310623119,11311905238
11312247370,11313326559
11313412031,11317736893
11314325684,11315699103
11315462728,11316826348
11315944014,11316388717
11316852013,11317598196
11319179217,11321991860
11322547187,11323174036
11323267903,11323832612
11326806611,11328050664
11327793543,11329175698
11329733807,11329786658
11331622062,11332610927
11332068262,11333619476
11333638178,11334469535
11333810139,11334693613
11334445105,11334631020
11336878955,11336987816
11337682962,11338415154
11338088052,11339391116
11339395002,11340060371
11339486522,11340149715
11340072361,11342605232
11340585699,11341717676
11341888647,11341939156
11342504074,11343323060
11342708860,11343570063
11343624309,11344420061
11343723334,11344882083
11344004872,11345102442
11345491931,11345929106
11348404589,11348873435
11349075536,11349441879
11349185956,11349906484
11349970600,11350631771
11353064339,11353714710
11353116699,11353776082
11353188739,11353483900
11353782708,11354663720
11354181570,11354754335
11354371528,11355404542
11354524978,11355021563
11357864249,11358031732
11357986294,11358731341
11358204774,11359230753
11358873008,11359103696
11359862205,11361022187
11360801791,11361485428
11361227711,11361631117
11361375592,11362957107
11362187507,11362907305
11364295708,11365154983
11366566148,11367469920
11370480232,11370614675
11371010896,11371772096
11374510866,11375216076
11374808798,11375681824
11375263776,11378627749
11375324529,11375433831
11375595481,11376770672
11376230855,11376382533
11376478091,11377679707
11377115188,11377814313
11381658983,11382087247
11381685710,11382335430
11385089008,11386308118
11387874051,11388442130
11391752063,11393036420
11391976305,11393195116
11393712033,11394769753
11396981335,11397245760
11397233721,11398010053
11398174645,11398812240
11398493771,11398996964
11399536511,11400274834
11401211831,11401458220
11402090040,11402603637
11402376075,11404178374
11403872084,11404556110
11405469814,11406511456
11406386395,11407390087
11407909196,11409150008
11408301677,11409114230
11409006317,11410194747
11409184331,11409594818
11409935051,11410811360
11410262610,11410588487
11413947709,11414900615
11414592864,11415393346
11415386105,11416409729
11417221262,11418973098
11418372960,11419873396
11418737349,11419550956
11418954610,11419529798
11423011564,11423751599
11423222126,11424392903
11423811769,11424523262
11424642956,11425490760
11425500529,11427037823
11426758103,11426833820
11429168621,11430309046
11433846007,11434854541
11434851002,11435821686
11435084953,11435509591
11435801471,11436342793
11437865476,11440614695
11438530315,11439043592
11438851832,11439521555
11439424829,11439873993
11443565071,11443814996
11443830435,11444489849
11444493384,11445180028
11445344293,11446129317
11445687817,11446058585
11446060516,11446445630
11446866698,11448185679
11448274944,11449134988
11448412944,11449074469
11448666597,11449493489
11451582909,11455078252
11451848161,11453019401
11452266793,11454159591
11453626283,11454894520
11454167248,11454257890
11454854749,11455693050
11455032518,11455780729
11455737162,11456535821
11456413579,11456761816
11456422154,11457294646
11457054756,11459505775
11457118699,11457855799
11458341095,11459648434
11459664531,11460201710
11459793881,11460031296
11460470882,11461235087
11460769916,11461699477
11462131693,11462937337
11463596837,11464545084
11464043082,11464589586
11464671569,11465475703
11464804652,11465102861
11466586143,11467964823
11466590159,11467686835
11466619460,11467841669
11467770274,11468569952
11467882602,11468996329
11468195793,11468660708
11468712326,11469115648
11470726095,11470867412
11472531847,11473492476
11475324815,11475796908
11476497476,11477041097
11476865687,11477888679
11476907376,11477326461
11477335465,11478853218
11479089965,11479736653
11479247535,11480064297
11479808053,11480457540
11479922237,11480660276
11480425893,11481160640
11483006903,11486034548
11486885502,11487797529
11490516005,11492327672
11492072037,11493364128
11492332769,11492710495
11492976129,11493309937
11493368866,11493664730
11494928848,11496173358
11497033484,11498336193
11502314356,11502803168
11502904214,11504228970
11503017946,11503806745
11504398119,11505263438
11504638865,11505696252
11504723769,11504744218
11505326910,11506291225
11505704344,11506190946
11507587782,11508026819
11508100859,11509127894
11509015790,11510052334
11509094028,11509543659
11510140864,11510586322
11510882376,11511198344
11511976048,11512627236
11512100326,11512602646
11513107209,11514111889
11513142656,11514074810
11515167660,11516906366
11516512764,11517239168
11518814740,11522685078
11519074848,11519670221
11519125872,11521663240
11520100654,11520823363
11520229624,11521364478
11520305745,11520724720
11523260762,11524134251
11523419176,11524185130
11525158490,11526058943
11526271153,11527060079
11526905149,11527093240
11527412874,11528513395
11530992543,11531671434
11533278758,11534220962
11533723864,11534705950
11534201027,11535111612
11535783958,11536233597
11535930329,11536140150
11536523341,11537544860
11536750403,11537154715
11539265216,11539875815
11540152791,11540622080
11543204062,11543642725
11543640529,11544469763
11544130962,11545158243
11544778869,11545705695
11545130226,11545769851
11545816678,11546413876
11546186871,11546336940
11546413244,11546792487
11546698413,11546844165
11546975352,11547472731
11548037735,11549513407
11551001779,11551444521
11551118119,11552454582
11554023992,11554503724
11554050993,11554481874
11554492060,11555019308
11556305142,11557347450
11557133618,11558194149
11558245273,11564461236
11559767899,11560576721
11560306524,11561552642
11562005641,11562643624
11562577383,11562969902
11563218150,11563787544
11564236337,11564896777
11564783653,11566283864
11567496888,11567869836
11568358230,11568944846
11569196372,11569822032
11569582589,11570287794
11569973942,11570037419
11572402112,11572777021
11574624383,11575324865
11574644157,11575976413
11574757073,11575160864
11574918711,11575467680
11577375471,11578754613
11578319460,11579838166
11580546419,11581681148
11582472281,11583452147
11582719112,11584251795
11583928505,11585566627
11680445127,11681214669
11686429464,11686744450
11686463046,11686626209
11688393513,11689215754
11688636396,11688713548
11688755753,11691586271
11689888397,11690731693
11691515227,11692576412
11692380900,11693894052
11692788004,11693568665
11693695779,11694689412
11694403979,11696016797
11703235649,11704099715
11704784599,11705638007
11705436247,11706696413
11706546995,11707967130
11708462154,11709305783
11709353030,11710632901
11710735717,11711642203
11712329265,11713240056
11715309114,11717027039
11717918735,11719000851
11718321216,11718918618
11718540578,11719688377
11721073030,11721710017
11721126446,11723329406
11727145492,11728629652
11728722682,11729709950
11729995841,11731007095
11732209546,11732355877
11732563661,11733164741
11733262733,11734226121
11733714917,11734844230
11736244520,11737288871
11736362774,11737330765
11737001921,11738636130
11739938425,11741832483
11743739717,11744437303
11744628526,11745488336
11744773518,11745566289
11745053010,11745918506
11747744730,11748059834
11749530322,11750889222
11751590887,11752063601
11751689724,11752051329
11752333017,11754225889
11753875512,11754932248
11753913508,11754311125
11754927597,11756050366
11755538330,11756389143
11756114197,11758422860
11757730716,11761309518
11764077678,11765644548
11764683382,11766220856
11764759351,11765800859
11766373692,11766841935
11766660317,11767312183
11766964957,11768077345
11768079016,11768488018
11768094741,11768801321
11768961236,11769589508
11769592349,11769699989
11770785219,11774428219
11771069576,11772497645
11773415309,11774409927
11774381804,11775190304
11775199799,11775583628
11775269650,11775460389
11776099806,11777359384
11777372207,11777778122
11777620542,11778680338
11779220087,11780473146
11784116761,11784973030
11784475179,11785171018
11784496725,11784652858
11784559363,11785205271
11784878887,11785358569
11786490044,11788530907
11786647661,11787706127
11789404428,11790577063
11794265489,11794590091
11795291926,11796874201
11795839255,11797104252
11798011175,11799173536
11799454586,11800647232
11799786344,11799988264
11800285691,11801334789
11802577893,11803432778
11802798933,11804097293
11807354105,11807869442
11813508491,11814163353
11814348750,11816072468
11818030230,11818798112
11821922007,11822619616
11823332236,11824279260
11825738236,11826000566
11826099397,11827092385
11828973610,11830432339
11829224939,11830002316
11830609203,11831277265
11830968058,11831597888
11831511726,11832936959
11832017364,11832849554
11835517591,11836216964
11836756051,11837591078
11837139158,11838397774
11838397637,11839753116
11841181409,11841515683
11841183661,11842115844
11843984735,11844813234
11846058262,11847017110
11846459948,11846497480
11847395166,11848343031
11848342669,11849539005
11848555556,11849106109
11850120191,11850206884
11850345230,11850510237
11850852622,11851794337
11850929192,11851666328
11851594732,11852695254
11852710431,11854107538
11854222535,11855533245
11854271328,11854719236
11854634430,11854896524
11855066258,11855902818
11855153732,11856119118
11855359645,11856101631
11856352453,11856925919
11856932036,11858611413
11857341295,11858861386
11858694864,11861020848
11859846429,11860351071
11860357235,11861526168
11860664638,11862236556
11864829393,11865222536
11864897994,11865559733
11865029082,11865639607
11865531827,11865906523
11865863425,11866711445
11870485866,11870694770
11871986374,11872549539
11871997810,11872285074
11874618038,11875509493
11874728782,11875146829
11876610318,11877393465
11876738679,11877397611
11877397741,11877840877
11878160112,11878317723
11878204542,11878686353
11878765296,11879357882
11878877357,11879366986
11879929305,11881008411
11883064454,11883798652
11887228629,11888300977
11887491098,11888814688
11891887129,11892036442
11891960263,11892218250
11892397984,11893248911
11893069280,11893618291
11894082034,11894671628
11894692544,11895640241
11895399661,11895584431
11895683339,11896471015
11898742276,11899401905
11899023414,11899072570
11899405814,11899896156
11899652752,11900425104
11900608983,11901929916
11900838706,11901711817
11902125360,11903000340
11904516421,11905601092
11904661103,11906021894
11904880074,11905685577
11906597512,11907589795
11906978613,11907380737
11908352025,11909269639
11908884319,11914688479
11909226258,11909886745
11911842725,11912665113
11911851183,11912620138
11912263033,11913644156
11916001466,11916952542
11916217172,11916843029
11918324837,11919053948
11920829948,11921641969
11921859593,11923440587
11922585775,11922862281
11922833424,11922962938
11923346535,11924037262
11924583921,11925146996
11925161288,11926130089
11925325872,11926272098
11927316756,11927949085
11927720166,11928936189
11928176746,11929083781
11929112434,11929647962
11929695307,11930148637
11931847705,11932902719
11931851548,11931899778
11932081010,11932492462
11932593595,11933744420
11932915786,11933508888
11933559131,11934372893
11934170331,11935498244
11936999414,11937575364
11937849417,11938408659
11938816726,11939733054
11939244868,11939813031
11939430513,11939883044
11939641476,11939911731
11941538896,11941728002
11943620029,11944249377
11947281171,11947744006
11947890369,11948867514
11949602730,11950574097
11952136332,11955832961
11952923382,11953496425
11953051452,11954524036
11954143903,11955034833
11955252003,11956298168
11955907459,11956550781
11956303495,11957239768
11957147853,11958465733
11960648867,11961762222
11964410111,11965111237
11964817472,11965770690
11965999657,11966673620
11966461257,11967520665
11967206558,11968318410
11967847026,11968649855
11969813597,11973800980
11971464734,11972523294
11971797814,11973031163
11972404514,11972856867
11972526409,11973280986
11974684860,11975857875
11974919352,11976047088
11978735233,11979630417
11979471807,11979895504
11979717172,11980095859
11979928136,11980158963
11979951505,11980505590
11980610533,11981168118
11980665084,11981152812
11982982915,11983468016
11986754933,11987545456
11986822984,11987595339
11987735757,11988992920
11988879045,11989106897
11989550617,11990525684
11990047279,11990751358
11991574243,11991645943
11992431636,11993073228
11993625811,11994713934
11995153734,11996067107
11995450199,11996033525
11995655774,11996477038
11996799850,11997182746
11996897484,11997369217
11997186942,11997518901
11998353955,11999329650
11999353786,12000404302
12000293540,12000920311
12000335805,12001375391
12000520107,12000926217
12000533157,12001299349
12002705398,12003783429
12004921503,12006072810
12004932354,12006192994
12006911314,12007672125
12007814767,12008862700
12009521478,12013474143
12010915608,12011590278
12013347079,12014042552
12016218040,12018953879
12017067615,12018082417
12017076314,12018064743
12018831471,12019079075
12021061017,12021275088
12021690106,12021749943
12022231149,12023327345
12022973167,12023604671
12023829689,12025220634
12023928903,12024826241
12026403487,12026597873
12026821699,12027691541
12027309530,12028679312
12029196548,12029249879
12029424093,12030406541
12029426634,12030424035
12030576598,12031211759
12030580695,12031058153
12030956675,12032083029
12032424671,12032966142
12033749532,12034651854
12035622238,12036787894
12037747589,12041769224
12040528198,12043280984
12041863902,12042530929
12042049599,12043127562
12042525311,12043298211
12043485069,12046276398
12046630339,12047989818
12046907441,12047948602
12047259412,12048779265
12048294386,12048970612
12049933926,12051623932
12050184296,12050903544
12050653513,12051315555
12051987924,12059729908
12052175629,12052443685
12052631755,12053770392
12054044549,12054830834
12055313617,12056283337
12058598534,12059453790
12058819207,12059546674
12063981396,12064909865
12064599503,12065115135
12064883082,12067888444
12065173197,12065649910
12065665686,12066927082
12065747294,12067222329
12067709436,12068416055
12067744087,12068919478
12068771905,12069435046
12069708240,12070051896
12071891265,12073446297
12072259632,12072926556
12074862879,12075841384
12075720223,12076410850
12077427173,12077872345
12078932552,12079820322
12079880448,12081032951
12081048632,12081723694
12081323729,12082468956
12081513324,12083173612
12082373475,12083067817
12082391028,12082774979
12082730938,12084034618
12083779599,12084005715
12084300577,12084980510
12085606621,12086327242
12085968990,12086757316
12086845017,12087929390
12087479990,12088735110
12088810119,12089631903
12090149401,12090994731
12090840733,12091133402
12090968599,12091429305
12091124061,12091250771
12093071496,12093903944
12094535266,12094861836
12095027688,12096035332
12095906644,12096430714
12096043104,12096326402
12099433481,12100761691
12101010801,12101863014
12101932809,12102345320
12102025412,12102868958
12102564524,12103437145
12103268824,12104071414
12104154430,12105145753
12104750532,12106090828
12105021351,12105148442
12105700149,12106845158
12106058910,12106779170
12110626460,12111264076
12111295355,12112177126
12111485733,12112565186
12111546863,12113261679
12116845214,12116915740
12118612064,12118794377
12119089274,12120282078
12121761793,12122635455
12123161683,12123717247
12123680742,12124043413
12124047552,12124883123
12124606698,12124903383
12124969870,12125950647
12125149967,12125557496
12125686348,12126390135
12126954900,12127805893
12129430210,12132643762
12131175281,12131886578
12134682180,12135294977
12135793261,12136357763
12136203146,12137053249
12136203781,12136730533
12136696202,12138394687
12138879863,12139689020
12140136477,12140851308
12140260334,12140892280
12140521223,12140878633
12140932152,12141588770
12142605112,12142939582
12143027164,12149732036
12143375549,12143855762
12144353303,12145101013
12144826504,12145212635
12145802604,12146703844
12147161119,12148082695
12147625604,12148088856
12149159800,12149857429
12152795577,12153318080
12152997164,12154891323
12153563806,12154379059
12154013183,12154978145
12154409357,12155895139
12155698917,12156395686
12156122271,12156508456
12157743142,12158199140
12158957728,12159926780
12160235085,12161129403
12162138343,12162571163
12163183420,12163690608
12166924363,12167323838
12167244750,12167316078
12167797887,12168325727
12169545079,12170180701
12169660415,12170639382
12170276199,12171344351
12171046886,12171971765
12171775470,12172395915
12174701791,12176541683
12174857966,12175824385
12174890766,12176395021
12177882612,12179074255
12178185417,12178848770
12178861804,12179485113
12178969185,12179927822
12179358155,12184597189
12179384649,12180943280
12179669354,12180332731
12181783954,12182487257
12183053707,12183764476
12185164853,12186305287
12185428051,12185996806
12185446916,12186106429
12186626015,12190269369
12187774800,12188856434
12189225717,12191863667
12189334309,12189663477
12191113577,12191784065
12192723046,12193319928
12194784470,12195442644
12195459515,12196511056
12195896084,12197926233
12198008633,12198728622
12201033623,12202360564
12202420156,12202851666
12202730692,12202878096
12202863065,12207750756
12202898195,12203920739
12203079278,12204464774
12204220350,12205342297
12204417113,12205898644
12206904992,12207315872
12207321942,12208418501
12210156456,12211166947
12212633343,12213976964
12212888524,12215844171
12213609272,12214033773
12214779234,12215781132
12217142163,12217787948
12218536500,12219711733
12220486815,12220816350
12220826627,12222170630
12221115391,12221999602
12221302456,12221888093
12222180308,12223590704
12223907156,12224166077
12223922577,12224717716
12225249780,12225890731
12225909791,12226707460
12226422876,12226794911
12226495644,12227229649
12226912641,12227421429
12227129669,12227924802
12227648569,12228317526
12227892909,12228355067
12231002760,12232215492
12231094951,12231274720
12232417205,12233339801
12232682837,12233191473
12232847576,12234009797
12232926745,12233849408
12235115641,12235624853
12236127311,12238034508
12236217736,12237961049
12236707150,12237321143
12237023472,12237391827
12237209391,12240371475
12238743543,12239183991
12238885107,12239495686
12240621216,12241151287
12242424426,12243201248
12242979469,12243654875
12243317922,12244391780
12244227597,12247005493
12244641485,12246519553
12246402786,12247851214
12247654807,12251413759
12248498152,12249514534
12248812210,12249756585
12249653026,12251032138
12250321265,12251322683
12251368785,12251549887
12254078575,12255642148
12264100299,12264956803
12265914727,12267040195
12266945256,12267021592
12269076627,12270410460
12271078068,12272155029
12276812493,12276891380
12281764670,12282398765
12281993043,12283106183
12286922887,12288688591
12288724462,12288971090
12289247489,12289945853
12293906222,12294386646
12294673168,12296454187
12295137648,12295423576
12295563134,12296073948
12295965340,12296790361
12296712061,12297934799
12296812540,12297643816
12299464973,12299734543
12300006362,12301308489
12300436189,12300737167
12307138792,12308674057
12308670149,12309572938
12309263912,12310937404
12313167465,12314052235
12314761918,12315539699
12316456647,12316982660
12317262803,12318475274
12317928176,12318950634
12323697817,12324170965
12325736996,12326071644
12329866364,12330728335
12332437635,12333640117
12335528672,12336133789
12336779922,12337391697
12337751384,12338337357
12338469738,12340173301
12339262181,12339754325
12339775626,12340818143
12340676458,12341903753
12340694824,12341880211
12342924819,12343435405
12344097707,12345086332
12344634718,12345338517
12345793659,12349603700
12346031044,12347084582
12346433595,12350412031
12349191666,12349881253
12350324039,12351219015
12356275565,12357440148
12356324913,12356954071
12356784527,12357751787
12356951134,12357640681
12356993622,12358332999
12357597464,12357672000
12360129513,12360849386
12363381675,12364265616
12363622230,12364233396
12365177718,12366502777
12365740305,12366528853
12366201829,12367091884
12367227214,12368360890
12367227889,12367877168
12368341513,12369251304
12369302011,12370287512
12371041158,12371662300
12371404066,12372835076
12372923739,12373064288
12374362340,12376962074
12377082570,12377347111
12379833408,12380048755
12381362924,12382032904
12381982723,12382731562
12383598411,12384285186
12384891455,12385635195
12385306942,12385778840
12385715083,12386386656
12386073512,12387403070
12386777561,12387771247
12388042057,12388660437
12388325963,12388975183
12388478903,12388714931
12391320083,12391565235
12391370698,12391535776
12395359525,12395663042
12395607687,12395943976
12395856370,12396782306
12395859317,12396225576
12396650501,12397528168
12396997295,12397486339
12399184210,12402233416
12401875222,12403017926
12403234750,12404617560
12403513173,12404631455
12405070609,12405617113
12405674950,12406448147
12405963099,12407125798
12406993776,12407771386
12407013569,12407726887
12407667548,12408651896
12407817138,12408461176
12408477170,12408628565
12409466267,12410191393
12409585623,12409768273
12409775530,12410683021
12412079906,12413968303
12413557366,12413642630
12414093568,12414235824
12415706977,12417117123
12415860669,12416419036
12416384601,12416853229
12416545081,12416975556
12418501260,12420015053
12419173478,12420304430
12419388916,12420401692
12420797252,12422360723
12423042680,12423877440
12423479680,12425023209
12424630657,12425611157
12425890574,12427127537
12426207715,12426883027
12428379064,12430824990
12428961071,12429449183
12429222243,12430206915
12430566265,12431180122
12430736871,12431578036
12432392897,12433326029
12433127971,12434156098
12433867128,12436222707
12434157061,12435092518
12434939666,12435181279
12435218470,12435839897
12437258672,12438481261
12439179036,12440049967
12440809527,12441603834
12442468212,12443693365
12446972639,12447448948
12447916745,12449040149
12448172174,12449110672
12449113218,12451797254
12450193062,12451004309
12451838023,12452507027
12453156364,12454159986
12454128181,12454776258
12454367142,12454778844
12455938405,12456460554
12459614644,12460701538
12460586447,12461155125
12460627370,12461153815
12460944194,12461465364
12461018091,12461903178
12461100899,12461353978
12461487965,12464716350
12461717030,12462378461
12463469424,12464321205
12463618855,12464616878
12463729939,12464183932
12464262412,12465607153
12466821859,12467306340
12469207046,12470113047
12469477451,12472413923
12469690198,12470319818
12471558464,12472172020
12472288221,12475459018
12472501123,12473511744
12472657934,12474189431
12474247272,12474768155
12474572812,12475701043
12478791847,12479623874
12481540803,12482038032
12484709296,12484973743
12485074235,12485558170
12485374298,12486139403
12485523626,12486714677
12486328964,12486652937
12486708260,12487093805
12486728087,12487568955
12487691455,12489210368
12487802835,12490195210
12488623867,12489011190
12488756822,12490593957
12491326906,12491884298
12493028241,12493769751
12493415431,12494032936
12493551620,12494001123
12495272715,12495922236
12495699989,12495864368
12495841279,12497216914
12495955500,12498055252
12498311345,12502342268
12498855453,12499296167
12499748387,12501281563
12499804097,12500534797
12499951517,12501365471
12501991846,12502653694
12507401046,12508800786
12507518667,12508672075
12510942913,12511850480
12512482884,12513062906
12513109219,12513245958
12513490132,12514232703
12514333745,12518695222
12516435112,12517237398
12518224323,12519788246
12518994219,12519721027
12519074333,12520133084
12519458430,12522432633
12519750083,12520241987
12521637021,12522374504
12521770156,12522868914
12522463049,12523055776
12522601196,12522993598
12523939185,12524303712
12524906895,12525578352
12525155356,12526191836
12525178392,12526169228
12525197779,12525905645
12525266020,12525611308
12526227714,12527059062
12526946284,12527725618
12527690058,12528999993
12528099342,12528827940
12528564119,12529280000
12533484027,12534407755
12536045663,12536903454
12536780626,12537183488
12537225333,12537514371
12537864473,12538813933
12541334869,12543059647
12541465834,12542819210
12543099187,12544404178
12544427698,12544872663
12546929284,12548495918
12549105510,12550007716
12550666331,12551744469
12553709720,12554510295
12556023411,12557582631
12556793512,12557260503
12556801101,12557289106
12557086631,12557853637
12557507771,12558553051
12557692399,12558247783
12559848550,12561034405
12560377290,12561092920
12561222457,12562077624
12561345739,12562251193
12561661925,12562468812
12562836593,12563123709
12567061899,12568132830
12567088072,12567339999
12567344847,12568437537
12567742089,12568678405
12568442358,12569275404
12568467177,12568505982
12569510670,12569977560
12569656904,12570475672
12570530385,12571870719
12571031583,12572057415
12572566173,12572864465
12575437473,12576711317
12577592245,12579357701
12580418730,12582292665
12581936870,12582423872
12582246768,12582280965
12582680062,12583376372
12583016390,12588864866
12583061923,12583511213
12585082556,12585842780
12586398179,12587525060
12588129662,12589043277
12589158534,12590264829
12589503475,12590271297
12591537206,12592671480
12592703513,12592981976
12592808079,12593771447
12594386799,12595696489
12594806336,12594876966
12595239717,12596361477
12595818648,12596207325
12595955745,12596672972
12601471119,12601602924
12602464743,12603407862
12602747069,12604532337
12603836345,12605111649
12605007376,12605437847
12605506993,12606012384
12605688317,12606624400
12606535171,12607262327
12607289418,12608224906
12607980505,12608709871
12609449702,12610163842
12609780133,12610385597
12610031726,12611801703
12610166161,12612059316
12611518375,12613651748
12614660291,12616116531
12614713508,12618205498
12616535376,12617719369
12618885974,12620088225
12619363435,12620240350
12622070456,12623567007
12623180001,12623742377
12623761484,12624105773
12624117704,12624736194
12624141354,12624899564
12624391641,12625341020
12625588727,12627303389
12627954947,12628458333
12631769972,12632612062
12634598904,12634703571
12637277170,12638135387
12637893603,12638784977
12641124834,12642018654
12642900265,12643429588
12643848209,12644299537
12645888528,12646170251
12647053929,12648113050
12650565666,12651502193
12651068350,12652301205
12653158475,12654668744
12653206863,12653813955
12654016578,12655113407
12655812280,12657062112
12658265172,12659344395
12658884731,12660060196
12659332632,12659810200
12659820376,12661950708
12660473124,12661125751
12664566333,12665566193
12666406412,12667325446
12673602041,12675236017
12676454495,12677548552
12773325876,12774786151
12776521076,12777228537
12777482656,12779112365
12777585782,12778724317
12781388741,12782599773
12781879583,12785845283
12783748273,12784896659
12784412263,12785433214
12787565327,12788894078
12788466748,12789579076
12790032061,12791008405
12790205420,12790310989
12798177049,12799448067
12800459921,12802704041
12803196562,12804079735
12806421510,12808017730
12806815328,12807551631
12808976747,12809920069
12810273232,12810869522
12810705370,12811280108
12812617556,12813923415
12815287600,12815870587
12815311374,12816128484
12816887743,12817491723
12817308579,12817369202
12819671772,12820828410
12822874458,12824128537
12824335402,12824786473
12824513816,12832155919
12824532275,12825645214
12828853203,12829923258
12829374707,12830923823
12837665655,12840679558
12837734234,12839062598
12838174905,12841046292
12838970696,12839383350
12839096197,12839172777
12839133585,12840198796
12839326579,12840414802
12841801378,12843122014
12841804976,12842823919
12842118973,12843020457
12843542784,12843695196
12845019982,12846355123
12846207640,12847734846
12849033860,12850164503
12849881596,12849928252
12851452235,12851746147
12851626219,12852291274
12852769948,12853354434
12853250466,12853909487
12854060688,12854769003
12854645340,12855298732
12854808199,12855412573
12856803532,12857349070
12857113557,12857733875
12857592695,12858483605
12858909102,12860148942
12859444113,12860317945
12864326242,12865290956
12865883113,12867121961
12866208235,12867188167
12867223978,12868867178
12868501761,12869350980
12868506365,12869673320
12869652880,12870678916
12869763196,12869880505
12870076826,12870645337
12870478004,12871462052
12870784619,12872442004
12870917215,12871323990
12870929897,12872099037
12872121605,12872734780
12873808220,12874898789
12873861748,12874512858
12877989726,12878447933
12883466491,12884669952
12883561292,12884594354
12884152922,12885019279
12886847177,12887205932
12887133943,12887617421
12888890770,12890590608
12889442101,12890566844
12894838740,12895558851
12895450038,12896657515
12896311659,12896658320
12898804860,12899863189
12903937194,12904304904
12905701388,12906620997
12907040587,12907500107
12908308280,12908926817
12910051422,12910120799
12911499260,12912563733
12912718149,12913477007
12912849938,12913618905
12914121707,12914886849
12914968677,12915097522
12916021006,12917401037
12919132861,12919860568
12919593112,12920465387
12920086986,12920285288
12920965172,12922114023
12921081392,12921391951
12927924122,12928821821
12935450189,12936264659
12936488976,12937517447
12936569613,12940374565
12938080029,12938804424
12938283872,12938722392
12940207492,12941144189
12940313709,12940563572
12940789205,12942570423
12941388763,12942105999
12941924322,12943340548
12942465690,12942575372
12942669251,12943339756
12943531340,12944546645
12943752154,12944817513
12944326720,12944984526
12944798199,12945741012
12945933860,12946488086
12946030515,12946737716
12947795159,12948891163
12947903116,12948466731
12948627727,12948876159
12948839603,12949527583
12949245806,12949627660
12950615754,12950834209
12952432360,12952994661
12952536254,12953252005
12953272187,12954179795
12954249661,12955441023
12955328025,12956327662
12955795556,12956758241
12955908431,12957127825
12956396326,12957327815
12957416670,12957788827
12957932921,12958981238
12957967153,12958624479
12959866523,12960683846
12960823094,12961454390
12961043078,12961692982
12962638057,12964043427
12964983345,12965117893
12965042459,12966102181
12965504301,12966735984
12965784692,12966454381
12967298351,12968215629
12967419507,12970046394
12968138695,12968232677
12968823839,12970160462
12968829897,12969174480
12969794705,12970846424
12970023500,12971375172
12972311712,12973015302
12975834075,12976890911
12976534126,12977987383
12976897322,12977129374
12977579857,12978369887
12977712433,12977765814
12977743169,12978322585
12977802169,12978504158
12978083855,12978408834
12978414576,12979407745
12978811413,12979469698
12979441140,12979883447
12980322238,12980608916
12980542141,12980970723
12981280406,12981793064
12981536510,12981999024
12981897381,12982885958
12982500084,12982661747
12984209985,12985318065
12986397787,12986782743
12987223670,12987715804
12988359626,12989279375
12989561308,12990967544
12991369684,12991876419
12991768072,12993111027
12992326645,12993005706
12993283908,12995186260
12994245021,12995149068
12994251285,12994635417
12995724291,12997060947
12998712308,12999579700
13000397608,13001621699
13000815682,13003577232
13003402326,13004286790
13004211727,13004461071
13004295892,13004703094
13007148614,13007902551
13007160637,13008467584
13009247225,13009745488
13010089592,13010985750
13013184302,13013553171
13016706250,13016954346
13017497902,13018052200
13018156662,13018998176
13019503373,13020424986
13020422584,13020672954
13021312571,13022718317
13021331249,13022228317
13023632148,13026997355
13028296674,13028792072
13029785912,13030414300
13030801007,13032861222
13032067413,13033099016
13032591518,13033884885
13033573446,13033988745
13034367438,13034782436
13036467304,13036942301
13036677980,13037632924
13038138150,13038884007
13038261661,13038594296
13039109908,13041647593
13041651663,13042455989
13041651871,13042515515
13042169496,13042338802
13042612642,13042688920
13045902356,13046392096
13046960862,13048350644
13047394461,13047916633
13048180053,13049060072
13049061739,13049962461
13050443523,13051841340
13050880010,13052164178
13051608158,13052399776
13052450318,13053109694
13052652063,13053169796
13052686486,13053037723
13053474895,13055045983
13054408174,13055222988
13056739937,13057690355
13056934321,13058002462
13057812989,13058707094
13058166795,13065544822
13058339045,13059112141
13059768634,13060938193
13064579175,13064915015
13065910022,13066391104
13066011278,13066125390
13066818057,13067662095
13066967846,13067586924
13066997106,13067639740
13067273270,13068617337
13067609974,13068262625
13068287591,13069472789
13069091824,13069797121
13069707937,13070363813
13070654218,13070949686
13070868219,13071371645
13071891877,13072714099
13073179009,13073293574
13073670433,13074871004
13074034801,13074389681
13074871993,13076142873
13075519051,13076498608
13076147524,13076834318
13077603418,13077956257
13077706471,13078624979
13079140900,13080299900
13079560859,13079640232
13081079108,13081817296
13081810677,13081967382
13082374284,13083313624
13086486363,13086729201
13086987855,13087659057
13087225381,13087855175
13089705492,13090165053
13089886712,13090767434
13091676157,13092074003
13092729215,13093725957
13093490948,13093645999
13095022366,13096323577
13096088616,13097377581
13096315808,13097217633
13099071531,13100354626
13100385009,13100632592
13100458033,13104497338
13100594379,13101528119
13105033684,13105192438
13105986769,13107158739
13111721244,13112905589
13112630731,13113759860
13113346256,13114309747
13115481068,13118339597
13115601923,13116723780
13117993496,13118748766
13118464917,13118683108
13119505817,13122879811
13120034127,13121210782
13121261394,13121565681
13123143745,13123937739
13124487210,13125102039
13124613917,13125434872
13124815986,13125914999
13126477101,13126663376
13127356428,13129925174
13129635468,13130740783
13132108162,13132642819
13134627622,13135653578
13135658232,13136793676
13135866310,13136562395
13135925868,13136051879
13136426444,13137833433
13142206816,13144185496
13144503232,13145746114
13144868569,13145464284
13146370887,13147486192
13148471113,13148988627
13149981643,13150861178
13151750788,13153155692
13153800779,13154616392
13153939286,13154861313
13156006175,13156917247
13158828003,13159860565
13160009860,13161462070
13160207048,13161028631
13163235423,13164064333
13163559196,13164484434
13164185641,13164732422
13166760991,13167780269
13167019456,13168162988
13167692871,13168575001
13168261568,13169079305
13169717828,13170825269
13174981771,13176724112
13175838313,13176153768
13176025674,13176918492
13178941401,13180044375
13180357267,13180553214
13181689589,13182583127
13182818158,13183626464
13184044046,13184829020
13184448405,13185794081
13184838015,13186391469
13187044328,13188304063
13187336175,13188384635
13188483927,13189207512
13188961501,13189677298
13189189360,13190714697
13190786122,13191826494
13191163399,13191221314
13192341423,13193752270
13194281545,13194550133
13195936063,13196849161
13196119235,13196521880
13197572906,13197858342
13201000558,13202212896
13202433714,13203089599
13204764857,13205845610
13205011722,13205959522
13205030852,13205406178
13206975030,13207784208
13208057667,13208836313
13208849740,13209502110
13208986844,13209585676
13209309317,13210233783
13209510048,13209831286
13209575828,13210490095
13210151083,13211114934
13212102831,13213028092
13212381367,13213011401
13214375150,13214803120
13214696728,13215880430
13214960628,13215490103
13215272003,13215362801
13216622964,13217868089
13219115876,13219954586
13220934868,13221643553
13222395374,13222579779
13222823063,13223369132
13224325975,13225025786
13225321692,13225376470
13225599244,13227070790
13226138257,13226853707
13227154912,13227752662
13230626344,13231593236
13230744749,13231655364
13234714559,13236693366
13236106011,13236165551
13239161910,13239800235
13241441734,13242492850
13241454172,13244189645
13244470967,13245598077
13245156715,13245963739
13245306864,13245682371
13246410837,13246957524
13246796453,13247844557
13251842930,13252459382
13253878150,13255382561
13254059448,13255784249
13256643904,13257767268
13257246787,13257864988
13257527512,13258454113
13257649791,13259121903
13260683931,13261938769
13261107941,13261901494
13261383340,13261608922
13261757057,13262211987
13263041404,13264909537
13264472605,13265381267
13265675340,13266929118
13265792846,13266598069
13267104973,13267947059
13267249698,13267511209
13268290871,13269144707
13268450879,13269323708
13274557492,13275871721
13275978500,13276572671
13276083595,13277074923
13276261775,13277654438
13276540899,13277473779
13277260309,13277701822
13280450742,13281769066
13280702415,13281065376
13283148612,13283447182
13286077575,13286342479
13286319555,13287138223
13286713482,13287494597
13288738643,13289102287
13289819550,13290499406
13290283554,13291680460
13293908246,13295389894
13294104531,13294948518
13295695626,13296498350
13296238336,13297329237
13296478010,13296811843
13296766550,13298318350
13299260078,13301288554
13299601334,13300324648
13302105270,13302691242
13302660058,13303297057
13302711962,13304058093
13303155941,13303856069
13303547651,13304961005
13304348019,13305287877
13305188268,13306300179
13305915732,13306892306
13306339112,13307631765
13306934281,13307415069
13307417357,13307926726
13307546825,13308117665
13308599627,13309526987
13310454730,13311163047
13312055781,13313171587
13312958951,13313270079
13313285109,13313953270
13315961678,13317650951
13316342606,13317785044
13316689888,13316769900
13317974871,13318833077
13319573593,13321023977
13320391950,13321687746
13320893628,13321892476
13321040320,13322708537
13321745583,13322414695
13322711493,13324109538
13322771950,13323412948
13323062782,13323936577
13324129226,13324992948
13324342459,13324835154
13324540055,13326044901
13325134478,13325709009
13325144623,13325762883
13325379807,13327304244
13326891482,13327768170
13327343315,13328381997
13328404047,13329272275
13330558001,13331104993
13332108269,13333097214
13335041753,13335812187
13337178737,13337938632
13341477609,13342615605
13342771718,13342884340
13344457566,13345155704
13344731749,13345307158
13345176379,13346331302
13348464723,13350054983
13349709390,13350824575
13352606926,13353209771
13354275744,13355052977
13355078313,13356065477
13356566426,13357150321
13357764643,13358761106
13358817912,13359083890
13359126671,13359566395
13364579512,13364825111
13366351184,13366904823
13368664055,13368722248
13368706615,13369376531
13369141874,13370030830
13369705236,13370754608
13369715015,13370770334
13370016020,13371009481
13372304053,13372664580
13373624352,13374426295
13373818026,13375022086
13374997992,13375205612
13376820898,13377969067
13377606680,13378370559
13377752979,13379293942
13378719023,13379197378
13379075137,13379596347
13381965414,13382929830
13382942680,13383690382
13385659039,13386897024
13388667937,13389945409
13390893999,13391645280
13392263055,13392881706
13392801689,13393462502
13395428926,13395726348
13397803456,13398386572
13397805609,13398416876
13398762990,13399630171
13400139342,13400604692
13400712082,13400951021
13402295836,13402865402
13402877460,13403683632
13405471690,13406541171
13406661173,13407185818
13410826838,13411682934
13411934637,13412061491
13413496703,13414338810
13414173093,13415903941
13415051643,13415915335
13415248016,13416270305
13415630212,13415978120
13420141572,13421359653
13420795984,13421172954
13420825472,13421192048
13421544708,13422030217
13421997811,13422777199
13423934990,13425666556
13424507131,13425334430
13424621123,13425392910
13424810246,13425511069
13425438473,13427696254
13425722457,13426173672
13426388524,13427102197
13428064729,13428515518
13428081440,13428901362
13428918386,13430203180
13429044179,13430686798
13429395780,13429877415
13429603826,13430772695
13432909974,13434442670
13433963386,13435151636
13434586231,13435078207
13435948225,13436750235
13437975393,13439093783
13439437083,13440102882
13439622954,13439795384
13440119691,13441114712
13440596683,13440776825
13440921116,13442313824
13441293947,13441865320
13441800525,13442380713
13442415712,13442992501
13444638255,13445667800
13445709720,13447014322
13446079660,13446974559
13448482503,13449885713
13452915959,13453285484
13454749965,13455039538
13456114416,13456793288
13457050552,13457452977
13457368718,13457832253
13461570935,13462415688
13461774330,13462248231
13463886801,13465011831
13464904301,13465409465
13470453420,13470943008
13471337982,13472521424
13471838342,13472456628
13472636335,13473793638
13474384245,13475579454
13478941181,13479472727
13479162303,13480528554
13479656791,13479885188
13480784266,13481218329
13482826929,13483701752
13485422902,13485608885
13485573278,13485779742
13487126995,13487630662
13490493890,13491019580
13490537183,13490920067
13491030258,13491292124
13492063056,13492284854
13494031308,13495153919
13499237106,13500895567
13500303236,13501526646
13502265609,13503712033
13502773629,13502896677
13504983675,13506291833
13505604597,13506298655
13506310298,13506693719
13509585529,13510382009
13510200342,13510883345
13512712825,13514001382
13513071708,13513795306
13514504752,13515621670
13515669171,13516621153
13521140068,13522288379
13522097026,13522477719
13522342926,13523550780
13525725730,13526910021
13526912847,13530649306
13527958319,13528495380
13529523063,13529722869
13530007607,13530456520
13530129683,13531127119
13531556139,13532319199
13532833855,13532971580
13534788423,13535324603
13537596306,13539280031
13539815132,13540681507
13540727163,13542137797
13542503852,13544346436
13543274727,13543844219
13544947915,13545901874
13545912822,13546120573
13548419955,13549587945
13551818461,13553031965
13552244690,13552477446
13552494144,13553651320
13552765752,13553527163
13553106039,13553833892
13553301749,13553968378
13553325987,13554762215
13555836217,13556487167
13557289283,13558170885
13557742525,13557944008
13558113883,13558742091
13558981069,13559652215
13560596269,13561277581
13560997768,13562248873
13562815787,13563775556
13562829434,13563269046
13566986996,13567437533
13567362209,13568131139
13567492948,13568159216
13567611597,13567864963
13567690632,13568382806
13567902525,13568753391
13568165113,13569096719
13568824808,13568968336
13568956414,13569251175
13570155345,13570598959
13571873668,13573503424
13572869793,13574215219
13572934106,13573805465
13573823826,13574324112
13573911839,13574912979
13575950724,13576709499
13576279011,13576892189
13577830941,13577863291
13577901870,13578724550
13578565731,13579638847
13578619720,13581820145
13580159475,13581173708
13582667774,13583871589
13583305691,13584164255
13584053781,13584535485
13584173318,13585075324
13584379645,13585123058
13586016327,13586407022
13586366814,13587927945
13586586351,13588243860
13586670923,13587897609
13586709380,13587330262
13586767184,13587573679
13588202790,13589138027
13589211878,13590017398
13589472625,13590187807
13591877132,13592015144
13593043325,13594653674
13595296856,13596969098
13596404270,13597695443
13596440193,13597513308
13596738620,13596855040
13597196333,13598289027
13597884621,13599669892
13599673851,13600532806
13599739136,13600649578
13600100130,13601520802
13600694956,13600937846
13601265708,13602393702
13603094792,13604623476
13603171132,13604829279
13603173206,13604337238
13603480322,13604300532
13605698065,13605888313
13606167702,13607184504
13607104642,13608240744
13607380203,13608661260
13607426545,13608646059
13608540994,13611762904
13609336295,13610106786
13611094619,13611544367
13611412695,13611569824
13613477209,13614114418
13615654067,13615844191
13616946241,13617577885
13619162810,13620536834
13619271095,13620464056
13619398721,13619822100
13620480934,13621416934
13621030184,13622101543
13621558535,13622504753
13627175776,13627766657
13628318416,13628882864
13629482655,13630849275
13630930979,13632270396
13631955058,13633121746
13634971844,13636291017
13635815842,13637680924
13636091803,13636853113
13637352445,13637671693
13637444937,13637628481
13637477313,13637652677
13638575373,13639420034
13639021545,13640791064
13639120389,13640508254
13640214524,13641094759
13644023589,13644557965
13644036692,13644541685
13644577596,13645585912
13644589281,13646267523
13646552333,13647013050
13646623556,13647295064
13647920627,13648390254
13648560775,13648937699
13649060758,13649568027
13651064775,13652400395
13652422355,13653774940
13653278817,13653781976
13653823600,13654386446
13654321245,13655473871
13655215295,13656528164
13658333587,13659033971
13659502282,13659873683
13660080481,13661169172
13660227049,13660680447
13661137358,13661690828
13662300889,13662811050
13664403130,13665630806
13665144759,13665727819
13665427088,13666829142
13668433076,13669470401
13670695912,13671331110
13673348607,13674691377
13675784104,13676613966
13676456068,13677231186
13676528385,13677921887
13680090866,13681055684
13680803644,13681213311
13681154869,13682044442
13683434797,13683759226
13684064185,13684877446
13686524244,13687144742
13688212258,13688865614
13688535346,13689154614
13688581745,13689471673
13690716855,13691493232
13691555787,13692493617
13692240678,13693098413
13692438703,13693440778
13692535121,13693314936
13693496744,13694530825
13695108657,13695346926
13695155720,13695428945
13695650981,13696284920
13698536857,13698762124
13699513629,13700674817
13701371501,13701918827
13701544202,13702358746
13702921948,13703940557
13706466836,13707410355
13707169994,13708733925
13707435355,13708225033
13708756175,13709009889
13711060097,13711214072
13711372083,13711752348
13711405095,13712788370
13711940026,13712332080
13712725972,13713335505
13712731190,13713482047
13712950279,13713367190
13713770763,13714273057
13713905265,13714579354
13714356666,13715251395
13714593132,13715496407
13715716358,13715905277
13716404716,13717727751
13716497503,13717554272
13718344524,13719000646
13720436935,13720883249
13721468940,13722513836
13721827940,13722512132
13722986532,13723551829
13725261890,13726621536
13725810662,13726824223
13727822276,13728300241
13728069885,13728423368
13728160861,13728563016
13729496790,13730147917
13731578376,13733124414
13732011810,13733094481
13733586191,13734652254
13734417546,13735473911
13736881877,13737578927
13736894618,13737962587
13737662946,13738614305
13737808511,13738529262
13739285427,13740891903
13741668917,13742365520
13743306713,13744109012
13744731057,13745885694
13745388438,13745776711
13747136907,13748810746
13747608942,13747902060
13749094916,13750526640
13750102998,13751500114
13750342690,13751838490
13752022315,13752734149
13752562192,13752971558
13752681355,13752963413
13753727620,13754473381
13755133437,13757810785
13755959739,13757020588
13757450337,13758683459
13759498403,13760463228
13760076940,13760138021
13761927823,13762903161
13762565446,13763199636
13762696586,13763797913
13763624878,13764249776
13764077229,13764844095
13764402466,13765203634
13764857833,13765380656
13765337647,13766273817
13769601324,13770265479
13770708460,13771290301
13770759305,13771712584
13770954311,13771018161
13771302225,13771851351
13773371926,13773698795
13773623576,13774456423
13774813179,13775834139
13780459441,13781473436
13781047526,13782342080
13781706334,13782060211
13782085061,13783467133
13782971855,13783606305
13783391301,13783575362
13783478862,13784227935
13783542996,13784224295
13784263458,13785696962
13785671453,13786977166
13786263273,13790507297
13788103455,13792471854
13789593144,13790810370
13789680913,13793557425
13789935634,13791423527
13790464824,13791630590
13793432783,13794324224
13793691315,13794800305
13795037866,13795364800
13795100695,13796387228
13796426028,13797113813
13796490928,13797659949
13798573610,13799195380
13798967208,13799849080
13799216256,13799399299
13802405886,13802798956
13804680849,13805620837
13807967957,13808576060
13808200895,13809911340
13810171176,13811009614
13811240723,13812067895
13812315512,13813133755
13812683960,13814192528
13812920623,13814070827
13814073392,13815233781
13814385393,13815292990
13819776713,13822413398
13822480170,13822969988
13823682468,13824145316
13825169578,13825869275
13825709944,13826184859
13825893490,13825957174
13826900604,13828114727
13828571906,13829232829
13830029327,13830941317
13832447941,13832711745
13832496885,13833211165
13832572848,13833368621
13833500256,13834016923
13835221892,13836483279
13837224439,13837983552
13838192008,13838669427
13838315687,13839133048
13840062609,13840377896
13840998301,13842100861
13844837743,13845684144
13844849923,13845562091
13844862959,13845792319
13845581416,13847578419
13845832821,13846442191
13847015291,13848720735
13848926696,13849583724
13849945291,13850830291
13850046587,13850906259
13851631224,13851963680
13851768505,13852837986
13852804062,13853297195
13853409461,13853742810
13854212853,13855458453
13855137734,13855193546
13855562350,13856866148
13856639208,13859722631
13857937473,13858798168
13858202625,13858518775
13858319664,13859618169
13859661805,13859829771
13861299551,13861830827
13863630815,13864212388
13865343505,13866100532
13866388772,13866867177
13866904636,13867555633
13867110609,13868191930
13867169476,13868055465
13868467554,13869183515
13869569740,13869931854
13870788431,13871725369
13871752297,13872631928
13874021340,13874830943
13876728261,13879848522
13877204125,13877289455
13882186818,13882537285
13882551641,13883905048
13883335268,13883603248
13885095402,13885875137
13887149362,13887664752
13887596076,13888251250
13887966235,13888638834
13888331715,13889187676
13889708930,13890382635
13890008855,13890659438
13892470718,13892978611
13894018894,13894896662
13894960555,13898325810
13895047899,13895793377
13896802628,13897687167
13897213335,13897962988
13898352834,13898864599
13899471286,13900662964
13899967432,13900489023
13905214611,13905432447
13905455904,13906044383
13905747217,13906688266
13908144343,13908759943
13912221075,13912737214
13913484866,13917138407
13914329909,13915405885
13914533143,13916061426
13915196107,13915478453
13916127933,13916933964
13917633561,13918468224
13921028657,13921524342
13921235041,13921891589
13921932960,13922544075
13922546602,13923035589
13923052998,13923674289
13925500794,13926172852
13925844228,13926623925
13929114926,13929661460
13929121524,13929502794
13929711446,13930614464
13930200139,13934753286
13932030071,13933040313
13934816399,13935819597
13935732935,13935796548
13935823459,13936630977
13937409700,13937831705
13937552430,13938209055
13937617049,13938389767
13938814165,13939617781
13939571366,13939641851
13940868593,13941026744
13941002358,13941658842
13941614101,13945007975
13945584895,13946395486
13945921894,13946017085
13946666032,13946917381
13947359256,13948006949
13948273257,13948806377
13948733422,13948861089
13948822080,13949691776
13949140785,13950206837
13949869427,13950650040
13950165666,13950753422
13950401374,13953394441
13950690015,13951476694
13951825562,13952593641
13952289643,13952894507
13953632974,13954013818
13954050438,13954647346
13955053977,13955287424
13956118755,13956379423
13956456115,13956821158
13957668048,13958879259
13958084626,13958496764
13961487569,13962276336
13962123910,13962982651
13963038100,13963646039
13963764028,13964431877
13964575548,13965092184
13967781534,13967798729
13968035970,13969424992
13968145518,13969554763
13969247767,13970166001
13970009157,13971786647
13970619099,13971445021
13972334173,13973812499
13973993021,13974976998
13975513481,13975635782
13977083042,13977177542
13977190119,13978011481
13979306666,13979877421
13980342226,13980509052
13980638408,13981900648
13980678663,13981016872
13980792504,13980926187
13981248508,13981324147
13981462164,13982912641
13981718799,13983059961
13984865119,13986325447
13985897777,13986268300
13986443127,13987116593
13987696175,13988825888
13988841813,13992661136
13991885517,13992449046
13993422628,13993689117
13993689865,13994939474
13993946736,13995129805
13995821117,13996493854
13999653555,14000580206
14000823058,14001413758
14001039453,14002152970
14001058633,14001300440
14001925835,14003005573
14004815186,14006510204
14008341636,14009291199
14008516145,14008932193
14009838503,14010152923
14010260696,14010714606
14010972507,14011551982
14011792027,14013218085
14011945298,14012674368
14015489256,14016422890
14016148993,14016931301
14016550112,14017161468
14018053679,14019242383
14019503561,14020157877
14019783191,14020739957
14020040065,14020464139
14020692540,14021668088
14020763804,14021141539
14021747551,14022108571
14023986356,14025025612
14024410352,14024634997
14026262928,14026547865
14026781849,14030975848
14027785316,14028169669
14030237460,14031454482
14030814893,14031613741
14030870702,14031511612
14031007948,14034127386
14032466940,14033758551
14032756239,14033752423
14035688951,14036230928
14037237172,14037959905
14039020749,14039539732
14042051090,14043006964
14045722287,14047291356
14047947535,14049355004
14048295142,14048923895
14048414228,14048798271
14051353355,14053047447
14053727860,14055386889
14054756659,14056029634
14055327833,14055982314
14055898487,14056217590
14056004694,14056960381
14056127800,14057138581
14056154500,14056572750
14056482459,14057360948
14058288194,14059447645
14059584378,14060594772
14059595637,14059801884
14059705415,14060727332
14062365885,14063428290
14062986510,14064511338
14063108696,14064435303
14063382352,14064230145
14066153158,14066763760
14066328458,14066733218
14067313283,14067879573
14067694771,14068227040
14068109632,14068824347
14070213796,14070794765
14072560109,14073915270
14073389065,14074847393
14073895724,14075822504
14074160742,14075030909
14075209937,14076015023
14075495828,14075718415
14076106991,14077226953
14077485845,14077726627
14077576922,14078310122
14079909957,14084958580
14080921830,14081176308
14082065724,14082626567
14083509576,14085471911
14086062826,14087338934
14086487393,14086805687
14087499581,14089167915
14094142648,14094790593
14097825136,14098603495
14098349503,14098883385
14100563599,14104054828
14101071358,14101775602
14104499581,14104865250
14104852840,14105346555
14105888803,14106554740
14106481255,14107191666
14106580111,14107278199
14106893491,14107050882
14109373485,14110158312
14109381995,14110592011
14110389024,14111730630
14112581588,14113419992
14113826793,14115654695
14115082860,14116681145
14115266840,14119350859
14115717062,14116446895
14115734101,14116779767
14118517559,14118937439
14118537413,14119398394
14118998822,14119340291
14119354046,14119537611
14121386346,14122275627
14121564069,14122040905
14123413592,14126724230
14124211362,14125228888
14125733674,14126699374
14126609802,14127397883
14127459640,14128483111
14128734150,14129179341
14129320354,14130573441
14129391876,14129758098
14129937134,14130631756
14132183282,14133285827
14132198680,14133813335
14136066612,14137080284
14137728020,14139499424
14143702973,14144078900
14145041242,14157753551
14146463706,14147018568
14146604419,14147061697
14150560052,14151023541
14153148839,14164281992
14154138727,14155138133
14156481778,14156916445
14157051688,14157389145
14157237823,14158390101
14158795442,14159308681
14159108514,14159331744
14159665993,14163710123
14160290924,14160619718
14161220124,14162264612
14161599473,14162190374
14162866418,14163163059
14166580158,14167842790
14166744958,14167791357
14172498877,14173683886
14173173187,14174309606
14174762815,14175825638
14175699108,14176470581
14176916246,14178087404
14177599685,14177913636
14178370857,14178851875
14178789385,14180313592
14179280549,14180370486
14180098420,14181516520
14181332801,14181413958
14182118400,14182687705
14182458443,14183545874
14182521265,14183072830
14182552459,14183115504
14182610748,14183313826
14182649933,14183653832
14183085028,14183555550
14184554237,14185304509
14184817139,14185289745
14187046562,14187602872
14189573680,14190163121
14190517774,14191480322
14191623497,14192814055
14191859795,14194565086
14192138563,14193548458
14195962055,14196321987
14196864050,14197877819
14196949694,14198867863
14198087457,14199104058
14201416379,14201977559
14201707588,14202467756
14201845903,14202211228
14202330238,14203440434
14204738717,14205369308
14206690388,14207395752
14207800414,14208218498
14208137307,14209449865
14208484293,14209354058
14209912242,14210677460
14212213037,14212952658
14212609197,14213197489
14213813169,14214456576
14214714606,14216058773
14215646399,14216248182
14216181046,14216531075
14216344844,14216993372
14217141444,14217458261
14217149021,14217678095
14217495953,14218474625
14218073290,14219732663
14223641542,14224637416
14223645508,14224857721
14225840603,14227579550
14227345160,14227624122
14228841196,14229904486
14230383437,14230586764
14231274454,14231518563
14233143752,14234172391
14234368498,14235346185
14235349406,14235861912
14238415837,14238957574
14239552106,14240588793
14240608117,14241489615
14240788782,14242366491
14242394771,14242540063
14242411500,14242549498
14242680612,14242774334
14243460607,14244292013
14245130748,14246430841
14246575612,14247161955
14248686003,14248801759
14248766731,14249027948
14248784981,14249559313
14248871597,14249965005
14249602219,14250046599
14249876986,14251516992
14249926200,14251058547
14250459924,14251129863
14251272895,14251699107
14252621245,14253279017
14253221086,14254236391
14255788796,14256659507
14256581564,14257539155
14256646827,14257729363
14259479357,14260232637
14260031793,14260708685
14261775229,14262845343
14262595845,14263495221
14262796229,14264001200
14263106026,14263569985
14265618804,14266514885
14267743385,14268596984
14268441174,14269922427
14273219314,14273664279
14274033828,14274403466
14275688312,14276342220
14275915347,14276530089
14276349517,14277072714
14277429739,14278184404
14277519679,14277926056
14277611483,14279648582
14277816588,14279655972
14279105830,14280210607
14280542541,14281666256
14281035039,14281637262
14281680571,14282044744
14283134750,14284054178
14283690120,14284527462
14283915568,14284679083
14285612887,14286671480
14286560646,14287651836
14287414542,14288170650
14287664869,14288223497
14287675024,14288829516
14287684129,14287919482
14288499020,14289733659
14288536113,14289655729
14288962921,14289659438
14289661840,14290665020
14290658619,14291947173
14291358069,14292268764
14292624236,14293546801
14292933339,14293785074
14294550486,14294875225
14294878977,14295841876
14296294786,14297191811
14297777522,14298537669
14300232546,14300863514
14300539187,14301579358
14300771330,14301393564
14302188108,14302428677
14303516887,14304600835
14304297597,14304768159
14305050021,14305513631
14305638587,14306365025
14306798202,14307537529
14307370658,14308020770
14308791470,14309413741
14310090261,14311216641
14311233335,14311994730
14313551433,14314599696
14313866336,14315356526
14316362230,14317623080
14316983306,14318096646
14318518604,14319036009
14318945929,14320024914
14322572438,14323670113
14323365944,14324026907
14323680024,14324291084
14325148344,14326318639
14326331906,14326536752
14328407293,14328908448
14328482357,14328564035
14329598246,14331001048
14330263288,14331109444
14332367509,14333997619
14332761174,14333645385
14335481381,14335658768
14336126418,14336981687
14337106871,14337347555
14337637208,14338077027
14338153674,14339163607
14340991752,14341661956
14342081365,14342920782
14342095470,14342431999
14342986096,14344060616
14346114712,14346451879
14348870068,14350086811
14349679679,14350704623
14350494712,14351328143
14350719974,14351501477
14351338554,14351525093
14352226869,14353285845
14352337847,14352955044
14354160311,14354830692
14354671341,14355929226
14355975174,14356037312
14356051639,14356841862
14356844392,14357182774
14357087054,14358102139
14357693688,14358954672
14358151199,14358592840
14358614884,14359112677
14359441206,14361153073
14359449456,14360680672
14360208701,14361057327
14360674252,14361467029
14361480336,14362643114
14361877766,14362955883
14362521617,14363764367
14363423656,14364372824
14365649930,14365706111
14365715484,14366468503
14365961234,14366307143
14365972752,14366638274
14366329437,14367291208
14368206228,14369045910
14369386825,14369466863
14369560853,14370107740
14371137293,14371389307
14371479976,14372546974
14371689578,14373212592
14373221312,14374032000
14373477578,14373957327
14373840912,14373977513
14374326142,14375982643
14375471747,14376394490
14375684214,14376586327
14377249445,14377516948
14377637917,14377952058
14377687278,14378869562
14378093061,14379042134
14378598932,14379747611
14379056437,14379721808
14379955769,14380777157
14381045014,14382026098
14381100472,14381462562
14381906919,14382535281
14385324511,14386177078
14386322096,14387384494
14386429478,14388179211
14386643586,14387617803
14388156766,14388805771
14391020732,14391868056
14391842780,14392250726
14392015658,14393050215
14392524927,14392724888
14392856415,14393337020
14394421284,14394507774
14398451131,14399178042
14399328529,14399789286
14401002492,14401940997
14401290714,14401906047
14401324144,14401513051
14402057864,14402151224
14402888571,14404008147
14404323164,14405251832
14405077872,14405211160
14407281658,14407334911
14407388894,14407995259
14407409276,14407498489
14407521619,14409115788
14407852973,14408123423
14407998502,14408521889
14410259529,14410939816
14411790450,14412902381
14412629917,14412995736
14413845449,14414098196
14414849669,14415549465
14418894723,14419081761
14420197482,14420976976
14421231576,14421471614
14421428289,14421986152
14422348217,14423416945
14423119125,14423841814
14423263096,14424051087
14425427366,14426343068
14425518574,14426345579
14426349421,14426410330
14426980960,14428058021
14428663465,14429263497
14430031049,14430991483
14431537455,14432288976
14431612392,14432240883
14431840675,14432453538
14432623509,14432730709
14432914444,14433500401
14433899312,14435060662
14434025480,14435136679
14434182086,14435324643
14436755550,14437480586
14438491319,14438669054
14439235672,14440074694
14442035345,14442689079
14442885586,14443586476
14443683750,14444552030
14444018281,14444412474
14444357080,14445327274
14444961919,14445093274
14445039185,14445567223
14445745188,14446082135
14445967188,14446820206
14446383543,14446717073
14446406190,14447175285
14446419560,14446544861
14446546665,14446746840
14447782261,14448492447
14448267877,14449208524
14448466358,14448591634
14449287561,14450103826
14449398007,14450115266
14449438135,14449842931
14449624998,14450350898
14450451817,14450795054
14451094006,14451544196
14453566840,14454671550
14457328332,14457762515
14457443820,14457760836
14457789372,14458037204
14459312188,14459988575
14459670044,14459870066
14459680411,14460001656
14462856822,14464783010
14463475860,14464431577
14463914439,14465458170
14465179566,14465689790
14465369044,14465859917
14465832308,14466468948
14466624524,14467051484
14467341026,14467582368
14468464749,14469106607
14468677819,14469000139
14468801235,14469574565
14468905781,14469354846
14469816662,14470319837
14470239238,14470552333
14470260840,14470338571
14470334930,14471161297
14470709190,14471051586
14470988109,14471403440
14471166594,14471881498
14472068559,14472490350
14472694239,14473166739
14474816457,14475440592
14475321626,14476038076
14475893261,14476393764
14476307859,14476457993
14477923455,14478009396
14478011312,14478324393
14478346798,14478514347
14478530315,14479198192
14478608165,14478802050
14478677974,14478824434
14478963399,14479986171
14479956227,14480497964
14480119179,14481260449
14480269339,14480984201
14481992996,14482432318
14482968898,14483465250
14484270189,14485527738
14484425178,14485053713
14485675185,14486036926
14486014803,14486233639
14486282308,14487176329
14487225940,14487839320
14488442266,14489585885
14489259609,14490218779
14490507259,14490987337
14490805233,14491007365
14491047883,14491785654
14493425861,14495379694
14494857897,14495752264
14495143664,14496220555
14495765720,14496805554
14496007731,14496517164
14496664995,14497516401
14496961824,14497542111
14498054912,14498498319
14498153910,14498899018
14498176269,14498442625
14499187863,14499806810
14500134818,14501037680
14504413352,14504787540
14505399009,14505743108
14506030103,14506722015
14506243978,14506391334
14506600395,14507406301
14506970222,14507584587
14507681126,14508231996
14508139078,14508835242
14508586267,14509060746
14509128905,14509845170
14510646390,14510934616
14510928171,14511244141
14511304464,14512272574
14512293462,14512388259
14512369878,14512456877
14512648077,14513105305
14512793649,14512887172
14513434922,14514228462
14513459792,14513923261
14513491038,14514209692
14514172729,14515165580
14514668387,14514954555
14514672664,14514878770
14515978501,14516494862
14516710636,14517345564
14517706610,14517918797
14518007886,14518344084
14518800240,14519242867
14519637977,14520726500
14519834462,14520833645
14522929374,14523864520
14523041032,14523597009
14523448465,14523609980
14524113129,14525186183
14524613138,14524868595
14525617059,14526327880
14526132551,14527043577
14526406797,14526678732
14526736114,14527596007
14526771422,14528018777
14526936974,14527957319
14528903939,14529429651
14530546483,14531402262
14530972404,14531163767
14534488391,14535449831
14534855761,14535214490
14535084258,14535672391
14535859836,14536933173
14536361683,14537077215
14536883640,14537060944
14537139648,14537449928
14537783086,14538023161
14538139801,14538876597
14538424231,14538662765
14538684131,14539204309
14540490056,14541321788
14540508405,14541480079
14541250514,14541819655
14541604215,14542000280
14541840397,14541969054
14542206601,14542331494
14542340229,14542741257
14543747847,14544229618
14543875707,14544370734
14544034924,14544196204
14544310084,14544383954
14544752426,14545314809
14546997550,14548011680
14548023860,14548748140
14548750792,14549268264
14550426709,14550600678
14550706777,14551264454
14550941138,14551054172
14551653672,14552026052
14553309069,14554125739
14555257609,14555906205
14555940095,14556167554
14557563536,14557791089
14557603151,14557888536
14558029070,14558505133
14558084073,14558779123
14558247222,14558545159
14559088295,14559158418
14559759623,14560186830
14560380486,14561009157
14560708793,14560902091
14562886418,14562973283
14563767403,14564262032
14565750270,14566424868
14565919556,14566997103
14566186028,14567013591
14570396630,14570849918
14570554919,14571424507
14571851195,14572361974
14572074600,14572466439
14572309454,14573053472
14572672321,14572758879
14572905976,14573244195
14573011725,14573544247
14573291764,14573915154
14573891717,14574667814
14573935594,14574595946
14574243787,14575046638
14574936556,14575417649
14575703204,14576083232
14576368058,14576698781
14576463504,14577073395
14578079565,14578592185
14578147799,14579082994
14578330234,14578801975
14578476443,14578906621
14578954908,14579421139
14579000758,14579742951
14579388159,14580120888
14579406554,14579912694
14579854591,14579933479
14579944984,14579988440
14581930272,14582280100
14582286417,14582806384
14585096941,14585678089
14585104996,14585532825
14585785415,14586524721
14586498424,14587127597
14586799674,14587980822
14587095208,14587559197
14587569748,14587692815
14588259819,14588781270
14589236867,14589747142
14589654086,14589932719
14589768325,14590474744
14590354142,14590653700
14590698109,14590723622
14592995202,14593522224
14593051570,14593618066
14593142901,14593626634
14593630570,14593752823
14593702819,14593818620
14593872935,14594158385
14594100394,14595143852
14594361027,14594949922
14594921020,14595406599
14596019274,14597161943
14596101589,14597233954
14596319221,14596734216
14597412865,14598248527
14598467985,14599143493
14598500631,14599116385
14600408764,14600943250
14600418471,14600438587
14600466305,14600721060
14601652081,14602329880
14601827951,14602024260
14602345821,14602602160
14602552339,14602698646
14602595661,14602742604
14603333143,14603760850
14603579364,14603845032
14604905345,14606436584
14605469766,14605789313
14605483326,14605990767
14605522452,14606020219
14605738716,14605798015
14606468729,14607140552
14607177326,14607451440
14607549940,14607700357
14607745905,14608109097
14608553282,14609246720
14608602215,14608902893
14610047875,14610747126
14610705912,14610767002
14610758836,14611199477
14612489635,14612772309
14613656651,14614210783
14613680496,14614287695
14613857467,14614269110
14613928408,14614539582
14614802307,14615222552
14614919860,14615302659
14615640490,14616224154
14617004035,14617176047
14617427294,14617543361
14617704141,14618067470
14624030862,14624283627
14624650793,14625492918
14625980858,14626622015
14626652726,14627236140
14626889290,14627566353
14627373094,14627815894
14627481162,14627744686
14628110317,14628837470
14629246455,14629965007
14629424976,14629724377
14629587222,14630137867
14629991086,14630776011
14630828650,14631651595
14631086191,14632198253
14631710040,14632129723
14632158918,14632645499
14632474059,14632733665
14633509374,14633838702
14634212391,14634364492
14634264418,14634989179
14634640752,14635168916
14634904481,14635368397
14635459570,14635768149
14636047060,14636460092
14637111719,14637400497
14637145167,14637312288
14638611110,14639346304
14638886586,14639295988
14639126681,14640077111
14640178424,14640917662
14640203143,14640746769
14640646480,14641326471
14641828027,14642178367
14642589572,14643748981
14642756697,14643217578
14642926324,14643072875
14643780516,14645036036
14644188405,14645107422
14644524754,14644680069
14644743137,14645286678
14644785918,14645517995
14645605983,14645927312
14646174135,14646684429
14647155459,14647716490
14647527021,14647831710
14648289264,14648570255
14648322565,14649044423
14648600568,14649299356
14649045336,14649207547
14649133790,14649598109
14650128874,14650326824
14650546399,14651050191
14650903391,14651194983
14651762517,14652427480
14652408430,14652791623
14653718225,14654107623
14653772316,14654457356
14655367571,14655530837
14656073658,14656370503
14656205759,14656670864
14656382063,14657799425
14658424477,14658810648
14658827576,14659362543
14659918048,14660069745
14661399921,14661512446
14661471339,14661823238
14661535987,14662003210
14662538482,14663461756
14662615038,14663166241
14662862917,14662895581
14663120363,14663599866
14663285357,14663686755
14665575158,14666302304
14666350361,14666972640
14666992809,14667361294
14668078620,14668537124
14668125618,14668827825
14668215212,14668922389
14668993659,14669568294
14669100507,14669612736
14670155200,14670680530
14670845996,14671495607
14672348131,14672662112
14673051750,14673812476
14673459088,14673607301
14675111304,14675813221
14676382762,14676451291
14677507236,14678502970
14678694574,14679246492
14680019986,14680251857
14680974124,14681402316
14681160486,14682279164
14681503037,14682105797
14682250942,14682396042
14683480233,14683757726
14683586565,14683959866
14684032758,14684514277
14684505858,14684902935
14685479682,14685853500
14686405802,14686499785
14686615048,14686787191
14687510663,14688501536
14688364355,14689311541
14689213496,14690070863
14689267256,14689937496
14689430828,14689548067
14690377653,14690837929
14691012273,14691871120
14691878559,14692342311
14691884221,14692459068
14693417347,14694015002
14695097550,14695213714
14695209742,14695501128
14695537093,14695937611
14695585972,14696093700
14695941841,14696285307
14696764000,14696861381
14699913049,14700632511
14700707654,14700790117
14702912900,14703648349
14704800016,14705197155
14705325065,14705786275
14705333240,14705450525
14705600148,14705797327
14705953477,14706408459
14706025546,14706379353
14706604974,14706816575
14706916784,14707454543
14707800902,14707977535
14708119852,14708719062
14709971990,14710314484
14710796436,14711112848
14711659031,14711879955
14711709166,14712098160
14711827753,14712148890
14712210283,14712663523
14712573389,14712617999
14712735138,14713389272
14714950582,14714992157
14716722061,14717041073
14716761523,14717424538
14717846097,14718398461
14717910167,14718308818
14719281307,14719940443
14719994125,14720522137
14720721420,14721095103
14721095770,14721527118
14721493521,14721589837
14721973298,14722500421
14722002005,14722622788
14723014385,14723353253
14723132670,14723693899
14723592227,14723907846
14724903648,14725270568
14725447486,14726058731
14725576575,14725656697
14725929255,14726482629
14728356534,14729124776
14728623896,14728988525
14730790115,14731891098
14730959124,14731633447
14732351282,14732825365
14732593886,14732834929
14734055610,14734147037
14734715090,14735173230
14735117416,14735612162
14735580311,14736177674
14735973267,14736549756
14736060627,14736295081
14736207057,14736408911
14736545913,14737150656
14736645259,14737140546
14736849041,14737287340
14737303542,14737855954
14738098105,14738546015
14739651691,14739863586
14740484636,14740798471
14740980019,14741091530
14741124820,14741545751
14741623711,14742169459
14742081173,14743079576
14742713399,14743099797
14744140232,14744388179
14745721802,14746039498
14745794627,14746317091
14747375070,14748456901
14747472110,14747990203
14748257189,14748673560
14748269935,14748917800
14749598004,14749730414
14749600616,14749982724
14749956741,14751318064
14750000573,14750739318
14750021942,14750903976
14750126095,14750959818
14751296936,14751509066
14752659181,14753046635
14755135299,14755291224
14755857193,14756858815
14756662516,14757606292
14758040433,14758475671
14758185477,14758434800
14759232809,14759356249
14759271052,14759732266
14759339519,14760157548
14759375771,14760026722
14759522897,14759802960
14760141103,14760931546
14761120849,14761344083
14761571850,14761730846
14762032209,14762632335
14762852378,14763008750
14763289803,14764096845
14763779797,14764212097
14764086653,14764523631
14764320620,14764408181
14764377348,14764995029
14764893550,14765199336
14765272330,14765422992
14765274632,14765989674
14765574868,14765937317
14765721167,14765848715
14766278821,14766585321
14766439973,14766696256
14767198981,14767531477
14767728195,14767828661
14768229281,14768426278
14768345139,14768407184
14768715284,14768877166
14768818810,14769521907
14769398174,14769917100
14769574449,14769904394
14770445655,14770655190
14770488273,14770976934
14770884420,14771273176
14771070584,14771617558
14771970063,14773038170
14772629193,14773125244
14772769346,14773003587
14773137631,14773560195
14773205911,14774088387
14773534671,14773864846
14773537011,14774028274
14774431861,14774770735
14775143215,14775480161
14778007797,14778332047
14778702796,14778925370
14778731663,14778887910
14778737224,14779250035
14779218834,14780799308
14779243628,14779807574
14779444175,14779631963
14779718901,14780244773
14782430352,14782896450
14782527214,14783172265
14782599121,14783053058
14783362074,14783998635
14783368385,14783939604
14783648799,14784060826
14783731822,14783970812
14784819453,14784914822
14785467590,14785647655
14785788897,14786130511
14785908069,14786059467
14786381767,14787119149
14787492460,14787626565
14787578265,14788101453
14789611855,14789673735
14789658071,14790479233
14789726710,14790423515
14789928573,14790418653
14790584979,14790819025
14790954002,14791313577
14791134175,14791826528
14791687121,14792163548
14792343984,14792652912
14793138263,14793213253
14793230054,14793554945
14793536568,14793879778
14794488016,14794875848
14794543824,14795485619
14795488025,14796352992
14795714295,14796458742
14796854118,14797124630
14797007074,14797430832
14797140821,14797647185
14797265345,14797707182
14797293481,14797619018
14797944876,14798043191
14799286792,14799742657
14799713425,14800491474
14801205685,14801383267
14803077282,14803212638
14803168933,14803619621
14803447681,14804306713
14803833753,14803984757
14804229026,14804437704
14804810041,14805373544
14804869513,14804988919
14805603605,14805874328
14805748199,14806135257
14806914985,14807110148
14807623235,14807748948
14807887569,14808120998
14808520906,14808821323
14809506257,14809887806
14810234676,14810714921
14810576164,14811089421
14810857779,14811112762
14811119815,14811285985
14811735013,14812102249
14811758240,14811871240
14811803454,14812267452
14812297491,14812888798
14812402658,14812848225
14812917270,14813341101
14813477063,14814178429
14814338971,14814602697
14815111458,14815334897
14815635440,14815916618
14816266911,14816629637
14817629290,14818208401
14817886533,14818741486
14818229417,14819016418
14818343025,14818632330
14822210051,14822462763
14822282332,14822848475
14823408511,14823518576
14823566113,14824019969
14824913886,14825446147
14825420587,14825959262
14825831443,14826011675
14827155689,14827425280
14827244061,14827649277
14828016905,14828346391
14829045181,14829653620
14830065804,14830867515
14830664438,14831057359
14831609908,14832048557
14832332090,14832686183
14832890364,14833371618
14833084936,14833331978
14833125328,14833391527
14833651799,14834032932
14833883422,14834546735
14834618827,14835191194
14835012677,14835214823
14835800349,14836148454
14836211269,14836607652
14836669705,14836821355
14836699450,14837039978
14836761619,14837246748
14837230671,14837442370
14837291827,14837572748
14837327767,14837511872
14838978557,14839265515
14839038426,14839341928
14839591768,14839733569
14839777123,14840394933
14839795424,14840720889
14841243852,14841871196
14841955251,14842343938
14842226392,14842824483
14843148312,14843589009
14843636548,14843928091
14844334840,14844884062
14844598512,14845178966
14844921584,14845110727
14845118492,14845248232
14845500041,14845883891
14845663031,14845918461
14846053995,14846167024
14846199340,14846490612
14846625118,14846843411
14848154244,14848669948
14848979836,14849783917
14849187551,14849840305
14849300474,14849546639
14850084634,14850831626
14850685798,14851150270
14852724165,14852887157
14852844282,14853141242
14853034295,14853552325
14853631483,14854162329
14853869074,14854236146
14854370254,14854825357
14855028282,14855401783
14855410241,14855785806
14855529388,14856104360
14855819227,14856080321
14856768144,14856968615
14857317930,14858006428
14858377564,14858830154
14858410386,14858709392
14858427212,14858939281
14858636688,14859272390
14858738003,14858903884
14858851845,14858947224
14859544504,14860189649
14860240384,14860566408
14860481849,14860684637
14860548825,14861146134
14860732289,14860878938
14863573361,14864044434
14863738563,14864136629
14864392625,14864672862
14865710685,14866593535
14865986913,14866534187
14866030227,14866250819
14866219635,14867025931
14866521185,14866891163
14868979775,14869241820
14870715015,14871324101
14871919494,14872121805
14873196665,14873549874
14873247230,14873940534
14873522608,14873964770
14873648408,14874074149
14873823670,14873954110
14874222854,14874431015
14874758633,14874911515
14874934896,14875441431
14875114740,14875650830
14875884463,14876504720
14876392817,14876762974
14876512326,14876931429
14876637691,14877038858
14876716741,14877226666
14877077313,14877602136
14877673320,14878071346
14877868148,14878147383
14878236576,14878640294
14878244580,14878707448
14878833008,14879647410
14879008436,14879880539
14880175541,14880543908
14880268071,14880574653
14882245779,14883008663
14882295520,14883072622
14882921270,14883083757
14883100209,14883424283
14883780427,14883856023
14884974379,14885414736
14885308316,14886231359
14886159517,14886456305
14886472565,14886975502
14886888108,14887077113
14887720445,14888148599
14887759406,14887898720
14889540037,14889740869
14890053598,14890124880
14890364257,14890823746
14890377622,14890982931
14890648083,14890781206
14890729971,14891214959
14891231293,14891781036
14891641119,14891827972
14893029880,14893867045
14894025004,14894330012
14894385505,14895187679
14895413970,14895498016
14895419468,14895996459
14895515325,14895887993
14895626354,14895674675
14895843239,14896150031
14896153961,14896333247
14896670341,14897217126
14896890302,14897565243
14897209854,14897844582
14897711368,14898491560
14897988571,14898195951
14898027282,14898573558
14898213592,14898542813
14899126577,14899594618
14900342540,14901006910
14900622402,14901224667
14901162655,14901548364
14901860887,14902427965
14901960125,14902572686
14902044712,14902932403
14902050130,14902651464
14903450802,14903914544
14904057862,14904090154
14905203656,14905757746
14905997704,14906793789
14909171746,14909655281
14909172903,14909752555
14910004165,14910698899
14910998195,14911397290
14911016564,14911884216
14911738696,14912031463
14912522391,14912681342
14914111997,14914610053
14914119610,14914580855
14914414847,14915066317
14914526097,14914996538
14915838948,14916115229
14916127605,14916375395
14916805365,14917223274
14918236879,14918663127
14918500284,14918835417
14918592468,14918916121
14918786825,14919398215
14918904304,14919241703
14919941515,14920754839
14919942282,14920550289
14920162789,14920769985
14923412998,14923528637
14923894058,14923921825
14924326539,14924607088
14924573032,14924917140
14926020203,14926586585
14926117792,14926376966
14926630383,14927063605
14926909393,14927269663
14926999544,14927187610
14927296950,14927736219
14927768513,14927927118
14927936509,14928264317
14928774284,14929226394
14929364887,14929963729
14929403835,14929895103
14930457612,14930967707
14931309574,14931546814
14931754637,14932211202
14933207361,14933401255
14933430093,14933577568
14934062307,14934331422
14935115309,14935607175
14935415093,14936020396
14935526004,14935758959
14936358774,14936850282
14937213095,14937377941
14937511155,14937751749
14937624084,14937911412
14937751259,14938455445
14937801692,14938123722
14937821739,14938516559
14939014943,14939301417
14939314389,14939479310
14939463598,14939971359
14939554541,14940024116
14939697620,14940208420
14939975269,14940096511
14940854768,14941016886
14941033670,14941405895
14941204892,14941702630
14941339277,14941534395
14942684419,14943019922
14943080350,14943673635
14943525990,14944101197
14943577232,14943626355
14943890007,14944241487
14944103138,14944267699
14944439404,14944505688
14946058771,14946638997
14946845906,14947380645
14947108525,14947191521
14947517993,14947824391
14947610300,14948290934
14948301787,14948860385
14950258189,14950856529
14950461346,14950509534
14951654330,14952605444
14951751066,14952592880
14952447227,14953288217
14953901783,14954512672
14954466566,14955059929
14954734709,14955413004
14955248177,14955726982
14955314666,14955728369
14955499709,14955642093
14955960770,14956310360
14956404569,14956536038
14957443704,14958025306
14958006568,14958727268
14958199088,14958543804
14959217654,14959834930
14959939230,14960364590
14960493419,14960872514
14960697610,14960947066
14960782902,14961258003
14960910762,14960972263
14961411396,14962478229
14962881448,14963021067
14963129203,14963489364
14963495707,14963704726
14963703934,14963896050
14965349912,14965712988
14966045598,14966531117
14966226373,14966932904
14966716478,14966947583
14966852161,14966996367
14967374373,14967682412
14968774551,14969362966
14968952046,14969494779
14969010014,14969529337
14969810839,14970495990
14971062946,14971512134
14971619442,14971728975
14972512742,14973213282
14973215990,14973763889
14973950882,14974265535
14975180708,14975730673
14975736099,14976224872
14976274746,14976405853
14977740895,14978389964
14978382189,14978958934
14978555319,14978922049
14979577500,14980445815
14981463572,14982002028
14982786889,14982949189
14982792639,14983120524
14983044547,14983305287
14983699498,14984321430
14984007657,14984265369
14984168494,14984737631
14984452202,14985087301
14984796275,14985342079
14985691344,14985866970
14985882958,14986280926
14986048308,14986442288
14986413490,14986583512
14986878387,14987161190
14986924881,14987109890
14987112954,14987183166
14987165695,14987760276
14987176185,14987654435
14987184540,14988024215
14988486228,14988653690
14988531418,14988728714
14988684978,14989104551
14988721389,14988917708
14988829027,14989508763
14989479984,14989609527
14989753010,14990119395
14991964434,14992477262
14992306613,14992905752
14992370855,14992873819
14993348633,14993780274
14994266691,14995211501
14994388908,14994956233
14994997747,14995399377
14995655199,14996073149
14995822885,14995981012
14996140970,14996453301
14996161476,14996597207
14996394057,14996757799
14996437810,14996635103
14996722984,14997069718
14997343025,14997813320
14997505022,14997639289
14998187143,14998398575
14998771097,14999166241
14999987678,15000391228
15000486282,15000910596
15000915057,15001069163
15002276702,15002832475
15002703901,15003054976
15004126918,15004247883
15004986944,15005467027
15005170860,15005247919
15006513872,15006758100
15008290972,15008330493
15008657325,15008915129
15009286215,15009601342
15009746210,15010180800
15009949483,15010460371
15010304308,15010746112
15011141543,15011597116
15011448666,15011869772
15012721587,15013134473
15012932088,15013296454
15013625574,15014065195
15013824455,15014052801
15015068983,15015311155
15015132388,15015296407
15016375220,15016476695
15016421175,15016882789
15016455274,15016696758
15017828471,15017999336
15018001113,15018404337
15018939181,15019266579
15019127983,15019208170
15019364381,15019924280
15019572433,15019691673
15020688266,15021050052
15021599124,15022110194
15021833187,15022066642
15022578379,15022926746
15023231320,15023410537
15024055487,15024497446
15024085972,15024284443
15025646479,15025738868
15025777448,15025972500
15025778737,15026144300
15026033494,15026425369
15029026428,15029477613
15029195963,15029524176
15030532574,15031510153
15030720182,15031475423
15031741754,15032183897
15031924189,15032434485
15033277723,15033557571
15033326639,15033439432
15033590374,15034172458
15034314221,15034348616
15035282433,15035821229
15035793150,15036383121
15037965319,15038559177
15039289522,15039820431
15039667975,15040040376
15040727993,15040853053
15040766675,15040887085
15041691239,15041887730
15042741709,15042851267
15043869450,15044147482
15044204791,15044769055
15044452211,15044995058
15044999073,15045404807
15046143999,15046578171
15046798014,15046900039
15047085091,15047294913
15047232622,15047375090
15048694924,15049225531
15049317118,15049648840
15050290918,15050619446
15050482827,15050710528
15050870976,15051304901
15050941568,15051022504
15051098942,15051238350
15051742775,15052027857
15052082934,15052171007
15052531926,15052744487
15052756507,15053093234
15053942394,15054471915
15057394482,15057964723
15057528782,15057810700
15057556666,15058150645
15057621101,15058015741
15058932923,15059269748
15059055110,15059552398
15059704402,15060269225
15059999085,15060264797
15060235024,15060424385
15060335936,15060640908
15060932418,15061298107
15060933645,15061226962
15060986924,15061499309
15061055415,15061267451
15061077273,15061173081
15061839068,15062226138
15062162142,15062537537
15062387574,15063170573
15062552288,15062941313
15064695588,15065204412
15065949176,15066520346
15066129397,15066624564
15066683778,15066933029
15067413304,15067736061
15067696957,15068023081
15067824192,15068142470
15067999681,15068318288
15068412927,15068803631
15068715612,15069227608
15068860858,15069391432
15069960118,15070119896
15070231808,15070587117
15070247583,15070362551
15071689540,15072061148
15071805111,15072147710
15072086904,15073239752
15072649129,15072888647
15072667068,15072972739
15073727961,15074458164
15074678260,15075262192
15075785522,15076245273
15075984777,15076080344
15077441882,15077729543
15077860204,15078362015
15078574477,15079062800
15078731756,15078901535
15078737205,15079201684
15078806666,15079188265
15079213929,15079722462
15080871875,15081313984
15081059295,15081591593
15083626151,15084103251
15085109336,15085511285
15085468903,15086032344
15085895709,15086013854
15086003632,15086531868
15086077199,15086502846
15086470679,15086936734
15086950202,15087114597
15088010863,15088338218
15088383031,15088646322
15088396751,15088695838
15088561136,15088641766
15088604626,15089224591
15088648883,15089182312
15089838121,15090334266
15090157680,15090536702
15092069289,15092756880
15092702616,15093180483
15092715997,15093193939
15094188074,15094586732
15094219262,15094392455
15094236833,15094502776
15094588508,15094851765
15094617354,15095163123
15095718730,15096139632
15096597115,15097455549
15097102043,15097442450
15097233840,15097397412
15097747311,15098188007
15098095614,15098681074
15098743935,15098805773
15101134586,15101867945
15101368502,15101746325
15103042853,15104122098
15103934004,15104374746
15104155568,15104210823
15104381706,15105145087
15104879387,15105806588
15105831429,15106274894
15107085710,15107154274
15108776635,15109259998
15108823972,15109053371
15110543539,15110796459
15111017737,15111393748
15111073354,15111400570
15111238342,15111489868
15112421671,15112812616
15112461204,15112978999
15112997947,15113091133
15115148440,15115586322
15115813201,15116412282
15116497495,15116797857
15117473716,15118183911
15118609720,15119236760
15119130004,15119578273
15119410311,15119801298
15120797052,15121294624
15121995269,15122079137
15123135036,15123468192
15123166424,15123337849
15124603714,15124823988
15124637526,15124927859
15125646484,15126032110
15127644849,15128055206
15127657580,15128163273
15127722942,15128308720
15128099983,15128224002
15128409720,15128690199
15128744951,15129098367
15129323581,15130057662
15130718427,15130800924
15131208293,15131605447
15131612120,15131858717
15132328549,15132401446
15132870336,15133309764
15133368756,15133754013
15134472703,15134592659
15134668505,15135058585
15135548152,15136023772
15135572347,15136143965
15137080545,15137200869
15137515699,15137685780
15137661543,15138308710
15138014216,15138711517
15139621820,15139911759
15140057085,15140916173
15140879620,15141487654
15141698802,15141877933
15142530501,15142888118
15142606876,15143085654
15142638977,15142947243
15142640187,15142856067
15143359518,15144207201
15143643986,15143833059
15144216631,15144490196
15144390090,15145203869
15144946213,15145561742
15145187250,15145583158
15145653828,15146146251
15146440423,15147307092
15147667834,15147981742
15147956333,15148274824
15148910619,15149096521
15148928836,15149342286
15149046340,15150079296
15149715740,15149811258
15150728044,15150824195
15150762003,15151210905
15150962103,15151572326
15151653234,15151841943
15151847115,15152088023
15153459857,15154276431
15153635087,15154158127
15153736048,15154345325
15154091732,15154540097
15155103686,15155376749
15155428898,15156020880
15155492102,15155898720
15157624869,15158368469
15158954019,15159344818
15159393339,15159769913
15159410192,15159798148
15159453976,15159488118
15160557202,15161101369
15162024699,15162044644
15162110868,15162159103
15162710481,15162815024
15162730582,15163111876
15163164193,15163375906
15163712292,15164276735
15164000768,15164240196
15164037790,15164578311
15164767315,15165230850
15164996227,15165236107
15165286022,15165742594
15165448706,15165866000
15166391600,15166884728
15166936508,15167490474
15167206163,15167424229
15168006715,15168164458
15168242977,15169034520
15168609816,15168733890
15168963727,15169484054
15169694015,15171299566
15170677588,15171181718
15171502156,15172113568
15171682062,15172153404
15172518965,15173206251
15172662666,15173068240
15173391552,15173692158
15173404854,15173727558
15173823228,15174355935
15174194603,15174719255
15174728701,15174832564
15175098147,15175334496
15175342546,15175664291
15175629103,15176239369
15175744648,15175792427
15175884431,15176204453
15176337011,15176756175
15178018312,15178235118
15178195202,15178606025
15179636827,15180371579
15179933368,15180073918
15180324946,15180526726
15181846829,15182441791
15182373467,15182731096
15184707891,15185134901
15185038938,15185263735
15186336076,15186435607
15186442020,15186782788
15187382311,15187745801
15188595127,15189069783
15188756541,15188854216
15188915283,15189500980
15191169993,15191265181
15191218464,15191819188
15191590790,15191910311
15191673186,15192800431
15192163588,15192632166
15192214691,15192709445
15192229945,15192804980
15193844689,15194395048
15194494517,15194795269
15196092681,15196382107
15197036431,15197396134
15197081399,15197707419
15197099554,15197608993
15197376244,15197566736
15197556689,15197837209
15197757796,15198231733
15198105895,15198652345
15198485058,15199019979
15198814203,15199331683
15199207987,15199477210
15199598112,15199791401
15199602636,15199821939
15199760687,15199885557
15200118733,15200630025
15202609314,15202838306
15202791742,15203998628
15203759001,15204380952
15203862705,15204619641
15205908681,15206245031
15205912983,15206531568
15207474163,15207828129
15207909354,15208606503
15209044631,15209656926
15209205783,15209352571
15210181748,15210369772
15210289273,15210408501
15211549915,15211950926
15211948132,15212960298
15212013850,15212908219
15212783440,15212817721
15212787429,15213210146
15212803177,15213118760
15213787628,15214489747
15214040069,15215080488
15214400019,15215000956
15214946113,15215393433
15216038071,15216314870
15217227310,15217667808
15217899241,15217937816
15217980583,15218278264
15218292745,15218687446
15218598895,15219051670
15219065692,15219863479
15219127017,15219479081
15219657841,15220116968
15219886377,15219956901
15220344109,15220702778
15220701647,15220973806
15220784557,15221237563
15220872129,15221097645
15221642060,15222329249
15221893834,15222366116
15222491277,15222826622
15222676583,15222778988
15223211022,15223596885
15223245822,15223421649
15224684291,15224899574
15225103069,15226371104
15225949719,15228245731
15226855114,15227634818
15227420051,15228008680
15228033566,15228563901
15228593757,15228646422
15229961704,15230167704
15230465085,15230960343
15231399043,15231791973
15231791901,15231946616
15232620181,15233180185
15234136413,15234729286
15234652672,15235153411
15234999109,15235783546
15235867273,15236406672
15236133813,15236314949
15236137092,15236383616
15236382018,15236825384
15236708064,15237165012
15237016020,15237419926
15237589231,15237839292
15239353629,15239941161
15239486978,15239624903
15239817806,15240119718
15240702388,15241512472
15242949243,15243462534
15245206035,15246629280
15246127383,15246543114
15246185047,15246694118
15246914557,15247642917
15247695237,15248011742
15248063253,15248597591
15248914208,15249404519
15250571759,15251748647
15251572795,15251856367
15251642013,15251854753
15251862760,15252197804
15252710159,15253335413
15252888429,15253290082
15253001457,15253326204
15253331324,15253860353
15253405955,15253907199
15253959413,15254202306
15254262068,15254593068
15254594585,15254741749
15254857041,15255249239
15258325362,15258539910
15258427073,15258633497
15258785779,15259066379
15259060066,15259571443
15259476229,15259845754
15260329781,15260881605
15260475095,15261240719
15260652727,15260971278
15261466470,15261950944
15261953005,15262337693
15262025901,15262337557
15262376538,15262570003
15262428384,15262912827
15264675181,15265223908
15265608039,15266468658
15266145013,15267018964
15266370092,15266613596
15267049396,15267563843
15267565652,15267960126
15267622307,15268139355
15267939552,15268196895
15268330573,15268725706
15268496659,15268993166
15268556070,15269109902
15269075832,15269280269
15269643662,15270066493
15269718505,15269805595
15270677097,15271001840
15270682764,15271296705
15271003778,15271320011
15271317608,15271604350
15271466615,15271732573
15271638324,15272122182
15273852697,15274136109
15274160084,15275031722
15274403013,15274618035
15274444805,15274870959
15275754930,15276235185
15277421416,15277762904
15277713342,15277932951
15279332740,15279751999
15279757908,15279799635
15279817726,15280313881
15280291479,15280572867
15280573974,15281086596
15280579144,15280930800
15280585188,15280890200
15280981844,15281884985
15283600288,15283758212
15283933064,15284301196
15284827393,15285395046
15285393823,15286008804
15286683099,15286996695
15286862418,15287312550
15286942038,15287681986
15287318977,15287477954
15288805865,15289335813
15289692132,15289848512
15291607594,15291994857
15291858864,15292649678
15292531112,15293163138
15292653646,15293102769
15292661075,15292857749
15292903339,15293378041
15293306062,15293826039
15293311922,15293421857
15294235981,15294789414
15296519900,15296546891
15296649171,15297191817
15296657198,15297024826
15297974157,15298443834
15298481936,15298978631
15298688351,15299007965
15298784872,15299460815
15299121792,15299428953
15299330559,15299362109
15299700423,15300336628
15300069586,15300097449
15300215704,15300782892
15300787210,15301166549
15301121229,15301724396
15301322053,15302062493
15301443654,15302124100
15301733401,15302165933
15302347135,15302779854
15302786702,15303247544
15303351235,15303864749
15305213774,15305662759
15306201052,15306224315
15306921769,15307294527
15307310972,15308085257
15307657104,15307960836
15307973035,15308472958
15308866503,15309187785
15308936037,15309977701
15310426020,15311464699
15310639366,15311043377
15311944823,15312093608
15313276353,15313571806
15313888235,15314409690
15314048235,15314990831
15314326620,15314562162
15314967122,15315724415
15315624755,15316076908
15316186966,15316473741
15317162313,15317178221
15318473338,15318862523
15319166193,15319242025
15319531748,15320070639
15319840202,15320015208
15320759831,15321177264
15322264819,15322654605
15324053355,15324517875
15324465875,15324935714
15324470417,15325014988
15324600359,15324783415
15325024299,15325494257
15325563445,15325600051
15326471524,15326507784
15327643444,15328154034
15327927832,15328534688
15329104524,15329904375
15329447813,15329848600
15329844854,15330137192
15330854917,15331083758
15330890318,15331249600
15331759701,15332151271
15331980992,15332516994
15332294231,15332945257
15333946441,15333991251
15334528089,15335014862
15334653732,15335079207
15334739259,15335123152
15334925045,15335213010
15336280913,15336872628
15336429901,15336470675
15337061219,15337175976
15337816762,15338408380
15338682708,15338976692
15339750624,15340055197
15342046654,15342189924
15342225984,15342297261
15342335314,15342739721
15342531441,15343057645
15343574023,15343881822
15344117838,15344721132
15344245135,15344483050
15344353628,15344423093
15344962986,15345018020
15344993904,15345453009
15345022111,15345677424
15345224427,15345264308
15345465636,15345901944
15345888483,15346029251
15346127948,15346664225
15346576195,15346927686
15346625551,15346905908
15347366713,15348065208
15347400946,15347675254
15348034115,15348241159
15348293879,15348554058
15348305335,15348816765
15348494805,15348666953
15348700256,15349339195
15348773550,15349303811
15348782671,15348905389
15350271232,15350733544
15350451111,15350748789
15350755457,15351129313
15350811043,15351313082
15351135335,15351912235
15351883392,15352234084
15351925636,15352517209
15351938356,15352596652
15352875074,15353058465
15354264029,15355115463
15354331133,15354833974
15355044934,15355648985
15356057233,15356209943
15357267005,15357305641
15357922153,15358535605
15358690058,15359165899
15359534793,15359560584
15359543361,15359947725
15359591286,15359649184
15359976494,15360096453
15360786320,15361454768
15361141241,15361645316
15363323448,15363495550
15363515630,15363851884
15364136188,15364835801
15364281353,15364621628
15364479218,15364656305
15366407770,15366915756
15366473001,15366974937
15366808479,15367341073
15367018196,15367427461
15367084515,15367860091
15367259600,15367636061
15368018123,15368115661
15368361609,15368605879
15368422365,15368980507
15368989778,15369660615
15370496403,15370848928
15370648381,15371149441
15370874729,15371083575
15371895188,15371934736
15373177094,15373626880
15374569793,15374650730
15374984148,15375287685
15375942801,15376071118
15376026684,15376513083
15376904642,15377471669
15376989625,15377177537
15377781990,15378503846
15379575194,15380850383
15382147840,15382429690
15382540650,15382786841
15382824424,15383207441
15382853213,15383244797
15383351036,15383738497
15383458493,15383612717
15383612399,15384222798
15383701203,15383977522
15383744022,15383924077
15384247947,15384791398
15384292259,15384361318
15384363323,15385132148
15384890545,15385121326
15385080277,15385573742
15385558048,15385896701
15386119580,15386477609
15386735514,15386990772
15386795515,15387047272
15387083577,15387312649
15387098936,15387523567
15387714396,15388199755
15387788561,15387966639
15388257809,15388639200
15388481805,15388803708
15389033604,15389158799
15390964227,15391978175
15391004348,15391829512
15391608553,15392226488
15392606979,15392693877
15393375093,15393527424
15393439356,15393553404
15393795704,15394067217
15393900046,15394138981
15394906436,15395013269
15395010856,15395444389
15396321565,15396835531
15396930707,15397036946
15397009268,15397617248
15401510953,15401929514
15401821924,15402212758
15403876953,15404381561
15405287452,15405806832
15405680159,15405896966
15406867264,15407236805
15408157844,15408689069
15409407553,15409977618
15409872455,15410277809
15409956875,15410194278
15410466953,15410882498
15411348649,15411756595
15412019300,15412523842
15413047229,15413511974
15415488948,15415965816
15416058118,15416325156
15416059476,15416664694
15416064208,15416490564
15416243884,15416437682
15416791138,15417311245
15417335503,15418141598
15418121365,15418273609
15418304476,15418357738
15418936713,15419754950
15419205115,15419519420
15419757143,15420395965
15420060094,15420290277
15420929231,15421921852
15420944604,15421888211
15421825446,15422375622
15421903170,15422030160
15422441585,15422534850
15422476488,15423070345
15422608398,15422639808
15423030366,15423097332
15423423074,15423672305
15425424280,15425808544
15429530492,15430501253
15430354092,15430753226
15431071347,15431654767
15431522923,15432018954
15431913818,15432332447
15432735330,15433222925
15432786477,15433399624
15432799670,15433115740
15432804872,15433344382
15433200950,15433551386
15433878169,15434313801
15434404772,15434493490
15434503338,15434764260
15434816242,15435047039
15436366820,15436535649
15437251950,15437454790
15437659320,15438420563
15438438051,15438653891
15439297956,15439472536
15439402769,15439431985
15440222992,15441036297
15440477066,15440768946
15440687181,15441698982
15440886664,15441567195
15441307513,15441921955
15441548618,15441999051
15441641271,15442147586
15441900591,15442232449
15441912531,15441987622
15442078568,15442729142
15442277529,15442557428
15443785167,15444114324
15444984824,15445198097
15445165405,15446514877
15445712797,15446243338
15446092751,15446545658
15447021723,15447588805
15447828963,15448277003
15447839007,15447905447
15448321724,15448659824
15448676423,15448939746
15449738756,15450048663
15450090069,15450349115
15450642508,15450817432
15451400648,15453151562
15452864711,15453030126
15452977120,15453319624
15453208286,15453575447
15453250357,15453563177
15454302074,15454918069
15454371942,15455055770
15454876465,15455037106
15455436337,15455989614
15456599205,15456641296
15456933817,15457078671
15456959452,15457214991
15456974969,15457499094
15456992640,15457177880
15457083549,15457629185
15457825285,15458670136
15458271520,15458477145
15458979876,15459381180
15459575493,15460138248
15460897239,15461530427
15461335029,15461631857
15462419480,15462466102
15462472375,15462627032
15462670282,15462761751
15462732537,15463278414
15462781178,15462895312
15462919554,15463435059
15463193505,15463864622
15464801362,15465436654
15464815723,15465169797
15464996752,15465160493
15465137899,15465229379
15465900458,15466308263
15466013833,15466180330
15466989466,15467569174
15467305343,15467623652
15467683774,15467742275
15467999089,15468060005
15468008795,15468527981
15468241054,15468970690
15468248164,15468633257
15469179921,15470097124
15469909591,15470637034
15470542445,15470649183
15471455539,15471703535
15472039371,15472782336
15472069094,15472593597
15472551658,15472896566
15472615908,15472659412
15472942623,15473315211
15473162658,15473804477
15473173560,15473208503
15473743658,15474064850
15473884143,15474093185
15474383548,15474862493
15474879529,15475865535
15474884263,15475791800
15475808183,15476013913
15475845252,15476352433
15476355338,15476443018
15476357389,15476909819
15477002246,15478144321
15477451550,15477847688
15477492866,15477694009
15478026640,15478557360
15478767130,15479018686
15479231366,15479969874
15479769411,15480261842
15480428858,15481168062
15480865165,15481324021
15481579830,15481798634
15481708026,15482068500
15482318379,15482639252
15482450856,15482556402
15483402622,15483494570
15483731140,15484265451
15486834086,15486878803
15487974122,15488093064
15488190051,15488689020
15488710194,15489027667
15488977504,15489095667
15489705679,15490170477
15489942061,15490292470
15491565184,15492582857
15491685468,15492848620
15491777977,15492152694
15491888602,15493101075
15492044378,15492155475
15492217332,15492565343
15493621356,15495550973
15493999028,15494609761
15494805352,15495308730
15496018550,15496534269
15496083705,15496670141
15496139113,15496666178
15496430999,15496974516
15496554548,15497325254
15497031789,15497536214
15497042398,15497423639
15497555383,15499198819
15497731595,15498050110
15498557689,15499152393
15498573920,15499057023
15500450768,15500962788
15500600847,15501264567
15501180105,15501508701
15501357121,15501602774
15501399291,15501539621
15502277891,15502731435
15503145876,15503994859
15503320788,15503693889
15503679714,15503894432
15504001281,15504490690
15504079948,15504639593
15504112322,15504662468
15504508903,15504801355
15506341191,15507216353
15506428985,15506868523
15506453018,15506851008
15506804896,15507013553
15507033916,15507139539
15508421888,15508760455
15508472431,15508705065
15508772310,15508983614
15509026056,15509502593
15509886585,15510310076
15509943902,15510094758
15510052926,15510732818
15512081123,15512124623
15512322987,15512406871
15513496175,15513641559
15513858431,15513954852
15514330219,15514719238
15514770421,15514889528
15515453184,15516335384
15516758712,15516949812
15516877690,15517002381
15517221282,15517666898
15517459096,15517750129
15517662305,15518047168
15519068358,15519239438
15519095790,15519536187
15519298812,15519519853
15519458558,15520019653
15519607090,15520123096
15522820486,15523161941
15522857080,15523424471
15524048184,15524333172
15524353653,15524631868
15524818426,15525237007
15524970854,15525130574
15525141966,15525336453
15526134210,15526727037
15527073723,15527485333
15527745323,15528450955
15528306296,15528553354
15528994266,15529403768
15529509928,15529620639
15529634985,15530063835
15529991817,15530202825
15530554945,15530843946
15530579773,15531117310
15531708264,15532301261
15533086197,15533908906
15533110760,15533843929
15534142747,15534656431
15534145280,15534641055
15534522102,15534933424
15534582916,15534783545
15535096234,15535311566
15535495322,15535758976
15535499231,15535803810
15536416805,15537083504
15536894823,15537286180
15537689808,15537849168
15538090763,15538130148
15538315582,15538604764
15538777186,15539109609
15539601035,15540201610
15539954735,15540570833
15540394727,15540939682
15540414037,15541294118
15540518180,15541398030
15541314073,15541559649
15541470955,15541861595
15541533909,15541912765
15541988200,15542314887
15542244055,15542688981
15542258747,15542358677
15542398064,15542630055
15542574558,15542789275
15543516613,15543879545
15543766334,15543911122
15544566513,15544826162
15544623808,15545030354
15545392553,15545739322
15545521122,15546104719
15545719380,15546150478
15545863774,15546239141
15547899004,15548299363
15548319228,15548441370
15548344491,15548832680
15548526371,15548703847
15549566365,15550043483
15550210907,15550370937
15550383693,15550532006
15550403571,15550618043
15550545637,15550700438
15550863035,15551044429
15550937612,15551093146
15552117751,15552274893
15552162177,15552698463
15552712124,15552915836
15552870923,15553400668
15553234773,15553593300
15554993299,15555481446
15554994893,15555412198
15555177107,15555739579
15555748805,15556011607
15556324802,15556437153
15557809371,15558224912
15558586542,15559204435
15559400094,15559912017
15560672655,15561245951
15561577642,15562225888
15562107467,15562582975
15562208556,15562349062
15562242700,15562411233
15562518737,15562574544
15563487850,15564092093
15563626049,15564606896
15564678380,15564719318
15564884969,15565226446
15565246682,15565448622
15565447295,15565633247
15566292066,15566311132
15569114489,15569559792
15569381432,15569936605
15570503287,15570687504
15570507274,15570854878
15570509584,15570798214
15571465879,15572379304
15571736584,15571779960
15572560115,15572804467
15572776456,15572937418
15572806413,15573238130
15572979705,15573414167
15573097420,15573397536
15573240200,15573491561
15573399388,15573669189
15573513289,15574182429
15573536929,15573875272
15575671236,15576286894
15575790199,15576403935
15576505697,15576729604
15577501034,15577709177
15578176416,15578719385
15578302433,15578676991
15578309920,15578433451
15579187857,15579429184
15579304093,15579434225
15579412995,15579836835
15581300129,15581847110
15581522988,15581730595
15583043102,15583316456
15583087438,15583622400
15583179913,15584136922
15583992621,15584292755
15584162031,15584545175
15584378744,15584636351
15584676237,15584812695
15585274732,15585617182
15585391946,15586327727
15585447785,15586329145
15585989466,15586466811
15587709586,15587802368
15588107080,15588417220
15588243982,15588737932
15590548107,15591072294
15590550447,15591066853
15590878704,15591317678
15591487320,15591865455
15592138902,15592707491
15592432438,15592581148
15592970628,15593088968
15593062705,15593721781
15593675949,15594160953
15593689859,15593811987
15594351106,15594414382
15594525790,15594805893
15594620380,15594959009
15595100382,15595386420
15595656053,15596564190
15595665872,15596291764
15595805967,15596548522
15596631483,15596859606
15596791169,15596897571
15598187116,15598528829
15598213767,15598586713
15598684135,15599387032
15600031976,15600815259
15600465219,15600822642
15600944525,15601174799
15601940421,15602468121
15601984831,15602492810
15602145169,15602829492
15602833682,15603081046
15602981765,15603413726
15603570948,15603727638
15603917378,15604178424
15604277709,15604948581
15605100217,15605848612
15606174440,15606632001
15606419138,15607268205
15607025655,15607406379
15608770352,15609072393
15610238492,15610345615
15610351368,15610811658
15610886885,15611476991
15611969305,15612199010
15612382489,15612952372
15612695190,15613028784
15613485327,15613985472
15614134020,15614376880
15614615038,15614768034
15614796057,15615316036
15616326689,15616710428
15617639885,15618173629
15617916244,15618141838
15618239653,15618731602
15620922566,15621303035
15621330909,15622030116
15621594834,15622135170
15621965543,15622363218
15622665681,15622768465
15622923265,15623247792
15623357156,15624318587
15624413601,15624608522
15625077409,15625980249
15625328359,15625632866
15625664850,15625819645
15625754362,15626173951
15626008206,15626196679
15626779575,15627118554
15627143044,15627632565
15627968664,15628524739
15628474778,15628690344
15628479876,15628863924
15628966983,15629098916
15629361155,15629747689
15629474409,15629926193
15629646607,15629704929
15630023141,15630424392
15630096019,15630498812
15630389199,15630664840
15630473025,15631011746
15630816122,15631070791
15630921439,15631242190
15630970836,15631420676
15631330543,15632077002
15631528793,15632052990
15631658815,15631849512
15632371594,15632566445
15633741541,15634406189
15634769241,15635228318
15634883352,15635268784
15635271117,15635739215
15635797445,15636152455
15636926800,15637404565
15637080352,15637652347
15637349305,15637925789
15638491322,15639046579
15639372159,15639505275
15639637385,15640019135
15640429779,15640921455
15640433933,15640699926
15640537016,15640776110
15641013115,15641463121
15641203150,15641239917
15642812020,15643123193
15643438368,15643831026
15643844933,15644483020
15644923336,15645454724
15645140639,15645288509
15645827114,15646301863
15646185945,15646909430
15646438484,15646882917
15647625663,15647675172
15648063178,15648444666
15648064713,15648340616
15648096941,15648532963
15648519806,15648960274
15648885329,15648990150
15649072672,15649168065
15649520120,15649783880
15650456257,15650978986
15650673216,15651222540
15650996054,15651543448
15651620180,15652184151
15652348732,15652798298
15652405306,15652834635
15652486809,15652898555
15652938746,15653469104
15656034749,15656284426
15656035657,15656329890
15656330688,15656855553
15656407802,15656773557
15656710931,15657339096
15657094040,15657596276
15657208098,15657754446
15657676871,15657905748
15660140130,15660550762
15660377108,15661289297
15660834320,15661398960
15661034493,15661232441
15661624812,15662197984
15662758258,15663360516
15663567864,15664573117
15664030262,15664383921
15664101585,15664344135
15664365083,15664924515
15664410259,15664719276
15665131481,15665323727
15665573851,15666276577
15666332196,15666376732
15666343257,15666652501
15667102132,15667641729
15668905690,15668978090
15668957662,15669598058
15669298195,15669501194
15670284839,15670455477
15670315101,15670813423
15672023395,15672407380
15672086339,15672365023
15672105096,15672487440
15672659925,15673082267
15673202228,15673401525
15673449180,15673662695
15673622150,15673704391
15674147487,15674584403
15674414046,15674909998
15674471971,15675264293
15675058118,15675126079
15675758662,15676051061
15675950889,15676572621
15676545608,15676985249
15676808535,15676881446
15677147883,15677445117
15678618879,15679063479
15679504267,15679718677
15679530514,15679643301
15681907784,15682532634
15681920504,15682633049
15682025615,15682348818
15683794883,15684040148
15684523951,15685314724
15684524804,15684902445
15686025683,15686534339
15686102305,15686311158
15686780194,15687765383
15687781793,15687957399
15687971381,15688433014
15688295045,15689194816
15689202666,15689306975
15689711368,15689831662
15689722725,15690209424
15690324505,15690374796
15690357481,15690818440
15690655253,15691128393
15690889398,15690948020
15691162625,15691640564
15692471353,15692518805
15694032450,15694568954
15694863500,15694928039
15694891046,15695399108
15695524867,15695631487
15695954385,15696386878
15696248485,15696458720
15696825440,15697559583
15697292658,15697748733
15698197652,15698598053
15698363719,15698565596
15698599540,15698816947
15699286772,15699740400
15699530793,15700008398
15700034964,15700320956
15700072294,15700670839
15700136378,15700591898
15701745197,15702355237
15701836352,15702149141
15702318674,15702929799
15702352764,15702747821
15702448652,15703317562
15702713244,15703135921
15704311710,15704771860
15705117809,15705320052
15705224591,15705824324
15705288352,15705381268
15705571128,15705597246
15707867615,15708163396
15708858803,15709230456
15709250105,15709780831
15710117536,15710479814
15710946930,15711248864
15711479031,15711636068
15711486122,15712058753
15711854578,15712289471
15712587881,15712645364
15712751035,15712768656
15712841727,15713415056
15712984724,15713383157
15713754575,15714142262
15713864174,15714565476
15714067044,15714498497
15714474689,15714699000
15715101273,15715179972
15716369888,15716567653
15716428501,15716663198
15717543376,15717898783
15717694680,15718099621
15717703162,15717792882
15719649133,15720012793
15719848298,15720001366
15720017019,15720464824
15720316449,15720746211
15720828519,15721027908
15722376764,15722897912
15722644707,15723385510
15724474406,15724997008
15725396845,15726017193
15726532586,15726885845
15727331317,15728015094
15727950780,15728725014
15729021221,15729341915
15729065341,15729614877
15729087640,15729554173
15730537175,15731223121
15730646832,15730936104
15731258720,15731597742
15731594106,15732175999
15733221442,15733516779
15733291442,15734036851
15733558937,15733870222
15733883038,15734236395
15734239412,15734529867
15734347144,15734404839
15734541731,15734882751
15735877008,15736842508
15736616974,15736939307
15736966175,15737142305
15738450418,15738578970
15738586055,15738861418
15738784293,15739260560
15739139319,15739477948
15739222590,15739657686
15739232969,15739742547
15739307038,15739835301
15741122293,15741569344
15742248288,15742447873
15742466724,15743170448
15743304979,15743874734
15743795127,15744284937
15743862445,15744710404
15744174540,15744313184
15744310499,15744664571
15744381968,15744710981
15744387440,15744696872
15744509146,15744890820
15744813554,15745466161
15744843736,15745518834
15745594291,15746009779
15745884597,15746341069
15746074113,15746461288
15746742303,15746945937
15746778286,15746930971
15747420590,15747561345
15747724294,15748045394
15747960319,15748546060
15748622641,15748709510
15748820245,15749208159
15749104588,15749186897
15750679905,15750994157
15750740215,15750955160
15751104007,15751600743
15751144143,15751500965
15751464106,15751724924
15751636599,15752157443
15751769059,15752027115
15752259348,15752684200
15752924910,15753136701
15752948578,15753443846
15753474275,15754186164
15754376807,15754467131
15754659488,15754930837
15755776148,15756358691
15757039812,15757122471
15757135024,15757401294
15759024299,15759239889
15759109546,15759635964
15759442466,15759510266
15759936990,15760162819
15760380444,15760460332
15760481909,15760661339
15761510507,15762075187
15762962904,15763669012
15763432341,15763630603
15763506782,15763832807
15763636423,15763993251
15764886713,15764990833
15764978560,15765095892
15765131466,15765266185
15765336478,15765826960
15765636873,15766060884
15765765276,15766089699
15765967654,15766751128
15766897051,15767214275
15767053391,15767422388
15767299767,15767914202
15767916208,15768008981
15768216515,15768330389
15768451768,15768582991
15768476272,15768910462
15769237216,15769686787
15769519000,15770175335
15769735958,15770192354
15770543784,15771177457
15772091774,15772275839
15772342672,15772637337
15772818633,15773584327
15774120392,15774268161
15774378818,15775048509
15775357150,15775607925
15775877117,15776225970
15776305709,15776510348
15776772142,15777126758
15777146947,15777290716
15777863583,15778400202
15778430311,15779008260
15779119649,15779360921
15779376900,15779748011
15779628018,15780231984
15779840285,15780390935
15780584045,15780794676
15780850934,15781029737
15781224773,15781683869
15781233861,15781759584
15781673159,15782325919
15781754674,15781923420
15781883393,15782322056
15782351372,15782813940
15782773522,15783057966
15783001958,15783157597
15783821269,15784143536
15784906233,15785196835
15785023342,15785277338
15786161827,15786647141
15786186123,15786310049
15786437943,15787026677
15786523498,15786680660
15786717155,15787401374
15787115664,15788073193
15787730403,15788404615
15788526386,15788781165
15788529658,15788545062
15788562885,15788891672
15788779511,15789195886
15789039989,15789075285
15789283233,15789578381
15790593404,15791301103
15791031141,15791386923
15792324882,15792939182
15793368882,15793844634
15795119870,15795265065
15795194660,15795396472
15797408674,15797751954
15797461711,15797864134
15797642815,15797733786
15798207829,15798795828
15798800947,15799427276
15798811394,15799059716
15799013352,15799527910
15799444200,15799786265
15802994479,15803125577
15803741971,15804344584
15803922027,15804351711
15804701371,15805208448
15805270029,15805327566
15805859503,15806124341
15806387275,15806975873
15806760699,15807134998
15806980578,15807034162
15807137168,15807638890
15808091469,15808460929
15809576996,15809870718
15809625703,15810233218
15809950262,15810387521
15810019247,15810113187
15810226790,15810696532
15811490830,15811636676
15812084279,15812266688
15812229110,15812385726
15812481414,15812805244
15812955269,15813059650
15813135244,15813529960
15813451239,15814079687
15813640440,15814037584
15814643527,15814888049
15814893955,15815301700
15815335432,15815669305
15815771961,15816343302
15815795771,15816514620
15816113513,15816629850
15816549743,15816860435
15817643541,15817733413
15817835394,15818014774
15817835745,15818148982
15818151038,15818717556
15818315462,15818812509
15819226938,15819479042
15819638000,15819988721
15820718101,15821191788
15820735672,15820888484
15820789789,15821469509
15820943511,15821585353
15821185165,15821416804
15821341558,15821998139
15821470622,15822067420
15821705360,15822109353
15822459096,15822915557
15823564861,15823816396
15824694709,15824769223
15826173574,15826247543
15826727456,15826963848
15827190387,15827596856
15827452109,15827865535
15827517878,15827959542
15827753453,15828413222
15827891312,15828486530
15828377633,15829317173
15828423036,15829215050
15828946588,15829323066
15830459231,15830892532
15830862442,15831166505
15831789472,15832212504
15832142011,15832353186
15832708383,15832908995
15833165987,15833549687
15833653257,15834266205
15834162301,15834888037
15834889328,15835138767
15834895167,15835188019
15835481606,15835927819
15836417240,15836878005
15837842852,15837906285
15838269801,15838848709
15838314466,15838688041
15839630881,15839954614
15839664398,15840030936
15839838562,15840661018
15840401487,15842201265
15840907044,15841335185
15841258901,15842011045
15842025291,15842670290
15842277861,15842360151
15842695295,15842765968
15843566000,15843882762
15844315663,15844486984
15844710884,15845416106
15845458583,15845583748
15845483640,15845962896
15845544083,15846039599
15845669219,15845909597
15846067934,15846141164
15846162588,15846249756
15847472575,15847784086
15847608871,15848144413
15848163511,15848982547
15848167046,15848982637
15848458194,15849182180
15848939628,15849366358
15849395566,15849900317
15849918249,15849948691
15850079984,15850118989
15850551736,15850970618
15850566064,15850688481
15851335838,15851813720
15852012960,15852183288
15853153073,15853555080
15853186324,15853405092
15854513480,15855416935
15854712704,15855239292
15855964817,15856222433
15856137779,15856410894
15856207101,15856642568
15856829321,15857418847
15857353671,15857634124
15857709120,15858058472
15858722241,15859731551
15860308914,15860722443
15860545186,15860787615
15863640941,15864159065
15863815778,15864340447
15864076814,15864572033
15864721864,15865204024
15864830017,15865293534
15864999375,15865117267
15865005029,15865170660
15865514374,15866016875
15865874175,15866143528
15865914469,15866045967
15865962048,15866135232
15866221944,15866511139
15866474211,15866748290
15866675761,15866845000
15867866570,15868216864
15868355605,15868753581
15868360674,15868525016
15868742762,15869716582
15869115234,15869547826
15869656895,15870141776
15869726381,15870082354
15870021276,15870485394
15870145593,15870266842
15871266992,15871458533
15871494334,15872239933
15871873185,15872107477
15872235165,15872507427
15873114475,15873466190
15873579949,15874099505
15874036547,15874062426
15874227711,15874424899
15874458832,15874740507
15874479149,15874845119
15875442212,15875651383
15875486517,15875562721
15875695382,15875874654
15876188536,15876446205
15877504625,15877835049
15878792094,15879694855
15878907923,15879451736
15878922804,15879444545
15880075727,15880425619
15880167834,15880704135
15880733642,15881245995
15881227413,15881701552
15882168376,15882557552
15882582276,15883233944
15882953550,15883067412
15883395930,15883733671
15883579125,15884122015
15883716938,15883834377
15884028336,15884434729
15884073368,15884124846
15884162958,15884645724
15885175204,15885437624
15885496050,15886004122
15886214216,15886588790
15886402150,15886480652
15886442947,15886805877
15886777269,15887175040
15887991283,15888067556
15888414407,15889012839
15888697163,15888867001
15889457051,15890004473
15889490126,15889571997
15889592037,15889786874
15890025501,15890559889
15890140045,15890770719
15890240190,15890443955
15890366698,15890869536
15890782780,15891146262
15891179047,15891711145
15891431876,15891679043
15891459479,15892001181
15892550758,15893018998
15892559811,15893104425
15892738316,15892922668
15892893400,15893273812
15893320772,15893734923
15893345286,15893746652
15893705313,15893833554
15893740431,15894272378
15894797889,15895137674
15895112541,15895184647
15895130765,15895507932
15897181333,15897537136
15897223629,15897722690
15898107929,15898741826
15898179480,15898474470
15898367658,15898726487
15898515734,15898644048
15898699946,15898853776
15899339961,15899797321
15899963107,15900207160
15900866713,15901450102
15900882735,15901663757
15901095764,15901146015
15901892862,15902469138
15902960892,15903639582
15902988847,15903452976
15904606591,15904788134
15905445440,15905864027
15905668542,15905832994
15905888070,15906150788
15905917212,15906399259
15906416201,15906682616
15906611549,15906962661
15906683886,15907247447
15906949668,15907187071
15907079772,15907477100
15907116447,15907308096
15907949298,15908058595
15908063618,15908604540
15908618631,15909011688
15909742258,15910230520
15910144519,15910738151
15911168797,15911710363
15912009027,15912558519
15912729853,15913240536
15912760422,15912994327
15912837999,15913504356
15913182913,15913727765
15913265730,15913655004
15913950094,15914520824
15915577340,15915614295
15915615826,15915698733
15915741549,15916784277
15916712274,15917469230
15916914248,15917066411
15917321653,15917650410
15917373299,15917618140
15917466774,15917513500
15917552393,15917835345
15917644202,15917868268
15917848708,15918317122
15918138853,15918891321
15918858786,15919036683
15919776827,15919899388
15920482431,15920939075
15920525778,15920881941
15922066348,15922638357
15922955299,15923424015
15923526760,15923842406
15924192317,15924402386
15924376695,15925070386
15925959547,15926387498
15926278391,15926414015
15926560420,15927269090
15926608677,15926711889
15928682335,15929016337
15929030292,15929447824
15929807972,15930476932
15930200745,15931779923
15930801222,15931652178
15931310793,15932782713
15932435403,15932947286
15932947286,15933482424
15934039922,15934374627
15934392621,15934940220
15934501882,15934788076
15934636238,15934789493
15937768327,15938092594
15938092260,15938566293
15938148536,15939097533
15938200319,15938934212
15938451041,15938826608
15938885487,15939605413
15940857977,15940920573
15940942428,15941748291
15940954975,15941488765
15940997763,15941276524
15941446127,15941551160
15941457806,15941711631
15943314939,15943827510
15943459281,15944127298
15944174048,15944782057
15945106234,15945518740
15946027386,15946271762
15946197342,15946805094
15947059650,15947478840
15947496515,15948044437
15947577093,15948187185
15948714617,15949332090
15949156639,15949625035
15949431051,15949849446
15949701985,15949838113
15949915113,15950033154
15950668056,15951000626
15950789625,15951318674
15951335186,15951461101
15951517422,15951619753
15952152980,15952464387
15952270697,15952567112
15952454321,15952650625
15952505556,15953027742
15952700922,15952787948
15952890295,15953355113
15953033564,15953827951
15953590696,15953650034
15953713315,15953747309
15953830274,15954122679
15954023878,15954705615
15954298018,15954679956
15954384405,15954919646
15955593988,15955780826
15956791464,15956920083
15957829649,15958030317
15958271355,15958464654
15958877543,15959305951
15958892978,15959447989
15959833165,15960009415
15960331576,15960957766
15960369207,15960555998
15961745093,15961909123
15963305962,15963537352
15963426080,15964153069
15963684889,15963768286
15963781539,15964324077
15963859500,15964798850
15964095713,15964522993
15964488025,15964982400
15965286447,15965756567
15965553275,15965624459
15966827834,15966943073
15967420584,15968227963
15968348340,15969080085
15968444561,15968908750
15970646323,15970970121
15971181989,15971359356
15971218670,15971747360
15971246396,15971648272
15971756717,15973600298
15971958382,15972299134
15972082068,15972629676
15972478239,15972566175
15972837986,15973028503
15973117540,15973629677
15974483579,15974622308
15974970280,15975424681
15975258215,15975361185
15976165821,15976415556
15976826614,15977439429
15977518850,15977738600
15977859846,15978200586
15978108198,15978371373
15978203458,15978586080
15978369213,15978644879
15978438016,15978631458
15978578332,15978821963
15978927798,15979424187
15979445465,15979505852
15979580332,15979879774
15980633539,15981226029
15981155389,15981607579
15981682593,15982104355
15984569481,15984746121
15984619623,15985168411
15984953897,15985193110
15985098339,15985661211
15985280817,15985970107
15985475721,15985949771
15985543992,15985727882
15985733350,15986528268
15986236187,15986467152
15987564224,15987657597
15988156437,15988371483
15988204996,15988338609
15988534584,15988795662
15988661580,15988926633
15988989269,15989594900
15989881035,15990105652
15990001858,15990545249
15990097840,15990262944
15990336884,15990807580
15990574042,15990921788
15990836823,15991313972
15991421037,15991543805
15991818330,15991994840
15992512509,15993165675
15992696451,15993441127
15993975671,15994088764
15994199322,15994553286
15994884358,15995301314
15995662360,15995808947
15995861625,15996201569
15995887793,15996307129
15996429006,15996655080
15996925970,15997088257
15997067513,15997629458
15997569517,15997949898
15997962660,15998122973
15998908518,15999321867
15999284834,15999446436
15999810841,15999865394
16000129648,16000251577
16001142520,16001366375
16001383113,16002007621
16001865756,16002381466
16002261510,16002644706
16002508790,16002974873
16002897125,16003374817
16003201160,16003793770
16003392336,16003581376
16004010698,16004618357
16004104153,16004168869
16004307858,16004657674
16004477704,16004842036
16004529902,16004974628
16004961400,16005349061
16005002907,16005442747
16005456006,16005627334
16005781747,16006328787
16006967220,16007667174
16007714537,16008068046
16008215388,16008762289
16008529724,16008957416
16009334060,16009682130
16009580055,16010040089
16010758285,16011038894
16010968689,16011305821
16011108098,16011139101
16013543327,16013760943
16013903880,16014279324
16013984544,16014479947
16014017527,16014669255
16014503451,16014897884
16014549174,16015078214
16014984539,16015314811
16018162477,16018648833
16018458561,16018818850
16020662778,16021118717
16021102453,16021636266
16022070682,16022193249
16022162608,16022341594
16022260227,16022758414
16022477583,16022881411
16023729394,16024105064
16024173282,16024776397
16025600235,16026241499
16026483207,16026554524
16026723632,16027213871
16027295243,16027444218
16028711180,16028803449
16028847679,16029205403
16030316229,16030778364
16030582578,16031289452
16031969592,16032578611
16032926746,16033460589
16033057982,16033077673
16033978749,16034100850
16034067448,16034295137
16034630592,16034987149
16034712573,16034817727
16035094443,16035383364
16035681976,16036169694
16035916182,16036607295
16037896426,16038440829
16038088342,16038436311
16038232407,16038636859
16038338863,16038944904
16039088836,16039182903
16039537892,16039658690
16039663445,16039927601
16039814961,16040059280
16039993870,16040040978
16040679936,16041078828
16040948972,16041927635
16042070124,16042279212
16043422006,16043602221
16043440747,16043969109
16044076607,16044366493
16044740916,16045060130
16047347073,16047566139
16047426019,16047913754
16048311203,16048655966
16048483053,16049261193
16048815344,16049373900
16049268142,16049616502
16049314898,16049380957
16049364334,16049549519
16049410162,16049699729
16049670153,16049886772
16049785041,16050213947
16050998738,16051352629
16051346885,16051666537
16051349761,16051897418
16053613820,16054990505
16054896343,16055112491
16055046424,16055560071
16055070271,16055537590
16055887113,16056456291
16057020298,16057228372
16057058141,16057534306
16060037536,16060661290
16060793235,16061012238
16061014570,16061596415
16061163646,16061703219
16061485084,16062083824
16061750436,16062555440
16062899769,16063369926
16063153844,16063761990
16063164211,16063739824
16064018379,16064055013
16064169925,16064484352
16064834523,16065473248
16064863423,16065340154
16065342502,16065796129
16066654436,16067011202
16067173670,16067445530
16067648673,16068148932
16068145878,16068804715
16068231588,16068750024
16068583371,16069275401
16069300518,16069882555
16069545355,16070073801
16069907951,16070481806
16071676207,16071859579
16071863981,16072080922
16071897654,16072448352
16073264166,16073669484
16074320134,16074509037
16074878870,16075367011
16076624155,16076666828
16076914301,16077386760
16077230187,16077531243
16077319826,16077620133
16077621608,16077806105
16077673266,16078222813
16077886245,16078616686
16078499378,16078978285
16078811468,16079095405
16078987978,16079316705
16079096568,16079639597
16080077825,16080307126
16080870343,16080937872
16081884254,16082062329
16082249656,16082548806
16082806846,16083201123
16082899358,16083482696
16083137403,16085279681
16084890750,16085117233
16085166049,16085646709
16087169263,16087727034
16087324484,16087516341
16087894842,16088233765
16088289556,16088620269
16088712854,16089433692
16089406373,16089710523
16089487353,16090069405
16090759464,16090905167
16090883270,16091285305
16091430256,16091959047
16091515975,16091711760
16092101355,16092672280
16092681484,16093097937
16092790819,16093373949
16092831310,16093481194
16093194124,16093991631
16093716839,16094434836
16094167090,16094503915
16094553287,16095006028
16094557194,16095142989
16095107980,16095970153
16095531722,16095816070
16095753650,16096120483
16096134909,16096716958
16096447937,16096687042
16097206860,16097337438
16098144771,16098387836
16098536520,16098585068
16098577988,16098755680
16099162474,16099334187
16099178390,16099271462
16100811391,16100882621
16101242367,16101604107
16101851674,16102112406
16102723518,16102840482
16103041508,16103402588
16103843883,16104583361
16103957905,16104157222
16104000140,16104236635
16104240169,16104863981
16104486641,16104658580
16104792977,16105292348
16105495016,16106218756
16105788010,16106346331
16107278961,16107495833
16108475853,16109190329
16108662733,16108765424
16110396126,16110849967
16110417096,16110613721
16110697167,16111037221
16111580564,16111662153
16111729952,16111919659
16111861146,16112005188
16112016219,16112326699
16112542035,16112903364
16112550022,16112751416
16112584501,16113052092
16112762885,16113011744
16113514050,16113765108
16115587194,16115720391
16115588471,16115782229
16115971629,16116450068
16116634843,16117013702
16116684537,16117105438
16116747319,16117164930
16117070357,16117247761
16117690437,16117801402
16117715638,16117771440
16117861264,16118037325
16118259641,16118603250
16118625972,16118947467
16118633280,16118994672
16118652511,16118955123
16118986127,16119144914
16119011188,16119486113
16119454254,16119516578
16120137289,16120637667
16120807654,16120973591
16120948051,16121353993
16121347533,16121386497
16121418650,16121745190
16123103478,16123234368
16123456885,16123841186
16123549321,16123747249
16124062516,16124575881
16125282569,16125345011
16125602789,16126012046
16125664136,16126099852
16125689123,16125762487
16125773773,16126122685
16125810643,16126040942
16125869554,16126288928
16126381506,16126497140
16127493628,16127946328
16128317105,16129049548
16128726861,16128902984
16129185731,16129734161
16129676410,16129944749
16130456631,16130850694
16130723738,16131095090
16130853584,16130927057
16131937888,16132231983
16132243665,16133024449
16132822428,16133553201
16133732388,16134276666
16133769655,16134245776
16134830342,16135637698
16135227578,16135923401
16135314050,16135365977
16135491743,16136122444
16136847407,16137367860
16137281302,16137736655
16138258487,16138551036
16138413994,16138489464
16138438232,16138626243
16138566674,16138582260
16139444431,16139979566
16140444408,16140882891
16140475199,16140939331
16140651935,16141066990
16140796522,16141186027
16141025992,16141286550
16141097260,16141495318
16141896273,16142153199
16143208918,16143507720
16144106714,16144377234
16144978615,16145311333
16147725316,16147759741
16148012147,16148187913
16148054485,16148213651
16148243320,16148381443
16149732136,16150607783
16150752381,16151088358
16151697147,16151834921
16152457688,16152679259
16152500410,16152841309
16152647890,16153171807
16152918549,16153218408
16153780435,16154280166
16154045684,16154403528
16154158359,16154658001
16154485345,16155102234
16154563231,16154938073
16154681638,16155185464
16155357874,16155782951
16155766223,16156438025
16156078735,16156453115
16156349688,16156611073
16157306195,16157867085
16157406761,16157794747
16158460313,16158683902
16159727548,16160209003
16159823658,16160565071
16159843330,16160179159
16159900519,16160134659
16160576532,16160832834
16163739906,16164282472
16163831915,16164025786
16164985240,16165388357
16165647847,16166340194
16165764176,16165876754
16166602585,16166695166
16167377598,16168932597
16167799120,16168226958
16169550092,16171156466
16170138212,16170522251
16170526925,16170964597
16172010873,16172287648
16172329404,16172437564
16173659807,16174379240
16174571210,16174922969
16174971244,16175588805
16175139369,16175306953
16175448728,16175796153
16175511698,16176009827
16175591677,16176089357
16175610678,16175718593
16175656466,16176234599
16176097475,16176361577
16176257867,16176643965
16176521780,16177366003
16177037860,16177454441
16177421556,16177559608
16177743592,16178149599
16178260783,16178868216
16179078691,16179540827
16179318831,16179717454
16179412664,16179817880
16179596781,16180142421
16179737785,16180206912
16180592273,16181006590
16180658529,16181087033
16180735844,16181080735
16181172958,16181455171
16181212157,16181752874
16181322438,16181891003
16181457473,16181747059
16182868031,16183057258
16183344671,16184047837
16183565470,16183690471
16184084655,16184396260
16184365514,16184646931
16184715310,16185272770
16185875246,16186144332
16186851813,16187485109
16187218668,16187736545
16188302850,16189550067
16188783476,16188816942
16189442961,16189999018
16189829338,16190399785
16190811036,16191752863
16191381344,16191819814
16191488961,16191596643
16191634709,16191689694
16192012264,16192349748
16192228369,16192550455
16193067821,16193769339
16193918678,16194377606
16194333728,16194774792
16194820627,16195224698
16195137807,16196206559
16195235433,16195795616
16195355107,16195924775
16195385601,16195853547
16195620412,16196019570
16196208927,16196338369
16196762694,16197227811
16196900284,16197292242
16197012250,16197313423
16197371621,16197522657
16197485394,16197611278
16197828230,16198183819
16197835973,16199419293
16199713422,16200141361
16199924252,16200552302
16201250069,16201403166
16201866099,16202618589
16202659130,16202909861
16202684191,16202958163
16202767935,16202806753
16204324525,16204528130
16204388249,16205055898
16204431693,16204811719
16204543511,16204992725
16204949208,16205106297
16205227336,16206071925
16206618674,16207315848
16206859469,16206955270
16206871214,16207074822
16207752986,16208389229
16208094092,16208563624
16208412595,16208747589
16209570919,16210712141
16210581075,16211201388
16210741589,16210796053
16211445558,16211777836
16212054521,16212568083
16212940443,16213236839
16213335194,16213802131
16213538930,16213642035
16215035618,16215601241
16215226533,16215242914
16217279579,16217570783
16217689413,16218353628
16218227421,16218476333
16218318432,16218935224
16219412211,16219895553
16219763180,16220341380
16219823163,16220891056
16220344102,16220551351
16220899610,16221064009
16221973413,16222021386
16222190850,16222373402
16222415497,16223222291
16222745609,16223063669
16223206747,16223748187
16223286288,16223884919
16223374167,16223729477
16225035721,16225091869
16225464949,16226199011
16226373788,16226501565
16226440043,16226811128
16226536983,16226842240
16227638154,16227996729
16228074949,16228358670
16229142673,16229541136
16229177997,16229759721
16229639993,16230049466
16229787964,16230241429
16229805363,16230045583
16230034346,16230571035
16230641178,16231299686
16230890959,16231366231
16231565366,16232100579
16232273513,16233026946
16232472571,16232982478
16233865234,16234335262
16234735641,16235078064
16235884647,16236378794
16236022344,16236214863
16236906955,16237527234
16238004808,16238286437
16238131845,16238646626
16238319748,16239042504
16238943981,16239531207
16239107806,16239670568
16239479494,16239716538
16240762817,16241237139
16241721768,16242059800
16242812601,16243023019
16243822758,16244035175
16244089718,16244697282
16244759383,16245006199
16245202882,16245601128
16246475551,16246976318
16246651495,16246957264
16248127516,16248355979
16248319708,16248443510
16248357522,16248784131
16248446585,16248721536
16248550399,16249308706
16248651708,16249239247
16248797514,16249221805
16250938217,16251288809
16251012188,16251148377
16251942949,16252124707
16252341435,16253029317
16253078769,16253161679
16253339917,16253707893
16253399591,16253880340
16253636491,16254330627
16255608659,16256481360
16255780637,16256326333
16256063053,16256326889
16257304399,16257920322
16257308195,16257817306
16257513091,16257763406
16258098985,16258681184
16258486302,16258966228
16258977897,16259552146
16259056116,16259669249
16261278945,16261701331
16261494309,16261711984
16262077072,16262300155
16264333459,16264689464
16264705744,16265334667
16264800596,16265169506
16265135170,16265474723
16265545993,16265620575
16265622423,16266020181
16266334796,16266894633
16266909299,16358169200
16358215551,16358427662
16358349063,16359038498
16361643770,16362358604
16362392276,16363365481
16363415433,16363982674
16366373807,16366841142
16366500427,16367017671
16367566975,16367743344
16368958692,16369871348
16369421329,16370075971
16370106026,16370469506
16370893365,16371601782
16371355140,16372427221
16372492512,16372908894
16372874336,16373575741
16374238331,16375412662
16376154071,16377092031
16376621746,16377232672
16377189244,16378732237
16378676006,16379865840
16379596066,16380719820
16379972571,16380956913
16380115435,16381102573
16380724246,16381667164
16380844141,16381715687
16381113885,16381311145
16384373083,16385090063
16384416682,16385622869
16387070058,16387507332
16387072447,16388203965
16391319495,16392322535
16393393630,16394084113
16394550693,16395305926
16394562733,16395537670
16394966952,16395949827
16395637727,16396036847
16397275458,16398187195
16399525441,16399905237
16400204291,16401307442
16400292040,16400723426
16400388916,16401562913
16401987805,16402832554
16403441035,16404489839
16405758885,16406237726
16406242871,16406539021
16406537151,16407712194
16407166646,16407684244
16408274771,16408789406
16409584452,16410353283
16413375611,16413605999
16415052574,16415645777
16415810045,16417312092
16416825564,16417619432
16421677224,16422901405
16422014645,16422104934
16424118988,16425445013
16424623774,16425411534
16427452528,16427755076
16427771740,16428409488
16427890426,16429002209
16428247611,16428424288
16428429205,16429002580
16429663607,16430912838
16429905237,16430572080
16430299145,16432142712
16430620636,16431811726
16431168846,16431931341
16433014419,16434111021
16434493741,16435995006
16435422634,16435943914
16435568130,16436041551
16436199940,16436297578
16436311225,16436387067
16437507627,16438511660
16438086711,16439460939
16440159209,16440635829
16440232438,16441018535
16440238338,16441168160
16441181303,16442393230
16441325987,16441535629
16441367231,16441807190
16442564021,16443481713
16442712753,16443451719
16444928817,16445801185
16445286031,16445846248
16446417891,16447416024
16449808778,16450675520
16450096916,16451313457
16450689988,16451478624
16451811908,16452583081
16452185135,16452652482
16454426933,16455199543
16454709116,16455276432
16454750046,16455481980
16455885720,16457006858
16456092525,16457215090
16459086416,16459548362
16460106974,16460496942
16461030315,16461165121
16461877929,16463320063
16465920373,16466296312
16466288543,16466501265
16467463297,16468697201
16468718198,16469714467
16469098919,16469716824
16476576331,16477086068
16477814081,16478592312
16478645575,16479367232
16478982549,16479221734
16479461640,16479849077
16479853530,16480425258
16481382071,16481815959
16481843891,16482468296
16484645609,16485192917
16485578633,16486191257
16486014751,16486274267
16486933603,16487575840
16487487434,16487678357
16488571113,16489671070
16490320296,16490502932
16491799969,16492755502
16492631434,16492875633
16492894770,16492978769
16493447111,16493740469
16495143442,16495935260
16497343080,16497999094
16498011827,16498642818
16498594243,16498909751
16500546100,16501564767
16501468493,16502516746
16503057395,16504022219
16503461230,16504227289
16506088522,16507415933
16507750056,16508626354
16508633046,16509580065
16508665762,16509410943
16510602554,16512239290
16511773495,16512663999
16517027010,16518051069
16517592934,16518045625
16518626735,16519482315
16519692786,16520123584
16519815959,16520094845
16520040281,16521358319
16520137063,16521085570
16522512639,16523370473
16522565837,16524842552
16523110933,16524043085
16525440593,16526339906
16526754745,16527569074
16527325493,16528760520
16528001468,16528248828
16529128867,16529633452
16530791668,16531656020
16531038925,16531464148
16531867209,16532074011
16532772095,16533332269
16532849069,16533713096
16532936657,16533554004
16533563931,16533675113
16534019229,16538639685
16534198638,16534312556
16536933082,16538148392
16537641923,16538051301
16539947450,16540085174
16540781869,16541729781
16541245134,16541909541
16541467463,16541639117
16541895278,16542657900
16541987011,16542236896
16542661137,16543362309
16542885256,16543459717
16543167196,16543361922
16543199070,16543910595
16544079774,16544751540
16545882973,16546275571
16547390381,16547742529
16550177135,16550373102
16551884025,16552222384
16552292806,16553163991
16552491450,16552742574
16557155603,16557587489
16558240393,16558439302
16558286394,16558881770
16559636671,16560808171
16561505808,16562813512
16562059306,16562378068
16562131837,16562641347
16562211472,16562825352
16562459010,16562984170
16563030634,16563427560
16563119875,16563212659
16563359401,16563431802
16563838148,16564250496
16564655083,16564704807
16566128884,16566740506
16566940010,16567587309
16567102826,16567853886
16567992630,16569046969
16569705836,16571013222
16570111839,16570949545
16572174466,16572325714
16573884795,16574459095
16574847888,16575715954
16574926253,16575760489
16575494601,16575905606
16576874736,16577161807
16577076428,16577292248
16577734228,16579291742
16578424015,16578932071
16578947775,16579226766
16578948263,16579727723
16578998155,16579087351
16580070428,16580674921
16583271362,16583581172
16584209791,16585343669
16584738391,16585154662
16585358927,16586144179
16585434649,16585673167
16586251378,16586628062
16587114261,16587645584
16587742215,16589095550
16588062306,16589352079
16590413387,16590662231
16590802826,16590917871
16591436570,16592011247
16593037673,16593777754
16593152549,16593900045
16594548628,16594887971
16595001147,16597347048
16597338095,16597947952
16598693015,16599046912
16599104368,16599765218
16599396792,16600331771
16600667801,16601325289
16602044666,16602983867
16602706492,16603198264
16603376550,16604603393
16604141670,16604687519
16604230475,16605027059
16604265783,16605096744
16604697221,16605155611
16605498912,16606717711
16606569543,16606767817
16606730528,16607143003
16606745521,16607511658
16606862252,16607832335
16607024174,16607729464
16608331717,16608965206
16608473622,16609415552
16609126273,16609726109
16609431971,16609472417
16610344976,16610465867
16610785263,16611571257
16610954556,16611769452
16610976003,16611562636
16611847069,16612176324
16612696419,16612877303
16612733654,16613695765
16613052089,16613990335
16613293580,16613619474
16613840821,16614367112
16614217641,16614707392
16614262440,16614849084
16615335256,16616199364
16617333683,16617793999
16617387092,16617526297
16617426834,16617998014
16618363236,16618459400
16618917522,16619659427
16619119022,16620607113
16620796195,16620900792
16621067561,16622012472
16624965899,16625641911
16625164356,16625649639
16625835411,16626316160
16627848179,16628531259
16627993150,16628328517
16628343021,16628867885
16628894044,16629454099
16630016580,16630250606
16631406452,16632121102
16631497059,16631927276
16633061602,16633315377
16633261644,16633376368
16633338127,16633646104
16635412304,16635858321
16636594402,16637075750
16636941916,16637427871
16636974441,16637513966
16638077933,16638211443
16639573427,16640025865
16640725721,16641093201
16641420068,16642650286
16641961325,16642257991
16642649460,16642966255
16642671479,16643128880
16643189985,16647271820
16644520786,16645143290
16649243048,16650029844
16649490233,16650168170
16650054874,16650887757
16650635848,16651165657
16651363022,16652453130
16651525101,16652171610
16651689767,16652527864
16652162013,16652427786
16653576174,16654571913
16653664692,16654170857
16654460637,16654809699
16654630239,16655142118
16655172039,16655632522
16656853090,16657407995
16657443812,16658015160
16658652072,16659197211
16658701496,16658872544
16659009160,16659109973
16659584220,16660226241
16660189101,16660649537
16660271927,16661825150
16661328501,16662011549
16662698022,16663277468
16662920336,16663795643
16663259525,16663916656
16663340995,16663886251
16663484866,16663789006
16663814167,16664543143
16665292422,16665738052
16666482396,16666997307
16666985516,16667545398
16667214637,16667566884
16667588329,16668278070
16667749228,16668384648
16671094036,16671675848
16672441775,16673275520
16673171341,16673838008
16673330192,16673605120
16674039420,16674713883
16674174745,16674944548
16674403020,16674833829
16676357335,16676682381
16676359502,16676881302
16676729570,16677511066
16676938397,16677497012
16676943552,16677148759
16677352230,16677394469
16677546057,16678097706
16677710760,16678005008
16678783832,16679186250
16679479231,16679737627
16679730810,16680509993
16680682986,16681504386
16680817221,16681635114
16681466081,16681843844
16682676672,16683280088
16683784270,16683880715
16683891870,16685112452
16684707276,16685478640
16684938339,16685582582
16688236798,16688634520
16688610504,16689028258
16688930535,16689614852
16690382036,16690751342
16691685415,16692032313
16693988079,16694192393
16694653398,16695014731
16694804185,16694946305
16695899807,16696886882
16696017514,16696790973
16700476085,16700954292
16700545078,16700675098
16701248804,16701548264
16702561792,16703312949
16702676947,16703063522
16702918245,16703386044
16703384246,16703965688
16703394486,16704095184
16703659221,16703696952
16704467710,16704560858
16704711711,16704776141
16705082990,16705279681
16705360237,16706216903
16705849545,16706062225
16706145726,16706284784
16706215811,16706658786
16706402337,16706723183
16707042791,16707296542
16707208082,16707447525
16707621689,16707891975
16708150626,16708751927
16708199060,16708734936
16708940721,16709063717
16709029132,16709847659
16710928307,16711007510
16711260037,16711779589
16712881971,16713026240
16713998665,16714447624
16714807495,16715444716
16715446669,16715855813
16716749282,16716923110
16717070468,16717822664
16717613668,16717955928
16718285121,16719142413
16718628671,16719023806
16719577121,16720291039
16719612942,16720344558
16720400418,16720581470
16721360349,16721556271
16722222842,16722951774
16722230990,16722305789
16722580284,16722671321
16722704718,16723319639
16723136206,16723657681
16723211047,16723808066
16724701084,16725159684
16725653199,16726362287
16726294838,16726881733
16726751749,16727327418
16727784110,16728057006
16729248751,16729447451
16729269114,16729616628
16730182354,16730704555
16731003461,16731554098
16731154037,16731549466
16731310074,16732321665
16731662091,16731884574
16731958700,16732197235
16734104072,16734159217
16734537765,16735438097
16734707378,16734943185
16734946455,16735420744
16735457835,16735775862
16736994634,16737331662
16739200445,16739559456
16741060436,16741534135
16741113466,16741543006
16741514187,16742124255
16741958162,16742103527
16743526677,16744211244
16743704933,16744021456
16744081774,16744647561
16744226639,16745016445
16744377234,16744828716
16746332807,16747496024
16747799234,16748511553
16748833770,16749680239
16749678794,16750335625
16750586353,16750832205
16751925325,16752129632
16752331104,16752532100
16753839740,16754890976
16753953758,16754825134
16754914360,16755702122
16759029998,16759623352
16759116673,16759644352
16760245745,16760554039
16760274947,16760945224
16760493308,16760998575
16760796508,16761099105
16762222012,16763020449
16762922876,16762967785
16765029161,16765347664
16765654306,16765917039
16768137400,16768761600
16768720637,16769320919
16768955488,16769631311
16769015318,16769415970
16769830587,16770902449
16770687637,16770948986
16770782281,16771226693
16770877952,16771072836
16771449208,16771499316
16771956872,16772358501
16772363962,16773269475
16772880548,16773214930
16773006767,16773751673
16774854501,16774989664
16775054352,16775090067
16776540923,16776998364
16776691865,16777054763
16777357696,16777468448
16778229670,16778886393
16778428254,16778669921
16778611571,16779046996
16778984828,16779410477
16779051829,16780047202
16779093427,16779864836
16779475422,16780106742
16779483256,16780029103
16780279429,16780637079
16780419973,16781101479
16780560826,16780992344
16780678951,16780827277
16780711764,16780976875
16780858038,16781153889
16781600649,16782232692
16782495135,16783250193
16785070979,16785825123
16785965880,16786243506
16786364229,16786430044
16786387451,16786713572
16786751867,16787164366
16787083415,16787640715
16788140357,16788858484
16788493955,16789234287
16788581216,16789030532
16788721363,16789318839
16789284916,16789575895
16789320688,16789893197
16789991756,16790171714
16792152972,16792764147
16792439694,16792766806
16792629362,16792666473
16792793698,16793268499
16793301728,16793430220
16793672464,16793905799
16793680966,16794213488
16794189941,16794803001
16794537538,16794677537
16795758255,16795860299
16795825833,16795944527
16795994501,16796116644
16796122103,16796727373
16796207253,16796288793
16796966027,16797073126
16797112750,16797310645
16797420404,16797734659
16797973142,16798135209
16798935167,16799294983
16799317939,16799861000
16800192671,16801206251
16800452133,16800853846
16800609928,16800930802
16800889504,16800996558
16801173195,16801228466
16801843671,16802218912
16801883164,16802139689
16802368216,16802542018
16802406560,16802731790
16802646093,16803566997
16803109769,16803604204
16804331908,16804856083
16804516193,16804863278
16805074893,16805601505
16805633319,16806041514
16805791511,16806690688
16806311427,16806753048
16806760959,16807137648
16807557350,16808116257
16807859306,16808425157
16808113788,16808611241
16808571444,16809080839
16808905410,16809414646
16809723057,16810278146
16811121030,16811620026
16811511218,16812054079
16811881784,16812117970
16813488694,16814028890
16813574783,16814175151
16813689493,16814635709
16813883389,16814579273
16814213670,16814330889
16814264495,16814375300
16814380625,16814914618
16814992914,16815589869
16815218533,16815360937
16815519101,16815911410
16815595502,16816074183
16816479574,16816727698
16817583013,16818104798
16818495793,16818650859
16819748070,16820227035
16820193119,16820601811
16820544361,16820861841
16822005642,16822205567
16822726822,16823295120
16824348597,16824902518
16824573292,16824854066
16824615616,16825098820
16824826357,16825312403
16824936786,16825005214
16825076169,16825379560
16825321770,16825383885
16825850423,16826150880
16825922367,16826011235
16826017710,16826344427
16827441089,16827464572
16827615938,16827809366
16828296821,16828888912
16828307575,16828594621
16828598277,16828734572
16829245067,16829474737
16830493463,16830725029
16830632746,16831211059
16830902726,16831554700
16832712014,16833018144
16833490539,16833651361
16833776031,16833898042
16833780676,16834262719
16834667342,16835060833
16835508250,16836449688
16835854139,16836422109
16836954557,16837824074
16837835364,16838406746
16838446480,16838799734
16839116193,16839440903
16839261890,16839444738
16839772803,16840750199
16839795482,16840804418
16840024292,16840500494
16841582147,16842096879
16842145817,16842603236
16842456710,16842664901
16842546476,16843458197
16842669560,16843414004
16842684269,16843636236
16843695173,16843879976
16844480752,16844959116
16844515390,16844809168
16845506840,16846209118
16845581601,16845948609
16845806466,16846087304
16846330241,16846346120
16846682187,16847022526
16846832063,16847566888
16847147521,16847544970
16848154222,16848893707
16848547713,16848568291
16848698110,16849445097
16849095833,16849690587
16849273322,16849348335
16849705611,16849955686
16850965088,16851558881
16851025924,16851168869
16851345480,16851909103
16852144857,16852547599
16853453787,16853850016
16854112352,16854723135
16854989648,16855558503
16855209019,16855414334
16855428899,16855616449
16855565237,16856580414
16857022556,16857085699
16857520665,16857598490
16857968969,16858749241
16858372694,16858981147
16858867523,16859887300
16859211397,16859545261
16860070330,16860377949
16860350809,16860480292
16860355391,16860897613
16860776305,16860841028
16861055951,16861314975
16861129151,16861717447
16861263535,16861823426
16861850845,16861989629
16862069594,16862327001
16862449851,16862922083
16864037975,16864516720
16864135311,16864805713
16864158953,16864654668
16864722344,16864830161
16864859155,16865668126
16865919408,16866625929
16866090480,16866432633
16868271196,16869001240
16868784166,16869538832
16869464460,16870030161
16870082399,16870558863
16870214319,16870705450
16870560894,16870680948
16870969197,16871374650
16871589154,16872143995
16871680802,16871905197
16872903259,16873832993
16872928717,16873550232
16873597356,16874216535
16874680918,16874734791
16874951463,16875018156
16874964276,16875387112
16875214015,16875533602
16876023778,16876483720
16876231886,16876314662
16876381916,16876931799
16877674619,16878059974
16877742849,16877953194
16878233594,16878834848
16878826660,16878910839
16879676087,16879891068
16880062369,16880245923
16880171576,16880284947
16880176599,16880388533
16880259519,16880509717
16880293732,16880681105
16880492594,16880635553
16881053501,16881298092
16881274087,16881599342
16881777949,16881842072
16881936550,16882603137
16882114136,16882237962
16882390120,16882983121
16882673504,16882952493
16883524167,16883742845
16883586479,16884032974
16883744544,16884778867
16884047118,16884532360
16884901856,16885090899
16885402913,16885936571
16885424310,16885457850
16885533216,16885955395
16886726535,16887200322
16887436279,16887835670
16887651907,16888102603
16888095912,16888532079
16889306691,16889636776
16890028906,16890588764
16890149555,16890337768
16891251703,16891614655
16892422264,16892576977
16893662480,16893999436
16893747174,16893980175
16894267371,16894910317
16894329519,16894634992
16895397319,16896048170
16895486949,16895972998
16897079909,16897474448
16897532839,16898017710
16899064282,16899337257
16899531875,16899882974
16899545438,16899691633
16899691596,16899994107
16901307729,16901833516
16902075696,16902391471
16902439248,16902705867
16903365155,16903578547
16904389356,16904681934
16905202102,16905230230
16905530636,16906308678
16906605382,16906942047
16906661947,16907001765
16906832066,16907313407
16906976476,16907398613
16908361916,16908517693
16908375788,16908549412
16909524676,16910045239
16910303178,16910727852
16910842279,16911708636
16910885708,16911481280
16911357927,16911876049
16911564677,16911704370
16911636630,16911956455
16912403796,16912994181
16912520445,16912975913
16913143290,16913472519
16914756080,16915046864
16915709657,16915967812
16915733856,16915960236
16916366660,16917140210
16916422037,16917137381
16916919069,16917563650
16916974718,16917473741
16917139004,16917388350
16917912341,16918261093
16918269568,16918909912
16918479482,16919040692
16919227909,16919864909
16920346133,16920666103
16921388564,16921965233
16921562455,16922205532
16922084242,16922534619
16922102555,16922586662
16922238372,16922734935
16922536745,16922798248
16923537468,16924063705
16923863447,16924245535
16923899178,16924170187
16924424192,16925129330
16924534999,16924813031
16925045322,16925348606
16925543118,16926063230
16926952036,16927571606
16926965568,16927431738
16927600953,16927987897
16928197481,16928614217
16928468682,16928724858
16928513600,16928641893
16928962643,16929565249
16929210613,16929340607
16931514098,16931929106
16931514649,16932248709
16932061391,16932201435
16932662118,16932989949
16932868766,16933052467
16933997362,16934022566
16934925116,16935478332
16935262705,16935293883
16935532219,16935665597
16935543279,16935810461
16935848672,16936293599
16935957567,16936506232
16936211260,16937131025
16937058844,16937557112
16937500288,16938124018
16937707786,16938284917
16937756781,16937876820
16938095995,16938537716
16938290418,16938452413
16938795445,16939380494
16939081309,16939323528
16939514640,16939984925
16939689744,16940123887
16940402719,16940519315
16940548300,16940671967
16940798176,16940971358
16941322446,16941849046
16942545111,16943044902
16942817016,16943024643
16943554520,16943614955
16943593716,16943812442
16943964230,16944533851
16944906780,16944970193
16945356054,16945411230
16945847045,16946344716
16946034939,16946436833
16946728972,16947060918
16947239841,16947601521
16947628180,16948149164
16948464087,16948966751
16949214065,16949363850
16949263524,16949413435
16949433877,16949780702
16949587903,16950008782
16950358695,16951038622
16950717239,16951244312
16951077794,16951515900
16951347861,16951888533
16953121363,16953571778
16953515004,16953764855
16953760024,16954025061
16953822250,16954005676
16954565511,16954680427
16954794081,16955226998
16955268485,16955784835
16955344859,16955604736
16956052218,16956671027
16957419126,16957807863
16958686593,16958874319
16958875575,16959260449
16959435570,16959664282
16959478182,16959505453
16959934078,16960615456
16960100342,16960603363
16961402060,16961834439
16961843221,16961904941
16962829421,16963850369
16964325392,16964468138
16964846000,16965434730
16964849869,16965333709
16964884538,16965532290
16965482557,16966041051
16966194298,16966834133
16966934889,16967537745
16967539469,16967925752
16967802954,16968090853
16968228231,16968261472
16968508875,16968930925
16968965128,16969291369
16969174270,16969589198
16969434062,16969598571
16970439676,16970609233
16970487255,16970972229
16970753902,16970985653
16970832617,16970887862
16971674815,16971877280
16972000190,16972187971
16972368202,16972796643
16974139865,16974611539
16975328781,16975623634
16975346924,16975623431
16976176615,16976877632
16976431812,16976520940
16978257909,16978768402
16979139891,16979660349
16979841530,16979953005
16979917298,16980004073
16980586560,16981125999
16980924548,16981218651
16981235860,16981745442
16981959622,16982280711
16982385206,16982981366
16982531370,16982940040
16983044317,16983628923
16983606965,16984095862
16984733578,16985214672
16985164079,16985683324
16985493785,16986058707
16986001348,16986204653
16986177106,16986470555
16986475185,16986519335
16987864750,16988160480
16988154212,16988660948
16988357668,16989066808
16988676196,16988983730
16990143361,16990373560
16991440358,16991754030
16992298363,16992523085
16992356542,16992646437
16992405115,16992519935
16992451345,16992869436
16993089793,16993162869
16993478894,16994033550
16993641767,16994179715
16994061668,16994294234
16994096122,16994307782
16994462631,16994928871
16994877122,16995171437
16994891476,16995469751
16995335062,16995937288
16996101463,16996501308
16996176744,16996428138
16996364149,16996547484
16996620012,16997624827
16998014016,16998640664
16998073298,16998575854
16998398550,16999058328
16999081338,16999400061
16999158549,16999451591
17000100530,17000587223
17000275034,17000616056
17003091726,17003550699
17006260274,17006599803
17006279658,17006714394
17006788984,17006914107
17007020050,17007563599
17007181179,17009386072
17008364583,17008921050
17009608983,17010377907
17009958948,17010564608
17012311954,17012528921
17012336843,17012606649
17012339558,17012677276
17012568832,17012946092
17012569726,17013082219
17013944615,17014136541
17015393372,17015792785
17015560280,17015818036
17016165503,17016876462
17016408327,17016583664
17016546222,17017521242
17016751346,17017386676
17017628793,17018000833
17017878313,17018303070
17019669624,17020065058
17019964838,17020302703
17020117382,17021333645
17020216377,17021330270
17021307963,17021906534
17021350420,17021557725
17021950722,17022282582
17023068385,17023509920
17023409346,17023606134
17024639834,17025409745
17025423935,17025693565
17026018859,17026383212
17026645582,17026781675
17026805514,17027312501
17029752373,17030436281
17030085923,17031011411
17030365199,17030993065
17031069829,17031973015
17031098241,17031537347
17031556114,17032089087
17032907172,17033498919
17033153684,17033620815
17033197796,17033511493
17033697191,17034214414
17033880636,17034371805
17034464187,17035049158
17034582598,17035336580
17036025541,17036652620
17036430424,17037035453
17036434998,17037055479
17036464465,17036877099
17036887360,17037519060
17037965860,17038313836
17038044008,17038178961
17038090258,17038483841
17038565445,17039215102
17038620290,17038976098
17038935934,17039208604
17040762669,17041089925
17041217808,17041424561
17041720017,17042201628
17042360707,17042499354
17042503220,17042783914
17044006065,17044744770
17045150103,17045463437
17046893041,17047334830
17047566988,17047851909
17047592936,17048147786
17047915712,17048179452
17048259463,17048419957
17049146108,17049711642
17049481030,17050194600
17051185287,17051663657
17051436952,17051527835
17051842500,17052238938
17051848358,17052229506
17052024654,17052154889
17052809902,17052842198
17052853122,17053157162
17053831437,17054180457
17054086680,17054213490
17054096381,17054323103
17054184014,17054291335
17054208701,17054638332
17054306162,17054861828
17054727072,17055129218
17054730574,17055447030
17055017415,17055044063
17055452051,17056177226
17055480118,17055917084
17055770063,17056527530
17056080106,17056462913
17056578904,17056636832
17056806444,17057398701
17057781005,17057939714
17057854852,17058031843
17057909115,17058123442
17058099998,17058137641
17058490767,17058672224
17058536492,17059795862
17058635011,17059087328
17059069045,17060036425
17061228730,17062108742
17061719801,17062165906
17062876232,17063374064
17065096464,17065623059
17065428678,17065823003
17065942058,17066272687
17066058160,17066289284
17067098523,17067359567
17067433164,17067588517
17067721405,17068673261
17068411234,17068448143
17068511019,17068796731
17068561366,17068669152
17068592836,17068777931
17068766325,17069070506
17068920159,17069193038
17069609442,17070315164
17070369528,17070496937
17071100302,17071528223
17071743687,17071891817
17071957639,17072363100
17072870620,17073330271
17073008714,17073372098
17074117906,17074693426
17075745902,17076110681
17076290904,17076799049
17077045651,17077605635
17078018674,17078504969
17078171616,17078292341
17078686028,17079836350
17078893688,17079222767
17080141281,17080404382
17080216237,17081010401
17081167744,17081564545
17082271526,17082582979
17082479200,17082836994
17082563570,17083368469
17084623430,17085224260
17085076899,17085464132
17085471556,17085901088
17086118148,17086591547
17086840439,17087279000
17087214790,17087836920
17087841054,17088175667
17088149965,17088595904
17088440395,17089190954
17088827056,17089148275
17088895631,17089247068
17089627909,17090084829
17090094485,17090742110
17090562649,17090887366
17090710505,17090920771
17092283045,17092538691
17093134596,17093632456
17093378237,17093765704
17093543144,17093922005
17093802942,17094292965
17094594405,17094797961
17094948677,17095456551
17095547528,17096072084
17096048498,17096262730
17096075717,17096275330
17097183251,17097483277
17097226790,17097439614
17097659962,17097720670
17098791940,17099308153
17098941832,17099614455
17099467184,17099745915
17100058487,17100510072
17100213413,17100571357
17100336118,17100584440
17100362796,17100835576
17100457270,17100933030
17101864912,17102360083
17101977624,17102441540
17103140228,17103428389
17105490079,17105927509
17105540464,17105725778
17106523683,17106778929
17106742381,17107035284
17108471329,17109050146
17109138111,17109460100
17110108942,17110373160
17111193836,17111760644
17111313977,17111430050
17111675293,17111978239
17113087891,17113778207
17114161345,17114541858
17114294309,17114632335
17114430091,17114952708
17114527410,17114864880
17114535303,17115382162
17115542151,17115798596
17115667910,17116265947
17116725670,17116899830
17116780963,17116995183
17116933663,17117007572
17117226775,17117481314
17117732836,17117977188
17121196277,17121667805
17121325067,17121545501
17121377283,17121660513
17123316641,17123698568
17124027852,17124315725
17124541942,17124985711
17125562721,17125845265
17125778348,17126142101
17125981492,17126346083
17127452260,17127486157
17127517577,17127842127
17128235022,17128810869
17128685072,17129095987
17128698274,17129163395
17128888973,17129406139
17129117816,17129226721
17130106496,17130414171
17130751737,17131348543
17131844764,17133593823
17132197421,17132573206
17132670055,17133464205
17133986880,17134532802
17136383627,17137197528
17137445968,17137579716
17138660904,17139629130
17139405839,17139937786
17140563004,17140986527
17140929037,17141517208
17141390913,17141619270
17141491474,17141877858
17141932408,17142518428
17143801236,17145897189
17145290993,17145830587
17145872468,17146290245
17145878673,17146338795
17146434842,17146555361
17146754424,17147069778
17146817640,17147045580
17147306989,17147577296
17147425155,17147893991
17147436226,17147893665
17148014583,17148855562
17150447785,17150587300
17150845497,17151049403
17150851029,17151069388
17151986066,17153959591
17152317124,17152451603
17153221971,17153694957
17153817064,17154032914
17153836738,17154417155
17155968020,17156233215
17156566854,17156871016
17157128018,17157250085
17157160255,17157523587
17157956301,17158003767
17158081708,17158355368
17160068822,17160363760
17160174010,17160755525
17160968142,17161530389
17161246802,17161866779
17161432462,17161819733
17161641999,17162355613
17162404106,17163116556
17162943272,17163297846
17163278565,17163683765
17163630227,17164036795
17164686125,17165273703
17165935060,17166518278
17166488310,17166824384
17167415243,17167748216
17167726000,17168040203
17167727815,17168008814
17168277705,17169891816
17168304053,17169501975
17169477925,17169974586
17169533713,17169759428
17169903722,17170247428
17170012710,17170797446
17172065556,17172630147
17172591825,17173022711
17172633056,17173208877
17173757794,17174232606
17175229431,17175857299
17175797673,17175920694
17176262592,17176696848
17176950033,17176999747
17177244391,17177852417
17177258773,17177748316
17177503171,17177538081
17177764498,17178195329
17178036565,17178272687
17178227857,17178604726
17179527854,17179669768
17179543404,17179642660
17179601175,17180010149
17180302870,17180776368
17180651096,17181026866
17180961351,17181069806
17181204292,17181521029
17181843783,17182504922
17182434647,17182862890
17184560911,17185001679
17185687246,17186145083
17186396318,17186714927
17187083470,17187507849
17189182539,17189695262
17189606099,17189946215
17191474144,17191729121
17191771825,17192471762
17193338288,17193739602
17194686652,17194766478
17195348010,17195807903
17196281924,17196430237
17196544523,17196634750
17196653944,17197388859
17197164199,17197624939
17197326718,17197418615
17197410317,17197654891
17197426729,17197597192
17197460573,17197812312
17197573859,17198250080
17198632254,17199179008
17199120457,17199304255
17202311402,17202703415
17202741149,17203170752
17202875703,17203236101
17202922370,17203167860
17203501365,17203780282
17204654220,17205312364
17204687169,17205033668
17205707379,17206186095
17206139833,17206920360
17207832385,17208188906
17207981810,17208580684
17208175741,17208318827
17208599594,17209300419
17208882206,17209575956
17209746204,17212325118
17211396423,17211918150
17212269071,17212834964
17212899929,17213013589
17212954385,17213460567
17213001608,17213428244
17213091139,17213566750
17213979430,17214194748
17214109092,17214672021
17216102151,17216400447
17216962336,17218380823
17217780368,17218683973
17218011882,17218766875
17218755285,17219685957
17219503548,17219770410
17220101997,17220293724
17220839113,17221360671
17224407815,17224738700
17226356784,17226404906
17226795831,17226994558
17226892389,17227022677
17228201973,17228459044
17228375461,17228864919
17228675361,17228774709
17229412347,17229821618
17229413336,17229564686
17229889901,17230569976
17230536063,17231043631
17231892202,17232828875
17232695407,17233271497
17234013358,17234213699
17235584382,17236114913
17235770095,17236380180
17236424566,17236894865
17236504201,17236587104
17237084530,17237458407
17237505956,17237732987
17237715222,17238135666
17238175059,17238543412
17239028398,17239347091
17240531648,17240678817
17241297943,17241842335
17241466808,17241855713
17241910838,17242485040
17242453913,17242683192
17245114204,17245654378
17245168910,17245697567
17246261814,17246321385
17246509843,17246790617
17246580801,17246697300
17247821431,17248292945
17248848633,17249032632
17249509403,17250411375
17249829206,17250386026
17250018278,17250167449
17250390461,17250944513
17250740575,17250986110
17250743404,17251103307
17254415481,17254926320
17255446731,17255866755
17255513989,17256261276
17256251665,17256630544
17256739112,17256872771
17258428027,17258770630
17258952606,17259232042
17259342187,17259748581
17259883972,17260052974
17260591037,17260851297
17261079087,17261361369
17263741477,17264332813
17263939693,17264091217
17264643075,17265227276
17265521183,17266085356
17266752078,17267094384
17266876080,17266905958
17266968570,17267247362
17268153954,17268418127
17268881899,17269219718
17269075367,17269497033
17270546347,17270918415
17271906446,17272733324
17271927881,17272497983
17272506359,17272626489
17274536804,17274628992
17274631167,17275477251
17274904361,17275326939
17275594177,17276010425
17275690756,17276442027
17276250914,17276636338
17276691846,17276873244
17277745091,17278117013
17278058019,17278474846
17278137604,17278439059
17278731255,17279478820
17279381056,17279816247
17279902606,17279959694
17280178333,17280222228
17280286580,17280680888
17280778690,17280933494
17280998297,17281578479
17281299662,17281417275
17281329176,17281412679
17282177851,17282433867
17283334196,17283874012
17283751713,17284305017
17284071083,17284370536
17284562741,17285031518
17284853457,17285350594
17285141632,17285493876
17285356199,17285651002
17285451426,17285903454
17285726108,17286270748
17286218683,17286444521
17286568830,17286873611
17286728211,17286874748
17289383021,17289847110
17289425757,17289819546
17290134903,17290815880
17290372293,17290778810
17290831231,17291262513
17290904876,17291363054
17291085460,17291693849
17291086444,17291597686
17291265824,17291347335
17291914670,17292417702
17292729077,17293259426
17293658567,17294056296
17294460692,17294859469
17294484008,17294850684
17294685723,17295036755
17295910337,17296001319
17296294054,17296957268
17297442375,17297749790
17297492108,17298319323
17297717307,17297752335
17299019348,17299247202
17300774122,17301026420
17301793502,17302055333
17302166710,17302361604
17302179739,17302198502
17302533828,17303282565
17303320422,17303489794
17303803780,17303895362
17303972117,17304379668
17304126604,17304449375
17304463823,17304898828
17304902118,17305226986
17305104993,17305515235
17305389567,17305688683
17305457859,17305829022
17305692341,17305988888
17306063388,17306535663
17306433782,17306462963
17308366982,17308899612
17308503041,17309091255
17308638714,17308943799
17308651848,17309101607
17308848915,17309470858
17309186384,17309757620
17311384193,17311496147
17311739024,17311961212
17312059310,17312175005
17313620242,17314273126
17313870838,17314527688
17315083290,17315575506
17315165573,17316881734
17315820111,17316138361
17316011895,17316665400
17316219365,17317049225
17316899373,17317444663
17318175759,17319063041
17319421489,17319749828
17319639335,17319786428
17319700628,17319921770
17319752144,17320432502
17320020195,17320220863
17320110559,17320452034
17320381222,17320692620
17322507492,17322676306
17322839097,17323094364
17323030356,17323484160
17323440098,17323981903
17323793034,17324228292
17324993872,17325781988
17325267061,17325649472
17325840301,17326084385
17328336358,17329058826
17328389810,17329031150
17328986136,17329435189
17329784596,17330218425
17330550944,17330690096
17423727951,17424016409
17423967143,17424767664
17425533502,17425777239
17425859607,17426403696
17425941037,17427667944
17426409684,17427087866
17426722927,17427613537
17427039625,17428170117
17427603773,17428292195
17427934437,17428764954
17430384143,17431327131
17430478239,17430974326
17431137619,17431923158
17431195496,17431512093
17431894492,17432934867
17432018065,17432438998
17432137382,17433163378
17434517593,17435992358
17435806909,17436382926
17435922323,17436944450
17441561820,17442567473
17441658582,17443134049
17442118273,17442821444
17442499182,17443884554
17443036822,17443699846
17443831905,17444786429
17444875915,17445596466
17445158662,17446873871
17446571644,17447315949
17447422009,17448599498
17447607479,17448249927
17447913585,17448582032
17450084991,17451016977
17452867196,17453478636
17453264097,17453391883
17453356460,17454039129
17455844769,17456350919
17456361957,17456990754
17459569455,17459692623
17459704838,17460035142
17459837875,17460680109
17459961088,17460942981
17460546029,17462370946
17460722852,17461946021
17462345318,17462865339
17463028094,17463191494
17463045727,17463553817
17465291561,17465518839
17465357360,17466298781
17470150284,17470430952
17470290100,17470665032
17471312471,17472390178
17472398546,17473642195
17472439796,17473564883
17472949995,17474603371
17473419618,17473791005
17474361817,17475066854
17476153604,17476687429
17478400894,17479076303
17478818937,17479940075
17479421709,17480364670
17479965419,17480986401
17480654299,17481136991
17480737591,17481153245
17481005584,17481369388
17481827879,17481970027
17482901543,17484627971
17484405902,17485489317
17484717497,17485230749
17485183472,17486040295
17486614324,17487924797
17487182801,17488499575
17487616132,17487865199
17487852591,17488142701
17490736893,17491391388
17491192812,17491728364
17491306456,17491489277
17491541381,17492053477
17491560264,17492513792
17493631763,17494382322
17495195236,17496220754
17496013181,17497346442
17498045278,17499317712
17498992706,17499649055
17500153316,17500501394
17500921527,17501542682
17501111035,17501279763
17501426195,17502181117
17502393929,17502671898
17502540664,17503165415
17502621200,17503351496
17504148845,17505134556
17505593528,17505972520
17508234798,17508927003
17509185704,17510838433
17511146155,17513242875
17511469393,17512146967
17512547207,17513208694
17513105955,17513944252
17513418783,17515270721
17515289913,17515875898
17515335128,17515924529
17516712279,17517926912
17517722339,17518057138
17517949302,17518863382
17518685789,17519357784
17519083543,17519519187
17519559844,17520073645
17519585222,17520093784
17520900131,17522046628
17521078617,17522164074
17523927437,17524504393
17528996467,17530213101
17530371667,17530804400
17530801150,17531108060
17531637462,17533031418
17531638712,17531968467
17531707746,17531842817
17532180152,17532584863
17532617837,17533574099
17534419345,17535028327
17534897607,17535908014
17535185374,17536875877
17535516201,17536789023
17535629132,17535785539
17535823789,17536930784
17540831554,17540956998
17540991875,17541740339
17543399522,17545602765
17543776834,17545113550
17544288099,17544744954
17544342110,17544895362
17545132900,17546398622
17548945694,17549838194
17549796244,17550815359
17550035284,17550495272
17551474977,17552619548
17552874263,17552944407
17552883044,17553968471
17555588391,17556075110
17556418527,17556702901
17556568295,17557521381
17557866571,17558849645
17559950605,17560026353
17560501803,17561213763
17561837588,17562335759
17562742530,17563333490
17563342828,17563617686
17564023824,17564526565
17564736644,17565123359
17566817899,17567881997
17567693900,17567910894
17567876038,17568636019
17567905879,17568006361
17568134869,17569114895
17568622920,17569817487
17568965006,17569042129
17570450939,17570604799
17571186572,17572017794
17571436644,17572293693
17572530533,17573398541
17572760221,17573272134
17573393448,17574345174
17573797988,17574029114
17574395646,17574838248
17574573205,17575438450
17575834796,17576699835
17576741662,17577767107
17577771158,17578832737
17578850673,17579734358
17579407486,17580542241
17582217588,17583048537
17582602820,17583423420
17583417719,17584082312
17586227892,17587038232
17586247124,17587691786
17586668006,17587853505
17586757019,17587488369
17586908791,17587337338
17587536083,17588262548
17589529660,17589911468
17590468355,17591132398
17591221905,17592005256
17591560492,17592063798
17592509879,17593105861
17596376754,17596950618
17597023704,17598473359
17597431089,17597783833
17597795403,17599075547
17599246523,17601517466
17605311909,17606042963
17607448395,17608348635
17608863725,17609841913
17609233277,17609433914
17610202504,17610251450
17610859046,17611682201
17611706642,17612869198
17611770235,17612069186
17611815758,17611994572
17613216496,17614267246
17614276844,17614700084
17614785250,17615950061
17614916695,17615905205
17615847088,17616091569
17616599219,17617442379
17618474703,17618554329
17618744672,17618775221
17618990159,17621356168
17619580744,17620613437
17619878472,17621194931
17621079456,17622008569
17621437718,17622008958
17623101674,17623810869
17623848691,17624837592
17625201589,17625827929
17625351540,17626067563
17625635273,17626752381
17628267407,17628452853
17629104239,17630653757
17631440987,17631504618
17632018732,17632563825
17633197100,17633856315
17633329298,17633822252
17633389111,17634229010
17633633196,17633978438
17634598504,17635137597
17636882570,17637335490
17639374303,17640238216
17641583466,17642176088
17641685071,17642426717
17641720293,17641976569
17642411556,17642754504
17642482965,17643341616
17642739200,17642867408
17642748983,17642888832
17644121335,17644694408
17644701529,17645002832
17645416891,17646226774
17646699006,17647213646
17647119969,17647734207
17647224769,17647976825
17647386069,17649969572
17650292208,17650799675
17650431021,17651316279
17650759391,17651226919
17651350293,17651865193
17651615864,17651830328
17657200058,17657251251
17657635288,17658205657
17657845006,17658419612
17658042214,17658601997
17659839440,17660300626
17661714589,17661941151
17663428221,17664026008
17664410105,17664978166
17664461919,17665231627
17664573607,17665358402
17664810260,17665951086
17665000146,17665818295
17665330757,17665652966
17666103571,17666384098
17666663496,17667334009
17667401169,17667812558
17667879954,17668089062
17669084876,17669797351
17669260953,17669880994
17669794352,17671002338
17670055826,17670714299
17671936053,17672240400
17672585993,17672740508
17673097352,17673866735
17673251368,17673660237
17675304016,17675593242
17676282408,17676529623
17677140696,17677228892
17678341338,17678467269
17678808770,17679487038
17679236055,17679606529
17679306016,17679646204
17679727847,17679830182
17679943938,17680847219
17681103762,17681355287
17681626521,17681653334
17684054317,17684371752
17685617744,17686458602
17686527283,17686853169
17687428209,17688695594
17689553728,17690561761
17691071819,17691337098
17691097227,17691415964
17691301999,17691772496
17692385136,17692876919
17692414701,17693050368
17692438419,17692863446
17693499675,17694153223
17693578029,17694116660
17693895449,17694440940
17694127414,17694731122
17694827247,17695071586
17694947461,17695429527
17696544229,17696802815
17696607315,17696850162
17697143091,17698092304
17697623539,17697772528
17698507907,17698973064
17700814844,17701286404
17700881278,17701398924
17701533081,17701715903
17701922462,17702115110
17702279745,17702568618
17702833763,17703415896
17702857303,17703128195
17703444067,17704168916
17704657496,17705276627
17704906338,17705926563
17705289916,17705963073
17706582822,17707623322
17706927625,17707286930
17707496024,17708006443
17707783410,17708559008
17709626605,17710040757
17711225704,17711682064
17711236832,17711438102
17711443790,17711621379
17713363078,17713735417
17713519366,17713804592
17714923698,17715040813
17716298829,17716960311
17717494480,17718135010
17717769929,17718300687
17718358634,17718809939
17718368876,17718841842
17718628571,17719201444
17720518157,17721029954
17720591188,17721106685
17723261433,17723513052
17724587573,17724799284
17725439168,17725937712
17728150046,17728746285
17728708065,17729679774
17728943529,17729402093
17729232175,17729963641
17729339991,17730402035
17730233946,17730355939
17730514445,17731718352
17731795047,17732367020
17732273350,17732567631
17732324286,17733002763
17734683438,17735690918
17735349718,17735976915
17735609578,17735650288
17735870254,17736623199
17736154202,17736610891
17736308159,17737234084
17736857920,17737581607
17737085914,17738001279
17737336194,17737671263
17737379392,17738095051
17738091775,17738449609
17739230260,17739958381
17740342094,17740679018
17740674378,17741657694
17741236851,17741845762
17742004869,17742583161
17744045588,17745064283
17744114208,17744709105
17744463157,17744484365
17746155915,17747075971
17746244717,17746883532
17746300175,17746528049
17746487549,17746890894
17747528018,17748282035
17748282327,17748918590
17749345624,17749646139
17751911543,17752548232
17751987959,17752021580
17752334671,17752674623
17752915885,17753355101
17753166524,17753544724
17753710669,17754288746
17753900353,17754648274
17755218901,17755578002
17755973713,17756090914
17758688325,17759309547
17759174706,17759866867
17759999776,17760108250
17760211868,17761060193
17760407922,17761054026
17760856661,17761264845
17760879736,17761389705
17760908060,17761166903
17762304657,17762706476
17763219274,17763894996
17763359726,17763857413
17764201315,17764941157
17764929608,17765033522
17765860613,17766401632
17766266356,17766690911
17766769301,17767248800
17767195145,17767629712
17767384573,17768164515
17767888859,17768714019
17768106136,17768562360
17768400311,17768823702
17771942508,17772405637
17773103995,17773655381
17773184443,17773704961
17774950101,17775434961
17775904845,17776352204
17776558260,17776923567
17777077251,17777451915
17777574596,17777907565
17777641927,17777886578
17777724249,17778524972
17778697927,17779200402
17779934000,17780356388
17779990789,17780365847
17780145430,17780390477
17780591873,17780818187
17780753786,17781359112
17783339007,17783931844
17783432732,17783825305
17784007132,17784636848
17784828575,17785388933
17785121215,17785728123
17785640144,17785853638
17786350421,17786558124
17787469230,17788198511
17788200469,17789033510
17788559056,17789292691
17789225146,17789342632
17790025469,17790709597
17790723096,17791009352
17794875466,17795616735
17794917968,17795226744
17795217416,17795893140
17795514737,17795726539
17796008373,17796702794
17796638158,17797623631
17800989068,17801513150
17802389522,17803147155
17802535443,17803012389
17802972202,17803555036
17802998817,17803325825
17803490209,17803683233
17805322963,17805497113
17805774392,17806050001
17807234733,17807869245
17807649792,17807801431
17807914059,17808614127
17808163873,17808930304
17808198288,17808671183
17808307942,17808572778
17809195671,17809557084
17809413948,17809656972
17809673352,17810203975
17810358056,17810447868
17811766158,17812361315
17812107696,17813093287
17812402126,17813098596
17813456595,17814021151
17814284332,17814486028
17815043464,17815621301
17815679098,17816120093
17815996479,17816170252
17818504000,17818797800
17818808379,17819164273
17818984583,17819248541
17819343700,17819924192
17820135271,17821056171
17821626535,17822300652
17823041052,17823483018
17823274890,17823941244
17824511780,17824856264
17824611158,17824947821
17825109179,17825612552
17825396075,17825579789
17825649263,17825886273
17827177582,17827702290
17828926233,17829498238
17829401881,17830104485
17829595607,17829999957
17830194165,17830272389
17830705083,17833460732
17831108193,17831605503
17831424927,17834268242
17831480558,17832283990
17832348450,17832488434
17832890063,17833781198
17833049563,17834011996
17833753777,17834655350
17835163596,17835956146
17835357539,17836567397
17835475791,17835671304
17836291266,17836644745
17837288166,17837971914
17837588960,17838366556
17837795805,17838244482
17839108595,17839185097
17839584614,17839648597
17842208140,17842563383
17843846539,17844672114
17845981491,17846521718
17846264719,17846746450
17846464398,17847005431
17846696522,17846836485
17846742880,17846898162
17846942667,17847272100
17847338100,17847892415
17847473112,17847916812
17848817209,17849509588
17849690951,17850110139
17849766166,17849866065
17850555090,17851123031
17851192305,17851348951
17851611695,17851952599
17853483896,17853873106
17853917433,17853942278
17855041420,17855681258
17855272329,17855319504
17856758837,17857173060
17856787399,17857290138
17858044274,17858304418
17858429739,17858823325
17858755671,17859523066
17859593382,17860040534
17859789619,17860586821
17860240309,17860460126
17860276152,17860508405
17861722337,17862842822
17862529082,17862778661
17862918624,17863015781
17863244883,17863299757
17864639570,17865068464
17865017285,17865102979
17865207103,17865538901
17865434588,17865591157
17867662155,17867783550
17869069972,17869690521
17869964349,17870440619
17870287807,17870679341
17870368556,17870790823
17870573303,17871435262
17870648630,17871460000
17872020788,17872358767
17872161397,17872429413
17872728926,17873366716
17873184020,17873830025
17873203064,17873945745
17873667891,17874211699
17874671384,17874805585
17875238515,17875464473
17875245529,17876100894
17875926542,17876438232
17876017250,17876518850
17876054717,17876436727
17876341181,17876537524
17876836277,17877288116
17876943240,17877220109
17877570790,17877809572
17879739381,17879864852
17880366986,17881437982
17881375171,17882080735
17882262783,17882827131
17882483540,17883133835
17884435323,17885045538
17884602409,17885282355
17884844331,17885385945
17887002099,17887784414
17887214083,17887943463
17887786380,17888562562
17887792328,17888637466
17890063824,17890186758
17890116441,17890510611
17890195146,17890484033
17890504986,17890861282
17890727563,17891403829
17890885900,17891880007
17892226212,17892698662
17892336299,17892871920
17892848796,17893312145
17893211909,17893886496
17893814922,17894276286
17895433360,17895625831
17895510231,17896349439
17896522749,17897078422
17897429088,17897818177
17897433931,17897792111
17897533210,17897592516
17898330644,17898747359
17898777071,17898948854
17898816047,17899000373
17899046599,17899538950
17899272827,17899779619
17899296664,17899389676
17899586796,17899731965
17899763326,17900197520
17900100413,17900270318
17900696045,17901036031
17900729326,17901220399
17901138586,17901649575
17902053258,17903020714
17902520692,17902960004
17902922818,17903454950
17903329029,17903425649
17903861970,17904395280
17904995170,17905809327
17905891961,17905985871
17906612152,17907107119
17906821966,17907364188
17908212864,17908648642
17908477428,17909003366
17908665296,17908735557
17909183419,17909367492
17909882880,17909915259
17909900891,17910137807
17909978760,17910178428
17910095374,17910550732
17910251582,17910871126
17910553325,17910929167
17910733619,17911395629
17910819154,17910913429
17911618117,17912266573
17911984284,17912580545
17912750324,17913152586
17913761041,17914245301
17913906630,17914308259
17916287816,17916408510
17916299676,17916465965
17918004563,17918156238
17918141919,17918383554
17918270881,17918326723
17920248319,17920476019
17920648869,17921022664
17921063781,17921669389
17923531245,17923708402
17923556112,17924066193
17924163129,17924659607
17924287891,17924616854
17924351648,17924636764
17924424224,17924746810
17925611951,17925785382
17926460953,17926845837
17927739157,17928264145
17927805894,17927998840
17928105788,17928365841
17928523993,17928883274
17928531021,17928881350
17929436798,17929601205
17929570568,17930152743
17929882147,17930295192
17931346503,17931787736
17933383345,17933957452
17933981472,17934836720
17934015173,17935146557
17934580543,17934871464
17935021017,17935271266
17935639425,17936167412
17936226192,17936602497
17936444023,17936905075
17937619853,17937741003
17938030840,17938448048
17938596160,17938649021
17939116216,17939939069
17939951050,17941264156
17940788316,17941080232
17941647604,17942157123
17942564763,17943215267
17943032353,17943519369
17943407737,17943979480
17943751690,17943977277
17943762977,17944177746
17944753148,17945141526
17944810094,17945173687
17945028221,17945452763
17945399496,17946333411
17946508370,17946692052
17946885109,17947731654
17948134530,17948772527
17948185418,17948483503
17948234624,17948573487
17948395421,17948645756
17949502427,17950011244
17950306218,17950947379
17950325508,17950377111
17950732117,17951022445
17950965993,17951100577
17951792920,17951913748
17952314384,17953045103
17952455888,17952845101
17952779063,17953235013
17954520899,17954687480
17955338810,17956758301
17955705718,17955801181
17955763706,17955916478
17955774846,17956151649
17955924903,17956469634
17956634853,17957181719
17958669185,17959552447
17964091572,17964288686
17964215771,17964409385
17964309346,17964706090
17964725855,17965732314
17965180779,17965513188
17965350232,17965909798
17965809145,17966264039
17966149035,17967089806
17966511722,17966540303
17966542394,17966801589
17966805223,17967249592
17966808539,17967187159
17967026341,17967126791
17967097113,17967678493
17967336447,17967901705
17968026946,17968536375
17968142997,17968690617
17969151769,17969762506
17969415127,17969615146
17969567277,17970016939
17969978422,17970279630
17970497261,17971012822
17971785576,17972193961
17972951478,17973158103
17973026192,17973482277
17973092522,17973284425
17973651154,17974331275
17975602269,17975757934
17976978863,17977189350
17976986295,17977201529
17977582698,17978129434
17977815860,17977868219
17978107652,17978149145
17978107801,17978591467
17978830119,17978878729
17979759441,17980573195
17980295406,17980741724
17980567247,17980766293
17981390270,17982009578
17981688369,17981861393
17981811143,17982181423
17981942695,17982517763
17982183069,17982576835
17982656533,17983090290
17982831942,17983333230
17982882199,17983161789
17983130485,17983257628
17983199317,17983781064
17984440531,17984744217
17984505023,17984881035
17986179004,17986647980
17986510576,17986575208
17987165324,17987695282
17987769463,17988426795
17989618698,17990040999
17990602548,17990844958
17990873654,17990911254
17991316139,17991459309
17992577181,17992628677
17992889804,17993952112
17993959606,17994496027
17995000545,17995344514
17995629625,17995799829
17996135683,17996244918
17996156100,17996480389
17996589874,17996808973
17996613010,17996680316
17997911389,17998599615
17998838753,17999323000
17999342411,17999816247
18000021527,18000744482
18000077341,18000406822
18000375191,18000765703
18000553005,18000889787
18000618393,18000646244
18000648375,18001186257
18000656288,18000894552
18000744090,18000936329
18000896098,18001181232
18001478969,18002164281
18001633652,18002118798
18003260700,18003752336
18003392011,18004139478
18004192529,18004323365
18004354696,18004648749
18004421415,18004590665
18004508525,18004897013
18004850132,18005042707
18004867512,18005849343
18005125468,18006026773
18005858475,18006203565
18005911622,18006473844
18006016365,18006188751
18006118254,18006646283
18006486962,18007110161
18007330491,18007353939
18007614691,18008087113
18008461853,18008529907
18008470701,18008877489
18008534613,18008735064
18008873108,18009348072
18008895625,18009314650
18008922385,18009019385
18009425495,18009598219
18010867249,18011561554
18011365499,18011923237
18012412022,18012571413
18012521308,18013053494
18013531111,18013616469
18013558482,18014269289
18014693450,18015057551
18014743824,18015273888
18014807297,18015004116
18014821080,18015181149
18014984690,18015425182
18015024666,18015561573
18015191654,18015330324
18015512675,18016056863
18016311126,18016564678
18017226942,18017519722
18017507420,18018343139
18018037633,18018179392
18018182157,18018536595
18018249618,18018506960
18018783748,18019531910
18019006340,18019710610
18021304437,18021571534
18021305996,18021611234
18021597732,18021717731
18022409521,18022852843
18022988072,18023072174
18023023278,18023164015
18023175935,18023567298
18023685160,18023964193
18023991796,18024330616
18024829635,18025057844
18024977056,18025428070
18025224204,18025796519
18025380986,18026517740
18026445045,18026718258
18028491411,18028542857
18030270989,18030717202
18031590100,18032006617
18032037607,18032353549
18032706468,18032983505
18033151384,18033283847
18034112981,18035126226
18034659753,18034982984
18035467972,18035657188
18035860928,18036246174
18036424620,18036715389
18036884711,18037525801
18037071480,18037510828
18037458241,18037543973
18039085699,18039388098
18039250467,18039565498
18039605702,18040080036
18039923188,18039955978
18040101390,18040334691
18040694182,18041580027
18040757432,18041402428
18041166233,18041579064
18041598082,18041898507
18042456015,18043059485
18042800101,18042897692
18042926107,18043540230
18043499369,18044011293
18044108772,18044588827
18044141439,18044260421
18044210108,18044367283
18044290625,18044868842
18045867079,18046196034
18046652174,18047241833
18047307294,18047703423
18047353455,18048148468
18048793704,18049117804
18048817065,18048977244
18049952005,18050352668
18051709134,18052099146
18051733605,18051951788
18052158881,18052270451
18052271202,18052720418
18053066301,18053413727
18053489433,18054039997
18054093067,18054787232
18054225574,18054828834
18055023473,18055106180
18055157975,18055616862
18055767401,18056156346
18055923021,18056317346
18056172022,18056701242
18058258200,18058427109
18058961522,18059096194
18059101132,18059511679
18059448997,18059866370
18059454262,18059911912
18060207125,18060781061
18060400474,18060705165
18060601076,18061683871
18061799537,18062228829
18062161754,18062329353
18062161884,18062660847
18063328209,18063696197
18064631813,18064944546
18064825384,18065116477
18065475385,18066097403
18065483269,18066105063
18065769153,18065890458
18065858180,18065938979
18066297751,18066504929
18066398436,18066824253
18066749708,18067271594
18067197010,18067333625
18067219687,18067770428
18067346482,18067833241
18068070073,18068412149
18068250648,18068703912
18069413842,18069611488
18072899639,18073476074
18074140053,18074572748
18074434734,18075059331
18074487329,18074673184
18075200911,18075562023
18075493731,18075931533
18077608494,18078067491
18079425108,18080083149
18080461145,18080618561
18080972223,18081669874
18081083654,18081329683
18081552518,18082398100
18081716470,18082049660
18082474383,18082805871
18082961495,18083267903
18083155148,18083213486
18083701443,18084223983
18083838453,18084012562
18084373287,18084601441
18085847609,18086024127
18086260873,18086367811
18087717940,18088089206
18088456351,18088863215
18088779987,18089247239
18088792545,18089226913
18089598918,18090020164
18089896662,18090070948
18090118284,18090912598
18090192724,18090804557
18090213093,18090833864
18090314681,18090798917
18091693941,18091851648
18092511090,18093124572
18092666820,18093051998
18093476761,18093624343
18093635695,18093989560
18093649082,18093784350
18094390532,18094752550
18095258420,18095785922
18095456581,18095795518
18095472809,18095526557
18095937484,18096273947
18096354763,18096767482
18097898891,18098687363
18098415130,18098944642
18098668966,18099387596
18099868891,18100466202
18100496838,18100887496
18102078215,18102479635
18102951283,18103082347
18103364865,18103613401
18103942049,18104501481
18104248066,18104680761
18104848800,18105069314
18105652714,18105979955
18106532613,18106799529
18107248126,18107490241
18107734861,18108375176
18107842318,18108072519
18108372773,18109000013
18108419248,18109279494
18109170101,18109624286
18109366649,18109739406
18109555221,18109758579
18109811848,18110072322
18110070822,18110354605
18110223497,18110434800
18110837879,18110974348
18111732583,18111760827
18111992760,18112171062
18112117038,18112209477
18112390520,18112872057
18112422282,18112706263
18112651001,18112811211
18112807328,18113086584
18112970433,18113472923
18113117619,18113739033
18113550719,18114046900
18113641125,18114007996
18114072475,18114299145
18116068453,18116402551
18116299840,18116485374
18116443846,18116720612
18116631008,18117047899
18116678484,18116879763
18117028416,18117478895
18117305024,18117807138
18117644746,18118067388
18118456671,18119225540
18118986748,18119744117
18119434398,18119471596
18120549844,18120711514
18120636723,18120998899
18122532951,18123262114
18122763863,18123181521
18122943723,18123410631
18123959275,18124153583
18124759681,18125161246
18126340819,18126743177
18126534408,18126940534
18127193260,18127250123
18127300388,18127839821
18127367414,18127929395
18128151751,18131506580
18129472501,18129675956
18129715650,18130305186
18130002432,18130125478
18130569146,18130805023
18130670675,18130893170
18132575531,18132602512
18132816425,18133335284
18132897974,18133457468
18133359046,18133968066
18134537142,18134838861
18134596246,18135128449
18135995254,18136395702
18136413773,18136983709
18137332789,18137692243
18137541605,18137652802
18137633556,18137842805
18137777081,18138161514
18138084737,18138887921
18138159000,18138666567
18138185217,18138549163
18138638970,18139240157
18139093509,18139706695
18139266150,18139619593
18139705447,18140317905
18139912820,18140357766
18139919605,18140012527
18140576451,18141150721
18140633206,18141198228
18141588295,18141864053
18141910314,18142721199
18142041185,18142570034
18142059800,18142525510
18143516933,18144011114
18144495855,18144891692
18144834034,18145207434
18144930682,18145299202
18144980420,18145433179
18145150227,18145250005
18145374320,18146289254
18146297893,18146870915
18146931932,18147469287
18147026413,18147672575
18147654269,18148058059
18147813522,18148013929
18147956562,18148400615
18148049604,18148381033
18148258528,18148842205
18149599054,18150167954
18150327207,18150908345
18150371340,18150740341
18151018333,18151163052
18151124449,18151211651
18151697961,18151731885
18151969835,18152671563
18154174556,18154556893
18155730583,18155837192
18156019816,18156154805
18156527524,18156923011
18156531558,18157118000
18157464265,18158110668
18157468480,18157817104
18158094201,18158473832
18159472377,18159775026
18159620632,18159824358
18160614628,18160806329
18160730207,18161160028
18161226944,18161270964
18161358508,18161456122
18162526571,18162558417
18162765239,18163104443
18162851692,18163229976
18163996508,18164783405
18164068030,18164316942
18165455050,18166159576
18166160773,18166568578
18166266879,18166638860
18166576361,18166930494
18166599631,18167110187
18166611751,18167235061
18167176189,18167470946
18167581239,18167985183
18168084534,18168642788
18168453044,18169037799
18169102508,18169137893
18169138431,18169508152
18169149462,18169400676
18169163741,18169793520
18170991948,18171394062
18171005887,18171225312
18171665933,18172460958
18172935470,18173351398
18173169204,18173903554
18173715461,18174224100
18173997117,18174368257
18174095869,18174576940
18174623992,18174713525
18174696117,18174806355
18174887772,18175645506
18175304471,18175532114
18176258758,18176858173
18177066120,18177639957
18177606686,18177642995
18178844223,18179957569
18179110695,18179440292
18179287088,18180304693
18179602117,18180551916
18181128783,18181665580
18181430374,18181898442
18182205496,18182650516
18182263871,18182522787
18183316010,18183577791
18183376730,18183859553
18183427303,18183631987
18183609131,18183839235
18184083943,18184604808
18184575357,18185145749
18184727790,18185164370
18184772065,18185562049
18184941742,18185381252
18186778921,18187221578
18186913435,18187419319
18187180756,18188203602
18188332987,18188492700
18188568035,18188939177
18189690748,18190078453
18189964776,18190102989
18190058201,18190987789
18190322640,18191021048
18191496002,18191665593
18192000872,18192538562
18192153798,18192824096
18192372406,18192707954
18192378016,18193032527
18193802406,18194233437
18194117927,18194535430
18195890343,18196580871
18196250587,18196710256
18196481110,18196816230
18198389766,18198521009
18198649615,18199229649
18198940437,18199749192
18199327100,18199857797
18200619556,18201346967
18201309475,18201762663
18201913054,18202547668
18202029214,18202484505
18202599164,18203184130
18202645641,18202911716
18203088313,18203376414
18203476642,18204005541
18203532634,18203960947
18203741834,18204165507
18203852408,18204029415
18204073115,18204627367
18204751000,18205025727
18207229364,18208011372
18207491515,18208364932
18207587650,18208313846
18207923610,18208309783
18208762452,18209067003
18208906575,18209158255
18209088164,18209748334
18209178829,18209489068
18209997927,18210150262
18210344771,18210704821
18210504291,18211299306
18212075751,18212374653
18212463118,18212642906
18212543035,18212924946
18212607503,18213268239
18212612616,18213046354
18213277031,18213798289
18214040111,18214485503
18215562003,18215951451
18215630049,18216097505
18215880527,18216274838
18216086748,18216138830
18216555256,18216895188
18216882571,18217208029
18216922061,18217499916
18218041562,18218522661
18220939604,18221804803
18221508273,18222442412
18222318514,18222633355
18222445098,18222797421
18222614534,18222872630
18223399122,18223454211
18223739643,18224577866
18225673078,18226143165
18225740418,18226233829
18226212108,18226671110
18227241378,18227739147
18229017715,18229381986
18229073073,18229294923
18229653333,18229850522
18231523465,18231616948
18231571064,18232015941
18232970263,18233279126
18233383660,18233663973
18234216536,18234414399
18234915707,18235234594
18235553236,18236091595
18235651213,18236302943
18236424878,18237128071
18237297918,18238228612
18237675847,18237860608
18237762703,18237867937
18238432318,18239295194
18239363411,18239695807
18240010565,18240379889
18240481965,18240614889
18240907091,18241097511
18240968787,18241408807
18241512420,18241842168
18241621252,18241803614
18241640850,18242094418
18241990097,18242541226
18242132786,18242622164
18242869349,18243363768
18242973171,18243374905
18243029629,18243091423
18243379733,18243416710
18243602525,18243702505
18244875287,18245457268
18245350254,18245682386
18245425155,18245711132
18245557549,18246020832
18245690055,18245999817
18247178311,18247695131
18248193921,18248353093
18248619505,18249377250
18248750977,18248893900
18249806729,18250048225
18250543997,18250561697
18251089031,18251567139
18253390587,18253716861
18253511597,18253568558
18254115552,18254392713
18254693585,18254846852
18255235911,18255637323
18256674199,18257113049
18257994183,18258562306
18258824462,18259352911
18258943695,18259094163
18259334545,18259673159
18260035220,18260567137
18260526925,18261165668
18261693281,18262081720
18261840763,18261946971
18261937408,18262433456
18262343587,18263297189
18263262370,18263471811
18263539778,18264197843
18263584413,18264211676
18264983140,18265444937
18265556638,18266101700
18266724696,18267242055
18266994597,18267332869
18267188766,18267533958
18269883590,18270438306
18271015454,18271323677
18271572257,18272103602
18271777249,18271793482
18271797569,18272364744
18273006916,18273713443
18273100216,18273361800
18275390892,18275594534
18275410853,18275957134
18275839396,18276153965
18275959111,18276474843
18276371127,18276868382
18277358402,18277472875
18277824573,18278267182
18278259378,18278581984
18279019057,18279497135
18280408320,18280481632
18280556660,18281032792
18280562147,18280879282
18280756912,18281133718
18281758326,18281817443
18282038754,18282556569
18283326969,18284130820
18283577668,18284042262
18284116141,18284228709
18284869786,18285332636
18285129544,18285318604
18285465520,18287169736
18286232761,18288779196
18286419475,18289014906
18286933994,18287702951
18287244838,18287428134
18288061005,18289065645
18289496973,18290143203
18290201281,18290480160
18290674479,18290957923
18291776320,18292196294
18291994705,18292597880
18292079511,18292446297
18292232165,18292565312
18293522257,18294045985
18293530108,18293723942
18293870242,18294154251
18293986476,18294499475
18294060866,18294356405
18294319062,18294816915
18294629041,18295340268
18294741560,18295210104
18295293565,18295921126
18295822311,18296402049
18296035947,18296704919
18296331905,18296754235
18296760783,18297042264
18296982215,18297249301
18300186180,18300671196
18300898527,18301243472
18300967057,18301433333
18301751339,18301950819
18302900506,18303436751
18303267044,18303468387
18303915755,18304124028
18303941454,18304031357
18305012544,18305368964
18305092011,18305184817
18305139307,18305311416
18305251157,18305720634
18305372759,18307047597
18305919716,18306275827
18306547354,18306858048
18306847438,18307106645
18306868752,18307425820
18307060735,18307289446
18308572743,18308713960
18308739332,18309409050
18309647893,18309885729
18310607348,18310830735
18311380395,18312014181
18313088754,18313858896
18313914028,18314064159
18313959581,18314361584
18313970729,18314339398
18315699096,18316116933
18315986832,18316523736
18316038285,18316732495
18316251004,18316729009
18316435766,18316612134
18316531540,18316920933
18316621385,18317105294
18317172753,18317628379
18317271495,18317688030
18317643784,18318303609
18318232006,18318312522
18318564925,18318993625
18319572330,18319597603
18320021371,18320199140
18320293151,18320868979
18320405022,18320921856
18320979976,18321387026
18322133055,18322358258
18322461540,18322943365
18322628023,18322831435
18322790349,18323224666
18323525994,18324049214
18324164379,18324533760
18324483910,18324939430
18325296360,18326065476
18325373335,18326043267
18326002631,18326288001
18327322942,18327927049
18327495456,18327707490
18328978857,18329387782
18329258268,18330921241
18330850226,18331390324
18331498545,18332160107
18332042257,18332634512
18332123319,18332274474
18332709024,18333201350
18332726881,18332880293
18332882760,18333015455
18335635622,18335670289
18336179171,18336319929
18336828784,18336864663
18336906444,18337615152
18336988411,18337432988
18337432988,18337650928
18337701516,18338247765
18338242013,18338850504
18339009905,18339495070
18339754401,18339797785
18340127267,18340653932
18340342387,18340930650
18340973212,18341531109
18341154106,18341645603
18341328621,18341700242
18341794226,18342093272
18342103429,18342768167
18342246138,18342656587
18343359808,18343926217
18344350253,18344606239
18344629373,18345081707
18344692755,18344921206
18344779577,18344960312
18345344699,18345581789
18346102267,18346582355
18346502111,18347145225
18346778378,18347262528
18347167709,18347701558
18347271223,18347368381
18347860619,18348198673
18348510257,18348738671
18349125450,18349540761
18349202573,18350117092
18351403146,18351798296
18351636039,18352107307
18353195914,18353912730
18355360818,18355836347
18355547259,18355642059
18356238329,18356557494
18356499645,18356794745
18356826990,18357413074
18357803721,18358300027
18358244262,18358770119
18358639845,18359107799
18359089682,18359629186
18361330788,18361791590
18361390422,18361973449
18363223616,18363459477
18364757627,18365212543
18365013471,18365612054
18365301146,18365814818
18365609086,18366301485
18365616652,18366523652
18365814321,18366351083
18366218603,18366787225
18366889344,18367251645
18366949456,18367292836
18367983012,18368558476
18368775690,18369352774
18369146839,18369319656
18369599063,18369723350
18369687470,18370292759
18369971752,18370386156
18370076244,18370887810
18370872109,18371031716
18371043650,18371557691
18372709083,18373153262
18373773507,18374332866
18374951519,18375317598
18376848983,18377284224
18377290079,18377598562
18377600632,18377923973
18377625424,18378125625
18377922487,18378298140
18377989557,18378484927
18378734124,18379648543
18379285117,18379460387
18379339663,18379707483
18379769466,18380273079
18382561322,18384431772
18382597850,18383019050
18383379616,18383747334
18384403057,18384653219
18384681729,18385409029
18385326616,18385905311
18385556531,18386465706
18386270274,18386953489
18387134775,18387447258
18389008672,18389467237
18389344243,18389810564
18390570413,18390892291
18391194619,18391298545
18391273041,18391706473
18391552664,18392024778
18391742571,18392237126
18392326093,18392505074
18393221712,18393915051
18394124974,18394557695
18394449095,18395157528
18394559976,18394980702
18394725376,18394862168
18395014406,18395412055
18395629816,18396004643
18396295298,18396338519
18396968698,18397603053
18397078593,18397500813
18398297202,18398633805
18398765205,18399364903
18398986502,18399629689
18399205877,18399679243
18399697703,18400186518
18400134688,18400568379
18400851223,18401383114
18401456485,18401496324
18402602362,18402842240
18402753984,18402995238
18402955828,18403275547
18402989041,18403770393
18403116865,18403496545
18403206266,18403812342
18403277500,18403925531
18404043181,18404964061
18404475939,18404919327
18406068762,18406173801
18406097228,18406192658
18406210683,18406390357
18406627101,18407198923
18408363946,18408616280
18409691464,18409752496
18410205841,18410392465
18412052194,18412695069
18412184419,18412766852
18412215867,18412289919
18412397705,18412489189
18413060043,18414466484
18413687796,18413999536
18413718599,18413906088
18413918101,18414590941
18414031878,18414174566
18414057586,18414548741
18415257693,18415410154
18415423467,18415880467
18415796490,18416133288
18415950655,18416450325
18416063489,18416412641
18417563132,18417657386
18417760370,18418067593
18417844866,18418459440
18418891330,18419275867
18418920625,18419244593
18419160554,18419571444
18419671464,18420172743
18419939417,18420775434
18420649691,18421178010
18422130537,18422831474
18422556141,18423083382
18422648340,18422816296
18422874295,18423195773
18422902886,18423411652
18423709621,18423773565
18424166776,18424216093
18425498741,18425859941
18426473381,18427051317
18426632520,18426818342
18427512507,18427684234
18427724800,18428050058
18427753912,18427864368
18428321693,18428636496
18428426209,18428749400
18428604273,18429454411
18429464080,18429729755
18431368556,18432818412
18431489239,18431542110
18431779705,18432310975
18431948424,18432315208
18432333167,18432973339
18432561644,18432937416
18432730220,18433038031
18433151362,18433726958
18433527098,18434061874
18433752644,18433906788
18434336588,18435082130
18434820245,18434928041
18434932753,18434973941
18435672800,18436037829
18435870487,18436213883
18436583480,18437012707
18436611045,18437037724
18437022859,18437379326
18437032330,18437303619
18437055962,18437138204
18437073727,18437465663
18437462792,18437922051
18437472575,18437770601
18437922090,18438466150
18438375726,18438430806
18439313405,18440168378
18439487669,18440116009
18439833354,18440377819
18441948723,18442371564
18443331563,18444127138
18443914057,18444116731
18444240041,18444309782
18444785182,18444845871
18445097382,18445718468
18445416993,18445839624
18445707066,18445870048
18447341390,18447383424
18448795558,18448895125
18450033628,18450494344
18450744427,18450796071
18451482396,18451698805
18451793402,18452266448
18452062481,18452629046
18452741982,18453385553
18453523522,18453742328
18453755896,18453966762
18454311903,18454516553
18454441518,18455189596
18455667414,18456190669
18455729884,18456149239
18456818358,18457288932
18457151982,18457376343
18457222689,18457401079
18457485378,18457839308
18457854097,18458306699
18457884290,18458440246
18457887284,18457917300
18458743465,18459006329
18458820065,18459169478
18459217190,18459684829
18461456469,18462087206
18461843402,18462185125
18462207300,18462575266
18463395519,18464094490
18463843672,18464638232
18463911345,18464688635
18464785649,18465193154
18464810446,18465211909
18465000317,18465541097
18465034542,18465369778
18465359569,18465860037
18465652817,18465892579
18465871269,18466197061
18467446389,18467641780
18467448113,18467760921
18468390787,18468704670
18468895905,18469511112
18469077318,18469869381
18469327851,18469682623
18469852204,18470602454
18470620177,18470969147
18471247044,18471455246
18471814888,18472461163
18471989431,18472355413
18472494896,18473008956
18472520016,18472805419
18472626570,18472942762
18472808007,18473201921
18473281909,18473790648
18476517245,18476819505
18476827320,18477267412
18477748300,18478430115
18477770025,18478512492
18479121722,18479180197
18479589103,18479709078
18480436068,18480627763
18481442474,18482298952
18481651815,18482131918
18482377984,18484332046
18484036956,18484474707
18484206764,18484973535
18485308854,18485877931
18485391584,18485415274
18486288654,18486641656
18486341372,18487016334
18487020519,18487505787
18487686508,18488152768
18488370323,18488815595
18488884076,18489453554
18489449581,18489657892
18489525666,18489926968
18490207528,18490383347
18490358173,18490801123
18492126027,18492565912
18493451066,18494175228
18493572550,18493830143
18493743746,18494621048
18494910819,18495368626
18496219386,18496591030
18496379468,18496636798
18496632819,18497208799
18499015440,18499274402
18500548989,18500898637
18500703477,18501154299
18500705982,18501276875
18501946536,18502137463
18502972340,18503247945
18503472388,18503621524
18503998419,18504171200
18504112793,18504454213
18504851222,18505228624
18505326644,18505565982
18505969108,18506230433
18506176886,18506301790
18506363060,18506410519
18506368507,18506519579
18506431531,18506805369
18506771104,18507334497
18509078104,18509459000
18510123413,18510535596
18510405603,18510692876
18510507550,18511091659
18511369481,18511725946
18511604395,18511639075
18511605312,18512196574
18511891223,18512432085
18512434118,18512531710
18512940782,18513655056
18513525955,18513918185
18513630021,18513701599
18513846600,18514259801
18516006428,18516562638
18516821927,18517190883
18516907018,18517369993
18517053030,18517614406
18517371419,18517710162
18517976549,18518250388
18518145088,18518734678
18518223820,18518416405
18519251229,18519661960
18519294972,18519786346
18519603018,18520019286
18519761765,18519901124
18519793171,18519884709
18520136169,18520346236
18520362931,18520821342
18521625499,18522369990
18521929578,18522234827
18522324367,18522809500
18522373942,18522902099
18522408568,18522582085
18522994695,18523458420
18523694423,18523740499
18525119339,18525918561
18525294250,18525834761
18526533609,18526655834
18526759318,18527633227
18526772820,18527297174
18527273196,18527648805
18527561617,18527641344
18528629834,18529175701
18530182108,18530508587
18530492308,18530588726
18530847363,18531060757
18531193051,18531363288
18532176434,18532774936
18532562468,18532937534
18533614692,18533737945
18533648524,18533788705
18534233170,18535075433
18534248021,18534831541
18534760089,18535211373
18535350856,18535821128
18535863474,18536324235
18536527464,18537072834
18536695575,18537112795
18537620248,18537704086
18539301199,18539772838
18539611836,18539669474
18539769317,18540512204
18539843243,18540525410
18541397965,18541816235
18542007386,18542817802
18542597323,18543288501
18542613079,18543385672
18542965318,18543282782
18542996022,18543544705
18543285000,18543967306
18543566686,18544655520
18544545535,18545033832
18544899957,18544967516
18545270045,18545821714
18546314379,18546398428
18547793831,18548270157
18547935873,18548235799
18548268484,18548443731
18548293431,18548517610
18548505449,18548678862
18549005039,18549236040
18550245245,18550818304
18551259651,18551367326
18552556597,18552595681
18552801404,18553497935
18552911226,18553117362
18553519776,18553981493
18553814366,18554469490
18553898315,18554318920
18553900027,18554072420
18554440791,18554625187
18554801754,18555752829
18557313565,18557570483
18557956305,18558528960
18558442021,18558627436
18558666168,18559076188
18559064073,18559565222
18559580410,18559756154
18559661491,18559834347
18559703088,18560166363
18560997438,18561338266
18561088175,18561478353
18561461434,18561877967
18561943686,18562432891
18563928853,18564355736
18564128757,18564477916
18564212065,18565125028
18564830216,18565026356
18565082128,18565337393
18566875357,18567111954
18566990502,18567145825
18567540281,18567776920
18569071132,18569146954
18569604514,18569774204
18569859852,18569962696
18570009378,18570373385
18570119437,18570638629
18570445194,18570904869
18570793179,18571290101
18571663316,18572195538
18571709399,18572235522
18571732470,18572192882
18572594650,18572939339
18572670515,18573500591
18573866060,18574540036
18574299631,18574782774
18574333378,18574637571
18574400417,18574676079
18574802298,18575241103
18575084371,18575304526
18575517538,18575635409
18575693356,18576132764
18576068006,18576422766
18576172182,18576723989
18576447914,18576837121
18576674235,18576966033
18576765090,18577496020
18576839296,18577203661
18576859031,18577062274
18577204917,18577483552
18577251239,18577582831
18577541940,18578076362
18577606403,18577777225
18577698521,18577856894
18578902186,18579306825
18579358614,18580026695
18580897328,18581121503
18582160024,18582513617
18582162183,18582710532
18582763463,18583221335
18582810094,18583407076
18582992799,18583015392
18583814379,18583930366
18584274231,18585261295
18585689706,18586393618
18585752634,18585948756
18586303034,18586672861
18586973468,18587398573
18587002174,18587286383
18588198056,18588598279
18588330563,18588524840
18588669408,18589435850
18589154034,18589546825
18589851998,18589970870
18590192121,18590698764
18590478416,18590604019
18590983657,18591361011
18592003557,18592606381
18592170223,18592200682
18592270964,18592606023
18593058380,18593484593
18593141095,18593185997
18593660010,18594001145
18594091405,18594439533
18594919259,18595148249
18595113884,18595208662
18595565908,18595980109
18595600467,18595740770
18596025793,18596589162
18597083771,18597200687
18597431711,18597801404
18597732448,18598065579
18597909686,18598122247
18598131664,18598216585
18598312948,18598747145
18598484522,18599057211
18598674400,18599006055
18600018415,18601205636
18600913270,18601341685
18601715851,18601949053
18601862208,18602378073
18602556388,18602576469
18602961200,18603243934
18603715277,18603854117
18603778592,18603912608
18604314393,18604434892
18605167717,18605880042
18606592221,18606659243
18606964013,18607522819
18608247149,18608674558
18609019409,18609286389
18609125516,18609525651
18609205652,18609452715
18609321229,18609762389
18609499069,18609813237
18610044285,18610995859
18610710454,18611292812
18610959637,18611017495
18610977970,18611129116
18611310971,18611851434
18611328678,18611533234
18612660846,18612894511
18613091580,18613324148
18613094361,18613442148
18613144762,18613161435
18613171233,18613702802
18613218618,18613417786
18613442659,18614133994
18613801219,18613870657
18614673477,18615244253
18614888982,18615732835
18615169289,18615361600
18615937100,18616567324
18616730280,18617114949
18617042558,18617647000
18617170342,18617615158
18617375455,18617817620
18617407986,18618151420
18618257158,18618737825
18618297081,18618395746
18618334273,18618491012
18618355226,18618606874
18618496831,18619173594
18619430474,18619497104
18620047233,18620550097
18620672499,18620972481
18621433905,18621973023
18621692465,18621861227
18622505059,18622572156
18622516854,18622572322
18622884851,18622981748
18623032490,18623633220
18623643407,18624003910
18626209947,18626362746
18626385904,18626978163
18626980387,18627193990
18627331002,18627631073
18627389668,18627511403
18628259073,18628421113
18629048949,18629653173
18629257360,18629572804
18629647669,18630307761
18630628412,18631146703
18630650899,18630896158
18631530676,18632357253
18631712624,18632509475
18633524389,18633874333
18635061717,18635535903
18635087243,18635346796
18635323066,18635787526
18635680198,18637716159
18635682137,18635722145
18636000389,18636163941
18636151458,18636767570
18636895711,18637292543
18637247062,18637457950
18637635752,18638124656
18637909289,18638522806
18638384387,18638679305
18639045902,18639130470
18639706723,18640150554
18640078754,18640673878
18640597234,18640887037
18640787033,18641161376
18641843911,18642058002
18642421666,18642794173
18643063110,18643196286
18643198037,18643468780
18643200494,18643640650
18644814763,18645295588
18645453842,18645714801
18646920819,18647484556
18648562727,18648687090
18648599255,18649143419
18648699220,18649390623
18649419223,18650002889
18650095599,18650613475
18650247250,18650651563
18651319993,18651593939
18651373842,18651713679
18651839700,18652115846
18652650850,18653213331
18653121551,18653424590
18653316901,18653888689
18655345457,18655625357
18655482797,18655723655
18655497507,18655924223
18655942011,18656536505
18656287006,18656352580
18656384173,18657015396
18656887868,18657134686
18657864699,18658145590
18658147423,18658435051
18658328119,18658689313
18658793354,18658869817
18658869440,18659225379
18658996156,18659561500
18660119996,18660288537
18661326355,18661504032
18661968628,18662486848
18663289461,18663711968
18663736596,18664218880
18664023865,18664363470
18664107213,18664249157
18664289663,18664445014
18664451125,18664780732
18664971049,18665480867
18665059883,18665137163
18665485612,18665706758
18665886780,18666240590
18667074331,18667603956
18668432828,18668626769
18668478260,18668947453
18670992763,18671357363
18671249966,18671667316
18671624284,18672190306
18671701539,18672118711
18672062097,18672624864
18672194535,18672808030
18672588056,18672917843
18672922930,18673110145
18672946525,18673029944
18675082118,18675483436
18675100760,18675412118
18675414762,18675932784
18675902067,18676046477
18676017374,18676244008
18676376537,18676737703
18676402669,18676963956
18676528030,18676915681
18676542037,18676854464
18676740314,18677088461
18677319155,18677759432
18677722883,18678370532
18678347868,18678416959
18678418818,18678505016
18679412763,18679873444
18680452854,18680621064
18680623793,18681222873
18681118520,18681733849
18682268140,18682916626
18682345332,18682694501
18683707653,18683891601
18683748206,18684144567
18683896244,18684297469
18684153592,18684597676
18684746208,18685170659
18684785115,18684824684
18685185963,18685695934
18685618770,18686056553
18685959410,18686453994
18686559489,18686752553
18687367060,18687957071
18687496450,18687563239
18687589484,18688121517
18687958150,18688324252
18688116525,18688685987
18688363195,18688928927
18688776126,18689218691
18688849875,18688952431
18688933382,18689290902
18688955382,18689033753
18689110662,18689504134
18689364912,18689557495
18690445622,18691063300
18690474835,18690814005
18690611497,18691183261
18691728032,18692143475
18691786975,18692314809
18692097540,18692933934
18692828292,18693222735
18692835712,18693016035
18692918860,18692956672
18693301607,18693861039
18693556428,18694123805
18694066853,18694409889
18694362113,18694472326
18694906027,18695390975
18695138388,18696029757
18695431841,18695687521
18696826635,18697265108
18697268066,18697703857
18697789438,18698266536
18698032771,18698671165
18698814773,18699080127
18699040759,18699956536
18699671494,18700207639
18699966994,18700151944
18700211787,18700845457
18700314593,18700923260
18701127002,18701523924
18701682697,18701820741
18703509551,18703933541
18703763052,18703927580
18704184970,18704922005
18704190882,18704927007
18704808776,18704900548
18704929936,18705083796
18705296774,18705888492
18705385472,18705895621
18705657150,18706198678
18706686698,18706818940
18707282087,18707577331
18707510136,18707818766
18707767216,18708465410
18707882532,18708408596
18707973917,18708748932
18709555161,18710103713
18709721134,18710119945
18710127667,18710259891
18710169041,18710421111
18710422957,18710506088
18710556161,18710650167
18710564987,18710982200
18710883497,18710961954
18712215260,18712379344
18712367440,18712769989
18713540940,18714209194
18713618149,18714131867
18714147520,18714589783
18715387153,18715859544
18716348097,18716873537
18717816977,18718030981
18719032587,18719511832
18719074923,18719311149
18719219817,18719587319
18721063699,18721525303
18721575416,18721726461
18721591653,18722062943
18721689479,18722709630
18721728431,18722141820
18722089139,18722651942
18723136097,18723630978
18723299565,18723721065
18723580470,18723798127
18723904891,18724326576
18724567047,18724930941
18724940768,18725522267
18725310738,18725909932
18725512024,18725614868
18725730746,18725849523
18727878277,18727908076
18728317031,18728679813
18728344069,18728535030
18730511033,18731119563
18731549523,18732126603
18731812874,18732108773
18731871126,18732638326
18732057702,18732407866
18732185597,18732692373
18732962510,18733499418
18733179707,18733466658
18733587432,18734048972
18733601233,18734007044
18734163345,18734258601
18734857258,18734873220
18735289005,18735620424
18735376311,18736046620
18735704698,18735857135
18736089171,18737017422
18736908876,18737453662
18737714032,18737813447
18738160010,18738584883
18738200835,18738913695
18738888555,18739121704
18738974979,18739144835
18739486335,18739719947
18741014002,18741373946
18741054763,18741407116
18741121382,18741384650
18741904681,18742394257
18743174407,18743320884
18743673693,18743799550
18743929233,18744260944
18746061586,18746701161
18746233408,18746437229
18747779946,18748360058
18748030264,18748444444
18749675377,18750365045
18751437023,18751737967
18752596355,18753060378
18752857298,18753562072
18753066127,18753463113
18754055786,18754223238
18755439046,18755813837
18756023280,18756405932
18756520338,18757296045
18758025489,18758357986
18758068528,18758574875
18758487281,18759013855
18758589837,18759163599
18759378766,18759822814
18759858553,18760123496
18760451487,18761039097
18760530069,18761494364
18760967481,18761070679
18762398244,18762685935
18762545390,18763215796
18763267383,18763667543
18763562704,18763740275
18763815070,18764452981
18765057114,18765243996
18765058780,18765368703
18765308748,18765638554
18765383490,18765657439
18765594172,18765888716
18765796766,18766159908
18765918726,18766560989
18766430131,18767386154
18766613920,18767227107
18766852045,18767185872
18768084765,18768375462
18768862069,18769313166
18770196287,18770820198
18770822261,18771030614
18771146598,18771741224
18771820813,18772180473
18772698092,18772967883
18773312708,18773784395
18773330047,18773542849
18774288612,18774609506
18775541854,18775833172
18776152913,18777019701
18776769070,18777343180
18777683302,18777950727
18777864440,18778164295
18778119853,18778452198
18778198498,18778770123
18778200103,18778596651
18778649699,18778671878
18778803668,18778857418
18778844069,18779108201
18779087842,18779517018
18779147077,18779561309
18779261292,18779589332
18779439235,18779453765
18779857448,18780486258
18780799020,18781281536
18781361683,18781661408
18782330956,18782585499
18782693694,18783248352
18784024279,18784062274
18784566976,18785338796
18785449127,18786164681
18785919661,18786080985
18786408886,18786784002
18786444094,18786827944
18786548891,18786712595
18786595752,18787082221
18787188402,18787622161
18787560886,18788043303
18787838067,18788317239
18788211164,18788671954
18789415734,18789589930
18790508095,18791277158
18791489481,18791631402
18791542023,18792191377
18791705419,18792125117
18793265190,18794408585
18793999413,18794752446
18795554714,18795691202
18795765009,18796011308
18796679159,18797016383
18797079174,18797571109
18797796649,18798312725
18797813350,18797988189
18798196818,18798281422
18798379387,18798895700
18802021790,18802342703
18802075537,18802350706
18802287723,18802534964
18803233190,18803905474
18803852859,18804112878
18804001389,18804340791
18804088162,18804666240
18804388444,18804989770
18804996169,18805618129
18805492870,18806504864
18807754818,18807998394
18807854432,18808027406
18808259121,18808412070
18808845388,18809021152
18810012870,18810480558
18810811936,18811104793
18813179525,18813331834
18814963508,18815119033
18815458832,18815532024
18815668885,18815862108
18815851550,18815948680
18815973434,18816422551
18816193664,18816379731
18816707323,18816926194
18816731987,18817238643
18817043144,18817459165
18817484864,18817820859
18817533487,18817829659
18817892688,18818185160
18818063123,18818232810
18818199864,18818515386
18819000775,18819549119
18819094933,18819367370
18819937200,18820350639
18819997061,18820592219
18820654599,18821219389
18820894144,18821406675
18820919681,18821098536
18821116619,18821472095
18821227568,18821576056
18821310068,18821836047
18822065064,18822540146
18823205691,18823816615
18823923003,18824627875
18824134299,18824582688
18824183125,18824211648
18824766516,18825186045
18824931957,18825485211
18824999388,18825705802
18825093456,18825821956
18826875050,18827084448
18827084891,18827841345
18827427965,18827721906
18827803536,18828288947
18828361840,18829052206
18832424640,18833841226
18832829616,18833081179
18833355931,18833780777
18833869205,18834472075
18834338796,18835060827
18834497305,18834692015
18834591540,18834812831
18836761895,18837023480
18836773538,18836899699
18837060419,18837114904
18837351259,18838568625
18837483739,18838514735
18838780388,18839398719
18839414495,18839934916
18839478188,18839927930
18839653331,18839896773
18839677022,18840138989
18840018806,18840619605
18840524532,18840942526
18840622799,18841102349
18840961076,18841500144
18841160571,18841339237
18841568634,18842044512
18843439939,18844341434
18845092019,18845832918
18846242352,18846329674
18847181993,18847959864
18848490809,18849197406
18849021948,18849309839
18849089228,18849629259
18849927643,18850514685
18850891642,18851065175
18852053261,18852889023
18854517048,18855066800
18855141126,18855841558
18855379502,18855839244
18855523349,18855952203
18855881833,18856345493
18855938536,18856329939
18856014584,18856124633
18856326922,18856692115
18856716367,18856899304
18857098572,18857436908
18857234468,18857553645
18858041275,18858686467
18858574273,18859177442
18859704699,18860121398
18860106288,18860152888
18860729752,18860798539
18860907253,18861407398
18861130187,18861413984
18861415532,18861811329
18861635110,18861916828
18862028283,18862332105
18863931794,18864220182
18864402667,18864452415
18864534021,18865032064
18865287229,18865485418
18866065100,18866598226
18866744759,18866816944
18866925647,18867110286
18867112757,18867559911
18868337364,18868496340
18868503105,18868638740
18869158370,18869789242
18871150449,18871613606
18871692333,18871972142
18872137676,18872919070
18873349263,18873638871
18873586835,18873875236
18873947132,18874077276
18873970403,18874071161
18874015439,18874198986
18874064618,18874368294
18874793054,18875436649
18875103933,18875220646
18876946509,18876980035
18877207574,18877577755
18877329844,18877415472
18877959322,18877989569
18878433232,18878928656
18879996031,18880914672
18880423332,18882816809
18880981494,18881137724
18881115791,18881415606
18881223575,18881593301
18881861247,18882563340
18882115151,18882312811
18882820311,18883049567
18882938751,18883167648
18884290696,18884418064
18884322934,18885267443
18884941339,18885448969
18885250620,18885743194
18885984915,18886535442
18886790528,18887034182
18887285404,18887335599
18887375261,18887805959
18887666937,18889126536
18887970036,18888235512
18888114009,18889166605
18888119625,18888619067
18890080527,18890355339
18890594303,18890883283
18890813997,18891859885
18892596945,18892956283
18893187623,18893841171
18893568610,18893916171
18893730203,18894018623
18894959011,18895326399
18895766327,18896306524
18895921153,18896517167
18895923914,18896273138
18896279185,18896834614
18896493927,18897045736
18897524772,18897996238
18898474519,18898810555
18898895201,18899235373
18899034194,18899373457
18899569665,18900015413
18899850815,18899961631
18900332900,18900661208
18900475480,18900618522
18900559094,18900903890
18901343061,18901679902
18901351755,18902110945
18901422858,18901876310
18901518894,18901783641
18901785629,18902069055
18901821310,18902307560
18903743696,18904451197
18903747826,18905686127
18903892060,18904341068
18904542740,18904771688
18904718024,18904925482
18905957968,18906074869
18905962931,18906139035
18906232537,18906638861
18906694451,18906957481
18907402749,18907881919
18909455018,18909995064
18910122914,18910269181
18910357644,18910410979
18910632457,18910913461
18910650339,18911260067
18911957196,18912449148
18912219650,18912484729
18912974030,18913499342
18914265814,18914470128
18915055842,18915184336
18915143754,18915377532
18915445877,18916216633
18916449082,18916785717
18916766485,18917424865
18916976400,18917275551
18917434040,18917584883
18917603545,18917698937
18918400156,18919124448
18918812677,18918922017
18919131032,18919565382
18919873843,18920464346
18921969370,18922063005
18922162154,18922229392
18922498549,18922835801
18922848895,18923335033
18924159922,18924609567
18924239080,18924582228
18924330425,18924713880
18924652696,18925133228
18924888599,18925717873
18925236681,18925417828
18925570496,18925959844
18925741286,18925833099
18926230735,18926663810
18926926104,18927245374
18927377287,18927595604
18927452408,18927809587
18927534177,18927845929
18927823530,18928752087
18928397625,18929107241
18928650480,18928797910
18928709988,18928891553
18928744013,18929191632
18929432082,18929867369
18930441666,18930939528
18930785161,18931147941
18930832726,18930924905
18931684829,18932053986
18931815283,18932371219
18932689369,18933447789
18932777579,18933326213
18935401104,18936502450
18936343106,18936759367
18936724001,18936939738
18936985264,18937231182
18937288864,18937381333
18937820025,18938276942
18938516661,18939038493
18939335660,18939389129
18939972420,18940448646
18939992638,18940357280
18940232860,18940317882
18940288787,18940745916
18940324141,18940372091
18940447991,18940544033
18940627966,18940730939
18941339892,18941753273
18941851205,18941993811
18942447549,18942902176
18942971046,18943362081
18943203562,18943664166
18943464341,18943740941
18943675213,18944018338
18944414937,18944521221
18944871250,18945402584
18945172952,18945549123
18945953371,18946430363
18946353068,18946555294
18946564754,18947041768
18946944612,18947165620
18947864188,18947960461
18947984492,18948076505
18948038719,18948267300
18948399749,18948640484
18948529778,18948924071
18948724089,18949018006
18948976651,18949592212
18949368233,18949931888
18951631531,18951800138
18952184009,18952437103
18952296226,18952584554
18952377076,18952892519
18954189432,18954661022
18955113428,18955332933
18955586244,18956146336
18956156192,18956398869
18956860911,18957381582
18957106749,18957277555
18957295706,18957624870
18957564588,18957981099
18957855130,18957964462
18960147366,18960649274
18960970613,18961129764
18961059916,18961343684
18961773815,18962150246
18962316078,18962589663
18963901923,18964115090
18964646346,18965103614
18965467790,18965780742
18965996441,18966265442
18966470910,18966967167
18966933541,18967249648
18967127142,18967379661
18967508995,18967803369
18968607173,18968794541
18969714233,18969969969
18969825942,18970088595
18970178181,18970451295
18970629442,18971346745
18970929005,18971503657
18971467366,18972245160
18971505165,18971986383
18971964366,18972191181
18972087691,18972272347
18972185429,18972277089
18973571315,18973973448
18973716247,18974179164
18973806955,18974021119
18974848609,18975341793
18974947267,18975056291
18975512316,18975756848
18975826935,18975922431
18975866801,18977035540
18975929560,18976382897
18976082038,18976549265
18977608631,18977729883
18977692782,18978072537
18977851772,18978478365
18978078432,18978146861
18978099821,18978415507
18978195052,18978710922
18978419344,18978452808
18978784420,18979080206
18979100414,18979607892
18979118936,18979195680
18979587757,18980024055
18979713231,18980096470
18980620817,18980966176
18981039522,18981184763
18981312861,18981373892
18982578745,18982870283
18983137077,18983205016
18983558249,18983750151
18984237682,18984578366
18984906985,18985018251
18985295501,18985518612
18986248456,18986597390
18986280713,18986560714
18987020234,18987419772
18987100034,18987594854
18987119353,18987449118
18987926692,18988156643
18987968535,18988015669
18988052417,18988392591
18988077362,18988491804
18988347759,18988786624
18988435667,18988660825
18988496204,18988897084
18989363350,18990101318
18990113172,18990221872
18990591454,18990984580
18990845080,18991636835
18992975833,18993527226
18993101598,18993973914
18994372734,18994626914
18994654509,18995007865
18994924920,18995238275
18995279050,18995688938
18995325875,18995952735
18995995465,18996614973
18996104477,18996213547
18997084996,18998028101
18998003652,18998332782
18998074055,18998303650
18998436499,18998629210
18998630635,18998804392
18999728189,19000352252
19000329592,19000856386
19000995097,19001509243
19001483288,19001926486
19001647347,19002029381
19001677468,19001952194
19001824826,19001870953
19002338743,19003357932
19003359966,19003903186
19004204717,19004513943
19004624662,19004831612
19004976900,19005148810
19004992107,19005486082
19006552605,19006731585
19007431092,19007655616
19007662296,19007797367
19007824364,19008091187
19007834218,19008292533
19007856816,19008232497
19009026982,19009077352
19009057695,19009178391
19009639878,19009723632
19009791324,19010559989
19011050906,19011325543
19011450154,19011749917
19011503308,19011676688
19011800202,19012128723
19012605751,19013031475
19012743320,19012872879
19012747654,19013213736
19013033003,19013279670
19013239105,19013451398
19013457657,19014271827
19013801592,19014022050
19014293414,19014740272
19015012199,19015619055
19015274805,19015477929
19015491713,19015901821
19016093295,19016528793
19016473979,19017041491
19016676015,19017062819
19017085552,19017596074
19017556354,19018031494
19017967741,19018545739
19018392936,19018820282
19018833807,19019462704
19018963296,19019640151
19019500836,19020465622
19021924693,19022116339
19022174485,19022718730
19022435032,19022711292
19022714403,19023384552
19022784850,19023029843
19022880851,19023459275
19024727992,19025044673
19024760343,19025083973
19024782859,19024979164
19025402025,19025918120
19025724749,19025901910
19026571024,19026877364
19027895977,19028242729
19030281591,19030515473
19030459512,19030831937
19030741586,19031011135
19031519396,19032167027
19031575730,19032181454
19031720637,19032241417
19032073839,19032230868
19032578774,19032897691
19032597505,19033111473
19032720996,19033170374
19032850559,19033477978
19033481157,19033915448
19034290603,19034456948
19034952923,19035202848
19035086323,19035695048
19036553817,19036867165
19037481966,19038067675
19037549005,19037908271
19037605624,19037840940
19038070267,19038224247
19038410543,19038811708
19038785290,19039034933
19039362995,19039754371
19039497130,19039829538
19039900898,19039973166
19040098376,19040762693
19040556425,19040583155
19040854352,19041065849
19041157256,19041484805
19041320387,19041543999
19041792451,19043377094
19043735204,19044180735
19043742417,19043954338
19043776069,19044092603
19045239349,19045759161
19045769490,19045825682
19045982026,19046258115
19046214151,19046528620
19046765203,19047213919
19047216155,19047337315
19047634790,19048030340
19047696839,19048488438
19048363863,19049054286
19050182920,19050444511
19050297548,19050797799
19050356425,19050817369
19050362725,19050926686
19051663900,19051765700
19052078571,19052133991
19052435712,19052779591
19052856386,19053199254
19053019032,19053679490
19053423682,19054051112
19053475995,19053737790
19053604853,19053905009
19053781692,19053875687
19054002128,19054492075
19054184653,19054721765
19054810888,19054950646
19055082564,19055729691
19055232680,19055825021
19055259130,19055834909
19055752060,19056303020
19056110845,19056308345
19056259711,19056436627
19056633859,19056997526
19057105043,19057495674
19057877090,19058204699
19058188239,19058764870
19058455447,19059064889
19058546789,19059022440
19059428673,19059952439
19060070225,19060579275
19060118782,19060328132
19060388576,19060550146
19060746465,19060821782
19060921820,19061004174
19062801471,19062905854
19063772355,19063957683
19064220470,19064709885
19064663247,19064709419
19066116278,19066340258
19066244388,19066308827
19066285558,19066832730
19066631738,19066953998
19067347471,19067711578
19067510518,19068250392
19068515459,19068623532
19068702540,19068975294
19069349924,19069390347
19069407192,19070001815
19069521254,19069949265
19069702280,19069975755
19069727841,19070192651
19070382703,19070763780
19070397146,19070670045
19070645588,19071218657
19071153634,19071587881
19071203074,19071437814
19071530852,19071717808
19071574822,19072101819
19072722062,19072987856
19072785966,19073309492
19073020376,19073114284
19073025152,19073234074
19074732955,19074765067
19074814494,19074905719
19074952329,19075037777
19075505315,19075607196
19075714872,19075812346
19075849715,19076455536
19077376935,19077919049
19077817217,19078193001
19079011432,19079424469
19080892927,19081563992
19081461436,19082263445
19081898726,19082511132
19082208036,19082684867
19083442261,19083459280
19084757922,19085343577
19085114936,19085299365
19086473661,19086805525
19086594168,19086814036
19086598450,19086914940
19086623975,19087188362
19086917077,19087299210
19087802599,19088119017
19088049119,19088586063
19088592443,19088786488
19088887136,19089453774
19089812143,19090211671
19090184601,19090602851
19091724764,19091861005
19091955024,19092369579
19092019949,19092222376
19092179391,19092549926
19092696631,19092997482
19092762242,19092804844
19092864226,19093002416
19093004048,19093290746
19093018810,19093130625
19093872544,19094306302
19094767841,19094897280
19096008806,19096403544
19096180058,19096736145
19096674988,19096847844
19097519275,19097984490
19098526617,19098822884
19098684953,19099531373
19098926846,19099419201
19099374195,19099642685
19099813828,19100232410
19099922692,19099987543
19100563272,19100598414
19102038947,19102455931
19103234848,19103629256
19103811540,19104159870
19104138123,19104567565
19104651233,19105411355
19104924952,19105304826
19105012193,19105504903
19105492310,19106033333
19105575766,19106096088
19105932938,19106267379
19106479730,19106988134
19107134856,19107493215
19107628904,19107809015
19107973321,19108437346
19108492929,19108672043
19108546785,19108581463
19109119070,19109315909
19109637959,19110083584
19109684745,19109903802
19109998885,19110134717
19111434085,19111457146
19111896857,19112520244
19112010500,19112550520
19112351393,19112482522
19112391852,19112930616
19112872366,19112946019
19113214510,19113592844
19113823981,19114113349
19114088365,19114349852
19114172268,19114389102
19114774460,19115024967
19115195102,19115587206
19115411335,19115761882
19115444659,19115555329
19115858208,19116382497
19116446999,19116838047
19116809368,19117119228
19117311506,19117457635
19118502793,19118779184
19118531336,19119096846
19119080136,19119765762
19119337386,19119352599
19119446448,19119603223
19119535976,19120005785
19119566804,19119838988
19119781480,19120028935
19119815139,19120135807
19120303827,19120664203
19120452320,19121157876
19121468677,19121667624
19122293589,19122872962
19122407286,19122624940
19122830631,19123007593
19124614289,19124927636
19124620223,19124662236
19124743858,19124821878
19125664680,19126170401
19125736838,19126120691
19125799381,19126116816
19126163730,19126510470
19126178947,19126623864
19126583997,19127054316
19127632217,19127966189
19128177182,19128511210
19128759701,19129348461
19129017129,19129948300
19129603577,19129991320
19129868849,19130195826
19131596835,19132353416
19132245462,19132507521
19132649824,19133135240
19132782807,19133288583
19133820298,19133989029
19134222635,19134528473
19134365160,19134594376
19134943409,19134970439
19135464351,19136148649
19136047292,19136427629
19136146388,19136437759
19136472916,19136664583
19136996282,19137298932
19137493468,19138101461
19137797990,19138047665
19137961612,19138366095
19137967441,19138205056
19138271625,19138382691
19138693029,19138859219
19139866084,19140376136
19140284182,19140416183
19140407225,19140528875
19140845146,19140906919
19141969656,19142611811
19141970440,19142908871
19142318440,19142353833
19142754327,19143010269
19142764940,19142792824
19142788112,19142926246
19143197264,19146073544
19143284868,19143868912
19143311309,19143749967
19143873767,19143965712
19143979248,19144004030
19144516278,19146336596
19145003288,19145074326
19145482377,19145956978
19145555484,19146119768
19145621685,19145884775
19146002579,19146187338
19146457204,19147028524
19147099297,19147899648
19147177589,19147460429
19147498774,19148092193
19148087010,19148427696
19149784947,19149933399
19152542004,19153218296
19153092145,19153325599
19154780686,19155182901
19154847845,19155279375
19155440365,19155643406
19155684823,19156010809
19156128532,19156548905
19156611806,19157536572
19156638593,19157557810
19156975741,19157460832
19157496202,19157602808
19157996343,19158257407
19158291562,19158983981
19158298056,19158663897
19159136422,19159709866
19159257734,19160043821
19159436318,19159639677
19159601695,19159652742
19160359772,19160880245
19160895660,19160958032
19161045240,19161385174
19161621379,19162076418
19161712472,19162192740
19162349308,19162710694
19163288851,19163816998
19164687025,19165156440
19165381163,19165957449
19165599623,19166184907
19165794706,19166184233
19167745450,19168327626
19168147603,19168302894
19169222896,19169364161
19169449118,19169999685
19169719536,19170164198
19169959874,19170937380
19170203876,19170472205
19172249877,19172445161
19172473659,19172545789
19172665915,19173232806
19173386216,19173769384
19174486884,19174741670
19175447124,19175665075
19175469489,19175937858
19175946608,19176818175
19176977307,19177349149
19177506035,19178012449
19177862560,19178066511
19177924770,19177985771
19178631536,19178757882
19178805208,19178895936
19178805304,19178911922
19178892034,19179024947
19178911942,19179258398
19179073214,19179571421
19179209924,19179721962
19180108701,19180226820
19180536118,19180965902
19181124952,19181624761
19181176204,19181745319
19181373583,19181634467
19181919977,19182478296
19182721068,19183173282
19183740623,19184104596
19184775228,19185534696
19185346922,19185462199
19185472498,19185850939
19185634894,19186187535
19186454869,19186658905
19186771272,19187314809
19187682011,19187710762
19187708918,19188010428
19188549551,19189020096
19188620649,19189027000
19189211770,19189673720
19189292868,19189857929
19189449215,19189675931
19190003704,19190443411
19190269850,19190543008
19193530457,19193736981
19194126304,19194276351
19194401826,19194874568
19194757620,19194846973
19195441886,19196073717
19195833595,19196042357
19195915580,19195943227
19196178547,19196306680
19196966210,19197385297
19197364642,19197707833
19197812693,19197982867
19197838074,19198434770
19198846820,19199225208
19199161514,19199406733
19199209838,19199336685
19201325099,19201661038
19201548563,19201580149
19201591463,19202063977
19201637387,19201965459
19201685472,19202148867
19201746317,19202277445
19202174868,19202425411
19203409920,19203650613
19203571164,19204153360
19203695074,19204044724
19203921153,19204488875
19204181733,19204324566
19204700543,19204786403
19208785947,19209063241
19210425771,19210743179
19210706868,19211150411
19211084811,19211643539
19211317704,19211524890
19211956804,19212519752
19211979690,19212654688
19212208305,19212553658
19212656117,19212846027
19212837854,19213201897
19213075085,19213383957
19213726112,19214330958
19214099980,19214115343
19214214217,19214612278
19214314972,19214571385
19214417448,19214969916
19217010531,19217954296
19217078187,19217655169
19218222851,19218718277
19219532316,19220262480
19219610818,19220293326
19220895936,19221016941
19220903414,19221358574
19221388655,19221605616
19221852537,19221870523
19222446375,19222978725
19222455535,19223173331
19223684684,19224194563
19223687032,19224033192
19223874988,19224047630
19224888361,19225671327
19224907601,19225403687
19226840726,19227259367
19226882231,19227236839
19228017973,19228392392
19228231623,19228630230
19228517087,19229048808
19229715031,19229959770
19229717033,19230229843
19230718449,19230743308
19231348377,19231858166
19231508686,19231792436
19231599659,19232629496
19231973640,19232221097
19232092045,19232604647
19232438913,19232629458
19232943186,19233173816
19233475050,19234060381
19233595464,19234117016
19233611332,19234000491
19233679837,19234013015
19234462262,19235513396
19235356101,19235934396
19235744078,19236103741
19236072689,19236353914
19236375677,19236521432
19236501920,19236521966
19236636904,19237110428
19237008342,19237622953
19237912662,19237990671
19238711804,19239102319
19239765821,19240114290
19240558364,19240660151
19240579412,19241023007
19240828573,19241666928
19241408803,19241937230
19242234997,19242395765
19242274811,19242633061
19242635184,19242888795
19243088038,19243783304
19244915351,19245127158
19245014792,19245519407
19245062842,19245557993
19245374481,19245818104
19245441636,19245638727
19246344810,19246858205
19246792853,19247132814
19247057011,19247155872
19247891197,19248277746
19248301494,19248419216
19248686292,19249224158
19248881653,19249111603
19248943235,19249021991
19249008827,19249049128
19249072691,19249539959
19249408895,19249917438
19249438353,19249727969
19249948810,19250314276
19250720901,19251264752
19250947594,19251186801
19251350135,19252031386
19251352555,19251588502
19251360139,19251573228
19251519003,19251717259
19252203974,19252512266
19252695727,19253095850
19252703084,19252940043
19252823574,19253343342
19253033038,19253342258
19253363442,19254051685
19253376514,19253730961
19253625937,19254066913
19253734081,19254369903
19253999520,19254344929
19254517298,19254548911
19254825739,19255198855
19255047756,19255630568
19255318072,19255435986
19256450908,19256826074
19256668758,19256882962
19256743054,19256870681
19257338709,19257375125
19257931389,19258242087
19259347358,19259645275
19259975679,19260134107
19260190764,19260710342
19260556362,19261036890
19261212855,19261735567
19261244575,19261620256
19261270483,19261804799
19261785080,19262012069
19261800329,19262239284
19261812029,19262053594
19263228886,19263670516
19264324269,19264793502
19265826423,19266441613
19265845595,19266340344
19266170899,19266736091
19266953020,19267084607
19266957315,19267487733
19267766421,19268019581
19268055368,19268196391
19269124137,19269684215
19269765565,19270069545
19270259616,19270762741
19270264815,19270656914
19270659139,19271194208
19270766896,19271136265
19271195134,19271628521
19271479700,19271867563
19271613434,19271810543
19271845430,19271984515
19271984686,19272420734
19272431288,19272625140
19273082445,19273594831
19273372483,19273990183
19273480042,19273982125
19273619790,19274153895
19274223916,19274455214
19274421777,19274997384
19275624147,19276016222
19275781922,19276204291
19276545599,19276990302
19277012377,19277616435
19277723815,19278012680
19279092155,19279595727
19279114129,19279598638
19279312089,19279747911
19279606740,19280113695
19279757978,19280272347
19279980020,19280286170
19280080828,19280794763
19280120151,19280518761
19280519637,19281152983
19281356697,19281684554
19281506262,19281550313
19281598350,19281958749
19282513340,19283105681
19282863633,19283323843
19282992722,19283304584
19283204197,19283404790
19283491075,19283819261
19283676758,19284013288
19284274407,19284722736
19284519610,19284603946
19285180413,19285444703
19285310840,19285624102
19285918059,19285958949
19286144000,19286561941
19286636949,19287029651
19286653574,19286838450
19287230742,19287772789
19287272256,19287619640
19287401447,19288196683
19288510246,19289167833
19289508375,19289664669
19290299193,19290726775
19290501372,19291166884
19290769394,19291273749
19291438639,19291601572
19291676140,19291736376
19291741423,19291893768
19292623887,19292760825
19292678565,19292836727
19292841114,19293060504
19293045041,19293569774
19293958565,19294438930
19294902983,19295166521
19294943263,19295134053
19295241750,19295321919
19295363612,19295843219
19295409577,19295536383
19295851685,19296061121
19295980916,19295997438
19296596177,19296795900
19296643542,19297276731
19297074619,19297339287
19297353161,19297569946
19298305748,19298802154
19298846599,19299099662
19299661286,19300047833
19300379621,19300863084
19300406971,19300995109
19300503821,19300964386
19301214195,19301584354
19301427668,19301729714
19302283488,19302787632
19303224497,19303448647
19303445765,19304174274
19304028478,19304294929
19304728470,19305262762
19305747033,19306119791
19306355722,19306705715
19306424206,19306573764
19306677435,19307418029
19307147771,19307843505
19307157605,19307939347
19307457323,19307698704
19309360088,19310014704
19309366801,19309992972
19309400008,19309680293
19309729908,19309854136
19310542394,19311025995
19310747534,19310896642
19311385341,19311706189
19311935360,19311965993
19313041413,19314487259
19313766221,19314308017
19314490606,19314707742
19314856150,19315133698
19315532890,19316076229
19316078660,19316646399
19316325526,19316569253
19316746404,19316907168
19317066445,19317352780
19318146023,19318543203
19318550382,19319084185
19319370581,19319450719
19320435818,19321044954
19320547425,19321347994
19321615179,19321992589
19321713650,19322057155
19321839316,19321927112
19323031588,19323204021
19323644330,19324200839
19324479758,19324613283
19325062000,19325486758
19325200624,19325335644
19325639969,19326087177
19325736595,19326368736
19325778212,19326337856
19326462141,19326580286
19326774305,19326931547
19326943388,19327358823
19327285415,19327491215
19327697517,19328015561
19328000570,19328045784
19328347290,19328839742
19328849393,19328864321
19329132133,19329706264
19329759797,19330299616
19329872951,19330701210
19331072812,19331190286
19331205223,19331382461
19331649595,19332079124
19332100757,19332226561
19332812121,19332845078
19332959282,19333516200
19333434074,19333899661
19333636265,19333993548
19334326476,19334463598
19334347549,19334683405
19334445840,19334987663
19334938627,19335201295
19335151027,19335615923
19335225633,19335471118
19335719399,19335981787
19335803076,19336512274
19336308352,19336407240
19336373972,19336717235
19338893303,19339486390
19339123027,19339645437
19340734584,19341377349
19340786454,19340951794
19340871581,19341240374
19342414384,19342506070
19342547680,19342847795
19343617375,19343752112
19343726784,19344150949
19343754765,19343909676
19344121992,19344389757
19344649870,19344864281
19344840765,19345384006
19345128241,19345728317
19346620896,19346640210
19346757362,19347180491
19348441119,19348545592
19349053653,19349591525
19349189529,19349472599
19349438695,19350372248
19349917921,19350163551
19350881982,19351146553
19351019622,19351533887
19351283442,19351755777
19351748219,19352073902
19352526541,19352868359
19352565556,19352993968
19352627438,19353043806
19352883698,19353555480
19352886772,19353715903
19354226113,19354680862
19354325500,19355084867
19354817750,19355784396
19355405258,19355921884
19356198878,19356737386
19356506018,19356806699
19357068504,19357374639
19357094148,19357874808
19357164550,19357810480
19357790685,19358653010
19358031945,19358157242
19358225476,19358329794
19358775556,19359186406
19359869095,19360269157
19360344499,19360687710
19360346130,19360844806
19360579645,19360929911
19361503908,19361845033
19362566613,19362795662
19362800341,19362983212
19363064890,19363682398
19363197451,19363548662
19363697280,19364042182
19363807886,19364133025
19364503480,19365088996
19364574973,19365196591
19365547642,19365988490
19365552497,19365827626
19365863800,19366440305
19365873047,19366139539
19366631348,19367110647
19367336981,19367405847
19367838206,19368240349
19368224419,19368700229
19369153751,19369664360
19369928897,19370198383
19369945084,19370471235
19370293790,19370378731
19370325730,19370379802
19370561532,19370795029
19372327630,19372380753
19372650565,19372717892
19373034623,19373534037
19373895140,19374376401
19374558507,19375091998
19375162005,19375698993
19375756674,19376376082
19376379031,19376588015
19376612275,19376901504
19377662945,19378444347
19378534140,19379091349
19378711270,19378800843
19378812457,19379511845
19379905432,19380174694
19380558493,19380806204
19381697619,19382021433
19381802307,19382186106
19382430650,19382745524
19382719821,19383149871
19383175062,19383488712
19383593778,19384119715
19384484672,19384638695
19384592483,19385119306
19384615759,19384757337
19385329884,19385579101
19386025144,19386339906
19386813686,19387124647
19386815735,19387689944
19387384596,19387408385
19388228663,19388674716
19388521040,19388798684
19388551189,19388912099
19388562446,19389056366
19388728698,19389283161
19388943603,19389545759
19389925864,19390291231
19390021045,19390378479
19390570916,19392876491
19393654389,19393855063
19393829776,19394191246
19393868926,19394410360
19394047400,19394270194
19394138806,19394818874
19394302802,19394671457
19394563299,19395272602
19395520366,19396003093
19395697584,19396244290
19395817686,19396425919
19396149122,19396675710
19396339877,19396453869
19396613775,19397186824
19397085900,19397481999
19397281640,19397538126
19397393770,19397855575
19397886819,19398035920
19398032122,19398560046
19398107929,19398182581
19398852853,19399234265
19399126641,19399314097
19399390697,19399741418
19399833332,19400092412
19400005264,19400744727
19400029506,19400593799
19400199302,19400441035
19401343985,19401471243
19401603116,19402174958
19401956093,19402272883
19402375672,19402592468
19403088076,19403761194
19403454252,19404007735
19404198248,19404386405
19404364743,19404597509
19405114095,19405842874
19405404251,19408014621
19407742850,19408149167
19408109134,19408545562
19408257812,19408873985
19408490745,19410069956
19408641017,19409410904
19409045713,19410413684
19410259363,19410659961
19410350303,19410875476
19410577129,19411045127
19410590103,19410906239
19411794538,19412287132
19411875721,19413454181
19412308861,19413054289
19412991528,19413394977
19413788183,19414078854
19414533002,19415306557
19414744608,19415068377
19414890242,19414984371
19415207281,19415771576
19416346164,19416571680
19417057348,19417145696
19417935600,19417993735
19419203015,19419732973
19420249630,19420652622
19420445104,19420716488
19420949323,19421052764
19421727182,19422200329
19423430494,19423777578
19423599409,19423948962
19423836652,19423984551
19424177934,19424716503
19424218752,19424347899
19424428576,19424804949
19424630072,19424744932
19425044381,19426243182
19426522578,19427203379
19426678546,19426951373
19427312207,19427595475
19428674453,19429426380
19428823169,19428986693
19429485206,19429980816
19429714420,19430355464
19429737231,19429944033
19429966289,19430444028
19430111262,19430220482
19430568106,19430762626
19431620716,19431844608
19432353652,19432681680
19432956556,19433444333
19433704857,19434097594
19435517358,19435741982
19436490199,19436860406
19438227909,19438720532
19438482820,19438795904
19439196388,19439299983
19439654455,19439914406
19439725200,19440259990
19439794532,19440463691
19440718792,19441236664
19440815582,19441172768
19441034514,19441285386
19441841044,19442135122
19441952131,19442342430
19442475421,19443340846
19442629643,19442902213
19445773029,19446103785
19446167979,19446679789
19446182592,19446310627
19446667667,19447183817
19446691437,19447372541
19446960098,19447181971
19447379991,19447702491
19447390820,19447693518
19447454060,19447792234
19447495444,19447807506
19447836752,19447998146
19448100370,19448488138
19448168313,19448459914
19448258487,19448688284
19448932488,19449196128
19449434087,19449535107
19449796748,19450093793
19450057562,19450134103
19450793540,19451088104
19451305480,19451799285
19451331249,19451448808
19451784823,19452276334
19452418454,19452611281
19453467563,19456533017
19455517157,19455866253
19457234998,19457662999
19458136948,19458363802
19458636483,19459170952
19458640093,19459016826
19459094695,19459185715
19460739631,19460857890
19460912390,19461402887
19461387391,19461421521
19461495903,19461659044
19462112873,19462748188
19462320490,19462700257
19463498219,19463926612
19463783669,19464432331
19464245861,19464641715
19464620043,19465037989
19464817312,19465263295
19465398993,19465557939
19465432574,19465457894
19465713226,19465805128
19465747504,19466114575
19465790919,19465927740
19465801802,19465858478
19466813929,19467570324
19468186708,19468310993
19468602800,19468950523
19469183198,19469466268
19470844935,19471151261
19471176600,19471735698
19471691289,19471909945
19471860231,19471874481
19472138990,19472699967
19472499082,19473173593
19473219854,19473361017
19473308274,19473691052
19477921086,19478409306
19478262575,19478940067
19478656617,19478728355
19479103702,19479637523
19479692074,19480152913
19479863442,19480245729
19479870652,19479914495
19480126580,19480233594
19480378912,19480589676
19481389608,19481528461
19481474578,19481769172
19481532447,19481585898
19481624699,19482101262
19483359894,19483615676
19483455785,19483919548
19483704298,19484134121
19483738659,19483827043
19484148031,19484309432
19484333827,19484729023
19484628825,19485386241
19484643812,19485003715
19484902449,19485094721
19486710946,19487243732
19487047094,19487611691
19489093107,19489339740
19489177282,19489688559
19489505711,19489837826
19491471464,19492039597
19491627523,19492017499
19491815500,19492318421
19492631550,19493372560
19494353870,19494790642
19496100371,19496733002
19496490865,19496736601
19496574805,19496898081
19497003985,19497262360
19498050343,19498263872
19498348758,19498540243
19498545000,19499105271
19499050584,19499187115
19499393825,19499574796
19499652502,19499983492
19500271023,19500743724
19500468868,19500616109
19500574500,19501175722
19500754267,19501241594
19502743358,19503041217
19503003202,19503173792
19503824467,19504196008
19504259732,19504820931
19504942966,19505470645
19506095714,19506300659
19506377015,19506734701
19507138410,19507660287
19508029304,19508669266
19508668382,19508937569
19508828423,19509593436
19508949638,19509377267
19510077906,19510899613
19510988978,19511158501
19511273039,19511763117
19511902800,19512320574
19513286013,19513520635
19513465476,19513836364
19513712021,19513984471
19513736067,19513894891
19513859372,19513998798
19514472425,19514964372
19514787569,19515124291
19515094405,19516395115
19515515014,19515929029
19516042411,19516559178
19516105661,19516137703
19517374567,19517559064
19517563512,19517859930
19518492068,19518593443
19518587639,19519008998
19518602929,19518925173
19518702749,19519158184
19519160490,19519650303
19519770054,19520217797
19519844358,19520273443
19520587036,19521185521
19520783372,19521243943
19521435541,19521949878
19523695063,19523953556
19523706943,19524033233
19523717713,19524055212
19523820996,19524279904
19524713442,19525052160
19525016970,19525531283
19525138646,19525657446
19525508003,19526024041
19525832793,19526380922
19525998919,19526566781
19526366014,19526709914
19526781185,19527010052
19527027712,19527789591
19527348908,19528214457
19528324007,19528924790
19528771189,19528884441
19528976003,19529127941
19530151724,19530760628
19530654522,19530962353
19531008713,19532399818
19531454956,19531593529
19531526095,19532354123
19533344787,19534067159
19534065813,19534129416
19534959734,19535675958
19535752197,19535871061
19536715357,19537515805
19536901985,19537038415
19537340323,19537594193
19537667746,19538073884
19538146084,19538413271
19538616738,19539112239
19539365861,19539877902
19540045513,19540607535
19541094731,19541605083
19542329593,19542822021
19543318465,19543710930
19543598858,19543997187
19544068014,19544198133
19544131189,19544611271
19544278594,19544518277
19544641450,19544758485
19544770429,19545347855
19544921310,19545376585
19545998973,19546310146
19546346084,19546573607
19546367151,19546576755
19546802213,19547306194
19547856017,19547942702
19548293234,19548868794
19548613367,19548956618
19548749320,19549183419
19549275679,19549582750
19549298995,19549739339
19550343609,19550900275
19550966023,19551403735
19551179400,19551505856
19551634404,19551988592
19551659799,19551828280
19552610835,19553079666
19552682637,19553122620
19552864047,19553117482
19552932911,19553225211
19552990693,19553320036
19553228987,19553383339
19553722954,19554341098
19553972560,19554295098
19554481080,19554711444
19555593589,19556120524
19556428818,19556609013
19557395442,19557511748
19558261843,19558541967
19558481821,19558733312
19559063482,19559548859
19559576095,19559852319
19559704340,19560896368
19560194061,19560793740
19560446549,19561306494
19561333627,19561518203
19561336814,19561493049
19562812765,19563295717
19563046605,19563522774
19563753916,19564259286
19563886210,19564449638
19564473840,19564540316
19565130118,19565309473
19565140565,19565687997
19565268290,19565387740
19565780887,19566337114
19566814708,19567310247
19567763828,19567875489
19568327459,19568785274
19568394275,19569217043
19569401151,19569919320
19569551990,19569705841
19569885757,19569957276
19571164161,19571614092
19571487244,19571685385
19571736398,19572111574
19571933384,19572222533
19572782731,19572958536
19573155046,19573392723
19573368150,19573790680
19574246605,19574785477
19574474316,19574719110
19574559408,19574901272
19575758215,19576203152
19576233054,19576580548
19576605144,19576836933
19576734300,19577317841
19576752068,19577680262
19576760341,19577573061
19577544599,19577800603
19578922654,19579065197
19579117841,19579557247
19580141312,19580309657
19580285435,19580566630
19580345732,19580469811
19581465265,19581500155
19581600211,19581864881
19581716742,19582080056
19581760746,19582124243
19582634909,19583069864
19584059682,19584510265
19584304543,19584699999
19584516738,19584948196
19584705442,19585227344
19585086017,19585552720
19585435103,19585870506
19586455232,19586922391
19587110120,19587418483
19587798374,19587916102
19587825044,19587900133
19588103662,19588664604
19588957141,19589415564
19588968572,19589366863
19589609670,19590176138
19589724938,19589964453
19589924411,19590287201
19590036823,19590396252
19590070516,19590589772
19590743362,19591320980
19590832387,19591302330
19591129184,19591649668
19591285595,19591826169
19592236348,19592617582
19592552899,19592776873
19592665385,19592840757
19592945921,19593198038
19592959137,19593148460
19593169911,19593200987
19593327631,19594128518
19593474481,19593885053
19593977827,19594348233
19594361095,19594884969
19594560638,19595028836
19595163591,19596039839
19596094283,19596222337
19597531407,19598096060
19597555373,19597949046
19597960988,19598465611
19598049195,19598244563
19598056297,19598424466
19599092781,19599640886
19599513622,19599729800
19601459895,19601615139
19601682593,19601730954
19601765149,19601825157
19602471350,19602951699
19602542726,19603204358
19603705183,19603735556
19604259689,19604933457
19605339069,19605494624
19605833619,19606066838
19606040589,19606358729
19606684640,19607085950
19606908949,19607159580
19606987106,19607378791
19607092423,19607182278
19607357716,19607588874
19607565509,19607908907
19608458773,19608622529
19608760337,19608997366
19609180107,19609600105
19610408637,19610665355
19610476472,19610783341
19610488428,19610980373
19610715265,19610840981
19610994936,19611305476
19611392643,19611711730
19611826086,19612241483
19612919985,19613597447
19613514784,19614250485
19613735421,19614355436
19614127745,19614574873
19614349961,19614412030
19614449831,19614922419
19615033150,19615187348
19615292414,19616029530
19615575788,19615833012
19615787654,19616139857
19616465414,19616629951
19616578849,19616620933
19616738853,19617046592
19617008180,19617406218
19617054825,19617338154
19617278098,19617674667
19618392329,19618706882
19619066280,19619582254
19619925868,19620616066
19619960301,19620638166
19620985249,19621758539
19621267840,19621725406
19621361611,19621971747
19622400137,19622789125
19622424663,19622936036
19622794885,19623363286
19622867439,19623012730
19623698426,19624096738
19623903392,19624000174
19625187792,19625642136
19625429776,19625754310
19625553370,19625863718
19626840890,19627234839
19627222679,19627386607
19627459492,19627526377
19627483208,19627692368
19627888340,19628058597
19628274112,19628718078
19628533038,19628950530
19628778402,19629333093
19628915292,19629298720
19628936165,19629004189
19628965802,19629086861
19630274572,19630955702
19630331100,19630774786
19630645010,19631184507
19630662728,19630980785
19631347287,19631432081
19632395383,19632798385
19632860698,19633356042
19632933001,19633403207
19634181167,19634560965
19634235251,19634908223
19634757678,19634807029
19635233526,19635531028
19635553500,19635984054
19635654007,19636028225
19636445955,19637050685
19637096091,19637749318
19637877195,19638226122
19638097773,19638146061
19638346570,19638794337
19639181662,19639284477
19639625269,19639931215
19639943828,19640251695
19639956319,19640312601
19640068155,19640302322
19640262632,19640714106
19640845774,19640961437
19641176931,19641610996
19641592954,19642195025
19642006858,19642574348
19642037095,19642349930
19643045419,19643559642
19643946109,19644270555
19644721556,19645138338
19645977405,19646323603
19645985866,19646226496
19646304188,19647129356
19646661715,19647069718
19646948960,19647176783
19647959460,19648310917
19648924594,19649368931
19650884940,19651426933
19651137128,19651526724
19651349293,19652074094
19651931352,19652654742
19652306104,19652660882
19652562420,19652897271
19653171080,19653534949
19653368369,19653781151
19653400260,19654577791
19653512915,19653779727
19653550940,19654092931
19655907118,19656323629
19656053164,19656465237
19656916990,19657178394
19657154281,19657605508
19657234165,19657714800
19657711069,19658466712
19657803508,19658417035
19658648760,19659628703
19659050081,19659528178
19659563967,19660052078
19659570098,19659903634
19660229275,19660598751
19660340906,19660709429
19660459980,19661185236
19661007046,19661417078
19661659736,19662027060
19661999823,19662197095
19662044592,19662161290
19662500243,19662590361
19663974874,19664411200
19665360955,19666245635
19665744981,19665816966
19665974650,19666593844
19666095810,19666537472
19666218002,19666264169
19667467810,19667899958
19667722154,19668323742
19667919827,19668078159
19668361573,19668660126
19668533411,19668863369
19668807959,19669595436
19669760131,19670226230
19670574259,19670915513
19670696503,19671312406
19671518009,19671890459
19671726240,19672053396
19672101385,19672683559
19672485318,19672509893
19673182101,19673587027
19673360732,19673906776
19673541647,19673940969
19674462085,19674709101
19674574876,19674859238
19677391432,19677922167
19678911909,19679435956
19678977859,19679386783
19679128977,19679608863
19679242790,19679475664
19679595291,19679730631
19679679460,19680009574
19679933648,19680514054
19680629296,19680851293
19680793807,19681429572
19682868190,19682933628
19683265673,19683328542
19683612753,19683881505
19683637864,19684028727
19684247399,19684350083
19685655760,19685835892
19685714436,19687416226
19687593611,19688050626
19687989246,19688387363
19688111859,19688266008
19688682494,19688923750
19689943535,19690365403
19690186428,19690377944
19690623273,19690862878
19690821103,19691117845
19691291052,19691861371
19691875768,19692199007
19691928493,19691984010
19692781526,19693014537
19694151809,19694266145
19694327494,19694984969
19696581452,19697171303
19696669330,19697068545
19697110179,19697632491
19697660946,19698092892
19698100087,19698293701
19698865820,19699210799
19699167080,19699732888
19699673463,19700146903
19700103939,19700357563
19701039589,19701156420
19702469915,19702859398
19703218919,19703245137
19703725295,19704085952
19703862088,19704172070
19704309812,19704539099
19704823708,19705173122
19705229738,19705778748
19706566970,19706907130
19707335557,19708059617
19707924583,19708414020
19708245520,19708402716
19709133488,19709348054
19709764205,19709965045
19709900599,19710704690
19710304501,19710893725
19712204989,19712969983
19712727408,19713041595
19714663209,19714757475
19715088428,19715540915
19715342000,19715812412
19715345859,19715607798
19715967210,19716469139
19716221077,19716679787
19717818005,19717864927
19718175097,19718484936
19718284205,19718518996
19718301427,19718436109
19718361059,19718524739
19718933035,19719364429
19720155371,19720392836
19720739716,19721133942
19720966728,19721275325
19722362227,19722441253
19722736992,19722900472
19722884092,19723258057
19723292397,19723475889
19723346054,19723674328
19723440831,19723788998
19723688805,19724189552
19723712258,19724104627
19724408943,19724799535
19725076560,19725296448
19725454064,19726005050
19725681664,19726235825
19725760089,19725856083
19725835589,19725938752
19726006501,19726364663
19727996106,19728680587
19728704179,19728787138
19729005650,19729531513
19729463654,19729675662
19729843638,19730304586
19729920827,19730479239
19730118884,19730513796
19730711629,19731135529
19732448553,19732631402
19732964838,19733377253
19734053348,19734250194
19734225955,19734742666
19734561365,19735097332
19734717572,19735462225
19736052027,19736863593
19736380366,19736482881
19736511573,19736816919
19736891124,19737190620
19737012762,19737514887
19737827419,19738075599
19738282674,19738389769
19738595123,19739156847
19739806922,19740203101
19740386320,19740908462
19740932162,19741045643
19741048831,19741505269
19741570228,19742220885
19742028315,19742294695
19742066365,19742211734
19742242756,19742677614
19742312943,19742706256
19743392033,19743429362
19743583711,19744013872
19744536011,19745016209
19744699689,19744775214
19744764691,19744825832
19745441677,19747479775
19747766267,19747879264
19748319292,19749143920
19748524492,19749104369
19748611079,19748744497
19748707334,19748733514
19749110942,19749647833
19749148729,19749420403
19749161319,19749518980
19749471282,19749546637
19749646624,19749722289
19749655282,19749700179
19750478767,19750848360
19752376048,19752802923
19752560533,19752917169
19753062088,19753642177
19753810517,19754135573
19754815779,19754911287
19754862945,19754880850
19755317217,19755680739
19755558014,19755801895
19758348218,19758995345
19758539725,19759390554
19761234973,19761500253
19761978902,19762277176
19761979739,19762280736
19764354835,19764851458
19764522290,19764639229
19765060427,19765155019
19765258372,19766085870
19766630553,19766983716
19766888412,19767217454
19767012186,19767527724
19767992509,19768312831
19768115430,19768362866
19769243692,19769760830
19770005259,19770247007
19770225345,19770687908
19770439824,19770900765
19770631928,19770880932
19771018065,19771361087
19771321823,19771432350
19772011833,19772613783
19772561685,19773077136
19772904819,19773173463
19773084709,19773099049
19773942435,19774268117
19773943172,19774263404
19774613948,19774956296
19774864090,19775231092
19774905361,19775074721
19775243197,19775432915
19775384053,19775704641
19776214557,19776380321
19776857494,19777269260
19777181165,19777546170
19777547678,19777988652
19777647144,19778478177
19778157210,19778947300
19779863207,19780285400
19780343432,19780882340
19780772945,19781356535
19781462605,19781540603
19781669101,19782154731
19782391605,19782717590
19783324875,19783637477
19783795277,19783968957
19784283379,19785085324
19784334807,19785167811
19784584151,19785412539
19784994371,19785264328
19786216210,19786286778
19786302636,19786746817
19786399317,19787036411
19786761513,19787210233
19786799646,19787051849
19786823104,19787082143
19787096095,19787351619
19787407498,19787916274
19787556759,19787993163
19788075578,19788609501
19788080440,19788444493
19788513041,19788846845
19789069645,19789100863
19789318561,19789725077
19789348564,19789713010
19789634889,19790038591
19790057070,19790358742
19790175005,19790515375
19790925386,19791185690
19793114512,19793900251
19793552727,19794247229
19794474098,19795278433
19794602492,19795096772
19795027106,19795131320
19795285650,19795994930
19796191018,19796733659
19796787938,19797339337
19797396534,19797842624
19797709548,19798285021
19798017570,19798153734
19798790143,19799391589
19799719318,19799748238
19799852492,19800159245
19800032533,19800715918
19800702750,19801074015
19800703179,19800846116
19801080980,19801227942
19801697343,19801832091
19801719920,19802019522
19801836188,19802082390
19801969563,19802555551
19802111845,19802699311
19802837428,19803046967
19803400464,19803592625
19804207260,19804304964
19804873623,19805208560
19806618484,19807147612
19807435782,19807936239
19808785699,19809202454
19809207982,19809863175
19810724807,19810823277
19810864789,19811185580
19811859946,19811954269
19812876868,19813142798
19813136326,19813280374
19814585629,19814650089
19814875614,19815308060
19816363224,19816428211
19817946215,19818367095
19818316194,19818400490
19818723789,19818974264
19819513593,19820007833
19819898473,19820120299
19819899504,19820374501
19820850381,19820938343
19821371821,19821768582
19821377253,19821914545
19821570764,19821641212
19822792378,19822938240
19822837201,19822950512
19823096938,19823494771
19823217622,19823426047
19824413510,19824653416
19825473587,19826002614
19825513256,19825958009
19826616972,19827333321
19826683957,19827321988
19827335795,19827521971
19827348498,19827481836
19828546533,19828885001
19828733084,19829134431
19829320057,19829549857
19829955042,19830552455
19831342278,19831519795
19831558282,19832034764
19832327033,19832547790
19832890783,19833407731
19832980844,19833135033
19832998848,19833490821
19833716130,19834180387
19834002256,19834345221
19834601818,19834777110
19834686696,19834889993
19834958384,19835665775
19835942022,19836050977
19837685098,19837793989
19839427733,19839805956
19839725909,19840589050
19841030322,19841178350
19842163848,19842373783
19842973919,19843026362
19844091340,19844308496
19844125072,19844640652
19844523069,19845043527
19844727394,19845342512
19845052768,19845095714
19846266387,19846582328
19847287680,19847705585
19847799632,19848260608
19848980492,19849260943
19849583469,19849805709
19849830558,19849939838
19850292018,19850452248
19850502542,19850662445
19850509011,19850695988
19850817224,19851376973
19852383637,19853195394
19853011918,19853346102
19853224207,19853713989
19853610380,19854056871
19853849020,19854235013
19853984020,19854731732
19854077844,19855024186
19854998712,19855509161
19856171100,19856289342
19857449686,19857711990
19857667854,19858134748
19858180389,19858627704
19859964204,19860268733
19860422526,19860466991
19861423440,19861944863
19863747490,19864343535
19864887496,19865406656
19865854176,19866300287
19865964929,19866315810
19867433189,19868074452
19868419888,19868892149
19868420767,19868960754
19868546721,19869456664
19868598073,19869022458
19869209142,19869487222
19869767095,19869940979
19869838656,19870172267
19870693119,19870785910
19870996891,19871250163
19872050358,19872278555
19872338199,19872932346
19872407442,19872512853
19872665905,19873062222
19872838789,19873768001
19874033054,19874574848
19876206285,19876722531
19877401425,19877838789
19878266268,19878520816
19878698011,19879393595
19878700600,19879137708
19878816401,19879394166
19880437177,19880864971
19880535666,19881368368
19881153832,19881399179
19882312837,19882404841
19885927346,19886016609
19886430437,19886625608
19886574127,19886773988
19887099469,19887503787
19887859173,19888299175
19888858584,19888943493
19889443693,19889712106
19890031001,19890090990
19890132400,19890660172
19891565218,19892366224
19892644397,19892916354
19893593437,19893994721
19894581511,19894811762
19894994501,19895335549
19895723019,19895948153
19896915357,19897219548
19897302254,19898148129
19897494296,19897576256
19898020835,19898142241
19898917718,19899306841
19899484806,19899926230
19900019553,19900548305
19900115869,19900209574
19900184357,19900620277
19901196828,19901292093
19901360636,19901676943
19901821877,19902050235
19902316288,19903148937
19904108704,19904357663
19904810674,19905194354
19905907417,19906395197
19905962011,19906035941
19907304294,19907484398
19907467705,19907659207
19908328895,19908877236
19909208302,19909729540
19909729200,19909883820
19909738722,19909902162
19910259529,19910710376
19910384648,19910535646
19910903431,19911609046
19911188591,19911601358
19911249002,19911648531
19911781303,19912120473
19912028177,19912677941
19912701142,19913240601
19913155486,19913335036
19913260819,19913292593
19913284281,19913787932
19913880528,19914031671
19914446767,19915202417
19914646008,19914968703
19915090221,19915407602
19915457290,19916092336
19915968291,19916081762
19916602684,19917147717
19916685429,19916950164
19916863204,19917002929
19917015845,19917530973
19917335846,19917656517
19917822490,19918402383
19918485593,19918950982
19918568052,19918958857
19918889158,19919306110
19918971399,19919862472
19919455557,19919808526
19920226727,19920351886
19920403464,19920701477
19920594575,19920724893
19921116004,19921525690
19921384610,19921881931
19921756689,19922021398
19922063684,19922890040
19922123478,19922699994
19922915998,19923071677
19923042398,19923284505
19924203512,19924329566
19924496742,19925152018
19925875764,19925992850
19926580449,19927077503
19927101400,19927583170
19927346844,19928007275
19927828434,19928382777
19928547171,19928703846
19928854650,19929665009
19929164478,19929649920
19930369833,19930525216
19931371266,19931864108
19931402264,19931813754
19931571052,19932126930
19931790652,19932154166
19931937165,19932622024
19932248957,19932592620
19933209858,19933618254
19933263294,19933815134
19933701254,19934276524
19934561638,19935215710
19934912207,19935204403
19934925315,19935584648
19934928979,19935484878
19935787635,19936361554
19936019517,19936570414
19936607131,19936933315
19937326707,19937643291
19937538646,19937976135
19937712840,19938087394
19937808764,19938113272
19937878316,19938431445
19937986239,19938323282
19938778876,19939260282
19939455206,19939907568
19939843015,19940098138
19939936014,19940062535
19940432001,19940511758
19940538192,19940875356
19940846452,19941268552
19941362090,19941567297
19942646768,19942911262
19943134777,19943571145
19943491393,19944099309
19943709906,19944301550
19943841269,19944949493
19945297791,19945842239
19945356667,19945972083
19946392762,19946961421
19947554486,19947987540
19948501022,19948650281
19948651694,19948933780
19948880322,19949445908
19949452245,19950048693
19950051329,19950466789
19950170516,19950752815
19950554423,19951344755
19951095514,19951505289
19951295972,19951755323
19951507458,19951874782
19951727668,19952202471
19952176368,19952647056
19952265146,19952553718
19952750957,19953389063
19953535255,19953632203
19953917939,19954396451
19953933621,19954225282
19954977863,19955003078
19956675120,19956910367
19956799416,19956882189
19956904528,19957353751
19957259967,19957569048
19957734784,19957838799
19957887156,19958275259
19958566017,19959054882
19958888815,19959005394
19960370447,19960721203
19960443932,19960978197
19961528611,19961739452
19961607302,19962025431
19962273253,19962496630
19962788027,19963488861
19963337471,19963617118
19963513822,19963941770
19964942252,19965131455
19965007921,19965150548
19965353881,19965726859
19965544149,19965822329
19966947100,19967462869
19967130509,19967235520
19967692909,19967987263
19967984628,19968395961
19968762197,19968951115
19969730870,19969862057
19970164337,19970266014
19970264747,19970760037
19970268822,19970641017
19972955311,19973156403
19973325377,19973369444
19973339478,19973602565
19974249125,19974624976
19974728715,19974896603
19975039506,19975916738
19975519733,19976099466
19976151264,19976583474
19976494796,19976607738
19976828865,19977506857
19977454311,19977674149
19977616314,19977688470
19978159002,19978523582
19978355862,19978618862
19978540688,19978706908
19979046537,19979431083
19979408094,19979691370
19980202381,19980882764
19980242179,19980748550
19980855996,19981301868
19980906668,19981713975
19981753167,19982824265
19981791693,19982518716
19982824077,19983349568
19983237302,19983710990
19983340291,19983704288
19983518068,19983867486
19984057814,19984780340
19984393520,19984467347
19986243817,19986657780
19986438295,19987468683
19986649637,19987108606
19986837325,19987427229
19987116201,19987745834
19990133124,19990547275
19990232393,19990429324
19990400467,19990645194
19990580247,19990722605
19990594914,19990681116
19990683118,19990897387
19991695639,19992165468
19991792359,19992011620
19992549841,19992645702
19993238468,19993843933
19993946730,19994163474
19993951944,19994212280
19994144302,19994509826
19995065523,19995300133
19997697743,19998443456
19998441829,19998922786
19998553261,19999029356
19998960634,19999297247
20000597466,20001495651
20000794496,20001359757
20000949612,20001578551
20002512593,20002807618
20002775678,20003049988
20003038230,20003126202
20003052058,20003295750
20003071583,20003427030
20003162849,20003713221
20003279884,20003391974
20003559680,20004145887
20003760604,20003990477
20004047062,20004460346
20004306226,20004766913
20004505337,20004972092
20004869667,20006907694
20005469323,20006026592
20007976314,20008175640
20008982369,20009180758
20009078076,20009431396
20009258576,20009573341
20009358936,20009467934
20010555374,20011105180
20011494295,20011531961
20012664072,20013034300
20012849387,20013345857
20013244447,20013361438
20013349014,20013892931
20013578071,20013712631
20014924806,20015402404
20015119103,20015918761
20015977433,20016119593
20016012085,20016300062
20016117388,20016286260
20016459275,20016897108
20016579271,20016721523
20018148999,20018827943
20018616338,20018958438
20019063253,20019632156
20019428625,20019850058
20019628436,20020430211
20020286317,20020724579
20020409114,20020897024
20021077688,20021612465
20021116780,20021408028
20022094519,20022385095
20023676267,20023694803
20024889647,20025352713
20025241297,20025760005
20025519560,20025945780
20025566291,20026036517
20025648617,20025819530
20025836086,20026122052
20026250080,20026421307
20026518985,20026728724
20026592185,20026707864
20027401414,20027677648
20027537584,20028115722
20027812391,20028049219
20027828081,20028030724
20027831079,20028119170
20027832682,20028047710
20029228572,20029856563
20029249104,20029301743
20029326698,20029653485
20032504098,20032620104
20033246131,20033518337
20033445579,20033731402
20033533473,20033968887
20034139659,20034568519
20034918501,20035092833
20035637211,20036475242
20036251667,20036894738
20036573485,20037142381
20037215889,20037644801
20037739265,20038084438
20037901816,20037944427
20037992808,20038245132
20038086135,20038660248
20038116639,20038165395
20038120943,20038314401
20038148310,20038589659
20038788500,20039512071
20038858204,20039770204
20039347540,20040141112
20039860365,20040045658
20040819183,20040939040
20040972469,20041499735
20045411222,20045459770
20046007656,20046243229
20046106421,20046184094
20046833575,20047454010
20047370149,20047577040
20047591713,20047931564
20048127724,20048652459
20048147452,20048648094
20048742563,20049406922
20049110100,20049766321
20049576333,20049811401
20050825458,20050969890
20052118115,20052348848
20052311618,20053113693
20052563202,20052968860
20052896688,20053315689
20053083829,20053430505
20055241579,20055793077
20055351528,20055412883
20055556761,20055994595
20056822867,20057473222
20057965512,20058169125
20058092699,20058433967
20059879309,20060332401
20060690944,20060929230
20061180536,20061775220
20062041720,20062478983
20062048697,20062439104
20064260151,20064382203
20064340306,20065280137
20065406029,20065885689
20065506532,20065613164
20066657347,20066824774
20066813250,20066850631
20067123957,20067560276
20067480179,20067606463
20068105927,20068334398
20069320317,20069641897
20069582007,20070541020
20069742026,20070483036
20070492562,20070923830
20070665492,20071170657
20072834683,20073073836
20073029143,20073229365
20073509871,20073673140
20073661157,20074096433
20074082582,20074487043
20074447468,20074951323
20074630797,20074875965
20074897789,20075211660
20074960847,20075429014
20075511971,20075841060
20075824852,20076274755
20077411963,20077988593
20077486761,20077764378
20079154031,20079537990
20079472247,20079797637
20079848916,20080346940
20080332054,20080558847
20080578708,20080838424
20080579719,20080779570
20080659837,20080988802
20080859382,20080936558
20081029964,20081525172
20081232735,20081761034
20081393157,20081466154
20082321225,20082948485
20082491562,20082816382
20082765869,20083032010
20082826150,20083142028
20083693835,20084047761
20083944364,20084349399
20084216049,20084721509
20084274985,20084623809
20084883762,20085292065
20085685536,20086094965
20085750891,20086025308
20086177143,20086617011
20086240465,20086963645
20087217759,20087483371
20088005861,20088336921
20088508888,20089123095
20088807469,20088925881
20089279132,20089775434
20089346696,20089484852
20089356023,20089918346
20089504710,20090216788
20089583594,20090056909
20090170812,20090366459
20090486699,20090659716
20090600412,20090913644
20090670343,20090718472
20090842876,20091080700
20091088046,20091176271
20092113667,20092327091
20092763161,20093226617
20092835056,20093645731
20093350248,20093889804
20093526304,20093700721
20093725387,20093799306
20094732695,20095186975
20094844783,20095631140
20095091517,20095597000
20095205000,20095531245
20095752827,20096261607
20095815563,20096262329
20096284124,20096315776
20096360789,20096662453
20096806199,20097120966
20097012669,20097284280
20097582745,20098063402
20097822408,20098269468
20098177263,20098411265
20098449032,20099309710
20098451821,20098982255
20099222652,20099574275
20099392322,20099880348
20099507282,20099947408
20101033756,20101184301
20101451440,20101603331
20101551776,20101895537
20102478812,20102893738
20102693039,20103091530
20102864132,20103204363
20104088904,20104496740
20104279333,20104742459
20105057166,20105601290
20105603100,20105914495
20105891411,20106263549
20106640258,20106894455
20107159230,20107278889
20107800239,20108139218
20108145515,20108631962
20108179925,20108602162
20108975792,20109887071
20109805751,20109920265
20109852673,20109917490
20110224266,20111143489
20110730124,20111393358
20110735772,20111441818
20110824032,20111080243
20110851388,20111232842
20111152206,20111604682
20111544119,20112147614
20111550906,20111739695
20111739383,20112563061
20111979425,20112265199
20112617279,20112920967
20113037113,20113306459
20114665610,20114911007
20114680575,20115241294
20114875009,20114935160
20115475810,20116016134
20116012131,20116264472
20117333794,20117678300
20118010406,20118267614
20118262210,20118609545
20119305718,20119591464
20121271332,20121439597
20121417716,20121910609
20121682639,20122534503
20121721140,20122464467
20123101872,20123609253
20124999784,20125225198
20126108899,20126151600
20126995948,20127133640
20127793379,20128535020
20128359298,20128573213
20129144371,20129536331
20129145855,20129217874
20129333732,20129395144
20129604211,20130003293
20129936836,20130479557
20130029311,20130158528
20130039437,20130342937
20130336270,20130529057
20132093412,20132387147
20132913940,20133141034
20133194505,20133690815
20134711562,20134939830
20135066885,20135520560
20135112895,20135626937
20135542328,20135670679
20135916228,20136406290
20136661034,20137139810
20137911224,20138078644
20137953829,20138117713
20138180203,20138538093
20138440322,20139137009
20138643796,20138977402
20138875706,20139363092
20140261540,20140982651
20140452942,20140762470
20142387370,20142497815
20143868415,20144135212
20144048907,20144470571
20144221178,20144686258
20145101174,20145338506
20145490761,20145732717
20146568370,20147110222
20148048813,20148475453
20148546560,20148773684
20148909454,20149150231
20148988945,20149151959
20149192409,20149435187
20149258888,20149518556
20150258607,20150836740
20150288878,20150390809
20151249990,20151782472
20151305103,20151756596
20152479507,20153261858
20153355432,20154093086
20154095397,20154368243
20154969868,20155016565
20155108977,20155374917
20155347866,20155510516
20155437874,20155764236
20155767755,20156464878
20156103037,20156203641
20156154707,20156606634
20156723550,20157073218
20157105066,20157523405
20157401418,20157519561
20157756850,20158186113
20157820847,20158377560
20158116617,20158531863
20158225599,20158440731
20158305698,20158476708
20159124679,20159287306
20159523920,20159850310
20160292405,20160553389
20160338860,20160919135
20161746776,20162134155
20162181121,20162432937
20162312163,20163339340
20163850040,20164133956
20165235809,20165316701
20165242282,20165938723
20165638280,20166602527
20166249869,20166564885
20167194174,20167642463
20168076938,20168553270
20168210543,20168395204
20168266207,20168290969
20168472868,20168700433
20168922233,20169215548
20169609457,20170183090
20170165103,20170380030
20171558664,20172027559
20171642260,20171692331
20172194393,20172652504
20172460041,20172831608
20172594393,20172928781
20172773089,20173036372
20173448532,20173846048
20173843987,20174441524
20174060718,20174585013
20174118642,20174453836
20174155416,20174506437
20174756698,20175045408
20174852218,20175580840
20175211964,20175587676
20175284750,20175311213
20176659560,20176933399
20177888411,20178399809
20180135046,20180566182
20180160405,20180492463
20180313697,20180700035
20180890374,20180919291
20180939591,20181446409
20181430859,20181520113
20183821123,20184330745
20184193466,20184428906
20184333708,20184797701
20185355033,20185445331
20185463727,20185605527
20185853590,20185929147
20186374383,20186453177
20186601612,20187161853
20186620290,20187242553
20187044115,20187343623
20187270082,20187601401
20187711995,20187815553
20187882058,20188261222
20187965214,20188390990
20188278876,20188690893
20189162035,20189451865
20189650216,20190090172
20189693581,20189913254
20190750020,20190855512
20191535538,20191761941
20193173622,20193506723
20193849184,20194517995
20194666328,20195127995
20195304630,20195704944
20196914383,20197631027
20197422903,20197712328
20198260709,20198951356
20199175379,20199631881
20200970256,20201301453
20201158638,20201184387
20201396099,20201483362
20201571182,20201588942
20201597072,20201751191
20202468451,20202727886
20202499756,20203250024
20202547910,20203105334
20203273046,20203644480
20203290066,20203342204
20203885213,20203965737
20204186059,20204364915
20204258287,20204680389
20204696418,20205230916
20205117328,20205464686
20207000020,20207259376
20207073079,20207705496
20207290438,20207442187
20207455145,20207600377
20207785040,20208376552
20207798514,20208698667
20208666932,20208896081
20208925783,20209238793
20209107586,20209621307
20210239794,20210565633
20210665743,20210939898
20211554625,20211916214
20213719633,20214301010
20214182540,20214673656
20214806276,20214825951
20216706912,20217118147
20216847609,20217480196
20217768115,20218079777
20217847005,20218048421
20218479539,20218951088
20220783553,20221662872
20222023441,20222062150
20222997555,20223468381
20223113022,20223558526
20223896510,20224184141
20224194067,20224335043
20224464769,20224913468
20224523373,20225124058
20224542746,20224684256
20224553207,20225058509
20226223160,20226472258
20226988780,20227286613
20227413507,20227945638
20227619928,20227718097
20227749605,20228263709
20227914988,20228129332
20229482112,20229796349
20229681294,20229950366
20230042241,20230947687
20231217088,20231844428
20234287911,20234966133
20234863177,20235129240
20235241020,20235355019
20235614543,20235957835
20236239397,20236865489
20236248803,20236494410
20237691835,20237972107
20238865588,20239158170
20241160506,20241439512
20241665648,20241869255
20241783141,20242293338
20242025705,20242111608
20243601821,20244244505
20244444139,20244669223
20244669033,20245035478
20244966004,20245327402
20246339030,20246814809
20247071334,20247389491
20247945430,20248143691
20247970451,20248209629
20249002858,20249104106
20250979717,20251321823
20251274144,20251796011
20252259967,20252622561
20252326552,20252930808
20253267582,20253546886
20253451179,20254014042
20254851551,20255130509
20255236279,20256106526
20255326381,20256052308
20255529498,20256089841
20256664535,20256743352
20256668328,20256811644
20257183379,20257322861
20257720063,20258228933
20258561276,20259158071
20259362293,20260011340
20259602998,20260240566
20260013452,20260517978
20260216105,20260701040
20261042882,20261552666
20261107002,20261400389
20261364222,20261654464
20262150412,20262430430
20262870156,20263863018
20263677907,20264286970
20264503393,20264873223
20264892105,20265661352
20265679448,20265882600
20267076542,20267842462
20267611891,20267907210
20268297317,20268486010
20269665321,20269839149
20269780345,20269892663
20271405575,20272006115
20271484840,20271687312
20271860673,20272392916
20272369204,20272487643
20272943863,20273567184
20273079774,20273459088
20273115616,20273984641
20273611112,20273924579
20273857459,20274269755
20273883194,20274215353
20274292363,20274500699
20274298544,20274856496
20274975935,20275012140
20274986555,20275152592
20275059306,20275437185
20275559778,20275639498
20275963327,20276434628
20276281318,20276593233
20277436478,20277906548
20277741594,20278157526
20277744541,20278221787
20278015905,20278229423
20278022494,20278296379
20278292188,20278483840
20278534306,20278797817
20279099182,20279378869
20279383845,20279803386
20280163233,20280641669
20280177938,20280447399
20280211912,20280908757
20280387986,20281024758
20280888863,20280941416
20281141200,20281454167
20281365385,20281933648
20281996459,20282458098
20282193313,20282816027
20282421723,20283020668
20282746695,20283553270
20284600484,20285576572
20284995415,20285378043
20285876094,20286227723
20286370180,20286787982
20287452737,20287810753
20287759040,20288145344
20288553408,20288671420
20288722480,20289444392
20290822337,20291330469
20291219839,20291578558
20291620579,20291871759
20291885864,20292461477
20292032331,20292126553
20292413104,20292582608
20292449902,20292819331
20292592963,20292662881
20292664304,20292806447
20292853405,20292960257
20294218424,20294528277
20295389156,20295433217
20295406884,20295811759
20295674937,20296176123
20295686540,20295771856
20298637357,20298789031
20299217382,20299691143
20299322049,20299553156
20299705136,20299811929
20299968519,20300132334
20300813498,20301435701
20303007790,20303293920
20303342799,20303796326
20303851177,20304214571
20305030348,20305453536
20305245866,20305559144
20305370600,20306003013
20306421062,20306957781
20306525888,20306790433
20306881888,20307128568
20307495149,20307938960
20307508842,20307833299
20307698810,20308244589
20307711813,20308268143
20307766747,20308058381
20309393084,20309892218
20309657427,20309775901
20309703360,20310199491
20309835550,20310062533
20309896003,20310042808
20310301687,20310560620
20310701114,20311580104
20311038430,20311566230
20311423632,20311531212
20311636688,20311917405
20311799808,20312108534
20311813734,20312092280
20311931565,20312139032
20312111142,20312324354
20312971952,20313422402
20313261744,20313799010
20313314229,20313586198
20313420924,20313776234
20313791225,20314095308
20314945979,20315535408
20315188707,20315263499
20316445081,20316902395
20316658440,20316969193
20316817358,20318654308
20316913512,20318251383
20317366901,20318483267
20319943980,20320167181
20320099007,20320683572
20321506535,20321921945
20322480878,20323089341
20322948344,20323088393
20323261177,20323572301
20323560964,20324032872
20323584091,20324159180
20323906001,20324034175
20324053207,20324175007
20324578655,20324940050
20325652825,20325753994
20325712996,20325999218
20325767250,20325993001
20326040854,20326269978
20327722831,20327976483
20328194587,20328709817
20328224095,20328523994
20328259982,20328644106
20328294251,20328742659
20328985596,20329969558
20329187844,20329617715
20330852462,20331637356
20332803242,20332938749
20332847491,20333248787
20333403305,20333813554
20335017671,20335244009
20335825657,20335947022
20336954777,20337489318
20338293604,20339311417
20339193391,20339599678
20339840569,20339985225
20341078619,20341383908
20341834463,20342424828
20343081507,20343921208
20343980002,20344139644
20345516191,20345999566
20345870843,20346141805
20348685721,20349079969
20348915677,20349409290
20350286751,20350464811
20351058199,20351192656
20351615247,20351893099
20351916623,20352039241
20352807118,20353310602
20352884460,20353819557
20353076943,20353572392
20353265285,20353746692
20353995217,20354352412
20354276463,20354485775
20355779252,20356264784
20355992134,20356272095
20356238209,20356574952
20356651773,20356955356
20357250391,20357378846
20357524441,20358100224
20358083940,20358608736
20359152454,20359293620
20359235875,20359457444
20359258588,20359878300
20360014667,20363679760
20360246131,20360333569
20360246496,20360284513
20360560865,20360959577
20361170795,20361466578
20361433665,20361682704
20361714700,20362061243
20362060604,20362486591
20362537116,20362772788
20362697042,20362938587
20363500079,20363863862
20363781884,20364228798
20364369697,20364911740
20364516356,20364798521
20365234525,20365310921
20367327175,20368023152
20368538907,20369880119
20369038850,20369635429
20369515652,20369758884
20369627714,20370127332
20369648206,20369941314
20370092930,20370337328
20370155744,20370501608
20370343323,20370457067
20370551802,20371786570
20370780586,20371401916
20370788314,20371274173
20371358124,20371799724
20371587511,20372347493
20371851624,20372013806
20372081363,20372511643
20372393812,20372961843
20373393700,20373464325
20374972677,20375376777
20376840425,20377124043
20377495973,20377778394
20378235615,20378302418
20378469987,20378774973
20379036242,20380081186
20379801053,20380379179
20380533488,20380665914
20380810336,20381672366
20381609770,20381871287
20382687550,20383281880
20383076528,20383193377
20384154034,20384641963
20384166538,20384653376
20384176362,20384258383
20384854815,20385382094
20385102097,20385250737
20385499928,20386040767
20385728304,20386280598
20385739313,20386037181
20386273674,20386415612
20386350442,20386426312
20391247730,20391424659
20391831195,20392351509
20392600968,20393311320
20393275822,20393683096
20393468161,20393500256
20393627576,20393992498
20394274160,20394958595
20394428672,20394686053
20395294299,20395524858
20395512457,20395711323
20395526663,20395887831
20395955484,20396447640
20396170607,20396262963
20396525393,20397020213
20396608331,20397023589
20397596243,20398207041
20397694023,20397887250
20398230440,20398612976
20398570720,20398914443
20398773283,20399283700
20401470124,20401899629
20401872131,20402454803
20402549053,20402620930
20402641656,20403056239
20403081476,20403402974
20404425843,20405077815
20406460897,20406577340
20407516246,20408069429
20407728334,20408366244
20407729757,20408468598
20408692821,20409238182
20410201958,20410560107
20410961670,20411388605
20411745313,20412190043
20412140729,20412651586
20413260297,20413770656
20413551762,20413633265
20413782970,20414018267
20414545445,20414871917
20414974948,20415424877
20415172403,20415423346
20415278712,20415800417
20415649036,20415861451
20416344921,20416690367
20416394877,20416731585
20416637211,20417225204
20417389124,20417753596
20417663562,20418173923
20418052049,20418472916
20418113889,20418323898
20418181494,20418576940
20419448092,20419646846
20419644849,20420022926
20421422076,20421607543
20422016497,20422497267
20423592864,20424057574
20423668908,20423756824
20424074150,20424444624
20424233264,20424655410
20425034816,20425223292
20427323371,20427781422
20427615368,20427763834
20427949488,20428388721
20428053462,20428276333
20428721636,20429090972
20432050997,20432514975
20433098346,20433321002
20434488713,20434685949
20435691741,20436353794
20436936642,20437540381
20437130522,20437636911
20437344667,20439629493
20437808921,20438118498
20441797979,20442226696
20442289685,20442738915
20442489950,20442646205
20442651326,20443173220
20442949628,20443434198
20444978468,20445046440
20445802737,20446195745
20445945942,20446251324
20447516874,20447788748
20447803755,20448396126
20448097821,20450513002
20448159738,20448246941
20449363397,20449450214
20449572392,20449885237
20450185384,20450640147
20450215248,20450486859
20450496950,20450528442
20450857787,20451136848
20451841686,20452212042
20452174636,20452425084
20452750587,20453237653
20453472193,20453690527
20453526585,20454101870
20455103947,20455578860
20455189780,20455302170
20456176035,20456594876
20456720017,20456911628
20456944748,20457037182
20457002805,20457309666
20457574637,20457909435
20457700105,20457812796
20457706042,20458077082
20457962153,20458144030
20458033410,20458492193
20459657035,20460232730
20460226284,20460648298
20460727844,20461193578
20462563455,20463247754
20463337894,20463981203
20464480835,20464723797
20464657746,20464866660
20464897917,20464937287
20465280248,20465324721
20465534695,20465934850
20466249485,20467198874
20466580265,20466873853
20466960656,20467441329
20469591244,20470093576
20470573813,20470857879
20470910354,20471244093
20471618198,20472043860
20472594477,20473112942
20473580548,20473981117
20474074960,20474337387
20474793937,20475310889
20475537966,20475713098
20475748875,20475879664
20476986069,20477210286
20478195020,20478353387
20478428906,20478853719
20478589044,20479269383
20479096354,20479854780
20479746383,20479854299
20480675342,20480975295
20481159924,20481638339
20481199482,20481348064
20482897188,20483549753
20482905328,20483448226
20483005336,20483346707
20485288241,20485517291
20485993168,20486458065
20486096351,20486409709
20486314323,20487005778
20486346193,20486674057
20488604798,20489133227
20489104677,20489522462
20489289459,20489964029
20490445711,20491329526
20491908590,20492390410
20492899695,20493348416
20493711011,20494140786
20493816307,20494133336
20493912625,20494081427
20494307821,20494668565
20495064215,20495573857
20495145696,20495395261
20495417229,20495568847
20496142978,20496365967
20496225715,20496512651
20496390017,20496955313
20497049152,20497410694
20497232705,20497858426
20497365308,20497739302
20497855818,20497875433
20498097662,20498336877
20498800563,20499319383
20500140744,20500482400
20501539021,20501564485
20501616268,20501960904
20501785819,20502245287
20502760272,20503201662
20503118721,20503640428
20503238940,20503486068
20503356336,20503861464
20503534514,20503863904
20503769514,20504407441
20505378419,20505660707
20505603201,20505995316
20506251019,20506533380
20506795902,20507263651
20507335338,20508334643
20508128751,20508189096
20508664649,20508706078
20508711337,20509370378
20508880834,20510411971
20508967192,20509494310
20509139816,20509526230
20509533497,20510399061
20510339755,20510952634
20510709310,20511057538
20510979622,20511614854
20511574669,20511721560
20512121067,20512307193
20512504703,20512667653
20512515167,20512882752
20513386669,20513873119
20513519713,20514024091
20513574346,20514003006
20515841723,20517107868
20516608523,20517059335
20517272214,20517889430
20517314596,20517667530
20517669440,20518214081
20517828236,20518134669
20517895007,20518034568
20518361965,20519044472
20518857945,20519309409
20519603785,20519783004
20520460244,20520805203
20521524192,20521727390
20521701494,20521860540
20522126098,20522479632
20523336103,20523600985
20523499357,20524334324
20523653885,20523939042
20524185580,20524977004
20525545637,20526106858
20525644863,20525974677
20527606400,20528190104
20528018259,20528161002
20528197134,20528516828
20528558212,20528862477
20528865164,20529340900
20530937983,20531302651
20531749516,20531957502
20531992215,20532310663
20532031622,20532184150
20533666170,20534182057
20534208926,20534508509
20535628520,20535776979
20535848721,20535989355
20536310027,20536716026
20536628506,20537089406
20536926260,20537185875
20537071851,20537257374
20537434269,20537883234
20537587967,20538014135
20537736084,20538127428
20537802865,20537962382
20537876271,20538418305
20538369861,20538647040
20538793496,20539101280
20539011696,20539592967
20540071104,20540595921
20541149455,20541451963
20541266524,20541624088
20541349935,20541656751
20541744227,20541855070
20541912803,20542107944
20542033813,20542483895
20542113495,20542557894
20542661069,20542821258
20542777402,20543257812
20543624120,20544101690
20544591411,20545291049
20544623697,20545327334
20544722426,20545087928
20544903309,20545379011
20547705506,20547954215
20548172147,20548651495
20548241364,20548627296
20549029826,20549349571
20549348735,20549818971
20549401132,20549988672
20549637093,20550168933
20549726686,20550330177
20550137223,20550519730
20550574674,20550757242
20550918958,20551214424
20551853661,20552053409
20552377819,20552914013
20553090305,20553392133
20553474087,20553815822
20554028452,20554260275
20554211432,20554607913
20554678234,20555215200
20557005412,20557291073
20557136788,20557573099
20557194671,20557324192
20557681848,20558556524
20559041710,20559503234
20560096563,20560477575
20561233893,20561585038
20561341378,20561626731
20562186532,20562673999
20562203634,20562408979
20562276297,20562434076
20562436246,20562970590
20563160536,20563301883
20564141018,20564700657
20564386629,20564442212
20565286437,20565829488
20565440807,20565864350
20565676437,20566247654
20565927345,20566121540
20566328550,20566784113
20567433018,20567565041
20568997150,20570491344
20569652611,20570498777
20570164789,20570943064
20570306958,20570534629
20571089574,20571571967
20571806883,20572411572
20572602323,20572848397
20572768331,20572979130
20573114011,20573693234
20573547507,20574178343
20578532894,20578994323
20580203808,20580618491
20580725457,20581270057
20582579742,20583025212
20583067329,20583354122
20583298949,20583780873
20583325372,20583836560
20583639215,20583806876
20584321386,20584470293
20584447502,20584477309
20585318542,20585449394
20585429422,20585505830
20585501602,20585854256
20585559647,20585797303
20586283010,20586374601
20586742247,20587273221
20586770173,20587096977
20587080837,20587595491
20587171501,20587712802
20587844238,20588401138
20588749194,20589317707
20588827992,20589308957
20589446431,20590300016
20591078318,20591579801
20591369494,20591977117
20591898506,20592285605
20592012814,20592366068
20592503815,20592597123
20592785862,20593063409
20592850405,20593237936
20593847627,20594041005
20593884870,20594360885
20594043472,20594603528
20594874777,20595120865
20594978503,20595086857
20595654946,20595866565
20595918180,20596447838
20597046350,20597769729
20597700459,20598012885
20597730421,20598004059
20597902443,20597978244
20598115448,20598396848
20598433975,20598589817
20598741700,20599344108
20598871549,20599335327
20599121507,20599866355
20599398268,20599603215
20599539956,20599747370
20599885195,20601362970
20600335703,20600767005
20600461610,20601270561
20602461684,20603160641
20602958824,20603162777
20604237301,20604754018
20604480271,20604939919
20604671194,20605203884
20605975319,20606396133
20606444926,20607013109
20606835570,20607791610
20606915991,20607149796
20607649275,20607881671
20607776686,20608186371
20607901028,20608350147
20607997316,20608457702
20608284082,20608823373
20608475022,20608663263
20608665052,20609315929
20609364677,20609658100
20610101519,20610530966
20611676838,20612119114
20612258202,20613147314
20612544941,20613273444
20613032132,20613194412
20615128595,20615909413
20616095378,20616288681
20617673629,20618313133
20617842978,20618297538
20618828688,20618948328
20619041343,20619824231
20619392970,20619467280
20619935127,20619966388
20623063927,20623911571
20623404338,20623799779
20625008116,20625573723
20625738330,20625892074
20625802707,20626207505
20625820382,20626233808
20625960192,20626606735
20627116795,20627609427
20627518129,20627854677
20627709345,20627904848
20628870897,20629331099
20629049761,20629542770
20629483776,20630059517
20629886993,20630292093
20631013244,20631280641
20631074108,20631596858
20631473778,20631910858
20631830752,20632043829
20631860315,20632150009
20631912928,20632121735
20632040696,20632337788
20632298305,20632338640
20632896685,20633328046
20633064041,20633429640
20634396927,20634721144
20635702455,20636050213
20635779921,20636108202
20636703667,20637167598
20636861356,20637003652
20637189184,20637614508
20637275589,20637533543
20637299523,20637570295
20637509699,20637642415
20637739216,20638010801
20639986891,20640432019
20640707347,20641157874
20641802575,20642281832
20643264561,20644113122
20643315415,20644111728
20643369664,20643697453
20643430397,20643836715
20645052291,20645538741
20646211235,20646609057
20646705925,20647034012
20647581953,20647918920
20648198973,20648747024
20648451545,20648607919
20648908263,20649388530
20649207012,20649770399
20649421996,20649787608
20649948728,20650644669
20650971913,20651141779
20651608182,20652205763
20651831949,20652116854
20651869581,20652196233
20653455656,20654066706
20655118897,20655172343
20657050442,20657378856
20657984028,20658404157
20658137473,20658609098
20658166284,20658423516
20658357289,20658916555
20658578088,20659179738
20658616343,20659104952
20660442648,20660480629
20661150076,20661317128
20662373456,20662490650
20662943609,20663377522
20664048231,20664243862
20664402607,20664595750
20664778416,20665166877
20665779057,20666159613
20666346110,20667216922
20667118409,20667158862
20668371307,20668915163
20669261382,20669815143
20671055526,20671181562
20671560067,20671621659
20672759621,20673132994
20673105829,20673346461
20673484989,20673962169
20674069998,20674161887
20674711946,20675555530
20676766327,20677081730
20677022493,20677042456
20677457883,20677770855
20677505813,20677612949
20678048417,20678561803
20679038511,20679585747
20679042136,20679150522
20679132272,20679414757
20680911260,20681601567
20681317861,20682169338
20681633932,20682032794
20683057204,20683421149
20683106072,20683470657
20683410146,20683707336
20683879107,20684162956
20684006156,20684838117
20684934272,20685365727
20685000220,20685285513
20685095623,20685335159
20685136278,20685377570
20685314770,20685903983
20685346329,20685973874
20685873757,20686000523
20686117599,20686607187
20686327307,20686436836
20686370523,20686475859
20688033966,20688417211
20688300707,20688913329
20688368263,20688395607
20688780804,20688886361
20688796972,20689265269
20688893695,20689178620
20689041152,20689118544
20689173438,20689238747
20689202503,20689250223
20689574392,20689964039
20689736048,20689783846
20689802186,20690229619
20690171105,20690631612
20690455044,20690868000
20690713797,20691090187
20690846451,20691129060
20691482137,20691983669
20692222504,20692647295
20692577519,20693280544
20692661954,20692818385
20692827048,20693243396
20693614668,20694097727
20693707346,20693906364
20696151796,20696853863
20696907605,20697402178
20697128895,20697648362
20697223233,20697460525
20697948729,20698026193
20698239480,20698831430
20698323376,20698471619
20698522106,20698937470
20698822854,20699047398
20699330052,20699695833
20699721969,20699847520
20700127984,20700239284
20700981953,20701170308
20701609654,20702249339
20703357429,20703717999
20705070012,20705778409
20705108099,20705764187
20705307336,20705952494
20705784470,20705977864
20706831556,20707208830
20707426087,20707459882
20708069387,20708211334
20708125821,20708597344
20708148506,20708383787
20708399933,20708752933
20708648839,20708703261
20708958924,20709055086
20709071012,20709287344
20709426680,20710049760
20709643037,20709837929
20710186537,20710640881
20710517641,20711106501
20710916074,20711546453
20710931104,20711373318
20711174256,20711431617
20711446784,20711811133
20711879701,20712415846
20712365565,20712622324
20712440651,20712555080
20712452323,20712585830
20712625394,20713144682
20713809758,20714188116
20714632958,20714827231
20714895285,20715545448
20715104091,20715629583
20715411389,20715682892
20715807739,20716749806
20716477928,20717370139
20716494282,20717293657
20718947782,20719383915
20719527623,20720513078
20719738699,20720532299
20720521156,20720788608
20720632891,20721233069
20721131931,20721637055
20722110796,20722597135
20722763133,20722846185
20722789743,20723005426
20724403472,20724499869
20724567108,20724831488
20725061280,20725679585
20725731988,20725866026
20725739024,20726166154
20726323416,20726728352
20726510082,20727018519
20726564582,20726719784
20727414852,20727848222
20728085570,20728418553
20728742618,20728996053
20728814266,20729189729
20729193245,20729285173
20729478545,20730082828
20729616856,20729875412
20730280628,20730308547
20730874089,20731564243
20732217082,20732370095
20732571792,20733090037
20733483238,20734077857
20734766732,20735518401
20734979250,20735289235
20735536227,20735713979
20735623794,20736081889
20736472916,20736787452
20736635944,20737157232
20736831260,20737290322
20736976877,20737461352
20737589946,20737769534
20737941571,20738198232
20738272600,20738956759
20738415704,20738878569
20739232145,20739407986
20739247036,20739527109
20739771300,20739978002
20739817632,20740359617
20740140637,20740262748
20740156251,20740545680
20740193540,20740993872
20741490485,20741747200
20742779437,20743306579
20742783581,20743371637
20742851563,20743287841
20742888565,20743138252
20743140166,20743648623
20743226283,20743680657
20743260848,20743385964
20743387237,20743797022
20744289358,20744876729
20744627509,20744942217
20745101916,20745310312
20745759081,20746186286
20745812394,20746008475
20746132222,20746553685
20746766133,20746797295
20747063448,20747413059
20747288821,20747641635
20747542067,20747713830
20747658403,20748210139
20747755388,20748268387
20748013056,20748561585
20749515766,20749933594
20750004209,20750405323
20750418738,20750954864
20750906001,20751314945
20751909906,20752334388
20751913017,20752470498
20752050438,20753019627
20752720033,20753499036
20753272591,20753570469
20753863496,20754583732
20754196598,20754327676
20756585506,20757116020
20756739535,20757338913
20757608137,20758128811
20757707164,20757851090
20757918313,20758227098
20758427079,20758930833
20758738128,20758947990
20758895778,20759010636
20759396780,20759485414
20759671864,20759895695
20760180232,20760385314
20760288863,20760563503
20760844974,20761120312
20761911313,20762410753
20762005532,20762271441
20762391949,20762997016
20763005932,20763103446
20763563078,20763944674
20764398451,20764625869
20764435066,20764963191
20765058277,20765537801
20765110090,20765468000
20765545104,20765717778
20765974045,20766157518
20766340786,20766633719
20768027998,20768308818
20768173880,20768307087
20768975222,20769459881
20769079932,20769202156
20769201894,20769335458
20770365933,20770648477
20771707578,20771736712
20772920409,20773078249
20773144402,20773571017
20773198813,20773618853
20773389880,20773782387
20773397069,20773766825
20773785744,20774226712
20773873694,20774634947
20774220768,20774419875
20774427153,20774734935
20775057401,20775265857
20775242609,20775300402
20775276976,20775612443
20775466046,20776078306
20775671335,20775865704
20776015704,20776519339
20776956444,20777142349
20777327846,20777680303
20778243395,20778511721
20778728043,20778793004
20779025451,20779486566
20780492352,20780708176
20780755955,20781423736
20781150056,20781579139
20781332906,20782239309
20782476976,20783089444
20782888570,20783194708
20783099415,20783375480
20783231308,20784130245
20783480026,20783796284
20783813487,20784558853
20784182283,20784380821
20785335100,20785743492
20785619475,20786276641
20787958767,20788275233
20788334335,20788622701
20788402608,20788535071
20788828216,20789040945
20789574358,20789813806
20789793404,20790246557
20791170318,20791683790
20791625938,20792283654
20791691539,20792196480
20791805480,20792365361
20792079707,20792507163
20792711445,20793244661
20792736814,20793358628
20792969855,20793831419
20793131899,20793471287
20795664535,20796071847
20795678565,20796286241
20795903744,20795964707
20796661300,20797183297
20796839453,20797494374
20797385585,20797637076
20797445315,20797591463
20797606448,20798090216
20798435641,20798944005
20799304163,20799571547
20799783509,20799888872
20799916160,20800503798
20800446434,20801072238
20800519962,20801260612
20802030354,20802086380
20802802549,20803382448
20802912223,20803280497
20803025203,20803310131
20803102540,20803241923
20804171750,20804742223
20804636435,20804787195
20805786819,20806097571
20807723923,20808310202
20807817201,20807905113
20807822906,20808201145
20807998164,20808873096
20808146368,20808716128
20809262360,20809391395
20809430459,20809729157
20809503001,20809959429
20809534907,20810121972
20811122598,20811693370
20811563110,20812035959
20811928643,20812594213
20812553296,20812609142
20812640085,20812756332
20813821734,20814194170
20814260131,20814454159
20814307063,20814706799
20814399814,20814973768
20814693473,20814838662
20814984872,20815396847
20815488990,20815622469
20815624616,20816035779
20815844678,20815906551
20816385830,20816566418
20817812345,20818438959
20817898384,20817945229
20818529005,20818880957
20819903214,20820397874
20820368273,20820663882
20820510207,20821006582
20820760405,20821177198
20820804748,20820938930
20821095788,20821492339
20821183773,20821602909
20822270238,20822807914
20822808122,20823023904
20823633480,20824216533
20823698772,20823948267
20823841043,20823910185
20823848409,20824160824
20824234481,20824356886
20824365718,20824559296
20824630720,20824954551
20824984775,20825560877
20825829559,20825949738
20826493205,20827154391
20826665789,20827174383
20828056961,20828466518
20828601750,20828766526
20828780837,20829366477
20829419021,20830074479
20831257947,20832391718
20831544207,20831960761
20832180284,20832575895
20832412908,20832782944
20833160282,20833468387
20833740666,20834227054
20833898748,20834155850
20834611725,20834819115
20835655643,20835894616
20835858049,20836596494
20836542208,20836609331
20836588685,20836969538
20836688045,20837233363
20836958575,20837362485
20837989152,20838459659
20838146660,20838306820
20838694734,20839091058
20839189873,20839649081
20841699221,20841757914
20843182078,20843469941
20844274847,20844706681
20844396511,20844840660
20844917651,20845093871
20845379058,20845950223
20845987557,20846039959
20846154034,20846361756
20846215423,20846534511
20846451901,20846739737
20847156856,20847426556
20848296053,20848877071
20848439018,20848653283
20848483591,20848509167
20848678947,20849149388
20848886916,20849358481
20849397462,20849952673
20849488501,20850092553
20850084876,20850656202
20850809308,20851209942
20851733107,20852125373
20852641828,20853201992
20853832502,20854045736
20854205653,20854541254
20854533194,20854850802
20854882781,20855285321
20855184653,20855616597
20855612827,20856120198
20856569727,20857161673
20856699641,20857182523
20856932955,20857143015
20857117799,20857471652
20857886527,20858471404
20857918973,20858146505
20857932873,20858582850
20858456362,20858928337
20858627846,20858856401
20859044386,20859102820
20859360397,20859588037
20859418901,20859787481
20859419855,20859711948
20861004163,20861578430
20862352916,20862642698
20863413483,20863885352
20863458613,20863843738
20863995347,20864609506
20864030084,20864570270
20864121584,20864815458
20864970390,20865687990
20865762764,20866463844
20866103674,20866548704
20866918625,20867065577
20867073381,20867476874
20867226456,20867388125
20868083632,20868463778
20868138996,20868432231
20868286697,20868557247
20868337746,20869067861
20868517898,20868550366
20869046579,20869126776
20869593559,20870230682
20869641136,20870180157
20870217782,20870426955
20871425058,20871918031
20871664938,20872344654
20874128906,20874869700
20874262856,20874424830
20877086983,20877765295
20877457332,20877930088
20877582713,20877988835
20878177793,20878418894
20878264817,20878565828
20878361679,20878445877
20879026956,20879526114
20879182199,20879702254
20879443309,20880046492
20880528772,20881338548
20881234795,20881611808
20881823708,20881981283
20881896724,20882270734
20881942717,20882213818
20882126686,20882810121
20882844728,20883316524
20883348063,20883700635
20885258270,20885341288
20885702851,20885913145
20886375562,20886585045
20887017338,20887049468
20887704887,20888323109
20887879741,20888293368
20888069394,20888850820
20889237256,20889478682
20890372486,20890758747
20891498830,20891984985
20891549666,20891842060
20891658225,20891841816
20892070357,20892330001
20892172183,20892324608
20892385002,20892538933
20892399072,20892783204
20893071510,20893363076
20894054969,20894235432
20894239242,20894533087
20894518378,20894827522
20894572676,20894643673
20895744252,20895991361
20896046410,20896521692
20896100004,20896271387
20896110958,20896477080
20896704772,20896897080
20897237166,20897680832
20898617406,20899224649
20898915153,20899296326
20899106181,20899424419
20900599602,20900813714
20901102861,20901410921
20902217489,20902957358
20903415894,20903884187
20903520480,20903983738
20903740166,20903896406
20904702032,20904998357
20905307240,20905618733
20905419768,20905917535
20905650059,20905666863
20906150693,20906379718
20906324611,20906434969
20906463774,20906592158
20906649034,20907285925
20907650589,20908158400
20907665606,20907935086
20908471406,20908663336
20909147815,20909615111
20909454746,20909708577
20910983995,20911506912
20912565513,20912791552
20913378708,20913710102
20913510095,20914108606
20915085235,20915242209
20915195547,20915464338
20915417904,20916170789
20915668473,20916141793
20915772936,20915939916
20918667791,20918736839
20919022875,20919307879
20919135217,20919513805
20919146945,20919326213
20919510048,20919720025
20921210224,20921599756
20921676557,20922237021
20922379857,20922609985
20922446441,20922888811
20923599979,20923812350
20923661331,20923993171
20926133089,20926289579
20926462691,20926545758
20926553802,20927312130
20926587807,20926966313
20927251457,20927881661
20927533692,20928151620
20928203105,20928386740
20928893616,20928944749
20929073837,20929621342
20929229264,20929389676
20929287857,20929607655
20929548982,20929827486
20930495884,20930773192
20931337482,20931700244
20931441843,20931602067
20931473241,20931834341
20931621958,20931957205
20931974915,20932380013
20932678906,20933120381
20932843075,20933636337
20935447071,20935856832
20935668916,20936079882
20935685044,20936073595
20936680607,20937019631
20937411279,20937502785
20937438502,20937846429
20938075967,20938794181
20938895128,20939176862
20938919506,20939072577
20939308120,20939753179
20940321101,20940599026
20940746345,20941481042
20941848361,20942351498
20942626298,20942799653
20943690628,20943992699
20943791051,20944318606
20943800682,20944097767
20944826042,20945383070
20944949680,20945029242
20945057436,20945158069
20945738066,20945982324
20946410862,20946498644
20946470464,20946574573
20946829382,20947012046
20947724698,20948106071
20948354219,20949019221
20948413143,20948996004
20949302303,20949566492
20949761796,20949961103
20949933706,20950226241
20950688622,20950939326
20950977629,20951390170
20951031133,20951441738
20951231976,20951584457
20951450432,20951670240
20951973486,20952367479
20952603684,20952817060
20952979346,20953522957
20953224527,20953570480
20953735297,20953934759
20953955353,20954031587
20954587299,20954939876
20954916324,20954989106
20955034387,20955298370
20955378825,20955722586
20955945422,20956319008
20956324125,20956592051
20957477903,20958010683
20958014363,20958546301
20958555763,20959058078
20958692176,20958830348
20959062279,20959251276
20959325423,20960034474
20959831440,20960353999
20960551926,20961152127
20960948569,20961514611
20961069357,20961240595
20961605124,20961810989
20961619405,20961823586
20962393897,20962725844
20962657884,20963051269
20963154937,20963516729
20964409163,20964728134
20964563725,20965124122
20965081590,20965663235
20966234067,20966465687
20966520175,20966761024
20967223828,20967410125
20967796560,20968248334
20968192091,20968234796
20969119960,20969458779
20971275222,20971658642
20971713305,20972195586
20971977263,20972286924
20973700563,20974374956
20973752061,20973952456
20973755822,20973799638
20974840181,20975394606
20975394871,20975656274
20976001570,20976424198
20976142078,20976250743
20977166881,20977576574
20977316846,20977929739
20978302588,20978404375
20978983576,20979298051
20979005612,20979500979
20979302687,20979407726
20979492355,20979712146
20979854280,20980165008
20980185209,20980295097
20980401692,20980812346
20980866307,20981391076
20981349257,20981462716
20981502020,20981525058
20982362966,20982874154
20982774315,20983620664
20985697322,20986174542
20985871453,20985982331
20986282527,20986461748
20986746713,20986942942
20987277140,20987489811
20987375637,20987577258
20987591004,20987699862
20987612878,20987750112
20987794310,20987907968
20988219834,20988728770
20988257201,20988920978
20989281261,20989341424
20989545654,20989994359
20989910086,20990657950
20990302011,20990495269
20991231607,20991325528
20991819046,20992071848
20992810766,20992832862
20992858771,20992934207
20992942192,20993451399
20993060058,20993477577
20994914334,20995290055
20995286766,20995825913
20995427533,20995996329
20995938013,20996717857
20996158118,20996698505
20997500302,20997585868
20998483093,20999009717
20998614783,20999104729
20998730182,20999229142
20998884444,20999509358
20999015232,20999585032
20999709111,21000174446
21000497085,21000824797
21000866778,21001414392
21001588821,21001981986
21002161383,21002289611
21002343231,21002772337
21003141779,21003759510
21004062734,21004449646
21004925314,21005172324
21005052147,21005544732
21005993813,21006559550
21006041828,21006320814
21006260897,21007097631
21007112123,21007540361
21007135378,21007421310
21007497518,21007982855
21007774418,21008137526
21007824410,21008185876
21008156710,21008671822
21008335637,21008871043
21009745080,21010132221
21011664789,21012221668
21011995797,21012052492
21012269554,21012605620
21012285770,21012619409
21012884008,21013066471
21014241283,21014807629
21016126243,21016273758
21016180196,21016728727
21017119723,21017504204
21017326622,21017564762
21019518978,21019644360
21019798051,21020485523
21019991940,21020343391
21020103007,21020520259
21020354090,21020776811
21020517094,21020862937
21020526760,21020680500
21020875368,21021420277
21020999788,21021504396
21021089285,21021232481
21021387635,21021726694
21022282588,21022658437
21022380116,21022708773
21022396683,21022555129
21022614316,21022971402
21023048977,21023329879
21023198059,21023684208
21023554192,21023984352
21024808061,21025418361
21024834568,21025305391
21025107838,21025386539
21025389746,21025876550
21025843044,21026010887
21025982163,21026477705
21026366287,21026729144
21027801337,21028322601
21027920959,21028464862
21029057108,21029194220
21029300254,21029794354
21029415249,21029607500
21029710997,21029965202
21029714734,21029811915
21030006638,21030435176
21030135829,21030492754
21030576313,21031105783
21030608799,21031155988
21030721407,21031048817
21030743118,21031078803
21031419402,21032152305
21031568102,21032008701
21031636366,21032485913
21033691184,21033835432
21033875573,21034028889
21033896214,21033939630
21034184123,21034829554
21034708001,21035148710
21035773037,21035880363
21035978432,21036477007
21036130754,21036493372
21037008846,21037407898
21037096215,21037498062
21037631008,21038152859
21038159607,21038273430
21038163051,21038554487
21038693583,21039170866
21038886702,21039505167
21040949591,21041164454
21041610727,21042076356
21041629445,21041702414
21041897744,21042387799
21041979262,21042395622
21044352168,21045186914
21044565033,21045154569
21044930445,21045503407
21045449684,21046096961
21045656279,21045996402
21046122221,21046165193
21046465199,21047131539
21046955016,21047314330
21048533374,21048869387
21049432930,21049799404
21049482114,21049904863
21050199239,21050658586
21051018040,21051266836
21051066047,21051545918
21051368914,21051691499
21051377064,21051720146
21052535269,21052881169
21052542527,21052927915
21053178900,21053436887
21053190582,21053406976
21053370345,21053782472
21053900073,21054320532
21054330242,21054492698
21054688719,21054847570
21055479359,21055836863
21055500463,21055686017
21056489139,21056732832
21056532032,21056908434
21056910735,21057216427
21057493136,21057954359
21058112592,21058742147
21058397889,21058868630
21058595004,21058714720
21058745376,21059119200
21061179254,21061742028
21062078315,21062436444
21062302511,21062519000
21062548847,21063025581
21063068303,21063664669
21063852252,21064124414
21064352724,21064766649
21064448785,21064744227
21064966148,21065494332
21064999797,21065184127
21065039657,21065091981
21065436554,21065567512
21068753033,21069220718
21071656198,21071851171
21072284087,21072839166
21072336224,21072461909
21072455894,21073196847
21074382181,21074751076
21075080061,21075203839
21075411521,21075875590
21075734601,21075847647
21076045065,21076882900
21077592860,21078738538
21078012261,21078245534
21078319637,21078854087
21078795872,21079547094
21079176603,21079610190
21079296448,21079761084
21079529741,21079988310
21079800903,21080409418
21083683722,21083934053
21084217698,21084665033
21084813534,21085096235
21085114068,21085265646
21085302351,21085971045
21085358135,21085592746
21085639125,21086477825
21085769687,21086474955
21086974563,21087059602
21087503890,21087888956
21089411697,21089564540
21090163038,21090639607
21090468884,21090865101
21090569711,21091322882
21091840905,21092088236
21092204631,21092890211
21092245884,21092829955
21092335718,21092691769
21093050279,21093738009
21093701233,21094207360
21094698761,21095214887
21095124925,21095616079
21096461573,21096849812
21096487393,21096897430
21097096913,21097740434
21097679765,21098065188
21097696429,21098147859
21098276231,21098343173
21099451884,21099872166
21099584487,21100130684
21099595100,21099618862
21099752890,21100261898
21100235061,21100682477
21100399476,21101114285
21101294269,21101499601
21101336730,21101822578
21102230639,21102756637
21102339024,21102748368
21103152281,21103635899
21103178668,21103706123
21103879951,21104433706
21105799598,21106182575
21106062273,21106582815
21106608935,21106832589
21107423537,21107769692
21107529294,21107858774
21108308002,21108834719
21109028857,21109484924
21109504051,21110442975
21110618942,21111043753
21110865248,21111024790
21111320224,21111341721
21111338895,21111771471
21111433718,21111576564
21111584786,21111949632
21112234252,21112293870
21113310104,21113347148
21113359893,21113756979
21114461156,21115037516
21115127202,21116053462
21115274912,21115642218
21115484776,21115621550
21115898132,21116715147
21116221720,21116811713
21116486010,21116864210
21116824250,21116923228
21117051245,21117633864
21117076482,21117405871
21117440317,21118014929
21117562790,21117915123
21117917096,21118391704
21118090910,21118579071
21118299200,21118691502
21119110339,21119733581
21119581637,21119765562
21119613140,21120097799
21119710475,21120006692
21120618188,21121407216
21120966910,21121502441
21121790322,21122015086
21122014151,21122442061
21122503276,21123028025
21122767033,21123044044
21123503131,21123718739
21123714512,21124148806
21123771341,21123882862
21123856941,21124072633
21123877794,21124111156
21124767471,21125531170
21125646790,21126358808
21126074315,21126398017
21126258469,21126806773
21126318152,21126784078
21126340489,21126909250
21127998490,21128311150
21128161926,21128600652
21129415533,21130228885
21130074561,21130570336
21130719656,21131351081
21130889258,21131467775
21130996802,21131480306
21132125688,21132897500
21133506148,21133682663
21133546213,21133589514
21133686626,21133891610
21134411223,21134704655
21134684760,21135127609
21135357273,21135483510
21135766479,21135811846
21135775754,21136314945
21135905969,21136465771
21136274757,21136538690
21136467718,21136881838
21136903559,21137435187
21137120305,21137386568
21137131840,21137611082
21138509314,21138638926
21139354076,21139830194
21139693463,21140123983
21139960028,21140338740
21140322292,21140953795
21140894913,21141301997
21141843893,21142064068
21142476611,21142742709
21142630651,21142842432
21143607877,21145062838
21143744256,21144554506
21144776182,21145607349
21146053830,21146322315
21146590900,21146988821
21147088767,21147602682
21149172688,21149511374
21150478985,21150614428
21150507896,21150692822
21151123560,21151708097
21151482521,21151968909
21152445837,21152971758
21152771523,21153311321
21153378440,21154002736
21154548149,21155315503
21154686806,21155074276
21154830862,21155414404
21154939571,21155599701
21154983155,21155942083
21155549370,21156058263
21156342371,21157155341
21156506879,21157025470
21156823519,21157067465
21156866672,21157051019
21157124994,21157946104
21158278889,21158521155
21158350411,21158646697
21158351134,21158934248
21159962029,21160354286
21160484194,21160682936
21160698130,21161029257
21162738603,21163215437
21163445524,21163662259
21163910250,21164448591
21164389697,21164618734
21166139243,21166291813
21168880994,21169513093
21169892764,21170335853
21170101836,21170741454
21170996418,21171618654
21171535593,21172078170
21171983732,21172488200
21172193782,21172480212
21172268540,21172625977
21173042719,21173514735
21173099948,21173761434
21173478989,21174208258
21174668768,21175277861
21174669985,21175386335
21174832544,21175198654
21174973625,21175477621
21175417269,21175603067
21175559155,21175611560
21175749964,21176134798
21176467207,21176496293
21176635759,21177139956
21178012962,21178524724
21179191745,21179277532
21179696082,21180656222
21180322997,21180798308
21180383013,21181243932
21181088979,21181123746
21181181054,21181235293
21181205938,21181649396
21181601162,21181908100
21182257097,21182650300
21182883267,21183395622
21184764244,21185244748
21185787797,21186184498
21185887506,21186178388
21185997603,21186142252
21186568172,21187171571
21187171043,21187602087
21187581290,21187895822
21187607380,21188102232
21187751743,21188093140
21188979507,21189532156
21189687496,21190424954
21191322850,21191574713
21191638769,21191820120
21191963788,21192599236
21192124989,21192359229
21192352990,21192829452
21192893882,21193268682
21193570710,21194201979
21193594203,21194027361
21194709794,21195266247
21194907394,21195077839
21194936220,21195172276
21195223742,21195297793
21195425063,21195885603
21195775495,21196160188
21196204839,21196817516
21196279599,21196712542
21197020258,21197637612
21197639670,21198020220
21197641046,21197730039
21197756153,21198366468
21198905064,21199491427
21199556831,21200164719
21199748003,21200121156
21200124658,21200311093
21200125360,21200282596
21200284089,21200798909
21200312787,21201120996
21200463544,21200787328
21200617282,21201074619
21201205599,21201787637
21202734545,21203544168
21202784544,21203759171
21202793845,21203547120
21204216565,21204493515
21204419102,21204840756
21204575710,21205012610
21204733493,21204876133
21205034613,21205333830
21205079413,21205302153
21205128424,21205623525
21205484957,21205846511
21205773194,21205998390
21206009970,21206546772
21206126881,21206672737
21206825851,21207183320
21207077002,21207232491
21207126984,21207418270
21207156342,21207433704
21207239699,21207435015
21207286531,21207775041
21208536015,21208719493
21208592726,21209015273
21209037324,21209489395
21209693447,21209970945
21209766614,21209820511
21209841874,21210181708
21210675806,21210728799
21211120267,21211134049
21212398969,21212945068
21213273006,21213765559
21215006576,21215220947
21215056824,21215146494
21216589607,21217078393
21217310291,21217573477
21217538704,21218413024
21219042267,21219630589
21219123477,21219284776
21219146203,21219391286
21219664248,21219932892
21219712316,21219977802
21220196002,21220829235
21221867008,21222676526
21222460777,21222882313
21222896568,21223220237
21223453513,21224041600
21223471506,21223940165
21223543617,21223568355
21223587832,21223932873
21223720602,21223848067
21223939635,21224492591
21224452050,21224955569
21224744632,21225292793
21225644044,21226174679
21226076216,21226263316
21226355224,21226509836
21226948245,21227382190
21227513480,21227596574
21227519398,21228037405
21227836918,21227953522
21228574486,21229140406
21229102397,21229262577
21230547534,21230997882
21230559182,21231060607
21230898483,21231428586
21230929930,21231357197
21233007551,21233459739
21233422721,21234039838
21233480332,21234195221
21233667713,21233772525
21234838170,21235088266
21235673356,21236184433
21235799562,21236380002
21235810948,21236046593
21236088120,21236233125
21236242638,21236354248
21236401745,21236653119
21236796313,21237128120
21238524118,21239058070
21238938894,21239289179
21239579745,21239772499
21239788151,21240056429
21239938449,21240540809
21240128613,21240676907
21240597900,21241657500
21241209956,21241497177
21241507990,21242106809
21241668880,21242128502
21241732951,21242088494
21242997229,21243211783
21243231900,21243486417
21243362328,21243436409
21245186646,21245824150
21245417150,21245486336
21245485003,21245813049
21245627166,21245801823
21246900801,21247324709
21247292360,21247960384
21248221193,21249124020
21249736913,21249874675
21251018889,21251706871
21251037689,21251659587
21251539115,21252053640
21252417275,21252762737
21252501843,21253075488
21253574084,21254250907
21253717835,21254059001
21254169473,21254310760
21254674904,21255071080
21255355040,21255576903
21255656123,21255940956
21255855817,21256132424
21256342229,21256639703
21256531491,21256838922
21256534847,21256900073
21257004413,21257102060
21257215010,21257675482
21258804513,21259180212
21259191075,21259821553
21259207352,21259386804
21259423570,21259562572
21259695119,21260073355
21260018389,21260081395
21260554988,21260818417
21260775934,21260834835
21260884577,21261020980
21260929051,21261499502
21261020309,21261110448
21261612317,21261882879
21262464992,21262715489
21262618938,21263032913
21263361891,21263838348
21264176234,21264331901
21264625643,21265467735
21264683995,21265394110
21264985781,21265172369
21265422161,21265643261
21265720360,21265805438
21265794196,21266205288
21266359702,21266985471
21267310773,21267871001
21267823963,21268313300
21268132420,21268595722
21268393337,21268560197
21270347470,21270642233
21270669070,21270945841
21271377982,21271875468
21271476238,21272341023
21271880209,21272261248
21271937994,21272532900
21272696648,21272848101
21273153205,21273858818
21273848238,21273992506
21273875053,21273958123
21274271735,21274337212
21275300006,21275448033
21275489127,21275887240
21276327548,21276505552
21276591445,21276935876
21277085849,21277483549
21277828354,21278457305
21278651741,21278800991
21278784228,21278908135
21278810692,21279066061
21279124190,21279449684
21279352868,21279431031
21280288142,21280395856
21281122929,21281553291
21281869373,21282480474
21282134286,21282398527
21282328488,21282551662
21282449300,21282735043
21282461559,21282505207
21282727666,21283005746
21282828212,21283273407
21283270214,21283734213
21283307850,21283824728
21283799458,21284436025
21287514041,21287980464
21288517151,21289052643
21288775398,21289198473
21289068533,21289444460
21289203954,21289526277
21289718758,21290104128
21290451720,21290850756
21290487954,21290619978
21290751805,21291187721
21290929406,21291484432
21291151997,21291250478
21291774379,21292140087
21292070987,21292167275
21292190461,21292335845
21292646881,21292920309
21292946794,21293324609
21293212952,21293300721
21293259126,21293515987
21293357203,21294134669
21295596213,21295626659
21295879158,21296121711
21297614449,21298150246
21297995997,21298500909
21298824249,21299344851
21300000149,21300811312
21300965120,21301334890
21301028084,21301261408
21301685613,21301746127
21301797114,21301887968
21302013147,21302270807
21302039343,21302340086
21302099616,21302233242
21302145282,21302278392
21303134551,21303462128
21303433635,21303836283
21304088462,21304400636
21306426377,21306913599
21307129392,21307880869
21307242733,21307651531
21307974367,21308170698
21308521817,21308789868
21309338942,21310077536
21309554671,21309836443
21309563717,21309979684
21309806485,21309970837
21310088561,21310170101
21310118312,21310136920
21311187766,21311422470
21311246525,21311629933
21311262492,21311905399
21311330471,21311997207
21312216747,21313064550
21312359699,21312537357
21312530259,21312995647
21312651210,21313039654
21313088349,21313668823
21314130093,21314337599
21314656646,21315012132
21315098072,21315573562
21315589101,21316070435
21315873105,21316830732
21316172539,21316756421
21316731675,21316925183
21316776495,21317199044
21317563916,21317608146
21317740022,21318036563
21318562213,21318853176
21319124420,21319660664
21319885960,21320275033
21321088845,21321174535
21322119748,21322296843
21323010848,21323295131
21323480796,21324058538
21324629925,21324926881
21324892247,21325350862
21325382037,21325732188
21325519070,21325957360
21325938989,21326173924
21326355822,21326397038
21326421911,21326516570
21326549559,21326914173
21326917202,21327457845
21327364484,21327899745
21327443522,21327818888
21327563259,21327621740
21327959969,21328446789
21328510869,21328705874
21330067786,21330656260
21330738576,21331354575
21331162214,21331594579
21331338083,21331556449
21332149297,21332340674
21332917042,21333119692
21333298004,21333597867
21334091871,21334519691
21334312133,21334629690
21334425313,21335098254
21335488092,21335918860
21337771440,21337852616
21338048550,21338376136
21338257805,21338449701
21338524325,21338617028
21338895487,21339016116
21340050472,21340278257
21340212069,21341146507
21340730657,21341154677
21341229697,21341959157
21341383764,21342103274
21341874255,21342355464
21342615245,21343193445
21342636815,21343041458
21342975357,21343136511
21343052235,21343204094
21343380642,21343495485
21343908650,21344368719
21344912097,21345285306
21345294875,21346013071
21346464778,21346871593
21349004023,21349482642
21349176694,21349642118
21350103372,21350708788
21351020286,21351369819
21351440452,21351813752
21351563298,21351995216
21351649148,21351767539
21351713513,21351967780
21351779443,21351944786
21352473298,21352735006
21352513267,21352704426
21352582062,21352845749
21352851542,21353138423
21353315359,21353567742
21353723447,21354587666
21354733977,21355099778
21354786778,21355318737
21354888497,21355084590
21355084693,21355630053
21355159290,21355545888
21355340363,21355715532
21356765098,21357727956
21356802688,21357485659
21358492917,21358817499
21359340726,21359769189
21359411949,21359565297
21360004675,21360427682
21360088802,21360358331
21360535170,21360754284
21360561134,21360915796
21360917437,21361412185
21361676917,21361897613
21361855898,21362646972
21361875208,21362176514
21361961821,21362350565
21362853886,21363459729
21363534778,21364045342
21363922192,21364298970
21364093040,21364376061
21365593850,21366402900
21367426107,21367745259
21369160099,21369396380
21370114408,21370914180
21370603010,21370676533
21371874670,21372318545
21371939385,21372312457
21372708476,21372825613
21372911171,21373067444
21373174342,21373503592
21374080233,21374308668
21374418421,21374937150
21374462800,21375288020
21374551574,21375207469
21375259258,21375593523
21375301684,21375828004
21376705198,21376986601
21376875979,21377095311
21377565342,21377822251
21380195894,21380277558
21380525337,21381129022
21380712381,21381134207
21381348060,21381878654
21382085857,21384367246
21382949797,21383189493
21383240996,21383599428
21383379723,21384168204
21383804098,21384020381
21383992588,21384600598
21384211614,21384586992
21384680024,21385278328
21384730086,21385088842
21384897516,21385574689
21386584637,21386931061
21387841446,21388067169
21388823517,21389153375
21390207858,21391109910
21391865991,21391967726
21392314489,21392516986
21392527178,21393055541
21392631939,21393155691
21393297273,21393411132
21393446512,21394111280
21393470011,21394055839
21393984887,21394170386
21394736197,21395195278
21394944238,21395375774
21395105416,21395842968
21395622524,21395927729
21395850458,21396128684
21396122445,21396385133
21396392209,21396743576
21397441417,21397671399
21398015402,21398371753
21398434574,21398886100
21398711952,21398844748
21398827117,21398937570
21399219315,21400048525
21399949101,21400079399
21400449041,21400845784
21401216298,21401470773
21401598568,21401723227
21402430997,21403425887
21402505905,21403280596
21404269418,21404351768
21404620490,21404722690
21404717805,21404807272
21405068201,21405241119
21405261851,21405374383
21406339025,21406785576
21406458792,21406930633
21406688905,21406961650
21406957409,21407554672
21407561691,21407811898
21408787150,21409088449
21409748022,21410011129
21410171352,21410343418
21410433936,21410576410
21410558451,21410846977
21410959065,21411642953
21411431716,21411863620
21411653216,21411944665
21411763493,21412220660
21412305715,21412839405
21413240163,21413741312
21413637705,21414218412
21413676584,21414104034
21413764081,21414109820
21414108097,21414352779
21414358651,21415144166
21415926579,21416185383
21416276825,21416697633
21416497392,21417077573
21416982677,21417514126
21418356932,21418895527
21418448919,21418929193
21419107607,21419720682
21419225418,21419709752
21419676455,21420145353
21419715175,21420374436
21419726823,21420052018
21420427793,21420493663
21420963957,21421049048
21422312408,21422897899
21422885273,21423307145
21422913181,21423298968
21423736838,21423823321
21424149174,21424180802
21424152642,21424541345
21424908671,21425117177
21425322581,21425872927
21426422989,21426956219
21426766607,21427116852
21427059603,21427995958
21427980986,21428139658
21428010672,21428387702
21428823596,21429215920
21429013353,21429152933
21429195764,21429548593
21429772984,21430520079
21430453882,21430744714
21430630797,21431184950
21431529900,21431882882
21433389096,21434155299
21434280701,21434787696
21434875966,21435484243
21435040178,21435575299
21435233203,21435607201
21435371771,21435703698
21435535013,21436075680
21435567173,21435780585
21435878648,21436191623
21436354901,21436520360
21436710835,21436890840
21436799802,21437244833
21436979100,21437040103
21437044251,21437592580
21438157711,21438208854
21438538961,21438962060
21438953007,21439232365
21439290063,21439743876
21439703998,21440063589
21439844545,21440230364
21441788275,21442487946
21441943863,21442297529
21442031994,21442406727
21442193047,21442800346
21442462539,21442994974
21442688573,21443106963
21442892375,21443235487
21443192432,21443670818
21443367431,21443512212
21444484284,21444607225
21444555962,21444585450
21444593656,21445117460
21444865573,21445190269
21446056377,21446544903
21446084834,21446594031
21447872206,21448574456
21448169383,21448787172
21448828386,21449267164
21449887918,21450321385
21450234125,21450702428
21450616784,21450879410
21451025327,21451101409
21451425814,21451872806
21452040580,21452243519
21452307803,21452671750
21452358876,21452885892
21453566901,21454019913
21453686819,21454190338
21453784457,21454054105
21454201391,21454707458
21454887121,21455415160
21455647276,21455766798
21456503238,21456838697
21456602734,21457049709
21457511515,21457837325
21457729174,21458387662
21457928252,21458464278
21458157967,21458343333
21459079826,21459321969
21459459218,21460168204
21459705769,21459755778
21460896441,21461712781
21460945782,21461638089
21461640609,21461687862
21463573512,21464033715
21464490618,21464873184
21464559210,21465104521
21464755961,21465296060
21466001059,21466424612
21467073466,21467457998
21467284069,21467685734
21467484782,21467865369
21468259095,21468855490
21468329298,21468459149
21468370470,21468417895
21470137382,21471003678
21470151944,21471271397
21470365997,21470830510
21471437361,21471868441
21471874964,21472108341
21473167105,21473352863
21473851542,21474234116
21474124099,21474437365
21474353048,21474709847
21474946111,21475202627
21475055440,21475931429
21476200167,21476380550
21477238516,21477545909
21477443305,21477732357
21478018581,21478204705
21479023931,21479540600
21479603822,21480023442
21479638377,21479963808
21480011158,21480038662
21481495116,21481514178
21482550284,21482824164
21483516726,21484094829
21484942536,21485586640
21485329683,21485872729
21485411160,21485728563
21485600564,21485736206
21485704452,21485898071
21485920148,21486503165
21486505580,21487271717
21488824546,21488932413
21488935763,21489089607
21489080087,21489623925
21489722049,21490298193
21490551111,21491451759
21490657292,21490768042
21490990387,21491358942
21492782882,21493426743
21493282689,21493654016
21493964468,21494622316
21494981965,21495471909
21495290632,21495758964
21495855873,21496176218
21496107394,21496534784
21496385453,21496759613
21497314648,21497510172
21497615029,21497958307
21498922632,21499486170
21498943997,21499426722
21499532557,21499759579
21499615017,21499910005
21499733426,21500475097
21500630310,21501091653
21501127727,21501188470
21501551654,21501819787
21502096334,21502494036
21502194823,21502494806
21502368104,21503175659
21503104567,21503297319
21503593780,21503732877
21503630443,21503701544
21503726967,21504018301
21504299328,21504334046
21504644168,21504731699
21505279043,21505357618
21507329832,21507655353
21507647116,21507839465
21507825389,21508099611
21508085514,21508693474
21510160315,21510266853
21511538248,21511907039
21511689653,21511764231
21511765753,21511902443
21511895015,21512035206
21511965125,21512202870
21513037286,21513437287
21514471835,21515009289
21514619751,21514875416
21514762453,21515213799
21515036850,21515392521
21515857011,21516515891
21516172297,21516298579
21516491251,21516639880
21516548389,21516878662
21516932178,21517150415
21517186449,21517440268
21517821073,21517850435
21518531581,21518964319
21518818100,21519284696
21521181866,21521298357
21521277971,21521727184
21521419701,21521649018
21521811045,21522219442
21522477243,21522891213
21522481070,21522680248
21523302822,21523545208
21523938882,21524100339
21524026172,21524500947
21524092866,21524393918
21524807546,21524960669
21525023082,21525689607
21525374074,21525473797
21525966241,21526385136
21526207844,21526477758
21526305001,21527008107
21526606942,21527118216
21526745004,21527242413
21527078761,21527849588
21528569121,21529162079
21529627442,21529958387
21529769212,21531308373
21530669463,21531067605
21531058745,21531445226
21533509280,21533780580
21533941076,21534755110
21534375236,21534722395
21534787821,21535096585
21535044598,21535220656
21538546639,21538942396
21538897379,21539182050
21538969227,21539039952
21539110378,21539322909
21540021584,21540189461
21540198469,21540806224
21542489111,21542932355
21542726202,21542905418
21542729167,21542779128
21542918084,21543138631
21543450674,21544176518
21543567124,21543776928
21544166344,21544615850
21545963744,21546048032
21546175621,21546399104
21546377747,21546783537
21546860301,21547269722
21548042364,21548704992
21548996295,21549094861
21549353996,21549747853
21549505181,21549601813
21549634071,21550077886
21549758703,21550359257
21550741491,21550909470
21551055970,21551716218
21552524414,21552998505
21553215174,21553402704
21553390790,21553650926
21553980594,21554600166
21554270510,21554701899
21555545128,21555883093
21555601755,21555848103
21556204049,21556605174
21556498418,21556530795
21556573846,21556896347
21556921620,21557217198
21557194642,21557285681
21557222566,21557405162
21557233509,21557805949
21557292802,21557581882
21557351833,21557397167
21558853934,21559383184
21559370391,21559853347
21559756549,21560092298
21560290754,21560446518
21560339281,21560879404
21561569399,21561966639
21562126314,21562309501
21562418590,21563105051
21563659659,21564038186
21564353656,21564518765
21564513439,21564669205
21565642021,21566087882
21566630838,21567071198
21567632693,21568204582
21567701615,21568455804
21568493639,21569189888
21568896384,21569289186
21569194975,21569461811
21569812982,21570365991
21570013938,21570118024
21570543009,21570755518
21570544803,21570566217
21571705444,21572431362
21571775957,21572524885
21573234609,21573339306
21573246361,21573601982
21573657061,21574020116
21573677894,21573807292
21573766855,21574103775
21574514092,21574717613
21574855046,21575032036
21575313859,21575589150
21576050218,21576157703
21576409712,21576610909
21576491028,21576625144
21576608209,21576991335
21578329329,21578712608
21578396098,21578538768
21579324433,21579883738
21580129696,21580483063
21580340581,21580473777
21582149307,21582394125
21582551169,21582995166
21583240360,21583750467
21583243471,21583628139
21583473754,21583957606
21583971360,21584480577
21584337644,21584969175
21584852321,21585385832
21585099533,21585305714
21585275771,21585903719
21585780551,21585856593
21586092288,21586572052
21587040711,21588570708
21589048060,21589301906
21589102301,21589420753
21589155030,21589841519
21590283608,21590857616
21590708549,21591350655
21590881622,21591395952
21592847054,21593357113
21593531841,21594138573
21594007638,21595626560
21594028706,21594242261
21594714423,21594747164
21595458935,21595727711
21596140143,21596802485
21596174864,21596787985
21598003149,21598609589
21598226124,21598379515
21598879262,21599574561
21599395037,21599751435
21599592944,21600122921
21599608384,21599899734
21600302962,21600880838
21600599137,21601075049
21600711355,21600948106
21601277675,21601630608
21601686560,21604044020
21601945010,21601990173
21602239347,21602757383
21603153952,21603483822
21603597413,21604422740
21605724049,21605932720
21605743080,21606298847
21606881931,21606975678
21607450753,21608060316
21608849199,21609537134
21608928925,21609761984
21609504783,21610115899
21609538790,21609961732
21610182815,21610676126
21611399764,21611703478
21611458095,21612355535
21611724081,21612392033
21613693604,21614242790
21615564610,21615843686
21615738249,21616002593
21615892269,21617221289
21617358279,21617839424
21617694395,21617853507
21617774696,21617828649
21618890854,21618942747
21621424531,21622646393
21621830984,21622390234
21622652681,21622881081
21623530945,21623750211
21623572670,21623632000
21623690236,21624064401
21623806722,21624341131
21624423813,21624968638
21625536203,21625696072
21625829128,21626179663
21626140226,21626173758
21626349556,21626961627
21627808418,21628066735
21628065685,21628437666
21628101420,21628411750
21628709610,21629076606
21629857500,21629966547
21629922487,21630110955
21630483675,21630670459
21631043916,21631230981
21631541608,21632037151
21631907942,21632302877
21632050186,21632606629
21634405332,21634442522
21636292146,21636370953
21636772079,21636886864
21636903071,21636982632
21637309837,21637710295
21637558966,21637899773
21638412558,21638829161
21638429055,21638623090
21639562003,21639746025
21640066743,21640543559
21641612883,21642070290
21642142337,21642287934
21642181619,21642653536
21642454985,21642944904
21643722375,21644892042
21643843230,21644764924
21644343112,21645382944
21645531050,21645936058
21645941363,21646647925
21646656609,21648497552
21646826116,21647027274
21646926890,21647246646
21648650249,21648812597
21649988492,21650322297
21651120864,21651455112
21651574818,21651803140
21654827323,21655341358
21655143375,21655606737
21656726539,21656891421
21656765762,21657617037
21658613510,21658803820
21658805106,21659339595
21659232913,21659382595
21659737809,21659901931
21659920710,21660102623
21660738448,21663619448
21662330461,21662939538
21663623508,21663767155
21663864558,21664437611
21664555378,21665971757
21664557089,21664755950
21664810613,21664911795
21664960405,21665047274
21666431730,21666770154
21666439436,21667007218
21666884291,21667092276
21667796688,21668059936
21668025433,21668400867
21668721373,21668769094
21668784516,21668856704
21668839444,21669471328
21668874793,21669587380
21669086734,21669444798
21669505786,21670059081
21670854522,21670950979
21671569581,21671689469
21672973557,21673179491
21673816294,21674295633
21673923031,21674228286
21674084219,21674618422
21674219840,21674694904
21674497401,21674898853
21674533705,21675020639
21676182526,21676640508
21676628693,21677128343
21678444485,21679178713
21679201263,21679760278
21682084512,21682759455
21682724172,21683286087
21682843976,21683116967
21683103136,21683452319
21683477921,21684021583
21683957364,21684087335
21685144010,21685696299
21685548829,21685929179
21685934030,21686203027
21686457061,21686539741
21686539453,21686833935
21686559769,21686918026
21686765876,21687017923
21686926438,21687183043
21687592408,21687710514
21687721780,21688090855
21688566671,21688879672
21689021765,21689516594
21689054034,21689307073
21690625751,21690671796
21691322044,21691725533
21691596362,21692061438
21691985807,21692162792
21692616164,21693118501
21693194716,21693492865
21694603892,21694976095
21695024775,21695439063
21695173262,21695562030
21698410157,21699395954
21698605959,21699211093
21699402933,21699736091
21699500711,21699758829
21699646769,21699957868
21699767956,21700159341
21700937394,21701389728
21700965287,21701312247
21701313792,21701631486
21701537140,21701559999
21701787083,21702411455
21702474259,21702774621
21702679611,21703243827
21702925179,21703167590
21704888578,21705421171
21705046622,21705492902
21705652274,21706314949
21705715744,21706233900
21706135683,21706640026
21706207855,21706578176
21706232714,21706405252
21706571165,21707484781
21706706223,21707404099
21707086233,21707532827
21707303820,21707546448
21707552158,21708102364
21707869864,21708169577
21709563002,21710167081
21709699164,21710176058
21710193290,21710634393
21710513241,21711090993
21710551836,21710956185
21710694028,21711148239
21711077129,21711250361
21711741655,21711762789
21714483220,21714948868
21714504910,21714848435
21714517452,21714860464
21715064434,21715544899
21715250291,21715369118
21715954957,21716126639
21716055254,21716387449
21716611929,21716643812
21716704915,21717032154
21717169968,21717364343
21717586979,21718195495
21719008077,21719262289
21720032973,21720206420
21721221088,21721552748
21721436941,21721809790
21721888419,21722245045
21723109423,21723653936
21723418557,21724293296
21723639588,21723866501
21723782783,21724338401
21723829966,21724169895
21723967907,21724428200
21723986423,21724630303
21724514076,21725084718
21724722511,21724762795
21724826434,21725146778
21725017982,21725039726
21725839740,21725954235
21726535342,21727069037
21726665778,21727205360
21726802219,21727274465
21727321335,21727433018
21727453480,21727967999
21727483534,21728200107
21727555905,21727977907
21728390401,21728788452
21728391780,21730036548
21729102957,21729593480
21729221153,21729418199
21729378592,21730396293
21729615828,21729671033
21730605892,21731587373
21730622017,21730987480
21731259708,21732267946
21731344805,21732046107
21732038704,21732464988
21732349817,21732886127
21732918882,21733110994
21732921315,21733356182
21733108884,21733348665
21733346864,21733496881
21733592125,21733820727
21734368278,21735072462
21736777095,21737230232
21737235941,21737680242
21737312962,21737882214
21737602919,21738441712
21738890743,21739312473
21739108869,21739564968
21739647055,21740579374
21740104140,21740444328
21740144971,21740196669
21740209827,21740640164
21740600396,21740926686
21740934134,21741392512
21741456733,21741858336
21741900807,21742351312
21742028652,21742408075
21742723439,21743020994
21743194997,21743428266
21744471415,21744858777
21745118174,21745347275
21745141878,21745193804
21745347915,21745742975
21745617088,21745993002
21748030002,21748642654
21748223952,21748589663
21748660977,21749148865
21748777053,21749426417
21748807758,21749372451
21749161271,21749420720
21749208160,21749454610
21751166831,21751224280
21751616265,21752065045
21751994189,21752547716
21752386965,21752860892
21752444418,21752835749
21752742709,21752818709
21753360364,21753906360
21753373229,21753469231
21753906906,21754209843
21753935624,21754640046
21755086881,21755561023
21756283334,21757750527
21756556010,21757283073
21757744890,21758081115
21759240500,21759753742
21759460915,21759885842
21760224457,21760542632
21761023910,21761393572
21761320171,21761752681
21761940356,21762386769
21762407853,21762761393
21762776532,21763283013
21763041393,21763514706
21763781876,21763964760
21764023467,21764164655
21764982702,21765598682
21766689516,21766956689
21766793016,21767234484
21766874716,21767289442
21766903101,21767148520
21767374291,21767863333
21767745709,21768357522
21768548544,21768929325
21768565593,21769016486
21770438885,21770702616
21770557263,21770671856
21771350256,21771664774
21772227242,21772434436
21772398454,21772607749
21772422204,21772737425
21773876502,21774201288
21773878501,21774089109
21774780974,21775334348
21774836000,21775092206
21776800255,21776926066
21777529732,21777626665
21777677147,21778178643
21777807487,21778041829
21778067619,21778558387
21778552694,21778954197
21778776231,21779343120
21778906976,21779352311
21779177248,21779542550
21779376376,21779495508
21779406578,21779546442
21781504363,21782560436
21782042362,21782599400
21782220115,21782471056
21782482948,21782849866
21782631777,21783047549
21782876372,21783311378
21783900977,21784240382
21785011383,21785527357
21786207521,21786742968
21786313689,21786755847
21788634136,21788806847
21788824415,21789181933
21789992658,21790372374
21790143931,21790482125
21790162524,21790473805
21790488446,21790954113
21791160342,21791496382
21792053107,21792309721
21792128320,21792243995
21792356160,21792549041
21792434433,21792569407
21793430394,21793741796
21793818458,21793982864
21794193565,21794318404
21794213976,21794722569
21794757617,21795592511
21795704260,21796043251
21795898234,21796101277
21796026266,21796598852
21796031894,21796506586
21796150076,21796695598
21796547537,21796676057
21796582793,21796862935
21796708891,21796989469
21796917708,21797321512
21796979259,21797335037
21797716340,21797995472
21798096136,21798308000
21798910564,21799324870
21798953926,21799204402
21799014880,21799402914
21799895535,21800510394
21799905928,21800458644
21801360866,21801590830
21801593231,21802360997
21802071214,21802408154
21802163499,21802529261
21802433529,21802455729
21802571743,21802894362
21802736407,21803088868
21803012877,21803329415
21803096975,21803508100
21805311279,21806080241
21805845003,21805998805
21806092954,21806168236
21806483901,21806551007
21807166467,21807454277
21807173423,21807433622
21807707817,21808110864
21807714849,21808062361
21807917308,21808222675
21808402796,21809102931
21808456866,21808973418
21808822009,21809198112
21809738845,21809963134
21809912359,21810045921
21810440410,21810555674
21810524745,21810812630
21810566998,21811047984
21810658396,21810874458
21810977018,21811001576
21812043565,21812227433
21812529392,21812648108
21813115980,21813569541
21814675526,21815282852
21815243860,21815414125
21815607837,21816021469
21815789632,21815941261
21816650503,21817068628
21816895446,21817220344
21817522102,21817910703
21817933739,21818407774
21818437048,21818754590
21819122935,21819189901
21819498229,21819954047
21820414936,21820805484
21820557197,21820941608
21821621636,21822235953
21822601423,21822775564
21823396570,21823799529
21824327175,21825618288
21824924994,21825443804
21826897893,21827354664
21827063154,21827460061
21827177881,21827465040
21827986343,21828111628
21828465761,21828512850
21828513889,21828888025
21829314847,21829593816
21829344373,21829447041
21829441931,21829578930
21830858694,21830951909
21830959173,21831301800
21833906251,21834353548
21834057991,21834510101
21834234754,21834661858
21834732042,21834938256
21837562651,21838099488
21837983695,21838346911
21838305852,21838718511
21838428345,21838767666
21838803708,21839004976
21838899682,21839238663
21839309880,21839452066
21840764011,21841092481
21840890661,21841328647
21841589745,21841955650
21841976167,21842288687
21842967336,21843164039
21843020689,21843250330
21844961190,21845559626
21845324208,21845644236
21845979177,21846445702
21846119144,21846374570
21846188318,21846518858
21847198896,21847837448
21847226764,21847496350
21847351826,21847675692
21847949210,21848420332
21848171204,21848582020
21848740999,21849294079
21849353722,21849945306
21849851584,21850018786
21850439341,21850716633
21851064955,21851650436
21852536835,21852632656
21852558063,21853039875
21853324518,21853888988
21854221629,21854827456
21854381928,21854762673
21854387453,21854724432
21856258911,21856632003
21856290894,21856519816
21856919280,21857099309
21857059723,21857233668
21857647223,21858149262
21858529195,21858959940
21859296864,21859742527
21859476602,21859881432
21860030853,21860620531
21860883149,21861523539
21860912620,21861652431
21861097436,21861656657
21861309656,21862177213
21862457160,21862501769
21862544360,21862660773
21863719915,21863937103
21863839770,21864442298
21864206819,21864646188
21864592863,21864920314
21865010296,21865107239
21865101235,21865216062
21865258243,21865724969
21866532263,21867206654
21866846422,21867045405
21867502727,21867743490
21868071103,21868161285
21869973535,21870568977
21870390864,21871203687
21870572439,21871104856
21871083629,21871097100
21872481419,21873011184
21872597160,21872627493
21872619797,21872912803
21873028851,21873593344
21873368467,21873613017
21873780573,21874076450
21873795564,21874165946
21874114250,21874167548
21874783935,21875229387
21875015911,21875356764
21875121310,21875584997
21875727491,21876102876
21876028870,21876896702
21876110185,21876942839
21877449759,21877494312
21877547448,21878244292
21878228054,21878792827
21879298825,21879624341
21879425854,21880023118
21879974890,21880331231
21880785922,21881456551
21881157888,21881817905
21883628006,21884020095
21883978044,21884373814
21884386381,21885021368
21884993681,21885512320
21885303728,21886641716
21885346849,21885600684
21886293036,21886666576
21886530585,21886969871
21886572919,21886980281
21887135739,21887279172
21887658170,21887856922
21887829786,21888282465
21887866993,21888484885
21888285634,21888723014
21888392428,21888457319
21888496693,21888623589
21889072253,21889301818
21889155248,21889482288
21890064307,21890583823
21890259049,21890637956
21890369641,21890435381
21890596734,21891174499
21890649919,21890857652
21890701415,21890968395
21890910838,21891268270
21891228408,21892026339
21891487543,21891734996
21891829190,21892012208
21892435843,21892843205
21892568691,21892608753
21892646318,21892931966
21893692134,21894171715
21894003996,21894075463
21894062093,21894109877
21894729744,21895030723
21894774794,21895003189
21895412513,21896093008
21896568140,21897154227
21897504748,21897545570
21897753754,21898205186
21898144549,21898684822
21898217150,21898670384
21898458503,21898936748
21898510340,21898886225
21899629340,21900323005
21899797236,21900494020
21900462595,21901055607
21900748121,21901370940
21900852356,21901337474
21901265142,21901400077
21901466293,21902022956
21902095799,21902338893
21902221534,21903013266
21902351558,21902523986
21902371337,21902546445
21902585303,21903543637
21903503729,21903834591
21903580294,21903812941
21903744393,21903837957
21904029571,21904583100
21904584496,21905053018
21904644001,21904921850
21905154630,21905604265
21905655995,21905869562
21906324537,21906751515
21906415394,21906803292
21906683206,21906929045
21907176942,21907244322
21907709853,21907867385
21907939427,21908490770
21908583694,21908851146
21908843301,21909380250
21909347758,21909799386
21909597689,21910201905
21910799014,21911019396
21911120797,21911577063
21911210721,21911520803
21912527015,21912872354
21913148721,21913729971
21914186162,21914292302
21915242677,21915572825
21915864189,21916245842
21916014471,21916443435
21917937958,21918136931
21918507737,21918557130
21918921066,21919222502
21919142353,21919552218
21919708710,21920158927
21919886906,21920531237
21920717280,21920985466
21921524115,21921692805
21921535388,21921782387
21921702817,21921905129
21922496400,21922992890
21922518144,21922946029
21922689104,21923148912
21924028992,21924571589
21924075413,21924215947
21924534803,21924575676
21924961973,21925595782
21925419416,21926038367
21926611028,21927059407
21927068911,21927429463
21927585071,21927908840
21928786375,21928831301
21928939639,21929382890
21929157250,21929454774
21929580846,21929619552
21929756550,21929792978
21930359638,21930579301
21930409064,21930939569
21930533563,21930815630
21931078888,21931715652
21931338329,21931770880
21931725039,21932243169
21932105950,21932757062
21932892370,21933236273
21933813666,21934092596
21934516014,21935045686
21934882676,21935263400
21935244274,21935653929
21935887971,21935967100
21936205119,21936429308
21937035717,21937361965
21937560220,21938087138
21937990658,21938075236
21938234592,21938437663
21938941940,21939308555
21939096001,21939650357
21939151304,21939569253
21939237462,21939434461
21939845350,21940504445
21939892916,21940387216
21940196377,21940551304
21940754887,21941287852
21940847463,21941277715
21941248933,21941387893
21942173449,21942538027
21942271687,21942934182
21942420945,21942935162
21942628930,21943284258
21943376665,21943866776
21943455875,21943681463
21943469179,21944005623
21944199909,21944884921
21944381477,21944675244
21945342570,21945556521
21945704406,21946271095
21945993223,21946038790
21946519957,21946827416
21946562735,21947242541
21946604932,21946838117
21947041376,21947386390
21947141263,21947679629
21947359516,21948126474
21947364234,21947995225
21947614346,21947779888
21947681525,21947975480
21947978972,21948039036
21948906600,21949561008
21949091026,21949614303
21949866225,21950147129
21950810140,21951004943
21951819027,21952021061
21951821740,21952436386
21953346681,21953471228
21953805769,21954389892
21955111767,21955517852
21955675057,21956171935
21956159762,21956550114
21956178529,21956429192
21956594672,21956836911
21958649346,21959032020
21959074602,21959531695
21959501525,21959771648
21960269641,21961080437
21960924754,21961060061
21961344824,21962807899
21962784725,21962882641
21964740372,21965277411
21964791655,21964824352
21965431309,21965464577
21965919262,21966051861
21966241307,21966517757
21966291355,21966329880
21966862530,21967459059
21967258250,21967675277
21967630686,21967969788
21968775099,21968921602
21968981005,21969163207
21969201086,21969633452
21969731913,21969987596
21970633185,21970804660
21970831405,21971512939
21971172912,21971331142
21972181013,21972603132
21972845651,21972932101
21973115143,21973340617
21973127040,21973529186
21973420154,21973472670
21973651049,21974054610
21974619208,21974943126
21974766871,21975348332
21976717952,21977085872
21977027406,21977065225
21977620634,21977899254
21978214549,21978767002
21978417494,21978862765
21978516773,21978803104
21978716170,21979263861
21978788120,21978849926
21979117348,21979423314
21979655148,21979952908
21981129493,21981591094
21981799176,21982570481
21982334200,21982754311
21982450247,21982721556
21983079602,21983213329
21984208838,21984922420
21984666592,21985482685
21985503647,21985821091
21985739956,21985967786
21985877755,21985945929
21986537360,21986680897
21987028688,21987306401
21987680303,21988198320
21987856904,21988399465
21988323300,21988396236
21988857533,21989038742
21989800349,21989942746
21990152615,21990350824
21990332126,21990647186
21990530680,21990552791
21992340613,21992925140
21993047693,21993566028
21993051082,21993995331
21994135294,21994539951
21994405004,21994753515
21994725102,21994897777
21994933817,21995475587
21995171596,21995433498
21995375278,21995623258
21996751173,21997120895
21996874790,21997232361
21997552286,21997956103
21998522869,21998850925
21998552176,21999041755
21998803688,21998883878
21998852414,21999267548
21998912384,21998955622
21999050585,21999147608
21999110150,21999356952
21999595799,21999660914
21999766387,22000190325
21999828505,22000051553
21999873225,22000188425
22000503060,22001006135
22001500866,22001982040
22001770124,22002273719
22001978042,22002353273
22002188980,22002323421
22002316431,22002422531
22002651840,22002799629
22002698260,22003232390
22003934894,22004077114
22003937215,22004054725
22004388854,22004435322
22004713075,22005146999
22004868138,22005244037
22005477513,22005567552
22005612106,22005771358
22005725319,22005819244
22006475512,22006617810
22006964257,22007192816
22007540809,22007806887
22007986349,22008188285
22008630274,22009215334
22008724104,22009561093
22009299728,22009970543
22009925359,22010072002
22009947718,22010462989
22010836660,22011306231
22011211373,22011550179
22011484381,22011518643
22012438169,22012773691
22012641167,22013062794
22012916769,22013324915
22013219064,22013419181
22014538377,22015095363
22014733545,22015144295
22014905831,22015092956
22014954043,22015438747
22015581348,22015700737
22015951438,22016324343
22015995878,22016175552
22016126498,22016613876
22016274280,22016598898
22016943893,22017210624
22017422518,22017671360
22018247495,22018812152
22018421355,22018662727
22019245121,22019651129
22019631987,22020336756
22019773408,22020072004
22020127397,22020714447
22022026278,22022586767
22023778022,22024066511
22024468916,22024765438
22024486198,22024979220
22025826845,22026176863
22025934062,22026315594
22026643814,22027089202
22027107969,22027328875
22027519140,22027995891
22027725952,22028014367
22027866811,22028125222
22028145200,22028584550
22028207679,22028531104
22029216352,22029505117
22029544234,22029925580
22029848260,22029964540
22030288754,22030569073
22030476258,22030716348
22030584472,22030641441
22030670922,22030966355
22030705045,22030845002
22030810952,22031372244
22031444044,22031755453
22031898497,22032468007
22032220643,22032485056
22033221656,22033580530
22034632812,22035270507
22034984692,22035576228
22035013776,22035481210
22035023723,22035398109
22035639855,22036618277
22035746710,22036885843
22036133203,22036488504
22036774045,22037108328
22038212781,22038507365
22038314517,22038779289
22038635354,22039119415
22038790365,22038983193
22039082565,22039510506
22039702361,22040094990
22040951667,22041298790
22041647960,22041739815
22041808956,22042146632
22041869426,22042158861
22043579933,22043881762
22043979288,22044526110
22044695676,22045355101
22045682128,22046273639
22047510530,22047603316
22048647981,22048767918
22048783602,22049129061
22048969080,22049443620
22048989557,22049095319
22050382081,22050910765
22050726512,22051351986
22050850570,22050987269
22051305857,22051679415
22051667025,22051999627
22052062525,22052697661
22052805710,22052846196
22053397156,22053534946
22053416384,22053864796
22053502184,22053710385
22055042406,22055524626
22055998972,22056515479
22056348971,22056674833
22057097165,22057391354
22057140205,22057237485
22057625020,22058209201
22058462839,22058930509
22058740058,22059104389
22058856002,22059282770
22059888110,22060174677
22060305509,22060337271
22060700226,22061113952
22060792550,22061444639
22061018821,22061109316
22061280451,22062257908
22061663385,22061956109
22061706181,22062315236
22062852549,22063142987
22063923210,22063967019
22064140071,22064503167
22064362214,22064729236
22064856145,22065401026
22065173264,22065365448
22065608590,22065941050
22065657044,22065872867
22065776577,22065891522
22065844243,22066217951
22066839899,22067056546
22067551614,22067757509
22067791499,22068219119
22068186613,22068816220
22068965699,22069530293
22069413581,22069817758
22069584788,22069723552
22069636734,22070035882
22072666078,22073099175
22073222134,22073738242
22073924926,22074093899
22074104318,22074154386
22074190433,22074688964
22074419381,22074523388
22074456143,22074805812
22076053160,22076230306
22076423091,22077178829
22076432544,22076857360
22077007559,22077377475
22078040829,22078232134
22078258363,22078419011
22078363084,22078744906
22078634918,22079075420
22078748831,22079280289
22079078080,22079634203
22079307578,22079571258
22080053872,22080326118
22081202773,22081499444
22081341861,22081777096
22082113682,22082538392
22082680451,22083443057
22082680479,22082861183
22083223872,22083558080
22084051303,22084463612
22085223476,22085666881
22085573706,22085661442
22085716184,22085914525
22087415153,22087784621
22087478339,22087631152
22087631013,22088075469
22088919195,22089421560
22089771755,22090133193
22089823674,22089900157
22089935805,22089969268
22091412265,22092012879
22091592914,22091866728
22091822374,22091920328
22092123669,22092140712
22092225685,22092370288
22092378727,22092610995
22093826212,22094060348
22094160055,22094618428
22094724665,22094880241
22096589153,22096831597
22096791488,22101200772
22097203067,22097312915
22097452238,22097510395
22097981595,22098245847
22097985534,22098037683
22098116520,22098160329
22098949023,22099111137
22098965841,22099002443
22099100261,22102174837
22099449867,22099633540
22099602702,22099708925
22100347387,22101136597
22100365521,22100897570
22101941987,22103452043
22102401463,22102653159
22103250438,22103575857
22105240393,22105499396
22105353649,22105724759
22106041748,22106512014
22106047938,22106644682
22106914388,22107359611
22108017028,22108154409
22108836594,22109141467
22109032771,22109230057
22109146852,22109336647
22110073312,22110341088
22110357895,22110809288
22110403598,22110532181
22110700407,22111306627
22111195923,22111569210
22111617674,22111919543
22112175128,22112327585
22112387966,22112439527
22112440887,22112563914
22112446222,22112864449
22112515059,22112973940
22113081076,22113536078
22113275087,22113776027
22113539195,22113847299
22114690521,22115118182
22114773788,22115004446
22114823409,22115441796
22115124989,22115290650
22115136167,22115573889
22116324340,22116760728
22116339795,22116418736
22116807412,22117165866
22116855295,22117515863
22117284389,22117794824
22118011594,22118603449
22118452938,22118956302
22118767970,22119206610
22119785010,22120276088
22119852847,22119941113
22120517760,22120580100
22121303340,22121670524
22122770386,22122923653
22123209185,22123621864
22123940203,22124355250
22124747264,22125048808
22125508661,22125717106
22125911683,22126524485
22125963203,22126888844
22127514536,22128135894
22127546863,22127972593
22128377166,22128857608
22128433992,22128886403
22128484092,22128819689
22129585252,22129627042
22129820857,22130246105
22130850703,22131526364
22131916816,22132336034
22131944681,22132201176
22131955664,22132203771
22132550509,22132842782
22132720616,22132907948
22132720659,22132887376
22133188399,22133778731
22133463273,22133918643
22133979918,22134509648
22133997148,22134492988
22134126020,22134575649
22134586298,22134637743
22135481874,22136085623
22136408650,22136633552
22136688653,22137083040
22136858427,22137705496
22137569819,22137597324
22137650149,22137952066
22138146121,22138543575
22138699032,22138965382
22138996408,22139449490
22139654623,22139725301
22140816735,22140955735
22142040694,22142130108
22142606743,22142808730
22142625071,22142860851
22144298329,22144579119
22144954917,22145562709
22145018515,22145184580
22145198614,22145491009
22146578238,22146891850
22147326483,22148016359
22147617517,22147732198
22147651947,22147979145
22147874465,22148035542
22148147497,22148662433
22148224981,22148617677
22148668877,22149081753
22148898483,22148990077
22148985815,22149474795
22149088467,22149625169
22149626750,22149775991
22149910833,22150483386
22149996625,22150332448
22151038238,22151455504
22151889046,22152016520
22152095126,22152668029
22152557891,22152627082
22152832139,22152986543
22153426314,22153489907
22153790679,22154231420
22154028987,22154321329
22154724321,22155038048
22154982297,22155421704
22155039543,22155263048
22155106121,22155708382
22155502073,22155554405
22157143508,22157609547
22157157434,22157496524
22157632540,22158133928
22158008688,22158202428
22158632990,22158768393
22158653981,22159275447
22158881541,22159325109
22158898385,22159732606
22159031812,22159533657
22159291157,22159798031
22161570946,22161874485
22161880451,22162297117
22162550293,22162879848
22162663561,22163231856
22162761483,22163632331
22163176408,22164066357
22164085242,22164294471
22164086582,22164372710
22165207866,22165752320
22165281881,22165560367
22165776435,22166140960
22165941228,22166802396
22167530919,22167773265
22167625008,22167954148
22168182852,22168982218
22168357326,22168845132
22169651620,22170162480
22169691505,22170261144
22170385407,22171101773
22171302592,22171792411
22171405773,22171643959
22171621543,22172162063
22171794901,22172280539
22172378160,22172891190
22172552406,22172731452
22173371082,22173981098
22174502248,22175019236
22174912620,22175216110
22175039017,22175239766
22175426807,22175741934
22175838413,22176148029
22176236938,22176570079
22176967618,22177202779
22177050017,22177515617
22177580587,22178055794
22177982612,22178664101
22178043101,22178303622
22179348081,22179930919
22180520828,22180655697
22181756679,22182055241
22181835164,22182277287
22183827441,22184279122
22183992380,22184346326
22184119486,22184293588
22184295960,22185017247
22185381362,22186014292
22185469566,22186021721
22185851129,22186392438
22187722269,22187738813
22187758960,22188262179
22188744531,22189359489
22189294405,22189447118
22189328706,22189424023
22189458424,22189591494
22191042480,22192975265
22192797297,22193221155
22194614838,22195135599
22194788590,22195037667
22195611167,22196201984
22196100464,22196738493
22196107606,22196544628
22196529132,22196990291
22197185194,22197729435
22197394100,22198230860
22197651202,22198189711
22198191869,22199346828
22198451413,22198918237
22198551821,22198789609
22198844367,22199862850
22198924582,22199714879
22199730951,22200392947
22201061259,22201242737
22201344372,22201405492
22201359915,22201446624
22201441468,22201914786
22202304702,22202799081
22202395740,22202973002
22202875189,22203079519
22202888670,22203143157
22204121181,22204447002
22204688934,22205205046
22205140805,22205667069
22205693612,22206502702
22205999210,22206723687
22206087610,22206321372
22208190264,22208638901
22208525739,22208563929
22208662811,22208719146
22208802844,22209482308
22208906740,22209249313
22209096881,22209740426
22209507745,22209654293
22209604719,22209668665
22209713043,22209946941
22210053073,22210412755
22210988547,22211527874
22211321427,22212022731
22211622951,22211673819
22211954702,22212380541
22212706108,22212834279
22212707994,22212801746
22213535563,22213839813
22213834639,22214094365
22214750353,22215008304
22214988727,22215381183
22215320419,22215649659
22215437613,22215489050
22215914072,22216207369
22216635143,22217177476
22217528887,22218071125
22217545174,22217999201
22218058221,22218130684
22218501260,22219056249
22218532098,22218982099
22219535450,22220376677
22220658796,22221191513
22221421113,22221475112
22221556436,22221639774
22221600701,22221652603
22222382312,22222693569
22223103043,22223213100
22224282588,22225178333
22224381450,22224910798
22225125214,22225459787
22225399801,22225523895
22225504213,22226050627
22225745565,22226103653
22225761600,22225999484
22225966954,22226239181
22226064739,22226240786
22226163372,22226609112
22226321738,22226505778
22228332835,22228499167
22228411028,22228630948
22228781611,22229030036
22230312545,22230872557
22230916737,22231476466
22231797492,22232331748
22231919152,22232260147
22232011093,22232349611
22232910973,22233822282
22233390068,22234036706
22234873864,22235173713
22235971298,22236371775
22236096609,22236310435
22236313786,22236811138
22237316306,22237796151
22237461502,22237683447
22238734027,22239266546
22239774485,22239997978
22239870005,22240071270
22240298246,22240552082
22241258420,22241648211
22241590367,22242002360
22241834846,22242226318
22242569433,22243418278
22242609440,22242956263
22242634322,22243959945
22243098700,22243523071
22243285947,22243995590
22243602393,22244092312
22244068916,22244526620
22244562876,22245183451
22245957001,22246446765
22246140147,22246564489
22246153059,22246515051
22246355428,22246741212
22246475015,22246781501
22247414606,22247735259
22247991674,22248267269
22249392368,22250060285
22249474390,22250231675
22249519431,22249923022
22251716651,22252031174
22252032506,22252639723
22252298628,22252800066
22254577856,22254912537
22254867203,22255272555
22255145271,22255396446
22255240080,22255413230
22255247847,22255376245
22255781136,22256031785
22255882608,22256505951
22256054762,22256502231
22257994814,22258075033
22258226683,22258290087
22258521303,22258846714
22258828288,22258875862
22259269391,22259527809
22261344572,22262052352
22262163526,22262368952
22262191377,22262766917
22262660777,22263212533
22262704391,22263214121
22262708064,22262961366
22263108204,22263659445
22263384936,22263771476
22263772186,22264079378
22263925668,22264337296
22264215180,22264377124
22265607990,22266176692
22265829947,22266199090
22266648476,22267003788
22266875625,22267644724
22267030286,22267229688
22267464148,22267854814
22267904675,22267938852
22267940545,22267998181
22268011770,22268606349
22268112835,22268389800
22268403885,22268916795
22268800063,22269418216
22269301189,22269895749
22269436667,22269672548
22270663863,22271186050
22271245063,22271641745
22271307308,22271476532
22271577946,22271643705
22272324463,22272499122
22273578983,22274004379
22273750042,22274139594
22275337394,22275814169
22275984032,22276623565
22276656811,22277177663
22276793046,22277008216
22277983407,22278375395
22279839080,22280056756
22280908178,22281018960
22281034985,22281250286
22281174625,22281550268
22281258512,22281689969
22281268638,22281518276
22281454556,22281884846
22281492864,22282106155
22281980196,22282485706
22282065588,22282557660
22282425587,22282585034
22282538760,22282664535
22282739674,22282857910
22283482027,22283790938
22283664126,22284137797
22284153413,22284348665
22284376146,22284648685
22284567217,22284689435
22284819821,22285251740
22285577227,22285902189
22286703709,22286998543
22287023108,22287503704
22287557719,22287971287
22287969934,22288439879
22288070898,22288372176
22288481814,22288541015
22288504974,22288684444
22289436018,22289853491
22289907819,22290356952
22290071766,22290878404
22291873250,22292294358
22291980441,22292469819
22292792573,22293181232
22293962991,22294300029
22294085172,22294459732
22294679407,22295055923
22294683990,22295014643
22295174858,22295953822
22295340817,22296044793
22296185526,22296965585
22296318935,22296529640
22296356936,22296821725
22296758240,22297410942
22296844800,22297352772
22296927632,22297165548
22296977864,22297187698
22298083255,22298659076
22298319521,22299727550
22298663454,22298796000
22299428681,22299449621
22299587120,22300265361
22300327899,22300443471
22301485330,22301976788
22302380340,22302653282
22303878073,22304195208
22304541982,22305154488
22304754968,22306401247
22304972638,22305474235
22306251376,22306664162
22308675761,22309200166
22309151328,22309363835
22309340360,22309600195
22309503547,22309731682
22309524863,22310009678
22309889810,22310295310
22309948313,22310619801
22311199622,22311405156
22311874011,22311976124
22312498660,22313260113
22313062125,22313542458
22313289808,22313373576
22313574766,22313961949
22313647490,22313817495
22314056365,22314373405
22314287743,22315060196
22314603371,22315300197
22314706386,22315453400
22316635294,22317423345
22316911819,22317338925
22317711092,22317870767
22318208198,22318662400
22318227762,22318573675
22319002746,22319262474
22319144045,22319511862
22320222118,22320748228
22320567325,22320870953
22320996747,22321633059
22321667247,22322169724
22322113438,22322526888
22322429401,22322659353
22322640679,22323363733
22323053143,22323145711
22323154171,22323833642
22323781059,22324123626
22325430075,22325557104
22325840690,22326390697
22326352610,22327110926
22326509454,22326852635
22327503743,22327833281
22327841471,22328113621
22328642315,22329659826
22328974019,22332226377
22329664665,22329717130
22330523665,22330934945
22331759748,22332200407
22332103417,22332807235
22332363466,22332975789
22333501386,22333618892
22333612323,22333837156
22333989884,22334601020
22333990988,22334623265
22334553939,22334944157
22334694895,22334731871
22334841407,22335024741
22335570877,22336093547
22335805471,22336100048
22336667465,22337186728
22336997405,22337371114
22337563504,22338100117
22338103316,22338539556
22338184907,22338309698
22338222389,22338566875
22338317694,22338798017
22338366248,22338822078
22338415061,22339316356
22338583608,22338743300
22339501797,22340047965
22339779726,22339937754
22339918950,22340156989
22342008935,22342044913
22342202348,22342859163
22342393347,22342717229
22342605553,22343204161
22342904994,22342941799
22343022679,22343132681
22343425462,22343962057
22343723291,22344148981
22344605949,22345026667
22345123420,22345699613
22347172340,22347433302
22347190849,22347735901
22348043196,22348112009
22348084847,22348433446
22348110197,22348688995
22348713111,22349248274
22348992210,22349236655
22350097684,22350479522
22350149265,22350283590
22350549892,22350670729
22350626990,22351133620
22350893149,22351314275
22351129562,22351700199
22351319952,22351675093
22351339495,22351444062
22351487812,22351541120
22351929283,22352190229
22353284700,22354109365
22353614061,22353646414
22355315620,22355902698
22355669347,22355736595
22355708449,22355986559
22355769738,22356393827
22356047583,22356217247
22356076049,22356139395
22356495505,22356811736
22356843800,22357193332
22357021125,22357209887
22357257392,22357934569
22358623149,22358890753
22359328645,22360308805
22360977222,22361397478
22361238471,22361362917
22362309233,22362743837
22363999982,22364481386
22364027591,22364075055
22364139656,22365019981
22364333895,22364932117
22364646539,22365176899
22364807781,22365274662
22365290298,22365679698
22365634769,22366063030
22366279223,22366766129
22366773452,22367270850
22366893750,22367284247
22368508481,22368761065
22369090658,22369360019
22369329404,22369373296
22369493430,22369712188
22370454186,22371086557
22370595791,22370990595
22371085681,22371453193
22371181384,22371260231
22375687827,22376423133
22375860374,22376299315
22375920359,22376517259
22376538401,22377260432
22376718715,22377372505
22376811601,22377434694
22377003621,22377435132
22377050619,22377232019
22377568457,22378262313
22377830663,22378461205
22378027347,22378497531
22378757301,22379324632
22380326055,22380473612
22380697652,22381416116
22380742495,22381194216
22383047497,22383672433
22383215834,22383352830
22385239637,22385681040
22385471924,22385652947
22386259571,22386677813
22386411334,22386824463
22386685271,22387364985
22386722796,22387632916
22386757858,22387597920
22386885929,22387423009
22387602416,22388086169
22388001286,22388068160
22389101518,22389570666
22389343690,22389675576
22389500573,22389964825
22389840690,22390247239
22389951969,22390620104
22390644687,22391435782
22391304525,22391770235
22391504669,22391549014
22391576910,22391716771
22392198668,22392935904
22392752228,22393040459
22393078597,22393570119
22395536684,22395981142
22396799496,22397020449
22396828772,22397087055
22397179915,22397427374
22397701482,22398384461
22397934138,22398245184
22398086367,22398432004
22398164353,22398743123
22398780151,22399218748
22398858368,22399306285
22399355197,22399878272
22399626349,22400063519
22399862026,22400390652
22399903757,22400403282
22400182037,22400631631
22400289505,22400600238
22400415410,22400988016
22400635190,22400910585
22400850208,22401427866
22401027414,22401365652
22401620325,22401916521
22401815889,22402216490
22401978069,22402323335
22403094148,22403615863
22403129073,22403464192
22403200691,22403512027
22403407044,22403805400
22403507081,22404847096
22405208008,22405618610
22405315805,22405718357
22405432960,22406400370
22406171807,22406779468
22406955353,22407386011
22407575610,22408160136
22408194579,22408562334
22408697653,22409017842
22409218988,22409365681
22409567668,22410033338
22409969003,22410433702
22410852831,22411152135
22411174439,22411389093
22411391166,22412342288
22411555057,22412056275
22412321401,22412510210
22412457775,22413204901
22412542487,22413184532
22413511260,22413692048
22413724493,22414206565
22413775427,22413988992
22414218140,22414525041
22414638910,22414829796
22414722470,22414819384
22414807623,22415050172
22415138739,22415331465
22415832880,22416281886
22416035148,22416514436
22416345238,22416895219
22417025291,22417141839
22417045806,22417332294
22417161674,22417626235
22417963414,22418327718
22419589839,22419879797
22420122717,22420716716
22420393654,22420639676
22422311754,22422506600
22422362756,22422382643
22422423048,22423050777
22422692312,22423208435
22423243008,22423541316
22423349222,22423868684
22423658044,22423797317
22424038139,22424228377
22424809867,22425165660
22425642790,22425698475
22426950145,22427296015
22426996546,22427564652
22427341549,22427760055
22427343252,22427777965
22427513869,22427988641
22427544843,22427629808
22428503496,22429079935
22428705492,22429244020
22429223529,22429847968
22429265202,22430056775
22430550397,22430952841
22430878262,22431120142
22431015497,22431367823
22431868581,22432472157
22432358547,22432474623
22432530813,22432742224
22433127873,22433335605
22433886158,22434065247
22434459397,22434912645
22434518881,22434765732
22434694866,22435039460
22434767353,22435144409
22434865084,22435095128
22435539836,22435803472
22435612592,22435676523
22436361367,22436880477
22436442554,22437041602
22437194913,22437461113
22437411403,22437775991
22437516740,22437596539
22437799533,22438304532
22438336237,22438579921
22438534266,22438884428
22438617516,22438804674
22438917355,22439301991
22439184893,22439922908
22440406991,22440512887
22440434021,22440793269
22441750712,22442373779
22442123310,22442775271
22442780599,22443088842
22442790606,22443526168
22444471581,22444919635
22445236716,22445719022
22445289526,22445525835
22445530407,22445936420
22446338291,22446421643
22446798782,22446898104
22447705993,22447821018
22447714189,22447735616
22448477978,22448905300
22448514393,22448554400
22449114728,22449413592
22450185329,22450641156
22450856948,22451153024
22451165134,22451790923
22451181031,22451743536
22451741373,22452194676
22451893172,22452293818
22452052483,22452345114
22453486621,22453769550
22453524889,22453910499
22454024514,22454251368
22454864972,22455075503
22455019827,22455243355
22455666544,22456208638
22455774169,22455977350
22456364056,22456520009
22456820764,22457485162
22457173604,22457220025
22458085131,22458329415
22459366279,22459578853
22459404145,22459805754
22459901438,22460313408
22459922282,22460338108
22460406591,22460738479
22460502928,22460795432
22461568959,22461903997
22462538781,22463092140
22463468754,22463599084
22465618333,22465971728
22466630480,22466972134
22466835438,22467194588
22467242574,22467748142
22469146866,22469494350
22469274997,22469597631
22469606687,22470006576
22470010276,22470759179
22470045137,22470574694
22471579792,22472305376
22471732728,22472452969
22472553395,22472779259
22473146366,22473303258
22473182476,22473327700
22473188558,22473391217
22473933031,22474311499
22475301696,22475673663
22475660958,22475937437
22475731336,22475849038
22476068002,22476396520
22476290566,22476828337
22476419132,22476871759
22478797000,22479167795
22479449884,22479750779
22479583614,22480356502
22481071400,22481725989
22481404606,22481753825
22481479964,22481911207
22482247530,22482393979
22482877976,22483102272
22484775853,22485109068
22485767421,22486168926
22486043767,22486134804
22487040038,22487565562
22487072431,22487630930
22487893971,22488104469
22488441087,22488848463
22488482827,22488580130
22489139946,22489848979
22490987117,22491441827
22491026743,22491555341
22491039477,22491613309
22491497097,22491752580
22491630598,22491950989
22492996752,22493048750
22493677934,22494038771
22494119180,22494409536
22494170675,22494525867
22494209267,22494793019
22494270911,22494734309
22494615866,22495269524
22494702774,22494775264
22494751575,22495065714
22494993056,22495659331
22495744163,22495967218
22496151578,22496245976
22496545607,22496836619
22496895806,22497497402
22497467245,22497845712
22497695889,22498432785
22498884927,22499227267
22499096190,22499398411
22499423900,22499969819
22499646858,22500001571
22500191481,22500492226
22500791660,22501344902
22503129178,22503468322
22503512237,22504231266
22503850510,22503905839
22503990550,22504405144
22505106124,22505364234
22505678014,22506260994
22506792909,22507140502
22506973584,22507167691
22507593881,22507988386
22508106483,22508276064
22508112864,22508277128
22508329691,22508885743
22508332056,22508906561
22508407722,22508703096
22509476617,22509571877
22510305595,22511166615
22510954096,22511198458
22511002595,22511417463
22511136856,22511242431
22511166135,22511644087
22511291334,22511589967
22511310462,22511727560
22511559513,22512072806
22512022972,22512153529
22512282539,22512441214
22512631445,22512927647
22512778720,22513338533
22513361256,22513926777
22513402297,22513440748
22513514135,22513859990
22513734406,22514270808
22513786130,22514097890
22514043524,22514458687
22514102796,22514219899
22514281280,22514612043
22515162911,22515264357
22515446118,22515901112
22515976357,22516434189
22517045019,22517062686
22519346976,22519563307
22519412620,22519837166
22520615959,22520800989
22520936345,22521167534
22521008248,22521414722
22521115581,22521373210
22521177142,22521851935
22522954209,22523203940
22523300763,22523679624
22523703789,22524373249
22524752539,22525074562
22525354673,22525675677
22525394546,22525916309
22525997607,22526237595
22526014451,22526064358
22526513509,22526620413
22526906079,22527709315
22527219696,22528033632
22527348445,22527831453
22528608502,22529126144
22528663886,22529209773
22529625457,22530063206
22530131885,22530959853
22530299002,22530643857
22530662043,22531207773
22531466497,22531931327
22532532366,22532982495
22532789633,22533210182
22533063316,22533493936
22533170390,22533577476
22533327082,22533594465
22533657398,22533937365
22534512092,22534888477
22535834669,22536562827
22536595208,22536972244
22536857982,22537549721
22536986889,22537288039
22537277747,22537375286
22537845740,22538232609
22538087670,22538412857
22538667244,22539215411
22538753241,22538864674
22539114534,22539510195
22539232309,22539360228
22539372679,22539496016
22539550007,22540045712
22540266849,22540550635
22540425624,22540948724
22541194143,22541665036
22541213438,22541482789
22542113019,22542311469
22542117930,22542665817
22542176302,22542432989
22542544477,22542688390
22543064504,22543149267
22543577369,22544021211
22543577923,22544473170
22544790987,22545325245
22545001384,22545258385
22545194935,22545360005
22545976260,22546025503
22547697596,22547955277
22547968490,22548343178
22548410603,22548691462
22548451359,22548813182
22548946210,22549017595
22549267362,22549524116
22549438765,22549549621
22549530274,22549617740
22549630799,22549999487
22549664909,22549903557
22549841689,22550096292
22552565187,22553336167
22553180199,22553500473
22553849665,22554021142
22554329547,22554627156
22554909206,22555400564
22554943535,22555283406
22556060659,22556458135
22557440297,22558038238
22557517065,22558128885
22557933051,22558178490
22558918209,22559344040
22558949910,22559000673
22558979801,22559035950
22559798459,22560671879
22559868603,22560365813
22560390460,22560607433
22560623372,22560906614
22561162372,22561649099
22561210660,22561678300
22561448963,22561632173
22562057285,22562803666
22564986191,22565151094
22565078473,22565297390
22565129372,22565683491
22565152351,22565488202
22565216764,22565686014
22565273486,22565477125
22565370570,22565873308
22565593978,22566157672
22565883467,22566274678
22566160843,22566497852
22566344380,22566572324
22567435600,22567503850
22567982667,22568305880
22568145451,22568560760
22568585031,22569091640
22568937619,22569383736
22569121913,22569608635
22569826471,22569899514
22570745582,22571147912
22570751946,22571434382
22571022497,22571489806
22571587221,22571664057
22571876011,22572415145
22572039121,22572719706
22572735352,22573443813
22573122754,22573383777
22573461958,22573671049
22574606100,22575097501
22574904571,22575588386
22575106666,22575371478
22575752808,22576056506
22576021872,22576325774
22576861850,22577166242
22577195765,22577607713
22577199137,22577724409
22580084519,22580577361
22580284158,22580850251
22581115729,22581151368
22581279051,22581840389
22581329642,22581839961
22582144121,22582560514
22582154230,22582766022
22582786106,22583181834
22583713442,22583822764
22584738762,22584972845
22585422281,22585666282
22585672408,22586048825
22585935206,22586195805
22587281219,22587812145
22587486711,22587544136
22587773370,22588247660
22587892319,22588455109
22588504142,22588971487
22588639674,22589051820
22590311715,22590998911
22590923669,22591569499
22592374552,22592637700
22592472189,22592936643
22592776162,22592898031
22592916274,22593373462
22593942229,22594311355
22594508840,22594963965
22594624582,22595313164
22594793108,22595231804
22594861619,22595908510
22596430810,22596744509
22596630608,22596862888
22597226924,22597549803
22597280094,22597333127
22597529345,22597805240
22597611944,22598104323
22597721124,22598049357
22597787753,22598418943
22597790584,22598308680
22598367215,22598793911
22599802241,22600287396
22599903927,22600110291
22600339705,22600611109
22600415652,22600902829
22601507083,22601782806
22601870513,22601973787
22602269052,22602787805
22602866943,22603362419
22603019792,22603384612
22603438773,22604392326
22604384597,22604627364
22604589002,22604671446
22604650973,22604814089
22604669331,22605130481
22605175745,22605302376
22606807072,22609105743
22608187550,22608514307
22608387423,22608679031
22608393299,22608780382
22608553592,22608631164
22608573773,22608839177
22609673590,22610234414
22610302734,22610335342
22610997364,22611794584
22611194539,22611390310
22611414040,22611818389
22611832109,22612170219
22611871268,22612177945
22612867045,22613066909
22613071124,22613587532
22613699193,22614239329
22613922507,22614578866
22614186416,22614654739
22616493765,22617088288
22616747542,22616901756
22617650386,22617720904
22618429576,22619486286
22618442204,22619325386
22618528225,22619503445
22620356083,22620592030
22622125520,22622527124
22622299655,22622425099
22622506731,22622885580
22622564386,22623116680
22622675318,22623221312
22622948082,22623162964
22623079697,22623607440
22623582117,22623815087
22625076436,22625512136
22625482273,22625904439
22625559062,22626111577
22626242335,22626834135
22626359636,22626590802
22628441983,22628865328
22629077726,22629287672
22629328895,22629565801
22630408072,22630798506
22631260737,22631878912
22631309739,22631401576
22631904268,22632117208
22632958995,22633540369
22633208991,22633852785
22635147883,22635490472
22636108580,22636790632
22636990844,22637035873
22637346993,22637796962
22637791326,22638128604
22637982813,22638385284
22638060587,22638658306
22638136281,22638802269
22638755991,22639483069
22638857036,22639380342
22639231694,22639539131
22639720660,22640183191
22640005155,22640096181
22640723006,22641073834
22640980145,22641274179
22641362592,22641393587
22641700325,22642295967
22641904548,22642546754
22642627985,22643098478
22643229569,22643791525
22644243498,22644741786
22644341778,22644943212
22644982061,22645109825
22645147656,22645318106
22645411926,22646056849
22645815040,22646000341
22646045941,22646338558
22646117545,22646134261
22646402288,22646928598
22646946488,22647345327
22647616617,22647915718
22647850168,22648051275
22650597909,22651196832
22652619280,22652782466
22652794791,22653112723
22653198920,22653655605
22653659531,22654270069
22654587692,22654698522
22655507016,22655567081
22656613167,22657088224
22657862351,22658201365
22658007963,22658385160
22658477911,22658670144
22659142479,22659493964
22659232156,22659250684
22659890668,22660367781
22660688772,22661014952
22661401309,22661505356
22661568790,22662059872
22662185867,22663141025
22662204044,22662625201
22662415305,22662703489
22663043454,22663456608
22663048530,22663826926
22664986109,22665317120
22665087707,22665199170
22666723926,22667104151
22666879612,22667205028
22668830346,22669276075
22670216760,22670426265
22672629222,22673413151
22672706313,22673224225
22673234610,22673662404
22674322400,22674522792
22674703936,22674960889
22674866635,22675404929
22675260399,22675654613
22675399786,22675461321
22676221770,22676279086
22676990500,22677768415
22677189336,22677819101
22677192042,22677689156
22677239449,22677630594
22677945689,22678345865
22678621210,22679114212
22678812748,22679002005
22678958380,22679394954
22679148234,22679367375
22679196279,22679842948
22679380577,22679547269
22679524896,22679899620
22679699343,22680031311
22680074719,22680571283
22680840164,22681114236
22681035117,22681539383
22681066955,22681302206
22681232723,22681722311
22681546554,22682126423
22682307792,22682781691
22682460941,22682807644
22683068141,22683473129
22683226242,22683728115
22684113715,22684526837
22684368294,22684702196
22684513736,22684760031
22684871528,22685720136
22684987970,22685780581
22686198943,22686534422
22686315287,22686529991
22687998418,22688401178
22688627353,22688713634
22689645108,22689741519
22689704226,22689773652
22690229210,22690889867
22690672892,22691076245
22691318426,22691575985
22691383476,22691750129
22691924471,22692037179
22692002605,22692526918
22692685631,22693005978
22693015653,22693327819
22694956585,22695198742
22696014212,22696781738
22696153894,22696273304
22696449958,22696680814
22696666702,22697297414
22696682465,22697119245
22696889141,22697028953
22696990439,22697105860
22697748866,22698031682
22699067381,22699425111
22699570258,22700071733
22700456431,22700946861
22701266582,22701332043
22701319269,22701656489
22701907210,22702129981
22702145569,22702338135
22703269154,22703942278
22703312097,22703400225
22703581398,22704113418
22703629659,22703959793
22704022093,22704071827
22704517994,22704611317
22704833034,22705377107
22704915972,22705077459
22705629469,22705946983
22705981622,22706454116
22706189449,22706301393
22706777500,22707267457
22707475654,22707952791
22707741232,22708042517
22708109350,22708693671
22708988594,22709645410
22710881938,22711470347
22712175990,22713559048
22712347656,22712720355
22712593355,22713060664
22712606742,22712749853
22713331552,22713708654
22713462774,22713694001
22713649693,22713724082
22713994172,22714148712
22714092862,22714696608
22714210688,22714547635
22715292053,22715822150
22715598332,22716011484
22715761822,22716152353
22715966392,22716110258
22715972527,22716077947
22716136909,22716629605
22717495949,22718355363
22718250033,22718573750
22719634632,22719876451
22719899178,22720443354
22720821257,22721113253
22722121851,22722309742
22722391281,22722750988
22722633097,22723010792
22725072863,22725509835
22725118191,22725554753
22726036965,22726554611
22726375303,22726443115
22726948569,22727753558
22727701661,22727826816
22727780343,22728083518
22728073378,22728411516
22728463876,22729204928
22728969346,22729390819
22729396204,22729754456
22730595141,22731029312
22731047134,22731338926
22733664515,22733999457
22734014510,22734069175
22735214952,22735504469
22735433455,22735475780
22736312518,22736620421
22736789771,22737153548
22737082170,22737686876
22737374001,22737640511
22738422958,22738727015
22738554850,22739104082
22738613182,22739051183
22740150744,22740658903
22740370650,22741829517
22741268267,22741349188
22741359601,22741928118
22741850824,22743056993
22742609039,22742877979
22743265017,22743395363
22743613229,22743903936
22743901867,22744000757
22744101795,22744459817
22744780177,22745083569
22745173287,22745870226
22745294437,22745897154
22745556304,22745727269
22747299169,22747746622
22747405673,22747659302
22747451677,22747845732
22747841855,22748332673
22748833196,22749309383
22748993923,22749217324
22749561790,22750053039
22750036653,22750460149
22750091608,22750799341
22750353266,22750636517
22751115624,22751686332
22751199045,22751985064
22751638216,22752226499
22751787922,22752394647
22752914872,22753064478
22753418412,22754049124
22753582805,22753977798
22754172752,22754208487
22754219640,22754373235
22754764645,22755029659
22755046294,22755417994
22755094715,22755396127
22755258387,22755629391
22755651380,22756191945
22755890613,22756237436
22755944265,22756296692
22756269114,22756595067
22756684023,22757082826
22756762085,22756996118
22758076202,22758619804
22758914286,22759326080
22759007172,22759225803
22759492158,22759911552
22760247905,22760511956
22760924538,22761318055
22760938475,22761057625
22761250422,22761641969
22761343046,22761768948
22762549426,22762708499
22762768537,22763299033
22762932299,22762998303
22763149174,22763905893
22763189729,22763659756
22764619644,22765101071
22764953611,22765443591
22765110407,22765842477
22765996361,22766926985
22766398974,22766546456
22766432747,22767332343
22766871555,22767262786
22767217546,22767663561
22767270584,22767643264
22767985355,22768173243
22768171075,22768616142
22768483139,22768854975
22770718063,22771247179
22771293437,22771919598
22771758667,22772833537
22772456067,22772727811
22773025104,22773276882
22773246653,22773769596
22774748982,22774936097
22774991862,22775664832
22776561550,22777186457
22777870161,22778095352
22778064084,22778459118
22778912527,22779775560
22779036139,22780012035
22780336708,22780354692
22780402505,22780836095
22780529753,22780725115
22780735155,22780896600
22781146679,22781263812
22781154377,22781770304
22781553845,22781922989
22782099883,22782693731
22783091379,22783662091
22783290163,22783567856
22783756980,22784791493
22784037258,22784523830
22784305072,22784670011
22785079418,22785675828
22785535380,22786011439
22786718677,22787197810
22786882133,22786956672
22786958944,22787564894
22788456540,22789421791
22788673278,22788786233
22789051425,22789859626
22789172990,22789907563
22790070509,22790474318
22790563996,22790707906
22790878087,22791365498
22791173628,22791320161
22791405037,22791803262
22791668019,22792006055
22791963714,22792767048
22792588202,22792659234
22793095125,22793653744
22794504832,22795041365
22794541645,22794789891
22794761629,22795161136
22794776112,22795284112
22794802076,22795262215
22795160462,22795723579
22795672418,22796199322
22796955497,22797401675
22797173068,22797685747
22797591595,22797810528
22798154799,22798212445
22798179675,22798582120
22798187905,22798600018
22798638296,22798940122
22798699277,22798741513
22799139486,22799481001
22799176764,22799684981
22799604913,22799677494
22800047974,22800494766
22800352134,22801019810
22800475346,22800685008
22801071257,22801487293
22801768925,22802181869
22801845870,22802071558
22801881144,22802303217
22801892118,22802198275
22801926932,22802309292
22801928175,22802152841
22802094549,22802319772
22803927775,22804020155
22804339779,22805599801
22804877323,22805394542
22804878039,22805072605
22806029100,22806372371
22806906203,22807325707
22807980811,22808089407
22808792469,22809050148
22808933362,22809467411
22809467856,22809523886
22810882786,22811137718
22810922625,22811355564
22810969477,22811168257
22811217475,22811559906
22811258504,22811523358
22811647748,22811838395
22812152939,22812379620
22812282145,22812648304
22813012935,22813301512
22813147408,22814192390
22813260864,22813728673
22814070381,22814149516
22814161689,22814481653
22814830792,22815009722
22815230574,22815267103
22815409240,22816213545
22815961436,22816067453
22816158433,22816351151
22816639875,22816859979
22817208214,22817695875
22818436164,22819174538
22818984547,22819335410
22819275922,22820835964
22819565258,22820021931
22820331825,22820735599
22821866771,22822482724
22823139186,22823878192
22823481219,22824064614
22824536532,22824793523
22827903381,22828395210
22829146596,22829213871
22831526814,22832070535
22832921754,22833169176
22833284126,22833757569
22834634323,22835095726
22835688751,22836191565
22837006235,22837480284
22837012545,22837519514
22839428118,22839995745
22839486460,22839957420
22839811654,22840061774
22840421436,22841029524
22842205955,22842588828
22843469733,22843790148
22844045887,22844515794
22844050732,22844568521
22844219952,22844475979
22844835056,22844910788
22844894549,22844989174
22845247554,22845827378
22845321908,22845389606
22845406115,22845652071
22846090178,22846358031
22846227899,22846524983
22846498622,22847040260
22847146758,22847853220
22847162081,22847386478
22847465520,22848563920
22848044586,22848649215
22848286948,22848593626
22848542130,22850734666
22849583216,22849768931
22851490853,22851533636
22851687354,22851935096
22852681104,22852847523
22853045730,22853607070
22854177912,22854708072
22854914634,22855500804
22854978599,22855225627
22855154729,22855583063
22855235429,22855576008
22855768768,22855895602
22856400286,22856630699
22856527903,22856767864
22856633046,22857045655
22856967652,22857577474
22858155741,22859017747
22858497702,22859466252
22860567392,22861001913
22860829524,22861155538
22861036896,22861505414
22861539102,22861919271
22861696001,22862260499
22861904601,22863005799
22861949496,22863277477
22863060221,22863625260
22863450162,22863660495
22863570529,22863698676
22864560574,22864946872
22865071737,22865198763
22865617083,22866138787
22865969795,22866118892
22866308574,22866649637
22866884240,22867602262
22867182135,22867607638
22867463944,22867796262
22867536348,22868086864
22869636048,22869915588
22870242599,22870687988
22871365302,22871966304
22871592968,22872175304
22871822979,22872327875
22872922724,22873444679
22874780348,22874952057
22875480772,22876118926
22875746885,22876021136
22876218388,22876487846
22876879487,22877233022
22876898769,22877217946
22877182810,22877317556
22878236571,22878854245
22880210074,22880484029
22880399526,22881046662
22881284588,22881654975
22881645721,22881843834
22882220849,22882510837
22882798017,22883143679
22882808607,22882978706
22884125395,22884819618
22884160772,22884666604
22884757886,22885132340
22885559245,22885834650
22885739778,22885986816
22885902903,22886288806
22886107003,22886170950
22886188499,22886636551
22887636978,22887884862
22887804367,22887900481
22887982406,22888571985
22888687903,22889231100
22888885091,22888939596
22891954100,22892512445
22893062407,22893453434
22893095160,22893311473
22893243988,22893708726
22893853364,22894115357
22894010880,22894086679
22895464744,22895869405
22895894079,22896185709
22896803372,22897542253
22896853014,22897342265
22897036607,22897511052
22897206420,22897554979
22900590247,22901162699
22900644470,22900898204
22901251692,22901382642
22901395477,22901679828
22901728972,22902524994
22901823462,22902244963
22902009109,22902716601
22902387146,22902742227
22903055290,22903487716
22904060164,22904796081
22904084759,22904741728
22904257637,22904715918
22904718573,22904909209
22905128360,22905279205
22905536187,22905894274
22905576419,22905795757
22905987596,22906382343
22906289526,22906695217
22907497677,22908064118
22907857705,22908321807
22908384984,22908615915
22908986940,22909159473
22909924747,22909998933
22910034394,22910245026
22910715493,22911274890
22910977295,22911191974
22911336188,22911669411
22911631177,22912122857
22912190509,22912616237
22912622620,22913183069
22913235702,22913429591
22913307780,22913683474
22913607216,22913685996
22913629578,22913895564
22914162360,22914673182
22914798288,22915085557
22915031709,22915369169
22916361763,22917025970
22916756833,22917173862
22917013962,22917285490
22917203510,22917767704
22917841702,22918559400
22918777745,22918969740
22919012540,22919250362
22919088845,22919112420
22919201059,22919703343
22919325008,22919767102
22919614213,22920168104
22919653044,22920218323
22920170093,22920649252
22920484535,22920718945
22921143618,22921631024
22921177465,22921359072
22922208507,22922500229
22922419386,22923176302
22923097213,22923650568
22923196823,22923829299
22923523547,22923665659
22923647452,22924467773
22924268945,22924647617
22924349836,22924798231
22924625562,22924990116
22924766379,22924839904
22925383780,22925640876
22925418186,22925602549
22926093240,22926398230
22926380994,22927145083
22926651757,22927240710
22926798000,22927174459
22927299015,22927373578
22927789411,22927874163
22927800677,22928032559
22927972808,22928531985
22928222649,22928610487
22928247805,22928309172
22928503150,22928762279
22929280547,22929583407
22929748221,22930311494
22930880847,22931322239
22932247602,22932635996
22932591040,22932776680
22933158746,22933726108
22933526625,22933700407
22935083022,22935426591
22935452512,22935796370
22935683082,22936339110
22935781910,22936077670
22935857809,22935964151
22935868924,22935982570
22937475023,22937628645
22938815288,22939511802
22939526560,22940203687
22939917688,22940146409
22940230277,22940834737
22940544374,22941016142
22940815611,22941436737
22940902558,22941322328
22940965479,22941390129
22941327523,22941493491
22942009833,22942464464
22942392330,22942951606
22942406504,22942538475
22942551632,22942781760
22943182138,22944059908
22943754050,22944670638
22944142441,22944397521
22944249719,22944681441
22944630780,22944861825
22945086237,22945353552
22945602390,22945891775
22946047914,22946556769
22946819643,22947874821
22946870098,22947319854
22947886382,22948098243
22948418926,22948567627
22948882185,22949544193
22949367436,22949639745
22950052972,22950602452
22950873239,22951956002
22950903857,22951406585
22951470271,22951678761
22951819580,22952323555
22952613856,22952907778
22952745199,22952892350
22953200399,22954197902
22953757408,22954520405
22954285906,22954804036
22954552720,22954978081
22954791249,22955226734
22955069622,22955781562
22955596129,22956009186
22955713969,22956300293
22957050673,22957411778
22957271767,22957809882
22957373702,22957864073
22957963352,22958332489
22958353500,22958501304
22958674476,22959027229
22958889426,22959249568
22959080957,22959665707
22959305327,22959377492
22959846255,22960105545
22959997901,22960190288
22960121117,22960479593
22960404508,22960743745
22960964105,22961397181
22962396267,22962748528
22962645139,22962933672
22963041475,22963364615
22963821120,22964258577
22964269349,22964995228
22964884519,22965318737
22966019953,22966492769
22966588278,22966867256
22966826846,22967170927
22968149752,22968716115
22968625496,22968815520
22969667314,22970452456
22970742258,22971004967
22970891685,22971138700
22971309512,22971566998
22971425845,22971544775
22971619253,22972026747
22972424426,22972889169
22972617105,22972721443
22973092450,22973228326
22973532723,22973903665
22973630655,22973662385
22973694213,22974208845
22973863823,22974416818
22974294784,22975267526
22974418413,22974883306
22974503565,22974855807
22974527043,22974938005
22974897497,22975082157
22975176928,22975505793
22975299436,22975572163
22975910642,22976375447
22976120486,22976778490
22976935183,22977351129
22977233886,22977698045
22977845416,22977918937
22978346555,22978758745
22978480966,22978792948
22979201314,22979390566
22979371760,22979824638
22979448414,22979717905
22979933906,22980499661
22980729116,22981156961
22980784359,22981541944
22980788338,22981836261
22981171125,22981823969
22981694461,22981754862
22981886271,22982395160
22982744508,22982940473
22983267375,22983617536
22983575741,22983621370
22983665049,22983777489
22983869670,22983932565
22984029309,22984261956
22984251286,22984311866
22984320616,22984941483
22984387542,22984754793
22984895215,22985249255
22984959192,22985486152
22985183903,22985809915
22986827238,22987048013
22987404300,22987890907
22987790107,22987950045
22987839662,22988327647
22987921039,22988047434
22988371140,22988808467
22988420885,22988524750
22988551686,22988870978
22988693646,22989084253
22988959316,22989167998
22989235837,22989896105
22989461280,22989842827
22989992868,22990296168
22990215546,22990392321
22991144723,22991703518
22991650999,22992009122
22992036615,22992230686
22992212066,22992546506
22992439083,22993016672
22992982321,22993475286
22993736401,22994097784
22993814895,22993973119
22994394929,22994574547
22994409761,22994775770
22994536203,22994982953
22994770634,22995195622
22994791682,22995228238
22995726829,22996318389
22996366991,22997212522
22996962686,22996998904
22998444137,22999083897
22998713505,22999203088
22998882140,22999806123
22998976121,22999524663
22999034952,22999431777
23000206429,23000308641
23001184091,23001596439
23001615754,23001902678
23001616808,23001700858
23002332316,23002753182
23002537828,23002838803
23003107257,23003240044
23003135531,23003564909
23004258369,23004411043
23004530220,23004992230
23004928240,23005529823
23005328679,23005863779
23006164370,23006652074
23006356643,23006752711
23006647539,23006812369
23006777787,23007665345
23007804418,23008224611
23007912389,23008476320
23008797605,23009367797
23009291706,23009411907
23009748792,23010158636
23009832200,23010359735
23010441960,23011013412
23010575348,23011103395
23011339952,23011428525
23012818156,23012872522
23013037457,23013717761
23013615434,23013820641
23013722634,23013976910
23013784848,23014246821
23014562109,23014655859
23015249386,23015601698
23015582934,23015768107
23016250171,23016657634
23016642246,23016861505
23016795400,23016987111
23017726038,23018087053
23018533585,23018652242
23019488833,23019759158
23019877609,23020090763
23020230602,23020570915
23020487023,23020983721
23020509057,23020871227
23020520130,23020972883
23021667652,23022210437
23021933993,23022455437
23022051917,23022758373
23023222318,23023455039
23024983533,23025437253
23025321394,23026037161
23025823260,23026088608
23026772930,23027402888
23027117270,23027210709
23027386768,23027785672
23028319564,23028594632
23030154374,23030403861
23030406923,23030610355
23032135347,23032204546
23032259500,23032430457
23032483886,23032973861
23032784259,23032880367
23033067897,23033201711
23033630640,23033943213
23033808129,23034311650
23033868262,23033892481
23035004013,23035451433
23035630246,23035806053
23035651069,23035828184
23035827559,23036397815
23036021241,23036147338
23036802521,23037168743
23037100116,23037224517
23037191838,23037643834
23037348726,23037488017
23037549167,23037627300
23037673761,23038038505
23037782874,23038153401
23038165365,23038701841
23038934492,23039313537
23039686997,23040182274
23039776362,23040213404
23039814694,23039904336
23040167078,23040444258
23040888826,23041279383
23041987434,23042378925
23042688618,23043100537
23043159502,23044149840
23043714788,23044055287
23043829711,23044023913
23044099301,23044863061
23044515518,23044703162
23044868212,23045436232
23045792190,23046148994
23046137272,23046206342
23046571210,23046947837
23046665595,23047085262
23047133219,23047201107
23047431066,23047940615
23047648259,23047990739
23047743365,23048322278
23048062824,23048799100
23048149334,23048744100
23048862511,23049094561
23048911177,23049069641
23049146269,23049856995
23049869801,23050003571
23049909679,23050453112
23052344940,23052753068
23052407735,23052856332
23052993455,23053594447
23053007985,23053603068
23053058965,23053275582
23053187745,23053435907
23053208416,23053392885
23053432047,23053462791
23053458915,23053836865
23053698524,23054009040
23054426133,23054945377
23055205785,23055479631
23055479341,23055667618
23055556250,23055739105
23056370583,23056643282
23056511846,23056574977
23056743702,23057034589
23057073184,23057318463
23057075543,23057561333
23058708743,23058948982
23058729873,23059449631
23058936728,23059507207
23059657428,23059946057
23060740812,23060843907
23060865496,23061560687
23061318564,23061594618
23062352641,23062646565
23062954773,23063193756
23063961529,23064398651
23064297337,23064996775
23064530816,23064926383
23064864592,23065056976
23065414191,23065800661
23065859255,23066344911
23066348438,23066942059
23066356967,23067121302
23066774070,23066806346
23067830106,23068247982
23068186981,23068435358
23068887633,23069272572
23069096456,23069400118
23069435005,23069573948
23069628294,23069719396
23069773851,23071007492
23069935687,23070600222
23071017969,23071183574
23071131705,23071392957
23071883398,23072436612
23073338887,23073535005
23073623650,23073994369
23074335218,23074767044
23075643798,23076131347
23075981715,23076167539
23076023937,23076391219
23076620275,23077059189
23076642773,23077086894
23077074402,23077492318
23077321037,23077755114
23077653030,23078073316
23079309655,23079590783
23079923869,23080436855
23080469677,23080742000
23081136727,23081410491
23081267773,23081482700
23081489441,23081648442
23081738410,23082061178
23081927000,23082291045
23082075343,23082583274
23082126944,23082614233
23082646795,23083061428
23082807560,23083174925
23082823703,23082856656
23083522232,23083931931
23083632587,23083982874
23083634981,23084071864
23084096918,23084372139
23084509389,23085134919
23084565143,23084912266
23085327233,23085572064
23085377021,23085756389
23085422352,23085627425
23085791408,23086033871
23086308686,23086742767
23086318367,23086462884
23086770937,23087086584
23087769935,23088064638
23088418653,23088596833
23088476690,23088627508
23088506616,23088874669
23089311305,23089465449
23089588803,23090232911
23090615211,23091025008
23092181707,23092664288
23092234433,23092784125
23092622718,23092793293
23092666245,23092867451
23092946971,23092980925
23093517153,23093949881
23093868259,23094515083
23093966940,23094333385
23094090581,23094214399
23094228601,23094659014
23094676128,23095404510
23094694116,23095344268
23095445338,23095651044
23095777540,23096225090
23096332483,23096684109
23096502823,23096985255
23096989423,23097973006
23098610234,23099092743
23098915004,23099555260
23099568170,23099780749
23100959589,23101154687
23101192736,23101705713
23101207025,23101331852
23101302364,23101774089
23101340536,23101585289
23102221513,23103058759
23102568188,23102759371
23102693401,23103186493
23103795445,23104159290
23104115356,23104356382
23105278665,23105357827
23105370477,23105495356
23106240456,23106751876
23106468217,23106607655
23106598052,23106930363
23107552368,23108172472
23107848774,23108223903
23108789231,23109362115
23108930273,23109390385
23108945503,23109310062
23109406374,23109713346
23111831373,23112067511
23111961432,23112454975
23112052175,23112247699
23112875003,23113023508
23113174706,23113459585
23113316803,23113475810
23113413915,23113760230
23113421802,23113708410
23114250092,23114748879
23114317748,23114619713
23115811130,23116034574
23116128971,23116499658
23116369787,23116638682
23116459459,23116680044
23116650934,23116662519
23118049506,23118344380
23118062738,23118311479
23118273378,23118767574
23118443747,23120028345
23119129480,23119197474
23119340979,23119494308
23119633665,23119695840
23120075658,23120558815
23121181972,23121453499
23122593512,23123050852
23123194298,23123462781
23123621925,23124063089
23124230708,23124896205
23124350341,23124919422
23126773214,23126846799
23127655647,23127972449
23127938722,23128327818
23127996114,23128246300
23128191162,23128693282
23128343189,23128780025
23128370385,23128666550
23128540145,23128661116
23129993538,23130288725
23130717808,23130950493
23131529846,23132617158
23131600974,23132019874
23132091621,23132711223
23133842268,23134153551
23134608241,23135095542
23135466756,23135960383
23135636063,23135791959
23135725675,23135921817
23135956772,23136468127
23136014619,23136457803
23136641459,23137017473
23136705622,23137053330
23136862100,23137023474
23137207002,23137697198
23137346289,23137644432
23137860785,23138288949
23138054451,23138350395
23138147364,23138483684
23139382868,23139658913
23140799843,23140820320
23143404811,23143755787
23143645735,23143867184
23144345910,23144609464
23145037514,23145923327
23145102653,23146004178
23145382727,23145629807
23146160803,23146333225
23147745711,23148209988
23148354304,23148495571
23148500767,23148690123
23148600035,23149620783
23148743438,23149469155
23149015419,23149632496
23149887484,23150411929
23151035481,23151083527
23151722499,23151775004
23152184942,23152606212
23153237484,23153576111
23153274846,23153838042
23153371021,23153885551
23153411487,23153825586
23154345200,23154937037
23154536935,23154971435
23154633088,23155001148
23155797497,23156443201
23155858589,23156447850
23156428507,23156634474
23157507124,23157907526
23157860945,23158446960
23158563305,23158967388
23158720845,23159067451
23158975921,23159541627
23159903644,23160423005
23159964003,23160640991
23160522105,23160572884
23160798929,23161168152
23160947511,23161069060
23161259214,23161965780
23161421505,23161916048
23162362566,23162676453
23162588315,23162645140
23162861844,23163207401
23163019487,23163881362
23164321880,23164660114
23165190904,23165439026
23165700671,23166040074
23167221847,23167240686
23168922967,23169318910
23169169942,23169419156
23169334404,23169578595
23170305587,23170612765
23170566515,23171050664
23170646345,23170941741
23170745852,23171118350
23170878603,23171193483
23171324881,23171748840
23171406768,23171875514
23171789815,23172268636
23172125124,23172603804
23172656636,23172838859
23173149672,23173770954
23173195599,23173733116
23173991796,23174215837
23174083197,23174688545
23174169634,23174224725
23174177549,23174573163
23175310676,23175544401
23176028829,23176863289
23176871800,23177860498
23176915049,23177504828
23177007680,23177699415
23177457159,23178430590
23177517000,23178355451
23177608502,23178362398
23178088173,23178569894
23179981766,23180176847
23180226319,23180545011
23181093434,23181377800
23181363443,23181717907
23181658384,23181854074
23181909395,23182475594
23182012746,23182227889
23182722083,23183373336
23183245052,23183638104
23184235464,23184963591
23184905112,23185437605
23184996223,23185343536
23185721800,23186125162
23186102072,23186414611
23186781675,23186911903
23187262498,23187786895
23187441355,23187559168
23187860898,23188432698
23187967289,23188128948
23188293828,23188503103
23188571141,23188797671
23188585142,23189003769
23189587469,23189849603
23190060991,23190341286
23190481072,23190936091
23191205203,23191510493
23191985199,23192404359
23192418524,23192795628
23193309962,23193978902
23195850035,23196110191
23196272685,23196515720
23196393510,23196481325
23196887466,23197340578
23197985555,23198600944
23199161055,23199455143
23199625696,23199795452
23200198676,23200783128
23200718888,23200759774
23200919958,23201018717
23201406024,23201941847
23201727146,23202206159
23202724039,23203028886
23202862691,23203405144
23203094977,23203508535
23203458943,23204025161
23204257330,23204470077
23204453839,23204577178
23204740008,23205154724
23205527986,23205848174
23205646300,23205987823
23205842644,23206158948
23205880984,23206275437
23207337095,23207792917
23207568846,23208014488
23208227187,23208371840
23208985534,23209196777
23209117229,23209646470
23209373409,23209996788
23209829116,23210332377
23210629787,23210957406
23210804457,23211331486
23211464585,23211816821
23211693836,23212016014
23211919869,23211997478
23212049711,23212502239
23212868568,23213074753
23213835125,23214274756
23214347380,23214757580
23214525999,23215068278
23215606625,23216077120
23216279153,23216640146
23216512765,23216939080
23217238320,23217370675
23218489701,23218853015
23219152740,23219313370
23221734428,23222277715
23222052528,23222234880
23222467485,23222804588
23223303732,23223780360
23223892932,23224214660
23223914446,23224296193
23224405116,23224628223
23224452686,23224787808
23225046384,23225422008
23225537223,23225942696
23226482760,23226886746
23226868936,23227240571
23227200309,23227556666
23227573395,23228075410
23229528369,23229663171
23229655143,23230246549
23229729175,23230092140
23230200211,23230681459
23232782995,23233458088
23233607568,23234060487
23234366855,23234520250
23234560963,23234629311
23234806791,23235196277
23235622044,23236184182
23236106793,23236564537
23236192395,23236743789
23236767378,23237227617
23237393561,23237821626
23238141918,23238493989
23239379175,23240405383
23239786339,23240057074
23240518501,23241271497
23242895138,23243366577
23243298335,23243869392
23243489422,23243892003
23243821667,23244403964
23244488508,23244961894
23244977005,23245319296
23245011150,23245445383
23245567184,23245923514
23246074437,23246146414
23246500454,23246661125
23247109652,23247725931
23247220965,23247833409
23247432447,23247914117
23248657940,23249045742
23249524325,23250091055
23249652322,23250036847
23249705256,23249778849
23250621662,23251112485
23251600528,23252021033
23252624896,23253153310
23252969635,23253215722
23253135234,23253636322
23253901596,23254453707
23254088139,23254684656
23254510494,23254703870
23256658053,23256915163
23257478086,23258016265
23259173473,23259919969
23259213823,23259958463
23259807799,23260311990
23261899621,23262285116
23261925408,23262472375
23262130647,23262437336
23262452421,23263111621
23263063707,23263287772
23263882883,23264025584
23263975932,23264430631
23264438880,23264696396
23264665526,23264834024
23264806416,23264832899
23266662612,23267126036
23266962749,23267380021
23267535415,23268035420
23267856193,23268349958
23268586685,23269190861
23268807642,23269387444
23269292709,23269764678
23270025187,23270263198
23270395680,23270890194
23271059152,23271441764
23271266961,23271782023
23272403988,23272891885
23272459275,23272678174
23272838562,23273212319
23273299014,23273451743
23273664387,23273842389
23273741516,23274161547
23275440489,23275883724
23275872332,23276436328
23276062161,23276509881
23276148876,23276225775
23276347524,23276598316
23276870953,23277104393
23277420340,23277736077
23277468108,23277868474
23277686020,23278140275
23280346133,23280688996
23280430223,23280517087
23280522681,23280845459
23280674529,23280869854
23281461691,23282037344
23281866492,23282809574
23282809665,23282921725
23282815209,23282994093
23284726830,23285481712
23284855767,23285600635
23285710210,23288030188
23285813255,23286127707
23286560223,23286760740
23287169409,23287406348
23287523233,23288060917
23287620482,23287937425
23287624202,23288128764
23288679302,23289180692
23288935139,23288985906
23289161994,23289449504
23289192167,23289539384
23289840284,23290549216
23290534995,23290974248
23290656691,23290877682
23291564396,23291806996
23291842107,23292157449
23292616484,23293330539
23293360454,23294270218
23294665275,23295170264
23294863369,23295770449
23295107299,23295777033
23296055981,23296496999
23296566352,23296816283
23296671256,23296937241
23296724955,23297259982
23296752180,23296844892
23297259796,23297328340
23297319905,23297369878
23297916799,23298009507
23298620314,23298797089
23299541908,23299905824
23299961258,23300734410
23300318421,23300798988
23300365336,23300708636
23301174866,23301221349
23301249403,23301756189
23301649983,23302069740
23301762373,23302021875
23301956518,23302169363
23301974052,23302117037
23302037029,23302348545
23302072807,23302321990
23302244010,23302615937
23303763337,23304039582
23303961926,23304449877
23304415997,23304551673
23306146278,23306359585
23306628095,23306908409
23306812804,23307042331
23307062177,23307719779
23308893432,23309136708
23309518830,23310372801
23309896764,23310302255
23310443363,23310800735
23310850409,23311390311
23311717497,23312194741
23311880846,23312208407
23312767785,23313058221
23312820335,23313127391
23313238557,23313626909
23316304917,23316616198
23316557109,23316842260
23317385476,23317927909
23318185498,23318300381
23318315021,23318884781
23320140124,23320624528
23320710637,23321237383
23324801194,23325430987
23326402376,23327029749
23326705766,23327077019
23327502401,23328279023
23328074472,23328509900
23328275172,23328804633
23328430581,23328730373
23328733416,23328989765
23329022220,23329415075
23329416843,23329945749
23329637942,23329835654
23329889778,23330135321
23330112275,23330640755
23330491417,23330973411
23330789246,23331311485
23330977357,23331464815
23331098337,23331332732
23331340726,23331438314
23331340866,23331470810
23331972985,23332515309
23332337535,23332678222
23332863958,23333212466
23333291202,23333330994
23333586653,23334042236
23333905311,23333986882
23334265203,23334815492
23334545244,23335003881
23334579714,23334924917
23334691583,23334905670
23335452230,23336003626
23335502547,23335653632
23336517424,23336732132
23336530306,23336846104
23336729371,23337151584
23336813628,23337281821
23336831991,23337027980
23337151808,23337647998
23337608225,23337861733
23337778366,23338469880
23339329204,23339660912
23339339481,23339648693
23339865829,23340461794
23340267664,23340412655
23340359629,23340647478
23340651459,23341103048
23340799469,23340969573
23341292043,23341501559
23341398802,23341566191
23341570165,23341994540
23342825204,23343328990
23343758096,23344162842
23343867436,23344060310
23343915973,23344389798
23344307637,23344746662
23344439815,23344687074
23345474069,23345887429
23346370963,23346835946
23346469968,23346636542
23346588294,23347241962
23346806464,23346990709
23346862529,23347006209
23347702078,23347967048
23347728465,23348026109
23348229366,23348423600
23348495315,23348759542
23349277595,23349804174
23350334431,23350450709
23352325927,23352497103
23353561196,23353880495
23354284894,23354658649
23355183009,23355521276
23356207656,23356599365
23356445368,23356524239
23356705087,23356845959
23357985867,23358186255
23358103892,23358669975
23359730503,23359910495
23359743212,23360191949
23359755798,23360300532
23360022766,23360401215
23360033015,23360500187
23360641302,23361011595
23360825001,23361534844
23361406613,23361507147
23361464324,23361536576
23361729967,23361843323
23362621011,23362984793
23362852913,23363160952
23363210325,23363284112
23365351159,23365518861
23365470742,23365798002
23365704069,23365970505
23365813885,23365915906
23368170787,23368411139
23368176230,23368525423
23368618601,23369127761
23368748330,23369037455
23369166347,23369453010
23369610667,23369887778
23370332885,23370924076
23372351547,23372794138
23373478914,23373584636
23373690529,23373969784
23374503901,23375076470
23374566376,23375003793
23376507077,23376871369
23376847446,23377146230
23377091310,23377626267
23377156248,23377261371
23377381358,23377782983
23378978403,23379525467
23379248237,23379576016
23379435747,23379981760
23381406594,23381819204
23381935476,23382215574
23382113654,23383310649
23382272754,23382737733
23383536718,23383753242
23383717146,23384059444
23383761017,23384085078
23385325685,23386151988
23385933605,23385977392
23386242863,23386471536
23386481782,23386942401
23386937475,23387116065
23387338759,23388106812
23387895382,23388042338
23388109538,23388672657
23388148522,23390236034
23388536561,23389003103
23388837077,23391123908
23389173998,23389691721
23390708878,23391411035
23391140924,23391394024
23391329077,23392153204
23392003291,23392502533
23393553204,23393980913
23395529349,23396153342
23395697073,23395954072
23397801144,23398236631
23398218603,23398878016
23398811104,23399021837
23398909616,23399245911
23399067248,23399380392
23399925577,23400452789
23400010249,23400478261
23400443679,23401059475
23400637086,23401091355
23400879033,23401181260
23400894543,23401216177
23400910711,23401219993
23402059906,23402239636
23402318387,23402479570
23402521896,23402958448
23402687551,23403109805
23403118339,23403177974
23403209461,23403647921
23405478961,23405891163
23405510375,23405859802
23406045888,23406156026
23406929817,23407172439
23407173924,23407412604
23407461495,23407919439
23407479315,23407858514
23407633490,23407664035
23409069776,23409434605
23410167087,23410562250
23410239911,23410453378
23410271707,23410596648
23410483735,23411126088
23410579206,23410973155
23410948224,23411217777
23411294434,23412538155
23411345867,23411996640
23412225835,23412317893
23412998289,23413442486
23413559066,23414222768
23414374532,23414832337
23414552964,23415097918
23415560446,23416024235
23415648199,23415967989
23415928216,23416383106
23416974436,23417605360
23419531344,23419689988
23419891876,23420163743
23420722496,23421363029
23420932104,23421229122
23421131720,23421463518
23422434956,23422976339
23425692082,23425986549
23426298229,23426562414
23426670473,23427171155
23426767399,23427165085
23427178049,23427486451
23427310817,23427610673
23428405741,23428752552
23428455007,23428588938
23428585687,23428727611
23429213186,23429645326
23429309104,23429653337
23429499142,23430128521
23430153108,23430380092
23430423513,23430477280
23430508875,23431033368
23430894826,23431247394
23431107844,23431476183
23431128029,23431330926
23431527197,23431994663
23431543160,23431769594
23431563528,23432059544
23431773218,23432153133
23432014649,23432193023
23432088725,23432275952
23432333812,23432848326
23434163568,23434531736
23434346053,23434400283
23434534929,23435077556
23434779376,23435020255
23434917410,23435248320
23435528985,23436006311
23435905503,23436265718
23436843609,23437534123
23437215646,23437384819
23437567398,23437727373
23437877709,23438284728
23438295648,23438835995
23438555555,23439003884
23438847791,23438948977
23439213650,23439608882
23439572929,23440100627
23440779445,23440887982
23441730277,23442303854
23441893271,23442135008
23442423372,23442730638
23442632130,23443607518
23444380885,23444593409
23445156197,23445395804
23445303767,23445559363
23445626347,23445819473
23445828513,23446393172
23446678472,23447114695
23446962459,23447569316
23447061961,23447459965
23447128896,23447627124
23450180137,23450864721
23450655297,23450805754
23450756645,23450938477
23451044264,23451481413
23451127722,23451247622
23451523324,23452029445
23452793153,23453296890
23453735526,23454196318
23453885475,23454195480
23455174512,23455583559
23456094291,23456498439
23456240199,23456589976
23456288932,23456664998
23456689022,23456734140
23457065517,23457604711
23458815406,23459555770
23459984134,23460363068
23460378649,23460514818
23460508126,23460989892
23461060942,23461481999
23461457421,23461611272
23461602400,23462094430
23461912938,23462478671
23462096294,23462306494
23463095936,23463582003
23463173421,23463858775
23464070247,23464687162
23464498956,23465117077
23465911633,23466347303
23465938631,23466589752
23466069854,23466324338
23466611769,23466917062
23466825460,23467402148
23468045535,23468574704
23468490966,23468630529
23468560490,23468888572
23468711711,23468961889
23469541969,23470000271
23469914039,23470405196
23469920067,23470392502
23469921212,23470626427
23470404851,23471425188
23471997454,23472245962
23472108432,23472482947
23472387686,23472948587
23472493062,23473015914
23472620530,23473213409
23473046516,23473909436
23473199630,23473732592
23474539944,23475021640
23474640964,23474882433
23475248807,23475686491
23475440266,23475906068
23475933086,23476438313
23477171329,23477571827
23477526824,23477808020
23479011614,23479320401
23479091075,23479515378
23479528504,23479801280
23481953585,23482331801
23482129235,23482327580
23482585057,23482793483
23482865067,23483241711
23482902556,23483482936
23483001211,23483220507
23483367493,23484250814
23483945183,23484443085
23484005218,23484501325
23484192838,23484248516
23485057477,23485194310
23485340474,23485591538
23486040206,23486429691
23486139490,23486452918
23486237961,23486339229
23486345824,23486690205
23489684817,23489755514
23492938219,23493153008
23492975203,23493151199
23492986654,23493487476
23493523943,23493621556
23493655965,23493783204
23494415523,23495099367
23495764484,23496080184
23496155596,23496276719
23496238012,23496502642
23496952974,23497104600
23497504829,23498078816
23498222800,23498453934
23498488420,23498671649
23498546374,23498591392
23498722499,23498864031
23499238049,23499814418
23499700798,23500319067
23500147155,23500565053
23500881323,23501302925
23501972513,23502323286
23501982630,23502474299
23502707546,23503444170
23503505433,23503947172
23503548671,23503577306
23504605777,23505171869
23505201574,23505799750
23505681229,23506259635
23507395126,23508018743
23507461508,23507618397
23507967303,23508303388
23508865841,23509574839
23509894966,23510572421
23510381808,23510596084
23510747176,23511028541
23511004623,23511538623
23511033057,23511303892
23511311764,23511528174
23511593987,23511917625
23512003610,23512105131
23512455448,23512800565
23514560634,23514929992
23516328781,23516371532
23516498285,23516936495
23516722007,23516949897
23517132808,23517207802
23517340579,23517861240
23517429911,23517512704
23517707995,23517935639
23518651299,23519397077
23519679281,23520108943
23520419529,23520959033
23521074954,23521429956
23522433522,23522875136
23523614685,23523776252
23523991515,23524368269
23524494751,23524755748
23524917667,23525018583
23525126531,23525251125
23525161466,23525211455
23525170800,23525698299
23525797546,23526167136
23527112580,23527392348
23527655057,23527810848
23527774118,23528629979
23528769007,23529428460
23529065521,23529351360
23529498758,23530439821
23530306721,23530546209
23531708892,23532048080
23533662171,23533784056
23534448845,23534865869
23535823925,23536523040
23536038423,23536585880
23536442432,23536768878
23537944598,23538335992
23539657937,23540128419
23540666022,23541269099
23540914177,23541444753
23542740739,23543161385
23543164214,23543526931
23543171893,23543392345
23543272879,23544045666
23543850681,23544179619
23543939774,23544193358
23544051368,23544723788
23544566383,23545433387
23546196958,23547058645
23546226514,23546749124
23547062171,23547544553
23547584488,23548055320
23548047691,23548396523
23548376959,23548597421
23548391909,23548438887
23548458346,23548758510
23548516141,23549063771
23549782868,23550475302
23550311297,23550720566
23550675039,23551472497
23551394829,23551636564
23551422376,23551957681
23551550002,23551809737
23551948032,23552083773
23552262906,23552475336
23552452816,23552699321
23552706068,23553195680
23553117061,23553483293
23553139963,23553373580
23553217428,23553458629
23555058109,23555537480
23555121666,23555659210
23556405054,23556556693
23556431235,23556534569
23557202837,23557642176
23557766837,23558538740
23557804094,23558604815
23558081355,23558671435
23558440402,23558764929
23559099563,23559831101
23559837121,23560392220
23560219140,23560296879
23560838642,23561397903
23561401968,23561830008
23561440052,23561870488
23561843049,23562297455
23562262982,23562744136
23562330858,23562640845
23563375140,23563444082
23563950743,23564523843
23564448198,23565018808
23565029173,23565411208
23565097217,23565449764
23565707407,23565824651
23566031713,23566513075
23566329306,23566871592
23566452171,23566554986
23566545053,23566834491
23566588519,23566652760
23566950004,23567530096
23567959216,23568592717
23568554660,23569302686
23568892184,23569249417
23569647183,23569993975
23569931581,23570099835
23571388112,23571720274
23572002455,23572230070
23572070208,23572294663
23574476637,23574988516
23574562271,23575178323
23575222766,23575743559
23575347955,23575639438
23575704111,23575901484
23575845960,23576858601
23575866196,23576852596
23576531502,23576830547
23576608460,23577173346
23577435110,23577584631
23577479658,23577536623
23577539150,23578127273
23577826507,23578236818
23578719722,23578914721
23579034282,23579383940
23579637387,23580299096
23580279963,23580882421
23580354976,23580753741
23581421980,23581720331
23581684787,23582060402
23582206100,23582249589
23582479508,23582721766
23582851002,23583009442
23582961684,23583452001
23583092319,23583756567
23583218545,23583316205
23583467215,23583865422
23584652826,23585032994
23586209499,23586598803
23586421502,23586892645
23586705326,23587187540
23587266251,23587417969
23587641962,23588065543
23587714699,23587911218
23588108654,23588306230
23588307788,23588424812
23588697888,23589015289
23588851044,23589012156
23589244637,23589577543
23589574873,23589765207
23589735823,23590225000
23589917105,23590268993
23589975958,23590030596
23590230645,23590622270
23590760281,23591092835
23590911085,23591179643
23591142669,23591346860
23591904886,23592279234
23593138977,23593577733
23594019981,23594406605
23594214029,23595483073
23595458262,23595737363
23597123201,23597470629
23597480568,23598033517
23598121499,23598209460
23598579215,23599003108
23599136747,23599653456
23599260771,23599889632
23601551769,23601915867
23602185283,23602423080
23602486107,23603116402
23602636428,23603007723
23603151268,23603206415
23603164072,23603574731
23603218499,23603752342
23603608947,23603862488
23604227619,23604986281
23606984065,23607352052
23607558262,23608089831
23607911078,23608398374
23608663963,23608966961
23609158746,23609657054
23609296079,23609480293
23609980565,23610457151
23610358645,23610647362
23611305990,23611688099
23611641472,23611776089
23611987083,23612264471
23612861328,23613219654
23613419170,23613857313
23613472071,23614191144
23614615664,23614866313
23615019577,23615520333
23615622861,23615674718
23615769835,23616231762
23616649862,23617142596
23616767567,23617149594
23618592937,23618897268
23619116367,23619735050
23619259160,23619540454
23619666628,23620016577
23620713809,23621067980
23620932796,23621265583
23621225805,23621760220
23621467795,23622076357
23622222329,23622388334
23622286754,23622751162
23624000633,23624472898
23625134001,23625585931
23625242575,23625786465
23625329107,23625660362
23626175454,23626781255
23627055947,23628669423
23629231687,23629796765
23629665754,23629743835
23629869582,23629890729
23630009668,23630259091
23630162000,23630297126
23630540000,23630770741
23630963186,23631012820
23630992229,23631498193
23631015343,23631325992
23631582027,23631725327
23631743235,23632888589
23632470197,23632971852
23632911023,23633263839
23633715012,23634095377
23633886149,23634375013
23635940528,23636744440
23638002396,23638470288
23638216758,23638353114
23638608711,23639089641
23639318616,23639345883
23639460971,23640046911
23639737754,23639781979
23639822009,23640359578
23640040607,23640338441
23640453264,23641001585
23640640691,23641388779
23640660082,23640914799
23641411329,23642195219
23642830570,23643292152
23643249885,23643321718
23643491667,23643920628
23644372120,23644764680
23644990425,23645450653
23645039664,23645789173
23646142631,23646610892
23646376298,23646814368
23646946490,23647168239
23647070608,23647163089
23647180345,23647584771
23647182006,23647856676
23647583750,23647756120
23647603436,23648186871
23647802604,23648225673
23648869140,23648909431
23648983157,23649130545
23650304622,23650783927
23651048957,23651668907
23651638702,23652088511
23651893022,23652641713
23652148826,23652684466
23653578739,23654158396
23653648549,23654100480
23655670237,23656049721
23656772302,23656833862
23657259426,23657599701
23657623032,23658463793
23658272193,23658721311
23659097602,23659512524
23659365613,23659608229
23660046806,23660208371
23660284344,23660560917
23661048168,23661300881
23661185171,23662026607
23662366840,23662565679
23662655180,23663531585
23662851421,23663121316
23663008321,23663538750
23663536810,23664240374
23664029772,23664475512
23664987086,23665369222
23666805991,23667061865
23666968438,23667496119
23666970002,23667374260
23667066893,23667219089
23667183763,23667524690
23667245271,23667676440
23667382468,23667816870
23668355444,23668536057
23668412139,23668914810
23669239875,23669385663
23669281158,23669644400
23669919228,23670400339
23670544612,23670952069
23670995460,23671729352
23671218741,23671646787
23672663505,23673109058
23673701545,23673839885
23674324071,23674407350
23674332162,23674917191
23674342317,23674558051
23674348035,23674864102
23674546495,23674818276
23674553734,23674877027
23675212961,23675472332
23675601327,23676144511
23676372044,23676891247
23676558190,23676921031
23677839894,23678048571
23678051608,23678951240
23678434874,23678802671
23679807516,23680894597
23679899026,23680915003
23681357313,23681898458
23682196272,23682695233
23683656495,23687805534
23684739408,23685222546
23685315526,23685363462
23686359592,23686431919
23686573093,23686961601
23686796131,23687191898
23687100073,23687273255
23689375000,23689649457
23689581841,23689788410
23689971665,23690506771
23690790646,23691034865
23691245915,23691686133
23691943391,23692275057
23692367779,23692585302
23693052257,23693605650
23693068762,23693381398
23693662699,23694489872
23694228749,23694564386
23694587427,23695065105
23694672608,23695073642
23695073164,23695412281
23695443091,23696368271
23696288959,23696598690
23696534069,23697580976
23696815475,23696924558
23697774907,23698103263
23697818294,23698559570
23698116620,23698430154
23698630368,23698866423
23699294733,23699845000
23701249540,23701454163
23701867864,23702409991
23703175586,23703601279
23703665571,23703922627
23704061113,23704601213
23704372585,23704633182
23705057146,23705236596
23705167960,23705370915
23705238006,23705420950
23705413689,23705794785
23705438839,23705833995
23705746690,23706121215
23706013570,23706560633
23707624195,23707828343
23708042112,23708215996
23708061890,23708434001
23709122366,23709865068
23710754786,23711090356
23711409965,23711788182
23711988596,23712170220
23712016674,23712407661
23712242342,23712674201
23712328730,23712510658
23712355637,23712753730
23712596833,23712890668
23712875528,23712959666
23713204778,23713536631
23713452411,23713920289
23715850072,23715985809
23716871281,23717078602
23717163060,23717668905
23717606703,23717795401
23717758902,23718294874
23718064658,23718372567
23719089931,23719673525
23719204232,23719702895
23719704926,23720332619
23721102192,23721218259
23721215217,23721245343
23721408519,23721806663
23721527675,23721949929
23721604912,23721865993
23721942190,23722312443
23722339663,23722944317
23722657375,23722787289
23723310130,23723336306
23723527628,23724448618
23723593609,23724072408
23724806855,23725382810
23725322143,23725603589
23725593968,23726135300
23725632590,23726186173
23725921145,23726605122
23727051180,23727514840
23728871452,23729934102
23730047977,23730226435
23730769044,23731320503
23731105962,23731218732
23731181768,23731893150
23731356272,23731736580
23732258815,23732848606
23732539934,23732733847
23732542699,23732703302
23732897329,23733084321
23733104967,23733817412
23733259300,23733568094
23733436874,23733481720
23733576236,23734456019
23734802471,23735247177
23735673744,23736220360
23735882595,23736248209
23736683266,23737080352
23737163838,23737566091
23737625128,23738072988
23738746992,23739259831
23739473514,23739682529
23739909587,23740331703
23740447841,23740659784
23740610746,23740872961
23743352865,23743837217
23743500304,23744232569
23744225493,23744613510
23744284253,23744421140
23744450760,23744824038
23744727840,23744972016
23744816139,23744934866
23745567323,23745988256
23745747813,23746170028
23745795650,23745833665
23746139204,23746457204
23746358557,23746458127
23746490841,23746565165
23747952201,23748096815
23748567657,23748687074
23749359047,23749922229
23749988542,23750068089
23750385098,23750679353
23750760139,23751177575
23750807400,23750991157
23751199496,23751535160
23751295923,23751866259
23751769545,23751846147
23751937627,23752202351
23752141512,23752289043
23752892536,23753134631
23753701165,23753800659
23755046973,23755347575
23755160367,23755730354
23755505295,23755874952
23756922946,23757439831
23758463685,23758646273
23758696413,23759121474
23758737478,23759156725
23759217970,23759597383
23759247740,23759672351
23761180562,23761415068
23761713181,23761938972
23762342023,23762885937
23762526830,23763066359
23763072455,23763532989
23763818130,23764395034
23764159492,23764743505
23764796448,23764914598
23765446836,23765970522
23765644880,23766072137
23765893586,23766455489
23766073896,23766181300
23766258448,23766849438
23766792519,23766868164
23767327166,23767715217
23767749041,23767986346
23768026003,23768206960
23768327885,23768877777
23769156140,23769516295
23769414388,23769873646
23769796226,23769924681
23770024837,23770532261
23859209611,23859548311
23860818034,23861960087
23860819649,23861992781
23864960673,23865039778
23865706211,23868016331
23865922975,23866946295
23866101770,23866580123
23866143762,23866603315
23866294984,23867241330
23867795664,23868829679
23868045099,23869038140
23869118453,23869505079
23869850830,23870488223
23870278896,23871049183
23873107994,23873587636
23874239699,23874646109
23874649480,23874699540
23874915746,23875611969
23877161360,23878070708
23879674759,23880520424
23879768989,23880362456
23881316335,23881503543
23881512028,23882150036
23882635776,23883494790
23884559734,23885343582
23885088288,23885807496
23885443495,23885670161
23886918935,23887104993
23887686740,23888631265
23888056119,23888442240
23888086054,23889291108
23888893876,23889376929
23889927369,23890567518
23891021068,23891999242
23891065425,23891669693
23891672546,23892292216
23892002590,23893117931
23895172145,23895715014
23896065781,23897284133
23896636921,23897272273
23897182536,23898947481
23898701678,23899197080
23899545599,23900521849
23899834586,23901231933
23902676583,23902967659
23904263700,23907571394
23905534313,23907388540
23906171996,23906482446
23906402588,23907372006
23910349176,23911393032
23911058505,23911803999
23911525418,23912194593
23911777549,23911824008
23911824556,23912284086
23911920352,23912649042
23912152615,23912480250
23912217669,23913444349
23913070529,23913439167
23914506149,23915034622
23915172675,23915491664
23917500341,23917852866
23917874461,23918284980
23918557010,23918664202
23921602367,23922656410
23922213834,23923668250
23923962917,23924947870
23924322174,23924821655
23925645443,23925941403
23926727205,23926933539
23927082630,23929002482
23929332326,23929554860
23930351256,23931210247
23930626208,23931893363
23931093048,23931530051
23931287899,23931464960
23932510373,23933006480
23933494381,23934124544
23933711987,23934312486
23934413107,23935683991
23935760184,23936931846
23937429700,23938170356
23937673528,23938767996
23941941513,23942119429
23944812843,23945326035
23947261311,23947728996
23948859200,23949905898
23948984217,23949796717
23949168834,23949988286
23949528769,23949663180
23950868961,23951637551
23951706103,23951958958
23951772471,23953931540
23953010941,23954378254
23953342174,23954032291
23954889082,23954954209
23955532553,23955745005
23955773481,23956870444
23955835490,23956422708
23956449385,23957021480
23956758044,23957497464
23956886357,23957164475
23957673863,23958566996
23957900732,23958808266
23958264100,23959239392
23959979911,23960292893
23961229045,23961771725
23961459165,23962381845
23961473333,23962028123
23961625959,23962620754
23963421660,23964013841
23963654283,23964299185
23964767855,23965644654
23965298389,23965618682
23965857949,23965880039
23966369176,23966980981
23967547207,23968072129
23967610340,23968407982
23967718184,23968631627
23967801204,23968568981
23968088675,23968371833
23968386530,23968639245
23968647460,23969338004
23968837035,23969785065
23968859214,23969657537
23970113470,23970530606
23970519588,23971179236
23971510726,23971720639
23972491887,23973114606
23972801112,23973649665
23973739045,23974701418
23974045858,23974236126
23974288084,23974313558
23976405054,23976898108
23976423144,23976487584
23976605762,23977524578
23977164073,23977808663
23977195443,23977839976
23978925048,23979296322
23979155462,23979597523
23979968038,23980683931
23979972436,23980700427
23981129451,23981705754
23982471438,23983446676
23983065416,23983800478
23985157841,23986016990
23985493329,23985574383
23985630844,23986378456
23988208905,23988738471
23992536439,23992872897
23993363947,23993843430
23993516790,23993982040
23994028683,23994939147
23994030580,23994377249
23995759504,23996013576
23998715009,23999007565
23998740276,23998958261
23999261677,24000222219
24000590355,24001181663
24000590435,24001756484
24001140462,24001279208
24001203753,24001809703
24002570398,24003038568
24002719963,24002772976
24003761676,24004287252
24003856504,24003944958
24004670187,24005590623
24009363563,24009872197
24011516966,24012144740
24011614416,24012337012
24012792154,24013637413
24013672196,24014045775
24015334742,24016012547
24015448152,24015987124
24015880038,24016115060
24017095043,24017237508
24017216926,24017499784
24017624740,24017894471
24018405770,24018898157
24018407291,24019332056
24018618278,24018741089
24018958435,24019071106
24019347972,24019997088
24019866487,24019920610
24020573026,24020800096
24021391559,24022433280
24022539527,24023545544
24025450177,24026029485
24025793707,24026402021
24025952980,24026823371
24026619664,24026821563
24030288424,24031029189
24030367587,24031194556
24030754190,24031355613
24030863889,24031359482
24031922464,24032302563
24036220935,24036740140
24037174568,24037841214
24037262604,24037965362
24038606450,24039721666
24039847042,24040491348
24040643187,24041416187
24041413299,24041803435
24041498129,24041601752
24042433439,24042747926
24042517630,24042801093
24042774640,24043147650
24043066042,24044705978
24043526244,24044127972
24044484259,24044653885
24044661525,24046022630
24044887772,24045422912
24045632623,24046162318
24045835329,24046302744
24045841817,24046245573
24046247580,24046927549
24046762759,24047008578
24046784670,24047063902
24047015533,24048384741
24048508340,24049111959
24048541241,24049517238
24048738706,24049282579
24049225416,24054894904
24050385909,24050673735
24050508259,24051306752
24051309702,24051951948
24052069927,24052859517
24052575057,24053296800
24053126671,24053805180
24053394433,24053670983
24054725591,24055379067
24054954778,24055083455
24056147041,24056787333
24056583539,24056845300
24057901980,24058544741
24059063932,24059161283
24059621858,24059967221
24060302961,24060696874
24060738998,24060984613
24060909049,24061459659
24064121959,24064669392
24065891400,24065912608
24066046992,24066677740
24066411935,24066466679
24067007621,24067674800
24067349844,24068163265
24067754639,24067940226
24068576480,24069376275
24069873705,24070372033
24070402639,24071148689
24071729253,24072144237
24071957181,24072589516
24072541124,24073143147
24072579368,24072807365
24073064512,24073506765
24074633482,24075247376
24075371110,24075601421
24077047732,24077509837
24077355263,24077935383
24077686254,24078607352
24078646641,24078957524
24078972508,24079211554
24079200455,24079753066
24080560572,24080972098
24080923253,24081525256
24081641414,24082189437
24081816527,24083914077
24085108012,24085646264
24085159520,24085533496
24086245964,24087028309
24087902386,24088354248
24090100026,24090247471
24090614710,24091664448
24092872607,24093647361
24092950926,24093571419
24093982951,24094407265
24094374209,24094960280
24094582010,24095040903
24095064928,24095763554
24095128797,24096137146
24095220017,24095418537
24095402282,24095491322
24095492481,24095810062
24095765633,24095991671
24095846270,24096049513
24096847772,24097529705
24097559297,24098197561
24098302982,24098722509
24098722574,24099079615
24099665192,24101624610
24100062270,24100113051
24100120806,24100307808
24100453703,24101001971
24100829648,24101386859
24101597360,24101922601
24102451988,24102889580
24104869316,24105797317
24105240807,24105417831
24105764625,24106181624
24108072061,24108428961
24108873052,24109053113
24109097327,24109372798
24110374692,24110570409
24110579662,24110730395
24110612280,24110734074
24112354826,24112799507
24112814251,24113415984
24113174431,24113450543
24113437508,24114171852
24113474505,24113838727
24114920773,24115588051
24115021136,24115078342
24115272365,24115423798
24115644500,24116790098
24115792159,24116247706
24116112872,24116381868
24116229632,24116716786
24116313746,24116946821
24116548839,24116651441
24117459450,24117927551
24117992021,24118432122
24118101911,24118654393
24118667645,24119019930
24119024848,24119121667
24119356034,24119680637
24119797348,24119836036
24121306001,24121455246
24121462595,24121868239
24121477656,24121910021
24121690813,24122323569
24122121598,24122811499
24124448900,24125003205
24125420923,24126697068
24125738410,24126081130
24125992774,24126347165
24126334893,24127189859
24127243650,24127349132
24127264215,24127449435
24127415053,24128034653
24128131715,24128771322
24128424362,24128603712
24128528349,24129133440
24128584987,24129329366
24129961950,24130448721
24131175401,24131690933
24132148378,24132732914
24133453709,24134284027
24134732636,24135493292
24135877436,24136375437
24137059348,24137111054
24137361585,24137882541
24137608300,24138111098
24138811540,24139468481
24139753464,24140120621
24139920678,24139998937
24140081577,24140200669
24140317959,24140640907
24141102614,24141382588
24144107194,24144699182
24145048157,24145673640
24145627455,24145934338
24146163655,24146244665
24146718822,24147331735
24147357402,24147545504
24147707486,24147998144
24148158106,24148814788
24148807873,24149314803
24149051182,24149174938
24149092477,24149656129
24149231943,24149733918
24149314796,24149387006
24150214128,24150647421
24150924738,24151340098
24152348611,24152522343
24152706180,24153123183
24153001918,24153205641
24154085152,24154186245
24154464261,24155131421
24154947291,24155190954
24154978373,24155380599
24156795800,24157463640
24157286060,24157653620
24157467079,24157612691
24157989790,24158172747
24158213635,24158795280
24158716941,24158930418
24158910742,24159359370
24159000846,24159316684
24159070337,24159124578
24160268046,24160739583
24161858028,24162765590
24162020640,24162343076
24162623090,24163010287
24162910181,24163591306
24164489552,24165156918
24166110193,24166830142
24167735151,24168157587
24168000854,24168961162
24168325644,24168845986
24169932672,24170241814
24170385492,24170720862
24171993628,24172094450
24172011856,24172459678
24172165251,24172523642
24172551645,24172603523
24172926713,24173448326
24173840033,24174372643
24173967232,24174056110
24174017842,24174408551
24174689550,24175734849
24175923834,24176729741
24176369282,24176953698
24176736826,24177028258
24177064556,24177432519
24177532746,24178240516
24178223254,24179160306
24179560404,24180091749
24179868744,24180184660
24181977269,24182127224
24182055216,24182163885
24182087059,24182150717
24182141713,24182497150
24182619887,24182728571
24182736943,24182949456
24182846328,24183538071
24183531601,24184238429
24183997133,24184121549
24184425700,24184461633
24186162307,24186199622
24186595836,24186760650
24186833936,24187101024
24188111026,24188296299
24188240038,24188332257
24188340664,24188401158
24188509181,24189020552
24188556322,24188680375
24188789906,24189171269
24188931559,24189298050
24189031992,24189585254
24190355193,24190590792
24190500325,24190882302
24190561815,24190738537
24191388267,24192141831
24193146358,24193518149
24193350959,24193960481
24193709551,24194207485
24194546474,24194803781
24194590514,24195095085
24195775528,24196247946
24197400408,24197493765
24197522471,24197558244
24198213447,24198587283
24198242319,24198668507
24198298455,24198485231
24198871217,24199289994
24199150935,24199544964
24199179170,24199231393
24200245232,24200368425
24203355436,24203835978
24204024343,24204415848
24204503061,24204739681
24204741724,24205249774
24205615990,24206271573
24207247067,24207448683
24210648697,24211122696
24211140867,24211368447
24211590141,24212063028
24211780455,24212188151
24212369431,24212854312
24213511382,24214076234
24214061526,24214569074
24214146282,24215098027
24215168658,24215323039
24215726157,24216251869
24215854379,24216220980
24216250090,24216558549
24216289388,24216378070
24216373159,24216790060
24216398980,24216954260
24216488252,24216738701
24216543377,24217055416
24216768959,24216854902
24217438725,24217872208
24218594969,24218967598
24218698515,24219118906
24219174405,24219981861
24219339009,24219880187
24220429641,24220473136
24220487804,24220724200
24220939857,24221609997
24221007039,24221609879
24221607720,24222154673
24221693284,24222188064
24221889998,24221986561
24221956007,24222018837
24222200096,24222243594
24222498311,24223028124
24222586772,24222885759
24222868726,24223515309
24223293803,24223370680
24224260136,24224683789
24224684896,24225347714
24224864029,24225245994
24225877685,24226118961
24226426121,24226639147
24226726507,24227645044
24227149952,24227600909
24227812110,24228856640
24228625392,24229064685
24229481363,24229799091
24229531254,24230022373
24229692066,24229891169
24229703655,24230047583
24230784875,24231515541
24232896012,24233330087
24233014689,24233318429
24233489295,24233740543
24233572227,24233663150
24233594921,24234218129
24233743244,24234295256
24234937527,24235303479
24235306093,24236388522
24237060439,24237348879
24239117365,24239693750
24239431995,24239744068
24240726750,24240981688
24243591471,24244192726
24244373162,24244497452
24244627934,24245209134
24244655207,24244842007
24245166017,24245639347
24245260011,24245750259
24246501941,24246617544
24246844246,24247082746
24247947655,24248113530
24249103980,24249524772
24249154284,24249713862
24249288440,24249316671
24249303471,24249369249
24249840647,24250108529
24250049692,24250131393
24250561416,24251043615
24251229173,24251574657
24251606314,24252432253
24252016155,24252465336
24252777679,24253349555
24252926355,24253153229
24253236911,24253448964
24253593317,24254059209
24253813943,24254090833
24254155153,24254569926
24254510854,24254911949
24254741898,24254865464
24255335482,24255733769
24255919226,24256242096
24256750732,24256928354
24256811077,24257219653
24257002656,24257683827
24257130706,24257692930
24257562650,24257919449
24259503094,24259803215
24259636079,24259995060
24259653748,24259903073
24260020474,24260216693
24261693582,24262250682
24262109216,24262441252
24263591516,24264259697
24264333368,24264468010
24264756446,24265334221
24264836156,24265342557
24265152641,24265736762
24265589221,24266122122
24266172188,24266736929
24266471365,24266595130
24267166525,24267654167
24268030104,24268922802
24268950970,24269587870
24269635746,24270061126
24270955034,24271457106
24271246530,24271865515
24271607193,24274151882
24272282929,24272700628
24272376608,24273082706
24272390957,24272756916
24273227663,24274103560
24276330602,24276364352
24276616364,24277129751
24277582570,24277712603
24277832015,24277958206
24278120923,24278529519
24279674885,24280068264
24280888935,24281124326
24281123321,24281321271
24281165714,24281434685
24281308782,24281867532
24281377370,24281718235
24281612493,24281872428
24281711743,24282002958
24281738942,24281814245
24281975457,24282454112
24282133411,24282857533
24282163921,24282523774
24282373172,24283138147
24283353663,24283568053
24284485090,24285989617
24284580505,24285166291
24284811611,24285130772
24285027342,24285434448
24286107098,24286673032
24286224079,24286927538
24286307175,24287659613
24286337131,24286805905
24286572850,24286989591
24286598908,24287138673
24288435700,24288590050
24289645960,24290209595
24289861235,24290170276
24290018481,24290417265
24290288455,24290674244
24290568269,24290607550
24290660933,24291007094
24290696905,24290842618
24290812497,24291301784
24291492661,24291926193
24291575202,24291664183
24291645621,24291765232
24291916679,24292102429
24292080322,24292138172
24292353587,24292713710
24293723496,24294139266
24295061504,24295565691
24295347695,24295952726
24295628244,24296196565
24296078851,24296313580
24296080601,24296243524
24296340216,24296568893
24296701087,24297060840
24297288693,24298141491
24298163632,24298585875
24298828300,24298999062
24298949165,24299196686
24299014040,24299485188
24301203322,24301730451
24301756092,24302337836
24301911551,24302533892
24302191360,24302512305
24304462017,24305057339
24304812524,24305151638
24305060111,24305615225
24306572027,24307184067
24307644821,24308206185
24308427991,24308798281
24308430667,24308630979
24309917699,24310079630
24311152608,24311591547
24311517451,24312019082
24311686382,24312129230
24313385361,24314071394
24313819886,24314406598
24315212816,24315356129
24315537863,24315805226
24315599925,24315849287
24315795442,24316190110
24317760148,24318309121
24318596055,24319163869
24319393975,24319888754
24319641207,24319718005
24319663420,24320210263
24319782939,24320034286
24320219102,24320594760
24320388332,24320511169
24320442051,24320885744
24320450782,24320558055
24320749528,24321113527
24321076146,24321476335
24321906134,24322209111
24323532949,24323853418
24324289090,24324750670
24324627434,24324971429
24324819518,24325008092
24325576557,24326019858
24326025982,24326261246
24326370446,24326613101
24326385683,24326471456
24326456647,24327100370
24326831083,24327030708
24328590468,24329172499
24329016109,24329647852
24329441522,24330002579
24329844230,24329899184
24331045801,24331521498
24331139149,24331161295
24331528090,24331846276
24331945463,24331995233
24332919551,24333164986
24333075536,24333328394
24333332705,24333597267
24333364693,24333622305
24334358747,24334542690
24334583482,24335053738
24336198049,24337213837
24336499229,24336918740
24336675885,24336934016
24337745347,24338376463
24337987511,24338511270
24339088421,24341678333
24342625847,24342891153
24342848700,24343076592
24342894647,24342909629
24343323940,24343408754
24344482198,24344554973
24344538873,24344798945
24345096365,24345525434
24345787700,24345914190
24346086362,24346553579
24346197786,24346559940
24346436436,24346728145
24347978448,24348275222
24348014052,24349331855
24351841312,24353679049
24353610545,24353772031
24353874799,24354320963
24355104048,24355477115
24355389774,24355924784
24355514518,24356020154
24356971342,24357400545
24358001760,24358761152
24358056560,24358657367
24358162040,24359467775
24358341990,24360056505
24358514701,24358965320
24358797761,24359093025
24359074015,24360030616
24360050697,24360396733
24360313831,24360970043
24360897524,24361349247
24362086962,24362520939
24362088974,24362166339
24363556166,24363625928
24364028884,24366626961
24364812837,24365036150
24365679139,24365702683
24366387310,24366589179
24366794677,24367164155
24367041136,24367426088
24367628885,24367890171
24367679422,24367930379
24367901209,24368039334
24368460190,24368765487
24369045329,24369087802
24369810999,24370184542
24369904041,24370110031
24370194775,24370333726
24370548108,24370828354
24371029277,24371533884
24371141392,24371172847
24371162595,24372012033
24373412604,24373532389
24373438200,24373566978
24373711652,24374128437
24374136312,24375019686
24374626141,24374997691
24374782958,24375131087
24375545000,24375698930
24376052335,24377476254
24376343673,24376566317
24376663598,24376958165
24377324024,24377707071
24378561056,24379131947
24379164445,24379268260
24379395044,24379886496
24380045953,24380215967
24380302737,24380633535
24382810550,24383290037
24383200473,24383581265
24383365624,24383827577
24383910891,24384233663
24384803430,24385201183
24384901973,24385347439
24385206599,24385566864
24385355341,24385660559
24385389895,24385604985
24385626462,24385841696
24386063143,24386508814
24388898449,24388991123
24388999671,24389368217
24389071725,24389438105
24389372165,24389478034
24389929476,24390000335
24390392580,24390737844
24390398091,24390606945
24391294257,24391862111
24391321755,24391794158
24391441992,24391717778
24392081560,24392299336
24392084070,24392652133
24392544375,24392965080
24392628198,24392957747
24392759262,24392987335
24392964810,24393795804
24393453326,24394105207
24393468741,24393950798
24393874028,24394111620
24394050735,24394169431
24395685117,24396189097
24399299639,24402688148
24399316805,24399629098
24399441540,24399485276
24400349498,24400720654
24400725527,24401193085
24400949553,24401402711
24400956908,24401250548
24400987340,24401374940
24402043867,24402714657
24402176875,24402313467
24402415833,24402751761
24402665149,24403019118
24402746041,24403178577
24404932767,24405417209
24405569902,24405969724
24405658281,24405973039
24407671733,24408209782
24410790032,24411208622
24412161192,24412573418
24412439987,24412569191
24413434944,24413834594
24414553353,24414729968
24416501848,24416694407
24416537678,24417050122
24416706059,24417109201
24416861734,24417064626
24417258644,24417653042
24418157665,24418457864
24418286366,24418401697
24418739452,24419229281
24419836703,24420284908
24420387163,24421208809
24420871992,24421690545
24420986964,24421401180
24421155050,24423784448
24421922568,24422681125
24423119104,24423549320
24423670619,24424058734
24424757450,24425300918
24425463213,24426044506
24426540486,24426748167
24428821187,24429447253
24429056391,24429119090
24430931303,24431230308
24430973467,24431023101
24431075363,24431997410
24431568479,24431905815
24431621038,24431893583
24431696403,24432288529
24432321673,24432535842
24435135300,24435290165
24435215843,24435817057
24436446309,24436850421
24436576182,24437148206
24437333978,24437906377
24437701581,24437963781
24438420346,24439300603
24439028917,24441259558
24439303189,24439552423
24439325507,24439675500
24440054789,24440434514
24440115362,24440133639
24440896791,24441083233
24441809612,24442286861
24442355540,24442453556
24442572657,24443120649
24442893651,24443442495
24444522557,24445097467
24446103871,24446475686
24446904796,24447202367
24447934016,24448166711
24448361844,24448421522
24449111647,24449498777
24450178584,24450317297
24450198711,24450389539
24450463428,24450535558
24451895444,24452377446
24452301839,24452967710
24453444646,24453558343
24454563375,24455058233
24455780080,24456529418
24456139706,24456520700
24456423034,24457386593
24457012553,24457535627
24457259051,24457568711
24459359828,24459580309
24459407877,24459485085
24461160329,24461627581
24461394708,24461836694
24461807478,24462818690
24463233848,24463623961
24463583122,24463991837
24464797617,24465302883
24465421145,24465873169
24465976712,24466474225
24466842930,24467416677
24467978877,24468755097
24468096084,24468484900
24468489751,24469111666
24470070279,24470562289
24470477719,24471069667
24470647416,24471617016
24471579605,24471822385
24472594418,24474923598
24472693712,24473107947
24473769344,24474312748
24475674968,24475842790
24475711533,24475967042
24475724600,24477350054
24476677680,24477312761
24476838535,24477415597
24477756292,24477914410
24477908258,24478363021
24478519460,24478618111
24478994434,24479504673
24480756651,24481037210
24480861512,24481073191
24481268057,24481650006
24481358843,24481844723
24481408868,24481737897
24483944194,24484565736
24484103472,24485685897
24484590132,24484986261
24485117074,24485398912
24485214522,24485420943
24485829956,24486598885
24486601335,24486831827
24486721042,24486748209
24487735538,24487915275
24488695553,24489439540
24489550616,24490024549
24490203975,24490557815
24490284426,24490833326
24491085885,24491519331
24491108686,24491675433
24491373989,24492146631
24491433952,24491948417
24491829366,24492421562
24492479118,24493226320
24493365387,24493423496
24493560770,24494337592
24493565826,24493935699
24493871894,24494527991
24495528438,24496210375
24495792513,24495999685
24496479302,24497093091
24496637981,24496801371
24496800629,24497270856
24498771885,24499328300
24499643645,24500329588
24501680289,24502016762
24502486366,24502849334
24502809428,24504492142
24502933804,24503429698
24503050977,24503595231
24503285370,24503968718
24504730112,24505045596
24505067648,24505185499
24506140058,24506788015
24506484914,24506966069
24506789967,24507263030
24507682318,24511545854
24507686868,24508676729
24508365155,24508898794
24511348951,24512059279
24511693563,24515943558
24511704651,24516485284
24512122480,24512712226
24512992933,24513583033
24512996984,24513202672
24513878203,24514295423
24514401371,24514801544
24514919952,24515775087
24516472476,24516706203
24516620379,24517026171
24517228427,24517491004
24518678714,24519225348
24519048129,24519156813
24519234925,24519852273
24519251403,24519456399
24519429605,24520177737
24519887400,24520436708
24525027851,24525680905
24525738864,24525898047
24525880345,24528413743
24525899388,24526118354
24527698924,24528335867
24529423981,24529670449
24530597064,24530756779
24531139024,24532070361
24531227507,24531673189
24531546419,24531611113
24531698935,24531956173
24531800994,24532531388
24531824436,24531858838
24532170338,24532625238
24532983112,24533592953
24533111750,24533458172
24533160616,24533557178
24533310098,24539102190
24533312307,24534012989
24533465803,24534128285
24533816873,24534572284
24534018128,24534177762
24535020579,24535572761
24535143479,24536293757
24536747392,24537267368
24539408013,24539959718
24542848818,24547899241
24547234722,24547622656
24548609499,24549148876
24548812226,24549393066
24549237375,24549503744
24549354779,24549951150
24550418139,24550928108
24552486511,24553239793
24554604310,24555172841
24555012670,24555428856
24555175202,24555808264
24556564417,24557474838
24556694798,24556888559
24557383945,24557653441
24561143328,24562197634
24563247039,24563769444
24563927406,24564053588
24565543526,24566142002
24565656145,24566776795
24566825352,24567397928
24568468320,24568913671
24568665494,24569454915
24569889667,24570423920
24569912287,24570460267
24571226106,24571590985
24571366740,24572081783
24571588844,24572222229
24573748293,24574116058
24574037548,24574425776
24574772541,24575634617
24577193804,24577812772
24577715940,24578583085
24578335151,24578753752
24578540391,24579189320
24578696207,24579551445
24580545146,24581201187
24580747397,24581323491
24581200822,24581808728
24581313355,24581452722
24582936307,24583286375
24583363641,24584227984
24583521845,24583990324
24586325970,24586458079
24586332346,24586822498
24586913212,24587766074
24587056119,24587527035
24587224040,24588265096
24587457026,24588271147
24589628422,24589940717
24590475248,24591652263
24593313563,24593972392
24593957334,24594541881
24594407522,24594628838
24594791178,24595251945
24595260557,24595963898
24595456388,24596782266
24596111201,24596998475
24596731185,24598008098
24597457246,24597718002
24598015635,24598569561
24598573793,24599027189
24598839165,24599097608
24599378376,24600010830
24600464731,24601118602
24601047266,24601872935
24601052080,24601592904
24601771048,24602738961
24602160784,24602910403
24602879220,24603247933
24606690715,24607285168
24607126013,24607585899
24607512429,24607986530
24607595143,24608353147
24609521216,24609793128
24612365331,24612618855
24612658822,24613017672
24613125504,24613215325
24613415949,24614184441
24614550564,24614908336
24614862346,24615566935
24615017763,24615546433
24615852861,24616343987
24616428968,24617089732
24616446791,24616711062
24617852895,24618053968
24617917440,24618011965
24622037975,24622578551
24623167002,24624222471
24623402466,24624274863
24624173336,24624415134
24624418589,24624721163
24625510259,24626535500
24625531138,24626017318
24625926263,24626708997
24627756824,24627939391
24628666251,24629610749
24629022225,24629225217
24629261602,24629881695
24630285991,24630764184
24630405623,24630996597
24631320330,24632323244
24631324020,24632389765
24632231984,24632516845
24632339413,24632578559
24632666715,24633362346
24633375355,24634122895
24635138596,24635781574
24635188475,24635885046
24637221935,24638154678
24637260606,24637728629
24640727076,24641174530
24640848172,24642137875
24642234161,24642801875
24643357071,24643471528
24643901613,24644295392
24644299248,24645113465
24647034698,24647313164
24653090307,24653561793
24653392098,24654300781
24656939763,24657360047
24657924091,24658103390
24659169320,24659993586
24659498188,24660125615
24659951873,24660410479
24660941969,24661085121
24661144437,24661938262
24662179202,24662839930
24665126587,24665329045
24666257635,24666726674
24666489592,24667269710
24666493453,24667113109
24667536590,24667996142
24668475301,24669020271
24668519001,24669322687
24669041038,24671289044
24669326856,24669767599
24670508339,24670932591
24671433916,24672197279
24671716354,24672766746
24672172509,24672557885
24673200462,24674176704
24673469196,24673707057
24674754737,24675044475
24675699431,24676366683
24676010955,24676201195
24677492092,24678179184
24678748292,24679291540
24680067705,24680670813
24680259436,24681513739
24680683869,24681535992
24680965186,24682052049
24682351922,24683201416
24683496988,24683896514
24683589230,24684102262
24685176263,24685614323
24685750998,24686643658
24686793679,24687406386
24687332000,24687668047
24687361184,24687914360
24689678326,24692660555
24690682527,24691157207
24691173045,24691515641
24691607508,24691870140
24695102958,24696325489
24697327030,24698608368
24698392678,24698674792
24698558171,24699223026
24698695166,24699263740
24701555778,24702121972
24701886837,24702424745
24702952747,24703719414
24705679169,24705971696
24706351937,24706907816
24706542660,24707343484
24709484128,24710125238
24710328156,24710941602
24713402018,24714546391
24713731022,24714767248
24714374316,24715170040
24715051484,24715232951
24715863035,24716578633
24717805773,24718320669
24718467014,24719269271
24719063925,24720093137
24720080956,24720682199
24721239396,24721684897
24721841117,24722541242
24722531243,24722960492
24722727885,24723262583
24724149925,24724407562
24725388594,24725842164
24725701376,24726960130
24727813394,24728207953
24730201671,24730776146
24730544125,24731485663
24731463324,24732395229
24731874391,24732794474
24732665379,24732912310
24733532874,24734092770
24733583068,24734418380
24734647707,24735955900
24734980461,24735884885
24736881087,24737403036
24738145073,24738822979
24738241453,24738761983
24739052233,24740142421
24739182432,24739413630
24739423083,24740244060
24741680608,24742398090
24742329424,24742875898
24742360795,24743190799
24742902877,24743516779
24745745450,24746366539
24746930290,24747337304
24748482493,24751712283
24748520543,24749383643
24749047828,24749636682
24750324073,24751317396
24751237107,24752341269
24753948266,24755207037
24753965669,24755147218
24753983506,24754944003
24755261333,24755527335
24756028118,24756236634
24756593806,24757373085
24756716795,24757878313
24757294909,24757580769
24758086180,24758829720
24759221416,24759839466
24760839711,24761481955
24761976328,24762603002
24762154010,24762510801
24762746263,24763129116
24762862076,24763611731
24763121405,24763855593
24763452111,24764189877
24764005243,24764570132
24765309374,24765426112
24767629419,24767979121
24769203750,24769928430
24769813228,24770436053
24770447567,24771383847
24770481616,24770933334
24770732956,24770778565
24770766482,24770973456
24772424064,24773684137
24773347439,24773523858
24773730670,24774949641
24775432543,24776291934
24777075932,24777475035
24778082748,24779295684
24778921735,24779464516
24780086389,24780855950
24780465288,24781867716
24783535532,24791065006
24783994504,24784867781
24784757467,24786175958
24785335976,24785591815
24787553013,24788856639
24791693894,24792210632
24793924361,24798066687
24795129489,24796394082
24795854786,24796991462
24795934631,24796662458
24796670667,24797834187
24800005631,24800347161
24800165342,24801160454
24801322793,24801774816
24802431995,24803545530
24803573527,24804492788
24804873099,24805175110
24806516709,24807269534
24806982084,24807847517
24808524845,24809944746
24810122041,24811986642
24810410418,24811494728
24810495410,24812954075
24810822507,24811217444
24812425068,24813104083
24814521365,24815019343
24815229370,24816057197
24815855245,24817435454
24817451945,24817775350
24820046127,24820895981
24820090839,24820995650
24822579788,24824079623
24824815019,24826160064
24825251651,24825751893
24825397815,24826074420
24826481505,24828273699
24828799655,24829682959
24829700424,24830696932
24831323940,24831794061
24831429125,24832786929
24833305142,24833824762
24833512324,24833645190
24834204224,24835106928
24835539209,24839299869
24835675201,24837074658
24837640018,24839341129
24838561181,24840043834
24839668721,24840584571
24840102122,24840953951
24841337733,24842190958
24841781049,24842834162
24842221561,24843396748
24844860011,24844972900
24845561332,24845991844
24848397816,24849145984
24848717188,24850037711
24849981153,24850699977
24850054903,24850716110
24850823089,24852345886
24851364952,24853814955
24853538577,24854301218
24853818997,24854393781
24854315289,24854579213
24854448176,24855062226
24854681109,24855025509
24855105865,24860205415
24857760116,24858064218
24859341990,24862437097
24860860063,24861442575
24861902426,24862183349
24865011468,24866176188
24866914072,24867777964
24866932420,24867867811
24867876400,24868174241
24867991440,24871542332
24868349732,24869107736
24869278200,24869936621
24870825088,24871409715
24872709860,24872820978
24872878743,24873640756
24873332059,24874572047
24874435441,24875306734
24874536113,24875385579
24874585698,24875147960
24875163423,24876092094
24876083840,24876537330
24876120541,24876397228
24876353759,24876895345
24877413363,24878532483
24878996267,24879728127
24879922449,24880789202
24882894118,24884244751
24883688405,24884658598
24884198750,24884564074
24885650310,24886056820
24885945006,24886166077
24887909898,24888161958
24888497114,24892064286
24888527660,24889426745
24890033281,24890994725
24890391362,24891549033
24891175624,24891486431
24893639007,24894136173
24894222234,24895273207
24894235985,24894274579
24895021053,24895534592
24895579584,24896613775
24896561002,24897990404
24896759869,24898314919
24897763290,24899089289
24898751641,24899386662
24898779427,24899731840
24900219587,24901595733
24900965159,24902068881
24903282595,24903985883
24905221511,24905975033
24907267352,24907471367
24909393679,24910108741
24910734253,24912015851
24912902079,24913778586
24912992558,24914046667
24913025834,24914053147
24913392578,24913629711
24915388409,24916230128
24916329784,24917590538
24916647861,24917135391
24917604937,24918129318
24918708419,24918813259
24919668696,24920312590
24921752035,24922800492
24922011743,24922459714
24922381323,24923351042
24923936834,24924305442
24924045290,24924701743
24925558415,24926868848
24926668619,24927553719
24928043321,24929235165
24928197029,24929327705
24928375493,24928700976
24932100903,24932485323
24933329982,24934639857
24935532635,24936294546
24938150339,24938346337
24939668912,24940707095
24939874377,24940089955
24940895649,24941272248
24941189668,24941562314
24941234850,24941593458
24941498320,24942142347
24942349820,24942998232
24942469134,24943875190
24942964021,24943400018
24943018254,24943559900
24944233592,24945224308
24944677570,24945115057
24945553299,24945767300
24947341223,24948707155
24947757508,24948897085
24948877721,24949336607
24950120177,24951517988
24950341772,24951817308
24951322041,24952264428
24951361911,24952097222
24952507214,24953678456
24955323322,24958434099
24955936227,24957933729
24956634256,24957029124
24957406549,24957689175
24957726436,24958282418
24958771245,24959953994
24959499376,24960099669
24960668723,24961264338
24963001929,24963491637
24963558081,24963947394
24964862948,24965452690
24965335422,24965812284
24965512923,24966992447
24967340156,24968889674
24968907067,24969731947
24969584654,24969950612
24970101068,24971716861
24972701175,24972851666
24975831027,24976106618
24979035183,24979923552
24980583756,24981860968
24980590565,24982003531
24981782255,24982928036
24982958330,24983970985
24983200260,24983908637
24986414863,24986531978
24987094208,24988377272
24987263588,24988798807
24987489711,24988365405
24987768845,24987879683
24988915411,24994501805
24990949086,24991269744
24991941648,24992763164
24994073013,24994754108
24994625751,24996245541
24996606114,24998096992
24998471505,24999774014
24998742517,24999867819
25000304453,25000540397
25000567493,25000973081
25000975380,25001546665
25002069969,25003148201
25003837220,25005510672
25004292541,25005478212
25004642985,25006272494
25007092262,25007995430
25012409158,25013026239
25013893549,25014973687
25014105906,25014514742
25014632445,25015651428
25016459603,25016613188
25021833647,25022724403
25021953047,25022381477
25024262618,25025000171
25024767582,25026636893
25025497481,25025815514
25026111467,25026811460
25027165547,25027898182
25027478388,25027836910
25028128062,25028544285
25029170123,25029997270
25029776761,25030470318
25029939817,25031526111
25030501996,25030755220
25031305612,25033885941
25032612521,25033621294
25033918874,25035072062
25034523214,25035003644
25036480200,25036899265
25036956915,25042855445
25037565072,25038519419
25037833109,25039192202
25040843735,25042026186
25041637672,25045064700
25042061394,25042299906
25043418115,25044078053
25043777673,25044359991
25044077578,25044877122
25045364973,25046394884
25046205068,25049142304
25046883848,25047899757
25048129648,25048900737
25049086507,25049219829
25049153188,25049411323
25050366525,25051046050
25052745783,25056388303
25053060955,25053695484
25053559572,25054066482
25055266678,25056430659
25058114612,25059506128
25058235839,25059179218
25059437466,25060758563
25061431390,25062333509
25063112706,25064874922
25064364657,25065239330
25064712571,25064953891
25064748043,25069140867
25066406833,25067323148
25067326789,25067407498
25067701060,25067880673
25070833066,25072201678
25074073305,25074392040
25075113911,25076439131
25075228968,25076759339
25077932670,25078940577
25078113342,25079081198
25080184486,25080762882
25081204485,25082151566
25081514503,25082292047
25082602914,25084294082
25083183268,25084102566
25085886380,25087203412
25088090984,25089535407
25088761693,25090296898
25090321160,25090930422
25092841398,25093828586
25093026110,25093871123
25094659614,25095646441
25095175886,25095753527
25095393278,25096810654
25095688791,25096713640
25096734792,25097896188
25100355224,25101159244
25101810315,25102446047
25105241776,25105746486
25108193983,25109737333
25109429730,25110042414
25109711294,25109754282
25111428929,25112472087
25112814392,25114464643
25114161783,25115348469
25118679209,25119468005
25119619137,25121060660
25120677817,25121710060
25123973110,25125047348
25124420579,25124943821
25124709039,25125907880
25126346750,25126874835
25128101662,25128623190
25128872638,25129267973
25129146712,25130962044
25131101383,25131353731
25131232660,25131690711
25131999313,25133662685
25132328608,25133052801
25133848579,25134523239
25134365726,25135795503
25134539610,25136182910
25135307247,25135920347
25137062321,25137732391
25139421892,25141147068
25140195407,25140784400
25140494784,25141832690
25141722988,25142630589
25142040176,25142912808
25144315096,25145679732
25144482588,25145268010
25144860547,25145192008
25145283896,25146191961
25146361746,25147207307
25148373781,25149436025
25148822306,25150022610
25149282191,25150185542
25150105711,25150745062
25150160993,25150556448
25152020516,25152324217
25153950194,25154692304
25155019064,25156422020
25156315055,25156404419
25156426136,25156640581
25156720913,25157223618
25156910312,25157962273
25158245565,25159215400
25158636901,25159367307
25159317471,25160653325
25159369710,25159946962
25160202899,25160888474
25160509901,25161201693
25160598588,25161205385
25160641064,25161460593
25160980362,25162025772
25162772446,25163383078
25162915924,25163661411
25163043042,25164238504
25163281678,25164596608
25164894941,25165445777
25165646541,25166035836
25167779678,25168874723
25168341464,25168873678
25168671486,25171669230
25168880673,25169984753
25169001193,25169698431
25169197985,25170707983
25170053189,25171059564
25171505793,25172125389
25174890919,25176333795
25176329780,25176528252
25177506965,25178424518
25177583507,25178676588
25178392917,25178977470
25182135229,25182785424
25185176044,25185692862
25185971050,25186678377
25186131575,25186848949
25187597567,25188460471
25187763825,25188447243
25190490760,25191285880
25193274592,25194567740
25194808010,25196618068
25195405289,25196209646
25195707670,25196085455
25195782038,25196474326
25197003908,25197270287
25197628896,25197832266
25197843442,25198148900
25198237377,25202937889
25200701592,25201367209
25202265378,25202838329
25206037982,25206751858
25207097551,25207287414
25207465741,25208476105
25208051123,25208663993
25208952430,25210083921
25209801679,25210304275
25210333596,25210442092
25210512789,25210760798
25214095750,25214538205
25215298983,25216411278
25215373125,25216417051
25215872956,25216144427
25216422119,25217399405
25217498132,25218319328
25219195778,25220129886
25222995459,25223706019
25223012171,25223566683
25223319868,25224605318
25223490049,25224381275
25227468850,25227916837
25228884875,25229000517
25229490874,25230084488
25229763638,25229975384
25231485280,25231742007
25233192657,25234417761
25233519851,25233702231
25236197209,25237048030
25236473528,25236852030
25237693155,25238977356
25238441002,25239358559
25239100221,25241899568
25239502712,25239969190
25239926307,25240250254
25241351009,25242604116
25241479600,25242585865
25242969439,25243711062
25243876944,25244881832
25247338619,25248360607
25249077963,25251009618
25250003944,25251072072
25250130648,25250535648
25250851783,25251151976
25251841280,25252823717
25252098005,25252873807
25254986073,25256086243
25256028597,25256705590
25256079223,25256783298
25258419218,25258668859
25260158198,25260981121
25261337651,25261662637
25261666724,25262044333
25261927175,25263626696
25263748110,25264070978
25263959195,25264874434
25264147343,25265093279
25265233781,25266537669
25268106960,25269065358
25268686935,25269016476
25270133041,25270649100
25270453804,25271134231
25272455980,25272802869
25273121838,25273570071
25275546142,25276666195
25276963741,25277076690
25277399361,25277611778
25277740809,25278581646
25277924266,25280745121
25282210476,25283055943
25282411532,25283282478
25282570281,25283434014
25282735343,25282824785
25283081201,25283219786
25284430000,25285251510
25284650925,25285560601
25285397095,25286069089
25286142449,25286472769
25286365027,25287677212
25288543273,25289674040
25289880602,25290191359
25289954661,25290091038
25293613874,25294096612
25293674214,25294902042
25294631049,25295270895
25296426212,25297221533
25298142526,25298586796
25298445561,25299030108
25298602439,25298715503
25298904637,25302513901
25300045274,25302318815
25300681560,25301245917
25301922260,25302593259
25302795508,25302922142
25302979812,25307389315
25303573386,25303867555
25304469099,25305230777
25304656511,25305324794
25307548919,25307955240
25308379983,25309110664
25308656641,25312727868
25308738275,25309132370
25309178669,25313575345
25309709584,25310681644
25310437229,25314481028
25311026183,25311627969
25311344134,25311796511
25311805736,25312551534
25313191211,25314336251
25313669854,25314092284
25315342816,25316038544
25316005292,25316895524
25316069530,25316699230
25317237752,25318669278
25319490563,25320567856
25319603469,25320549330
25321461962,25321531081
25321668486,25322109230
25321852589,25322398255
25322396170,25322451702
25322669018,25323827039
25322856007,25324370536
25326318666,25326893614
25329173983,25330003872
25329456570,25330562293
25330074822,25330775324
25330854808,25331039728
25331558354,25332575764
25331695127,25332479353
25334340234,25335269283
25335695687,25335817700
25336361693,25336942324
25337477898,25338713265
25339597543,25340054340
25339628130,25339750599
25339766364,25340647475
25340366407,25341366210
25343030042,25343672428
25343087767,25343796295
25343547428,25344065781
25343632243,25343988460
25344142418,25347040047
25345956906,25347033914
25350114408,25351288884
25350168059,25351357478
25350501297,25351292341
25351017936,25351706996
25352607917,25353017545
25352981047,25353878623
25353096922,25353441484
25353555879,25354058265
25353883196,25354714675
25354139546,25354583110
25354353684,25354755774
25354740901,25355875509
25355510382,25356447084
25355949463,25356375244
25358239180,25358748005
25358274306,25359202761
25361769069,25363051655
25362472938,25363798244
25363069587,25363125190
25366361467,25367308033
25366511771,25366657152
25366694127,25366884466
25366809088,25367187418
25369394343,25370021396
25371313470,25371916581
25372071406,25372925767
25373160515,25374574309
25373193884,25374079646
25373227235,25374218754
25375789426,25376810715
25377696387,25378851685
25378583461,25379524321
25379316915,25380356555
25379560871,25379895501
25379576923,25380446580
25379785402,25381093483
25379792504,25380624542
25384213366,25385354999
25385210804,25385919054
25385688927,25387051173
25386965011,25387752907
25388600855,25389519775
25388691481,25389277148
25389576942,25389660543
25390110389,25390757581
25390189054,25391357385
25391686538,25392457469
25391698038,25392694004
25392381001,25393406452
25393585830,25394302519
25394498088,25395007021
25395170674,25396198750
25396378701,25396480461
25396503699,25397350131
25397200528,25397440307
25397312270,25398900944
25398237306,25398593890
25398477564,25399465036
25398811257,25399579808
25399917239,25400133335
25400419845,25401391007
25400445124,25401088825
25401079828,25401438626
25402147187,25402810011
25403297007,25404030411
25404696575,25405013695
25405181084,25405713025
25406171716,25406562879
25407770411,25408693924
25408477454,25409119365
25409524729,25409587735
25409750132,25410400304
25410231436,25410880234
25410731703,25411501927
25411167110,25411806070
25413402651,25413609055
25413588759,25414290721
25414068829,25414525091
25414517483,25415547350
25416315708,25417011296
25416540128,25417111032
25416724495,25417266363
25416788071,25417300204
25417220113,25417352696
25417490382,25417839011
25417782095,25418537625
25417989755,25418343977
25418682403,25420123094
25418810005,25419524084
25420992928,25421404424
25421538880,25422593981
25423368479,25423825270
25426882652,25427342986
25427810972,25428616974
25428381847,25428931787
25428769647,25429006340
25429316864,25429669385
25430473087,25433633754
25430740188,25432002152
25433194162,25434228500
25433448138,25433679955
25434666918,25436042822
25435227671,25435783755
25435493504,25436777114
25436636360,25437998300
25438201772,25439229822
25438612205,25440005332
25438994598,25439742722
25439637751,25440941929
25440249891,25440677042
25441076992,25441490577
25441412368,25442405920
25441514354,25442689079
25441832202,25442816146
25442329115,25443018247
25445772359,25446192484
25446070869,25446863245
25447056546,25447955919
25447058430,25448505976
25447242558,25447916203
25448060003,25448793208
25448796880,25449744072
25452185704,25452969742
25452327608,25453174855
25452804253,25453360690
25452984318,25453960862
25453069867,25454126235
25453634922,25453725332
25453635545,25453699323
25454524662,25454741724
25455627631,25456444634
25455917727,25456549262
25456937015,25457555629
25457565014,25457995719
25459357126,25460233965
25459917390,25460685411
25461691371,25462043239
25466308367,25467313027
25467148294,25467285138
25467572762,25468129366
25468275964,25469181591
25468433415,25468899627
25469723143,25470038912
25470013595,25470786101
25470048183,25470676025
25470064149,25470990209
25470412184,25471002187
25471301833,25471467138
25471515753,25471943253
25471706821,25472241401
25472324760,25473277383
25472838901,25472959840
25474007047,25474388482
25474798275,25477196984
25475074638,25478091275
25476140800,25477600092
25476505508,25477391525
25477321587,25477636391
25478111841,25478557217
25478829692,25479908254
25478947196,25479634552
25479825747,25480207651
25480137890,25480710627
25480317592,25481047573
25480878639,25481395813
25481300986,25482142491
25482169940,25483186448
25486287722,25487646224
25487423713,25487933862
25488515396,25489238083
25492595043,25493098517
25494463429,25495360516
25494864884,25495309906
25496058424,25496459813
25496912852,25498015322
25498545154,25499202228
25499212008,25500298763
25508498960,25527518108
25508988311,25509809760
25509817185,25525142201
25512950985,25513396126
25513778358,25514400266
25517025993,25517230272
25520244502,25520898302
25520974141,25521573511
25523189279,25523474053
25523444262,25524192250
25525499137,25526374105
25529944123,25530294540
25530233839,25531286916
25530820106,25531698124
25531704899,25532618257
25533498997,25534449492
25534334462,25535137747
25535159135,25535431512
25535739362,25536944627
25536954861,25537080094
25536969210,25540490023
25537129780,25544667397
25538840529,25539735395
25542185091,25543182799
25542492470,25543090851
25543973105,25544418232
25545977539,25546844625
25547936091,25548617758
25548196051,25548779389
25548523409,25548804295
25549063906,25555652103
25549189617,25549990155
25552262059,25553482285
25552626798,25553280936
25554986356,25555218318
25555118586,25555522791
25562006345,25562603089
25562668042,25563789616
25563077506,25563672590
25563347918,25563951839
25565327309,25565957198
25565964749,25566670710
25566407114,25566601938
25568286652,25569148626
25569762111,25571149799
25571437675,25572146282
25572917538,25573898499
25575012304,25580348258
25575477356,25576190417
25575967437,25576616780
25576715171,25577354246
25578611258,25580005848
25583575208,25583935160
25584429672,25585132169
25585055740,25585551338
25586167854,25588207137
25586313851,25586650530
25586578069,25587138154
25586773669,25587402552
25587920555,25588658639
25590889920,25591965569
25590954740,25591705393
25591328099,25591853264
25592095740,25592661611
25596480616,25596579119
25596583462,25596975964
25596947583,25597808907
25597102343,25598501519
25598148128,25599660438
25599804180,25600642685
25600822525,25602831830
25601324305,25602412161
25601645625,25602481708
25601921523,25602518718
25603289857,25604025018
25603538928,25604298307
25607361628,25608570101
25608566412,25608834068
25609107297,25609653153
25610090777,25611218359
25610596224,25611785860
25611175061,25612001646
25612705653,25613647545
25613097677,25613700719
25614595417,25614704628
25614674212,25614704845
25614793770,25615553132
25615960444,25616729268
25616807104,25617541102
25617124776,25617870391
25617503544,25617961861
25617653517,25618465261
25617926294,25618627518
25620405303,25621410308
25620802622,25622238917
25621207372,25621734970
25622088366,25622750976
25623997157,25644828518
25627367948,25628668582
25628975517,25630220669
25630209143,25631780474
25633898415,25634696588
25635140740,25635761379
25641181362,25641499833
25643897911,25644822347
25644041891,25644353900
25644474430,25645496136
25646216994,25646849419
25647331504,25648206211
25648963656,25650348220
25650393008,25657686960
25651740872,25652732809
25652374824,25653813174
25652741697,25653764747
25659820035,25660345435
25660368390,25660761894
25660645175,25661733719
25660646002,25661739437
25661195375,25661896359
25661652687,25662608082
25661749189,25662163049
25661777854,25662425293
25662335349,25664191187
25662361307,25663089957
25662428914,25663572012
25662645435,25663907047
25664204678,25664924818
25667547675,25668318247
25670567847,25670710071
25670772740,25671079721
25671031706,25672714656
25672436847,25672594748
25673614036,25673781334
25674083579,25675660113
25674439858,25675017539
25675426267,25676017970
25675669062,25676352495
25675902542,25676804541
25676188139,25676528680
25676794973,25677964600
25676826775,25677380962
25677126000,25677644500
25677190137,25677694552
25677882374,25678729986
25678800417,25679912699
25680113739,25680612829
25684660040,25684747908
25685033964,25685730096
25685036230,25686391507
25685722802,25687208042
25685779251,25686529148
25686142009,25687175084
25687216023,25687767786
25688578785,25689762558
25689623670,25690133297
25690040183,25690862481
25692643924,25692808079
25692930546,25693526686
25693220299,25694137385
25693426098,25694303361
25693919996,25694619045
25698775024,25699304880
25699196508,25699531483
25699799476,25701291310
25700443910,25700869206
25700712490,25700838348
25700727256,25701116220
25702029484,25702898966
25705576494,25706497491
25705581070,25706470842
25707247386,25709174616
25707757451,25709159846
25709462826,25710609061
25711684673,25712216483
25712145388,25712865782
25712949439,25714400785
25713123656,25714294884
25714078821,25714360068
25714526060,25714698106
25714991778,25715489361
25715768399,25716711361
25716563108,25717885859
25717374438,25718108119
25718905838,25720064187
25722087391,25723352525
25723913809,25725172107
25724233252,25724496217
25725499211,25725609891
25725615688,25726330439
25726423984,25728158043
25726725463,25728342851
25728436026,25728780359
25728558540,25729397683
25729374814,25729861620
25729385869,25730000370
25729519383,25729644287
25729870734,25731524674
25730025297,25730972464
25730413028,25731140615
25730604528,25732509480
25731335984,25732216938
25731450431,25732059583
25732521935,25733467489
25733450955,25734333737
25733643982,25734049092
25733866563,25735463073
25734313514,25735816002
25736871729,25737833790
25737603041,25738666555
25738569636,25739042363
25739770050,25739918222
25740747382,25741430913
25740886908,25741323196
25740977186,25741441394
25744569438,25745265951
25744871849,25745324157
25745226683,25745300373
25746778155,25747661815
25746954708,25747437541
25748777614,25749340906
25751677058,25752387383
25754265337,25755002189
25754332366,25754931312
25755463139,25756639953
25756167246,25758032803
25760584479,25761697292
25760877158,25761772201
25761976026,25762851935
25764604994,25765659377
25764644747,25765460868
25765372394,25765722808
25765948465,25766130972
25767919384,25768210033
25768405865,25768973650
25771915229,25772590942
25774203392,25774745667
25775040471,25775448929
25775079148,25775577901
25776631927,25777780744
25776650813,25777382813
25776781606,25777065084
25779286108,25780136113
25779628360,25782710515
25783375863,25784483528
25783507171,25784246812
25784020292,25785998690
25784479301,25784812298
25785518571,25786709343
25785984148,25790032295
25786786127,25786998374
25787000151,25787170574
25787441223,25788436880
25787475659,25788820318
25788445667,25789067000
25789019650,25789912969
25790236227,25791536402
25790593957,25792362564
25790605391,25792348114
25794403547,25795353998
25795644590,25796812895
25795838235,25797251999
25797191850,25798337139
25797683549,25798659271
25797879102,25798406837
25798411865,25798866203
25799007185,25799717989
25799226225,25799983873
25799852727,25800741656
25800010397,25801283078
25800508308,25801321500
25801634102,25802367386
25802509170,25802819793
25803117930,25803937093
25803708392,25804635881
25803811200,25803937829
25804006222,25804456234
25809704814,25811034097
25811042925,25811325882
25811411489,25813039649
25816614174,25817656427
25817243301,25818495499
25818599949,25819307655
25820240145,25821321575
25822193254,25822685893
25823616445,25823841852
25827688303,25828405249
25827806324,25829042058
25828474416,25828685511
25829157962,25830084239
25829423778,25829858178
25830198145,25831041878
25830526662,25831191963
25831348399,25833204363
25831818032,25832783828
25832471907,25833504287
25832687275,25832721383
25832852500,25833609631
25833128190,25834015891
25833392653,25834665424
25835250663,25836554302
25836034019,25836313098
25836353660,25837099386
25837179214,25837362509
25837692560,25838279042
25837914595,25839082020
25838350423,25838670227
25839509487,25840454621
25840642369,25841186968
25842004441,25843030312
25843144185,25843619207
25844278944,25845368473
25844647742,25845860654
25847277910,25847428798
25849007626,25849292837
25849819394,25850274994
25850386229,25851756174
25850861271,25851832330
25851683478,25851904216
25854798177,25856668304
25856664136,25857470716
25858326401,25859128769
25858631744,25859656395
25859353466,25860865686
25859441792,25863125953
25864730301,25865370143
25864811371,25865907472
25865117274,25865464269
25867237999,25867959982
25867971856,25869110162
25868141777,25868987294
25868422549,25869212678
25868592197,25869628125
25873473240,25874623457
25873646971,25873876029
25874312165,25875622438
25874395761,25875059200
25874847753,25875800791
25875148836,25876307980
25876013012,25877063738
25876780625,25877774069
25876805373,25877437794
25877549561,25877689006
25878521310,25879438108
25879008821,25880347321
25879134863,25879897755
25880688470,25881072376
25882637830,25882830096
25882832808,25883212571
25882891714,25883088789
25883187667,25883731295
25883536574,25883958721
25884541140,25884912899
25888310908,25888881387
25892004340,25893269093
25892529637,25893286387
25892864344,25893159269
25894057314,25894338482
25896936952,25897017157
25898189936,25898858833
25898872173,25898971064
25899008475,25900121872
25900612276,25900796971
25900804982,25901384504
25900827231,25901538444
25900884162,25901526542
25901240701,25902095656
25902771054,25903393764
25903756387,25904600574
25905292937,25907034869
25906876055,25906971947
25907036023,25907496995
25907103424,25907726091
25908298228,25909357677
25911260150,25911750706
25911599634,25912449770
25911999143,25912371877
25912075772,25912859987
25914006568,25914091220
25915224297,25915733296
25916334120,25916997306
25917100605,25917644857
25918055421,25918455329
25918192216,25919052234
25919018159,25919360290
25919306698,25919771304
25919365696,25920447127
25920754601,25923736297
25923306809,25923897415
25925326271,25926311412
25925702270,25926952183
25926816747,25928100894
25927400187,25927567603
25927757341,25928603049
25929739109,25930967961
25930726441,25931858066
25932361996,25933150501
25934139602,25934588309
25934592166,25934627761
25934949628,25938419379
25937311680,25938199656
25939677688,25940179069
25941698635,25944598639
25942381391,25944406148
25942719520,25943621626
25944158975,25945475676
25944894260,25945396099
25945852723,25946628399
25947002436,25947616165
25947783174,25947883209
25949225555,25950392186
25951700735,25952639831
25954450724,25955031321
25958327393,25959903507
25963768924,25964332711
25965682176,25966224176
25966422532,25966667626
25967788975,25968586594
25967792874,25968239849
25968077708,25968456924
25968190110,25968899235
25970677086,25971604499
25977424010,25977828248
25977589134,25978229999
25978510048,25978562253
25979005690,25979935174
25980277369,25980816152
25981154612,25982557524
25981170815,25982497318
25982575749,25982856721
25983843078,25984558771
25984077345,25988838312
25984150313,25984824239
25988136186,25988712498
25990237370,25990894541
25991247830,25991859208
25991994978,25992514387
25993267292,25994961995
25994134044,25997807821
25994529980,25994909540
25994734887,25995883698
25994912790,25995991866
25996973375,25997413424
25998345885,25998631876
25999748310,26000279573
26001726077,26001859496
26003276880,26004243182
26005083147,26005908007
26005336233,26005762131
26007579201,26008001563
26009373726,26010170574
26009374533,26010506719
26010329259,26011181054
26011951051,26012998425
26012014911,26013131321
26013486804,26014057713
26014301776,26015477664
26016241390,26017646865
26018620576,26019355242
26020578889,26022060596
26022499276,26022682745
26024513439,26024761461
26024589531,26025607092
26025143278,26026039604
26025198677,26025885655
26025694877,26027137887
26025897162,26026541891
26026231027,26026397818
26026755411,26027513634
26027396666,26028444812
26028180290,26032142631
26028867950,26029918929
26029691478,26030615877
26031211646,26032046516
26031233619,26032097892
26031281133,26031545238
26031470184,26032934153
26035774167,26037242201
26037322857,26038081026
26038828936,26039863819
26040485584,26041674411
26041842052,26043228392
26042517332,26044278676
26044395036,26045644131
26044825852,26045451859
26045796255,26046567170
26051004315,26051846919
26051044493,26052970555
26052505891,26052612699
26053788177,26054743095
26054427357,26055531016
26057538554,26058419932
26059473995,26060539517
26059601420,26060584656
26060087247,26061584372
26060536621,26061884589
26062005208,26063531510
26062128912,26063121823
26063400811,26064349793
26064670018,26065333256
26065369621,26066505539
26065555315,26066623704
26066072192,26066522712
26066514079,26069355037
26066613454,26067369579
26066638865,26067840916
26066870626,26066948055
26068018267,26068966497
26072021379,26073332808
26072339590,26073790060
26072927200,26073231960
26073158230,26073781965
26074054993,26074315927
26074532203,26075561737
26075027916,26075320911
26075622104,26076133876
26076049014,26077171562
26078525436,26079293355
26078668059,26079562297
26081562766,26081632754
26084267264,26085679709
26085554368,26086889668
26085675325,26085974930
26086490421,26087788389
26087312789,26088347511
26087786294,26087898582
26089126825,26089670359
26089629714,26089865962
26091541807,26092137348
26091854213,26094607714
26093762961,26094854595
26094115736,26094299295
26094706607,26098057279
26094765066,26095458069
26096460025,26097265371
26098755296,26100188085
26102496060,26103402656
26102669496,26103685977
26103537992,26104958688
26103907298,26104381351
26105813749,26106315789
26106028951,26106641949
26107731462,26108814079
26107797869,26108909074
26108730801,26109471060
26110778987,26111774561
26111697520,26112120394
26112128827,26112535664
26112763811,26113725502
26113138255,26114168653
26113322021,26114374330
26114455447,26117250204
26119372892,26121952653
26120050596,26121723493
26124359110,26125088488
26124602955,26124947786
26124887419,26125222434
26125245727,26125851174
26129155341,26129538525
26129605911,26129954851
26129745614,26130298161
26130461945,26130691204
26130962589,26132062009
26132029587,26133191964
26133260757,26133810201
26134058844,26135002888
26135042438,26135987109
26135197271,26135749471
26135920776,26136616946
26136440513,26137162190
26139109267,26139461615
26139895528,26140790895
26140580211,26142082719
26140897663,26141977981
26142974090,26143304962
26143422642,26144639510
26143425268,26144188359
26143851252,26144401254
26144462895,26145467926
26149629886,26150357393
26150181472,26151598126
26156954291,26157443712
26157531361,26158241241
26158902775,26159625635
26160138740,26161114783
26161246573,26161501104
26161360997,26162344483
26162310107,26163314077
26162495545,26163752451
26163472630,26164185737
26164428814,26165992915
26164724908,26165824952
26164919663,26166220324
26166021176,26166581525
26166117877,26166778869
26166685726,26167381267
26168024638,26168631098
26168090130,26169100240
26172228568,26172554152
26172369973,26173654613
26181602208,26182680997
26182463889,26183425111
26182542542,26183156973
26184620285,26185050530
26184924021,26185438523
26185063098,26185845358
26185356764,26185447122
26186004731,26187130404
26191459488,26191587226
26192540964,26192807300
26192813966,26196960909
26192906244,26193457264
26194567004,26195127292
26196202580,26200408490
26196421139,26197284816
26197081477,26197428091
26200814694,26201017440
26202356000,26203134766
26202469248,26203357109
26204881193,26205625598
26206629942,26207028267
26208129116,26208682849
26208593847,26209554001
26208782734,26209644496
26210831353,26211960636
26210838866,26211911381
26214332739,26214847715
26214336581,26214823193
26216557519,26217452201
26217499617,26218492456
26218139635,26218439198
26219783254,26220275519
26220178386,26221051471
26221071855,26221913360
26222091372,26223110264
26224383909,26225094955
26229059410,26230172587
26229153283,26230284266
26229964395,26230567989
26230483213,26230875835
26231584418,26232458065
26233583936,26233948712
26234070599,26234680943
26234211066,26235312078
26234231562,26234974414
26234953454,26235528081
26235392718,26237992571
26237853538,26238975107
26239014989,26239332169
26239975331,26240603196
26241884570,26242622358
26244914900,26245268844
26245578375,26245826884
26245869775,26246732114
26246031455,26246965130
26247854768,26248290505
26248585182,26250048104
26249470940,26250302125
26250115326,26251337529
26250232434,26251627913
26250344501,26251408106
26250533346,26250921441
26250940818,26251283136
26252215400,26252614613
26252493229,26252984454
26253485391,26254275223
26253769960,26254406477
26254036318,26254989163
26254401091,26255119010
26254759757,26255365721
26255695518,26256444049
26256108346,26256793393
26256699153,26257841807
26256803757,26257352870
26257466948,26258582119
26260046592,26260555524
26260123163,26260969994
26260541548,26261867226
26265002714,26265759457
26265029097,26265966983
26265976929,26266480322
26266155408,26266974376
26268540373,26269052169
26271361058,26272912263
26272517121,26273852662
26273304450,26274139781
26273679082,26274759117
26274071726,26274792005
26276071569,26276527955
26276737655,26276867950
26276917049,26278006973
26277307669,26278442886
26278920139,26279783697
26281962994,26283241035
26282035302,26283280798
26282152838,26283428445
26284712198,26285306323
26284914576,26285490644
26286238567,26286491860
26286518524,26287440254
26292563121,26296220582
26293523285,26294440825
26295262196,26295660844
26296678734,26296897025
26296706328,26298737240
26296915671,26297491608
26298413365,26298795252
26298561279,26299010229
26298893381,26299561901
26299740031,26300635732
26300067579,26300847969
26301299634,26302504437
26301415761,26302856063
26302044434,26302969170
26303429876,26305414523
26303459575,26304236081
26304241092,26305229712
26304292550,26304763370
26306027431,26306778264
26306795533,26307997548
26308525884,26309337591
26308744629,26309637855
26309097720,26310878476
26309933089,26310393010
26310076990,26310220339
26310920598,26315420541
26311114789,26311865575
26314999861,26315781026
26316991909,26321763920
26319580365,26319717519
26320346632,26321031820
26323393426,26323618515
26324055262,26324909669
26324294010,26324620253
26324465941,26325288664
26329095318,26329581629
26330847434,26332211900
26332235313,26333787403
26332641950,26333431527
26334647364,26335486827
26334911164,26336092906
26335529784,26335754242
26336067058,26336230897
26336356527,26337266713
26337470137,26338331219
26337839719,26338583551
26338865232,26338992901
26340632342,26341959523
26340768449,26341740790
26340980245,26341801894
26340987122,26341553333
26341843733,26342423457
26342626194,26343036947
26343760932,26344778501
26345540439,26346768429
26345563581,26346620932
26346019848,26346434122
26347081778,26348205873
26348657188,26350332013
26349891910,26350618268
26350983862,26354532929
26352445930,26352513311
26352803217,26353208728
26354454140,26354686008
26355201125,26355664955
26355803151,26356679464
26356734391,26356816296
26356924952,26358265245
26357101033,26357927835
26358389931,26358804289
26358536259,26359221072
26358897553,26360471395
26359873169,26360320977
26359902876,26360652130
26360111125,26360177272
26360340851,26361790340
26360777049,26361609777
26361493203,26362080398
26361612286,26362016593
26363064290,26364075280
26363317980,26363883180
26363640411,26364393843
26364342757,26365684280
26365718835,26365867905
26366140296,26367455710
26366649779,26367528959
26369401041,26370229139
26369474318,26370347561
26372678420,26373580031
26375015250,26375473815
26375884416,26376465354
26376215594,26376501668
26376705189,26377678917
26377236652,26378670197
26378183716,26378494750
26378732502,26379585088
26379231100,26379788048
26380955161,26381072027
26381130048,26382633421
26382486244,26383342800
26384699934,26385685769
26385365070,26386344034
26385369389,26386405231
26385651024,26386710998
26389507383,26390373487
26391023636,26391679460
26391070988,26392303061
26391408533,26391858572
26392554782,26394031154
26393310212,26394937940
26394708590,26395111024
26395721985,26396281455
26395796658,26396384408
26395937421,26396530222
26396436599,26397394929
26397824858,26398082139
26398362095,26398504494
26398518516,26398774823
26398709554,26398831544
26398816847,26400775747
26400215586,26401059779
26400263189,26401285199
26401469169,26402406290
26401565897,26402425870
26407912688,26408550609
26407985450,26408760595
26409691663,26410008019
26411262632,26411686131
26414423862,26415013920
26414897357,26415217298
26414966991,26415782457
26415527987,26416401029
26416515938,26416834078
26416880226,26417747355
26418014835,26418961404
26419088899,26419142647
26419853257,26420943824
26420972601,26421483104
26421399737,26422631388
26422768998,26423534886
26423308204,26423923884
26423328398,26423672377
26424633344,26425371394
26425565481,26425743477
26427673048,26428079728
26428594320,26429384038
26429021074,26430242112
26429990269,26430173805
26430410801,26437924015
26430660987,26431036819
26433991351,26435358353
26436341879,26436899829
26437235061,26438899796
26437632471,26437938735
26439156357,26439589648
26440052188,26440839571
26440459076,26441217206
26441735045,26442196589
26442174476,26443227567
26442846178,26443307101
26443020187,26444066209
26444502216,26445219117
26444628866,26445167902
26448276363,26449215776
26448543098,26448697959
26448862738,26449363431
26449743166,26450671498
26453548915,26454164325
26453682016,26454266099
26455295131,26455514501
26455855219,26456366691
26462000558,26462654100
26462820100,26463176988
26464175154,26464616039
26464756376,26465600931
26465673449,26466513668
26467213388,26467936061
26468812709,26469815736
26470185022,26471223744
26472834547,26473318365
26473990734,26475529852
26475534943,26475933629
26475696863,26477208765
26475855679,26477129974
26477215213,26477441957
26478858936,26479274509
26479201704,26480650383
26480798355,26480952213
26481133126,26481887497
26481431916,26481715558
26481689612,26482867566
26482014424,26482707146
26482400615,26482601741
26483370194,26484154897
26484969467,26486016711
26487160531,26488620709
26487543257,26487884289
26488647620,26489156279
26491309192,26492307118
26492203837,26493082968
26492262375,26492524511
26492849460,26493639805
26493658881,26494386532
26494369838,26495115315
26495580157,26495999176
26498051495,26499088229
26498632417,26500699849
26498670162,26498940732
26498689774,26499207138
26498739282,26498902268
26499115420,26500059337
26500562109,26500876203
26500885514,26501502280
26503202619,26504154374
26503934249,26504972215
26506461497,26507720634
26507583748,26510293512
26508568048,26508846833
26508689722,26509233351
26508791441,26509109281
26509681914,26510346826
26510516790,26512027069
26516914356,26517380839
26517142489,26517872071
26517920390,26518841686
26520398046,26521531572
26522366910,26522713481
26523391877,26524103725
26523825515,26525249058
26525268565,26525616860
26525368919,26526072408
26526963656,26530011545
26527889375,26528345173
26528236009,26529188034
26532429746,26533356975
26532708250,26533822660
26534331992,26535032224
26535769264,26535954526
26536286555,26536653798
26540553500,26541504760
26541211854,26542058848
26542324242,26543321653
26544122903,26544989654
26544152403,26544452700
26544364718,26544985079
26545007829,26546003056
26547700172,26548724871
26547738366,26547841462
26548381905,26549383198
26550068075,26550345941
26550368963,26550981299
26550948194,26551982813
26551669895,26551819450
26552778983,26553676202
26553995780,26554366993
26554029641,26554544240
26555077885,26555300809
26555760047,26556213588
26555897535,26556075650
26556078502,26556563397
26556135721,26556588117
26556569204,26557381215
26556598689,26557492799
26558546236,26559009098
26558752053,26559102626
26559008247,26559777466
26559418185,26560004426
26560278218,26560325963
26560801378,26561428938
26561093406,26562081425
26561100910,26561902200
26561738561,26562524062
26563089752,26564063099
26564483822,26565213518
26564620289,26564944436
26565132946,26566475571
26565551889,26566304269
26565978357,26566204790
26566076370,26567317726
26566950345,26576120587
26567814469,26568027581
26568045432,26568855586
26570955816,26571419581
26571348865,26572025279
26571445201,26571795517
26574312180,26574712589
26574545483,26575430303
26574734107,26574771563
26576234042,26576835216
26576406646,26577080695
26579308230,26580032601
26579309344,26580481002
26579585335,26580144174
26581347252,26582484022
26581794879,26581996501
26581891076,26582201581
26583482434,26583613404
26583835463,26584184722
26583961195,26584380718
26586798877,26588045927
26587886008,26590685558
26587926586,26588732977
26588055101,26588973859
26588969889,26589889970
26589292889,26589768021
26589972819,26590584800
26590474319,26591359747
26590587822,26591385201
26590746883,26590878183
26593455992,26594344007
26594118776,26594601144
26596834689,26597418247
26598245296,26599415176
26598767386,26599832480
26599329816,26599515419
26602753610,26603116087
26603447138,26604985125
26604184596,26604659057
26604809865,26605377129
26604979629,26605268209
26606670263,26607920871
26607635335,26608072361
26607642514,26607724366
26607643469,26608387877
26608334253,26609310192
26608556749,26608643044
26609674840,26609895568
26610341253,26611397046
26613547298,26614654891
26614119072,26614839516
26617222472,26617933865
26617431549,26617643730
26617501734,26618194356
26617518970,26617723770
26617673284,26617966274
26620234452,26621222173
26620719361,26621317726
26621265214,26622015222
26621435930,26621510996
26622023785,26622440735
26622233668,26622804894
26624926004,26625803923
26630836419,26631471393
26631284303,26631958398
26632869893,26633591059
26634662922,26635862838
26634912230,26635543565
26635230823,26635920063
26635862871,26636685550
26636668162,26637083849
26638106946,26639132746
26638165552,26639341007
26638308848,26639417967
26639558377,26639617078
26640883592,26642131275
26640906085,26641522251
26644284275,26645174267
26646245442,26647669910
26649073530,26649277566
26649203696,26649890236
26650027042,26650694734
26651054147,26651540783
26651414266,26652178519
26652487010,26653285988
26652544308,26653618078
26653554237,26654092384
26654101264,26654242014
26657554990,26658413674
26658195938,26659511767
26658650365,26658859801
26660602854,26661029989
26661057122,26661179403
26662081160,26662906025
26665488032,26665647176
26667659334,26668343503
26667874525,26669107506
26669543734,26670678182
26670416546,26670848885
26673370139,26674485591
26674897366,26675219896
26675784675,26676521486
26677340754,26678088838
26678032183,26678701020
26678642361,26679119788
26678856272,26679452308
26679226629,26683409459
26681898951,26682100596
26681982432,26682240790
26682115082,26683221159
26684067756,26684637840
26685434383,26686171406
26686417947,26687642723
26686627851,26687642442
26688820829,26690133140
26689681437,26690797353
26691821966,26693012060
26692629661,26693760658
26693095526,26693446435
26694123132,26694705708
26694906046,26695387213
26694970631,26695775453
26695603743,26696873612
26696289790,26697754135
26696838944,26697141492
26697144890,26698286237
26699596065,26700670888
26699925608,26700557735
26700806178,26701166861
26702063237,26702533805
26704036290,26704851425
26706871887,26707348961
26707541475,26708754217
26708732087,26709055740
26709060340,26710266033
26709765473,26709906054
26709872111,26710654376
26710269744,26711052951
26710337799,26710464926
26711185260,26711774778
26711778747,26712879218
26712419728,26713333032
26713337092,26714566067
26713752068,26714188449
26713793994,26715479038
26715493038,26716168982
26716355869,26716812118
26716447456,26717441259
26716600973,26717276169
26717192473,26717617062
26717526315,26718222401
26720793127,26721471720
26721406254,26721959912
26723598103,26724011663
26726733849,26727937941
26726736197,26727632981
26727445916,26728205828
26727960275,26729018815
26728904541,26730244970
26729545544,26729861255
26730066299,26730431656
26731316396,26732887125
26732909619,26733217808
26733219853,26734082228
26733372868,26733949570
26734410764,26734784330
26734416971,26735224256
26734853924,26735596752
26734930330,26735692392
26735013799,26735991152
26735218558,26736627506
26735691370,26736149647
26737641017,26739935440
26737784491,26738468697
26738527199,26738987127
26740715397,26741118631
26746662900,26747245085
26747584560,26748907802
26747882811,26748785294
26748962843,26753415069
26752678665,26753470644
26753492364,26754436915
26753807673,26754626593
26754927546,26756076473
26756277448,26756693178
26758014611,26758244545
26759729523,26760362162
26759918214,26760341679
26761613716,26762564645
26762147125,26762186328
26762230739,26763625058
26765851001,26767421022
26768812221,26772084291
26769583305,26770898772
26771814608,26772687484
26772702867,26772976621
26772813718,26773056267
26773671845,26774626269
26775464765,26775689511
26776098692,26777106043
26777823875,26778602387
26779235684,26780976802
26780181555,26780877915
26780789080,26781725614
26781747443,26782128897
26785872121,26786761775
26788987800,26789481104
26789495924,26790520664
26789616848,26790012109
26790333600,26790776449
26792870871,26796678787
26792899158,26793276268
26793385646,26794245031
26796904819,26797749532
26798644070,26798812134
26799052621,26799200987
26800585071,26800886590
26802666195,26803420356
26802686735,26802937934
26803170493,26804098952
26809655925,26811354737
26810848992,26811527652
26812118042,26813168904
26812123325,26813163562
26812757426,26813589015
26813925928,26814262500
26815185813,26816643961
26817198840,26819106093
26817568721,26818186723
26819557717,26819755516
26820578384,26821726610
26820708295,26822163840
26821411086,26821996047
26821833569,26822461858
26822191395,26823931254
26823839015,26824819508
26824044998,26824840466
26824825946,26825523940
26830160746,26830926189
26830186044,26830550114
26830938046,26831885895
26831203286,26831307987
26831463739,26832945009
26832681453,26833400818
26834135167,26834827063
26834885425,26835515852
26835577929,26836490953
26835839395,26836584562
26835860383,26836028039
26836549165,26837538441
26839460003,26839665634
26840052332,26840469389
26841542054,26842069635
26842933945,26843151481
26843739529,26844106025
26843953249,26844458252
26844778681,26845478425
26844909664,26848184494
26845799221,26846072560
26846401769,26847486588
26848243691,26849132013
26848474234,26849466640
26850380887,26851285190
26850937978,26851696438
26851521275,26852008160
26852691628,26853533794
26854134437,26854828913
26854340771,26855454131
26855410178,26856950499
26856039097,26856793549
26856928135,26857745946
26856970063,26857664137
26856993092,26858161851
26857631443,26857823739
26859608656,26859974588
26860265019,26860568295
26861719094,26862676424
26864019642,26864958744
26864915563,26865491818
26865045828,26865079127
26865058516,26865918191
26865936976,26866753313
26866145457,26867115343
26867639904,26869093264
26869956144,26870365003
26870118498,26870437540
26875224610,26876770994
26875363288,26876135342
26879544312,26879870705
26879617899,26879863575
26879827958,26880461970
26880676546,26881244992
26881269471,26882710677
26882859835,26884159587
26882905755,26884371019
26884850491,26885514785
26885047200,26885858179
26885910755,26886772773
26886089436,26888653373
26886210326,26886963097
26886384915,26886820828
26887306708,26887372377
26888771958,26890010709
26888832666,26889879850
26893235279,26894353547
26893903602,26894959235
26894028418,26894669883
26894109354,26894789881
26894891181,26895467542
26895377545,26896187472
26896423747,26897099624
26896655077,26897316063
26897006813,26898164167
26902108629,26906140156
26904010532,26904447962
26909687580,26911182347
26909794706,26910915780
26913718612,26914548380
26914712271,26915006427
26914862571,26915213730
26915872381,26916356497
26917096686,26917911851
26918266260,26918860500
26918570328,26918772295
26918864213,26919489285
26918928626,26921355867
26919485593,26920520673
26921454755,26922594214
26921587765,26922561157
26922409406,26923993288
26922797044,26923268080
26926545492,26927725540
26927767712,26928346242
26929408659,26930448848
26930072303,26930709883
26931284487,26932174147
26931778522,26932199994
26932812593,26933221448
26934322184,26934666249
26934691705,26935123484
26935688715,26936049141
26936173442,26936761597
26936543825,26937627361
26938787305,26939384278
26940461682,26941199084
26940495733,26940561350
26942689939,26942840083
26943414012,26943541537
26945826367,26946066269
26946610338,26947741151
26946914681,26947538046
26947345353,26947811657
26948563469,26948704495
26949507109,26949730189
26950145538,26950184624
26950416245,26950886774
26951950675,26952217358
26952939013,26953603424
26954692522,26955505813
26954927468,26955044960
26957246495,26957685313
26958215135,26958453751
26958986394,26959473581
26960657987,26961582468
26961040127,26961893491
26961306177,26962225485
26961453974,26962022161
26961579725,26962119622
26962789150,26963007168
26963216202,26965297447
26963305525,26965014071
26965592719,26965830138
26966209408,26966845333
26966529142,26967167069
26967411731,26967581802
26968379814,26969068733
26968978484,26969870497
26969559898,26970354669
26969862883,26970401615
26970411419,26970841578
26970423192,26970975111
26970519104,26970596497
26970850111,26971292786
26971494840,26972359976
26971701260,26972105379
26973954879,26974772713
26975223484,26975814958
26975506833,26976117060
26976367877,26977056870
26977527324,26986818308
26979407440,26979813663
26979837906,26980237552
26980611455,26981430731
26980858164,26981622768
26981517284,26982634080
26982804839,26983182919
26983703925,26984100156
26985858259,26986524457
26986050318,26986558522
26988228954,26988654616
26988663218,26989558164
26989844169,26990803350
26989905003,26991112316
26991459700,26992052338
26991936683,26992594675
26992145497,26992527968
26992292025,26992742824
26992393534,26992485083
26992640427,26993459313
26994312725,26996077734
26994456456,26994699491
26994666654,26995628957
26994718749,26995005723
26995644134,26996346592
26995681112,26996668466
26995723866,26996365815
26997027909,26997410398
26997719478,26998401306
26999168898,26999544187
26999970716,27000677100
27000740602,27001188310
27001561635,27001935970
27002957652,27003572462
27004447669,27005207782
27004472524,27005475864
27004487015,27004625838
27004634641,27005154831
27005248791,27005818146
27008340220,27008452514
27008497459,27008777636
27009745389,27009865897
27009795459,27009911692
27010303168,27011099056
27010362015,27013081289
27012395079,27012866997
27012817130,27013183862
27013432164,27014072394
27014219392,27014854400
27015596273,27016862126
27017169963,27017499283
27017170200,27017328721
27017798740,27018371955
27018287990,27019221315
27019265735,27019894248
27020090351,27020642999
27020105048,27020158647
27020645176,27021279226
27022150954,27022697080
27023428942,27023880295
27023678260,27024612363
27023815549,27024772318
27026312495,27026588799
27027264144,27027541710
27027266836,27027539312
27028027156,27028192516
27030189512,27031157508
27031495311,27031795216
27031889334,27032547592
27032357831,27033043784
27032493173,27032703908
27032771461,27032936147
27033540390,27034051514
27035264265,27035694872
27035497241,27036191998
27035943854,27036527555
27037085893,27037736184
27038757782,27038980461
27038821184,27039305946
27038952590,27039713158
27041386780,27041893788
27041435798,27042132272
27041636566,27041936535
27042336208,27042939093
27042517738,27043666265
27043974828,27044120701
27045378714,27045674421
27045773508,27046380011
27046383028,27046995031
27048357597,27049119259
27048714290,27049456947
27049261153,27049741100
27051079652,27051595466
27054722927,27054941627
27060466044,27061128102
27063663848,27064352590
27063957023,27064309815
27065244080,27065982024
27065433754,27066026120
27065736399,27065895046
27065921144,27066151534
27066421502,27067731409
27066817214,27067154065
27067112741,27067224374
27068944773,27069504856
27070687191,27071927493
27071699350,27072062940
27072367753,27072715015
27073863796,27074812683
27074081440,27074175084
27075482781,27076105731
27076014248,27076038329
27076347090,27076861393
27076627399,27077233623
27079482526,27082773855
27080673907,27081461635
27081699857,27081826584
27082105054,27082728136
27082612147,27083403565
27083143901,27083841883
27083317453,27084374141
27083370561,27084388660
27083419321,27087504336
27085552867,27086577884
27086098336,27087150511
27087885086,27088785636
27088441419,27089209841
27088987249,27089905450
27090907839,27091547037
27091942343,27092744163
27092026535,27092744001
27094105150,27094921391
27094892000,27095756838
27095475452,27096139334
27095719526,27095882981
27099778622,27100073524
27102086718,27103068790
27102108302,27102521431
27102263370,27102711945
27102610120,27103251320
27103246476,27103419899
27105077271,27105243642
27105125244,27105701974
27105166996,27105540292
27105971080,27106598953
27106076470,27106606630
27108383630,27108451201
27108504890,27108632929
27108606011,27108739313
27111599791,27113140304
27112847736,27113214314
27112878378,27113674282
27113689752,27114214749
27115576964,27116208829
27116244660,27116387300
27117511973,27117829466
27118704363,27119199492
27119204518,27119894786
27120320870,27121363254
27121018674,27121513648
27121371147,27121831134
27122191510,27123301696
27122388243,27122731896
27126287809,27127496984
27126903554,27127670066
27129401368,27129732001
27129909941,27130432366
27130058468,27130798964
27130077138,27130940272
27130585605,27131548673
27131807602,27132247132
27132409446,27133614640
27132536038,27133434139
27132696993,27133506394
27133635311,27133921289
27133647218,27133861635
27134076596,27134268865
27135422591,27136034966
27136709158,27137377145
27138703298,27139009411
27138803101,27138849441
27139429958,27139715198
27140015347,27140366098
27140952995,27141762815
27144829666,27145455069
27145365967,27146696159
27145660150,27146352695
27146332520,27147268439
27146505999,27150138992
27147133932,27147667915
27148982448,27149166565
27151872804,27152165544
27152032463,27153221698
27152378345,27153349343
27153610571,27154551047
27155947285,27156642989
27157541025,27157934807
27158747640,27159716536
27160992405,27161728558
27162870894,27163815249
27163184727,27163807004
27163235831,27163915285
27169027193,27170495319
27169153742,27170111728
27170608267,27171039079
27171251549,27171675406
27171456547,27172318972
27172843246,27173403234
27173963196,27178868023
27175481428,27175583743
27176290543,27176943909
27181049947,27181781714
27182066253,27186004885
27184524974,27186030502
27185781091,27186799389
27186244821,27187804024
27187007504,27188333592
27188173006,27188988131
27188725857,27189437836
27189271314,27190240969
27191739839,27192735164
27191904159,27192546242
27192232078,27192563021
27193919515,27194661526
27195223443,27195412407
27195386622,27195661229
27197056128,27197948996
27197831507,27199572388
27197836254,27198896715
27199831327,27199890124
27203181157,27204094779
27206968852,27207264698
27207070311,27207868819
27207182886,27209522382
27207604023,27209953682
27209726484,27210356086
27209838905,27210284444
27210971299,27212034302
27212600201,27212873015
27213052734,27213778741
27214789047,27215446601
27216076222,27216139398
27217096720,27217642588
27218036723,27219179327
27218373026,27218927241
27218954288,27219369224
27219182504,27220175301
27219832934,27221033291
27220191224,27220706547
27224619444,27224984187
27225473198,27225611313
27225698408,27227099129
27226864317,27227345366
27227223527,27227778961
27227285236,27227370082
27228525508,27229264286
27228689977,27229567440
27228946000,27229838173
27230438752,27231445464
27232524236,27233599573
27232826634,27233264858
27233339785,27234312368
27233647468,27233740361
27234325912,27234810859
27234490838,27234918142
27237250940,27239974806
27240515164,27240933800
27241715331,27242785611
27242650011,27243152714
27242815888,27243609221
27247931582,27248934478
27253207161,27254482067
27253487339,27254061632
27257605763,27258294721
27257978232,27258810942
27258338638,27259481911
27258616565,27258906164
27260580314,27261490027
27260839337,27261101147
27261310619,27262164161
27261343573,27262399674
27261467734,27262189409
27262889613,27263798096
27264051964,27264476452
27264684627,27265517248
27264789925,27265354380
27265353224,27266228635
27265361790,27266675828
27266176575,27266925967
27270875602,27271971636
27270902217,27272044503
27271327425,27274156444
27271777613,27272660105
27272012175,27272493387
27272450041,27273005885
27272500938,27273231040
27272857572,27273296081
27273109866,27273789665
27276250823,27276939125
27276551350,27277754330
27277001567,27277436226
27277114357,27277669056
27278180674,27281426218
27278654298,27279616058
27279415337,27279970814
27281434843,27281857338
27282010405,27282729994
27283011196,27283177647
27283626794,27284615721
27288294710,27288925271
27289349686,27290003973
27289631567,27290307918
27290013990,27291574480
27292106868,27292296477
27292543620,27293051496
27295281631,27296025712
27295473920,27296020156
27297984064,27298679616
27299198324,27299787461
27300635955,27301161268
27302506147,27303049081
27302694857,27302878003
27303946627,27305034640
27303990803,27304773642
27304729909,27304772261
27306393985,27306687017
27306846089,27310178005
27306911525,27308124541
27307617735,27308310495
27307683158,27308879978
27309317603,27309637837
27309666298,27310346548
27311001521,27311284490
27311789668,27312733545
27312228067,27313189657
27312614592,27313250472
27313919072,27314073388
27314427951,27315345925
27315554401,27316611277
27317694001,27318499341
27318533425,27319595325
27318784643,27319425293
27319963625,27322579825
27320288668,27321057335
27320608558,27321505826
27321078927,27322020201
27321834222,27323129367
27322660377,27323415578
27323942494,27324141481
27325282911,27326162435
27327039240,27330079642
27327228527,27328284305
27328575862,27329029134
27328704262,27329851820
27329832046,27330027907
27330092191,27331039432
27333127441,27333698420
27333354039,27333398145
27333561625,27333685408
27334144047,27335234241
27335034324,27335827941
27335217707,27336234980
27335499548,27336316996
27335529805,27335822564
27339860729,27340480979
27342212596,27343143552
27342504282,27343512378
27343068196,27343945782
27343345237,27344473182
27346807013,27347331988
27349315130,27350027456
27349645378,27350080132
27352540402,27353639293
27353543860,27354931441
27354804594,27355728479
27356072065,27356802120
27356314706,27357605782
27357852204,27358963672
27358309512,27359185759
27359013492,27359686419
27359161343,27360244101
27359457282,27360987979
27359719343,27360459031
27362288613,27362387142
27362718430,27363571673
27362987961,27363195164
27363240531,27364637396
27368055468,27369088182
27368134276,27368742459
27369606969,27370205618
27369772845,27370726791
27370154416,27370861085
27371514451,27372111590
27372588133,27372802619
27373321986,27374350554
27373769549,27374006195
27373884607,27374139985
27374426370,27374589385
27377752422,27378809221
27379263971,27380310861
27379291774,27379886883
27381823696,27383046841
27381871784,27382762207
27383148832,27383660557
27383575304,27384484957
27383675287,27384743819
27383694370,27384447579
27383749134,27383973365
27383790872,27384146801
27383826364,27384003750
27384555104,27385891348
27387985327,27388736528
27389174620,27389717886
27389382253,27390407430
27389844503,27390272094
27390102497,27391109971
27390714831,27390903443
27391368820,27392224019
27392328803,27393660698
27393670775,27394247824
27394280618,27394426158
27394580307,27394993442
27395109665,27395783608
27397395460,27398624245
27398786500,27398973692
27399456612,27399619668
27399626106,27400004562
27399782594,27400744889
27400864840,27402308011
27403661354,27405534705
27404643256,27404914538
27405175783,27405547995
27406724639,27407376357
27406840461,27407656859
27407482728,27408167699
27408480998,27409233094
27408486009,27409415520
27409781646,27410579672
27410768986,27410986395
27411310447,27411896737
27413339612,27413671804
27413805705,27414304040
27415911790,27416068093
27416396821,27416970012
27416974358,27417312133
27417067863,27418020624
27417189412,27417534590
27417684272,27418044524
27418388874,27419077662
27419413052,27420555271
27420692646,27421347498
27421785055,27422460507
27424373876,27424928805
27424513923,27424760718
27424781799,27425870470
27425294631,27425774686
27425499337,27426579142
27427703776,27428222992
27431414457,27431958202
27431480827,27432184397
27431708293,27434667916
27431961990,27432626758
27437463745,27438569700
27438413143,27438958045
27438555613,27439426902
27439179838,27439350155
27439613002,27440559888
27439717249,27440057210
27441520779,27442369200
27442668480,27443581735
27443957660,27444613430
27445825182,27446521759
27445916436,27446837910
27448169383,27449167145
27448543601,27449478051
27449376762,27449605846
27449666836,27449857501
27450579091,27450839712
27450887381,27451693893
27452052745,27453026335
27452366445,27454013020
27452998251,27453364755
27453486983,27453600234
27453541813,27453745201
27455318067,27456232070
27457139191,27457799311
27457802427,27458763042
27460133933,27460660869
27461564430,27462842468
27461854162,27462136611
27462424003,27463248212
27465149871,27466683437
27466528975,27467392588
27467828045,27468634798
27468282079,27468663702
27469728216,27470411345
27470035729,27470848105
27471315907,27471956460
27471481980,27472264257
27471847984,27472222621
27472494708,27472798616
27472502525,27473092042
27473126005,27473498594
27473234512,27473376810
27473875703,27474171229
27475684662,27478556204
27476019724,27476308286
27476130549,27477110665
27476506002,27477309624
27478029236,27478448997
27478365683,27478771586
27478588222,27479331043
27478980019,27481182203
27479406860,27479787751
27479581558,27480491865
27480964805,27481503018
27481662823,27482487117
27482032186,27482578108
27485156033,27485747286
27485697393,27486780892
27486536577,27487069008
27487527904,27488426034
27487593962,27487919614
27488516187,27488640786
27488749662,27489293894
27489763685,27491461778
27490612842,27490833238
27491460698,27491963726
27493106533,27494070916
27493589649,27494309370
27493876177,27494859782
27495876997,27497490626
27496637715,27496740909
27497785425,27498497133
27497977342,27498283212
27498245440,27498881197
27499015781,27499368466
27499437327,27499579936
27500199063,27500682079
27500842594,27501046558
27501698981,27502435769
27502393278,27503497924
27503121503,27503871701
27503583593,27505434956
27505549455,27506022998
27507595412,27508008436
27508018865,27509075701
27508151133,27509184123
27509526832,27509680928
27510448964,27510846375
27511731218,27512972811
27511846988,27512608415
27512010398,27512365711
27513019174,27513930162
27514545211,27516935364
27515044475,27516077053
27517266594,27518263061
27518330832,27519392037
27519125184,27519756644
27519389801,27520150361
27520867258,27521970936
27521467199,27522117488
27521614064,27522565166
27525014035,27532652915
27527270790,27528436351
27528022557,27528468481
27528076362,27528977788
27533905694,27537477356
27535045009,27536362537
27538826513,27539514494
27538963831,27539635899
27540500363,27541113372
27540509274,27540961637
27540572429,27541979123
27542459568,27543316353
27543464370,27543866271
27544565714,27545241738
27544629895,27545628857
27545923061,27546760668
27548099549,27549717254
27549421246,27550782180
27549721714,27550364335
27550653855,27551093221
27552771064,27552868598
27554093356,27554806269
27554651918,27554708486
27554899185,27555796041
27554904864,27555346593
27555635535,27555716899
27555728182,27557800737
27555914576,27558021593
27557915873,27558116948
27558442620,27559099385
27559985993,27561237099
27560449055,27560918905
27563199946,27564184381
27563843344,27564134063
27564308371,27565615370
27565796407,27566580335
27566038547,27567334438
27566237938,27566901949
27566575753,27567222374
27566802307,27567272217
27567318649,27567891840
27567820081,27568755125
27567952684,27569442268
27571766822,27572491837
27571975405,27572668898
27573910696,27575223708
27574568226,27575370652
27574792064,27575021130
27575548897,27577144359
27575921595,27576583935
27576299106,27576999799
27576503582,27577309186
27576569702,27576641992
27577432765,27577980253
27579420917,27579593791
27580543123,27581366828
27581070506,27581698264
27581706992,27582290399
27582010802,27583178790
27584240505,27585037978
27584403020,27585163226
27585206930,27585787215
27586619928,27587299264
27589160136,27590161294
27590742678,27592339993
27590898669,27592229923
27591393849,27592391697
27592794671,27593377955
27593545220,27593960447
27594232395,27595093379
27594336001,27595226847
27594612637,27596211002
27596051151,27596696704
27596162913,27597051862
27596536597,27597294061
27596666489,27597306157
27597308997,27598212937
27598882330,27599287697
27601601469,27603236819
27603793235,27605474879
27606097349,27606736943
27606197803,27606909220
27607490798,27608677212
27609901658,27610053001
27609942219,27610274896
27610305639,27611219263
27610448581,27610851593
27610685519,27611606157
27611356190,27612245559
27613289009,27614069957
27613888777,27614324276
27613917535,27613972516
27613985973,27614189127
27614114177,27615201535
27614836581,27615953235
27616597285,27616755433
27618839962,27620028118
27623767573,27624474370
27624883319,27625863642
27625262844,27625881762
27626621440,27627703684
27627158959,27627852972
27630510073,27630901132
27631070833,27631837899
27631388111,27632977790
27632845300,27633641292
27635790797,27636902977
27636017244,27636435074
27639963365,27640195396
27640204528,27641159387
27642555117,27643751399
27642575550,27644286537
27643160076,27645211488
27645343132,27645422004
27646801794,27647396317
27649036513,27649848825
27651966385,27656371711
27651971704,27652798472
27652071884,27652794430
27653505679,27653961208
27653696225,27653891022
27654344628,27654553583
27654609021,27655202274
27656346464,27656953906
27656914393,27657215030
27658686475,27660034379
27659365118,27660272082
27660024126,27660656819
27660346215,27660606979
27660884671,27663125244
27660990487,27662704451
27661124775,27662378847
27662387005,27663521156
27662467952,27663203223
27662508240,27663454802
27662790706,27663089248
27663677336,27664251135
27669157074,27669734505
27670300429,27670648504
27674142450,27674849701
27674227960,27675317397
27676021698,27678861202
27676131772,27676887458
27676943050,27677291810
27677480467,27678425496
27682106432,27682779573
27682114590,27682451025
27684543227,27685566632
27686223606,27686634790
27686779120,27687532519
27687073399,27687892150
27687491122,27689222688
27687885645,27688168445
27688214349,27689215221
27688264048,27689472464
27689678233,27690611653
27691089711,27692135302
27691388581,27691577683
27693565790,27694481707
27695794815,27696425660
27696004882,27697068322
27696186132,27697054899
27697927089,27698620349
27698151651,27698812180
27698744390,27699767793
27702109608,27702757558
27702310135,27702380885
27703765630,27704780103
27704046903,27704992842
27705369264,27706193071
27706230815,27706522494
27707126375,27707758382
27708521579,27708952080
27708555700,27709169507
27709173516,27709968358
27709872652,27711025501
27710566402,27711210246
27713834176,27714603708
27713951525,27714197185
27715477667,27716939493
27715880866,27720383756
27716780199,27717603365
27716792092,27717141667
27719934219,27720292450
27724651310,27725678352
27726048941,27726905797
27728443619,27729316732
27728461185,27729354223
27728535617,27729106994
27729624275,27730087086
27729755251,27730864208
27731647114,27732488355
27731846742,27732168160
27738036622,27739401331
27738247786,27739506766
27738973472,27739902365
27739909505,27740146180
27741017850,27741218545
27741451293,27742012738
27743901679,27744483449
27744356029,27745340513
27745398444,27746108037
27745737682,27745987831
27747979119,27748538632
27748137186,27748763095
27748443450,27748839744
27748873511,27749030349
27749121575,27750138044
27750587773,27751194532
27750944209,27752869786
27753051112,27753433518
27754462211,27754955820
27754486524,27755548234
27754725257,27755957918
27755449033,27755889860
27757527732,27758588911
27758290983,27759121533
27759046165,27759867641
27760797156,27762306029
27761312520,27761443653
27761383063,27762129803
27762899906,27763329118
27763419763,27764070027
27763425346,27764550199
27764865356,27766037419
27765043926,27765412464
27768271730,27768956621
27768663233,27769031159
27768694223,27768815885
27769587616,27770470222
27770768764,27771320017
27770973079,27772266874
27770989309,27771759342
27773157948,27773667964
27776176304,27776912204
27777974211,27778529932
27779018164,27779585783
27779465333,27779577849
27779653145,27780646500
27780060968,27781488978
27780695435,27781552501
27780941919,27783221819
27781268198,27781790831
27783229094,27784377249
27784518051,27785240590
27785948165,27786426683
27786232522,27786743395
27786475570,27786708163
27786590562,27787183937
27788425824,27788825666
27789386603,27790049089
27789554042,27790361952
27791467192,27792454335
27791841998,27792223812
27792587114,27794160343
27793906004,27794576238
27795194423,27796765835
27796069384,27796983894
27796287801,27799070408
27796877601,27797226090
27796884719,27797119404
27799142411,27799676696
27800046528,27805229436
27800515589,27801153073
27800722372,27801343844
27801017921,27801243655
27801181921,27802233629
27801781582,27803168592
27802845771,27803756479
27803858063,27804936775
27803979097,27805010010
27804214387,27804267348
27804875279,27806688511
27805607084,27806096437
27806345941,27806771265
27807007133,27809091452
27807427219,27809619868
27808566787,27809054605
27810562691,27811202168
27810628022,27811315363
27810702576,27811512736
27810858933,27811018829
27812541550,27813089584
27814056437,27815381975
27814546652,27814715725
27815277083,27815533409
27816540676,27817979614
27817245657,27818821429
27817740107,27818087230
27817782788,27818818115
27819038114,27819338990
27820085043,27820753861
27820696362,27820836749
27820848415,27821605472
27822040326,27822201872
27822525595,27823043464
27822716791,27823773634
27823175124,27823764289
27823296735,27823802159
27823778252,27824862159
27823896826,27824408977
27824655305,27825569008
27825299473,27825738312
27825426090,27826361080
27825958586,27826417956
27826231073,27826931983
27826384992,27827286619
27826688466,27827147187
27827302856,27827813880
27827960538,27828534210
27828800249,27829026720
27829843979,27829914958
27830172305,27830368166
27830490832,27831090555
27831445290,27831518743
27831859413,27832237574
27832241160,27832544511
27832613124,27833118989
27833082954,27833597563
27833228907,27833429553
27834621547,27834873509
27835229998,27835535352
27843046493,27843600665
27843356062,27843810447
27843514500,27843563139
27843788499,27843977781
27844883578,27845487124
27848354360,27849140583
27849180467,27850149253
27849688148,27850354379
27850764828,27851434581
27851339750,27852579415
27852994289,27853568205
27854908665,27855294847
27855445752,27856590891
27855996773,27856778662
27856099542,27857422921
27858546211,27859730016
27860146120,27860770393
27860938302,27861415693
27862617444,27863017024
27863919397,27865331521
27867672390,27867966218
27868212810,27868991729
27868903251,27869238475
27869272805,27870720219
27869800666,27870149052
27870462569,27870791902
27871321581,27872515761
27872834729,27873694549
27873566593,27873960036
27873626017,27874005382
27873922910,27874447604
27875410598,27876174286
27876115279,27876185468
27876263141,27876760974
27878108158,27878573059
27878311540,27878592527
27882664171,27883170838
27884851970,27884982597
27885413336,27886367730
27886733504,27887352161
27889112506,27889584876
27890211268,27890722723
27890308733,27891149310
27891337940,27892014451
27892976169,27894188310
27894469004,27895299269
27894530136,27895461982
27896384321,27896535019
27896901877,27897226930
27897242969,27898364164
27898314205,27898932588
27899633008,27900117937
27900018188,27900783837
27902234360,27902318325
27902588676,27902852165
27902862856,27903443504
27903172745,27903526261
27904296732,27904457242
27904422313,27905287125
27905514544,27905941577
27910563363,27911078177
27910944472,27911132910
27913241658,27913891123
27914630512,27915701199
27915681847,27916381912
27916964339,27917768063
27917085276,27917549959
27917823236,27918315783
27919046479,27919360904
27920609893,27921249364
27921051181,27921315428
27921957823,27922811609
27922135478,27922565950
27922411704,27925653415
27923419278,27924233037
27923507157,27923999281
27923786234,27925160404
27924089719,27924674689
27924630725,27925319710
27927133132,27928102907
27931010310,27931763123
27931316903,27932222914
27931403432,27931919083
27932089349,27932427540
27934105130,27934647621
27934940913,27935128454
27935088812,27935533134
27935334668,27935954367
27938130685,27939243815
27938349934,27939676988
27941136771,27942114057
27941512929,27941963131
27941783291,27941909628
27942524776,27943510889
27943195967,27943356415
27944015505,27944316388
27944361787,27945186427
27944917468,27945423453
27946653827,27946923827
27946874620,27947411538
27947360452,27947706048
27948409631,27949422215
27954344442,27954422092
27954513989,27954858033
27956414436,27957127641
27956814853,27957090798
27957093288,27957572258
27957719988,27957792452
27958469268,27959382043
27958470527,27961644790
27959726116,27959789139
27960196701,27960685531
27960803362,27961421610
27961118253,27961377249
27962276856,27962554894
27963263201,27964595426
27963369132,27967320902
27969019389,27969998195
27969725250,27970278220
27970296570,27971134700
27970340115,27974226901
27970982239,27971829906
27974473876,27975746065
27976804558,27977360849
27978789465,27979787568
27981313063,27981942180
27982146225,27982654857
27983870968,27984673275
27984472012,27985040674
27987706162,27987798199
27988859467,27990331772
27990335608,27990619725
27990610792,27991227591
27992853635,27994262939
27993009116,27994322272
27994556626,27994850836
27996486284,27997726958
27996717338,27997733040
27999140828,28000034705
27999411290,28000090903
28000454060,28000593071
28000618963,28001812054
28000941862,28001563461
28002106801,28003055723
28004131438,28006991497
28006460096,28006997296
28006569838,28007334602
28008397786,28009063072
28008762665,28009839045
28009707154,28010353541
28009933289,28010368450
28010332221,28011040586
28010373315,28011011088
28010688801,28011478512
28012436126,28012753711
28014022285,28014993751
28014489860,28014679028
28015175813,28015616712
28015209460,28015319498
28015409372,28015773486
28015537700,28015653428
28015915473,28016483464
28016409115,28017075913
28016633630,28018104912
28018751897,28019194573
28019638014,28020559944
28020137646,28020820812
28021234122,28021402033
28021337041,28021470319
28021809698,28022278866
28021910424,28022914523
28023549354,28024017294
28026441928,28026673976
28026628171,28027329540
28026820474,28027074947
28030931165,28031682308
28032691369,28032975391
28033469878,28033789799
28033622629,28034378772
28034962608,28035515995
28035613392,28036630438
28035729198,28036843527
28039920611,28040682842
28040581511,28041000571
28044524141,28045279321
28044627253,28045257289
28045799121,28046521814
28047371027,28048916070
28048291486,28048809149
28050606113,28051018928
28050982852,28052263314
28051698386,28051792295
28051838780,28051881673
28053437906,28053752181
28054967548,28055051793
28055786476,28056463202
28055962493,28057693320
28056696961,28057645508
28056831956,28057228628
28057854825,28058631213
28059270978,28060634007
28059548195,28059885328
28060031209,28060913275
28062982991,28063355822
28066851629,28068290923
28067018426,28067703754
28068289477,28068814038
28069299336,28069680847
28069703936,28071270027
28069887565,28070382256
28069996324,28071935795
28070164511,28070265113
28070996077,28071585458
28071872597,28071974887
28071946980,28072179226
28072121989,28073095256
28073971944,28074749644
28074045826,28074072112
28075123959,28076207993
28076161407,28076509321
28076595216,28077322469
28076761021,28077621036
28078273572,28079280451
28078609142,28078864199
28078913407,28079956635
28079114913,28080188420
28079204833,28079517959
28079784077,28079967867
28079812315,28080106361
28079909195,28080734897
28080313303,28080943285
28080535760,28080700108
28080858851,28081291460
28080908029,28081227385
28080998474,28081059572
28081167720,28081819683
28081519370,28082056065
28083002381,28084108579
28083955554,28084138078
28084100326,28084782403
28085002027,28085555059
28087894007,28088393150
28088718249,28089539302
28090028387,28090611487
28090964100,28092139828
28092854643,28093109049
28096236850,28097016471
28098700715,28099148062
28099291846,28100529437
28099770693,28100411126
28100543954,28101482481
28101884043,28102480951
28103786650,28104186277
28103837650,28104672650
28104470896,28105699972
28104932747,28105350247
28107570163,28107701380
28108275663,28108405253
28108664519,28109478745
28111527802,28112542579
28111814708,28112120423
28113395994,28113820275
28113915109,28115156971
28115113532,28115603481
28116382203,28116821655
28117839764,28118801458
28119849747,28120298166
28123105614,28124691738
28123388859,28124483378
28123681642,28125336642
28127029153,28127126179
28127327617,28127773415
28127996730,28129373096
28133592899,28134172120
28135214854,28136111239
28136933333,28137172715
28137103540,28137781125
28138938548,28140657717
28139894094,28140269424
28142523950,28143019612
28142532206,28143644423
28143898408,28144051300
28144033323,28144614068
28145102868,28146562759
28145118727,28146749702
28146994015,28148604130
28147506425,28147746354
28148401078,28149210397
28149335165,28150307957
28149684351,28149931746
28154851316,28155586123
28155994477,28156413292
28156306334,28157330916
28157207558,28157426949
28157525830,28158063141
28158348739,28159069419
28159261095,28159536011
28159888842,28160877152
28160332217,28160876926
28160547193,28161835717
28160902916,28161434442
28163977516,28164936213
28165969731,28166351672
28166434207,28167186530
28166573943,28167691978
28166693107,28167513802
28166912920,28169759108
28167836043,28169099305
28168426969,28168898605
28170158314,28170796118
28170358460,28171683837
28170800117,28174263600
28172982716,28174347117
28174281226,28174569215
28174922881,28178395620
28175915754,28177377430
28178986170,28179301531
28179166236,28179902242
28179765686,28180315160
28180250220,28180742751
28180259578,28180542980
28181419163,28182877569
28182791281,28184860445
28183088371,28184016897
28183224363,28184135368
28188701418,28189765871
28189094117,28190108817
28189678092,28190723362
28189730825,28190805835
28191340265,28191756187
28191438551,28192321577
28193650812,28194350526
28193841347,28194809352
28193933522,28194712222
28194808089,28196081271
28196820250,28197646913
28197864922,28198909894
28200174859,28200374133
28200941944,28201708142
28203263750,28204198172
28203760231,28203892982
28204064744,28205315124
28204397706,28204925300
28216623039,28217710829
28218621928,28219606152
28219939210,28220737767
28227714408,28228282627
28229058697,28229892388
28231788577,28232783690
28232161471,28233149321
28232841497,28234003189
28234774507,28238852460
28235121095,28236080486
28235370479,28236424081
28238367928,28238527459
28240551935,28241329409
28242120583,28242934459
28242149428,28243518053
28247827749,28249243805
28251529269,28252147552
28253028089,28253753664
28253247094,28254078951
28253954218,28254929900
28255651210,28256071622
28258448432,28259474779
28261556932,28262570026
28262699175,28263390326
28266212909,28267554590
28267140793,28267992768
28270024725,28271026844
28270426144,28270753471
28272246581,28272639771
28274178842,28274701880
28274193449,28274757843
28275371980,28276128372
28282545943,28285897327
28282995251,28283056954
28283467894,28285054642
28283650988,28284495236
28285397986,28286076726
28285424446,28286015802
28286038486,28287312246
28286593683,28287094935
28288344400,28288751187
28289295747,28290017253
28290591834,28291457758
28291366808,28291777044
28291567847,28292164187
28292337312,28293491552
28296219651,28297821988
28296908400,28301741795
28297881720,28298185805
28299396215,28299862755
28299737100,28300693171
28299748005,28300310578
28303966341,28305075919
28304165569,28304233639
28304296171,28304652908
28304435209,28305076344
28304625901,28305621568
28304825168,28305479904
28307660463,28308594314
28314052364,28314120648
28315118554,28316288586
28315559923,28324499058
28315757370,28316739092
28315962631,28317504993
28318171120,28318407472
28318825756,28319902690
28320171619,28320944535
28321329069,28329267537
28321773225,28322510417
28322491033,28323622972
28326080339,28327381428
28326873587,28328578554
28327493471,28327998825
28328620348,28329106569
28329115352,28329511786
28329442179,28329623132
28329530980,28330773703
28329638146,28331228112
28330225883,28330964899
28330777341,28331157158
28334271595,28335290100
28334312260,28334517314
28335136175,28335978629
28336031552,28336281922
28337458272,28338097479
28339239982,28340127414
28340211394,28340979246
28342195560,28342883296
28343644580,28344507293
28344594407,28344906212
28345023952,28345889244
28345032963,28345578494
28345094976,28345953834
28346336965,28347926399
28347214845,28347863063
28347832069,28348543583
28349325149,28349806719
28349718049,28350487110
28350844930,28351803857
28351573506,28352486008
28351631754,28352131293
28354958271,28355745093
28355683941,28356238643
28355975300,28356511414
28357031424,28357628493
28357735148,28358588042
28359559548,28360155530
28359636832,28360472531
28362176248,28363539958
28365867708,28366654275
28368711502,28369235756
28369236227,28370410335
28371359710,28371411498
28371779050,28372686480
28371814182,28372482385
28373614939,28374043967
28374136313,28374520592
28374864735,28374902524
28376186861,28376689616
28376545336,28377436741
28378385308,28378706468
28379717581,28380517939
28383045541,28383165860
28383670025,28384853694
28386602770,28387305378
28386696292,28387751401
28386986021,28388330054
28387280020,28388154079
28389009712,28389047939
28390792176,28391217506
28392784925,28393248749
28395032557,28395894702
28396215702,28397389656
28398438560,28399284248
28398477836,28399101424
28402048198,28402510492
28403407218,28406326300
28404408742,28405559688
28405368595,28405510777
28405379503,28406014227
28406807603,28408074678
28406871862,28408103126
28409200790,28409846058
28410684937,28411809837
28410757434,28411964984
28412492405,28413661492
28414170424,28416039512
28414402810,28415078813
28415646499,28416738227
28416946994,28417600692
28418628125,28419224699
28419146358,28420322310
28422180644,28422982786
28422236884,28422973869
28422608409,28423382902
28423283961,28423780723
28424324958,28425200276
28424385452,28426352017
28429719637,28429813205
28430222586,28430898412
28430843050,28432127575
28432226141,28433037284
28432465433,28433644184
28432638094,28433716071
28432810377,28433553386
28433117863,28434136953
28433127762,28434558979
28435625312,28435701419
28437069388,28439067161
28437702953,28438189875
28438174463,28439454638
28440264157,28441324160
28440767634,28441554749
28440835484,28441691728
28444586740,28445952892
28445722143,28446516508
28445825537,28446647280
28446723005,28448056577
28447919310,28449286609
28448814486,28449329432
28450787924,28451855394
28451907789,28453412482
28454072568,28454724533
28458198322,28458547043
28458517946,28459207387
28460107022,28460721799
28460364630,28461668338
28462827365,28463116493
28464940562,28465781197
28470440199,28471353500
28471978792,28472153714
28472144084,28473502543
28474125280,28474385784
28474395560,28474639810
28474425260,28475444445
28475204821,28475768778
28475444003,28476251958
28475621591,28476643920
28475787448,28476540821
28477031887,28477718582
28477161648,28478026205
28477200334,28478221282
28477216794,28477537420
28477359352,28477868010
28477868508,28478705909
28480112273,28481004527
28481263380,28481917147
28482341464,28482736354
28482545579,28482793971
28483216608,28484398667
28483306475,28484187773
28484187018,28487159526
28484402757,28485024474
28487007478,28487753922
28489638713,28490166615
28489660552,28490550537
28489953359,28491520296
28490528821,28490889778
28491189437,28491382120
28491416967,28493099999
28492579427,28493251455
28494555831,28496011252
28497003652,28498720392
28499070561,28499287115
28499690334,28500399490
28500997543,28501167398
28501131305,28501749807
28502800769,28503188186
28502836847,28503090555
28503743900,28504124996
28504991439,28505415219
28505365258,28506296416
28509812953,28509877917
28510076613,28511329773
28510327564,28511611872
28511347687,28512463092
28511617718,28511969117
28512477962,28513366240
28513823019,28514317261
28514376550,28515049961
28514477796,28514786582
28514946511,28515242461
28515369866,28516271433
28516210171,28516633954
28520219157,28520543227
28520546156,28521558442
28522553494,28522884637
28523660804,28524009978
28526073577,28526924140
28527083529,28527692227
28529891205,28530677545
28530113057,28530895921
28532012314,28532516064
28532626142,28533291915
28533302742,28533554772
28533889192,28534128267
28534197720,28534930745
28537323026,28538267233
28539671609,28540936773
28539866093,28540863577
28542462945,28543509146
28542955978,28544041742
28544529553,28545174226
28544912146,28545219241
28547504518,28548379953
28549335162,28550571858
28553866797,28554321814
28554328302,28555311611
28555295214,28555923543
28555596175,28555726039
28556236592,28556497953
28557244543,28557779571
28557282610,28558029574
28557316333,28557679461
28557451796,28557784863
28557842083,28558276356
28560560290,28561399762
28561151106,28561849725
28562086455,28562911137
28562367564,28562641361
28562420123,28562899224
28563409572,28563570908
28564403052,28565624213
28564678213,28565536952
28565062852,28565628907
28566366841,28567098554
28566424515,28566563322
28567759758,28568939016
28568010453,28568492558
28569344161,28570130224
28570142949,28571068260
28572606409,28579636707
28572658547,28573058148
28572840764,28573157361
28573159747,28574058583
28575799220,28576033324
28577159747,28577606752
28580076625,28580780378
28580341994,28581479532
28581172006,28582278608
28581312955,28581882789
28582244873,28583274272
28584300495,28585696211
28584302440,28585245157
28585098568,28585539440
28585774736,28586395264
28585782811,28586759134
28587580775,28588101491
28588579376,28589264578
28588856611,28589283425
28588939386,28589494757
28589674243,28590915169
28589957100,28590826315
28590909598,28592378765
28591279407,28591653212
28595320710,28596574037
28596224796,28597022197
28599326877,28600206753
28601099698,28601867499
28603517106,28603593375
28604676786,28605622400
28604880136,28605963465
28605586396,28606312044
28606215152,28607755305
28608885871,28609510702
28608894554,28609414066
28608905524,28609504766
28611463506,28611756396
28611770275,28612812653
28614749722,28615535133
28615384472,28616066599
28616517985,28617740863
28617142969,28617798136
28623033662,28624117494
28624196464,28625844848
28625924295,28627138203
28626244483,28627129811
28627140450,28627955123
28627968754,28628522485
28628213739,28628984088
28631557188,28636604037
28634532552,28635870384
28634935170,28636079671
28635698505,28637237866
28636744661,28637317858
28637738583,28638654931
28639732731,28641623564
28640228710,28640793201
28641511090,28642762710
28641805527,28643456554
28641898263,28644833862
28643560700,28644240930
28644473897,28645661759
28645355740,28646470808
28645643114,28645897637
28646280624,28646880936
28646501146,28646928744
28646938202,28647323795
28647373671,28647779206
28647632684,28648381533
28652889969,28653026020
28654084039,28654715218
28654377700,28656242682
28655289100,28655531659
28656264408,28657736537
28657711694,28668670302
28659091762,28659993827
28659128802,28660035755
28659820468,28660431110
28663649646,28664587837
28668462508,28668972269
28668648411,28668910553
28669776887,28670178279
28670974608,28672382546
28672674032,28672790252
28675045217,28676812023
28676757469,28677701162
28678229789,28679484446
28678523170,28679031975
28680653883,28681717979
28682201433,28682778273
28682663566,28683594544
28683522848,28683907926
28683523616,28684825881
28683888098,28684715444
28684269879,28687312788
28685157866,28686219308
28685188097,28685786060
28687329632,28688403727
28688046204,28689743477
28689636044,28689838746
28689851271,28690450541
28691731941,28692829636
28692362258,28693493723
28694262707,28695754247
28695660097,28696347610
28696341697,28696773504
28697029634,28698364109
28698399268,28698734240
28699321830,28704028620
28700067020,28700558429
28700250536,28701807985
28702272256,28704979275
28703569522,28704137491
28704192903,28704291637
28704573966,28705289466
28705340618,28707801222
28706751896,28706948461
28707385678,28707919991
28708469401,28708974829
28708866169,28710417755
28709433357,28709679140
28709858041,28711176640
28712570468,28712623493
28713727324,28714461967
28715543408,28715576934
28716029062,28717048779
28716078222,28716524309
28718158106,28719156458
28718908900,28722319337
28719263573,28719687429
28719453828,28720223673
28729863041,28731577048
28733064659,28734759820
28733288676,28734188771
28735046960,28736068783
28736354884,28736441387
28736369380,28737052777
28737122710,28737674004
28738765344,28740116068
28739396025,28739675875
28740705282,28741954220
28740912037,28741513662
28741919742,28742514264
28742120723,28742238470
28744547116,28744880250
28745173380,28746065316
28745363972,28745492456
28745392423,28745700764
28745507654,28746025700
28745674602,28746055678
28745703521,28746030554
28746028553,28747173989
28747619948,28749212751
28747727339,28750910256
28747918084,28748880893
28748828743,28749075765
28748901647,28749137137
28749126172,28751566436
28749903354,28750721715
28752340275,28753966148
28754029766,28754346693
28755196761,28755537943
28755585307,28756489581
28757900495,28759215609
28757914423,28761556999
28760522671,28760600206
28773916368,28782580232
28775784480,28776070317
28776570997,28776625414
28777170882,28777798209
28778926520,28779596349
28779451565,28780545164
28781743543,28782856353
28783608906,28783639966
28784655195,28786132496
28787243912,28788292729
28787900227,28788636046
28794175019,28795316202
28795579856,28796235336
28798631317,28799984350
28799756805,28799898178
28799765591,28800861783
28800285398,28800888703
28800509251,28801802930
28801958766,28803285526
28802221878,28803490517
28802820426,28805013017
28802880352,28803914132
28805823505,28806144488
28806051892,28806276006
28806977704,28807728213
28807347986,28808470754
28807779904,28808271440
28807949571,28808112366
28808528735,28809407929
28808930715,28810664026
28810927225,28812047331
28811059378,28812323920
28811291222,28812619269
28812051303,28812225411
28812240264,28813430004
28813583000,28814782102
28813608141,28815141970
28814656170,28815571616
28815265462,28815763433
28815439306,28816303238
28818017679,28819186409
28819722419,28821339539
28823137807,28824439804
28825801467,28826267467
28826035787,28831980779
28826548161,28827498966
28829905364,28831098151
28831984895,28832342167
28833199611,28834758844
28835617879,28836887276
28836894596,28838472909
28837366407,28840854767
28837583913,28837840995
28838554934,28839270989
28838734467,28840044019
28838971347,28839675167
28842894084,28844859156
28846559672,28847154756
28849224234,28850315551
28849442318,28849513211
28850046358,28850905737
28851195784,28852509000
28852542071,28855887819
28853645543,28854357271
28853661195,28853960696
28853993253,28855076114
28854602441,28854948405
28854653808,28855311477
28854845349,28855875177
28855041413,28855670196
28858234651,28859645088
28860243492,28861715434
28861284980,28861514640
28861699919,28861778130
28861997155,28862890030
28862919126,28884197251
28863888013,28865180162
28865857496,28866792351
28866198202,28866990105
28871867550,28887914242
28875839638,28877303789
28877523868,28878608406
28882405392,28882740106
28884456010,28885518629
28884776713,28885755412
28885077080,28885891868
28887501097,28887938143
28887579334,28888332199
28888168865,28889095506
28891423727,28892633466
28891793628,28893078820
28892043256,28893042548
28892953089,28894186274
28894114077,28895322162
28895074107,28895672268
28895770464,28896984285
28895807765,28897025695
28896134762,28896359180
28896876113,28897777511
28897700730,28898681844
28897784289,28898277542
28900484121,28901011759
28901022142,28901340001
28903901801,28904430044
28904070793,28904186562
28905453043,28905794238
28905925278,28906464045
28906866593,28907759056
28906966773,28908364637
28909890335,28911111706
28913898889,28914875179
28915216188,28915573710
28918595685,28918903655
28920880674,28921981626
28921830604,28923161073
28924685213,28925428112
28924909417,28926121922
28925920700,28926887268
28926239208,28926615934
28926362504,28926499577
28927006699,28927497937
28927586952,28927793817
28929889658,28930410507
28931518088,28932947601
28931623851,28932474439
28932166349,28933381670
28934511518,28935298670
28934734877,28936269023
28935033082,28936351333
28937450381,28938234763
28937820629,28938927869
28938345230,28939223545
28938828327,28939737251
28940904857,28941346898
28941025170,28941764744
28942050755,28942124632
28942734356,28944171609
28942777142,28944292687
28945223637,28946308450
28948351478,28949230234
28950573789,28950827306
28950779167,28951336402
28951274762,28952175050
28952236623,28952600221
28953492914,28954001288
28954157378,28954419274
28956371169,28956878394
28956904724,28957190959
28957098322,28958060581
28960433446,28961512629
28962175683,28962972370
28966007317,28966334320
28966572456,28967441667
28966810685,28967041187
28967395055,28968199576
28968760372,28969471611
28969066235,28969832252
28969955839,28971082015
28970351755,28970668091
28970900280,28973382606
28973417873,28973869548
28974672309,28975406254
28976354681,28976747179
28976522133,28978193216
28976768434,28978125423
28978009006,28978202100
28978197803,28978708132
28978809535,28979635614
28980653188,28981717244
28980689163,28981170152
28981897057,28983486779
28983520603,28985676744
28983538059,28984464416
28989747055,28990694603
28990160177,28990968106
28992592048,28993801045
28993088349,28994164662
28997790073,28998620774
28997956716,28998466210
28998204173,28998812123
28998460074,28999421863
28998883808,29003000558
28999009743,28999759881
29000132916,29000276695
29000305861,29001229306
29000363114,29006913998
29002197961,29004004089
29003010797,29003457669
29004502897,29005741360
29006554112,29007269608
29006937327,29007274422
29007270063,29008270598
29007872369,29008308126
29008148902,29009063529
29008536343,29008706531
29008708609,29009721125
29008710754,29008835396
29009646453,29010402084
29010278877,29010478763
29010677640,29011208769
29011298271,29011623553
29012315214,29012737480
29012720608,29013640297
29013428541,29013843577
29015400687,29016115430
29015778357,29016214294
29016269519,29017005869
29017077688,29017773403
29019362554,29020176450
29021126544,29021612310
29023354842,29023630527
29023570005,29024402760
29024058638,29024472619
29024425742,29025519692
29024840131,29025683075
29025577228,29025809159
29025699944,29026652919
29027160769,29027846790
29028060664,29029071078
29029321590,29029374552
29029640118,29030305047
29030003053,29030530312
29031598170,29031928489
29033281430,29033979089
29033767747,29034185736
29039563504,29040103874
29039749422,29040199303
29040200122,29040759978
29040751129,29041145816
29041110927,29041323592
29041811639,29042426455
29044634781,29045804402
29047035071,29047527730
29048675988,29051937253
29049910835,29051282914
29052900663,29052988136
29052956655,29053778824
29053149919,29055099576
29054436820,29057204037
29055676840,29056393383
29058383086,29058806752
29058721336,29059413149
29061164773,29062104306
29062090246,29062720503
29062310892,29062887531
29063429328,29064374926
29064619558,29065079743
29064684409,29064923603
29065082672,29065397897
29065339398,29065848825
29066245241,29067056732
29066760595,29067283602
29067294062,29067732047
29067791987,29068931009
29068260535,29068682080
29068451060,29068967388
29069672246,29070272791
29070414883,29071017106
29071173171,29071486478
29072384406,29073274694
29072546573,29073433614
29074939294,29076144729
29077035111,29077125039
29078009143,29078322547
29079270128,29079747758
29079774940,29080668179
29079946012,29080171067
29081968678,29082318294
29083151086,29083534613
29084147815,29084409631
29085986920,29087039430
29088233204,29088667150
29089937596,29090434762
29090145804,29090237256
29090279029,29090588284
29091150179,29091893069
29091388677,29091562783
29091958792,29092357884
29093416689,29094848597
29094225220,29095147765
29094943555,29095441936
29095236761,29096378156
29098171328,29098496112
29099042780,29099825059
29100085463,29102856350
29100311619,29100714799
29100364072,29100865247
29100604404,29101538702
29101577790,29102727146
29101591341,29103030146
29101932785,29102332095
29104052953,29104967555
29104979768,29105198140
29105075820,29105296654
29105303706,29105834590
29106915400,29107249442
29107597187,29108109538
29110857082,29111055883
29112678454,29113505844
29113896224,29114709397
29114052293,29114688819
29114972229,29115436036
29118021121,29118930104
29119406179,29119487430
29119638693,29120203809
29120470808,29120658032
29121750945,29121949604
29121844890,29122433872
29122092682,29122931206
29124932661,29125172880
29125188602,29125968425
29125757988,29126235172
29126179674,29126939597
29130723148,29131198685
29131200778,29132153959
29131543845,29132230605
29134679072,29135066163
29134854879,29135643203
29135586723,29137005553
29135636906,29137421939
29137905407,29138532732
29140565380,29140646919
29140660374,29141026411
29141743249,29142527198
29141913009,29142289336
29142940722,29143610598
29143673969,29143878741
29144600171,29145155775
29145406368,29145867884
29146146911,29146368920
29146166136,29146880044
29147851473,29148435048
29148981638,29149331236
29150684634,29151472497
29151264578,29152175311
29152717613,29152903771
29154251514,29154778143
29154852679,29155794487
29156810350,29157197103
29158572457,29159320956
29159258809,29159503247
29159505974,29159537836
29159763517,29162104941
29159768016,29160652564
29159990448,29161047034
29160680543,29161347032
29161332344,29162137931
29161445717,29162048734
29161509198,29165221000
29162118500,29163166504
29166137144,29166815951
29166154164,29166662793
29167209098,29167379027
29168215078,29168669006
29169506709,29170618342
29170453944,29171484928
29171670714,29172973012
29172593086,29172991548
29173607829,29173953025
29174411073,29174530836
29174865001,29175900098
29175675710,29176020554
29176520458,29176734713
29177267041,29177729520
29178636005,29179642280
29180766461,29181913632
29181097461,29181277643
29181831690,29182489562
29183495660,29186643588
29191417042,29191458081
29192955334,29193768829
29193165339,29194529033
29195408554,29199945315
29196820420,29197792317
29197798117,29198230810
29198219815,29198646110
29198805210,29199663284
29199002704,29199186670
29199680569,29200359048
29200119385,29201429030
29200364314,29202110773
29200575556,29200669028
29200770465,29201556206
29201590048,29202392093
29203245211,29205283546
29205694723,29206403741
29208125706,29209394779
29208675480,29209076409
29209128296,29209669925
29209549616,29210289378
29210047396,29211814864
29210632280,29211045576
29212151039,29213072667
29214735356,29215213795
29216002163,29218390086
29217948042,29219037652
29219181016,29220880711
29220271005,29221169850
29222351320,29222417483
29222756544,29223667656
29224377994,29225131984
29224916244,29225217577
29225067762,29225435207
29228990059,29229656725
29229522233,29230209335
29232412279,29233201161
29233204729,29233753137
29233316355,29233757494
29234970346,29235835815
29235118877,29235961207
29236858846,29237474236
29239890571,29240711914
29242076556,29246199804
29242736397,29243781880
29243262274,29244398813
29243861641,29244405325
29245293378,29245750627
29245802146,29246624949
29247125797,29248530974
29248695938,29249062832
29249058305,29250144043
29251687857,29252273333
29252288404,29253016906
29253602615,29254650634
29254819771,29256041242
29256065147,29256893014
29256154950,29256835897
29257386625,29257974339
29257587945,29257806551
29258039225,29258291998
29258762990,29259206074
29260863282,29261503040
29260977367,29261754168
29261352027,29262211078
29262918604,29263226665
29263597014,29264418306
29263940921,29264485837
29264751200,29266528808
29265705637,29266345232
29266104383,29267015967
29266994725,29267218335
29268382620,29269151107
29268978730,29269368499
29269690655,29270568646
29272075928,29273189001
29272849291,29273297437
29273881522,29275155421
29274202679,29275168769
29276659758,29277585684
29277722309,29278459059
29277816601,29278229301
29278144506,29279454989
29280004867,29280931118
29280361010,29282625242
29281595147,29281677220
29281694756,29282920401
29281969403,29282576798
29282103491,29282924834
29283860866,29284716410
29284943734,29286301849
29285432327,29285528835
29285980915,29290102998
29287309296,29288263937
29287688916,29288365305
29288986997,29289772846
29289277674,29290212857
29289380440,29289682784
29291553808,29292586495
29292595406,29293536915
29293343399,29293994122
29293539864,29293794993
29294883135,29295585794
29294928908,29295671236
29295127575,29295516061
29295475439,29296005769
29298036448,29298361257
29298136550,29298263220
29298296655,29298819596
29300479826,29300972991
29302169199,29307413409
29304683888,29304951534
29306366170,29307514018
29306840465,29307697362
29308565659,29308945338
29309421790,29310270378
29309792884,29310433607
29310173960,29310585495
29310466909,29311536755
29311120291,29311738190
29312974927,29314012670
29313576766,29314356626
29314365208,29315318071
29315737608,29316782814
29315757653,29316640164
29316726376,29317036764
29317093173,29318643676
29319031548,29319674984
29319137088,29319356749
29319671994,29320534627
29321170483,29321875583
29321390809,29321485059
29321472019,29321805851
29321858013,29322622979
29324448487,29325506265
29325644782,29327780861
29326480841,29327190227
29327219682,29328129736
29328714657,29328870242
29329761821,29330294573
29331158620,29331845586
29331910787,29332231984
29333832669,29334148012
29334684051,29335461285
29334952005,29335175150
29334973046,29335591683
29335014602,29335779654
29335057500,29335306200
29335616704,29336665103
29336331013,29336910902
29336944742,29337038127
29337911423,29338424670
29339868361,29340712863
29339901516,29340597712
29340224888,29341654505
29341228613,29342001630
29342761505,29343395010
29342821202,29343177462
29343503268,29344102284
29343895728,29345814552
29347678175,29348806292
29348013262,29348818127
29348821037,29349151733
29348890857,29349143031
29349065713,29349340421
29353199655,29353356995
29353620990,29354726319
29353697721,29354679296
29354069419,29355217317
29354851001,29355376818
29355350893,29355648517
29355558954,29355925871
29355562501,29356307559
29357429298,29357876246
29358866702,29359822402
29359689571,29360906423
29360655480,29360768264
29363465912,29364025934
29363683960,29363933522
29363857319,29363972340
29364048252,29364652854
29365619567,29366546703
29365791040,29366544306
29365873584,29365915968
29366794058,29367938756
29368853598,29369967872
29370418766,29371492350
29371080355,29371312901
29372516980,29372847809
29374152023,29374969301
29375964708,29376337556
29378226658,29378565930
29378307786,29378471090
29378657567,29378976639
29378885423,29379223637
29378915070,29379622578
29379625085,29380034687
29381350749,29381748512
29382743411,29383542812
29386151288,29386637966
29386902880,29387572430
29387537088,29387847648
29388319382,29388613762
29390013228,29390887610
29393209608,29393349765
29394378262,29395351505
29394467862,29394667495
29396490206,29396602394
29399080555,29399859481
29399271722,29399821039
29399375859,29399751198
29401197427,29401316374
29401248277,29402090028
29401879964,29403223772
29402170908,29402740297
29403237471,29404128296
29404177836,29404537266
29404830578,29406900012
29405428774,29406319530
29405577657,29405908169
29407593611,29408343215
29407911689,29408483411
29408025603,29408693169
29408500309,29409443417
29408561511,29409386344
29408566861,29409086853
29409000121,29409078507
29409454849,29410363509
29410272792,29410853439
29411422035,29411756549
29419480496,29420086100
29421953066,29422470689
29422292899,29422821215
29423135891,29423287571
29424246156,29424987635
29424498737,29424638888
29424626548,29424836867
29425017613,29425609280
29427030634,29427213468
29427635489,29428133194
29427662001,29428045722
29427807919,29427939306
29427873963,29428032169
29428031989,29428188664
29428055512,29428608737
29429441587,29429906775
29429636724,29430143354
29430772686,29431487607
29433852346,29434464709
29434577887,29435509521
29434894959,29435266695
29435412277,29436201978
29436858451,29440531455
29438009553,29438890633
29440007874,29440219404
29440315391,29441317097
29440456524,29441199829
29442086554,29443023979
29445146558,29445448673
29447120068,29448130215
29447295374,29448052456
29451950930,29452242338
29453409074,29453904132
29453864691,29455021664
29456031549,29456355789
29456075158,29456997363
29456115054,29456559712
29456837780,29457396810
29457433207,29457558293
29458719870,29459185566
29460582496,29461399240
29460606885,29460903224
29460940131,29461721593
29461379387,29461883632
29462603999,29462975388
29462816690,29463292828
29467110249,29468429362
29467484606,29467911424
29467767953,29468971629
29468505430,29474087840
29472142943,29472784005
29475193394,29475598041
29477168482,29477691088
29478669454,29479788491
29480805874,29481844789
29481910718,29482792264
29484318709,29485688252
29486125600,29486821041
29487162000,29487878330
29487587803,29487841324
29487646355,29488520877
29488015845,29488836629
29488349990,29489295262
29488968929,29489038079
29489031168,29489246146
29489249580,29490392922
29490021395,29490612373
29491346071,29492290257
29492215102,29493013343
29493936039,29494988875
29494550054,29495320976
29494733252,29495754508
29495077351,29495294860
29496532689,29497378794
29498894803,29499521946
29500563257,29501915495
29501687969,29501802502
29502493809,29502894960
29502949656,29503713082
29504288046,29504484666
29504706660,29504989530
29505086789,29505786369
29507325141,29508473822
29507551989,29508622541
29509731526,29509826641
29509862504,29510137505
29511589443,29512984370
29513096720,29514034677
29516086212,29516244705
29516365026,29516533009
29519180014,29520142055
29520551911,29521433143
29521060481,29521952868
29521869302,29522752334
29522379515,29522922811
29522583566,29523525263
29523336590,29524314490
29524995036,29525937258
29525089019,29525843914
29526717641,29527153179
29526723367,29527604685
29528950639,29529778044
29531033925,29531278167
29532147625,29532793301
29532284757,29532624260
29532629991,29534630153
29534732675,29536403721
29535552609,29535880193
29538500872,29539500598
29539759558,29542560581
29541390560,29542198300
29541544117,29545009500
29541945266,29542332913
29542637052,29542987726
29544873703,29545979085
29545267687,29545601830
29547505683,29548836593
29547534409,29548563694
29548594609,29549326248
29549697139,29549742570
29549748034,29550343233
29550355692,29551438552
29550533999,29550923973
29552458378,29553182477
29552620027,29554068657
29553260898,29553781181
29553926148,29554711248
29553973117,29555183954
29554909460,29556169626
29555043220,29555698662
29556642124,29557586464
29557977061,29559044341
29559407653,29560091839
29559733548,29560569597
29559740677,29560834112
29560650543,29561877895
29561438360,29561948147
29562410286,29562925807
29563078570,29563779550
29563298790,29563752511
29564212353,29565178928
29565744379,29566164871
29567219320,29568252055
29567282855,29567414040
29568205608,29569481257
29568535281,29568883312
29568721307,29568793821
29570855717,29571576612
29571180758,29572081873
29571474336,29572196942
29574322233,29575137685
29574407371,29574769623
29574847642,29575169522
29575083888,29575400869
29575173881,29575471071
29575573378,29576775012
29578294193,29578837763
29580250954,29581321208
29581341008,29582586581
29584842702,29586379007
29585232465,29586078807
29587558336,29587879664
29590205718,29590611976
29590426432,29591204220
29591051736,29592093552
29591907462,29592745452
29592597454,29593110028
29594579167,29595452347
29596423258,29597452418
29596447801,29596799489
29596804497,29599487231
29597189091,29597406515
29598092025,29599431165
29598501519,29599330129
29598793126,29599631564
29599383295,29601929816
29600012341,29600959299
29600228849,29601278933
29600571001,29602292872
29600670125,29602087687
29603989189,29604167216
29604250402,29605585736
29605838680,29606843561
29606043306,29606413738
29606317877,29606935014
29607237839,29608025195
29607434987,29607518275
29608417259,29609201755
29610416555,29611577764
29610798541,29611036010
29611908444,29612442135
29612470655,29613343694
29612652170,29613102129
29613023319,29613706090
29613453751,29613949984
29613957234,29614636694
29613964329,29614745925
29614288343,29615271569
29616453399,29617514688
29618955128,29619674294
29619285892,29627895620
29625589724,29625849468
29625764231,29626169228
29627060497,29627572997
29627520957,29628413380
29627776783,29628658241
29628208914,29628512974
29630466101,29630567304
29630922984,29631009995
29631619323,29631845175
29632939996,29633652864
29633703494,29634112119
29635356778,29636549564
29635577944,29635981191
29638065020,29639497091
29641484140,29642470321
29641492022,29642357728
29642241946,29642283090
29643006103,29643379918
29645273007,29645780127
29645380461,29646270435
29645455360,29645613488
29647171704,29648079191
29655797630,29656364589
29656755704,29657481964
29658877065,29659240277
29659049715,29659431800
29659966682,29661267237
29660004296,29660996185
29660796593,29661180747
29661024320,29663866154
29661106647,29661340592
29662800921,29663608957
29665722472,29666210065
29666177826,29667565500
29667918226,29668665193
29668130226,29668550811
29668350872,29668421776
29669766643,29669970959
29670505322,29670655673
29671125399,29671867823
29672272598,29672383294
29672378048,29672975736
29672935358,29673176049
29674683459,29675388592
29674918416,29676172144
29677719834,29678711766
29677874597,29678098246
29678544598,29679455897
29679468297,29680615539
29679923753,29680716050
29682032394,29682584343
29682884923,29683463182
29683518438,29683886687
29684375722,29684583899
29684760058,29685788082
29685988696,29686938192
29687513455,29688460191
29687590656,29688512182
29687660183,29688407255
29692487822,29692835255
29692775526,29693491801
29693158206,29693898342
29694609269,29695434597
29695152127,29695541572
29695465471,29695705108
29698228213,29698490578
29698510592,29699863635
29699413356,29700272074
29701705692,29702341331
29701978568,29702567662
29705578446,29706234638
29707573561,29707949594
29708040697,29708726805
29708481812,29708834778
29710082399,29710571197
29711944320,29712862268
29712892477,29713214506
29714441353,29714868922
29715196579,29716761008
29715244462,29715440325
29715919366,29716681769
29716099833,29717216416
29716103165,29717039164
29717740895,29719148465
29717908541,29718725102
29718194862,29718598505
29718584582,29719031451
29719224625,29719578712
29719580696,29720046662
29719943071,29720742815
29720236014,29721031799
29721954621,29722839650
29721991017,29722863516
29723372863,29724176161
29724978511,29725318132
29725550244,29726402925
29725570844,29725856743
29726116061,29726584372
29726531522,29726979400
29727801885,29728390855
29729779540,29731204632
29730474176,29730954076
29730617868,29731286112
29732717652,29732829886
29733088554,29733249961
29733962506,29734693953
29734179166,29734630000
29734789455,29735378657
29735039008,29735761263
29735311790,29735857943
29736505486,29737243443
29736599877,29737668251
29736819460,29737269152
29736993047,29737533611
29737654111,29738866563
29737658582,29738290232
29738184768,29740557846
29738782960,29739607614
29739551230,29739643880
29739652642,29739725331
29740103026,29741550318
29741115703,29741512441
29742679765,29743362841
29743136493,29744550105
29744120330,29744620627
29744382681,29745076042
29745012937,29745211112
29745677441,29746635763
29746200866,29750107553
29749929372,29750268400
29750019694,29753412411
29752302095,29753502738
29753579910,29753794683
29753804062,29754415522
29754003710,29754248320
29755687241,29756542790
29756530273,29757608467
29757344518,29757722334
29758056085,29758450458
29759403224,29760056002
29764193473,29764897883
29764755133,29765856470
29764992132,29765223636
29765490197,29765886953
29766199955,29766748895
29767703078,29768417164
29768064922,29768806385
29770784446,29771150672
29773479587,29774162742
29773489715,29774081060
29776615735,29777479018
29778477129,29779012666
29779601132,29779850525
29779712842,29780917356
29781195379,29781558352
29781261767,29781660011
29781481973,29781634476
29782399176,29782571790
29783336351,29783408810
29783849561,29784469776
29787049137,29788301572
29788246643,29789144840
29789512210,29789732886
29789555124,29789588955
29789641471,29790191310
29790053054,29790240728
29790183844,29791285097
29791120031,29791541244
29792974115,29793032688
29793139588,29793440167
29793398673,29794337685
29794715582,29795305387
29795118984,29795977636
29795337286,29795557995
29796346835,29797828513
29796513992,29797545830
29797458609,29797729875
29797571691,29798430392
29798715679,29798844503
29799102604,29799444103
29799174089,29799400095
29799609060,29800525593
29801038599,29801641584
29801045318,29801685807
29801711921,29802113330
29804089589,29804310879
29804825077,29805365237
29805249661,29805691493
29806521186,29806892163
29806536142,29807198857
29806936580,29807210136
29806980632,29807018826
29809560938,29809844557
29809702144,29810236236
29811159045,29811357791
29811249200,29811883150
29811609583,29812177888
29811702154,29812582126
29812804951,29813142838
29813108696,29813626458
29815860005,29819149620
29815916603,29816088355
29816367948,29819614506
29817249974,29817931457
29817438400,29817985804
29818337963,29819462980
29818803484,29819177614
29820924514,29820992081
29821921735,29822618959
29822948105,29823305036
29823913813,29824099693
29823969084,29824346149
29824039048,29824769410
29824774538,29825045400
29824898671,29825682121
29825265271,29825641926
29825702112,29826477024
29826412357,29826646066
29826803454,29827557856
29826835412,29827556081
29830267269,29831355419
29830698118,29831040280
29831380970,29831788586
29831765567,29832683608
29834029382,29834468883
29834389156,29835074378
29834623737,29834856261
29835572491,29835669519
29836003082,29836357272
29836691954,29837041714
29837806471,29840039815
29838525447,29838942948
29840899700,29841446243
29843130472,29843556848
29843900725,29844422914
29844162809,29844703593
29845025726,29845420830
29847105924,29847984870
29847919463,29848780919
29848673297,29849444743
29849733076,29850792869
29850260620,29851416327
29852536181,29853628390
29854818010,29855695350
29856448442,29856524393
29857509077,29858260467
29859111698,29859739562
29859273008,29859672949
29859740190,29860386341
29860599377,29861482433
29860904623,29861627339
29861647453,29861855762
29861684044,29862023573
29863344621,29863958794
29863910583,29863966443
29865965074,29869369879
29865977957,29866421733
29866285105,29867125016
29868175451,29869011263
29868477026,29869046807
29869120500,29869890358
29869637788,29870881363
29870120418,29870158780
29872188596,29873809820
29872373922,29875921944
29873523453,29874170237
29874873873,29875552558
29875922759,29876113415
29876010552,29876047261
29876900215,29877530579
29878599157,29878750410
29880764589,29881588036
29881223016,29881290388
29881714490,29882089987
29881823066,29882097289
29882034874,29882481307
29884043927,29884637447
29884298700,29885017522
29884375021,29884957788
29885664616,29889917114
29892451874,29892648108
29892586377,29893083143
29894586199,29895239381
29895262567,29895818883
29896471647,29897718635
29896515662,29897789272
29897406129,29898522774
29899848294,29900878191
29899849078,29899863757
29902369609,29903495842
29902542738,29903114620
29904140101,29904534377
29904760688,29905659850
29905051425,29907266213
29905819190,29906914023
29907643990,29907954935
29907883208,29908750517
29907920509,29908515518
29908983125,29909631601
29909389203,29909924340
29911304334,29911794816
29911939220,29912674279
29912669672,29912847873
29912784169,29913577453
29913021485,29913424548
29913437918,29913698815
29916180539,29916642503
29916923124,29918042338
29917693869,29918261063
29918137628,29918976458
29918542726,29919440427
29920658948,29921169193
29922397849,29923125024
29922530526,29923026281
29924451602,29925122085
29924692669,29924767645
29925744169,29925896604
29926570419,29927636230
29926712388,29926894584
29927800371,29928374773
29927921588,29928158586
29928422827,29928872482
29928580081,29931031571
29931197609,29932243296
29931452548,29934829427
29932079455,29932943638
29932372145,29933385823
29932417831,29932631525
29933525859,29933968364
29933563147,29933812228
29933624873,29934515596
29936090909,29942364794
29936494035,29936741896
29937640632,29938575466
29939002637,29939417739
29940058082,29940984195
29941964910,29942741849
29942048881,29943170684
29942737851,29943860008
29943250839,29943555879
29943549998,29943844555
29943899272,29944857304
29944763849,29945652926
29945076027,29946128883
29945909733,29946745793
29946058447,29947854779
29946303457,29946944600
29946349742,29946991549
29946826290,29947105267
29946837545,29947084690
29947105032,29949699554
29948108347,29949002320
29949292045,29950419647
29949463330,29949866769
29949570918,29949791971
29949872353,29950244065
29951029324,29951956022
29951368769,29952415837
29951923439,29953066295
29953390545,29954290235
29953544475,29954319065
29955392312,29955634065
29956275730,29956855636
29956457627,29956869560
29956542640,29957189321
29956663411,29956811091
29958739146,29958954997
29959047343,29959311065
29960912557,29961455386
29961139253,29961561355
29961797370,29962823843
29962562063,29962981363
29962951189,29963441350
29963212520,29963881600
29964568877,29965469476
29965177539,29965857130
29965607577,29966285294
29966360893,29966974473
29966681860,29966957808
29967224961,29967462748
29968168722,29968770358
29969576044,29970569094
29970468371,29970871523
29972765209,29973034487
29973284671,29973792296
29974924135,29975678363
29975146443,29975812396
29976441155,29977074424
29978060770,29978573410
29979109272,29982302234
29979440409,29979984564
29979462424,29979884802
29980500321,29980965478
29980567658,29981062557
29983262458,29983885674
29983397085,29984244660
29985810080,29991350590
29986656321,29987518848
29988865097,29989075857
29991620592,29992480305
29993590955,29994097384
29994410377,29994731975
29994450353,29995562001
29996184367,29997459714
29999237204,30000405222
30000341859,30000603381
30000744857,30001134392
30001205849,30002025496
30002474563,30002569321
30002535250,30003319698
30002711633,30004013650
30003695390,30004024759
30004653790,30005205495
30005874069,30006748562
30005886589,30007104568
30007145826,30007383479
30007406909,30007811479
30009327835,30010236973
30009332623,30010421806
30010018979,30010787611
30010303198,30012326219
30010401400,30011323756
30010406622,30010577488
30011474813,30012063087
30011582134,30011928411
30011711929,30013418848
30011885196,30012407268
30012534461,30012816884
30013701348,30015312151
30013749273,30014729100
30014870236,30015366178
30015413111,30016030242
30017426157,30019659990
30017792125,30018159150
30018166219,30018249407
30018350582,30019590519
30019523005,30020219952
30020276433,30023120268
30021603097,30022100348
30022029676,30022542454
30022663526,30023607487
30023123282,30023468461
30023694043,30024127915
30024878808,30024924712
30025046149,30025840820
30026405902,30027207346
30026745155,30026950134
30026786636,30027212682
30027664441,30033149935
30028043150,30031800117
30031829482,30032364594
30033183410,30033561711
30033507508,30033707133
30033580720,30033842379
30033705256,30034213025
30033982961,30034621924
30034486746,30035666148
30035777112,30036558349
30036441249,30037638472
30036571360,30036717989
30036680037,30036892905
30039501161,30039681128
30039936128,30040190438
