start_ns,end_ns
928187,941947
1758398,1761718
1827994,1831130
2818882,2835531
2873983,2875330
3133746,3155317
4976490,4977551
6957237,19656271
7843414,7860512
8982977,8989801
9023138,9025267
9140845,9142017
9202180,9218945
9210210,9213053
9639771,9654000
10656924,10666314
10986690,11001119
11134639,11135680
12470596,12478538
14363151,14364285
14496990,14944473
15004168,15017341
15440937,15442424
15457960,15459082
15810748,15825991
15855371,15856709
17301509,17303676
18049532,18058887
18482027,18484501
19046276,24490935
20218737,20235268
20988484,20997330
21312537,21327793
23025553,23035973
23058691,23067295
23080661,23093847
24760520,24762160
25441288,25442573
26129684,26130896
26786673,26788265
27030608,27031966
27632543,33074188
29757885,29759228
30215716,30237460
31638070,31646663
31764273,31772787
31790869,31805339
33084054,33092602
33316727,33318335
33884815,39050112
34564291,34577866
34954806,34955923
35431634,35432786
36683423,36685173
36997653,36998711
37137198,42005503
37700061,37701538
39173769,39175159
40110427,40112133
40645598,40646538
40871550,40873587
41731978,41745582
42848143,42849141
43229418,48005152
43354297,43378836
43597462,43599242
44328000,47979595
44457942,44459173
44541998,44543364
45264512,45281307
46357281,46359095
46920323,46921698
47109589,47124291
47520033,47521284
47589938,47591095
50158151,50159880
50800643,50814635
51041874,51051348
51133678,51145392
52515871,52527163
52600891,52602709
54521538,54545145
55180974,55194152
55722582,55741142
55925208,55926187
56542951,56544286
56928663,56941813
57627523,57639554
57748801,57750164
57974151,57976436
60239892,60251169
60505854,60507986
61077395,66030092
61567898,61579517
62606727,66029751
62682795,62695857
63330782,63331845
63383409,63396006
63430738,63432459
63901348,63904347
64136635,64138159
65049244,65062925
65528784,65530234
65942786,65958992
67435648,67437397
67551659,67554196
67664085,67665978
67756915,67767780
68296746,68311903
69018609,69021916
69112060,69115157
69869115,69870655
70416891,70430158
72200319,72219578
72294818,72304264
72446447,72461581
72469084,72483039
72469362,72492993
72509058,72510791
72827745,77966569
73064525,73074512
73270698,73272135
73492755,73493979
73651902,73653853
74179773,74181585
74367001,74382068
74940085,74956191
75904671,75910008
76413087,76425955
76647315,76664091
78317076,78339356
80184540,80185679
81089280,81089986
81789189,81791380
83592265,83594455
84623227,84639123
84790164,84791393
85732701,85737870
86876893,86878763
88080598,88082378
88214745,92964863
88245489,88247319
88415268,88424678
88837419,88852505
89060219,89079794
89063389,89077560
90061803,90077672
91192701,91194622
93706635,93709628
93953929,93970246
94182169,94200424
94222947,94233806
95333888,95335357
96178979,96180620
97470406,97485173
155161915,155179899
155681020,155703725
159745331,159771514
160859451,160878043
160953118,164822969
161112040,161131457
162364045,162383008
163051968,163067056
163259810,168744022
164096090,164120555
164950665,164954223
165318437,165319961
165650723,165653463
165799279,165817501
166144377,166162903
166524134,166541827
167107097,167109032
168627790,168646035
170725419,170727669
171803878,171826549
172722936,172724984
173062952,177958386
173084314,173086101
173217759,173219944
174179921,174184455
175401210,175403993
175512360,175514350
175876138,175925794
176170331,176172306
176659462,176661961
176691398,176693466
176981518,176997428
178440495,178461652
178485707,183752014
178714104,178716279
178719790,178724411
178903970,178906012
179059152,179061217
180292283,180295063
180806512,180809405
181074832,181075982
182466266,182467709
182794302,182824599
183710416,183753972
183746318,183751142
184106654,184124140
184626113,184628301
186497564,186499282
187217096,187236433
187314610,187317133
187552131,187578438
187728745,187730669
187800474,187802903
188251435,188269790
188438465,192764376
188479000,188497218
189530908,189533952
189662112,189663916
189839096,189852169
191206756,191240108
191717155,191718605
191951405,191953901
192298859,195725280
193298188,193335960
193349304,193367298
193522980,193540610
194848421,198753937
195187917,195206863
195819283,195821588
196544846,196571750
197334681,201696570
197427222,197428863
198165565,201697429
198738055,198742371
198747944,198750209
198967003,198969021
199152350,199156055
200055251,200057960
200611129,200613495
200630085,200647705
200954179,200982590
201545956,201556844
201568318,201569921
201861574,202126687
201988564,201992481
202303491,202316380
202440047,202443003
203813102,203824779
203909968,203922373
203916092,203918090
203980655,203983575
204691452,204708015
204817954,204820690
205135902,205159455
205369806,205407158
205525008,205526893
205675446,205677524
205818804,205832869
205876578,205878903
207242881,207244572
207632614,210692181
207696388,207714676
207780438,207796632
207992853,207994780
208118330,208120258
209019220,209039633
209363269,209365587
209660515,209672252
209805732,209822229
209923430,209925609
210112357,210113926
211391541,211402549
211872646,211875280
212717622,212720124
212728092,212745406
213377882,213379944
214191370,214194036
214753647,214756320
215250562,215254498
216118764,216137460
216281346,216300840
216915876,216917760
217452635,217470929
217645451,217648414
217657488,217662740
217887820,217906185
218007070,218010488
218950462,218969749
219090105,219095945
219978450,219980211
221756579,221760455
222695051,222718096
222737884,222740824
223237562,223239557
224512774,224522126
224586523,224588394
224887766,224889600
225333508,228662339
227305159,227327900
228830469,228833549
229224181,229226082
229288641,229290856
229666572,229668567
230302352,230314710
231961121,231980267
232613748,232615576
234788092,234790026
234839231,234843975
236375412,236386547
236507695,236518376
237838822,237856232
238286429,238299806
239170160,239182100
240046262,240048422
240696646,240707785
240775986,240796512
240881739,240895744
240883422,240896472
241484577,241486434
241502149,241503254
241626724,241643241
241626839,241629281
242323008,242348536
242846390,242848401
242920909,242928122
243078910,243080794
246711088,246712132
246825299,246827344
247327817,247345353
247334606,247346128
248668399,248670833
248690507,248705038
248714009,316534389
250107243,250111717
250281381,250283890
250859794,250861615
251070017,251128479
251834457,316570764
251971959,251973422
252207712,252209680
254047344,254049122
254699267,254710893
255206411,316584643
257856105,257878218
262946026,316580563
316650375,316674128
316831471,316838751
317141483,317144924
317165474,317167916
319440302,319454019
319618782,319621689
319808221,319811699
320079201,320091516
320333537,320349163
320353178,320358113
321033743,321035580
321433221,321444867
321775562,321790342
323607841,323609301
325022317,325034003
325340704,325352498
325352765,325364659
325473281,325492047
325998337,326034799
326021837,326036222
328013850,331476290
328430527,328444141
328499647,328501484
329134591,329146829
329545896,329547666
329575038,329586708
329616489,329619319
330259745,330266340
330398095,334490227
330489051,330491016
330769917,330771831
331329387,331348444
332117588,332122837
332348769,332350606
332491909,332493941
333296110,333297988
334621698,334623699
335133033,335134726
336085576,336091229
337484891,337486641
337871857,337874747
337972919,337977449
338392913,338395723
339295507,343442246
339360274,339362462
340390947,340397238
340423257,340426094
340457107,340478115
340509539,340511196
341860789,341872642
342867398,342870224
343188521,343200522
344271450,349423632
344741915,344744598
344978240,344979764
345160647,345177976
346665040,346667328
346802344,346816626
347112797,347125930
347235702,347248935
347327697,347329882
347513464,347519618
347559568,347562157
347859173,347871772
348236117,348238800
348513361,352439357
349834118,349836721
349997228,349998971
350380729,350383930
350651325,350663530
350717442,350718992
350821948,350833595
351205874,351208290
352162403,352173064
352327477,352338509
353703556,353705280
353843867,353846383
354948364,354959974
355554069,355558927
355770085,355774642
356997922,356999963
360056175,360058214
361272777,361275694
361990783,361995026
362131742,362146215
362409778,362412471
364350533,364352454
364387169,364399624
364526645,364535979
364878040,364879447
365942704,365964577
366120159,366131358
366347521,366349689
366588754,366590274
367310347,367312435
367460290,367465398
367596482,367615548
368476925,368478656
369796914,369807254
369808955,369819108
371451500,371454601
372797675,372799041
373224602,373226633
373488636,373513518
374007541,374018613
375237509,375239390
375826924,375839135
376768208,376780426
376799516,376811817
377147313,377149284
377564351,377565888
378354747,378375140
378832379,378843644
381366399,381368705
381869702,381882906
381878115,381880296
383444277,383449673
383748583,383750758
384628111,384630202
385694923,385696553
386852153,386855270
387951624,387953660
388401565,388407632
389521317,389525466
389680263,389685288
390038629,390049797
390722717,390725309
391445649,391450766
391474750,395328849
391538399,391548493
392148502,392160162
392751784,392761112
393726775,393737002
395363060,395366080
395529377,395541738
395688734,395691607
397581747,397584025
397779434,397781202
400841685,400844815
402794145,402795956
403330296,403350839
406572467,406574916
454533325,454552769
454555562,454575788
454986828,454988556
455693959,455705769
456138439,456149727
457721146,457722973
457915439,457917255
458511366,458512972
460076584,460087342
461631363,461636033
462031091,462037830
462892662,467170461
464338706,464340573
464695821,464698350
464940936,464952870
465539588,465542017
467536373,467538411
467715074,473238129
468778605,468792119
469489241,469491225
469976404,469989296
469979173,469991869
470479005,470498463
470960719,470962784
471044292,471071824
471365265,471368015
472304716,472331596
473622459,473634219
473814551,473816378
474292256,479153272
474932312,474945602
475377266,475390051
475387385,475390833
476463565,476478873
476539323,476545902
477263326,477287411
477573331,477575072
477712229,477714190
477962583,477975037
477996483,478010100
478109599,478116097
478380432,478382660
478991024,478992180
480168440,480170555
482239610,482242453
482341193,482343909
483083808,483093600
484520634,484533246
484792333,484794261
485070433,485072517
485171241,485173072
485544783,485557138
486071466,486083039
486111927,486113868
486128141,486130352
486565835,486568545
488433511,488439153
490896253,490898231
493496581,493518006
493633878,493637473
495655309,495657490
496792594,496794488
497252131,497256153
497590199,497592658
498574458,498576787
498728503,498731544
499073090,499085341
499496993,499508419
501631403,501634476
501746934,501759018
501927844,501929057
503083033,503093884
503173157,503189260
503254180,503266969
503368476,503371035
503613040,503627225
503760787,503762906
504042141,504052154
504220351,504239962
504284430,504286732
505041714,505053387
505522540,505533702
505669499,505671784
506333643,506335557
506352823,506356822
507456829,507459245
507544658,507557407
508062999,508065582
508124761,512114402
509949281,509950796
509983259,509985043
510006843,515157039
510600831,510602588
510706252,510708815
510974958,510976191
511899832,511910737
512298047,512310161
512473387,512483427
512490697,512493199
512836339,512841822
513778182,513780099
514053308,514064951
515370480,515373921
515994640,516003453
516364571,516366328
517328540,517340304
517461648,517472493
518109533,518119828
518195660,518198801
518411836,518436522
518858027,518869820
519414941,519417864
519533023,519542662
519786399,519788964
522026457,522037763
523443756,523471028
524334366,524349367
524639771,524650103
524786738,524788514
524870069,524902596
525506416,525516182
526045734,526048136
526061787,526064290
527725421,527734919
528527373,528529792
528892897,528894688
528977659,528979627
528986927,528997089
529208104,529209203
529410128,529420943
529620835,529623107
529995885,530044014
530538801,530541179
531298872,531301197
531968565,531979960
531996170,532006136
532641211,532653328
532833443,532844929
533088777,533090034
535304026,535313395
535339758,535349778
535602733,535614229
536587877,536602493
537450864,537452438
539504986,539514582
539779719,539782474
539973262,539984691
540074120,540083198
542843056,542859630
547268647,547272636
550340368,550342109
595714723,595727706
596316075,596327277
601039813,601041350
602009018,602013531
602773836,602777381
603183865,603186300
603427750,603439921
605181267,605200611
605634353,605636371
605837212,605841365
605912282,605918079
606395991,606398262
606425397,606428137
606621809,610892124
606778517,606781116
607086006,607088826
607940982,607944851
608137089,608147226
608476124,608488057
608537042,608549777
609250427,609252455
609399160,609409657
610990594,610995127
611840104,611842783
611986171,611988309
613693744,613705674
614265218,614294484
615084306,615085823
615493379,615495060
616764841,616767427
616939894,616941661
617075300,617077666
617265384,617269998
617585810,617587981
617693637,617708254
617787303,617799293
617965539,617970140
618345961,618347688
618875166,618907659
618888359,618899728
619695450,619706030
621652277,621663315
622081325,622086096
622539222,622540708
624060403,624062561
624107626,624110419
624439331,624442354
624496901,624498849
624613749,624617130
624964937,624976263
625645197,625647803
627714810,627717643
628240520,628251358
629789220,629790864
630384545,630403581
630781691,630800891
630839157,630841035
630982121,630984627
631186283,631187907
632077859,632079950
633053344,633054587
633417602,633424174
633425406,633428099
633596126,633604074
633823444,633834830
634983925,634994910
636007917,636019794
637619509,637622129
638371261,638383028
638457964,638459548
639417196,639418960
640390720,640402564
640720437,640722615
641184965,641196435
641884179,641887252
641929742,641948608
641951695,641954671
641980026,641981790
642222251,642224506
642278882,642292663
643288061,643299907
643583670,647821842
645669506,645671864
647714055,647716277
648047153,648050674
648067849,648069640
648488592,654815855
648900261,648902736
649184070,649189429
649544479,649547035
650513797,650520135
650696150,650697694
650739408,650742051
650983595,650994923
651065640,651069121
651123451,651135796
651144582,651156202
651347532,651351224
653877099,653889888
655932239,655934087
657142432,657161950
657588462,660840429
657759590,657764972
658287776,658310761
659427546,663814666
659759378,659778912
660551578,660557598
661644660,661673779
661686935,661688452
662246920,662248884
662557276,662569306
664872481,664884936
665144965,665156087
665244737,665255268
665530344,665542345
665963030,665965573
667591457,667616454
668183595,668187173
668283698,668296718
668285653,668287136
669349495,669351549
669763602,669765436
670276273,675751988
671897838,675741480
673002479,673016023
673448278,673461612
674363644,674366444
675342831,675346396
675993077,676013470
676578399,676592885
676717209,676722169
677208706,677220964
677269624,677281314
677414174,677416897
678700216,678703190
678795823,678797627
679192384,679209122
679381058,679383774
679487739,679499753
679532140,679533906
679570473,684703796
679665355,679676994
679694561,679706495
680036666,680058094
680722448,680725435
680946746,680948570
681402117,681404145
681407376,681409343
682349512,682361767
682477662,682479710
682484074,687725995
683284178,683286043
683747477,683749535
684901667,684903372
685472323,746472668
685495838,685498274
686039073,686041652
686402402,686412568
687073020,687074327
687636162,687647033
687759782,687762605
687799806,687815498
688397676,688403065
688483323,688488873
689122897,689136415
689959359,689970715
690461342,690463905
691894895,691898219
693181875,693184007
694267166,694269712
694737868,694741637
695144399,695155083
698336797,698339486
698406748,698417436
700042706,700053310
747055745,747057699
749209428,749220590
753952490,753965436
754436379,754451390
755543111,755555439
755799706,755804022
755834819,755848837
756301716,756315948
756667354,762592693
756809222,756812723
757155920,757168084
757211750,757226145
757415581,757427384
758338735,758340495
758436736,758450150
758658983,758661726
758851205,758862814
758927942,758939856
759241569,759253800
759536610,762637451
759772421,759777609
760379772,760381961
761267285,761280502
762724648,762737140
762901689,762915467
762942435,762945465
763133066,763147476
766469678,766481665
766506441,771606542
766644704,766646655
767805024,767806976
768487032,768499370
768861540,774555014
769356063,769357697
769657729,769660168
769715898,774596602
770096687,770108751
770112563,770114106
770213160,770214674
770631631,770633111
771833238,771835203
772086168,772088052
772284637,772302655
772413362,772425499
773371598,773374174
773880427,773882431
774644166,774666026
774693444,774704810
775539049,775541424
775771722,775773533
776006093,776018033
776242849,776245168
776254088,776268454
777699030,777711601
778171386,778182818
778760730,778772580
778817636,778821027
780647228,780649824
781063477,781065285
781280529,781293822
781793717,781807582
782183750,782196342
784246715,784252017
784463475,784465350
785324749,785327715
786547006,786556591
786771324,792526348
786937998,786964057
787033407,787036474
787077003,787079258
787327610,787338786
787631341,787633256
787953521,787955702
789502374,789509133
789540925,795538862
789543344,789548395
790419290,790422083
792586845,792607207
792700208,792703552
792929240,792930777
793137909,793141160
793428617,793431537
793519727,793540838
794611489,794613490
795000419,795002401
795027644,795032278
795201842,795203863
795819190,795838898
795971161,795977502
796364381,796383868
796788515,796790345
797170376,797184471
797260470,797262424
798205466,798207805
798465274,798505409
798621207,798622714
798710386,798712948
798930862,798932960
799785878,804523281
800107529,800112253
800231069,800242325
802006127,802008100
802203248,802205840
802641276,802657045
802822239,802834621
803033708,803044890
803274276,803276284
803338776,803351264
803505941,803507621
804715660,804718867
804864710,804866328
805081348,805113865
805286128,805291971
805715397,805717997
805854211,805866342
805998174,805999901
806025392,806032612
806091938,806094352
806722808,806725370
806784136,806786345
807302036,807314838
807709403,807729651
807863527,807875137
808083345,808085951
808258037,808270665
808432388,808434310
808500770,808513198
809303962,809305759
809510453,809527504
809559069,809561755
810078991,810090722
810170641,810177657
810442490,810489369
810573154,810583393
810705224,810729062
811576337,811579150
812058993,812071341
812239595,812242388
812589581,812593339
812983389,812995627
816603943,816621423
817260139,817262688
817850299,817860406
817936771,817938742
818070400,818073150
818133724,818147859
818486049,818501104
820353359,820365701
820970423,820982681
821018509,867429551
821399525,821405502
822291965,822302934
823686900,823699215
824646386,824649944
824849690,824851334
825470395,825475868
864682234,864685157
865509885,865511512
866164898,866178285
867750167,867752268
868215347,880179065
868432732,880182807
868973240,868985016
869011246,869023567
873439322,873441296
876555988,876558922
877565016,877566804
877778987,877791349
878323871,878325662
878437007,878449151
878729927,878731618
878741209,878742332
879003523,879015153
879225733,879227824
879233855,879249129
879725979,879728952
880422055,880426706
880523535,880525563
880589340,888328353
880740576,880753268
881111656,881113367
881289202,881291447
881289880,881294931
881344527,881346227
881796898,881808287
884208722,884220689
885509013,885520492
886055948,886058326
886384455,886386590
887619294,887642436
888177491,888179522
888365584,888366910
889264673,889277134
889733494,889747192
889762894,889765691
889987974,889991031
890475458,890486934
891568018,891569261
892185195,892197490
892286164,892288005
892690232,892692404
894871270,894872934
895117267,895128122
895356459,895358981
895752125,895754213
895853274,895855165
896096434,896113413
896143197,896145024
896315186,896318183
896508471,896521998
897418986,897421845
898046907,898049139
898551253,898564035
898838774,898841343
899262944,899265456
899535140,904323365
899653408,899665619
900318871,900322346
900732107,900744642
902686435,902697150
904399915,904404385
905234448,905236402
905839150,910330894
907195535,907199557
907399851,907413628
908508411,908520224
909243562,909245667
909264613,909266287
910639990,910643020
910854626,910867355
911113856,911127163
911543152,911554651
911647829,911651183
911732624,911758426
911990702,911993304
912198064,912208986
912356450,912368661
912626170,912628616
912757244,912760668
912791304,912803779
914258486,914261129
914664329,914677325
915057649,915069302
915712124,915714189
916160336,916161682
917347140,917361268
917411920,917413517
917429990,917441353
917605030,922238952
918482056,918485754
918981557,918984838
919276187,919282535
919500642,919513037
919564948,919569605
919679457,919684218
920289064,920300570
920933309,920935006
921053835,921065094
921178098,921179507
921537537,921548703
921885194,921907244
922356956,928196403
923191265,923202738
923597785,923599078
924633718,924636728
924815940,924817575
925230482,928249170
926166010,931206646
926175351,931210098
926436550,926447062
927747377,927748941
928643750,928655597
928827535,928838706
929166743,929168366
929378033,929389606
929378267,929381123
930039704,930051628
930480432,930482654
930789961,930800210
931648467,931659883
932072727,932085460
932163259,932174865
933322801,933324779
933926508,933936935
934439446,934441023
935083943,935085475
937257593,943220418
937595248,937597917
937959556,937970611
939378145,939400656
940979992,946162495
941193622,941195947
941642572,941648201
943338726,943350586
944373659,944384323
944791742,944793810
944823918,944835097
944952797,944954113
945152674,945154032
945282760,945284685
945675074,945676352
945723923,945734994
945942204,945944272
946031756,946040991
946399265,946410922
946654844,946668169
946939645,946941090
947826550,947830693
948427336,948429003
949119286,949120814
949256509,949266400
949336422,949347644
954506000,954507697
996304646,996306724
998889128,998899845
1001385339,1001406190
1001439649,1001450223
1003690505,1003692680
1004591004,1004594826
1004942841,1004944291
1005243298,1005255061
1005336701,1005347468
1005439703,1005440725
1005671531,1005673545
1005774905,1005786992
1006192320,1006193944
1007332117,1007346483
1007858536,1007871833
1008081334,1008084367
1008128925,1008130963
1008383504,1008386839
1009113731,1009115876
1015397489,1015400195
1015981478,1016001860
1015986295,1016000471
1016077939,1016080923
1016508671,1016511260
1017139657,1017141344
1017363106,1017374956
1017419480,1017421612
1017507322,1017509287
1018096710,1018115703
1018165412,1018171266
1018665381,1018670920
1019725117,1019737425
1019986679,1019999689
1020247597,1020259808
1020802025,1020814003
1021841963,1021853282
1022988583,1022990427
1023816865,1023829463
1024945220,1024947070
1025617569,1025629155
1026107030,1026113421
1026115636,1026117357
1027261050,1027262764
1027589333,1027601317
1027946966,1027957871
1028293457,1028294981
1028337350,1028347767
1028775873,1028777674
1029709006,1029710442
1030919653,1030921274
1030992609,1031039378
1031078142,1031085886
1031398695,1031400592
1031427670,1031441505
1031460151,1031462890
1031575528,1031587111
1032109868,1032111425
1032340140,1032351876
1032372219,1032384366
1032516960,1032523742
1035108160,1035110262
1035395003,1035415737
1036208725,1036219363
1036263008,1036267689
1037217142,1037219314
1037336315,1037339676
1037339626,1037341126
1037662280,1037682058
1038015737,1038018252
1038402469,1038412759
1038768505,1038784517
1039158127,1039161037
1039641939,1039656021
1039884234,1039897511
1039966684,1039977612
1040259086,1040273402
1040521951,1040524667
1041838008,1041840103
1041983414,1041994442
1042083664,1042085197
1043556342,1043568242
1043876771,1043878387
1044117866,1044129964
1044619716,1044635953
1045522179,1045524568
1047760825,1047773393
1048737299,1048738859
1049086222,1049107397
1049200441,1049214944
1049405158,1049406999
1049558101,1049559704
1049830404,1049833023
1050065944,1050068470
1050125201,1050128215
1050627435,1050638570
1054444725,1054446659
1054592336,1054605041
1054848001,1054853611
1055402089,1055403877
1055823142,1055826139
1056511190,1056526121
1056805450,1056816872
1056915633,1056929163
1057348223,1057358566
1061075090,1061079774
1061555712,1061557730
1062011541,1062014795
1062899261,1062911365
1064468150,1064481847
1065164952,1065166325
1065305906,1065310650
1066513140,1066515422
1067322198,1067332359
1068559262,1068577858
1068946112,1068958690
1069067239,1069078742
1069265067,1069269457
1069388490,1069398994
1069822149,1069834316
1070786765,1070796838
1071186962,1071208043
1071524473,1071527774
1071562756,1071567584
1071582562,1071592033
1071742369,1071744792
1071814880,1071827546
1072139646,1072141847
1072229404,1072230880
1072630681,1072632592
1072645391,1072654737
1072785598,1072801224
1073994175,1073995756
1074259200,1074262221
1074608115,1074619270
1074662197,1074664008
1076081811,1076091328
1076841589,1079958176
1076985444,1076987268
1077847084,1077856547
1077872503,1077883828
1078110732,1078112079
1078518472,1078520550
1078821825,1078825935
1079158935,1079161949
1079938935,1079942937
1080189846,1080192893
1080744846,1080746593
1080944862,1080946706
1081479028,1081481253
1084494980,1084505862
1085846478,1085856619
1087105777,1087115309
1088948100,1088950011
1088956522,1088967240
1089261656,1089263574
1089471211,1089473018
1089592522,1089604055
1089713262,1089715541
1089747349,1089759072
1089896457,1089898458
1091438695,1091448912
1092643042,1092644947
1094434161,1094454457
1094842215,1094860222
1096114011,1096116530
1148174952,1148186893
1148605581,1148616850
1151005361,1151008635
1151518516,1151520093
1153240184,1153252265
1155377754,1155383106
1155558898,1165832432
1155807641,1155819093
1156016089,1156026620
1156232874,1156235560
1157378150,1165833955
1158062727,1158074176
1158202426,1158204738
1158656812,1158658833
1162532631,1162534879
1167058351,1167072991
1167060282,1167062340
1167902058,1167904547
1168365895,1168378941
1168375934,1168377979
1168423131,1168426499
1168811347,1168813134
1169053211,1169054851
1169775015,1169783281
1169782856,1175790532
1170259836,1170262165
1170451600,1170454253
1171325583,1171338362
1171610501,1171614326
1173560583,1173573178
1173665661,1173677551
1175554147,1179746606
1175850561,1175863865
1176157523,1176159193
1176307827,1176312009
1177496194,1177508672
1178682263,1178688430
1179172052,1179183478
1179689590,1179691458
1179748113,1179775161
1179812495,1179831364
1179979533,1179991931
1180076763,1180078668
1180420896,1180433107
1180966317,1180977038
1182621024,1185756226
1183881040,1183883322
1184092586,1184112484
1184556132,1184568119
1185323176,1185325701
1186144361,1186146122
1186358991,1186361313
1186510200,1186522080
1188063410,1188065181
1188107169,1188110463
1188635669,1191778896
1188645862,1188657772
1188762469,1188766993
1188977994,1188984870
1189113090,1189116013
1189154006,1189155696
1189716175,1189729125
1190491798,1190493656
1190848025,1190860236
1192725589,1192738839
1193385727,1193396902
1193473446,1193487307
1193657178,1193660205
1195026616,1195036715
1195747722,1195749265
1196227344,1196239068
1196419576,1196422663
1198025202,1198030136
1198276751,1198294144
1198787518,1198790104
1199570704,1199583500
1199866568,1203717831
1202164544,1202177396
1203301866,1203307087
1204356407,1209699107
1204601572,1204614872
1207021147,1207022824
1207050677,1207056226
1207407545,1207409329
1209140779,1209153672
1209923809,1209945966
1210252877,1210266127
1210289350,1210307357
1210574362,1210576226
1211084617,1211087634
1211558513,1215791307
1211642306,1211647839
1212097340,1212115234
1213888252,1213892314
1214655746,1214666758
1215286738,1215290396
1216287481,1221648953
1216356904,1216374969
1217216838,1221680471
1217781233,1217783384
1218954098,1218972620
1219138412,1219140644
1219169787,1219172212
1219513371,1219514771
1219717680,1219719361
1220066644,1220079259
1221328668,1221330636
1221613403,1221665150
1221657813,1221666092
1222027166,1222031199
1222308309,1222310137
1223479177,1223482251
1224047868,1224049645
1224782491,1224807097
1224925442,1224927850
1225072154,1225085020
1225428170,1230644738
1226414737,1230679533
1226594578,1226596950
1228722419,1228723999
1228843092,1228846219
1229835202,1229847566
1229997024,1230006594
1230136571,1230146767
1230210765,1230214116
1230233420,1230235474
1230254357,1230266508
1230856808,1230871408
1231016843,1231020990
1231254284,1231268885
1231660548,1231671424
1232076043,1232079597
1232829882,1236667985
1233586321,1233588437
1234840387,1234852188
1235885491,1235896018
1236804969,1246616791
1237063741,1237066765
1237108630,1246626490
1237322038,1237337639
1237404224,1237405865
1237723275,1237739475
1237732763,1237734778
1237965724,1237976862
1238751763,1238763665
1239023579,1239033809
1239131111,1239132526
1239654671,1239666531
1239707377,1239719448
1239924484,1239934579
1240369343,1240373074
1240845157,1240850034
1240916124,1240926407
1241274251,1241287508
1243207602,1243209466
1244596981,1244600172
1245358151,1245369584
1245739248,1245756921
1246235314,1246237155
1246700447,1246702298
1247558881,1247561771
1247657618,1247660140
1248356968,1248359330
1248516491,1248526668
1249144017,1249145981
1249198032,1249199937
1249725393,1249727461
1250320270,1250333643
1250366368,1250386326
1250846862,1250848529
1250852569,1250862477
1251931565,1251932881
1252696640,1252707104
1252792481,1252795173
1253074740,1253076627
1253113761,1253132090
1253535663,1253546835
1253543124,1253545135
1255586139,1255602450
1255685421,1255702960
1257093372,1257095437
1257875510,1257878049
1261600043,1261634995
1263171511,1263173033
1263371951,1263373996
1263575245,1263586901
1263698644,1263710581
1263982824,1263994113
1264574895,1264577297
1264671477,1264674190
1265639575,1265650767
1265992541,1265997643
1266199590,1266209947
1266373788,1266375441
1266851576,1266861455
1267714279,1267724820
1267949051,1267959368
1268287808,1268291861
1268630320,1268632362
1269681537,1269683498
1270386139,1270397485
1270598162,1270599228
1270824037,1270828557
1270966597,1270976867
1270978330,1270988212
1271105177,1271107155
1271184089,1271195077
1273294397,1273304720
1273706537,1273709380
1276344790,1276355501
1327693850,1327713127
1327733099,1327736864
1327771910,1327779196
1328528540,1328532252
1330472668,1336451315
1330954302,1330967054
1331054379,1331067255
1332020195,1332031618
1333116969,1333121720
1333524334,1333537474
1333972038,1333986939
1336043629,1336055355
1336223619,1336236281
1336250828,1336255842
1337250428,1337261890
1338238301,1338251070
1338631371,1338633499
1339105528,1339118691
1339327487,1339329505
1340065017,1340066848
1346931270,1346942355
1348881770,1363683126
1353797496,1353816720
1353976993,1353993363
1355012571,1355014552
1355393393,1355413940
1355681746,1355683677
1356106200,1356108465
1357087121,1357117253
1358978103,1358989542
1360581694,1360584256
1361681166,1361682680
1364180719,1364193992
1365031218,1365033340
1368609570,1368622202
1369126367,1369129290
1369245844,1369262675
1369778366,1369781143
1370464303,1370467453
1371644398,1371646099
1371661844,1371675696
1371840145,1371841979
1371908887,1371920784
1374194943,1374197004
1374892646,1374895279
1379700979,1379704177
1380812189,1380826548
1381162325,1381175451
1381733939,1381735282
1382573099,1382592366
1383347098,1383363686
1383557204,1383570401
1384424220,1384426412
1385275394,1388358211
1386627489,1386629477
1386644832,1386646706
1388019143,1388031454
1388811420,1388818957
1390117304,1390119325
1390254852,1390266866
1390876750,1390879032
1391438215,1391452109
1391841254,1391844418
1391911015,1391913240
1391921536,1391933600
1391926286,1391928916
1391959278,1391963771
1392831639,1392834232
1392985601,1392990893
1393422106,1393423874
1393645659,1393647420
1393706961,1393719496
1394390900,1394393038
1394760393,1394761776
1394775878,1394787769
1395067088,1395078497
1395278934,1395291031
1395995136,1395998547
1397525835,1397543237
1397734574,1397746768
1397815103,1397826689
1399362356,1399364130
1399780717,1399784345
1400188898,1400190959
1401540909,1401542536
1402167735,1402179909
1402522471,1402527626
1403660414,1403661761
1403679852,1403695240
1404038454,1404050875
1404089539,1404090810
1404906195,1404908687
1406000827,1406012907
1406229535,1406231369
1406324784,1406354835
1406377450,1406388946
1406437606,1406440619
1406746519,1406749913
1406761522,1406765371
1406960156,1406972871
1407105000,1407116389
1407502975,1407505073
1407560498,1407573033
1409537605,1409539439
1409756674,1409762390
1410004799,1410016138
1411812960,1411815018
1415005314,1415008371
1415482254,1415485655
1415503575,1415505365
1415773758,1415792169
1415923022,1415936339
1416195305,1416207704
1416266968,1416280622
1416529004,1416531156
1416867264,1416869338
1417119137,1417125000
1418081840,1418097302
1418612338,1418624766
1418625030,1418636235
1419077187,1419079379
1419215474,1424212180
1420181882,1420185473
1420651584,1420663153
1420725583,1420731947
1421193893,1421232921
1421273129,1421286145
1421321535,1421342162
1421488914,1421491357
1422661255,1422664082
1423638311,1423643222
1424962062,1424973197
1425112726,1425115258
1425488286,1425500925
1426290760,1426293489
1427333457,1427336130
1427523154,1433249763
1428811554,1428813436
1429125906,1429138598
1431966207,1431968819
1434456996,1434468456
1434914693,1434917302
1436530130,1436531824
1437420294,1437421800
1437838561,1437849314
1438536667,1438539166
1439620671,1445150802
1440859920,1440870902
1440912242,1440913758
1440935475,1440947672
1441142921,1441164637
1441207998,1441230389
1441268278,1441292353
1441378979,1441381528
1441687664,1441689619
1442184155,1442186019
1442451487,1442463949
1442557664,1442571800
1442687107,1442699125
1445104453,1445120645
1445977274,1445987844
1447105455,1447115701
1447880854,1447900598
1448933774,1448945501
1449140987,1449142433
1449356595,1449359986
1450366702,1450369198
1450375839,1450377977
1451105237,1451116052
1452212237,1452214238
1460124879,1460126413
1514012193,1514033030
1514076986,1514079341
1515280608,1515283735
1515919438,1515920988
1517390432,1517408205
1518150539,1523067672
1518211066,1518212954
1518704133,1518717469
1519139816,1519152190
1520212605,1526015173
1520677564,1520680568
1520729873,1520749146
1520746169,1520751084
1520752995,1520756069
1520913268,1520915085
1521760590,1521762594
1522914876,1522927398
1523825966,1523839079
1524554612,1524566132
1524968747,1524980694
1526774936,1526776757
1527473394,1527485759
1532641870,1532654829
1533728083,1533729599
1534076538,1534078991
1534688350,1542022519
1535710394,1542046464
1539259163,1539261582
1539543687,1539546383
1541368291,1541380272
1541804783,1541806878
1542211788,1542230738
1542337914,1542356609
1542524255,1542526681
1542547248,1542549666
1542549830,1542562469
1542728324,1542731050
1542824819,1542836770
1543295873,1543697575
1544701248,1544704128
1545489469,1545491584
1546147756,1546149941
1546201455,1546206199
1546230490,1546234225
1546658419,1546670266
1547151158,1547168608
1547228477,1547241473
1547268270,1547280688
1547941344,1547951828
1548194130,1548196401
1548479900,1548491326
1549434294,1549447441
1549749147,1549752354
1549940791,1549944824
1550941671,1550954924
1550973352,1550986803
1551275460,1551277828
1551682648,1551685184
1552376666,1552384851
1552587276,1552600159
1552847272,1552850015
1554686556,1554689760
1555030054,1555034167
1555282145,1555288345
1556053855,1556055803
1556209481,1556221041
1558621225,1558634602
1559276816,1559282068
1560618039,1560631229
1560990129,1561002420
1561447083,1561448734
1561567833,1561569898
1561763613,1561774905
1561809427,1561820599
1562045395,1562046898
1562994453,1562996481
1563190394,1563192692
1563196574,1563209367
1563201151,1563204526
1563400900,1568013040
1563598277,1563599908
1563873860,1563875819
1563946290,1563959457
1565040807,1565052162
1565766296,1565776436
1565909524,1565912203
1566162393,1566164291
1568060514,1568063925
1568083452,1568110003
1568124993,1568140605
1568711925,1568713763
1569121226,1573963239
1569282010,1569285621
1569365205,1569378147
1570133888,1570145064
1572043475,1572056288
1574296767,1574301912
1574327189,1574341184
1574950407,1574953340
1576479890,1576481203
1576909506,1576921724
1577721605,1577724201
1578714633,1578730245
1579597636,1579601959
1580444757,1580446785
1581474312,1581476350
1581497487,1581498587
1581604593,1581606006
1581754052,1581756303
1581970956,1581973131
1581986675,1581999454
1584057190,1584059097
1585024981,1585037449
1585063926,1585075976
1585546639,1588883958
1586394298,1586405771
1586603188,1586607193
1586907624,1586909635
1587221521,1587236274
1587377848,1587389748
1588642336,1588652215
1589641480,1589644895
1590012597,1590024227
1590554958,1590566979
1590921886,1590925040
1590996805,1591002822
1591180415,1591185226
1592062649,1597902657
1592152151,1592164212
1592274427,1592285042
1592837222,1592853857
1594134232,1594145993
1594665813,1594667975
1596899717,1601887006
1597712279,1597728685
1599936490,1599947855
1605551784,1605565268
1605967976,1605982061
1606271099,1606282836
1606556816,1606569057
1607252491,1607264017
1607696450,1607698615
1608328157,1608339399
1613358028,1613369043
1617238317,1617240760
1617639529,1617641544
1619048673,1619050424
1619260579,1619272065
1619298773,1619301121
1619754768,1619765279
1619768058,1619770888
1620690841,1620701291
1622709448,1622717102
1622806197,1622816648
1623055956,1623071936
1623540697,1623545311
1624723842,1624728082
1625075930,1625086450
1625354140,1625358727
1626137981,1626142541
1626574092,1626586917
1626732955,1626742613
1626796759,1626810083
1627058044,1627070352
1628044364,1628047793
1628291951,1628302726
1628379247,1628388056
1631134409,1631145018
1633822099,1633839772
1634676828,1634685684
1634769461,1634784612
1634911769,1634920372
1638448274,1638452754
1639213396,1639228787
1639298776,1639312474
1639571664,1639576177
1640408139,1640423010
1642044770,1642051595
1642226632,1642237032
1642301531,1642306092
1643140441,1643155936
1643440661,1643457014
1644845819,1644863612
1645025910,1645029895
1645317385,1645327465
1645335147,1645349880
1646885534,1650762409
1647794916,1647800108
1648114463,1648128835
1648318326,1648329908
1648757832,1648761079
1649594527,1649598199
1650786015,1650791066
1651093862,1651110577
1651298626,1651305107
1651471761,1651485165
1652692816,1652705504
1653283882,1653290570
1657584882,1657593685
1658550321,1658564052
1659877461,1665708392
1660020423,1660025017
1660152142,1660170543
1660562106,1660574879
1660587775,1660591757
1661095775,1661108166
1662984127,1662989269
1663121571,1663134170
1663177511,1663189081
1663544385,1663555173
1664481581,1664495753
1665515517,1665524529
1665969259,1665983805
1666047747,1666052200
1667182516,1667201466
1667285296,1667289159
1667393037,1667397159
1669225037,1669229832
1672662908,1672676161
1675568794,1675582311
1676959650,1738614366
1677504390,1677508255
1677755303,1677759106
1678021497,1678035977
1683952961,1683964888
1736409341,1736425728
1737494855,1741587211
1739113697,1739118782
1739508782,1739513542
1739709964,1739715500
1739966000,1739981201
1739967554,1739982825
1740107093,1740111309
1741193767,1741198330
1741568716,1741583900
1743286482,1743291252
1744284638,1744297223
1744876665,1744881065
1745179534,1745194916
1745214791,1745222251
1745218349,1745233189
1745504995,1745518248
1745946885,1745972864
1746183845,1750606682
1746221109,1750621680
1748223233,1748238113
1748227970,1748236980
1748282617,1748287896
1748652424,1748663269
1749620940,1749652993
1749929135,1749933612
1749955882,1749960740
1750749202,1750762335
1751076787,1751080589
1752829866,1752840894
1753260063,1753275254
1754435381,1754447161
1754782517,1754789997
1756397066,1756409334
1757578889,1757588093
1757761883,1757772130
1758456977,1758479394
1759190491,1759203223
1760938920,1760953927
1761191939,1761209776
1761816834,1761829596
1761967813,1761972249
1762469986,1762483393
1763667200,1763677831
1763695033,1763709386
1763819756,1763836246
1764206926,1764220139
1764321843,1764329380
1764340812,1764349094
1764802815,1765464667
1765121894,1765603508
1765568906,1765584445
1766181359,1766186230
1766286434,1766435765
1766313739,1766434576
1766503338,1766507952
1766666515,1766671583
1767017600,1771366373
1767295850,1767312056
1767771537,1767782415
1768988211,1769002487
1769631097,1769636292
1770849522,1770862963
1771490039,1771515791
1771693674,1771698461
1772927992,1772932224
1774597909,1774613668
1774716972,1774727306
1775412788,1775433892
1776012121,1776027012
1776414415,1776419895
1776900940,1776905290
1776916907,1776919930
1777300662,1777305737
1778915027,1778933329
1778985153,1779000481
1779441192,1779446163
1779850365,1779855310
1780577111,1780592512
1781337890,1781342624
1781451737,1781464339
1783942651,1783956472
1784106535,1784121679
1784356434,1784366423
1785270447,1785278345
1785491504,1785505162
1786543957,1786554885
1786689717,1786703899
1786888524,1786896799
1787436902,1787441940
1787936353,1787941020
1787977466,1787981372
1788450063,1788458639
1789111758,1789116639
1789222041,1789234910
1789283714,1789299563
1789986903,1789991814
1790408500,1790421951
1790770016,1790774923
1791367128,1795540106
1791514942,1791518474
1791842992,1791871212
1795341346,1795355047
1795714665,1795723431
1796015930,1796025171
1796196957,1796211079
1797050750,1797078900
1797445604,1797449746
1797874374,1797889325
1798618569,1798640081
1800189897,1800202977
1800432359,1800439432
1804366193,1804370125
1809021617,1818524627
1809547167,1809552198
1818589467,1818607849
1818645517,1818664824
1818851778,1818856632
1819619135,1819629285
1820111062,1820128294
1820143800,1820151253
1821045013,1821050315
1821074707,1821089086
1821273885,1821279097
1821337038,1821350325
1821398938,1821403365
1822168247,1822175717
1822290888,1822296701
1822773363,1822786463
1823066855,1823071665
1823173620,1823186803
1823472500,1823485756
1823864574,1823868590
1824390505,1829448898
1824506374,1824509918
1826395010,1826399818
1826613268,1826617517
1827626812,1827632295
1827857645,1827885141
1828173684,1828190866
1830034597,1830049271
1830498122,1830502452
1830625458,1830640229
1830892727,1830898938
1831112822,1831125932
1831529088,1836446682
1831727524,1831732819
1834943692,1834959204
1836580712,1836605438
1837575317,1837600568
1839503690,1839510673
1839868931,1845394719
1841454317,1841468876
1842473631,1842482849
1843658855,1843672977
1843673311,1843681804
1843778182,1843791923
1846217498,1851454004
1846428242,1846432712
1846511136,1846516559
1846710033,1846725695
1846732357,1846736396
1846898082,1846912398
1846947792,1846952990
1847127916,1847133318
1848379483,1848392723
1849219869,1849236343
1849676086,1849686419
1852397771,1852414964
1852411205,1852416109
1852667124,1852672146
1853088342,1853130337
1853134790,1853140670
1853135191,1853143079
1853239016,1853244037
1853969540,1853984891
1854019363,1854027802
1854798485,1860321070
1854905646,1854910434
1856305743,1856319962
1856570068,1856593384
1857251969,1857256980
1857536874,1857551731
1857698840,1857714255
1858118795,1863337571
1858544682,1858554304
1858775695,1858792988
1858899910,1858904297
1859067309,1859071649
1859220235,1859225447
1859317068,1859331370
1860405806,1860424328
1860646271,1860660650
1860665277,1860671083
1860876682,1860881275
1861197953,1861212800
1861526604,1861540509
1861863754,1861868414
1861891734,1861904683
1862475780,1862494134
1862860257,1862874038
1863825018,1863840570
1864492202,1864508201
1864867328,1864881042
1865487168,1865491785
1866034982,1866039368
1866599703,1866613461
1866853395,1866868028
1866996619,1867007681
1867202261,1867217870
1867456804,1867470348
1867563840,1867568063
1868151320,1868161453
1868169768,1868174322
1869928941,1869933505
1870209189,1870223308
1870684502,1870697682
1871606780,1871611424
1872747650,1872751870
1872806657,1872821905
1872940711,1872944656
1874105682,1874119506
1874811814,1874816541
1875515611,1875520041
1879875619,1879887820
1893314544,1893334252
1893341812,1893361574
1894063814,1894068862
1895034769,1895050578
1895210978,1895225647
1896469367,1896482453
1896681484,1896686896
1897165767,1897176291
1897406936,1897412278
1897662201,1897666514
1897757199,1897772060
1897900724,1897906507
1899995618,1900001618
1900550828,1900564676
1901840364,1901846137
1902334927,1902340356
1905369779,1905385077
1905437916,1905444070
1905877716,1905894467
1908292406,1908309137
1908652425,1908668030
1909478221,1909493222
1909601420,1909609642
1909761883,1909781548
1911491002,1911505411
1911770271,1911785943
1911865596,1917251688
1912223059,1912235110
1914535418,1914554130
1914951938,1914956278
1916001574,1916006960
1916362645,1916378849
1916621181,1916627842
1916814011,1916828236
1916911465,1916926004
1916941285,1916954956
1917177012,1920244835
1917699462,1917714800
1918184951,1918197219
1918936095,1918940742
1919654549,1919668958
1920262298,1920272127
1920769807,1920784079
1922204402,1922219092
1923041828,1923066100
1923700767,1923707275
1924189216,1924194441
1925039972,1929241679
1928638841,1928643805
1929936385,1929941918
1930491753,1930497472
1931179263,1931191925
1931233034,1931247240
1932356508,1932369768
1932379577,1932387592
1933219044,1933233407
1933343028,1933356666
1934150209,1934155057
1935352832,1935365645
1936130069,1936136199
1936594306,1941176309
1936598295,1936608973
1936642345,1936656601
1938692240,1938698507
1939038173,1939043402
1939134107,1939142329
1939813879,1939828763
1941564376,1941579671
1941859588,1941864693
1941969236,1941982867
1942387038,1942392868
1943632071,1943636939
1943984930,1943988886
1944573396,1944577869
1947255960,1947278587
1947464061,1947480184
1947892026,1947896664
1947968570,1947973541
1950315697,1950330745
1951200765,1951214382
1952118977,1952122983
1953085809,1953106640
1953190820,1953195150
1953352961,1953366605
1954784997,1954788578
1959007106,1959018859
1979612537,1979617665
1982326592,1982330735
1986763047,1986777643
1987646818,1987662620
1987945656,1997877365
1988798840,1988810329
1992542279,1992555221
1994367551,1994375707
1995949684,1995972743
1997597321,1997601985
1997629120,1997648634
1998535662,1998540019
1999285948,1999299000
1999409765,1999414522
1999587771,1999592575
2000069832,2000073978
2000105563,2000113127
2000553006,2000557413
2002084153,2002089011
2002730928,2002746256
2004202516,2004211346
2004743424,2004749455
2004960442,2004975229
2005410551,2005415756
2005682450,2005687515
2007360369,2007374552
2007489936,2007494881
2009520484,2009525284
2009869093,2009873810
2009955191,2009959160
2010142816,2010163660
2010469215,2010484643
2010554177,2010581569
2010784506,2010798905
2010788682,2010808567
2011123734,2011129269
2011495191,2011510700
2011971607,2011976585
2012418027,2012429597
2013190122,2013194920
2013662659,2013677853
2013861502,2013874522
2014054105,2014058255
2014236532,2014240741
2014418370,2014422790
2014736280,2014740696
2014883650,2014897054
2016180012,2016193352
2018438636,2018449136
2018960217,2018973904
2019440026,2019444473
2019562140,2019565978
2020231856,2020246402
2020968791,2020984209
2021253943,2021259062
2021491117,2021516110
2022157763,2022165875
2022203931,2022212283
2022283946,2022289147
2022838361,2022855369
2023235009,2023240037
2024503294,2024516487
2025003630,2025020816
2025281148,2025287459
2025574496,2025579100
2025656518,2025661018
2027427842,2027441680
2029284990,2029298554
2029386363,2029389662
2030199755,2030204893
2030435332,2030449667
2030997515,2031012378
2031088163,2031119778
2031166252,2031178396
2031673595,2031678263
2031786625,2031801425
2031932542,2031946700
2031940333,2031945000
2034375326,2034391416
2034839386,2034844485
2035235761,2035240705
2035569650,2035575326
2035976454,2035990780
2036076691,2036090482
2036817111,2036830922
2036957375,2036965761
2037875911,2037886164
2037951763,2037966109
2038301462,2038315744
2039616493,2039621318
2039978739,2039989312
2040598032,2040603070
2041212297,2041221193
2041354780,2041357697
2041623417,2041628121
2041712852,2041717590
2043080686,2043085323
2043433849,2043438209
2046283785,2046293250
2047178317,2047181992
2047488406,2047494640
2047898481,2047913559
2048071894,2048075291
2049619037,2049629150
2050132650,2050145455
2050630467,2050644178
2051319757,2051323803
2051656944,2051665474
2051993777,2052007297
2052799722,2052804746
2053490519,2053495113
2053576016,2053589573
2053697765,2053702269
2054348198,2054358261
2055348085,2055361248
2055899955,2095892502
2058541348,2058556803
2061607854,2061618890
2063511505,2063515811
2063862092,2063865901
2063946196,2063958290
2065378095,2065402948
2066308695,2066320301
2068802328,2068813446
2093516038,2093533103
2093575239,2093589130
2093832508,2093849389
2094005115,2094011206
2094244160,2094248356
2094373824,2094379643
2094392245,2094400935
2095714509,2095718364
2096141990,2096160512
2097131283,2097136104
2097834603,2097840853
2098632940,2098641122
2099405182,2099413925
2099558429,2099574288
2101619746,2101624430
2101855269,2101859943
2103011567,2111625494
2103981413,2111698265
2104159262,2104164170
2107874347,2114824851
2108094659,2108111207
2108230343,2108248030
2108463534,2108469281
2108647468,2108665559
2108830629,2108845910
2109374033,2109379518
2111292991,2111311372
2111800233,2111805682
2112112276,2112117668
2112686469,2112702679
2112967545,2112972911
2113391706,2113397202
2114581520,2114595207
2115342296,2115353401
2115393782,2115399452
2115422507,2115435981
2115850954,2115865336
2116023224,2116028513
2116522307,2116527105
2116748650,2116753247
2117031400,2120818531
2117180938,2120849982
2117935620,2117949402
2118476866,2118481804
2118482736,2123805411
2118605584,2118610519
2119073701,2119086807
2119242937,2119254423
2119694556,2119699110
2119835014,2119849748
2120347505,2120357447
2120717933,2123832281
2120782967,2120809791
2121157916,2121172068
2121647769,2121652997
2122470495,2122516886
2122658804,2122664257
2123529065,2123533154
2124212713,2124222228
2124427021,2124433359
2125269940,2129838110
2125462823,2125477005
2127110203,2127125117
2127628269,2127649123
2127757997,2127762921
2128518512,2128523303
2129637485,2129641524
2130126840,2130141787
2130279643,2130284751
2130463820,2130481827
2130561928,2130577136
2130676311,2130691094
2131006254,2131013511
2131322724,2131337922
2131356427,2131368548
2131600908,2131617144
2132696846,2132710533
2132896561,2132911839
2133306710,2133328803
2133312272,2133317314
2133419268,2133433046
2135958086,2135979588
2136348677,2136363347
2137126375,2137130715
2137324099,2137339828
2137886910,2137895924
2138716138,2138731232
2138747415,2138761971
2139276757,2139283188
2140044606,2140059222
2141621837,2141626921
2142320154,2142324952
2142635151,2142646176
2146581897,2146595945
2147194664,2147199873
2147345429,2147356939
2147882943,2147890036
2147909115,2147934413
2147952834,2147966726
2148518021,2148522414
2148924411,2148928864
2152094799,2152117704
2153469361,2156803337
2154966935,2154972428
2155206107,2155217603
2157430266,2157445872
2158338994,2158344366
2159833143,2159837771
2160896879,2160901719
2161000410,2161014956
2161243273,2161260004
2162846486,2168709327
2163298099,2163321909
2163417663,2163422514
2163521177,2163536238
2163660800,2163666416
2164064641,2164078496
2165410598,2165423003
2165841618,2165866177
2165897381,2165915316
2166063006,2166077993
2166365424,2166370980
2166393360,2166398672
2166979177,2167010775
2167132471,2167136904
2167931580,2167936424
2168096329,2168120243
2168580569,2168594390
2168916312,2168928657
2169156516,2169161050
2169701848,2169715405
2169970613,2169980168
2170593690,2170616631
2171172394,2171188597
2172506017,2172520416
2172599819,2172613905
2174015708,2174030398
2174138894,2174152585
2175015592,2175020754
2175375654,2175381003
2175449809,2175454727
2175636729,2175640975
2176185832,2176199924
2176405723,2176419494
2176580195,2176584845
2177245625,2177258825
2177360926,2177365623
2177647361,2177656344
2178332275,2178345914
2178875024,2178879822
2179085574,2179112602
2179708164,2179722025
2180536422,2180542299
2180654089,2180658612
2180922530,2180927431
2180969817,2227471441
2180976091,2180992101
2181061120,2181066930
2181159784,2181164882
2181176909,2181182923
2181222796,2181227617
2181420873,2181434674
2181567383,2181581923
2181628970,2181633283
2182088877,2182110219
2182610564,2182624928
2182668246,2182680445
2183160938,2183175107
2183257477,2183261409
2184369229,2184380692
2184554864,2184559648
2185892850,2234656917
2185930304,2185937360
2187611114,2187613944
2228483646,2228487859
2229195889,2229201562
2234864414,2234870537
2234956499,2245532364
2235916713,2235934810
2235997158,2236001812
2236148377,2236153375
2236676560,2236691604
2237970780,2237985784
2240777428,2240782750
2243193084,2243208269
2245225362,2245237577
2245303800,2245315156
2245512342,2245554331
2246521424,2246526696
2246576812,2246581907
2246965920,2246971469
2248166341,2248172164
2249400466,2249416335
2250904478,2250909382
2251748395,2251753169
2252692903,2252705469
2252953948,2252962888
2253048849,2253056687
2253482812,2253496450
2253664460,2253669034
2254055405,2254068899
2255885435,2255901916
2256028068,2256044495
2256383550,2256397558
2256725290,2256738734
2257012267,2257016894
2257194890,2257199668
2259051875,2259056846
2259897055,2259911077
2259986718,2267525637
2260690334,2260695570
2262945744,2262967036
2264916132,2264921077
2265106630,2265117973
2265152781,2265168317
2265154485,2265168748
2265624469,2265638194
2265972638,2265986984
2266479656,2266484373
2266808437,2266819308
2267888739,2267892759
2268178168,2268191752
2268304898,2268313361
2268345106,2273560414
2268875049,2268879088
2271109612,2271118065
2272577592,2272586152
2273517775,2273544619
2274252588,2274266744
2274706479,2274711344
2276400809,2276415432
2276811058,2276815097
2277197346,2277202738
2277523628,2282555257
2277820530,2277825301
2278398880,2278402869
2279030162,2279044899
2279390932,2282538656
2279590955,2279595970
2279972643,2279977370
2280074657,2280080828
2280179197,2280195314
2281008194,2281015023
2281850976,2281874466
2282666876,2282682956
2282960418,2282965820
2283019949,2283024583
2283538119,2283552171
2283559471,2283563777
2283677708,2283691172
2284094128,2284106907
2284423632,2284427644
2286371741,2286376071
2287015770,2287028552
2287952430,2287965734
2288877107,2288884140
2289821045,2294479515
2290023734,2290031778
2290184681,2290189198
2290521891,2290526716
2290818299,2290822723
2291524293,2291528039
2291853580,2291862661
2291908357,2291912640
2291924257,2291937797
2292094639,2292117481
2292242534,2292255697
2293165140,2293169710
2294884726,2294890088
2294963177,2294976534
2296475435,2296480964
2296704112,2296716470
2297235519,2297249801
2297624613,2297638722
2297901273,2297915569
2298029142,2298034388
2298455371,2298463994
2299246566,2299250585
2299433175,2299440585
2300665846,2300674258
2300858155,2300862872
2303122177,2303126262
2304476534,2304490455
2304589727,2304598166
2304645196,2304657423
2305054462,2305058647
2305220192,2305224507
2305254988,2305267662
2305444211,2305449019
2306191159,2306195345
2306607564,2306612723
2308692018,2308695952
2309639186,2309667166
2311727221,2311732142
2311775530,2311787537
2312383927,2312420276
2313165560,2318441095
2313469021,2313482692
2313545204,2313560181
2315093192,2315111537
2315375985,2315431050
2317189391,2317199945
2317928585,2317933199
2317929701,2369176850
2318238518,2318247965
2318746847,2318763689
2318794843,2318808183
2318847596,2318856710
2318928916,2318933707
2319156325,2319160892
2319178899,2319183710
2319362067,2319376784
2320610982,2320615756
2321578041,2321583343
2321817330,2321830232
2322079968,2322094390
2322097467,2322110564
2323356535,2323361225
2369384957,2369390253
2373321347,2373326833
2373418647,2373422730
2373440717,2384125265
2374041046,2374055479
2375816359,2375826566
2376342347,2376355710
2377990859,2377996088
2378859837,2378876895
2378869853,2378878399
2381184687,2381199317
2384267083,2384272572
2384645249,2384651246
2384855151,2384868715
2385222463,2385227895
2385980700,2385985795
2386266056,2386279349
2387228442,2387248113
2387489145,2387503949
2387494394,2387499275
2387640237,2387669838
2387843050,2387857015
2387923191,2387928005
2388612385,2388628635
2388847955,2388862608
2389106186,2389111131
2390571477,2390575974
2390736424,2390740777
2391485096,2391489850
2392109262,2392121360
2392362095,2396222770
2392395838,2392409252
2392576664,2392581208
2392842797,2392847531
2393226495,2393266807
2393377033,2393382225
2393742774,2393763257
2393880105,2393893015
2393956081,2393970710
2394400290,2394405157
2394463139,2394467412
2394491720,2394495940
2394650082,2394664030
2394903683,2394917795
2398822920,2398827367
2399481625,2399503905
2401155495,2405275790
2402587079,2402601883
2403028128,2403036013
2403150351,2403164253
2405028437,2405042095
2405332816,2405337400
2405587743,2405592838
2405869785,2405883734
2405927015,2405933707
2407354494,2407368569
2407968801,2407982830
2408524185,2408528986
2410176486,2410190602
2410863789,2410868587
2411034396,2411038852
2411779900,2411784113
2412547772,2412551942
2414021970,2414035521
2414128314,2414133081
2414300016,2414305452
2414495532,2414508899
2414889264,2414902186
2415366521,2415370827
2415400832,2415405800
2415753728,2415758846
2416621783,2416637382
2416891574,2416896274
2417027114,2417040177
2417108589,2417122420
2418229112,2423271643
2419367523,2419371729
2419456515,2419460454
2419754181,2419757697
2421960668,2421973637
2422781045,2422795425
2423394701,2423433058
2423482824,2429218648
2423616408,2423649125
2425293892,2425298268
2425399207,2425403617
2425760173,2425764105
2427084319,2427088562
2429379475,2429387530
2429628252,2429642307
2429712362,2429716683
2429810060,2429814363
2429909829,2429928819
2429939797,2429947608
2430386415,2430390788
2430464218,2435209308
2431027392,2431031006
2431112994,2431117855
2431598837,2431602859
2431825896,2431829135
2432194609,2432198344
2432850671,2432864342
2435550340,2435554361
2435817332,2435830849
2435825300,2435833268
2436158651,2436163512
2437729803,2437733844
2438193893,2438201213
2438320536,2438325313
2438587881,2438601579
2440339922,2440344793
2441843477,2441847824
2442263955,2442278304
2442270860,2442285477
2442313059,2442325227
2442707098,2447119368
2443179471,2443183864
2444032649,2447124840
2444651260,2444663558
2444791544,2444796021
2445096829,2445131394
2446518204,2446525373
2447001471,2447027229
2447155240,2447173538
2447186533,2447198207
2447736342,2447740909
2448734451,2448748353
2448967118,2448972120
2449147590,2449160854
2449262998,2449276863
2449606626,2449611377
2449799593,2449804167
2449841151,2449854618
2449994488,2449998774
2450317713,2450323135
2450356491,2450364095
2450572764,2450577795
2451179765,2451193158
2451505913,2451519230
2451789248,2451802515
2453177555,2453191176
2453232549,2453238292
2453713702,2453718386
2453975702,2453988524
2455197665,2455201792
2456414828,2456424319
2456606612,2510123396
2501230542,2501234574
2510161025,2510177168
2510341724,2510350761
2510386970,2510399495
2510841556,2510846260
2511261289,2511277289
2512140924,2512145942
2512491752,2512496553
2513269226,2513282255
2514177178,2514190682
2515018914,2515023381
2517655424,2517659803
2519062610,2519076160
2519569364,2519581635
2519871027,2519876409
2520418807,2520432237
2522010571,2522040248
2522905377,2522911020
2523575952,2523580729
2524056680,2524062009
2524442260,2524456268
2525776822,2525827239
2526082394,2526097745
2526669660,2526675503
2529705641,2534982652
2530323540,2530328982
2530485430,2530490144
2531505770,2531516270
2532326171,2532343740
2532365132,2532374042
2532496904,2532501848
2532518119,2532523133
2532548487,2532566000
2533270378,2533285299
2533609152,2533614057
2533987576,2534002930
2534553557,2534559504
2535124787,2535160568
2535806988,2535826195
2536486604,2536501708
2536536113,2536541191
2537425079,2537430524
2538088137,2538097912
2538894532,2538899297
2538938038,2538942835
2539231031,2539245691
2539722557,2539740725
2539891390,2539905538
2540832006,2540847848
2541156481,2541161462
2541298950,2541304586
2541797218,2541802911
2542225605,2542231117
2542233015,2542238581
2543317431,2543331386
2543473517,2543480379
2543696502,2543713253
2544166589,2544180203
2545107453,2545112869
2545579759,2545585029
2546281404,2546310510
2549552791,2549566330
2549665844,2549678302
2549995453,2550000983
2550234752,2550253374
2550821143,2550826285
2551279948,2551291819
2553543383,2553559536
2553968963,2553973303
2553981816,2553997141
2555124430,2555145374
2555506772,2555514533
2555814208,2555829513
2556987602,2556992747
2558052192,2563921281
2558621077,2558626803
2558673632,2558678914
2559091686,2559112984
2559203141,2559208767
2559263404,2559277450
2559806644,2559812441
2560494338,2560499537
2560879483,2560929206
2562408355,2562424769
2562437962,2562442830
2563558750,2563573256
2564025849,2569937740
2564026870,2564047009
2564743432,2564749690
2565108566,2569970911
2565976671,2565981926
2566247320,2566252222
2567790946,2567796408
2568057880,2568072299
2568721776,2568731669
2568756796,2568771018
2568942326,2568955556
2570708445,2570723743
2570830818,2570844980
2570922593,2570938041
2571861205,2575879526
2572331262,2572340002
2572436664,2572442384
2572578559,2572583580
2572700375,2572714149
2574187234,2574200398
2575489219,2575506608
2575780569,2575796281
2575811292,2575816647
2576183698,2576189127
2576407341,2576414083
2576457972,2576471613
2577774166,2577778329
2578553317,2578566600
2582159221,2582164941
2583187686,2583201327
2583372218,2583385431
2583398621,2583404160
2583561005,2583575311
2584225837,2584237697
2585712968,2585725860
2585822512,2585830924
2586332300,2586342920
2586866328,2586871302
2587072455,2587077904
2587326397,2587341939
2589904066,2589916640
2590882388,2590950519
2590937246,2590946002
2591800888,2591805404
2592108204,2592134878
2592198853,2592203641
2592688925,2596881007
2593631418,2596907099
2594729232,2594741288
2594913880,2594919018
2595661693,2595667446
2596941611,2596964346
2597084728,2597107757
2597170980,2597176372
2597214532,2597228855
2597557772,2597562537
2597577126,2597596327
2597648448,2597662861
2598036229,2598041621
2598292553,2598300691
2598614154,2598628420
2598684347,2598690006
2598951104,2598955855
2599925556,2599941077
2600250526,2600262430
2600377709,2606161483
2601046609,2601051780
2601285329,2601291306
2601384784,2601398081
2601661661,2601675827
2602340634,2602345385
2602728681,2602733507
2603151509,2603168590
2603192060,2603206913
2603532937,2603538160
2603551875,2666595039
2603641859,2603645894
2604555527,2604560819
2604977885,2604983235
2605966526,2666569073
2606742248,2606756280
2607193790,2607204861
2607720556,2607733445
2608395063,2608398665
2666720813,2666725650
2668261525,2668276138
2669832572,2669854234
2670218128,2670223737
2671823429,2671838995
2671951990,2671957643
2672037551,2672042512
2673163099,2673178731
2673655875,2673661077
2673805848,2673811287
2674115623,2674131415
2675497278,2675510705
2676817914,2676832187
2680764022,2680769906
2680987097,2680996809
2681403530,2681409357
2681526930,2681534998
2682732289,2682745429
2683071864,2689736377
2686164460,2686177787
2686205072,2686222171
2688090371,2688097380
2689157353,2689166410
2689429342,2689435773
2689772248,2689799891
2690126293,2690130597
2690260177,2690269892
2690287846,2690292947
2690776606,2696724186
2691871869,2691886399
2692276853,2692288596
2692571329,2692585989
2693275808,2693282884
2694658311,2694664482
2695225369,2695231516
2695772758,2695787578
2695781889,2695797641
2696973991,2696989837
2697067179,2697072845
2697634954,2697649110
2697652397,2697657769
2698204163,2698219722
2698828704,2698844556
2698927294,2698932716
2699415018,2699421446
2699575431,2699581568
2700192689,2700206894
2701105502,2701109528
2701330405,2701334538
2701913081,2705677968
2702078756,2702082865
2702715848,2702719794
2703579915,2703594371
2703946929,2703960349
2704331426,2704336792
2705306684,2705312731
2706130657,2706135324
2706208453,2706213411
2707613183,2707617513
2709237822,2709243618
2710140289,2710144879
2710320844,2710325371
2711884601,2711900297
2715927174,2715941270
2733686788,2733689882
2734300144,2734304273
2735228629,2735233504
2735464169,2735477490
2736593663,2736598925
2736768720,2736774082
2736769194,2736780112
2736869401,2736884024
2737509253,2737513409
2737731005,2737736174
2737758157,2737772954
2738054053,2738058280
2739166061,2739181062
2739351518,2739366251
2740598952,2740603496
2740621597,2740626124
2740803017,2740817403
2741181942,2741199970
2742075509,2742081065
2742273590,2742279921
2742278789,2742292563
2742336784,2742352984
2742578371,2742588733
2743062677,2743076772
2743233470,2743243209
2743346359,2743351130
2745027262,2745041604
2745601599,2745607349
2745900248,2745925195
2746262913,2746267553
2746550855,2746555699
2749326790,2749331955
2749659143,2749676652
2749833421,2749838061
2750224012,2750227683
2750472945,2750476654
2750956069,2750959794
2751702643,2751710634
2752344162,2752348452
2753679883,2753684346
2753916769,2753921497
2755040764,2755045829
2755642740,2755656949
2758398480,2758416056
2758448714,2758453565
2758556237,2758560851
2758829853,2758847112
2759317016,2759321810
2759355517,2759369351
2759750879,2759764743
2759885974,2759900564
2761008429,2761014009
2761973110,2761980206
2762270854,2762285006
2762645660,2762650190
2762913940,2762927264
2763270775,2763284797
2763459910,2763492684
2763996618,2764001195
2764004466,2764021501
2764014432,2764019159
2764725799,2764731593
2765474518,2765479202
2765671624,2765684741
2766961030,2766972206
2768555758,2768568871
2768664958,2768677761
2768686577,2768691158
2769520108,2769524448
2770062018,2770068680
2770173915,2770187075
2772028487,2772041804
2772035754,2775482936
2773552905,2773565591
2774003395,2774008069
2774062179,2774065894
2775441385,2775478465
2775629173,2775642069
2776220288,2776235546
2776574537,2776588435
2776732842,2776745638
2776871539,2781463310
2777173032,2777177155
2777735128,2777749447
2778471890,2778485627
2778917713,2778921415
2779150763,2779175235
2779192822,2779218116
2779197806,2779202477
2779630159,2779643773
2779714967,2779718783
2780319693,2780333885
2780782264,2780797104
2781787655,2781791065
2783205454,2783218032
2783421406,2783428890
2783569612,2783583366
2785375845,2785380508
2785541577,2785545883
2785662474,2785674267
2786730889,2786734528
2787105352,2787108780
2789982284,2789994916
2790040015,2790044492
2792094036,2792105819
2796116700,2796120354
2808590176,2808595087
2810373955,2810388581
2811267578,2811279859
2812464538,2812468961
2812579385,2812585595
2812620982,2812635021
2812782264,2812787102
2812863688,2812878031
2812883373,2812898090
2812979237,2812993603
2813149041,2813162228
2813198222,2813204386
2813536097,2813549665
2813605137,2813609223
2813731664,2813744990
2816451398,2816464535
2816578279,2816582692
2816905095,2816909666
2816935882,2816940188
2818076641,2818090556
2823923045,2823938437
2823997554,2824007587
2824173142,2824188667
2824278179,2824283655
2824904047,2824920347
2824946369,2824963274
2825330355,2825343344
2825396411,2825412200
2825554205,2825558655
2825945393,2825956633
2825991402,2825996136
2826820228,2826824555
2826956049,2826960289
2827087146,2827091576
2827156991,2827161658
2828205575,2828211301
2828205737,2828213655
2828568919,2828583180
2829413720,2829417947
2829613142,2829620482
2829915497,2829935599
2830585260,2830599175
2831527874,2831532160
2832106377,2832116884
2832135259,2832148873
2833212007,2833217553
2833392743,2833407904
2834030634,2834035014
2834320871,2834330603
2835630733,2835652924
2836022734,2836027361
2836258575,2836263399
2836349708,2836358712
2838510006,2838520530
2839094486,2839113927
2839336504,2839340329
2839689239,2839694013
2840381858,2840398519
2841353791,2841387063
2841679813,2841693962
2841698594,2841702990
2841893654,2841899023
2841952203,2847348311
2842348901,2842353782
2842522374,2842539326
2843188349,2843206052
2844512694,2844517438
2844553660,2844558113
2845460486,2845465037
2845612627,2845622296
2845710148,2850396586
2847253309,2847257869
2847844247,2847850835
2847884602,2847889115
2850510500,2850534124
2850885279,2850898502
2851850374,2851862882
2852538790,2852543544
2853131612,2853134933
2853440137,2853451423
2853992354,2859283066
2854704126,2854708245
2855048275,2855060329
2855763447,2855777426
2856942243,2856946747
2857448222,2857453594
2857714365,2857718537
2858447236,2858460348
2858846959,2858851065
2858997400,2859004008
2859697284,2859701470
2860494229,2860498585
2860712784,2860717123
2860998654,2861008450
2861069371,2861073928
2861732810,2861746036
2863556659,2863560909
2866743308,2866747133
2869372534,2869377144
2870213608,2870225164
2874360321,2874369632
2878348577,2878360120
2894928327,2894943792
2894979105,2894983204
2895162106,2895175085
2895187199,2895192214
2896217399,2896228951
2898147966,2898151154
2901103335,2901115118
2901130583,2901139543
2901422073,2913032404
2901628662,2901632513
2901949691,2901961454
2901955334,2901960235
2902556538,2902561185
2902748169,2902763550
2903829667,2903837325
2903906525,2903911055
2904087307,2904091868
2904527748,2904542000
2904658274,2904671784
2904772512,2904785254
2906642276,2906654510
2908280896,2913035341
2910068299,2910072339
2914000750,2914021828
2914139173,2914144268
2914578525,2914583299
2916178026,2916183008
2916613673,2916627033
2918053022,2918067875
2918202871,2918216752
2919062938,2919066743
2919798487,2919802867
2921234555,2921249045
2921600818,2921605572
2922256532,2922265255
2922281753,2922295160
2922415075,2922419297
2924093902,2924107811
2924136342,2924152365
2924339298,2924343939
2924679896,2924696630
2925143011,2925148169
2925303925,2925309184
2925914952,2925927975
2925930781,2925936237
2927078550,2927093377
2927971746,2927979734
2929557359,2929576593
2929596815,2935214405
2929738924,2929744861
2930236961,2930242607
2933182768,2933188765
2933291694,2933297618
2934575565,2934590265
2934722584,2934727793
2935552744,2935558751
2935653378,2935670788
2935714113,2935735935
2935817921,2935823961
2936189065,2936204844
2936288740,2936293895
2936336475,2936341309
2937079501,2937093857
2938500852,2938506605
2938791764,2938813554
2939271728,2939287547
2940391409,2940406049
2940393314,2940409577
2941005520,2941010708
2941752154,2941767666
2941752869,2941758628
2942274426,2942279287
2942461059,2942465850
2942734759,2942750167
2943071200,2943076586
2943459970,2943473244
2943589888,2943594201
2944778990,2944783470
2945131044,2945135117
2945754045,2945758582
2946005818,2946021480
2946433149,2946447248
2946525488,2946530215
2946803995,2946820179
2946866250,2946871488
2947030956,2947036141
2947121183,2947136859
2947953622,2947964947
2948166006,2948179035
2948433300,2948447154
2948594267,2948599083
2948835655,2953186349
2950352350,2950356986
2950491066,2950505129
2951720126,2951732627
2951767894,2951772899
2951907761,2951913046
2952347014,2952358609
2952699019,2952703837
2953107056,2953120981
2953195714,2960342666
2953402666,2953417656
2953402982,2953418648
2954245584,2954250793
2954972139,2954975788
2956514755,2956528096
2956526038,2956531026
2956750726,2956768884
2956868249,2956872735
2956996981,2957005273
2957718985,2957726776
2957951806,2957965096
2958340773,2958354140
2958981840,2958992191
2959614758,2959622889
2960338032,2960342676
2960527160,2967129626
2961261036,2961267620
2961264242,2961281261
2963326502,2967152488
2963450913,2963464046
2964287538,2970086410
2964939822,2964943977
2966339554,2966343637
2970599065,2970612549
2970785727,2970799435
2970913684,2970927288
2971030274,2971035784
2971395885,2971403970
2971915161,2971921409
2973118430,2973135257
2973983174,2973987517
2974283293,2974297017
2975308087,2975321484
2976096054,2976123520
2976327448,2976332937
2976710890,2976726294
2977149255,2977164400
2977810526,2977815494
2979030577,3024048142
2979082389,2979095783
2981677298,3024044410
3016974661,3016981266
3018669578,3018672251
3022349032,3022350929
3024191628,3024211186
3024256978,3024263407
3024401082,3024408928
3025181848,3025190771
3025905454,3025914995
3026207969,3026213939
3026667120,3026670800
3026735551,3026744319
3027291349,3035819521
3027671472,3027675666
3028695531,3028699034
3029751918,3029758291
3030874577,3030877869
3030878615,3030887906
3032586348,3032588971
3035796406,3035809767
3036453681,3036469109
3036456082,3042960517
3036963554,3042956288
3036974256,3036978509
3037345183,3037362629
3038656595,3038671298
3039496420,3039509743
3040025475,3040030576
3040161536,3040164764
3040928162,3040932956
3041335497,3045906166
3044119143,3044127105
3045582951,3045596786
3045763306,3045767876
3045860249,3045862993
3046428462,3046441114
3046717449,3046725289
3047706579,3047715453
3048207166,3048212050
3049161092,3055891361
3049549295,3049564125
3050028326,3050042040
3050462783,3050479097
3050501861,3050515796
3050505977,3050510541
3050867032,3050872113
3051243778,3051247643
3051452400,3051465583
3051614160,3051618526
3051772438,3051786647
3051854771,3051859101
3052325297,3052330138
3052859493,3052863428
3053405185,3053420126
3053420727,3053430365
3053827114,3053845445
3054898326,3054909103
3056094601,3056126761
3056823909,3056827694
3057308874,3057313374
3057848934,3057851819
3057908789,3057913663
3057956196,3057960035
3058195491,3058212727
3058207385,3058215389
3058376254,3058388799
3058580690,3058593055
3059137935,3064885659
3059191566,3059212080
3059585391,3059594081
3060179697,3060183353
3060838916,3060843426
3063015361,3063028965
3063074775,3063079396
3065097488,3065120968
3065839712,3065854456
3065906554,3065911765
3066110776,3066128530
3067372112,3067385405
3067835234,3067839387
3068463343,3068467292
3069117938,3069128241
3069305823,3069318549
3069834587,3069837911
3069864792,3069876235
3070334269,3070338876
3070788651,3070793555
3071220261,3071234002
3071420040,3071424905
3073003288,3073016732
3075473408,3075486481
3075512370,3075525777
3075548358,3075555541
3075576859,3075589995
3077400722,3077413587
3080260256,3080270817
3080472249,3080485002
3080849687,3080889551
3081159245,3081174276
3082036491,3082041245
3083599828,3083612713
3084368952,3084373614
3084517552,3084525376
3084732442,3084736865
3085830518,3085841263
3087598578,3087603483
3088232166,3088237247
3088345028,3088349742
3088832499,3092819289
3088897413,3088901139
3089793240,3089840247
3090456509,3090459014
3091179539,3091183018
3091438329,3091442448
3091522576,3091535088
3092037134,3092047247
3092144931,3092150792
3093268489,3093282167
3093399639,3093413775
3093450331,3093454296
3093527504,3093533121
3093709878,3093714409
3095005406,3095008977
3097705876,3097717846
3098994748,3098998860
3140788399,3140801866
3141193159,3141206910
3141461847,3150226585
3143019654,3143025247
3144116815,3144131485
3144285063,3144290157
3144993614,3144998622
3145290365,3145299974
3147597820,3147611214
3149237559,3149241227
3152549247,3152553898
3152563289,3152578871
3153258450,3153272595
3154779320,3154803839
3154957791,3154980706
3155267559,3155280755
3155547265,3155554261
3156131575,3160754800
3157406609,3157411343
3157501941,3157515071
3158086956,3158108922
3158312202,3158316616
3160912263,3160920615
3161222702,3161232969
3161675838,3161690054
3161815224,3161829927
3162248077,3162253159
3162834441,3162839175
3163086993,3163091260
3163878064,3163888729
3164168512,3164173503
3164478938,3164490541
3164612170,3169735614
3165875691,3165890120
3166822234,3166842232
3167049184,3167069036
3167530190,3167540691
3168145984,3168150989
3168310377,3172706637
3168435770,3168446785
3168803343,3168818905
3170109193,3170127000
3172749320,3172760355
3173156382,3173171516
3173181238,3173196199
3173926138,3173941079
3173986488,3174001836
3174063543,3174076652
3174447495,3174463271
3174463077,3174468222
3174678679,3178690623
3175066644,3175080395
3175557930,3175574985
3175850809,3175856208
3175899991,3175918018
3176332477,3176351446
3178294252,3181700795
3179156514,3179183786
3179205549,3179220542
3179452942,3179467869
3179566399,3179590647
3179592428,3179596911
3179682265,3179686735
3180527231,3180542716
3181095815,3181108383
3181329143,3184704288
3181362098,3181366909
3181755976,3181769106
3181892265,3181917846
3182713414,3182730282
3182781224,3182804594
3183208051,3183221738
3183659516,3183664247
3184929255,3184935278
3185501236,3185518739
3185877946,3185883204
3186495504,3186500703
3188549448,3188561415
3188875737,3188889194
3188915273,3188920605
3189069128,3189074620
3189860750,3189878070
3191622957,3191628570
3192561602,3192571227
3192615204,3192622804
3193055982,3193071624
3193826149,3198665429
3195005332,3195010908
3195655237,3195686745
3195868165,3195882508
3195994181,3196011871
3196111510,3196126494
3196328945,3196348430
3196600998,3196617064
3196896457,3196901893
3196977394,3196992337
3197772327,3197778203
3199411234,3199417849
3199489702,3199495221
3201506502,3201519397
3202164030,3202180127
3203211746,3203225985
3203992253,3203997167
3204126554,3204131027
3206420030,3206425045
3206898804,3210635992
3207928242,3207941104
3208731754,3208745976
3208756958,3208765053
3209277329,3209325996
3209728257,3213615528
3211002676,3211008252
3212319985,3212334648
3212553457,3212558215
3212690778,3212695195
3213530790,3213535123
3215502584,3215516770
3215547519,3215560766
3216011199,3216025629
3216402499,3216415685
3216696240,3216707432
3218243925,3218254445
3218602633,3218607301
3219790500,3219795782
3219811978,3219817467
3220269299,3220274597
3220474585,3220490187
3220566041,3220570614
3221206438,3221219623
3221601964,3221616862
3223109879,3223124812
3223557846,3223562617
3224000455,3224004792
3224145527,3224148921
3225806635,3225812962
3226292404,3226303552
3226327849,3226331115
3226920087,3226924634
3227432556,3227449471
3228121646,3228134869
3228205062,3228221506
3228751663,3234536531
3228833271,3228849451
3228873903,3228887267
3229836800,3229849211
3230809458,3230813895
3231611832,3231629966
3232036591,3232040646
3232123457,3232127960
3233681264,3233686783
3233932249,3233936702
3233935754,3233950133
3235326723,3235342930
3235337207,3235341156
3236126868,3236130643
3236159525,3236164036
3241124929,3241136246
3244673841,3244684855
3245321293,3245324632
3288274957,3288283406
3288654035,3288658181
3288806277,3288819901
3288995224,3288999965
3292507113,3292521368
3292701376,3292715361
3292924421,3292929516
3293014120,3293035820
3293737194,3293740712
3293801807,3293816414
3293937728,3293942135
3294477450,3294482378
3296345183,3296349466
3296529560,3296542392
3298873941,3298909806
3300076972,3300081826
3300220039,3300223711
3300863526,3300868240
3301294592,3301308013
3301706732,3301711423
3302539668,3302553329
3304090954,3304095083
3304170564,3304175291
3304306709,3304310497
3304454173,3304457667
3304760206,3304774902
3304949237,3309472792
3305981905,3305986886
3306108839,3306112654
3308502987,3308516801
3308577519,3308582276
3308583903,3308589185
3309122356,3309136468
3309670557,3309689971
3310060229,3310073345
3311423887,3311428484
3311720856,3311731089
3312824037,3312851796
3312900096,3312904967
3312951051,3312966693
3313562699,3313567076
3314249892,3314254492
3314558761,3314571831
3315382500,3315387488
3315997599,3316012172
3316946371,3316959687
3317030057,3317034303
3318529502,3318543356
3318814437,3318829434
3319505618,3319520459
3319674461,3319679285
3319960442,3319973986
3320118032,3320131826
3320841653,3320845843
3321599189,3321612288
3321753441,3321767904
3322061418,3322068458
3322464929,3322469399
3324558526,3324563433
3324624595,3330374163
3325963951,3325978183
3327189743,3327203735
3327342135,3327355194
3327398519,3327458001
3327643541,3327648495
3327871754,3327880070
3327998701,3328002570
3328385213,3328402482
3328998696,3329003390
3329377513,3329382769
3329570063,3329574880
3331090154,3331097144
3331897856,3331912603
3332496616,3332501871
3333424226,3333429585
3333910951,3333916561
3334116092,3334132359
3335016344,3335029243
3335463727,3335467525
3335483017,3335494350
3335534524,3335538810
3335842992,3335857853
3336515749,3336519584
3336703250,3336714940
3337112637,3337117378
3337128576,3337153162
3337644698,3337648213
3338195078,3338209400
3338952175,3338965328
3339013217,3339017654
3339557272,3339571875
3339903920,3339921898
3340008878,3340028255
3340785650,3340798589
3340847573,3340851877
3341537706,3341551481
3342015759,3342019808
3342578249,3342597125
3342810257,3342823835
3343745953,3343762052
3346646607,3346651261
3348312649,3348322692
3348692980,3348698259
3348721154,3348736098
3349160930,3349166078
3349221737,3349239608
3349438438,3349453262
3349751831,3349764586
3350592718,3350597846
3350719325,3350724336
3350919030,3350923764
3351253999,3351259010
3351973575,3351982184
3354257172,3354270866
3355803236,3355807509
3357196473,3357206850
3357467788,3357483370
3357966069,3363333913
3358257035,3358262527
3358305016,3358318458
3359110430,3359114683
3359782789,3359787186
3360402793,3360417052
3360482303,3360496325
3361194299,3361198755
3361206941,3361211498
3361829326,3366341312
3362846379,3366343370
3362915342,3362919735
3363250359,3363263832
3363442342,3363464956
3363453327,3363466259
3363503568,3363507299
3364383002,3364388097
3364628828,3364643188
3364749869,3364754119
3365201468,3365207976
3365732567,3369281676
3366828419,3366832337
3367336770,3367341156
3368020291,3368032976
3368077958,3368082568
3368322485,3368331736
3368967261,3368971855
3368998766,3369011395
3371230870,3371236025
3372217066,3372221496
3373613007,3373626447
3373820092,3373824656
3375532720,3375553554
3375583425,3375597577
3375891990,3375895959
3375991505,3376004892
3376210972,3376214891
3376435648,3376440205
3376490064,3376494097
3376941483,3376988175
3377002561,3377007362
3378364554,3378368411
3378535733,3378554043
3378853044,3378867591
3379396814,3379400803
3380669958,3380683101
3380739873,3384264644
3381357358,3381375158
3381904423,3381908820
3382267903,3382282503
3382419546,3382429368
3383183747,3383188975
3383994312,3384008337
3385146649,3385161883
3385225683,3385230548
3385666728,3446078945
3386072322,3386097467
3386153257,3386167305
3387573068,3387577431
3387613536,3387618207
3388430763,3388444508
3389013286,3389026218
3389074494,3389080765
3389095959,3389120007
3392934855,3392939341
3393539895,3393543740
3394339796,3394352351
3394829775,3394841655
3394983934,3394996192
3446658988,3460141666
3447341494,3447345951
3448050696,3448055113
3454107039,3454111121
3455067336,3467855033
3455454777,3455459524
3455614038,3455618578
3457108044,3457162761
3458195205,3458200781
3458198068,3458215047
3460741414,3460755686
3462639561,3462648729
3463523496,3463536519
3464221583,3464225813
3464758445,3464762518
3468060679,3468084713
3468241077,3468254210
3468957085,3468972881
3469529498,3469543984
3469867654,3469882177
3470796203,3470804167
3470798966,3470808220
3471568030,3471571939
3472148601,3479035284
3472810594,3472815976
3473494475,3473509392
3474710856,3474725904
3474794716,3474803670
3476477823,3476495363
3476746478,3476763457
3477144085,3477157309
3478200397,3478205555
3478459400,3478463623
3480091238,3480096186
3482268755,3482273797
3482627821,3482638078
3482715510,3482723508
3482752343,3489070703
3483310865,3483316414
3483338243,3483370082
3484860874,3484875066
3484876657,3484890855
3485340143,3489116059
3487069020,3487073544
3487843875,3492051027
3488889522,3488900357
3489188012,3489192919
3489213820,3489224791
3490627758,3490631867
3491206589,3491221950
3491285694,3491295881
3495142828,3495162231
3495259508,3495264242
3495703761,3495718020
3495832242,3495836976
3495973244,3495996708
3496244237,3496248712
3497014980,3497020352
3497449188,3497461845
3497615433,3497620467
3497652426,3497666141
3498208112,3498213054
3499173260,3499187071
3499649702,3499662808
3500836142,3500841130
3501245532,3501261498
3502018001,3502032828
3502133339,3502147801
3502624922,3502638947
3503012746,3503017758
3503193442,3503198624
3504003784,3504042020
3504117942,3504132498
3504206596,3504220240
3504570052,3504592994
3504655523,3504664456
3505489247,3505503205
3505630771,3505635084
3506324585,3506337504
3507312570,3507315837
3508002404,3508016466
3508246403,3508252016
3508993531,3509006434
3510061797,3510071606
3510119948,3510135059
3510341971,3510356126
3510383629,3510398212
3510458174,3510462962
3510728810,3510732956
3510759546,3510772750
3511320694,3511326290
3511358606,3511363126
3511460557,3511464813
3511783662,3511790558
3512284476,3512297492
3512603959,3512608396
3513271287,3513279118
3513358538,3513363202
3513817958,3513832354
3514703102,3514707154
3516217842,3516223194
3516239965,3516253927
3521635361,3521649877
3521695334,3521708430
3522039847,3522061386
3523984209,3523988218
3525010413,3525015057
3525185593,3525196935
3528122476,3528142822
3529330100,3529344282
3529532599,3529551845
3530903212,3530907685
3531110708,3531123998
3532142244,3532153085
3533010242,3533014654
3533503172,3533507889
3533804888,3533809128
3533870727,3533885143
3534008820,3534039460
3534358263,3534371118
3535033975,3535047612
3535353835,3535368612
3535858474,3535862953
3536872317,3539922085
3537026927,3537041253
3538577492,3538589768
3539253385,3539266758
3540135101,3540138930
3541007937,3541012494
3541285680,3541298793
3541354819,3541368861
3541442745,3541447025
3542986701,3543009890
3543217900,3543229705
3543280606,3543285504
3543855124,3543860255
3543914986,3543929308
3544373334,3544386878
3544554885,3544559459
3544625795,3544637883
3546694012,3546708357
3546965152,3546969348
3547219802,3547223784
3547259509,3547268395
3548810975,3548822955
3548984187,3548995041
3549138590,3549151816
3549647028,3549659947
3549960300,3549971689
3550048624,3550061940
3551779673,3551793317
3552090550,3552095304
3552381986,3552385699
3552995272,3553009514
3553244460,3553249621
3553430097,3553435111
3554131899,3554136179
3554670037,3618849878
3555105126,3555109466
3556025904,3556037333
3556361108,3556364501
3558573666,3558578637
3559248828,3559253188
3610952865,3610967591
3619436904,3619457591
3620501247,3620514921
3620929159,3620934027
3621175965,3621190013
3622702865,3622707138
3622841897,3622846384
3622867104,3622880935
3622884607,3622889181
3624453055,3624457545
3624459423,3624462783
3625400647,3625415891
3625486749,3625501849
3626063314,3626077680
3626612972,3626627535
3626801268,3626808548
3626861378,3626871464
3627583793,3627588451
3627596672,3627600454
3627617837,3627622394
3628166513,3628171407
3628711166,3628716277
3629450339,3629462744
3630416136,3630420830
3631696004,3631700561
3633981636,3633996730
3634388340,3634394444
3634704950,3634718695
3636140080,3646803513
3636329749,3636335723
3637448145,3637459634
3639800781,3639812825
3640686978,3640700301
3641140912,3641146134
3641435783,3641452364
3641558147,3641573458
3642199863,3642214546
3642320283,3642334174
3642510684,3642523840
3642572594,3642577298
3644584402,3644588197
3649040051,3649055095
3649115775,3649119497
3649174124,3649177722
3649801865,3649806703
3650512504,3650527722
3650774444,3650787036
3652435736,3652449380
3654423002,3654448025
3655643245,3655658011
3656013613,3656019259
3656546623,3656563869
3656702734,3656706896
3657857187,3657865947
3658155299,3658160494
3658218125,3658223126
3658870883,3658878600
3658891843,3658896801
3661257456,3661272286
3661331708,3661345576
3662236657,3662244274
3662408957,3662412896
3663614423,3663629544
3664317278,3664333274
3666276701,3666290178
3668075430,3668080177
3668764460,3673694659
3669322687,3669327127
3670179624,3670194655
3670299893,3670313835
3670391704,3673689217
3670867796,3670884794
3671120882,3671134770
3671838086,3671849816
3672095676,3672133134
3672724623,3672728839
3673083091,3673087982
3674772149,3674777404
3675184793,3675190389
3675249593,3675269382
3675253947,3679718625
3675840966,3675854423
3676107028,3676111575
3676179686,3676194109
3678147662,3678162880
3678234876,3678240482
3680287163,3680302284
3680408838,3680425182
3680826711,3680840382
3682208777,3682212913
3683418406,3683422822
3684944618,3684948630
3685106508,3685119952
3685626669,3685630344
3685961140,3685979294
3687271022,3687275676
3687940648,3706676128
3688030796,3688035139
3688968776,3709664855
3689163347,3689179112
3691434666,3691439564
3691800518,3691814399
3693303765,3693326005
3693854785,3693859038
3693858153,3693878963
3698334077,3698347411
3707658673,3707663431
3708609853,3708623324
3710150024,3710155740
3710864238,3721448051
3712453850,3712467755
3712812141,3712826380
3714639405,3714647286
3718042220,3718057281
3718441741,3718456010
3719096580,3719113726
3721726415,3721750817
3722277650,3722283089
3722718374,3722734100
3722891065,3722908745
3723307278,3723312035
3723396636,3723410982
3723684318,3723718609
3724277063,3724293170
3724599867,3724627991
3725149976,3725169771
3725302966,3725316236
3725311669,3725326469
3725544764,3730560437
3725605785,3725625055
3725968025,3725982809
3726741998,3726755324
3727147770,3727151458
3727819918,3727825671
3727864920,3727870125
3727972637,3727997327
3728882721,3728898156
3729268839,3729284017
3730338130,3730353331
3730646251,3736571654
3731035723,3731044155
3731371336,3731376698
3731731565,3731744775
3731753217,3731758376
3732536504,3736610605
3734592710,3734613797
3734780612,3739557377
3735590940,3735596429
3736487797,3736491041
3736712128,3736725993
3737014333,3737028070
3737719202,3737735726
3737936200,3737940847
3738208015,3738213327
3738979435,3738992832
3739617640,3739631749
3740111291,3740126065
3740810531,3740825214
3741438493,3741442846
3743271056,3743289825
3743622867,3743632446
3745618470,3745630795
3745672920,3745677678
3746709177,3746713951
3746790080,3746804837
3747313271,3747327450
3747375779,3747381202
3747694157,3747697829
3748368029,3748371972
3748538241,3748545331
3749630835,3749639044
3749675917,3749686354
3749945615,3749959209
3750247077,3750262609
3750501069,3750506364
3750867572,3750881647
3751107151,3751121353
3751147135,3755512546
3751761977,3751782641
3752272540,3752289071
3752435392,3752440086
3752758784,3752763057
3753383612,3758491110
3754700357,3754714950
3755231660,3755236397
3755610137,3755624566
3755750692,3755770366
3755882179,3755887675
3756198352,3756213276
3756285840,3756299785
3757186015,3757190488
3757557800,3757562805
3758303585,3761498546
3758464027,3758507110
3758466076,3758510273
3759982861,3759987912
3760964463,3760969100
3761562176,3761567031
3762019468,3762024560
3763476648,3763481168
3764341553,3764355638
3764998671,3765003184
3765030680,3765035153
3765181190,3765199843
3765201198,3765205233
3765291798,3765306835
3765301292,3765320232
3765519720,3765524197
3765677788,3765696480
3765693066,3765707088
3766252803,3766257421
3766338421,3766352466
3767554494,3767559839
3767675745,3767697722
3767696938,3767702198
3767744227,3767761920
3768035770,3768051656
3768400910,3768414879
3768621907,3768627691
3769687779,3769697945
3770522036,3770539152
3770539984,3770553234
3770765247,3770785927
3771146534,3771151485
3771568543,3771581828
3771963527,3771967857
3772070309,3772082459
3773409989,3773423880
3773611518,3773617495
3773831319,3773836437
3775162396,3775177300
3775608864,3775613721
3803564988,3803573317
3803581255,3803592811
3805008704,3805023434
3806721127,3806735289
3806958782,3818272157
3807084159,3807088392
3807285635,3807290229
3807922127,3807937097
3808213864,3808218982
3808410663,3808415383
3808794208,3808808039
3809496682,3809510556
3809595649,3809608715
3814038231,3814043209
3815266856,3815285856
3816004456,3816009017
3816218407,3816232593
3816422550,3816427852
3816597148,3816601682
3818422738,3818428050
3818688597,3818703160
3819855466,3819860246
3821406474,3821411475
3821468037,3821472520
3821599361,3821614164
3821661214,3821674130
3822414914,3822419668
3822734611,3822745947
3823199200,3823213148
3824479101,3824492889
3825077199,3825090255
3825233122,3825243970
3825426459,3825431477
3825580625,3825585767
3827089792,3827113937
3827198785,3827215229
3827391782,3827414190
3828440280,3828444917
3831458841,3831474162
3831971492,3831991781
3832383044,3832398402
3832496096,3832516372
3833223754,3833237505
3833680384,3833695395
3834510180,3834515134
3834590665,3834595685
3835195902,3835204215
3835769952,3835775304
3836300784,3836305017
3836699443,3836713408
3836769331,3836773842
3837043058,3837047555
3837642134,3837661669
3838059192,3838072803
3838293706,3838308831
3838300949,3838306148
3838431599,3838436750
3838610380,3843333501
3838623613,3838641490
3838776670,3838782172
3839195615,3839202678
3839662569,3839667600
3840059050,3840073676
3840070279,3840074999
3840448221,3840462841
3841171021,3841177339
3841321468,3841326035
3843195782,3843210171
3844295753,3844309601
3846448888,3846454537
3846689994,3852254095
3847572241,3847576518
3847729694,3847734308
3847747065,3847753534
3847756889,3847760688
3848376662,3848384874
3848459684,3852291820
3848774461,3848778238
3849012098,3849016568
3849114580,3849132093
3849335928,3849350591
3849788240,3849793386
3849930294,3849935539
3850730018,3850746301
3851376628,3851380718
3851871860,3851885213
3851896933,3851902065
3853136895,3853151497
3853263711,3853268251
3853441978,3858318850
3855754764,3855764490
3855768335,3855774041
3856638084,3856643938
3856663054,3856676598
3858240730,3858255978
3858760523,3858765608
3859143528,3859148136
3859532179,3859539334
3862083624,3862107374
3862544207,3867328897
3865480327,3865484050
3866019115,3866023929
3867522448,3867529638
3871400088,3871413833
3872143073,3872147554
3873005551,3873010024
3873320784,3873329343
3873466640,3873484344
3873512100,3873526720
3873582834,3873605645
3874660671,3874674926
3874975059,3874980184
3876047444,3876060664
3876289104,3876292946
3876783654,3916298953
3877557812,3877561398
3877902043,3877915450
3880970724,3880975205
3881256076,3881268163
3881655231,3881659774
3882323203,3882337592
3883569235,3883580120
3883712528,3919218501
3886955024,3886962738
3887416367,3919197663
3887694572,3887706479
3919508363,3919522593
3919670307,3919675739
3920199589,3920204346
3920215491,3920231805
3920373125,3920388129
3920619503,3920624146
3920873634,3920886308
3921287579,3921292704
3922833957,3922839887
3925587548,3925592449
3927142582,3927156423
3927275954,3927293621
3927644391,3927660501
3927695140,3934161243
3927974395,3927979123
3929283696,3929288955
3931109544,3931118310
3931225306,3931244690
3931565850,3931581245
3931763070,3931777416
3932753696,3932767905
3933855548,3933869660
3934534946,3934550912
3934878815,3934894955
3935069978,3935087701
3935579538,3935593817
3935892637,3935903308
3937106753,3937111898
3937151537,3937162111
3937492747,3937498022
3938339360,3943154813
3938342003,3938358904
3939319703,3939334226
3940530718,3940544717
3940786962,3940794890
3941572447,3941585443
3941722219,3941735289
3942928838,3942933766
3943150373,3943159357
3943232021,3943242174
3943688575,3943708249
3943710501,3943715429
3944035567,3944050060
3944555722,3944560930
3945806320,3945811264
3946163662,3946168864
3946199186,3946204505
3946428973,3946435484
3946860203,3946880960
3948005740,3948010303
3948910381,3948914180
3948948123,3948952640
3949558546,3949563183
3949752869,3949757630
3950245604,3950257792
3950622668,3950627519
3951106834,3951111084
3952317716,3958082619
3952572774,3952582890
3952813839,3952826946
3952999901,3953004852
3953993637,3954007211
3955247493,3955262063
3955416816,3955422035
3955610284,3955626832
3955692357,3955701414
3955936276,3955951988
3956192837,3956210029
3956344280,3956358909
3957244337,3957249573
3957742626,3957746972
3958086467,3958116295
3959490092,3959503840
3959928739,3959942660
3961219752,3961224629
3962012397,3962026098
3962058143,3962071781
3962137517,3962149981
3963234293,3963246684
3964383184,3964397985
3964675603,3964688395
3964949346,3964962032
3965201364,3970057383
3965474475,3970090961
3966032459,3966047556
3966032753,3966050326
3966136825,3966141312
3966257735,3966272920
3967254222,3967258879
3967931642,3967936252
3968436853,3968450764
3969184038,3969188478
3969277813,3969282327
3969631046,3969635881
3970191081,3970197496
3970215052,3970229872
3970508393,3970513915
3970515272,3970533797
3970853478,3970867145
3970921091,3970937304
3971105264,3971110040
3972143766,3972148516
3972225915,3972240635
3972536124,3972541135
3972748886,3972753697
3973575527,3973582637
3973989121,3974009524
3974537262,3974542530
3974664744,3974669444
3974894283,3974908125
3975053741,3975079429
3975268675,3975273449
3975451481,3975463957
3975960688,3975966194
3976459417,3982052604
3976744701,3976748555
3977052672,3977057002
3977601971,3977615080
3978112453,3978118961
3978114551,3978128646
3978888183,3978893114
3979110663,3979124408
3979119577,3979133882
3979157800,3979170930
3979174598,3979187163
3979682481,3979687429
3980027593,3980031461
3980331644,3980354322
3981027203,3981042020
3981387418,3981408416
3981434835,3981445830
3982044292,3982071554
3982745643,3982750341
3983229679,3983234447
3983476639,3983481496
3983488412,3983492802
3983558315,3983561605
3983611463,3983621546
3983827820,3983832043
3984202896,3984207122
3984686809,3984690898
3984895892,3984905687
3985833862,3985846067
3986080995,3986084981
3987031785,3987041584
3987066647,3987070212
3992870408,3992881857
3999376010,3999394509
4022623885,4022636974
4024052209,4024060040
4031125965,4031151235
4031389874,4031396531
4031439174,4042760908
4031532923,4031549163
4031917951,4031921030
4032302545,4032307687
4032383048,4032388386
4032448781,4032453431
4032474745,4032478430
4032779208,4032790119
4032803055,4032812964
4032912991,4032932492
4032918286,4032924173
4032968022,4032980347
4033174404,4033177795
4034173879,4034177761
4034220074,4034224828
4034419562,4034423478
4034923483,4034936269
4037280921,4037294605
4038051028,4038614129
4040719580,4040732028
4042018868,4042023676
4042056082,4042060362
4043190190,4043208101
4043403797,4043409273
4043612473,4043617805
4043909469,4043922669
4044020998,4044031565
4044059752,4044064901
4044536362,4044549852
4045830365,4045843942
4047912449,4047920424
4047944662,4047951424
4048293345,4048303521
4050069813,4050088162
4050395120,4050409242
4051148466,4051167636
4051313576,4051327261
4052548068,4055949506
4053873659,4053880558
4054256720,4054270221
4054628027,4054632180
4054973580,4054981715
4056309104,4056318515
4056760913,4056775239
4056768688,4056773291
4056812547,4056827678
4057258754,4057274169
4057626603,4057640301
4057897437,4057901152
4058024598,4058029011
4058116326,4058122339
4058378753,4058393887
4058492965,4058506566
4058686700,4058691885
4059132633,4059143652
4059151346,4059157035
4059183361,4059202168
4059666041,4059677300
4059766846,4059782912
4059991593,4060003217
4060144858,4060158289
4060219170,4060223233
4060540468,4060544403
4061268155,4064942775
4061872109,4061917188
4062720658,4062735808
4062763745,4062776433
4063147717,4063151952
4063363957,4063367966
4063687870,4063692735
4063919532,4063934024
4064013027,4064025999
4065371670,4065376190
4066173732,4066195401
4067786554,4067791261
4068108937,4068124379
4068222862,4068230188
4069762374,4069767636
4069795479,4069799956
4071029874,4076836488
4071550423,4071566763
4071700472,4071715246
4071711825,4071716702
4072570161,4072575998
4074449921,4074469936
4074621045,4079889788
4074861496,4074874866
4076163421,4079889213
4077587268,4077600103
4077776272,4077790341
4078250777,4078264408
4078366579,4078371052
4078540088,4078553839
4078994694,4079007166
4079008623,4079012434
4080521478,4085884137
4080658618,4080662905
4081201865,4081214741
4081909303,4081913867
4081942258,4081946875
4083341102,4083345181
4083579555,4083583952
4083890944,4083895704
4085891747,4085898820
4086158588,4086177959
4086497408,4086512172
4087663896,4087678172
4088113080,4088127576
4088274773,4088279219
4089129692,4089136788
4089443118,4089447414
4089679056,4089684244
4089759842,4089764005
4090169028,4090173792
4090716682,4094799205
4092304968,4092309769
4092350431,4092367182
4092421876,4092426593
4092687858,4092693474
4092728654,4092739111
4093276571,4093281392
4093375161,4093380510
4094649533,4094654277
4095542117,4095548679
4096393007,4096410664
4096620793,4096625540
4096773692,4096778112
4096861241,4096875941
4100716677,4100730261
4101298494,4101303612
4101304143,4101309502
4101696041,4101710012
4102359029,4102371791
4104295383,4104299709
4105567039,4105580629
4106498230,4106510187
4106536056,4106540262
4106555346,4106569836
4107763736,4107768490
4107889556,4107899375
4108701606,4108706457
4109369508,4109373845
4110411026,4110415403
4111069624,4111074191
4113060518,4113076615
4113419992,4113424559
4113762615,4113799675
4113986665,4113991583
4114357933,4114363285
4114743071,4114761760
4114886703,4114899977
4114932046,4114936837
4115161178,4115174438
4118779721,4118793098
4119252067,4119255909
4119292168,4119305558
4119398001,4119403076
4119831934,4119850539
4120077773,4120082578
4120929666,4120943139
4121283343,4121288415
4121928925,4121939535
4123960237,4123965493
4124906580,4124910723
4127923127,4127927891
4128015863,4128029604
4133468893,4133473911
4168619480,4168635219
4176851713,4176859714
4177106810,4177112944
4178153781,4178159454
4178688491,4178693553
4179322838,4179327729
4181143152,4181148628
4183572750,4183600102
4184389687,4184395637
4184835205,4184849711
4185056072,4185064525
4186528362,4186533724
4187104831,4187108723
4187186913,4187208880
4187963271,4187968931
4189030721,4189045872
4190204643,4190209440
4190486641,4190494743
4192018296,4192031636
4192072442,4192080413
4192321890,4197656294
4194896232,4194916107
4195116791,4195132016
4196421255,4196426163
4196821144,4196825807
4197239424,4197251715
4197284733,4197289377
4197551511,4197556646
4198002127,4203602200
4201525238,4201530937
4201671402,4201686149
4201918752,4201931999
4202113105,4202126863
4202289488,4202292665
4202413372,4206658383
4203998858,4204003696
4204049570,4204064210
4204517887,4204533770
4205055130,4205058855
4205752198,4205766698
4207923962,4212580973
4208615976,4208630652
4210231794,4210243918
4210738966,4210744452
4211236957,4211248406
4211359287,4211374077
4212743905,4212757670
4212798873,4212802979
4212876970,4212881671
4212966803,4212971671
4213543579,4213548594
4215302492,4215306842
4216041572,4216046316
4216570800,4216585119
4217508386,4217521326
4217933405,4217937822
4219089286,4219113313
4219349094,4219363583
4219438577,4219453170
4219570796,4219576425
4220980294,4220985058
4221854276,4221862735
4222511006,4222521607
4223542275,4223548622
4223576723,4223582125
4223668123,4223683311
4223993446,4224007461
4224148861,4224153562
4224980959,4224996407
4225096056,4225117665
4225106590,4225111755
4225273919,4225279371
4225888480,4225892703
4226172924,4226177458
4226251439,4226266068
4226428984,4226436631
4226486037,4226490807
4226536023,4226552146
4226647101,4226652183
4226842898,4226857147
4227391076,4227405705
4227408265,4227420238
4228125141,4228134175
4228172579,4228193416
4228865945,4228879085
4229585184,4229599783
4231143094,4231165011
4231331357,4231346261
4231605428,4231624972
4231730999,4231744763
4232123278,4232136084
4232383459,4232388030
4233035128,4233039080
4233547124,4233554414
4233591027,4233599165
4234214055,4234218362
4234891568,4234896259
4235042390,4235053846
4235208098,4235213215
4235305632,4235320459
4235757078,4235771721
4236895783,4236904115
4236939111,4236953076
4237180220,4237193898
4237773163,4242577594
4239884329,4239894766
4240872416,4240881925
4242404656,4242409714
4242767031,4242772870
4243008038,4243013217
4243108366,4243113751
4243132665,4243146708
4244455085,4244460163
4244677341,4248564827
4244830157,4244843434
4244986769,4248568111
4245063245,4245077825
4245796646,4245809922
4247077964,4247082561
4248917418,4248922035
4249249323,4249264227
4249505146,4249518569
4250210954,4250215224
4250683834,4250688508
4250730300,4254516823
4252545854,4252557344
4253387426,4253404511
4254363325,4254368668
4255896141,4255909345
4256202975,4256207766
4256716002,4256727796
4257599616,4257613972
4258016965,4258022083
4258584092,4258597312
4259248359,4259268672
4260074811,4260078640
4260290636,4260295704
4260671605,4260676653
4260853109,4260858595
4261001445,4261016503
4261561627,4261566742
4262289832,4262294603
4262429342,4262435165
4263396211,4263409478
4263783742,4263815226
4264313160,4264325194
4264503792,4264517436
4266282325,4266286308
4266328590,4266331978
4321248996,4321272810
4321481914,4321506072
4321894454,4321905085
4322030121,4322034191
4324069492,4324084991
4324288094,4324293265
4324979619,4324990334
4325726310,4325788571
4326810231,4326815663
4328824301,4328836375
4328992125,4329006524
4329303072,4329309476
4329706966,4329711988
4330152108,4340315055
4330701217,4330723304
4331120453,4331142978
4331539676,4331555208
4331583535,4331588577
4331841179,4331850199
4334369055,4334373105
4334521293,4334535456
4336021443,4336033932
4336483075,4336701436
4336963767,4336980184
4337140470,4337144790
4337908306,4337912926
4337967206,4337981164
4339034198,4339044171
4340210127,4340214631
4340383176,4340391722
4340616350,4347320199
4341154212,4341159393
4341316212,4341321003
4341447078,4341451645
4341588111,4341603435
4342165097,4342171759
4342261051,4342265862
4343755845,4343769199
4344173805,4344189952
4344379651,4344389604
4344648239,4344664376
4344800725,4344815351
4345363556,4345369198
4345477463,4345488188
4345661761,4345666642
4345753104,4345766922
4346256551,4346261345
4346308756,4346313800
4346677694,4346682542
4348866624,4348871973
4349469292,4349474640
4350524942,4350530304
4350917678,4350938261
4350982658,4350987733
4351208266,4351223113
4351506668,4351515254
4351968002,4351982385
4353384894,4353399033
4353593727,4353608129
4353891511,4353909174
4354473906,4354494727
4354935618,4354940436
4355038956,4355043449
4355057875,4355062863
4355861805,4355874073
4356124477,4356138091
4356947263,4356952188
4358113487,4358126984
4358475827,4358480702
4359796434,4359800774
4360131433,4360145481
4361049087,4361053741
4361154051,4365283528
4361403643,4361417097
4361800578,4361804905
4362442522,4362446762
4362705137,4362710101
4363178154,4363183025
4363403722,4363408178
4364619050,4364643442
4365218020,4365293090
4365879023,4365898363
4366358589,4366363994
4366540654,4366545893
4366926959,4366932378
4368723490,4368728959
4368729584,4368734187
4368858442,4368863002
4369032266,4369046521
4369059935,4369072213
4369455567,4369459737
4372282241,4372291782
4373941514,4373945761
4374274669,4374287742
4374886778,4374890820
4375250468,4375255506
4375881109,4375885927
4377518072,4377522582
4377940235,4377943883
4377958640,4377966153
4378109592,4378116858
4378245873,4378264238
4378853302,4378866539
4380163285,4380177196
4380222830,4380236591
4380469298,4380477713
4380724562,4380729046
4380789509,4380802546
4380978681,4380993027
4381765282,4381770039
4381887068,4381902118
4381929738,4381943766
4383417877,4383422347
4383557156,4383562548
4383797523,4383802234
4383966519,4383971484
4384040447,4384054047
4385473304,4385487192
4385559630,4385568192
4386391032,4392182348
4386412791,4386418959
4386657101,4386665504
4387133323,4387137295
4387669086,4387682322
4389624651,4389636878
4390459026,4390463967
4391809668,4391814124
4392340022,4392356045
4394551105,4394561872
4394647603,4394652424
4395086083,4395090930
4396024481,4396033307
4396873804,4396886479
4397365537,4397378620
4397591425,4397596086
4398303952,4398308061
4399020467,4399033904
4399412488,4399417356
4399457744,4399469688
4399807038,4399820933
4400390553,4400395290
4404920616,4404925531
4405600629,4405615236
4405958854,4405971593
4406379433,4406392155
4406869997,4406874437
4407534558,4407548399
4407881884,4407887490
4408020188,4408024668
4408097827,4408127240
4408958099,4408963483
4409587212,4409599242
4410896863,4410907928
4412434309,4412454765
4412597657,4412611617
4412951182,4412964332
4413135396,4413140317
4413302387,4413307569
4414085176,4414108563
4414975577,4414979319
4415390161,4415395560
4415873358,4415885807
4415989959,4415994316
4416049888,4416062754
4416305737,4416313458
4416337195,4416354962
4416467460,4416472315
4417630594,4417635558
4418167746,4418179447
4418359823,4418368032
4419079518,4419093957
4419087054,4419095359
4419327990,4419333383
4419552890,4419567048
4419670269,4419675751
4420810581,4420823894
4421353420,4421358140
4424069288,4424071921
4424918204,4424923109
4425248729,4425261672
4426587889,4426594122
4477923307,4477940733
4479674856,4479686710
4481427802,4481431844
4481829374,4481833701
4482011523,4482024837
4482116608,4482120684
4482255980,4482260654
4482672353,4482687347
4482747456,4482752428
4482819346,4482832729
4483017311,4483020223
4483303829,4483307635
4483826489,4483832737
4485111115,4485118678
4485357847,4485370816
4485802701,4485810458
4486034893,4486039026
4486364913,4486367779
4486372975,4486385988
4486743203,4486756240
4487486115,4487500107
4488893851,4488896927
4493082109,4493092376
4494506320,4494518368
4494734627,4494738656
4495045301,4495058157
4496116957,4496129161
4501716238,4501720291
4501735321,4507842472
4501767995,4501772185
4502014169,4502027997
4502444176,4502458155
4503410693,4503414740
4503618435,4503622748
4504141977,4504152407
4504845176,4504849543
4505029426,4505033603
4505096766,4505128628
4505725259,4505729755
4507592827,4507605984
4507835206,4507852899
4507966577,4507975250
4508370398,4508374514
4508593924,4508598718
4509654111,4509658922
4509681256,4509685191
4509842040,4509855256
4511330466,4511335364
4514018092,4514035535
4514269755,4514277786
4514572597,4514587180
4515077313,4515086183
4515673924,4515687592
4515967382,4515972330
4517021786,4517026376
4517062304,4522938058
4517369249,4517374097
4517502952,4517518123
4517556787,4517573569
4518543164,4518548095
4519112877,4519118376
4519492600,4519498504
4520635702,4520640730
4520702663,4520717484
4520955082,4520959742
4523144930,4523159266
4523382050,4523395701
4523506802,4523511650
4523933158,4523949521
4524013109,4524017599
4524246340,4524251512
4524392257,4524395795
4524961616,4524966120
4525173182,4525187715
4525336502,4525341597
4525481510,4525498181
4525512410,4525524541
4528669154,4528688665
4529646313,4529659914
4530576469,4530596555
4531361650,4531366709
4532751758,4532764607
4533420195,4533427819
4542156365,4542173975
4542287281,4542309568
4542348406,4542353591
4543036137,4543040316
4543077554,4543082692
4543199998,4543204525
4543228823,4543241739
4543527239,4543531759
4545290872,4545303430
4546898829,4546911759
4549662921,4549667545
4552019099,4552023800
4553285169,4553299976
4554029541,4554045912
4554316464,4554330553
4554427024,4554440578
4554499208,4554515074
4555322816,4555327610
4555889803,4555900384
4556106490,4556112016
4558424499,4558439620
4559413558,4559417714
4559693225,4559707193
4560145225,4560150366
4560179439,4560194857
4560442785,4560455795
4560736136,4560750141
4562191408,4562195824
4562252115,4562267948
4562517747,4562522354
4562990540,4562995157
4563055664,4563060472
4563142090,4563156683
4563497294,4563506549
4564521343,4564536033
4565110170,4565130940
4565486712,4565492823
4566159429,4566164106
4568180541,4568185897
4568764524,4568777410
4568955830,4568970259
4569279383,4573835632
4570643718,4570657476
4571306456,4571322622
4572096357,4572109404
4572155278,4572159848
4572875294,4572879858
4574132641,4574148998
4574365402,4574379791
4575082816,4575095972
4577757074,4577761518
4577943106,4577968460
4577979538,4577994462
4578267353,4578281669
4578922055,4578927511
4580107319,4580121862
4580125654,4580132656
4581008145,4581013073
4581106755,4581121058
4581413577,4581428023
4582797467,4585896490
4584421260,4584435362
4585123099,4585127759
4585323747,4585337889
4586890704,4586895933
4587046856,4591838142
4587791477,4591893087
4587994230,4588010166
4588039679,4588049856
4588189091,4588194012
4589342456,4589356768
4589386519,4589401837
4589409387,4589425621
4589522159,4589526075
4589766041,4589780137
4590033527,4590037920
4590941185,4594882733
4591370634,4591386039
4593160941,4593169628
4593727611,4593746243
4594185110,4594196917
4594698917,4594703871
4594733413,4594737577
4595492868,4595507959
4595976640,4595981651
4596769348,4596775248
4596847348,4600817440
4597221148,4597243311
4597432109,4597442856
4598632562,4598643614
4598642670,4598655405
4599238358,4599242578
4599472458,4599478876
4600652527,4600656914
4601050565,4601064546
4601642936,4606831504
4601726191,4601730581
4601851602,4601859573
4602920930,4602933476
4603214598,4603238716
4603662445,4603666691
4603669823,4603679897
4604755801,4604760642
4605498205,4605502648
4610110110,4610125816
4610156211,4610174847
4610271743,4615752553
4610971775,4610985840
4611296490,4611301181
4611552767,4615782240
4611768736,4611784822
4612481774,4612486067
4612796874,4612807698
4613042871,4613047865
4613708535,4618799830
4614851576,4614856247
4615585471,4615590546
4615798730,4621769606
4616190584,4616205495
4616372246,4616377707
4616442117,4616456874
4617401767,4617409220
4617915634,4617936107
4621432540,4621442890
4621560645,4621565364
4621602775,4621607249
4621884065,4621891165
4622232554,4622247876
4622344023,4622348296
4623269011,4623279856
4623513572,4627775211
4624050166,4624063737
4624180241,4624185075
4626150338,4626153799
4626971330,4626984557
4627287566,4627300329
4627840171,4627848159
4628219985,4628243078
4628670985,4628676090
4628852660,4633789845
4630531872,4630535941
4631067124,4631085285
4631611293,4631615780
4633247147,4633251513
4634001488,4634027650
4634172993,4634191264
4634229200,4634242831
4634540742,4634555165
4634746882,4634767760
4634947323,4634963172
4635390176,4635394763
4637082037,4637084534
4637161149,4637176246
4637218834,4637228666
4639790184,4639796726
4640838926,4640852710
4640953619,4640958296
4641238701,4641243619
4641518264,4641522119
4642232755,4642237071
4642509568,4642514356
4644760605,4644765740
4644843058,4644847512
4644871643,4644875799
4645253992,4645257607
4646080266,4646094041
4648973603,4648976763
4649022491,4649027830
4649542278,4649547914
4649584808,4649589432
4650696742,4650704523
4651556188,4651570327
4652167866,4652173750
4652308649,4657691643
4652672833,4652685582
4652760776,4652775669
4653828353,4653832295
4654004064,4654008601
4654108243,4654121229
4654261283,4654264297
4654875991,4654880371
4655345104,4655349410
4655495878,4655500462
4655985844,4655999562
4656243057,4656257042
4656244380,4656251168
4656309003,4656313563
4656635592,4656645852
4658331422,4658340402
4658572324,4658575969
4658755021,4658759828
4659270618,4659275309
4660518614,4660529329
4661356540,4661363978
4664260733,4664265751
4665980891,4665994783
4667109052,4720636942
4721166885,4721171753
4721675861,4721680608
4722583459,4722587839
4723146063,4723159403
4723199481,4723217889
4723325236,4723338796
4724154533,4724169069
4724224939,4724233292
4725246118,4725260982
4725274466,4725287445
4725938479,4725943704
4726395638,4726408747
4726562769,4729567960
4726608987,4726613728
4727927168,4727931238
4728828312,4728842017
4730589824,4730594915
4730993531,4731008492
4731670848,4731675402
4731730203,4731735187
4732416877,4732421598
4734731565,4734735841
4735132673,4735153560
4735661771,4735680213
4737813593,4737826749
4738367838,4738373554
4738560755,4738569167
4738690064,4738709816
4738790204,4738796599
4739026706,4739031384
4739156296,4739161455
4739576334,4739580754
4739658560,4739673571
4740405922,4740410105
4740472169,4740477575
4740494951,4740508993
4740993787,4740998087
4743009267,4743014656
4743629551,4743634536
4743793566,4743803064
4743968358,4743973437
4744680284,4744692675
4745356214,4745361052
4746220063,4746227614
4747623752,4747632782
4748271943,4748277358
4748579576,4748584066
4749148668,4749163334
4750587726,4750597254
4750856220,4750860490
4751073526,4751077926
4751787071,4751792420
4752347320,4752361976
4752700834,4752715654
4753015519,4753019716
4753888686,4753892278
4753990925,4753994092
4754206142,4754209429
4756910662,4756917434
4758388595,4758393306
4769570516,4769592743
4770111905,4770127123
4772490307,4772505204
4772491109,4772513754
4773714352,4773719176
4774003861,4774020458
4774441598,4774455472
4774955358,4774969236
4782146611,4782160358
4782383828,4782388338
4783814500,4783825699
4784430672,4784453016
4784708792,4784714197
4785318245,4785324098
4785355823,4785360147
4785415278,4785436008
4785546779,4785561456
4785690949,4785695209
4786247790,4786252263
4786287593,4786303259
4788515391,4788520793
4789020391,4789024767
4789069706,4789086487
4789236316,4789240740
4790462205,4790478896
4791057643,4791061228
4792238811,4792255866
4792685953,4792692986
4793081008,4793085665
4793155453,4793170614
4793315181,4793319728
4794379281,4794429822
4794420842,4794439447
4794586500,4794591598
4794647441,4794660274
4794746863,4794761456
4794882891,4794896736
4794990488,4794998055
4795296324,4795306794
4795431941,4795441045
4795644325,4800415718
4796452338,4796457236
4796749845,4796758144
4797002423,4797017177
4797490893,4797502081
4797828484,4797833669
4797903233,4797921571
4797934551,4797939485
4798252474,4798258601
4798563147,4798568706
4799696062,4799701297
4799918954,4799923855
4800316965,4800322106
4800798371,4800816482
4800879619,4800893771
4800979555,4800984874
4801217106,4801222762
4801804329,4801812187
4802948002,4802961188
4803380117,4803385355
4803872956,4803878552
4804257437,4804270556
4805615428,4805620199
4806668432,4812418140
4806798744,4812436081
4807815503,4812436111
4808618932,4808622984
4808628066,4808632436
4808951475,4808956299
4809174530,4809189026
4809365940,4809371198
4809868671,4809873165
4811259751,4811265765
4812520492,4812527972
4812576967,4812586051
4812595045,4812608942
4812668972,4812674120
4813044552,4813049513
4813226868,4813241598
4813368830,4813374265
4813783134,4813788306
4813992893,4813997159
4814430450,4814437292
4815307058,4815322904
4816005790,4816020036
4819031437,4824368528
4820695255,4820708859
4821029932,4824382273
4821445373,4821463741
4822996241,4823009725
4823495572,4823500386
4824531153,4824535556
4827909202,4827934876
4828383860,4828400297
4828549523,4828553478
4828773572,4828788195
4830853307,4830858118
4831109304,4831114362
4833456381,4833461867
4833491591,4833495674
4834401765,4839457629
4834461527,4834475960
4834751445,4834755898
4834864256,4834879303
4834877579,4834893144
4835987308,4835991835
4837453354,4837467243
4838153720,4838167248
4838186611,4838191830
4838211448,4838224140
4838416071,4838421286
4838595952,4838609372
4839845416,4839855934
4843132917,4843137738
4844455288,4844459185
4844602558,4844608502
4846141329,4846155842
4848041594,4848045125
4848592138,4848607787
4849453204,4849464863
4849881909,4849893782
4850999763,4851012881
4852011259,4852025341
4852168388,4852204721
4852497337,4852510947
4853238601,4853251564
4853410544,4853423353
4853608765,4853621511
4854004438,4854011777
4854215717,4854221093
4854387249,4854394769
4854709880,4854714009
4854886039,4854901148
4855015816,4855019688
4855045231,4855052221
4855435242,4855439304
4855653433,4855666596
4855957428,4861926543
4855982618,4855999226
4856063474,4856076808
4856267513,4856281251
4857842075,4857846418
4858010212,4858036869
4858165711,4858187968
4858426187,4858445949
4859205007,4859217309
4860581397,4860593441
4861984734,4861991233
4862163849,4862168588
4862659729,4862669729
4863142410,4863146305
4864603395,4864615606
4864885429,4864895999
4865811064,4865814787
4865905332,4865909103
4865999662,4866013192
4866402537,4866407562
4866557237,4866560859
4866639173,4866659546
4866725431,4866733283
4866793790,4866797902
4867026007,4867036990
4867084516,4867096197
4867370061,4932151050
4867498529,4867503420
4867898461,4867903168
4869937404,4869950717
4870204565,4870217719
4871083148,4871097504
4871534744,4871569145
4871819839,4871846246
4873453203,4873456040
4874241078,4874244255
4874809398,4874813204
4879163376,4879175681
4924291688,4924296920
4925051936,4925066075
4925587174,4935200401
4927985672,4927999627
4931178240,4931194571
4932234465,4932256067
4932610724,4932623362
4933147439,4933162009
4933200456,4933216519
4933230945,4933241037
4933470076,4933485384
4934207806,4934212905
4935226473,4935264506
4935480278,4935485706
4936855267,4936869095
4937777338,4937782360
4937872106,4937877017
4938279028,4938284109
4938566362,4938571022
4939352395,4939356233
4939388176,4939393922
4939389539,4939396678
4939424535,4939441263
4939490898,4939496214
4939518701,4939531263
4940182865,4940186971
4940913770,4940928350
4941392668,4941406719
4941415469,4941428809
4941472037,4941490703
4941689837,4941694391
4941970586,4941985907
4942393069,4942407034
4942510625,4942524413
4945074577,4962117763
4947593597,4947597466
4949012570,4949025707
4955818116,4955830564
4957825304,4957839138
4960034913,4960048965
4961583957,4961587515
4962213820,4962233378
4962303573,4962310676
4963249402,4963265154
4963557255,4963561729
4969930542,4969951269
4970388930,4970404532
4970742527,4970756195
4971453163,4971470556
4971681931,4971687216
4972598179,4972627398
4972703267,4972712591
4973112433,4973127912
4973521476,4973536072
4975562330,4980070594
4976936602,4976941576
4977022343,4977046891
4977144208,4977149851
4977669134,4983007527
4978381336,4978386060
4980282865,4980288361
4980941376,4980950914
4981490937,4981495674
4982218317,4982232369
4982645037,4982658270
4982804404,4982808092
4982877132,4982881505
4982967654,4982978826
4983043796,4983058493
4983085771,4983094374
4984520132,4984525458
4985527326,4985531148
4985798540,4985806074
4986375470,4986380554
4987719974,4987732385
4988433205,4988437809
4989448975,4989455196
4989639831,4989644515
4990771229,4990789283
4990797669,4990815950
4990901932,4990913932
4990903241,4990921546
4990920550,4990925144
4991396134,4991410714
4991506571,4991519654
4991550954,4991556200
4992106496,4997990421
4992141669,4992147064
4992459966,4992465004
4992577355,4992581545
4992945813,4992960757
4993751784,4993758727
4993798386,4993802299
4994082289,4994097096
4995263256,4995267994
4995796497,4995800934
4998110777,4998116463
4998126693,4998138580
4998404362,4998435656
4998927533,4998936269
4999805912,4999810729
5000900209,5000914445
5001001729,5001006580
5001786556,5001791725
5001886907,5001900765
5002907625,5006068014
5004901111,5004905932
5005145101,5005149597
5005492086,5005500562
5006464351,5006470064
5006660612,5006672569
5006724507,5006743403
5006751825,5006765646
5007067801,5007072966
5007168325,5007173513
5008002938,5008009222
5008556688,5008561145
5008937628,5008952054
5009141963,5009156186
5009197740,5009203226
5010221027,5010225985
5010304152,5010309286
5010481025,5010484446
5011803994,5011810636
5012389039,5012393262
5012483105,5012487946
5012675040,5012683305
5013060265,5013072359
5013318136,5013322155
5013416301,5013421159
5015160307,5015174783
5015465230,5015479466
5015690965,5015705197
5016918598,5016922991
5018031057,5018248990
5018642561,5018656793
5019013458,5019027372
5019758468,5019763693
5020363147,5020368108
5020866279,5020870833
5021258374,5021270752
5021369115,5021373678
5021511220,5021515736
5022702958,5022717234
5023081535,5023086540
5023576700,5023590828
5023976562,5023981212
5024036512,5024049736
5024179421,5024193389
5024558345,5024564947
5025208110,5025224029
5025955175,5025960063
5026384029,5026388870
5027107517,5027116925
5029041727,5029055829
5029658821,5029662539
5031658989,5031663208
5031841205,5031855010
5032669935,5032682968
5033038159,5033042488
5034740166,5034744275
5034755661,5034766074
5035191934,5035197083
5035341447,5035345382
5035702914,5035706430
5038084104,5038096936
5043273504,5043281081
5045459988,5045463227
5045920724,5045933897
5048030477,5048886833
5049726591,5049739657
5049839242,5049843666
5049992179,5050006294
5053463682,5053468343
5056883636,5056897824
5057537726,5057558290
5058554746,5058568093
5059152970,5059166758
5060338652,5060350408
5060637993,5060644010
5061785147,5061799820
5061887114,5061902626
5062108402,5065874001
5062927984,5062942768
5063077636,5063092911
5063590912,5063595439
5064855599,5064860196
5064874274,5064877705
5065639139,5065654631
5066097938,5066117349
5066963692,5066977039
5067167981,5067172134
5067504437,5067516742
5067778804,5067786221
5068463805,5068468606
5068614406,5068627853
5070318729,5070331687
5070367659,5074867457
5071922954,5071928496
5072015226,5072020251
5072038956,5072045692
5072495403,5072511617
5073180952,5073187500
5074910785,5074919238
5075548466,5075563186
5076573881,5080846034
5077920460,5077936505
5079158122,5079162896
5079625417,5079629710
5080053720,5080062136
5081141720,5081148712
5081303102,5081312102
5081348876,5081365991
5081751662,5081765164
5081765105,5081769588
5081825542,5081831128
5081908757,5081923403
5082304860,5082320248
5083279410,5083294541
5083837744,5083853914
5083958182,5083965056
5084107632,5084115797
5084318509,5084336176
5086109732,5086124532
5086475083,5086478634
5086838124,5086864441
5088513321,5088522271
5088522328,5088526079
5088586015,5088589657
5089309573,5089314665
5089769165,5089773377
5090230488,5090245499
5090803108,5090813211
5091095400,5091115422
5091699405,5091702773
5092094683,5092109224
5092143167,5092157245
5092176602,5092180360
5093921028,5093938892
5094302054,5094306881
5094614737,5094618290
5095534795,5095538427
5096457458,5096471570
5096792443,5096810804
5097349931,5097362400
5098519580,5098533424
5099054942,5099059572
5099283247,5099286815
5099901866,5099919840
5099933481,5099946791
5100300298,5100305627
5100710363,5100714793
5101823694,5101828425
5102300467,5102317095
5103325912,5103331411
5103716774,5103733953
5104173267,5104186785
5104408911,5104423521
5104694798,5104707961
5104773323,5104797644
5104833943,5104849091
5105524143,5105536213
5105770330,5105785625
5106245833,5106260824
5106661885,5110808367
5108059519,5108062971
5109096270,5113765102
5110376808,5110380282
5110800325,5110814651
5111895482,5111900684
5112916457,5112921016
5113987224,5113994711
5114108543,5114119203
5114125030,5114129604
5114284925,5114297433
5114352468,5114367131
5116849645,5116853908
5116860216,5116875484
5117575713,5117589247
5117634944,5117645170
5119010464,5119018141
5120987895,5121006076
5121485255,5121499240
5121793786,5121801544
5121889213,5121906652
5122941445,5122946002
5123529253,5123543017
5123653871,5123660386
5124021056,5124027167
5124333671,5124346500
5124521763,5124526627
5125612476,5125615683
5126199007,5126203588
5126332186,5126343120
5126873860,5126881870
5127832653,5127835887
5128842272,5128854867
5129752667,5129764296
5131369959,5131372808
5132735998,5132748249
5133190661,5133204359
5135843501,5135855251
5186901027,5186906827
5187032505,5187038532
5187345443,5187350779
5187854135,5187859290
5187953787,5187959831
5188391782,5188396760
5188426140,5188441752
5188431880,5188452336
5188736139,5188743793
5189076690,5189091276
5189368243,5189373606
5189399868,5189404756
5189763151,5189770561
5190046095,5190050765
5190271512,5190274692
5190366203,5190370309
5190591343,5190607332
5190666002,5190671648
5190699718,5190715186
5191045474,5191049961
5191126999,5191145284
5191131736,5191153255
5191143339,5191152219
5191706521,5191715271
5192143343,5192162300
5192638418,5192643259
5192858910,5192863918
5192959404,5192973587
5196613611,5196619555
5196636777,5196652399
5196946221,5196951303
5197059905,5208476925
5197802116,5197816077
5198067089,5198072468
5199297184,5199305550
5199789486,5199809397
5201824052,5201827921
5201918610,5201931131
5203033554,5203046313
5203088896,5203093540
5203377676,5203382531
5203495560,5203499820
5203632109,5203645907
5203709681,5203714486
5204194065,5204198351
5204417100,5204431182
5206439947,5206451860
5206730107,5206734684
5208814222,5208818803
5209147313,5209151970
5209304816,5209316954
5209627551,5209632308
5210674177,5210686809
5212331359,5212336434
5215847991,5215869540
5216154662,5216160315
5216725311,5226562457
5217070529,5217075340
5217472493,5217477755
5218799721,5218811708
5218803089,5218806857
5223341956,5223346673
5223443449,5230329406
5223673840,5223688447
5223833208,5223860627
5226313881,5226332754
5226315254,5226331418
5227191395,5227199253
5227805121,5227822293
5228856087,5228870804
5229074829,5229079403
5229181915,5229196685
5229802400,5229809322
5233472015,5233486257
5233957802,5233974085
5234285921,5234299462
5234404667,5234420222
5234451927,5239536239
5234737881,5234743274
5235051956,5235065570
5235340957,5235355724
5235433273,5235438047
5235853384,5235867175
5236660568,5236675579
5236869090,5236873527
5236942079,5236946261
5237010978,5237029246
5237011008,5237022531
5237231845,5237241530
5237538696,5237544309
5238255359,5238260146
5239412372,5239417620
5239655927,5239661289
5240028210,5245485108
5240367855,5240372783
5240435959,5240451221
5241333866,5241348496
5241466880,5241470813
5242554309,5242565725
5243506923,5243511984
5243841547,5243846144
5244735254,5244740071
5244803572,5244818419
5245008172,5245017212
5245532365,5245548231
5245738605,5245750459
5246078261,5246093656
5252583179,5252587593
5253214850,5253229887
5253667458,5253671627
5254881667,5254896952
5255309157,5255320595
5255803364,5255807904
5256342013,5256345739
5256609723,5256626240
5256953741,5256968059
5257258906,5257277856
5258003773,5258008433
5258352085,5258366344
5258525043,5258540207
5258876936,5258882081
5258949374,5258960425
5259244966,5259259389
5260877402,5260892497
5261197053,5261211642
5261732552,5261737834
5261848912,5261863809
5261961500,5261966158
5262056298,5262071409
5262492062,5262502732
5262593304,5262608034
5263206045,5263220304
5263317056,5263330483
5263488708,5263500301
5263751947,5263757617
5264121100,5264135509
5265241371,5265246517
5266022265,5266026614
5266276236,5266294538
5269500209,5269522874
5269847850,5269862646
5270208686,5275442593
5270654519,5270669206
5271068567,5271073241
5271482719,5271486513
5271546643,5271561269
5273117149,5273131037
5273769957,5273778005
5274147425,5274153432
5274170400,5274184021
5274443248,5274447855
5275602823,5275616250
5276608589,5276621227
5277165385,5277170202
5277479536,5277484343
5277590043,5277604662
5277772713,5277787393
5278192326,5278196295
5278391982,5278468672
5278521215,5278540692
5279108798,5279113525
5279122517,5279132790
5279575258,5279580155
5280048345,5280064385
5280052298,5280067074
5280123195,5280127665
5280280061,5280294274
5280544360,5280556576
5280723537,5280727414
5280957744,5280971007
5282755762,5282760580
5284229988,5284239254
5285200221,5285203965
5285292362,5285306718
5285358780,5285366292
5285604662,5285626833
5285710863,5285724704
5286685005,5286690548
5287228128,5287241679
5287257354,5287271179
5287642580,5287647398
5287813956,5287817616
5288955242,5288960517
5288977292,5288982390
5289894011,5289905049
5290107891,5290119786
5290324158,5290360367
5290840020,5290844840
5291596088,5291611065
5291968702,5291983722
5293421120,5293434293
5293702118,5293706226
5294601252,5294632012
5296284992,5299377500
5296447249,5296472178
5296650703,5296659957
5297529983,5297535155
5298059456,5298072275
5299887578,5299902853
5300050768,5300065491
5300243461,5300254411
5300289889,5300301141
5300525238,5300529271
5301315725,5301320118
5301788385,5305393672
5301858879,5301863289
5303846833,5303859936
5304978572,5304991441
5305118088,5305128153
5305396575,5305421074
5305710893,5305716366
5305861170,5305866489
5305923344,5305935829
5306109325,5306123845
5306226887,5306236705
5306775310,5306788386
5307085171,5311334603
5308919705,5308935538
5308973615,5308984246
5309508288,5309519067
5309845612,5309853446
5310145407,5310159252
5310274977,5310287606
5312318825,5312333274
5312906405,5312910955
5313123660,5313128177
5313957849,5313962717
5314485540,5314489980
5314686960,5314705779
5314712444,5314716968
5315516538,5315521770
5315744017,5315748457
5315791908,5315805265
5315898022,5315902368
5316165304,5316176025
5316201362,5316214549
5316647542,5316660822
5316657548,5377279182
5317696070,5317709280
5324331136,5324335649
5328104449,5328108034
5368588278,5368593092
5370663858,5370669447
5373947115,5373957124
5374363875,5374374031
5376816164,5376820841
5377425123,5377433562
5377531383,5377541373
5377638255,5377643387
5377709684,5377714074
5378092006,5378118566
5378270560,5378287622
5378447104,5378451640
5378908829,5378962270
5379220926,5379226388
5379262914,5379278038
5379475819,5379490296
5380795153,5380800011
5381404807,5381418321
5381898017,5381911735
5381973528,5381986912
5383307325,5383312677
5383309028,5383317868
5383789840,5383793559
5383996328,5397017831
5384321494,5384336351
5384898768,5384914206
5384946199,5384951283
5385054260,5385059037
5386448600,5386462131
5386567082,5386584986
5386844590,5386848987
5387245585,5387250596
5387409706,5387413883
5388328754,5388333976
5390658075,5390670446
5392172266,5392175798
5398357621,5398371526
5398682650,5398697544
5399144005,5399148652
5399226214,5399239043
5400614140,5400629645
5403450442,5403463515
5404763605,5404768500
5404965639,5404989991
5406529858,5406534515
5407673748,5407688641
5410561279,5410575605
5411062310,5411077511
5412529589,5412534443
5412792852,5412796817
5412864891,5412870060
5413435841,5413450908
5413731440,5413736101
5413819212,5413824190
5414705205,5414713524
5415246657,5415256690
5415813822,5415827797
5416962930,5416976300
5418997660,5419002318
5419898697,5419912602
5420562771,5420578576
5420799403,5420806305
5421338794,5421342874
5421950823,5421957632
5423520688,5423533968
5423897351,5423910500
5424183562,5430112760
5424550910,5424564728
5424964470,5424969208
5425440839,5425453431
5425883097,5425887697
5426457314,5426474870
5427484369,5427489063
5427716184,5427731261
5427852329,5427856986
5428542341,5428547486
5428612450,5428620181
5428726608,5428740186
5429643508,5429657479
5429713205,5429730598
5429839408,5429854749
5430375285,5430390772
5430420811,5430425866
5430626106,5430640609
5431477968,5431482608
5432740543,5432745681
5432939574,5432955246
5434565589,5434570273
5435557137,5435561677
5435892817,5435908456
5436363850,5436380374
5436616579,5436630885
5437012355,5437026360
5437209752,5437214496
5438106439,5438120985
5438582534,5438596419
5439710962,5439715626
5439744966,5445127413
5441317319,5441331615
5441725807,5441730291
5442473821,5442481849
5442671796,5442686289
5443352945,5443357776
5443596470,5443600733
5446214865,5451096237
5446616431,5446629868
5447154379,5447158732
5447330411,5447344813
5448936186,5448941021
5451349450,5451354415
5451660976,5451665516
5452589779,5452597286
5453605836,5453610052
5454153118,5454167541
5454378479,5454392981
5454406308,5454411356
5458149577,5458154445
5459672151,5463067888
5459736032,5459749152
5460190605,5460204065
5461177991,5461194204
5461543459,5461547924
5462203980,5462217745
5462580306,5462584975
5463222864,5463236772
5463507298,5463517928
5466737956,5466741771
5467052134,5467056337
5469146887,5469151988
5469606735,5469611278
5469830916,5475033151
5470182321,5470185622
5470602458,5470606859
5471162721,5471174588
5472562631,5472568167
5472600553,5478012143
5472697897,5472702414
5473578721,5473593197
5473791216,5473795836
5474615305,5474619648
5474811773,5474816845
5474920860,5474934374
5474952144,5474967155
5475202872,5475223586
5475217575,5475231169
5475779498,5475787172
5475854133,5475861560
5475863965,5475870751
5476019782,5476032778
5477193165,5477202132
5478140627,5478153987
5478561132,5478568108
5478631772,5478636383
5478707644,5478712375
5478753097,5478765979
5479106163,5484012839
5480255013,5480259727
5481201514,5481219181
5481447675,5481461075
5481795111,5481800159
5482616999,5482631568
5482686743,5482691521
5483563768,5483568201
5484079928,5484083987
5484174448,5484179787
5484851767,5484864092
5485402866,5485410470
5485591367,5490039271
5487067209,5487073885
5487210138,5487222520
5490240974,5490254568
5490354962,5490360144
5490377450,5490386293
5490506148,5490521790
5491389561,5491393537
5491704321,5491717768
5494106039,5494124363
5496063811,5496085564
5496314670,5496327837
5498317247,5498340640
5498434729,5561900450
5498712028,5498715747
5498831792,5498844728
5499753786,5499758971
5501110190,5501114333
5502227410,5502240767
5555517160,5555530294
5555943830,5555948587
5563221247,5563226212
5564225979,5564232043
5565216298,5565223110
5565550945,5565563263
5566873129,5566878454
5566989392,5570866380
5568344267,5568358880
5569081025,5569096927
5569454236,5569459515
5569582534,5569596028
5570575722,5570580483
5571054810,5571091403
5571373940,5571393123
5573293857,5583873230
5574408103,5574421216
5575458444,5575471440
5575811728,5575815870
5581957286,5581961592
5582167839,5587824106
5582263101,5582267505
5582514701,5582519081
5584619463,5584624317
5584705728,5584717108
5584730003,5584744232
5584763399,5584777745
5585000436,5585008671
5585010976,5585019015
5585934440,5585939616
5586279408,5586302691
5586279699,5586298558
5586331326,5586344228
5586511617,5586522495
5587143531,5587148439
5588436776,5588452472
5590438579,5590464050
5592791887,5592805732
5592897877,5592902561
5595029884,5595038413
5595608053,5600773793
5595650904,5595664855
5595687116,5595692190
5596648582,5596652628
5598029723,5598044921
5598428442,5598441816
5598888030,5603821687
5599425824,5599440718
5600690220,5603822673
5602042124,5602047617
5602146163,5602150810
5602947297,5602951914
5604155543,5604165759
5604562788,5604576797
5604675744,5604691396
5605809922,5605814339
5606398110,5606402510
5607231725,5607238423
5607361883,5607380481
5607743460,5607748264
5607943439,5607957598
5608160464,5608168412
5609002116,5609008130
5611743580,5611757983
5612594099,5612598599
5612948879,5612953566
5613481883,5613501126
5613914425,5613918484
5613938937,5613953731
5614819538,5614834041
5615087164,5615092035
5615253781,5615257717
5615309855,5615324324
5615313326,5615327311
5615677337,5615689514
5615773535,5615815483
5616059756,5616065466
5616382667,5616397781
5616525197,5616537702
5616923736,5616936688
5620611345,5620624314
5621255784,5621270457
5621870960,5621889883
5622432966,5622440998
5622872942,5622878976
5622922949,5622927860
5624298159,5624312482
5624361372,5624374522
5625721352,5625726694
5625899365,5625913470
5626292772,5626306286
5626315046,5626319977
5626467341,5626482358
5627358983,5627372136
5627819723,5627834723
5627967978,5627984252
5628900319,5628917017
5628980835,5628986421
5629206122,5629210645
5629752916,5629759902
5630466365,5630471166
5631555815,5631571110
5632016889,5632027413
5633429227,5633434028
5634179489,5634193173
5634412510,5634417170
5634789968,5634806899
5636738600,5636743080
5637000596,5637004749
5637560434,5637565709
5639914410,5639929107
5640145524,5640150351
5640856560,5640861431
5641470156,5641478819
5641799502,5645714065
5642077976,5642113570
5642806188,5642828204
5642933082,5642945263
5643571137,5643585452
5643718236,5643722022
5643748218,5643762109
5643949293,5643954241
5644460236,5644478127
5644694597,5644698950
5644816369,5644821244
5644991529,5644996741
5645807724,5645812548
5647993459,5647997963
5648764215,5654681699
5648976615,5648982926
5648992197,5649001111
5649109987,5649114979
5651456691,5651462076
5651674838,5651707709
5652482953,5652487806
5652578554,5652583743
5655059769,5655074987
5655417489,5655422888
5655479492,5655492920
5655564188,5655569366
5655699681,5655713736
5656823900,5656838790
5656945308,5656950085
5657788133,5657793716
5658418951,5658423879
5658969474,5658973985
5659421257,5659427839
5659430258,5659454219
5660185560,5660198967
5660269003,5660282638
5660310421,5660315512
5660432871,5660437234
5660714920,5660720482
5660893247,5660908996
5661393666,5661408637
5661921148,5661933813
5662059979,5662064736
5662911724,5662923908
5663498125,5666710341
5663526676,5663531594
5663660843,5663665624
5663825031,5663829649
5664844978,5664858288
5665048888,5665052640
5665174136,5665188218
5665347783,5665351693
5666749045,5666753743
5666752042,5666760471
5667408167,5667423026
5667607230,5667610743
5667788252,5667802861
5668169722,5668173594
5668177102,5668180142
5669183477,5669197452
5669688344,5669698687
5669794437,5669798904
5670195342,5670209086
5670564932,5670578917
5670912697,5670916022
5670976574,5670989660
5671119986,5671131582
5671702495,5671706604
5672660062,5672681805
5672714168,5672718682
5672865120,5678690971
5673813467,5673818041
5673935256,5673939071
5674737436,5674741518
5675940219,5675962720
5676090566,5676112509
5676273788,5676286914
5676797861,5676810132
5677797638,5677802091
5678642711,5678646363
5678915141,5678927376
5679300046,5679307934
5679718704,5679724110
5679812827,5679829361
5679984721,5679991282
5680151003,5680165653
5681552232,5681556926
5681606241,5681610765
5682041874,5682054499
5683399973,5683415404
5683585583,5683589863
5684832359,5684840517
5685118370,5685130564
5685604768,5685609388
5691463293,5691468010
5693219345,5693230093
5694310937,5694323722
5744040694,5744050018
5744290807,5744295253
5744466551,5744474720
5744500100,5744503775
5744584358,5744588143
5744636209,5744640629
5745362550,5745373174
5745683901,5745688598
5746095747,5746116617
5746991221,5747007671
5748350939,5748362496
5749958947,5749963794
5749976624,5749981191
5750746928,5750761187
5751137368,5751154587
5751379283,5756525946
5754233375,5754238717
5754516265,5754531289
5755906503,5755909740
5756697290,5756702145
5756715802,5756722137
5756843535,5756855836
5756927936,5756948282
5756950691,5756965718
5757553212,5757564748
5758778252,5758792207
5759162342,5759167173
5759763967,5759768818
5760305400,5760320103
5760571663,5760576073
5760814900,5760818929
5760881464,5760886819
5760949261,5760968274
5762027910,5762042102
5762660108,5762674604
5762989370,5763003843
5763039273,5779450601
5763637354,5763645957
5763646909,5763651346
5764179351,5764194018
5764953945,5764958188
5764977772,5764981938
5765287901,5765292515
5766383301,5766387464
5768020688,5768025038
5771128662,5771132968
5772598533,5772603508
5773557047,5773564290
5774047828,5787289961
5775781691,5775785750
5779550878,5779561636
5780084319,5780097927
5780193917,5790394573
5781724055,5790406764
5782216243,5782229583
5783501657,5783510133
5783766750,5783770976
5784471873,5784484943
5787610994,5794179633
5788206045,5788211086
5788415482,5788420150
5788608102,5788612933
5789080598,5789176609
5790268989,5790274107
5790371885,5790470936
5790753523,5790769245
5791362679,5791378327
5791589402,5791595168
5791810322,5791837734
5792265035,5792282976
5792316953,5792321931
5792472114,5792485267
5794065869,5794070957
5794115034,5794123146
5794300945,5794314576
5794593988,5794599036
5794699500,5794708000
5797193728,5797197543
5797627741,5797649086
5797647545,5797667567
5798272540,5798277001
5798547740,5798563222
5799312545,5799317506
5799326410,5799331839
5800423400,5800450371
5801087357,5801091897
5801134350,5801139071
5801358955,5801371824
5801451298,5801465226
5801531199,5801544445
5801972281,5801977021
5802083466,5802097705
5802298249,5802303648
5802709440,5802713810
5802811758,5802826097
5804090263,5804095381
5804775601,5804780843
5804910924,5809337463
5807236022,5807250237
5807283269,5807294461
5807626673,5812350893
5807633963,5807637862
5807664021,5807669123
5808320003,5808333874
5808882854,5808887184
5808983345,5812371600
5809038570,5809052214
5809259126,5809263970
5809271160,5809286084
5809274404,5809288469
5810014426,5810019969
5810251510,5810256685
5811189373,5811195059
5811385053,5811399529
5812061748,5812066352
5812231937,5812246005
5812235515,5812240991
5812613862,5812628151
5812820062,5812843538
5813380885,5813398692
5813586815,5813599871
5814609744,5814613339
5815310127,5815315348
5815535650,5815539489
5815606965,5815612007
5815861625,5815875133
5816151575,5816155691
5816673701,5816678545
5816860336,5816865618
5817110700,5817114890
5817194112,5817199658
5817446023,5821356710
5818169978,5818174342
5818566403,5818584133
5818836287,5818841155
5818888405,5818902834
5820368072,5820376601
5822312444,5822327759
5822833938,5822847533
5823081185,5823086664
5823195811,5823200812
5824511470,5824529548
5825115885,5825131009
5825293177,5825297817
5826253060,5826258352
5826714668,5826728005
5827025749,5827030868
5827335180,5827350759
5827352713,5827362813
5828053276,5828068013
5828065788,5828080521
5828546603,5828559960
5828707354,5828712569
5829094199,5829106126
5830763913,5830769596
5830801822,5830806633
5830864217,5830879482
5831340318,5831355787
5831901178,5831906340
5832411333,5832422395
5832524750,5832529641
5833574079,5833582739
5833633013,5833638047
5833681616,5833701742
5833767133,5833776969
5833774092,5833810267
5833889129,5833903261
5834206254,5834210965
5834849504,5834854178
5834967624,5834979882
5835697216,5835700450
5835827992,5835831434
5836926951,5836931344
5836948129,5836953574
5837077101,5837081060
5837150190,5837155224
5837157327,5837170290
5837681359,5842255850
5837895377,5837909298
5838229473,5838242870
5838996436,5839001117
5839498804,5839508222
5839861739,5839876449
5839898830,5839904586
5840620089,5840627636
5842517245,5842521849
5842880293,5842884764
5844660654,5844665736
5844847274,5844860928
5844949676,5844953848
5845378226,5845387280
5845726618,5845734275
5846712470,5846725242
5848681717,5848695045
5848954991,5848958281
5849486142,5849490612
5849735926,5849748190
5849811558,5849816275
5850069882,5850080846
5850366981,5850381668
5850681934,5850693975
5851380018,5851397071
5851650247,5851654179
5851714393,5851717791
5852419195,5852424627
5852764563,5852771723
5854241016,5854246478
5854485547,5860234530
5854650587,5854664575
5855561312,5855564686
5855639994,5855644955
5856106005,5856110616
5858316110,5858333679
5858792258,5858805542
5859038541,5859051244
5860198410,5860202336
5861167181,5861179493
5861284424,5861288142
5862610202,5862623198
5863227603,5863271366
5863307938,5863313314
5863697100,5863709982
5863835573,5863850634
5865238500,5865245886
5865242185,5865260473
5866124258,5866139015
5866312769,5866323623
5866351343,5866355733
5866756336,5866769540
5866768668,5866773271
5866928229,5866943914
5867028521,5867036155
5868134457,5868139124
5868349854,5868362707
5869120589,5869133465
5869191978,5869195038
5870988960,5870994095
5871402095,5871410433
5871675568,5871688707
5872555199,5872561022
5873066445,5873070209
5874328888,5874345449
5874507272,5874518488
5874621117,5874633505
5874724349,5874734637
5875171309,5875176334
5875459328,5875464283
5876569639,5876574212
5877223078,5877227311
5877705073,5877708861
5878278010,5878291905
5879455129,5879469534
5879820386,5879824585
5880165821,5880178957
5880350873,5880354564
5880628227,5880638573
5938286132,5938304193
5938575464,5938590384
5939054525,5939060034
5940410519,5940417688
5940668844,5940677323
5941769623,5947133324
5942420712,5942434448
5945871654,5945886200
5947664486,5947670139
5947693839,5947700184
5948290116,5948310562
5948410786,5948426682
5949619222,5949625319
5949737152,5949742571
5949915500,5949920184
5950411199,5950416240
5952829347,5960136742
5957202712,5957207413
5957456333,5957471030
5957739040,5957743838
5960158361,5960167946
5960444686,5960460803
5961020179,5961028758
5961299638,5961304252
5961396608,5962036978
5961650566,5962190415
5963902539,5963917880
5963954145,5963959648
5964159380,5964176632
5964714754,5964731051
5964984579,5964990084
5965511735,5965516760
5966713613,5966718852
5966757640,5966777388
5968355371,5968371490
5969111162,5969124973
5970336319,5970342289
5972173071,5972187848
5972485662,5972493233
5972683534,5972689153
5972750706,5972765082
5974511873,5974516627
5976239321,5976253406
5978035137,5978065239
5978180450,5978189881
5978207153,5984023800
5978763276,5978768668
5978847450,5978852645
5980440874,5980455417
5980587897,5980592765
5980697231,5980711721
5981034659,5981059445
5981330632,5981345683
5984051336,5984072450
5984074719,5984080071
5984528195,5984534423
5984896469,5984911473
5985005018,5985010150
5985067082,5985078819
5985208793,5985213901
5986352459,5986357364
5986467219,5986482353
5987144175,5987148535
5988861380,5988874730
5989441988,5989446561
5989644934,5989658384
5989882562,5989895752
5990381608,5990395082
5990727862,5990732586
5992563559,5992568390
5992858907,5992872906
5994072659,5994076872
5996717965,5996722388
5998180764,5998184579
5998266401,5998270470
6001628467,6001645395
6003402597,6003421687
6004028390,6004058956
6004354365,6004369660
6004543490,6004549053
6005914177,6005919793
6005971787,6005987082
6006050008,6006055470
6006097933,6006125004
6006724024,6006729774
6006741039,6006746785
6006838045,6006853363
6007961081,6008004881
6007971174,6007993562
6008014255,6008036242
6008331029,6008336595
6008472032,6008487497
6010780913,6010791082
6012315454,6012319683
6013155673,6013169952
6013776579,6013790544
6013915527,6013920792
6014627318,6014631902
6015214197,6015237801
6015324333,6015329765
6015764680,6020902984
6016056822,6016069139
6016325881,6016339742
6016585896,6016591395
6016898641,6016903793
6017538603,6017553597
6019056978,6019065424
6020380267,6020395358
6021382059,6021397130
6021408285,6021429176
6021531808,6021536980
6021631584,6021646698
6021906693,6021919589
6021925108,6021929899
6021937039,6021942297
6022757159,6022762488
6022813473,6022818939
6023148087,6023163135
6023827656,6023832400
6023886225,6026958953
6024167034,6024175834
6024182576,6024188633
6024458945,6024464004
6024972765,6024986390
6026988082,6026997076
6027771111,6027784966
6028646827,6028652544
6028998046,6029006569
6031476244,6031481095
6031482989,6031497569
6031655226,6031669745
6032446155,6032460141
6032499197,6032508077
6032542284,6032556299
6032762182,6032767070
6033785362,6033791072
6033840316,6033845298
6035922070,6035926791
6036035507,6040866943
6036115842,6036123917
6036837323,6036842159
6038715645,6038718896
6039538284,6039543703
6039822865,6039834458
6041725657,6041730020
6041886942,6041897912
6042176790,6042180220
6042277791,6042281352
6042572277,6067673507
6042847674,6042851921
6044326643,6044339528
6044383177,6044388352
6044445866,6044450834
6044626358,6044631059
6044836066,6044854414
6044890496,6044904962
6045796379,6045801281
6046142507,6046147271
6047401959,6047417765
6049067223,6049075331
6049903356,6049917595
6051703692,6051717213
6069260086,6069265355
6071059283,6071071077
6071069065,6071077400
6071078787,6071095669
6071295488,6071300576
6071717220,6071733136
6071766518,6071782320
6071888384,6071903511
6071894608,6082649686
6072449909,6072458177
6072613174,6072621786
6072925589,6072936891
6073050138,6073066000
6073662735,6073674521
6073700213,6073706089
6073835319,6073839672
6075258788,6075271584
6076821791,6076834529
6077148256,6077153144
6079605146,6079621911
6079948209,6079963698
6080111897,6080127689
6082973041,6082978193
6083926083,6083941634
6084057490,6084072380
6084219447,6084239703
6084414281,6084419216
6084626067,6084631754
6086030534,6086046166
6086471031,6086488381
6086536573,6086542610
6086539099,6086553154
6087021127,6087032255
6087378135,6087396871
6087505340,6087524690
6088168211,6088182490
6089989725,6090004301
6090374249,6090390041
6090975697,6090989532
6091250450,6091256784
6091353373,6091358618
6092015485,6092021579
6092339145,6092360987
6092341132,6092359441
6095698437,6095703916
6095751668,6095756135
6096240745,6096257299
6097953650,6097977902
6098367196,6098390155
6098448263,6098453098
6098755001,6098768806
6100120279,6100126032
6100891251,6100905955
6100955156,6100978065
6101022515,6101027687
6101109118,6106780716
6102015744,6102029198
6102440826,6102455871
6102687893,6102695777
6102730482,6102744902
6103315126,6103330067
6104153411,6104158432
6105076477,6105088060
6106941851,6106947253
6107130415,6107139605
6107173161,6107177772
6107237693,6107240004
6107743870,6107758771
6107817445,6107835289
6108192259,6108208622
6108285520,6108291300
6109386559,6109400304
6109487592,6109502188
6109810215,6109816847
6109841312,6109857302
6109856176,6109872249
6110132345,6110148231
6110432895,6110437593
6110453198,6110468339
6110631826,6110636617
6111293300,6111297429
6111806188,6111822074
6112283415,6112298573
6112327492,6112332870
6112831720,6112849861
6113619233,6113635289
6113710229,6113724251
6114016800,6114035268
6114201822,6114216378
6114435498,6114448187
6115238746,6115243898
6116135437,6116149165
6116449508,6116453109
6118126258,6118130517
6118385615,6118399667
6118444592,6118454588
6118484360,6121739783
6118659084,6118678144
6118986352,6124749180
6119036165,6119046879
6119046852,6119060887
6119221504,6119235730
6119225627,6119231213
6120766739,6120773177
6121056846,6121060969
6122072382,6122076502
6124550881,6124554683
6124812428,6124826422
6124887964,6124911430
6125111447,6125116859
6125248323,6125253525
6125696985,6167462742
6127045048,6127049982
6127541578,6127545625
6127852373,6167484030
6128521752,6128526699
6128848144,6128861534
6130587375,6130597635
6131546343,6131559540
6131629194,6131633353
6167498656,6167536842
6167701044,6167709570
6168817462,6168831784
6169959521,6169965314
6170927085,6182430774
6172242343,6172246519
6172541998,6172546421
6174130582,6174134510
6174317004,6174320458
6179054109,6179058987
6179362601,6179371113
6180468675,6180485099
6182876169,6182892754
6182898413,6182902415
6182933666,6182937588
6183229402,6183237989
6183394316,6183411174
6183504559,6183509320
6183691836,6183697653
6183884703,6183898588
6184414589,6188604279
6185219482,6185225164
6185638955,6185658315
6186153510,6186168991
6187148980,6187154005
6187870457,6187881375
6189529791,6189534468
6189764880,6189778474
6190010302,6190024294
6190176168,6190179743
6190202357,6190216172
6191089512,6191094490
6192898251,6196627902
6193750674,6193755338
6194008471,6194014502
6194557277,6199551913
6194983589,6194987795
6195128965,6195133275
6196671561,6196679619
6197040516,6202545033
6197056987,6197062570
6197147859,6197152360
6197327510,6197346940
6199579512,6199584296
6201283183,6201287790
6202825578,6202862729
6203110887,6203121575
6203217125,6208535149
6203455107,6203469650
6204180690,6204194347
6204782075,6204796066
6205462612,6205476864
6205727853,6205734722
6206962886,6206975394
6207021996,6207036355
6207114883,6207118929
6207624270,6207639127
6207839554,6207849497
6207895828,6207899977
6208549882,6208563857
6210172750,6210186692
6210869317,6210873443
6211112879,6211116794
6211584446,6211604926
6211622466,6211627962
6212002526,6212007321
6212699461,6212712788
6212883274,6212896300
6212947586,6212952176
6213154541,6213168416
6214566328,6214577313
6214631552,6214635625
6214959258,6214966858
6215107750,6215122955
6215178257,6215182860
6215434022,6215448061
6217840431,6217845422
6217869056,6217873232
6218373501,6218389751
6218376177,6218391181
6218436985,6218442170
6218581121,6218585528
6219549427,6219562433
6219713111,6219730039
6219772659,6219776441
6220573209,6220593381
6223105666,6223109615
6224166862,6224172698
6224509407,6224523716
6224605702,6224609985
6224890647,6224903680
6226419609,6226429358
6229957109,6229968224
6230754678,6230768566
6230907634,6230921843
6231752614,6231757061
6232674354,6238464153
6234016420,6238501658
6234334207,6234346778
6234857958,6234865068
6234969939,6234974088
6238082519,6238086929
6239005790,6239023319
6240518604,6240522610
6240935699,6240940347
6241807860,6241813793
6242003417,6242011322
6242519611,6242540172
6242813842,6242816940
6243179437,6243189928
6243350580,6243355084
6243722770,6243735527
6243836380,6243845082
6244377737,6244385566
6244418754,6244427308
6244524103,6244531757
6244850714,6244857480
6246091169,6246111284
6246968868,6293310462
6286557285,6286572950
6287009422,6287012742
6287017376,6287031027
6287914564,6287924975
6288328047,6288340465
6288498978,6288502980
6289156556,6289159754
6289546977,6289553126
6292300481,6292312993
6293451420,6293457625
6293508059,6305176037
6293860407,6293869310
6294645364,6305193109
6296478451,6296482407
6299201854,6299206130
6299665394,6299678363
6300924620,6300926820
6301314951,6301321188
6301599092,6301603348
6302204830,6302206987
6303147023,6303159876
6305641368,6305655576
6305894564,6305899104
6306485769,6312386309
6306550292,6312381963
6310029496,6317257037
6312768047,6312772400
6312851178,6312855735
6312910820,6312925490
6313011582,6313020102
6313512596,6313517374
6313884311,6313899251
6313978447,6313991393
6314257322,6314261452
6314349381,6314353674
6314493998,6314508551
6315122468,6315145112
6316616160,6316619985
6316951589,6316964622
6317198268,6317212239
6317380607,6323254868
6318386856,6323264620
6319721497,6319725740
6320462831,6320474285
6320570353,6320574910
6320613180,6320624749
6321432237,6321445120
6321872868,6321877265
6321948279,6321962281
6322723808,6322735919
6323328137,6323332115
6323742171,6323754870
6323908073,6323921166
6324491962,6324505773
6324751112,6324764452
6325699646,6325711841
6326337430,6326341971
6326670083,6326682391
6327774491,6327787043
6328071139,6328075663
6328204541,6328216986
6329716996,6329734649
6329914239,6329918719
6330113717,6330136285
6330194774,6330199725
6330318904,6330335052
6330813993,6330818720
6331372223,6331376456
6333208110,6333212714
6337439367,6337458941
6338439993,6338454064
6338517872,6338534787
6338797606,6338802149
6339414098,6339418692
6339963429,6339968313
6340017127,6340021995
6340772564,6340777027
6341096735,6341111966
6341538184,6341551294
6341747966,6341760778
6342242111,6342254429
6342542097,6342546631
6342855777,6342860057
6343600139,6343604894
6343695071,6343700537
6343751115,6343756995
6344315402,6344329568
6344489720,6344494975
6345406332,6349242698
6345417598,6345422402
6345831705,6345844454
6345908944,6345922194
6346114152,6346127418
6346966765,6346980082
6347055453,6347069451
6347195644,6347208890
6347371769,6347376132
6347378902,6347390719
6348538020,6348550916
6349015250,6349027822
6349349423,6349354341
6349810280,6349824329
6350068976,6350082353
6350143849,6350148112
6351341070,6351353778
6351716228,6351727309
6352198815,6352202357
6352819985,6352827726
6353521343,6353524669
6353573802,6353587800
6353852095,6353855980
6353935624,6353940288
6354695308,6354707908
6355925352,6355929682
6355971387,6355981690
6356656581,6356661416
6356855121,6356867683
6358446882,6358464872
6359007912,6359015766
6359015596,6359019672
6359120547,6359125361
6359294775,6359299011
6359608936,6359621461
6359794029,6359806888
6360046226,6360050593
6360187433,6360202884
6360748483,6360752368
6360809568,6360814456
6360939976,6360953674
6361887592,6361895129
6362985555,6363002887
6363391133,6363394384
6363624475,6363637033
6364411156,6364430657
6364616641,6370223465
6365237493,6365245304
6365699326,6365711884
6366181541,6366185453
6366206626,6366210234
6366214412,6366228050
6366324672,6366328858
6367413129,6367427839
6367916026,6367931249
6367942845,6367946821
6367957328,6419953684
6369143825,6369156323
6371282103,6371286783
6371793123,6371799588
6372106028,6372110221
6372204515,6372217434
6372393242,6372398136
6372453665,6372457624
6372922093,6372928848
6373033401,6373037567
6373213372,6427167153
6374012221,6374016688
6374025591,6374038083
6375081412,6375088879
6376852806,6376863119
6377540620,6377553516
6378496534,6378509079
6420780118,6420784709
6422495038,6422509394
6422791883,6422803944
6423053385,6423067327
6423175001,6423180026
6424587148,6424623006
6427228552,6427241752
6427791223,6427795319
6428090367,6428115290
6428354946,6428359663
6428650131,6428659545
6429847692,6429853155
6431901392,6431913884
6432592925,6432605293
6434890630,6434904562
6435537695,6435542316
6436481432,6436494358
6436542681,6436547281
6437532188,6437536842
6439522184,6439535901
6440205497,6440219746
6440555744,6440569796
6443431378,6443442520
6445206156,6445211138
6445528767,6445541679
6445728907,6445733263
6446770508,6446787006
6446941305,6446945702
6447215275,6447219425
6447284823,6447290426
6447543084,6447548099
6447962300,6447975520
6448484055,6448497382
6448507635,6448512526
6448560501,6448574035
6448826457,6448851123
6448874101,6448878635
6449367148,6449373629
6449377484,6449389161
6449512560,6449517007
6450177349,6450181385
6450219150,6450233556
6450381685,6450389506
6450421882,6450426904
6450560560,6450574050
6451318499,6451331742
6451705636,6451712057
6452364681,6452378579
6452687459,6452701815
6452811643,6452816140
6453407766,6453411866
6454214854,6454233192
6454308496,6454313327
6454580077,6454585606
6455182227,6455192043
6457262668,6457275584
6457800101,6457813204
6458185811,6458190104
6459559381,6459563661
6461370241,6461385072
6461666305,6461672837
6461963638,6461967971
6462004534,6462008654
6462460159,6462478063
6462623088,6462639148
6462879602,6462889551
6463355423,6463359923
6463400097,6463416942
6464305831,6464310576
6464308982,6464325820
6464761333,6464766067
6465662436,6465676331
6465705216,6465718924
6466391046,6466396027
6466923368,6466941182
6468055217,6468058869
6468665008,6468669485
6469153023,6469157954
6469278891,6469299839
6471263856,6471276898
6472278700,6472283598
6472336979,6477976310
6473360289,6473374327
6474088738,6474120106
6474655191,6474660259
6474681220,6477984957
6474701038,6474709210
6474721608,6474735493
6475209202,6475213929
6475231365,6475249420
6475469601,6475478826
6476007022,6476012537
6476799666,6476816548
6476972297,6476979610
6476977195,6476993361
6477752587,6477756676
6477771363,6477776251
6477937125,6477944318
6478068700,6478073728
6478197885,6478201340
6478333609,6478339580
6478346034,6478362485
6478423857,6478429466
6480088767,6480111542
6480146073,6480150744
6481255695,6481280632
6481273178,6481279032
6481408224,6481418918
6481633371,6481649684
6481663171,6481667625
6482894897,6482899704
6483112500,6483117137
6483715151,6483719530
6484121852,6484127160
6484487750,6484502567
6484499166,6484512406
6484635455,6484640544
6485632298,6485637056
6485996737,6486001474
6487625463,6487629991
6488294389,6488301866
6488318453,6488333003
6489593704,6489607736
6490200104,6490219488
6490608129,6490620128
6491008935,6491023000
6491452814,6491457979
6491992268,6491997463
6493486515,6493499327
6493498505,6493502828
6495159566,6495167557
6496620764,6496656001
6496799172,6496804878
6497193271,6497198877
6497208533,6497212976
6497607001,6497612036
6497754578,6497768674
6499130778,6499136020
6499311691,6499351952
6499477363,6499482611
6499910156,6499924351
6500518430,6500535161
6500728626,6500732975
6502773972,6502782459
6502900653,6502916259
6502943163,6502947560
6503852198,6503856220
6504876267,6504888955
6505435797,6505449922
6505559693,6505563951
6505691893,6505696514
6505716983,6505721029
6505885221,6505895721
6506143322,6506147652
6506628581,6510969853
6508121915,6508137250
6509636610,6509649514
6509724193,6513944759
6510364836,6510367106
6510372217,6510385016
6510895318,6510909707
6511245973,6511255399
6511439423,6511450822
6513548138,6513553413
6513785806,6513800182
6514042701,6514046850
6515157763,6515161749
6517037585,6517049823
6517140280,6517155283
6518242366,6518256933
6518440384,6518444556
6519610032,6519622300
6520285363,6520288829
6520930493,6520935618
6522053405,6522067150
6522097505,6522109623
6523170822,6523175543
6524016039,6524028019
6524255752,6524259216
6525463680,6525470820
6527957002,6527961345
6528440744,6528445799
6530852495,6530864522
6531466779,6531471443
6580996148,6581008874
6581575697,6581588816
6581653537,6581669901
6581923338,6581939742
6582919921,6582924438
6585184839,6585190285
6585630642,6585649120
6586223277,6586227827
6587344663,6587348655
6587423157,6587436604
6587593189,6587605764
6589501302,6589506056
6589920922,6589935051
6590811776,6599550418
6591700341,6591704006
6595637583,6602802836
6596818864,6596833704
6596919555,6596928779
6598079993,6598084763
6598145060,6598150061
6598692332,6598707467
6599412596,6599426642
6600624774,6600629649
6602065720,6605740187
6602971641,6602987998
6603727182,6603745276
6603970463,6603975935
6604254342,6604270683
6604738432,6604744302
6605480930,6605486539
6606043336,6606058213
6606095718,6606113589
6606150836,6606169525
6606500338,6606505202
6607541989,6607546951
6607924462,6607930399
6608006274,6608020877
6608924941,6608930203
6608969248,6608981559
6609058981,6609064320
6609300528,6609306167
6610854042,6610873366
6612268137,6612286295
6612848778,6612865924
6613285551,6613290398
6613547226,6613563857
6613911418,6613916716
6614565255,6614579286
6615011151,6615026676
6615440226,6615455520
6617472547,6617478591
6618002207,6618014404
6618298808,6623777356
6618566965,6618581922
6619366422,6619382863
6619635879,6619650195
6621323563,6621339205
6621446802,6621454323
6622778441,6626790805
6623264441,6623280090
6623894982,6623915836
6624435312,6624450774
6624765573,6624781596
6625578263,6625583719
6626108026,6626122927
6626398073,6626403505
6627312557,6627325683
6628019895,6628025631
6628138056,6628143869
6628536351,6628549247
6629958093,6629964996
6630250268,6630264470
6632745932,6632784396
6632880697,6632894275
6633704486,6633715511
6633769974,6633774715
6633826636,6633833147
6634601026,6634605997
6634914739,6634920082
6635567270,6635578415
6636071509,6636085146
6636375210,6636388506
6636572540,6636580511
6637045611,6637062212
6638287762,6638296009
6638671204,6638684606
6638865638,6638870346
6639136704,6639151346
6639240577,6639248923
6639371671,6639376391
6639410575,6644688957
6639459561,6639463687
6639731779,6639746235
6640899260,6640912868
6641344100,6641348336
6641872580,6641892956
6642034062,6642050192
6642297018,6642301842
6643076559,6643081059
6643273134,6643278677
6643345819,6643350797
6643364825,6643369623
6643395137,6643399410
6645335728,6645356234
6645371482,6645385871
6646293887,6646309339
6646473233,6646486911
6647181691,6647186799
6647835868,6647849636
6648135139,6648139987
6649663032,6649677428
6649784156,6649790237
6650184035,6650189270
6650744824,6650749898
6651490313,6651495695
6651633023,6651639240
6654009827,6659623023
6654333407,6654342871
6654650511,6654665752
6654744962,6654762020
6655236421,6655247436
6655711176,6659680544
6655864286,6655868238
6657235234,6657248296
6657641039,6657645783
6657873682,6657878477
6658362944,6658376638
6659382906,6659396728
6660300644,6660317379
6662164976,6662176963
6662850310,6662870002
6663148077,6663162306
6663171528,6663186198
6664749290,6664764297
6665151364,6665165593
6666018173,6666030484
6666217290,6666222739
6667797742,6667811189
6668705057,6668733100
6669133888,6669147261
6669172558,6669183289
6669348480,6669356912
6669496124,6669508730
6669681775,6669697377
6669692201,6669705019
6669838790,6669847881
6670050020,6670056071
6670621955,6670628913
6671402044,6671406606
6671795654,6671810347
6673159315,6673162706
6673322886,6673336470
6673585906,6673590677
6674483373,6674487526
6674649997,6674654581
6674679038,6674688276
6676065178,6676082594
6677690013,6677698252
6678037604,6678057280
6678486450,6678504681
6678548220,6678552262
6678985774,6678992372
6679677534,6679690039
6680635305,6686581318
6681642820,6681655973
6682025707,6682033130
6682071474,6682081941
6682540519,6682544471
6682771071,6682785470
6683238309,6683243715
6683526455,6683530260
6684184488,6684189008
6684369928,6684384083
6687233214,6687247533
6687248866,6687252722
6687348670,6687361591
6687829665,6687834686
6687880812,6687890087
6688355750,6688364501
6688716940,6688729779
6688735185,6688739755
6690230250,6690234079
6690423270,6690431061
6691293466,6691297433
6691355942,6691360586
6691576428,6691581025
6691900635,6691904731
6692327592,6692332022
6692378137,6692388086
6692578256,6692582523
6693291568,6693296229
6748480295,6758424169
6748848642,6758469492
6748912747,6748926428
6749839322,6749848857
6750243544,6750257058
6757231242,6757246820
6757849421,6757863744
6758282997,6758287407
6759168034,6759173099
6759490347,6759505307
6760019902,6760024500
6761378358,6761394468
6762178026,6762183748
6763347944,6763353574
6765507317,6765534315
6765662141,6765680893
6765749652,6765763587
6765984781,6765998823
6766011001,6766025397
6766374928,6766379455
6766481864,6766491198
6766599794,6766605089
6767048156,6767053013
6767761371,6767770812
6767936033,6767940152
6768155834,6768160751
6768867201,6768880655
6768966259,6768971026
6771024910,6771032347
6771356484,6771361295
6774654668,6774677654
6774876290,6774890165
6775936340,6775950846
6776190816,6776205439
6777153957,6777158554
6777392206,6777408299
6777927455,6777942656
6778248291,6778253336
6779218879,6779232086
6781995549,6782004530
6782057386,6782071261
6782432412,6782443724
6782435101,6782440771
6784520700,6790168133
6784580328,6784595082
6784886141,6784898452
6784950590,6784954829
6785032499,6785046674
6786598949,6786604204
6787225888,6793359970
6787706222,6787719960
6789322208,6789337132
6789763871,6789777739
6790224511,6790229476
6792412228,6792416598
6793574666,6793589239
6794110997,6794126402
6794360496,6794365694
6795536127,6795550904
6796538457,6796548246
6796929252,6796934737
6797763765,6797777048
6799225644,6799243030
6799967130,6799979969
6800167280,6800173013
6801296119,6801300770
6803630945,6808331335
6803849023,6803860051
6804184389,6804199369
6804516918,6804522133
6804685550,6804690538
6806836898,6806841575
6806993770,6811380822
6810060573,6810064509
6810853666,6810858149
6811791005,6811808431
6812463781,6812478070
6813686279,6813690719
6814171889,6814181788
6814813688,6814828395
6815494734,6815509470
6815529586,6815544269
6815646915,6815652331
6815660436,6815665170
6816125923,6816140095
6816145437,6816151918
6817455219,6823311111
6821227564,6821237149
6821580904,6821586173
6822412567,6826328797
6824044910,6824059793
6824322104,6824335950
6824977962,6824990076
6825417714,6825422475
6825877826,6825903341
6826491903,6826504022
6826996308,6826999827
6827031261,6827036065
6828076932,6828093194
6828207702,6828222813
6828331047,6828357952
6829057242,6829071183
6829323304,6829331295
6829842670,6829847979
6830521455,6830534625
6830658474,6830673271
6832133630,6832137449
6832364510,6832387185
6832679971,6832696482
6832746552,6832751446
6832790879,6832795115
6833000089,6833005164
6833708159,6833716975
6834853422,6834867360
6835228952,6835236349
6835345132,6835350016
6835416156,6835429670
6835733270,6835746528
6835806172,6835810759
6835912603,6835916397
6835937750,6835953653
6836679299,6836684287
6836978229,6836992589
6837405427,6837410408
6837986252,6837999980
6838002599,6838020275
6838085014,6838090003
6838104834,6838114412
6838758437,6838772582
6838955249,6844267991
6839825613,6839830290
6840336837,6840350077
6840854350,6840857987
6841031386,6841045198
6841741264,6841744945
6841805676,6841818956
6842801643,6847228578
6844461102,6844466832
6844966115,6844971808
6845037003,6845049587
6845171270,6845176295
6845261468,6845277551
6845754173,6845758927
6846714674,6846727383
6847008947,6847023263
6847415849,6847428287
6849811252,6849818529
6850372676,6850383220
6850481543,6850485583
6851028037,6856239945
6851059833,6856253786
6851164917,6851178431
6851935211,6851939484
6853146223,6853150653
6853557872,6853570547
6856600043,6856614088
6856807787,6856812067
6858731780,6858736066
6859613059,6859618013
6860313829,6860318696
6861105388,6861110025
6861341876,6861355357
6861496149,6861503643
6861702388,6861713140
6861820417,6861825267
6862059979,6862064561
6862301795,6862314343
6862829839,6862834543
6862881282,6862894087
6862974339,6862988862
6863141504,6863145721
6863553033,6863557426
6863872603,6863886164
6864916122,6864929740
6865063790,6865075994
6865275169,6865287657
6866064970,6866068789
6866153326,6866157123
6866494596,6866498869
6868200873,6868250489
6868390950,6868396599
6870804869,6870809215
6871400521,6871417566
6871750248,6871754449
6872006068,6872018799
6872301217,6872317290
6873362550,6873375970
6874347199,6874365070
6874624574,6874639264
6875057802,6875070330
6875108827,6875113698
6875885278,6875889959
6876531258,6876543749
6876864754,6876876288
6876904573,6876918241
6878629804,6940132199
6879821497,6879835249
6880172880,6940172359
6933090521,6933184641
6936229886,6936244415
6936877285,6936890395
6940230420,6940240580
6941568734,6941574199
6944388104,6944392875
6944397789,6944407852
6944509843,6944520814
6945302681,6945307078
6945735528,6945739637
6946233556,6946238607
6946537684,6946548365
6946676679,6946681771
6946982849,6946997328
6947214403,6947219692
6947382858,6947388090
6948209306,6948214645
6948504210,6948508096
6948591815,6952074484
6949320826,6949326178
6949830486,6949834566
6950644456,6950654980
6952312880,6952319158
6952486888,6952500365
6953007557,6953018047
6953621483,6953626027
6953762783,6953778682
6954406471,6954411124
6956022353,6956026759
6957615927,6957620324
6959120140,6959134679
6960422131,6976038272
6968990608,6968999388
6969086576,6969095482
6969933917,6969949362
6975050268,6975054321
6975058885,6975072014
6976058515,6976065136
6976517237,6976531619
6976631779,6976647378
6976836967,6976842219
6976970767,6976985447
6977285122,6977289789
6977571731,6977597469
6977941889,6977957815
6978094605,6978108082
6978991459,6979009757
6979214988,6979230720
6979439373,6979443946
6981288773,6981296431
6981440871,6981445475
6981805076,6981820601
6982444861,6982449558
6982702521,6982717425
6982704215,6982710272
6982708438,6982723575
6983029618,6983682624
6983914656,6983933211
6984374560,6984379592
6984893906,6984907938
6985027910,6985042175
6985983232,6985997248
6986504640,6986518501
6987514403,6987519447
6987928129,6987942004
6988028971,6988033565
6988884538,6988889456
6989522570,6989536942
6989637209,6989650793
6990176480,6990191274
6990708598,6990713162
6991953838,6991958642
6991979419,6991984347
6992289130,6992329912
6992493800,6992499102
6995456318,6995467573
6996114762,6996128002
6996272339,6996277688
6996308407,6996337737
6996359593,6996364624
6996813424,6996827686
6997230348,6997235617
6997363276,6997367816
6998457015,6998461876
6998483278,6998498102
6999261163,6999275986
7000089836,7000105708
7000123151,7000137093
7001118411,7001131227
7001313991,7001319079
7002339563,7002345673
7002458118,7002472394
7002570185,7002586047
7002602127,7002607553
7002735279,7002743925
7003608903,7003621542
7004639220,7009947438
7005147657,7005151760
7007774017,7007788223
7007949455,7007954589
7009115294,7012933269
7010087081,7010116264
7010792198,7010806216
7013015188,7013020032
7013355515,7013364475
7013675302,7013689324
7013939093,7013953876
7014240736,7014254965
7014383299,7014388577
7014529717,7014545696
7014781356,7014786655
7016768830,7016781291
7016866040,7016870710
7017588245,7017602427
7019370126,7019378652
7020136939,7020151459
7020739517,7020752954
7021170760,7021184474
7021204908,7021209100
7021463860,7021479038
7021764063,7021780216
7022296128,7022314409
7022933987,7022950705
7024140868,7024146233
7024607865,7024612606
7024964533,7024977850
7025123024,7025135538
7025207163,7025219353
7025407362,7025412898
7025633459,7025644502
7025753569,7025779628
7025844776,7025859088
7027779777,7027795259
7029202809,7029216590
7029410590,7048953749
7032076315,7032079639
7032352009,7032355664
7036615212,7036618961
7038862591,7038872657
7039624887,7039632407
7041949954,7041955036
7042273133,7042286069
7042439760,7042444260
7042598750,7042612284
7043431609,7056701337
7048311421,7048315925
7049707352,7049710629
7049869348,7049882578
7050065980,7050071439
7050825193,7060662934
7051489684,7051495874
7052452267,7052457869
7055620263,7055634799
7057254443,7057266677
7059029071,7059033300
7060267111,7060280197
7060754564,7060768810
7061830347,7061834603
7062161032,7066868948
7062989835,7062994566
7065372955,7065382396
7065722683,7065742932
7065766920,7065780213
7067215466,7067229608
7067816384,7067823924
7068200316,7068219717
7068205909,7068221284
7068231814,7068236682
7068485058,7068499076
7069709974,7069714521
7071888353,7071893147
7073624551,7073629849
7073983130,7073987910
7074802392,7074816209
7074959544,7074964518
7075096393,7075119265
7075250860,7075259466
7075296396,7075310455
7076696192,7076700669
7077043886,7077055155
7077544162,7077548856
7077909920,7077914170
7078469862,7078485988
7078869871,7078888109
7078889218,7084765620
7079236231,7079247794
7079516257,7084791264
7079671542,7079676280
7079948152,7079953020
7080596868,7080610856
7080625436,7080639671
7081512201,7081516669
7081968460,7081973715
7082808893,7082824488
7082911512,7082916259
7082943414,7082957399
7083571506,7083576160
7083727260,7083734588
7084254970,7084269069
7084801180,7084826160
7085077405,7085083152
7085935801,7085947797
7086074777,7086085358
7086174672,7086178810
7086270537,7086276150
7087454063,7087458450
7087586191,7087591268
7088030956,7088036241
7088089355,7088116159
7088336030,7088351753
7088369588,7093747758
7088568544,7088572894
7088600811,7088615719
7089589492,7089594262
7089726599,7089739528
7090470155,7090482595
7092796643,7092810468
7093684771,7093688493
7093752357,7093757338
7094396850,7094418916
7094518077,7094523296
7094601513,7094616086
7095375212,7095379932
7095465579,7095470741
7096580384,7096594703
7096693136,7096698047
7097058179,7097063260
7097077803,7097086917
7097306972,7097311299
7097617138,7097630371
7098330249,7098344351
7098530516,7098543726
7098692178,7098696709
7098943200,7102769183
7098958074,7098972560
7099093978,7099115139
7099190146,7099194840
7099343450,7099347519
7099577503,7099582401
7100291463,7100302705
7100524110,7105707773
7101477993,7101492509
7102854887,7102865788
7103257275,7103265122
7103575204,7103588247
7103597829,7103602516
7103822327,7103836235
7104074488,7104079012
7105004313,7105016722
7108745434,7108751595
7108789203,7108794104
7108796115,7108801033
7109411947,7109426179
7110557453,7110572538
7110656628,7139501391
7112501194,7112515697
7112936002,7112946326
7112976561,7112990977
7113096011,7113119127
7113409140,7113414282
7114292417,7142721642
7115768539,7115773326
7122192330,7142740739
7128859876,7128871064
7130790250,7130801386
7143184039,7143198976
7145133036,7145144545
7145890320,7145904091
7146109205,7146113856
7147136502,7147150857
7147590580,7147595142
7148988976,7149002009
7149520616,7149524430
7150162336,7150166689
7150331121,7150335585
7151733493,7151742477
7157046433,7157062833
7158829206,7158842302
7159583410,7159588595
7160965506,7160978806
7161597140,7161602084
7161651259,7161658174
7162303218,7162308012
7163740312,7163754153
7163875966,7163890111
7164500430,7164514525
7165445540,7165461279
7165501326,7165509798
7165528427,7165543151
7166806508,7166819935
7166812110,7166821996
7167107342,7167112227
7168227001,7168238684
7168721684,7168726011
7169270283,7169279210
7169838944,7169848074
7170138415,7170142979
7170147816,7170163094
7170419281,7170424991
7170441174,7170446145
7170492410,7175599002
7170561263,7170575702
7170818221,7170834966
7173354871,7173358760
7173548469,7173553675
7173975035,7173986297
7174406008,7174410281
7175268347,7175285519
7175955409,7175968519
7179933436,7179939219
7180189503,7180204871
7182916504,7182931254
7183498528,7183504027
7183817898,7187599116
7184643500,7184648699
7185063161,7185081145
7185528798,7185545232
7185664108,7185673499
7185710887,7185728280
7185947994,7185964207
7185951963,7185956834
7186794962,7190643592
7187708296,7187714287
7187882491,7187887719
7187916033,7187937522
7188105830,7188110741
7189893942,7189908030
7190293396,7190308387
7191184120,7191192058
7191814453,7191828692
7192557065,7192570335
7193831935,7193847079
7193849511,7193863433
7194008027,7194033341
7194200229,7194215537
7194349764,7194368393
7194421991,7194426778
7194631609,7194637418
7195826798,7195843148
7197370406,7197390786
7197814221,7197828784
7197832676,7197847306
7197937350,7202604424
7198142137,7198157305
7198886586,7198891253
7199646513,7199654401
7199664658,7199681021
7200449782,7205520800
7201631424,7201644527
7203719672,7203735074
7203789788,7203794438
7204376623,7204382436
7204594446,7204612073
7205169522,7208548014
7205216535,7205234008
7205706193,7205720212
7205733966,7205747407
7205749976,7205754870
7205771154,7205775236
7206050179,7206064645
7206595971,7206600602
7206639239,7206649780
7206743619,7206758760
7207454081,7207458457
7208860465,7208874951
7209692857,7209697651
7210388194,7210401832
7211837058,7246292381
7212467445,7212483234
7213146536,7213160652
7213305937,7213310818
7214014137,7214028684
7214222459,7214226866
7214277631,7214287770
7215337707,7215344262
7215398849,7215412487
7215466984,7215471748
7215918586,7215931532
7215947308,7249469805
7218065911,7218078580
7218113980,7218117944
7219467668,7219480798
7219978812,7219983329
7246493042,7256751589
7246721205,7246725595
7247064566,7247081725
7247989854,7247994472
7250029980,7250034353
7250409226,7250422870
7250437416,7250448238
7252304163,7252308315
7254751374,7254763595
7257275946,7257289200
7257828571,7257843531
7258049932,7258065130
7258194987,7258203012
7258195268,7258204445
7259274368,7259278855
7260260247,7260265298
7260947837,7260961471
7261274563,7261284810
7261472000,7261485979
7261523270,7261536640
7261643572,7261648784
7262054459,7262059176
7262680139,7262693225
7263333428,7263338316
7264040305,7264055460
7265784341,7265797778
7266139415,7271414475
7266173886,7266179419
7266225369,7266239552
7268883184,7268894416
7268986695,7268993614
7269448764,7269462058
7269561560,7269566093
7271703206,7271708214
7271876946,7271895160
7272855120,7272870255
7273201257,7273216288
7273237436,7273242611
7273569869,7273574796
7274070352,7274074458
7274091049,7274096291
7274290868,7274296183
7274357609,7274370882
7274426137,7274440216
7275348512,7275353945
7275795568,7275809493
7276058443,7280375508
7276636943,7276640772
7276814655,7276819513
7277115754,7277129645
7277141723,7277146694
7278115143,7278129666
7278537600,7278542067
7278692514,7278707775
7279435185,7283349566
7279850492,7279861277
7280717435,7280722323
7280753935,7286397493
7280919399,7280933284
7281085913,7281113626
7281364557,7281369792
7281605112,7281619611
7281884461,7281889583
7283001300,7283012118
7283334948,7283379934
7283401724,7283415069
7284855374,7284869282
7285082666,7285087717
7285671499,7285681986
7287176149,7287189048
7287270813,7287286088
7287822319,7287827103
7289125255,7289140804
7289412422,7289417788
7289581107,7289590870
7289771174,7289787294
7290428082,7290442788
7290682231,7290702861
7290922702,7290937392
7291597189,7291610923
7291702461,7291716058
7292545443,7292562447
7292670559,7292693929
7293391135,7293395471
7293398815,7293413251
7293469764,7293473252
7293641518,7293656248
7294911927,7294919311
7295022049,7295034391
7295323606,7295370442
7295824413,7295850516
7295910208,7301366468
7296131093,7296135016
7296542690,7296547524
7296863476,7296878727
7296901399,7296909484
7296902030,7296906377
7296941276,7296954409
7299186399,7299192563
7299866995,7299871279
7300357106,7300370958
7300397127,7300406431
7301598547,7307354099
7301709532,7301714249
7301964085,7301972521
7302013276,7302019627
7302017436,7302025898
7302362866,7302370008
7302533531,7302538031
7302809325,7302813739
7303959479,7303973287
7304174332,7304178642
7304297845,7304353655
7305126114,7305131359
7305440837,7310310402
7305561617,7305568536
7307432159,7307452481
7307453802,7307464412
7307551972,7307565408
7307862022,7307867164
7307871129,7307878706
7307922606,7307927119
7308114781,7308127821
7308500892,7308504373
7309062432,7309076080
7309663531,7309676350
7309779163,7309794548
7310024020,7313335435
7310945739,7310949424
7312420799,7312434114
7313942189,7313951590
7314380274,7314385753
7314443834,7314449497
7316371613,7322306757
7316973358,7316982038
7317074656,7317079913
7317463141,7317466729
7317683254,7317687598
7317787211,7317792029
7318488432,7318492695
7318497001,7318502003
7318557923,7318562767
7318944561,7318948875
7319464058,7319468986
7320496559,7320501219
7326409640,7326415150
7326603663,7326607826
7326987636,7327003248
7327650607,7327664458
7328065349,7328077570
7328079845,7328095310
7328453501,7328458466
7328528732,7328533766
7328759173,7328771668
7329456923,7368314851
7329599626,7329612729
7329629307,7329643973
7332815377,7332819874
7336781110,7336785119
7337011348,7337015440
7338812356,7338816899
7347213634,7347226380
7368393082,7368399439
7368446516,7368462452
7369067261,7369082142
7369931408,7369948183
7370202231,7370207052
7371220042,7371225926
7371311850,7371316755
7371660172,7371673222
7372131362,7372144315
7372297662,7372301939
7372614206,7372619334
7376570393,7376574676
7379138996,7379144231
7379300859,7379313407
7380378378,7380400405
7380956457,7380975016
7381075356,7381080749
7381414274,7381419088
7381554859,7381565476
7382012295,7386254456
7383106449,7386252495
7383230743,7383245473
7386562794,7386570097
7386621404,7386653379
7386923848,7386930604
7386927540,7386934042
7387405933,7387411436
7387955608,7387960743
7389244236,7389249842
7389403810,7389418453
7389663655,7389681880
7392066960,7392081125
7392408700,7392424987
7392646743,7392658032
7392740716,7392756792
7394069454,7394074475
7394683147,7394702618
7395108877,7395113291
7395266097,7395271646
7395529593,7395537130
7395726944,7395731253
7395885295,7395889194
7396307625,7396335782
7396445781,7396449603
7397163870,7397168210
7397288603,7397303727
7398317502,7398331023
7398770311,7398784045
7399198180,7399212208
7399436884,7399450708
7400175940,7400189568
7400206185,7400226501
7401822906,7401827323
7402965687,7402970040
7403661292,7403677144
7403884611,7403888934
7403923148,7403936505
7404192351,7404207659
7404508356,7404522067
7404722648,7404735511
7405128540,7405142839
7406655316,7406660265
7407468455,7407474191
7407629734,7407643421
7407830993,7407835830
7408671709,7408676657
7408893552,7408906915
7409528396,7409531950
7409557024,7409561547
7410241991,7410254977
7410450558,7410456741
7410455799,7410469821
7410698926,7410703349
7410845698,7410849691
7410858137,7410871143
7411019712,7411023842
7411169495,7411182738
7412304241,7418072501
7412334162,7412346506
7412778420,7412782392
7413833403,7413840349
7414770555,7418122270
7416655834,7416669247
7417400707,7421115274
7417502935,7417513482
7421193835,7421208084
7421488318,7421501335
7421495655,7421500169
7421693854,7421698451
7422131204,7422136015
7423528605,7423533045
7425428399,7425435071
7425720982,7425729575
7426472189,7426476940
7427097642,7427117444
7427554841,7427570927
7427746866,7427760543
7427930004,7427934931
7428788724,7428817176
7428811606,7428815625
7429351198,7429355912
7429374006,7429377905
7429458157,7433115142
7430077436,7430088394
7430258987,7430274201
7430516834,7430521393
7431282721,7431296710
7431335113,7431348437
7431488414,7431492120
7432653000,7432666015
7433577240,7433582141
7433671747,7433686437
7434484344,7434491052
7435038204,7435051685
7435265269,7435269528
7435928744,7435942322
7437673084,7437688114
7437721065,7437725543
7437881368,7437895734
7438029407,7438034225
7438709617,7438714284
7438786147,7438790654
7438791382,7438795812
7438801191,7438815169
7439008484,7439013225
7439097378,7439115673
7439144335,7439158604
7439311142,7439315656
7439358720,7439366932
7439707039,7439721542
7442042670,7442091461
7442635810,7442649154
7443279558,7443283109
7444061729,7444077564
7445401330,7445413242
7445499247,7445503827
7445674403,7445689013
7446168072,7446178934
7447247799,7447252677
7448307799,7454022712
7448330903,7448339900
7448509867,7448531202
7448827142,7448831869
7448954837,7448971392
7449954959,7449969097
7449956302,7449970477
7450927962,7450932352
7450966131,7450977804
7451439720,7451444424
7451545517,7451559942
7451615458,7451627121
7451884026,7457028905
7452107125,7452120916
7452774643,7452787565
7453434353,7453439655
7457163243,7457167863
7457221172,7457237074
7457458484,7457477645
7457695822,7457700489
7457771710,7457784446
7458142176,7458156141
7458253796,7458267547
7459126643,7459130627
7459908639,7459920960
7461373773,7461377571
7461588225,7461592538
7461691566,7461703148
7464528556,7464538588
7468091651,7468115871
7511761439,7511771702
7511831087,7511844614
7512208394,7512213456
7512726170,7512739363
7512948190,7512952165
7513966385,7513988294
7514114507,7514120474
7514237652,7514249446
7515392985,7515397485
7515428796,7515449065
7515491999,7515507023
7515822036,7515827128
7516077228,7516084006
7516593029,7516606506
7516626321,7525718995
7516752089,7516766909
7516784439,7516798741
7516943228,7516956405
7520234580,7520239969
7520305130,7520319717
7521579606,7521584099
7522201785,7522205349
7522485059,7522489429
7525527678,7525532646
7525734874,7525743958
7525954351,7525959867
7526620937,7526635744
7526980491,7526994606
7526984300,7527013125
7528774209,7528779057
7530105266,7530116558
7530192514,7530206148
7530603685,7530618495
7532059056,7532070325
7532174782,7532179867
7532567915,7532587426
7533253204,7533266661
7534022756,7534037085
7534265683,7537881887
7534459365,7534478197
7534931123,7534946725
7535495888,7535500632
7535563862,7535576795
7536218608,7536232526
7537662370,7537676863
7538383015,7538395781
7538476410,7538481324
7538902441,7538919871
7539338639,7539352998
7541208803,7546840381
7541435483,7541440875
7541586181,7541605014
7542116592,7542121189
7544435810,7544447159
7544688174,7549842575
7546151217,7546164240
7546240038,7546254484
7546262165,7546267554
7546962350,7546973024
7547057198,7552792324
7549579212,7549602752
7551633406,7551647030
7551688204,7551702529
7552433077,7552446303
7552979083,7552988922
7553034151,7553039477
7553498098,7553505595
7553919339,7553924858
7554171663,7554186169
7554412926,7554425876
7554612064,7554627445
7555036491,7555044135
7555041269,7555046664
7555136511,7555141239
7557758217,7557772730
7558852094,7558857192
7558903397,7558908465
7559655850,7559664036
7559807106,7559811987
7560214452,7560229459
7561403250,7564832027
7561696234,7561700129
7561901846,7561910445
7562948432,7562953263
7564689317,7564694028
7564867470,7564881415
7569850226,7569855391
7570327199,7570332852
7570629734,7570644614
7570943698,7570949364
7571091426,7571125039
7571256075,7571272746
7571681405,7571694989
7571689837,7576814922
7571730059,7576815870
7572492461,7572497543
7573269701,7573282400
7574564837,7574570456
7576097053,7576108409
7577453264,7577466724
7578362552,7578373320
7578447060,7578451978
7579480771,7582794550
7579903879,7579908626
7580873935,7580883851
7583178486,7583194215
7583730272,7583744404
7584994572,7585008236
7585046730,7585059589
7585200565,7585214323
7586179785,7586200967
7586534134,7586539072
7586636269,7586649452
7586713053,7586717997
7588350042,7588355191
7589145154,7594752419
7589394460,7589399803
7589710142,7589714191
7590805439,7590818652
7591237861,7591243089
7592091099,7592096074
7594728240,7594734686
7594765191,7594770272
7594827275,7594832543
7594838741,7594859107
7594993404,7594997797
7595403459,7600734162
7595841942,7595846183
7596247246,7596252168
7597569259,7597573546
7598093639,7598118109
7599371507,7599384182
7599955927,7599960200
7601008270,7601013735
7601790831,7601800146
7602017060,7602025496
7602105243,7606708289
7602311303,7602323888
7602788216,7602792656
7602918468,7602923148
7604665065,7665521328
7605863760,7605876733
7606824482,7606840481
7606921034,7606924889
7607383601,7607398495
7608281063,7608296281
7608724594,7608728827
7609815306,7609819810
7612544226,7612556781
7614334536,7614347953
7614746572,7614750411
7615406814,7615410776
7615446841,7615458965
7617958752,7617969854
7618125980,7672614652
7666371470,7666376027
7666736613,7666747241
7666883887,7666896535
7668368054,7668373630
7669885403,7669889829
7672835703,7672840126
7673546168,7673560661
7674507545,7674512586
7674682133,7674687723
7675146187,7675160911
7678226625,7678231693
7679447763,7679452678
7680815500,7680820305
7685701440,7685823406
7687769034,7687784473
7688299475,7694594789
7688485466,7688500878
7689674345,7689689780
7690581305,7690590322
7691116935,7691121765
7691498876,7691504048
7692332423,7692356057
7692455883,7692470169
7692669460,7692686004
7692681985,7697529571
7692693214,7692698766
7693055200,7693070474
7693725167,7693741738
7694289227,7694300229
7694516465,7694536029
7695159411,7695178638
7696913182,7696918744
7697632303,7697646422
7698633497,7698649787
7699043973,7699061616
7699642207,7703588629
7700910512,7700925206
7701546018,7701555409
7701872467,7706548869
7702277524,7702282856
7702483641,7702488722
7702605931,7702620895
7702663140,7702668843
7702785695,7702791281
7703747132,7703761644
7704052670,7704069411
7704641660,7709524860
7706600175,7706611283
7706775101,7706780847
7706782374,7706788200
7707420281,7707434454
7707724661,7707743670
7708477599,7708483709
7709537833,7709552192
7709623106,7709642480
7710073345,7710087517
7710270365,7710284490
7710589731,7710607214
7711066604,7711080088
7711480214,7711495124
7711804331,7711813124
7712038288,7712043436
7712868337,7712883207
7713123100,7713136988
7713489320,7713494501
7714495725,7718517033
7714578893,7714592193
7714813835,7714827466
7715693260,7721465920
7716503451,7716516791
7716722276,7716736114
7718641565,7718645504
7718874025,7718888207
7719901855,7719912640
7720539492,7720544176
7721026689,7721041492
7721065453,7721081386
7721158738,7721164093
7721588771,7721599055
7721815421,7721819908
7721900116,7721905171
7721932336,7721937778
7723623756,7723637490
7723760342,7723775022
7724190375,7724204795
7724337007,7724351450
7724728704,7724742024
7724858535,7724862958
7724913315,7724927471
7727130475,7727139001
7727699327,7727704953
7727726889,7727747863
7728234819,7728250959
7729500796,7729510491
7729761987,7729779497
7730500382,7730520367
7730779558,7730786530
7730917634,7730933342
7733470875,7733495016
7734237891,7734243481
7734834155,7734850291
7735957922,7735970962
7736537601,7736551924
7737075489,7737083902
7737563050,7737575812
7738069837,7738075103
7739840954,7739846203
7739937870,7739942140
7740094408,7740118175
7740891984,7740909263
7741463906,7741467651
7741851593,7741867894
7741884197,7741897891
7742070957,7742084584
7742271327,7742276542
7742285472,7742299905
7742359690,7742364244
7742764390,7742782090
7742779959,7742794031
7743137174,7743143044
7743443134,7743448165
7743490915,7743505625
7744338992,7744353288
7747319517,7747324107
7747596133,7747601021
7747771230,7747787667
7748909287,7748931764
7750978772,7750993669
7752414887,7752425819
7752669301,7752680824
7753094055,7753106366
7753821615,7753835066
7755285196,7755290855
7755490367,7755496274
7755943580,7755949961
7755979087,7755983634
7756345891,7756354450
7757486631,7757492470
7757935493,7757948880
7757952950,7757967432
7758561972,7758566636
7758828452,7758842176
7759262151,7759267119
7761328579,7761341525
7761842700,7761847805
7762571477,7766339468
7762813772,7766351579
7762857550,7762869941
7763474595,7763483098
7763483732,7763502642
7764543271,7764548620
7764907239,7764911919
7764976863,7769368630
7765892787,7765905238
7766790212,7766801120
7768498142,7768503291
7769928157,7769933566
7770762042,7770766021
7770768546,7770773688
7771190602,7771206160
7771355746,7771360961
7771802681,7775436556
7772513982,7772519761
7772755198,7772760697
7773038432,7773053821
7773088108,7773092488
7773304558,7773317006
7773678254,7773682821
7775448466,7775469580
7776477038,7776481749
7776988032,7776993003
7777934565,7777947541
7778945051,7844263254
7779082607,7779097809
7780569474,7780573807
7780696047,7780700507
7781050216,7781062717
7781062554,7781076275
7782205652,7782219376
7783221596,7783226246
7783527348,7783541487
7784521455,7784534428
7785380981,7785394709
7787286486,7787298389
7836705639,7836710664
7838338506,7838343428
7840111337,7840115998
7844428455,7844447799
7844706672,7844731869
7844887217,7844891978
7845205160,7845210526
7845419479,7845435251
7845420007,7845425392
7846370863,7846376125
7846552638,7846557603
7846602521,7846620956
7846848017,7846852621
7847184138,7847200211
7847450885,7847471191
7848159977,7848165136
7849069697,7853231012
7849346721,7849362189
7849667678,7849671082
7850072030,7850085714
7850578467,7850583458
7850761675,7850766192
7850834717,7850839681
7851207842,7851222077
7851389239,7851394568
7851460019,7851468027
7856426120,7856431415
7857923534,7857928548
7863212843,7863217821
7865917016,7865929584
7866261058,7866266631
7872874742,7872894217
7873197116,7873202097
7873488415,7873502293
7873846750,7873857738
7875268279,7875273631
7876831057,7876843863
7877498371,7877503680
7878213136,7878225992
7878313480,7878318077
7878839728,7878844696
7880047172,7880060532
7880274016,7880279441
7881032450,7881036916
7881534887,7881540356
7882268051,7882272835
7882396131,7882410306
7882611956,7882626903
7884257846,7891183356
7887147993,7887167150
7887985145,7887990524
7888117077,7888125433
7888295662,7894191758
7888395047,7888400572
7888575856,7888587977
7888771780,7888790124
7889423104,7889428734
7891421115,7891430994
7891706932,7891711566
7891799221,7891825557
7891820395,7891824505
7892288933,7892302534
7894084271,7894106588
7894234034,7900136875
7894555502,7900158160
7895191906,7895197104
7895279377,7895290482
7895851142,7900173986
7896190774,7896196190
7897228150,7903132298
7899202269,7899216268
7899679517,7899684053
7900234506,7906120467
7900512847,7900521880
7900597014,7900601697
7900931558,7900945196
7901868225,7901872652
7901894674,7901905270
7902628566,7902631901
7903210718,7903226808
7904430661,7904435249
7904587706,7904602603
7904667767,7904681509
7905388048,7905393013
7906171332,7906192109
7906820239,7906830382
7907065925,7907072297
7907259004,7907273798
7907815134,7907822911
7908039074,7908053513
7908114973,7908135683
7908121003,7908126061
7908155317,7908160375
7908527249,7908541311
7908535653,7908556723
7908613845,7908633269
7908781879,7908797675
7911388321,7911401835
7911446212,7911450278
7912020145,7912025163
7913287818,7913291864
7913748431,7913753105
7913838391,7913844651
7914027586,7914041124
7914248036,7914262268
7914624635,7914629165
7916794334,7916808062
7917281223,7917286345
7921800783,7921805276
7929584387,7929595194
7930547130,7930561522
7930553695,7930559792
7932045913,7932140380
7932242241,7932250733
7932623455,7932628802
7932970403,7932974926
7933075645,7933090351
7933468591,7933483551
7933616222,7933630598
7933860188,7933875860
7934183032,7934198136
7934210908,7934221606
7934726502,7934737310
7935425348,7935438999
7935555392,7935568829
7940331667,7940337015
7940499500,7940515770
7941723972,7941734820
7943989950,7944010573
7944109908,7944117518
7944265647,7950030296
7944424768,7944439979
7944524049,7944548815
7946562675,7946577538
7947862217,7947877041
7948858409,7948862890
7949849974,7949871122
7950059863,7950074643
7950412745,7950447096
7950752211,7956108284
7951610775,7951625157
7952055084,7952074037
7954152226,7954166835
7954625617,7954630101
7955257635,7959035729
7955563210,7955568201
7955589082,7955593987
7955711543,7955721549
7955781524,7955793505
7955911809,7955930385
7956306303,7956311768
7957596477,7957601168
7957950288,7957964881
7959193877,7959216348
7959438187,7959443553
7959562211,7959590215
7960208311,7965010841
7960569021,7960579371
7960804233,7960821402
7962924120,7962938776
7963290002,7967998576
7965184301,7965204390
7966111233,7966117457
7967511266,7967523651
7967676176,7967681157
7967803999,7967809448
7968025333,7968040401
7968163463,7968169172
7968367338,7968387343
7968887405,7968901698
7969639030,7969643961
7969664348,7969678423
7971079529,7971117311
7971465883,7971480921
7971559616,7971568412
7971850417,7971854169
7972562934,7972575572
7972592190,7972606349
7973219380,7973232727
7974163451,7974186928
7974413086,7974428735
7974859754,7974864716
7975351785,7975361039
7975810778,7975826747
7977082363,7977097133
7977321602,7977340678
7977919706,7977924002
7978787300,7978799418
7978838363,7978852932
7982016104,7982026575
7983770894,7983779731
7984002655,7984007189
7984883062,7984896052
7985826077,7985830631
7986412097,7986432824
7987105547,7987117839
8007240330,8007245862
8007377908,8007382508
8007747986,8007761363
8009974647,8009984790
8014408613,8014423139
8014414296,8014418926
8014733268,8014749271
8015373294,8015377721
8015483781,8015497535
8016109117,8016125394
8016355628,8016361278
8016455865,8016460215
8017494727,8017499154
8018071005,8018075365
8018454300,8018468332
8020997191,8021369998
8021897793,8021991318
8022862751,8022867242
8023064659,8023069483
8023333942,8023338308
8023351885,8023357575
8023428065,8023434092
8023430086,8023435241
8023442200,8023446543
8024079312,8024084544
8024907842,8024912656
8028073519,8028087241
8029896423,8029915887
8030035632,8035862041
8030895435,8030908582
8031064705,8031070365
8032084725,8032095045
8032420853,8032428563
8033016608,8033029975
8033172625,8033176794
8033899728,8033903469
8033956169,8033973632
8034058507,8034063111
8034168910,8034184840
8034542136,8034546753
8034869954,8034876573
8035272339,8035276872
8036568450,8036573204
8037183683,8037188404
8037246509,8037251203
8037330943,8037344571
8037539348,8037564532
8037631403,8037635319
8037754886,8037767729
8037866064,8037870563
8040316997,8040321120
8040650346,8040663749
8040906078,8040920444
8042131335,8042143129
8042456171,8042465328
8043113332,8043126405
8044133699,8044148513
8044426763,8044439993
8048082697,8048087932
8049921314,8049935159
8050000863,8050006349
8051932474,8051945794
8051974787,8051987071
8051997598,8056844402
8052104657,8052119006
8052849163,8052856927
8052945344,8052959526
8053689926,8053695582
8053935820,8059790412
8053993303,8053998081
8054247134,8054257852
8055175703,8055192939
8055232515,8055238041
8056712557,8056723992
8057639285,8057653086
8060110567,8060125030
8060439619,8060452979
8060454145,8060459377
8061296502,8061302285
8064415187,8064429162
8064962656,8064976741
8065040526,8065045564
8065230549,8065243789
8065439045,8065443655
8065885566,8065895037
8066461316,8066470600
8066521980,8066534896
8066746746,8066758245
8068315995,8068321020
8068712964,8068721600
8069045260,8069049312
8070005541,8070010355
8070471152,8070485711
8072130034,8072140832
8072212685,8072218114
8072287554,8072290755
8072452889,8072467766
8072627551,8072632475
8072639311,8072652725
8072686341,8072691910
8073851729,8073856530
8073892492,8073897082
8074160124,8074171209
8074461934,8074465923
8074545647,8074556084
8074676069,8074680663
8075323304,8075337811
8075427130,8075441706
8076495064,8076508715
8078719150,8078732848
8078874669,8078879536
8078999899,8079005188
8079609957,8079625158
8079611939,8079621638
8079918246,8079925173
8081924317,8081928587
8082371319,8082385758
8082859728,8082873409
8083581887,8083586584
8084106728,8084110751
8084124278,8084137952
8085247151,8085260447
8086069402,8086082495
8086155881,8086171560
8086226294,8086231021
8086515492,8086527853
8086872398,8086883546
8087007867,8087015655
8087339080,8087342588
8088621217,8088628867
8088805795,8117754944
8093302112,8093305864
8095668740,8095672572
8096333859,8096337448
8096792177,8096805390
8096872566,8096883942
8097559324,8097570175
8114652259,8125184081
8114711914,8114727205
8114788718,8114802916
8117809901,8117832463
8117820990,8117830187
8117846391,8117867455
8118319933,8118324791
8118751550,8118766370
8119820190,8119833887
8119996289,8120010026
8120230709,8120244247
8120708104,8120712978
8121037282,8121041495
8122680997,8122694267
8123687807,8123691909
8126673490,8126689694
8126844932,8126849866
8127946897,8127952603
8128250294,8128256478
8128600844,8133517924
8129980999,8129986692
8130916317,8130920483
8131701291,8131706292
8134119115,8134130227
8134839453,8134843488
8137543908,8137557742
8137643057,8137648743
8137792225,8137808672
8138226719,8138235492
8138470334,8138485571
8138523624,8138538027
8140743323,8140751612
8143247550,8143251973
8143415046,8143419419
8143747980,8143764404
8143789694,8148646377
8144191865,8144205345
8144826659,8144841536
8144908598,8144916606
8145848506,8145862063
8146005217,8146013960
8146250904,8151620351
8146627092,8151638966
8146768716,8146783215
8146882079,8146887234
8147318434,8147332740
8147384236,8147400189
8148992742,8148997519
8149244398,8149259198
8149266568,8149276193
8149804089,8149818495
8149904466,8149912117
8151047524,8151061399
8151236929,8151241383
8151547867,8151552825
8152322728,8152336205
8152898324,8152903232
8153681952,8153692994
8154291699,8154304421
8154329161,8154332792
8154826460,8154831234
8154953675,8160638907
8156987273,8157000118
8158091723,8158121754
8158609218,8158614246
8159502768,8159517468
8160358068,8160362598
8160634804,8160641079
8160699621,8160723839
8160774908,8160784771
8160928486,8160938662
8161053539,8161058577
8161481184,8161499686
8161572574,8161585023
8162182860,8162212086
8162356326,8166624904
8163305912,8163310259
8164139353,8164143913
8164144581,8164149195
8164980704,8164985569
8165511576,8165516521
8166557625,8169586038
8166780606,8166799499
8166870069,8166885604
8166954884,8166970192
8167695862,8167700563
8169949692,8169954108
8170075146,8170083445
8170366505,8170371517
8170911409,8170926888
8171504091,8171517799
8172509558,8172513169
8173115931,8173128623
8173796839,8173801202
8174691057,8174695697
8175178651,8175186692
8175190130,8175197634
8175812940,8175817484
8176062308,8176071372
8178034080,8178046606
8179907899,8179912352
8181079425,8181084366
8181179100,8181183664
8181412820,8181426497
8181545166,8181559896
8181892345,8181898026
8182243754,8182257856
8182266780,8182281129
8182431392,8182444970
8182458070,8182463084
8182499934,8182513234
8182793526,8182797060
8183752287,8183763920
8184140061,8184145403
8184533645,8189567032
8185647414,8185651894
8186317515,8186330775
8187037826,8187043218
8187421333,8187424939
8187779953,8187796994
8190118471,8190123853
8190573671,8190577477
8190687516,8190693189
8191007965,8191021753
8193363842,8193377410
8193629119,8193642563
8194077718,8194090821
8194940041,8194954955
8198932427,8198937078
8201061698,8201073849
8203935949,8203940102
8226864861,8226879564
8228379781,8228392600
8228962230,8228974892
8233573885,8233587896
8233583015,8233592961
8233613905,8233631365
8233642430,8233648367
8233997237,8234010493
8234339395,8234344142
8234379459,8234384600
8234598762,8234603563
8236281859,8236296005
8236462816,8236467416
8237078419,8237083478
8237890512,8237894157
8237941557,8237947140
8238444483,8238457666
8239184401,8239201159
8242407566,8242421297
8242474153,8242487299
8243267195,8243281224
8243512811,8243526930
8244692897,8244708883
8244982489,8244988994
8245181921,8249279669
8245998847,8246006929
8246198021,8252467717
8247226881,8247233890
8247444871,8247459828
8247500002,8247504419
8248782393,8248795750
8249498153,8249508146
8249927749,8249935641
8251020296,8251033660
8251790044,8251800972
8253190203,8253195074
8253611971,8253616939
8255253367,8255259257
8255300651,8255313266
8255568194,8255591279
8255801058,8261381970
8256548590,8256554276
8256681200,8256686355
8258026690,8258031892
8259882776,8259887052
8260387495,8260395594
8261128386,8261143814
8261480089,8261494896
8262663352,8262668243
8262764233,8262777684
8262783440,8262788615
8264623126,8264650297
8265630934,8265648367
8265983793,8265988991
8266431503,8266435172
8266521681,8266526843
8267351069,8267382483
8267614168,8267624398
8267640818,8267659945
8267947626,8267962944
8268697741,8268712615
8270779084,8270783571
8271563039,8271567121
8271825393,8271834209
8271947566,8271959630
8272295798,8272307334
8272394308,8272410317
8272665007,8272678147
8273062190,8273076338
8273435315,8273440159
8273523050,8273540055
8274016393,8274021278
8274212872,8274226730
8274420716,8274431657
8274514598,8274520508
8274645633,8274650316
8275232654,8275246773
8275381381,8275386980
8276818741,8276831351
8277194650,8277207459
8277210445,8277237477
8277660080,8277665512
8278055726,8278061639
8278084433,8278088079
8278216079,8278220355
8278949610,8278955052
8279981272,8279986224
8280432327,8280437582
8282742909,8282757472
8283055790,8283070915
8283661021,8283665658
8283677491,8283694196
8283843717,8283855383
8285432595,8285437396
8286027566,8286050060
8286755671,8286760983
8286878121,8286904825
8288079689,8288084296
8288484605,8288490676
8288572324,8288581284
8288749803,8288766547
8288989075,8288992572
8289322954,8289336411
8289469729,8289485876
8290338226,8294374551
8290697188,8290712206
8291016772,8291029411
8291227499,8291239156
8291446468,8291451399
8292035041,8297306299
8292955889,8292959709
8294491503,8294513867
8294494393,8294501956
8297330818,8297336834
8297462262,8297467635
8297641832,8297655847
8298189415,8298194333
8298755841,8298769282
8299186540,8299191327
8300736055,8300741440
8300792944,8300806287
8301539340,8301553877
8302401496,8302406089
8303675590,8303683746
8304057635,8304062750
8304110960,8304127554
8304264547,8304279060
8304552830,8304557150
8304672885,8304677299
8304756094,8304773891
8304957419,8304965137
8305252615,8305266803
8306053571,8306070944
8306184244,8306187792
8306316383,8306341360
8306538479,8306543688
8306571114,8306584174
8306725118,8306738973
8306767615,8306781810
8306821607,8306826384
8306896660,8306910879
8306996022,8307009061
8307352619,8307358138
8309132479,8309146681
8309722044,8309726260
8309901141,8309908881
8310243251,8310256738
8311318100,8311329694
8311451009,8311466337
8311960947,8311965804
8312090370,8312109820
8313039920,8359017865
8313679728,8313693770
8313774195,8313784153
8314524588,8314528998
8314815376,8314828930
8315096276,8315120053
8315138057,8315142156
8315580325,8315588116
8316085687,8316105822
8317772625,8317776654
8323916269,8323929198
8326037258,8326041046
8326529974,8326535529
8329302083,8329305368
8360983041,8360993047
8362518147,8362522250
8367007575,8367012757
8367364340,8367369341
8367546459,8367550865
8369216152,8377992975
8371226154,8371231425
8371849498,8371870927
8371865130,8371878948
8374062926,8374075014
8374186022,8374191324
8374326012,8374342372
8375195888,8375202203
8375398210,8375406081
8375468095,8375483967
8377047968,8377053247
8377293919,8377308665
8377611842,8377621173
8377860775,8377865941
8378023815,8378038374
8379015844,8379021146
8380357318,8380361257
8382295400,8382301112
8382820245,8382826960
8383080287,8383085271
8383969163,8383983345
8385302812,8391148922
8386047351,8386066595
8386883254,8386888205
8387638177,8387643395
8388277972,8388287169
8389084725,8394144087
8389162160,8389177288
8391311390,8391317026
8392723982,8392729334
8393642481,8393647282
8393705030,8393715089
8394383482,8394398202
8394586566,8394591370
8395107829,8395129184
8396847124,8396851895
8397280756,8397307794
8397824103,8397829451
8398061219,8398083730
8398843250,8398857038
8399254047,8399259138
8399705810,8399710938
8400125330,8400130411
8400646309,8400651037
8401913148,8401918115
8402014824,8402029608
8405275928,8405294216
8405679458,8405684964
8405919378,8405933574
8406135905,8406147255
8406163685,8406180613
8406618919,8406631598
8407107752,8407119526
8407225446,8407230774
8407758105,8407772624
8407779934,8407793862
8408286695,8408299872
8408813371,8408828635
8409709086,8409713713
8410513290,8410517463
8410886799,8410892595
8413825359,8413834723
8418750624,8418768374
8419658449,8419663631
8421531871,8429066387
8422093757,8422114323
8422398209,8422411503
8424742080,8424764667
8426483873,8426488791
8426718137,8426733866
8427311277,8427330106
8428044704,8428061719
8428128998,8434114821
8428456149,8428460983
8428700041,8428704174
8428882611,8428898975
8429079928,8429089249
8429174281,8429179590
8430688303,8430693217
8431262570,8431267190
8431325853,8431335097
8431383864,8431400028
8431494211,8431508567
8431895342,8431911198
8432697622,8432710167
8433411051,8433417763
8433755638,8433760719
8434629169,8440067476
8434981868,8434996477
8437636194,8437641393
8438005180,8438009309
8438726640,8438731464
8438834845,8438849307
8440786216,8440797378
8441731256,8441735305
8442833087,8442845916
8443255330,8443260238
8443487613,8443501932
8443524396,8443538902
8443569264,8443585047
8443576511,8443590512
8443611734,8443624686
8444309911,8444314485
8445265665,8445270102
8445407984,8445422220
8445479376,8445494102
8445565327,8445579208
8446977150,8446991713
8447728358,8447733520
8447840442,8447854433
8447917045,8447935470
8447944123,8447948580
8448001095,8448017683
8448013203,8448018425
8448924700,8448929183
8449792929,8449806951
8450114963,8450126637
8450301270,8450304212
8450696468,8450709364
8451693021,8451697518
8451732400,8451747217
8452723648,8452738692
8452882033,8452886683
8452883634,8452888865
8453022634,8453034380
8453499986,8453505141
8453551088,8453564231
8453915787,8453927668
8453943156,8453969121
8454274928,8454287405
8454309472,8454323033
8454731574,8454747063
8454944306,8454985810
8455998480,8456005211
8456396882,8456401860
8457165395,8457169685
8457387788,8457392212
8457504762,8457508110
8457536532,8457541266
8457769141,8457780816
8458269752,8458275528
8458590161,8458594397
8460966765,8460999683
8461587731,8461605899
8461660894,8461675791
8461829248,8461833745
8461879799,8461886865
8462221884,8462236617
8462284499,8462303692
8462429390,8462433510
8463126041,8463129629
8464318735,8464323452
8464628589,8464632876
8465892755,8465906603
8468448061,8468463790
8469252424,8469256865
8470074924,8470086040
8470374340,8470407048
8470591872,8470598921
8470827629,8475994270
8471299681,8471312163
8471794414,8471813417
8473501169,8473504987
8476604742,8476621046
8478717880,8478731929
8480244116,8480248362
8480789872,8480804060
8480970584,8480975171
8481143469,8481147655
8482154267,8482163351
8483022276,8487944293
8484017680,8484036556
8484351733,8484365461
8485013642,8485032140
8486162195,8486178152
8487744107,8487748086
8488001697,8488019851
8488360824,8488371855
8489163184,8489171249
8489509314,8489523914
8489802902,8489807609
8490006573,8490020668
8491279315,8491286488
8491452621,8491456252
8491560562,8491564968
8492046338,8492058783
8492062471,8545822580
8543456456,8543471988
8543809813,8543814253
8544141979,8544146242
8544480609,8544484935
8544684484,8544699057
8544733561,8544736478
8544822132,8544826111
8544858197,8544862841
8545562284,8545575274
8545956200,8545965755
8546079368,8546084046
8547001419,8547016109
8548066812,8548079647
8548218365,8548231394
8548393575,8548397096
8548507466,8548521197
8548515200,8548530218
8548722373,8548735626
8548854098,8548858551
8550829654,8550842293
8551807591,8551811347
8552117527,8552124582
8553614255,8553630522
8553743491,8553770566
8553804239,8553814305
8557730559,8557735356
8558046928,8558066132
8558653565,8558658947
8559691509,8559705694
8559878870,8564822489
8561610397,8561622080
8561837925,8561843214
8562014148,8562026155
8562076064,8562091139
8562290146,8562309987
8562376381,8562393212
8563805804,8563810735
8564810897,8564823458
8565027297,8565033026
8565096827,8565136691
8565504343,8565509903
8565978691,8565984808
8566166202,8566171627
8566181954,8570838437
8566278145,8566291800
8566383781,8566389855
8566639049,8566652690
8567240367,8567249217
8568357447,8568361793
8570125065,8570129435
8570918943,8570932490
8571108679,8571113356
8571679492,8571686307
8572211403,8572225461
8572381337,8572397544
8573050639,8573057091
8574003036,8574008341
8574117695,8574132442
8574670387,8574675104
8574682107,8574686533
8576888993,8576910131
8577286701,8577295317
8577764205,8577779453
8579419610,8579432325
8579571404,8579578386
8579793196,8579811156
8580011861,8580026237
8581439430,8581454253
8581441571,8585741106
8581933007,8581937768
8583058890,8583079099
8583163383,8583171675
8583181725,8583197938
8583397266,8583402698
8583403503,8583408368
8584342099,8584347163
8584548553,8584562264
8584863840,8584878176
8584881005,8584892999
8585251491,8585262118
8585367039,8585373297
8585792579,8585805515
8586783874,8586799409
8587060287,8587073575
8587307573,8587320075
8587310135,8587314813
8587541192,8587545639
8588908097,8588926528
8588950914,8588970134
8589006667,8589031453
8589572591,8589578702
8589838614,8589842853
8589956397,8589963249
8590433380,8590446336
8590911910,8590925394
8591124846,8591136335
8591193077,8591198526
8591673361,8591687600
8591722556,8591737359
8591808470,8591812934
8592246141,8592250942
8592673552,8595735659
8592825076,8592845158
8593005233,8593014915
8593435511,8593440192
8593942285,8593955909
8594466930,8594477190
8595168916,8595182607
8595236930,8595251038
8596326660,8596338043
8596433653,8596440268
8596736535,8596753417
8597708730,8597713484
8598009133,8598013306
8598394489,8598399971
8598910574,8598916113
8599397630,8599402231
8599472707,8599487958
8599542021,8599550279
8599810532,8599815587
8600381177,8604758441
8600477111,8600482684
8600589916,8600594380
8601139798,8601144840
8601513758,8601519348
8602410455,8602423906
8602706863,8602711908
8603013554,8603027392
8604150281,8607722927
8604839752,8604859220
8605685190,8605699362
8606522539,8606527283
8606962612,8610765690
8607752320,8607772783
8608109195,8608124900
8608212038,8608224703
8611273396,8611284868
8611987066,8611999798
8612412969,8612429290
8612834310,8612839254
8612894366,8612899591
8613192982,8613198251
8613348892,8613357343
8613735820,8613741409
8614125322,8614128990
8614642454,8614656305
8615411943,8615416440
8616051026,8616055513
8616137646,8616150946
8617038659,8617049180
8617311467,8617320928
8618128861,8618143073
8619760616,8619768624
8620012680,8620027256
8620364777,8620378284
8620601419,8620617957
8620897276,8620911020
8621136872,8621150910
8621999334,8622003945
8622160446,8622165083
8622229442,8622241830
8623234421,8623256050
8623286262,8623292506
8623713486,8623718824
8624680361,8628627913
8624742088,8624756016
8624981299,8624985689
8625796271,8625810444
8627006742,8627010745
8628078066,8628082072
8628871093,8628885138
8629245738,8629258510
8629641401,8629645774
8629763454,8629778952
8630142846,8630147126
8630527507,8630542678
8631817090,8631831753
8631874119,8631889147
8632367784,8632382337
8633029342,8633042562
8633944708,8633949542
8634853719,8634867383
8634900241,8634904761
8635606961,8635610880
8635738175,8635742785
8635820060,8635833190
8635862737,8635876375
8636153061,8636167711
8637483627,8637503462
8639289566,8639295840
8639412581,8639426813
8640587044,8640591694
8640731661,8640736469
8641781962,8641803795
8641898543,8641903725
8643602254,8643618173
8644135935,8647592485
8644587324,8644602866
8645154374,8645168090
8645277544,8645292226
8645314474,8645327661
8645400118,8645405681
8645408580,8645413812
8647519617,8647534140
8648912955,8648925948
8649246884,8649252096
8650601809,8650634101
8650925101,8650930844
8650989257,8651018870
8651167573,8651182109
8651261570,8651267112
8651480575,8651492335
8652255460,8652269852
8653764536,8653773770
8654242345,8654247467
8654308084,8654321875
8655766432,8655770939
8656778367,8656782657
8657027872,8657032145
8657039377,8657045209
8657161611,8657175530
8657291352,8657304629
8657502423,8657515897
8657610838,8657624372
8657683503,8657688174
8657698129,8657711283
8657792867,8657797344
8657982994,8657999756
8658345629,8658359453
8658529492,8658532672
8660132729,8660142030
8660674316,8722528554
8660785694,8660800624
8662716592,8662729929
8717226245,8717239368
8718348065,8718352492
8722512567,8722540337
8722618427,8722624190
8722716736,8722726592
8723050662,8723066953
8723190248,8723195707
8724944821,8724959605
8725506533,8725519582
8725641037,8725657478
8725643764,8725649480
8725906706,8725910675
8727160224,8727175097
8727585360,8727600504
8728606549,8728611573
8729451759,8729468540
8729634058,8729638772
8730691175,8730695969
8731002811,8731007211
8731852207,8731860379
8733538499,8733551819
8733912252,8733925832
8734175260,8734178929
8734466353,8734480856
8735850667,8735863483
8736065283,8736069676
8737651167,8737654815
8740483380,8750229166
8742191464,8742206107
8742551486,8742555692
8743920158,8743923936
8747487074,8747501447
8748239731,8748250616
8748498043,8748502724
8750279948,8750289055
8750779332,8750783975
8751226858,8751232304
8751299446,8751307514
8752570059,8752577733
8754493347,8754505074
8754735813,8754740370
8755964408,8755969366
8756071190,8756076034
8756464313,8756479441
8756719825,8756731632
8757580751,8757596303
8758054805,8758067106
8758257794,8758262742
8759083153,8759088208
8759944410,8759958371
8760449847,8760462683
8760940769,8760945596
8760975137,8760980068
8762874116,8762888529
8762917849,8762932435
8763125980,8763134138
8763244949,8763249941
8763440465,8763459241
8763509251,8763525461
8763659909,8763681524
8763956958,8763974434
8764417908,8764422108
8764732451,8764736737
8765840857,8765857565
8766661498,8766666062
8766963903,8766968737
8767477135,8767484194
8767662331,8767667559
8767880472,8767884745
8768165290,8768178423
8768966400,8768976737
8769461842,8769479482
8770477515,8770492252
8770595512,8770611575
8771299005,8771315456
8771665555,8771674412
8771680539,8771693719
8771705074,8771709257
8771975691,8771979225
8772552146,8772556061
8772917884,8772921525
8776757638,8776762555
8777561104,8777575506
8778382156,8778396221
8778419193,8778442272
8780741555,8780746509
8783870639,8783875934
8784246706,8784252158
8784848293,8784862014
8785554983,8785559837
8787204344,8787217905
8788539898,8788544258
8788854698,8792348338
8789666993,8789672082
8789805607,8795339129
8791676179,8791690194
8791985566,8791990364
8792706409,8792710581
8793032965,8793039660
8793117493,8793121879
8793429429,8793451008
8793661784,8793675271
8795805161,8795809524
8795928731,8795933083
8796107219,8801296054
8797264168,8797281561
8797264987,8797270279
8797283589,8797287528
8797741866,8797755176
8798970241,8798975252
8799568001,8799573036
8800055652,8800062728
8800121708,8800135910
8800239702,8800254121
8800377955,8800382214
8801723542,8801733902
8802088000,8802109399
8802583696,8802601580
8802584183,8802600377
8804195432,8804208819
8804538866,8810311419
8804941531,8804945420
8806842843,8806847149
8807725007,8807737862
8807943003,8807955365
8808001693,8808006607
8810419882,8810434120
8810816710,8810822146
8810946607,8810961645
8811077407,8811091362
8811620296,8811624689
8812388913,8812394061
8812807451,8812812372
8812890622,8812895199
8813019073,8816328630
8813819566,8813834603
8813846814,8813851167
8814201213,8814206141
8815458039,8815472375
8815626941,8815640185
8816284871,8816289421
8816581372,8816595107
8817236743,8817249989
8817246481,8817260948
8817494747,8817507683
8817593474,8817606607
8818106853,8818118516
8818343305,8822223995
8818891192,8818903293
8819745917,8819751787
8819971024,8819984548
8820340747,8820351358
8820343103,8825242593
8820356734,8820360796
8821190922,8821205048
8822217356,8822225251
8822350468,8828209841
8824377945,8824387280
8824389996,8824407312
8824420027,8824424878
8824562463,8824574747
8825305458,8825324792
8825640856,8825644235
8826591725,8826598356
8828076088,8828088597
8828390801,8828403924
8828664704,8828677229
8829570235,8829574797
8830620863,8834231899
8831477960,8831480867
8833515427,8833528457
8834055617,8834059649
8834482981,8834497277
8835378097,8835388073
8835381218,8835393386
8835625358,8835629962
8836082973,8836087096
8836853635,8836857625
8837653323,8837658611
8837991986,8837997115
8838015934,8838020267
8838265486,8838279818
8838843741,8838848004
8839269489,8839273778
8839712746,8839725515
8840216683,8840231347
8841310527,8841314753
8841480655,8841493705
8841557930,8841561174
8842304046,8842308413
8842565268,8842569982
8844695494,8844700285
8846041308,8846044078
8897666453,8897683799
8897728146,8903090828
8898399202,8898404384
8899059631,8899072119
8899647472,8903123115
8900910926,8900935027
8901013665,8901019712
8901758779,8901773024
8901997068,8902001699
8902722187,8902737729
8902932744,8902947487
8903071989,8906137820
8903637623,8903653178
8903676066,8903690422
8904084765,8904091978
8904901391,8904905634
8904917140,8904933002
8905378538,8909058791
8905381642,8905387411
8906169873,8906192043
8906727205,8906732350
8907641772,8907655396
8907843803,8907859445
8908286128,8908297290
8908335353,8908340153
8908370713,8908375514
8908376459,8919074418
8908954982,8908959813
8909278765,8909288093
8909289991,8909303418
8909808361,8909812891
8910416862,8926114498
8910493696,8910497211
8910553525,8910560598
8910908883,8910913447
8911367047,8911371213
8912995999,8913000696
8914658239,8914663036
8914770112,8914782530
8916629034,8916641359
8917269294,8917273520
8917703263,8917707867
8918250749,8918266188
8919225533,8919229285
8919556650,8919561571
8920563787,8920569226
8920682288,8920697676
8920704676,8920712563
8920998878,8921002861
8921705385,8921710289
8921868197,8921872547
8922269582,8922283423
8922613397,8922625541
8924707753,8924721698
8925879800,8925893641
8926710350,8926725458
8927106818,8927121351
8927229258,8927234898
8928628079,8928640748
8928968192,8928981880
8929138942,8929143770
8929577037,8937876933
8930609853,8930623450
8932037348,8932049465
8934591063,8934595473
8934787010,8934792366
8935636678,8935652373
8937999317,8938006971
8938143831,8938166689
8938347051,8938364881
8938375729,8938385832
8938636931,8938644742
8938916230,8938930449
8938979456,8938995422
8939570377,8939582959
8939790539,8939795604
8939884622,8939897929
8940234241,8940239633
8940392706,8940397607
8941026110,8941041786
8941204965,8941218857
8941518218,8941523400
8941634017,8941649171
8941748877,8941768060
8942539076,8942553609
8943754651,8943759449
8944227893,8944239489
8944335567,8944343121
8944405475,8944410356
8944805791,8944819469
8946346476,8946360719
8947155198,8947164338
8948174398,8948188617
8948317643,8948331965
8948501649,8948516400
8948975228,8952995227
8950421032,8950434259
8950679858,8950694291
8950697100,8950704728
8950921251,8950926246
8951606386,8951613689
8951772813,8951787382
8954044433,8954058545
8955959726,8956008209
8956311913,8956316764
8956528717,8956532182
8957951957,8957956524
8958772311,8958787398
8959246287,8959264047
8960024569,8960029584
8960062983,8960067844
8960128739,8960132995
8960856209,8960860325
8963631045,8963636040
8964550818,8964565624
8964630284,8964646006
8965161697,8965166966
8965264998,8965280450
8965615251,8965631468
8965625828,8987967694
8965644056,8965648112
8966024250,8966033508
8966048689,8966063850
8966119195,8966133451
8966600255,8966612499
8967848411,8967862646
8967980142,8967997501
8969187867,8969200923
8970661710,8970666331
8970936051,8970940244
8979352875,8979363052
8981849000,8981862230
8988871417,8988876813
8989608429,8989615031
8990625692,8990630811
8991291296,8991295556
8999337788,8999352481
9001109119,9001114364
9001226531,9001244054
9001533192,9001548918
9002115584,9006922996
9002783015,9002788244
9004549582,9004555017
9004775052,9004780401
9005640479,9005655265
9005839135,9005853938
9007066354,9007071345
9007164686,9007186686
9007520986,9007526074
9007647703,9007652771
9007659236,9007675780
9007672977,9007690854
9008471602,9008476299
9008479286,9008494551
9009656996,9009670359
9009875003,9009880565
9010395271,9010399761
9013286577,9013300739
9014094403,9014108117
9014199945,9014211338
9015372574,9015376760
9017106029,9017111591
9017978237,9017983819
9018071294,9018085663
9018205441,9018214365
9018685017,9018700048
9019336358,9019352846
9019727263,9019742902
9020415275,9020420727
9021292835,9021308437
9022001526,9022022921
9022258551,9022279823
9022277337,9022282606
9022811443,9022824947
9023105142,9023119628
9023886591,9023891853
9025114187,9025127113
9025282999,9025299196
9025300937,9025308828
9025322061,9025335338
9025815157,9025819965
9027342122,9027356380
9027380853,9030876220
9027476940,9027481871
9028217844,9028222187
9028416033,9028421672
9029129071,9029139808
9029198070,9029202774
9029742239,9029758038
9030224534,9033845079
9030475199,9030488803
9032241638,9032246633
9032348360,9032353314
9032401473,9032410771
9032413324,9032417937
9032790478,9032805077
9032959791,9032974130
9033626140,9033630940
9035096231,9035108776
9035965967,9035977534
9037176956,9037180855
9037258744,9037273688
9037290667,9037305988
9037523711,9037528569
9037611259,9037626708
9039345599,9039351369
9039439646,9039445225
9039666336,9039670709
9040010608,9040024497
9040606428,9040621248
9040713410,9040718592
9040764870,9040770232
9040823178,9040842509
9040982786,9040988272
9042070796,9042075848
9042075019,9042086352
9043208496,9043215936
9043259531,9043286258
9043639061,9043643751
9043757175,9043761137
9044192414,9044197164
9046105475,9046112735
9046215130,9046224190
9046736133,9046740670
9047206902,9047212615
9047605561,9047615354
9048387121,9048392951
9049113549,9049123906
9050575516,9050580177
9050868747,9050879902
9053248851,9053263413
9054297754,9054305247
9054331012,9054345017
9054681439,9054686233
9054924229,9054935524
9055006949,9055019493
9055514517,9055525681
9056365268,9056379741
9056412342,9056427282
9056584789,9056597755
9057816170,9084792867
9058201686,9058215043
9059948485,9059952430
9062386261,9062398943
9064094191,9064116846
9081875511,9081880653
9084836048,9084844370
9084859063,9084885877
9085054105,9085067532
9085091185,9085112383
9085243864,9085265336
9085378556,9085383247
9085753482,9096561934
9086792436,9086797132
9086924757,9086929595
9087817204,9087824761
9088305299,9088319862
9088754874,9088759548
9088982457,9088989387
9089138235,9089152414
9089494562,9089509840
9089518506,9096586346
9090340308,9090344472
9091226410,9091239677
9092864429,9092881451
9093110770,9093116302
9094245556,9094250424
9095216635,9095231381
9096651998,9096664767
9097423121,9097439361
9097565309,9097570511
9097570591,9097575362
9097637245,9097657692
9098036954,9098051416
9098245780,9098260637
9098310122,9098321802
9099208052,9099215255
9101036225,9101050276
9101422018,9106714257
9101987218,9101994955
9102273155,9102287103
9102280224,9102284507
9102488730,9102503082
9104002501,9104030374
9104404584,9104417106
9106506363,9106510640
9106801217,9106811250
9107242403,9107260120
9107360113,9107377385
9108015637,9108020201
9108109373,9108126421
9108335929,9108350505
9108739529,9108755442
9109780229,9109785043
9110023864,9110028949
9110287194,9110292449
9110452662,9110461685
9110859048,9115654560
9110993439,9111000008
9111205409,9111209666
9111640204,9111650881
9112818031,9112834865
9112947230,9112966263
9112965017,9112983799
9113252895,9113268357
9113326248,9113341375
9113490841,9113495939
9113658557,9113675926
9114746196,9114760442
9114960836,9114975188
9115426781,9115431662
9115847717,9115852752
9117210503,9117215427
9118724410,9118728777
9118871447,9118885248
9118957582,9118966011
9119562024,9124687712
9120287018,9120291843
9121325460,9121330889
9123019158,9123044158
9123029104,9123044843
9123966523,9123977341
9124148916,9124153493
9124827355,9124832326
9125428620,9125433474
9125653031,9125658427
9125825114,9125829935
9126022043,9126027359
9126461849,9126467485
9126868463,9126881215
9126904094,9126909105
9127205075,9127210053
9127640558,9127667569
9127856891,9127865457
9128075523,9128093283
9128955906,9128971512
9130858835,9130868657
9131005739,9131020163
9132231483,9132237279
9132670193,9132675405
9133121548,9133129339
9134207890,9134213308
9134359280,9134382707
9134786748,9134792421
9134854565,9139670463
9134961053,9134970130
9135292847,9135307628
9137132516,9137147072
9137256747,9137270856
9137686227,9137700442
9138693514,9138697870
9139807703,9139827909
9140218694,9140226993
9140665763,9140679163
9141046972,9141051847
9141093140,9141105341
9141575639,9141580180
9143265212,9143270347
9143710690,9143727101
9144384118,9144399269
9144640689,9144647625
9144666545,9144679938
9145107794,9145121251
9145283392,9148569961
9145788201,9145796974
9146077793,9146091247
9146232841,9146238373
9147603765,9147611509
9147651871,9147659977
9147657076,9147672561
9149262123,9149272289
9149295796,9149300821
9149308539,9149318221
9150859162,9150871570
9152178187,9152185636
9152388996,9152402249
9152951844,9152965772
9153304426,9153308636
9155896023,9155907757
9156318453,9156324254
9156473160,9156478175
9156581058,9156585575
9157806870,9157818616
9186647754,9186653260
9187148404,9187153633
9187308026,9187322812
9188265724,9188279859
9188841154,9188845597
9189262925,9189277618
9189997328,9190012659
9190620863,9190629245
9190881807,9190895709
9191073271,9191087092
9191358002,9200350914
9191431692,9191436253
9192164388,9192168664
9193253474,9193267245
9196251321,9196267294
9196744094,9196748497
9198691540,9198696090
9201751044,9201759877
9202175364,9202180890
9203607544,9203612796
9204105535,9207544608
9204228597,9204232425
9205849286,9210520105
9207660420,9207678682
9208446052,9208450984
9208878552,9208893612
9208991230,9209006354
9209752661,9209758197
9210594915,9210615762
9210949294,9210954275
9211097833,9211115189
9211267664,9211286233
9211283858,9211306659
9211776864,9211785293
9211866898,9211872734
9212080749,9212088687
9213779522,9213795341
9213948708,9213953826
9214182304,9214187282
9214395660,9214400331
9215067304,9215080334
9216042850,9216057392
9216868629,9216882992
9216929875,9216944251
9218791466,9218805715
9218844590,9218849581
9219104719,9219114297
9219154515,9219159660
9219643416,9219657900
9219724479,9219740532
9220089231,9220093778
9221598833,9221604105
9223866781,9223881899
9224079125,9224084143
9224152364,9224156965
9225628617,9225650724
9225973712,9225977521
9226347925,9226351894
9226519040,9226523713
9226951549,9226964846
9227212954,9227218333
9227760771,9227765448
9228538826,9228550529
9228799393,9228815806
9229698007,9229703162
9231025333,9231038997
9231385825,9231402784
9231551230,9231566471
9233405555,9233410356
9233430294,9233465050
9233560392,9233565387
9234739890,9234744670
9234971424,9234986548
9235064097,9235079031
9235974425,9235978648
9237311906,9237316560
9238134907,9238143466
9238141244,9238145788
9238209729,9238223554
9238842258,9238852558
9238887156,9238891376
9240362811,9240367645
9240942209,9240946639
9243776684,9243789703
9245478971,9245497838
9245592308,9245613676
9246009803,9246023621
9246512054,9246528471
9246886188,9246901603
9247009500,9247022784
9249354887,9249360022
9249693424,9249698756
9249794439,9249799514
9250092477,9250120254
9251190346,9251204261
9251519572,9251534656
9252061459,9252067355
9252363326,9252378106
9253206030,9253223172
9253245139,9253249509
9253934667,9253944743
9253935305,9253939000
9254338280,9254379083
9255156074,9255170696
9255299642,9260380337
9255692226,9255707136
9256135754,9256149124
9257095420,9257105883
9257606170,9257612213
9258821060,9258825961
9259514300,9259518867
9260029209,9260033338
9260160406,9260164863
9260475837,9260490350
9261860940,9261865737
9262748022,9262762625
9262945779,9262959257
9263094590,9263118587
9263145335,9263161418
9263147623,9263164966
9263328065,9263340998
9263545290,9263549353
9263727927,9311292518
9264140371,9264144951
9264710455,9264723882
9264774944,9264780103
9265008854,9265021028
9266002307,9266011557
9266062937,9311320886
9268336054,9268340888
9268604288,9268613355
9268806429,9268816869
9268921727,9268926601
9268941949,9268955460
9269810412,9311340203
9269972065,9269976607
9270784695,9270787832
9279615920,9311341690
9305188474,9305194478
9305235872,9305240158
9311488769,9311512937
9312654542,9312667949
9312883447,9312896086
9313048561,9313063953
9313085281,9313089490
9313692138,9313696852
9314185178,9314198341
9318766504,9318781541
9319488876,9319503296
9319829695,9319835368
9320094524,9320112909
9322692583,9322707340
9323385726,9323400526
9323494055,9323499574
9323582275,9323601468
9324315632,9324320600
9324825499,9324829963
9327448041,9333202436
9331286418,9331291941
9332173089,9332177683
9332904569,9332910662
9333603267,9333622578
9333943083,9333948325
9336274382,9336297768
9336482296,9336494704
9336683665,9336689101
9336885372,9336899637
9337573971,9337589957
9337646378,9337652068
9337701877,9337707266
9337871418,9337876553
9337905485,9337910620
9338413619,9338429341
9339475670,9339482325
9340787487,9340797680
9341036855,9341052337
9341723783,9341738430
9342137597,9342142535
9342557558,9348241090
9345854129,9345870589
9346326194,9346341990
9348396281,9348433579
9348417750,9348432807
9348742194,9348758267
9349299600,9349316999
9349302326,9349319675
9349386436,9349401490
9350141850,9350157232
9350318931,9350334717
9350453148,9350457882
9350827446,9350836262
9351244189,9351249257
9351333288,9351338673
9351735325,9351746684
9351806239,9351819435
9352393699,9352409434
9352925493,9352931647
9353846237,9353860567
9354663969,9354669201
9355243488,9355248626
9356076073,9356089747
9357993668,9357999538
9360081933,9360096873
9360553731,9360558930
9360573292,9360591490
9361429992,9361440947
9362725118,9362738865
9363931449,9369178112
9366134006,9366147560
9367094811,9367123209
9367255244,9367260536
9367739588,9367745023
9367877911,9367893794
9368168292,9368183423
9369048261,9369053753
9369270451,9369276695
9369571038,9369578909
9369769911,9369784050
9370030672,9370044697
9370955105,9370962879
9372211042,9372225892
9372636983,9372642155
9372899026,9372912918
9373116759,9373131817
9373992609,9374006390
9374097082,9374108675
9375035019,9375049218
9375472239,9375488927
9375550757,9375564284
9375714384,9375731065
9375987843,9375993453
9376304333,9376319538
9376390311,9376404771
9377072496,9377081339
9378393824,9378405116
9378395079,9378410002
9378397088,9384179414
9378615750,9378637199
9378679848,9378685181
9379700202,9379705394
9384735927,9384743344
9385787034,9385792413
9386088079,9386093300
9386615670,9386631823
9386631753,9386646907
9387639257,9387644559
9387740984,9387746357
9388602154,9388606922
9389133143,9389147202
9389336143,9389351110
9390626982,9390640884
9390815242,9390829344
9391176787,9391181745
9391325811,9391340551
9391563452,9397126926
9391662985,9391671136
9392720536,9392733305
9393040731,9393053894
9394776421,9394781098
9395345676,9395374849
9396025876,9396039958
9396843915,9396867993
9397631577,9397635821
9399595154,9399605808
9403247756,9403256902
9403978720,9403982958
9445945480,9445950234
9445991070,9446012071
9446474822,9446479867
9447884928,9447890848
9447956791,9447973475
9447956861,9447977203
9448033638,9448039605
9448248407,9448262944
9448841190,9448856621
9449065618,9449088189
9449239047,9449246046
9449811800,9460831377
9450938505,9450944973
9452157562,9452163071
9453719344,9453734940
9455190652,9455201928
9455672450,9455682232
9458240829,9458257580
9458243615,9458259307
9461125690,9461137223
9461678442,9468004859
9462092419,9462115034
9463845746,9463859951
9464393803,9464399750
9464945489,9464951469
9465057626,9465063733
9465839310,9465845116
9465901704,9465917173
9466367532,9466374334
9466816078,9466821276
9468068861,9468074607
9468152895,9468170735
9468602883,9468612094
9468769461,9468784468
9469167813,9473951590
9469434830,9469450346
9469716421,9469727867
9469759108,9469765061
9470198125,9470210186
9470389706,9470398813
9470604809,9470621103
9470631189,9470641215
9470763609,9470769041
9471915156,9471920128
9472325218,9472333724
9472343309,9476967222
9474534938,9474549481
9475190382,9475198754
9476812094,9476816571
9478382860,9478387598
9478602020,9478606323
9478685773,9478692582
9479044505,9479049146
9480411236,9480428008
9480544144,9480552219
9481203336,9481208902
9481317164,9481322018
9481839199,9481847258
9482393788,9482398112
9482626271,9485925518
9483343769,9483347738
9483901021,9483905271
9484619124,9484634255
9484654203,9484668191
9484687475,9488860905
9484864118,9484878665
9485125066,9485141483
9485269533,9485289325
9485269827,9485290908
9485777887,9485782317
9486200244,9486212655
9487079728,9487093326
9487629202,9487633459
9488507458,9488514868
9489165087,9489170549
9489428460,9489443156
9489774316,9489788017
9492597050,9492610193
9494802398,9494805099
9494825136,9497838004
9495144131,9495172816
9495712852,9495716767
9496665111,9496669087
9496912562,9496917209
9497289552,9497303427
9497667992,9497672222
9499319296,9499322505
9499434886,9499448757
9499484832,9499497835
9499794400,9499799107
9500173421,9500175937
9500608707,9500611518
9501554653,9501557564
9504045527,9504054913
9504073787,9504080745
9504248352,9504251691
9505155482,9505163743
9505233988,9505241654
9505909798,9505919818
9506538260,9506547271
9506763487,9506766207
9507226421,9507231422
9507261497,9507278445
9507293418,9507301796
9507376565,9507380173
9507535791,9507548376
9507620366,9512893742
9507947495,9507954605
9508291068,9508293885
9508372855,9508375200
9508963663,9508965892
9509958013,9509963316
9510277327,9510285142
9510315274,9510319627
9511427756,9511435060
9512252238,9515823454
9512527112,9512538543
9512916982,9512922955
9514037856,9514040625
9514105927,9514119381
9514232618,9514248548
9514490701,9514499233
9514713616,9514717518
9515359843,9515375338
9515548327,9515552743
9515827439,9515841723
9516857136,9516870859
9517203757,9517214041
9517948795,9517959724
9519599946,9519607524
9519600243,9519604843
9520056866,9520060336
9521490627,9521495896
9521662565,9521664863
9521984554,9521988913
9522091361,9522096018
9524017258,9524019711
9525085535,9525109787
9526010732,9526017250
9526204210,9526215909
9527130242,9527139192
9528005024,9528024451
9528021053,9528034624
9528052738,9528066262
9528630874,9528635140
9528771092,9528778773
9528836877,9528850318
9528997003,9529004112
9529482998,9529501073
9529668326,9529672937
9529698545,9529711631
9529740293,9529744472
9530227806,9530232514
9531154628,9531167855
9531570567,9531587315
9531665950,9531674644
9531817123,9531821803
9533921626,9533936149
9534094087,9534109408
9534610493,9534621879
9534741236,9534744663
9535120735,9535138218
9535516498,9535520764
9535548850,9535557462
9535999847,9536012293
9536452437,9536456924
9536539821,9536544445
9536636681,9536648855
9537955066,9537959238
9538470710,9538475437
9538919850,9538928807
9540689031,9540692171
9540777456,9540793282
9541190802,9541212344
9541199314,9541214626
9541420499,9541432730
9541673411,9541683962
9542459553,9542466023
9542685653,9542698449
9543788213,9543796532
9544000368,9544011534
9544390099,9549784266
9544722344,9544724899
9546450554,9546459976
9546495366,9546499475
9547421495,9547430765
9547472000,9547476651
9548616275,9548625288
9549853215,9549872819
9550215932,9550223389
9550229352,9550240015
9551493533,9551496697
9551765425,9551778371
9551948873,9551960565
9553334071,9553342947
9553453540,9553458578
9554031151,9554034096
9556369512,9561807766
9556640098,9556644776
9557307162,9557311920
9557398542,9557403748
9558839073,9558842845
9558945011,9558964802
9559424353,9559427141
9559783826,9559793370
9560230150,9560243648
9560260071,9560272503
9560525402,9560529882
9560727089,9560731278
9561134966,9561142984
9561306611,9561315952
9561653062,9561666947
9561916078,9561933343
9562032738,9562038107
9563229054,9563241582
9564330917,9564335937
9564406797,9564414227
9564599761,9564616375
9564867647,9564880493
9565749023,9565775967
9566329413,9566333513
9566554984,9566559337
9569226005,9569238183
9570785630,9570798031
9573647717,9573659734
9619891083,9619911877
9620006138,9620010216
9620308552,9620324194
9620541265,9620546364
9621301640,9621306164
9621843276,9621856251
9622281088,9622285996
9622882289,9622886241
9623673252,9623676652
9623800996,9623805713
9624185973,9624196627
9626090998,9626111975
9632268070,9632272661
9632398121,9632408057
9632774905,9638611500
9632995177,9632999049
9633483128,9633497210
9634026442,9634030852
9634210552,9634214738
9634479340,9634494485
9634780171,9638645433
9635936810,9635941731
9637900286,9637914054
9639031962,9639044824
9639585612,9639598641
9639668396,9639682521
9639669325,9639677710
9639670053,9639685555
9639698561,9639711430
9640613736,9640617622
9640753018,9640757509
9641115957,9641129133
9641523717,9641538614
9641985225,9646632277
9642262162,9642267163
9643381005,9643394372
9643719525,9643735772
9647067599,9647072199
9647503660,9647508013
9647696697,9647704033
9648626362,9648633020
9649320173,9649325622
9650281138,9650295207
9650934745,9655602480
9652864143,9658588287
9653071282,9653085080
9653669824,9653674675
9654155360,9654170331
9654789499,9654802699
9654843114,9654857123
9656597503,9656602695
9656721434,9656738088
9657260959,9657277713
9657528932,9657539563
9658787425,9658806140
9659303720,9659309390
9660019124,9660042456
9660157550,9660162331
9660412772,9660418077
9660429519,9660434030
9660441360,9660446170
9660785392,9660790103
9661489606,9661493766
9661727528,9661732877
9662154101,9662158721
9662405460,9662419635
9662744581,9667588646
9662839092,9662843822
9663007306,9663022407
9663158014,9667598314
9663318624,9663323034
9663368404,9663372957
9663751167,9663764383
9664096108,9664117710
9664727905,9664732028
9664820508,9664825653
9665149977,9665165569
9665632199,9665646979
9665750935,9665755822
9666737064,9666745005
9667113176,9667121334
9667624667,9667629247
9667757859,9673515355
9669047769,9669062596
9670346486,9670351899
9670589102,9670607731
9670978377,9670983659
9671925886,9671930146
9672108914,9672114506
9672110818,9672116437
9672640263,9672653523
9673270280,9673274827
9673281255,9673293152
9673377245,9673392333
9673985924,9674001489
9674139638,9674166265
9674188409,9674202394
9674504782,9679568407
9675706890,9675720491
9675862960,9675867490
9676573820,9676597513
9676825463,9676843079
9676848969,9676854024
9676949447,9676954271
9677773499,9677787276
9678625462,9678630312
9678783743,9678788761
9679370502,9679383134
9680555278,9685540278
9681199155,9681203849
9681757179,9681771278
9682785377,9682800722
9683207342,9683222560
9683391008,9683411040
9683432135,9683437727
9683493397,9683499405
9683954237,9683968703
9685097906,9685119138
9685413681,9685427947
9685904442,9685910580
9685960950,9685977307
9685963309,9685968180
9686183314,9686187744
9686563573,9686576396
9686683860,9686708142
9686813738,9686818619
9687048259,9687062588
9687341683,9687346117
9687615629,9687619684
9687687538,9687692220
9687707488,9687721159
9688003455,9691496397
9688573486,9688587334
9688864959,9688880222
9688969409,9688973949
9689464406,9689469130
9690152113,9690157295
9690184784,9690189154
9690583684,9694491091
9690752887,9690757441
9691828151,9691838485
9692629980,9692634868
9693397465,9693411296
9693753263,9693757516
9694000777,9694014969
9694134529,9694145766
9694445140,9694479070
9694672932,9694677697
9695507322,9695512427
9697338073,9697342220
9697700838,9697713791
9697768602,9697772534
9698969741,9703481684
9699664127,9699669021
9700518712,9700537184
9700553945,9700563600
9700790068,9700793684
9701194448,9701209011
9701487455,9701502827
9701546833,9701559518
9702524326,9702537125
9702549306,9702562670
9702997558,9703001363
9703273753,9703278126
9703692250,9703696490
9704038144,9704042864
9704415368,9704420055
9704774290,9704787293
9705475050,9705488771
9705895689,9705900701
9706134797,9706139030
9706601494,9706622067
9707189165,9707195175
9708607640,9708620803
9708753269,9708768110
9708908641,9708913155
9709459446,9709475164
9709539563,9709553127
9709689469,9709694263
9709750457,9709759254
9709858048,9709881681
9710000978,9710014318
9710374377,9710387924
9710567220,9710575332
9711994091,9711998143
9712080874,9712094608
9712439095,9712465010
9712539108,9712543752
9712771514,9712785599
9713052741,9713068126
9713142788,9713156997
9713410675,9713424887
9714180240,9714184610
9714773226,9714777880
9715987613,9716003335
9716635540,9716643544
9716851101,9716863051
9718216917,9718232612
9718326335,9718330878
9718815632,9718829320
9719366012,9719371327
9720106980,9720114286
9722705448,9722716912
9722753953,9787321121
9722874529,9722886610
9723081094,9723085537
9723540394,9723544403
9780463808,9780477282
9780485935,9780490986
9780527268,9780531575
9780594166,9780598586
9780910546,9780923569
9781131597,9781137711
9783591493,9783605107
9783810639,9783813977
9784288966,9784292604
9784420366,9784425084
9784683028,9784688487
9786814982,9786829458
9788666460,9788671589
9789935938,9789940391
9790556483,9790560849
9791394647,9791403531
9791612541,9791617322
9791977136,9791992187
9792149029,9792154261
9792941386,9792946137
9795288958,9795293659
9796024363,9796029084
9796244388,9796258781
9797023435,9797035479
9798173472,9798186599
9799853974,9799867912
9800291899,9810089025
9800589226,9800592817
9800611546,9800615211
9801740225,9801752626
9802647416,9802660342
9803351887,9803364285
9807076370,9807092290
9807809580,9807814378
9808129004,9808141966
9809052822,9809056570
9809067378,9809072072
9809772712,9809777640
9810185710,9810194687
9810459360,9810464652
9810574714,9810589601
9810622262,9810637032
9810706787,9810717902
9810914764,9810930901
9811091033,9811120951
9811694440,9817225897
9811816426,9811821761
9812444625,9812463240
9813087297,9813093267
9813089979,9813114331
9813290073,9813301769
9814512096,9814524581
9815273687,9815279627
9815570112,9815575557
9815690832,9815706574
9817776962,9823242687
9819510697,9819514593
9821497699,9821508246
9823333289,9823351246
9823468381,9823474382
9823971357,9823976782
9824903237,9824919079
9825096615,9825108435
9825150887,9825162083
9825317992,9825336992
9825614220,9825628088
9825753037,9825757835
9828815311,9832215145
9829762308,9829799914
9832323377,9832338638
9834498592,9834503610
9835912560,9835916596
9836110455,9836127323
9836223474,9836241422
9837154820,9837168999
9837724102,9841221467
9838229600,9838238831
9838540123,9838556290
9838757990,9838763215
9839172167,9839188220
9839346836,9839361663
9839512849,9839526974
9839694330,9839708836
9839842592,9839856373
9840262092,9840276879
9840507454,9840512205
9841120542,9841128925
9841952048,9841957006
9842148550,9842153828
9845167950,9845181651
9848878033,9848892412
9861763077,9861776214
9863365409,9863387442
9863808001,9863813223
9863944450,9863954716
9863944567,9863962537
9864454872,9864473838
9864570480,9864575949
9865643687,9865648972
9865654291,9865668410
9867461717,9867476386
9868115159,9868120241
9870627931,9870641227
9871321740,9871327606
9872641979,9872656041
9876381917,9876396500
9876528906,9876534195
9877025928,9877040157
9877043552,9877057994
9877198997,9877204867
9877278006,9877283532
9877774226,9877788528
9878506303,9878511425
9878562945,9883123631
9880107455,9880111518
9880663150,9880671546
9882002900,9882009632
9883150569,9883165984
9883474162,9883490532
9883587027,9883594628
9883591918,9883600878
9883751132,9883755956
9883897086,9883910082
9884951821,9884957817
9885228263,9885244396
9885356106,9885372099
9886301957,9886311783
9887148020,9887159008
9887182030,9887197435
9888954193,9888971315
9889081504,9889091697
9889357108,9889371875
9889865286,9889870380
9890088334,9890093746
9890963285,9890968577
9892426301,9892441412
9892531733,9892547666
9892959695,9892965929
9893216761,9893223061
9893958249,9893962983
9894123707,9894128625
9895188866,9895218817
9895247883,9895260548
9896791461,9896806218
9896933315,9896939713
9897041140,9897046722
9897267860,9901123954
9898567091,9898581734
9901108632,9901123967
9901340521,9901357112
9902720038,9902725507
9903828340,9907091866
9905525954,9905531647
9905869960,9905878051
9906022268,9906041869
9906026888,9906032194
9906248473,9906263578
9906450765,9906456314
9906651252,9906664786
9906883144,9910096962
9908400389,9908415513
9908662449,9908668346
9909452047,9909466032
9909492448,9913122711
9909555765,9909561191
9909744192,9909750008
9910143748,9910155168
9910348009,9910354574
9910495596,9910517436
9910831199,9910848492
9911519641,9911534148
9911529424,9911543532
9914888843,9914904535
9914909841,9914919202
9914947813,9914962427
9916290179,9916305695
9916986439,9917000546
9919296226,9919307013
9919958291,9919964004
9921391460,9921405866
9921715467,9921720020
9922689876,9922702739
9923441755,9923455196
9923573116,9923578946
9926617476,9926622574
9942633425,9942639128
9942906183,9942919112
9944167893,9954438561
9947162777,9947192451
9947216906,9947239421
9947804463,9947810003
9947924522,9947937979
9948184176,9948199451
9948667237,9948677450
9948737954,9948742450
9949368328,9949377983
9950267333,9950272211
9950603224,9950607009
9951105952,9951111725
9951179124,9951183768
9951964375,9951968004
9952665346,9952669165
9954811802,9954825503
9956300607,9956314298
9956897755,9956902907
9957051283,9957063588
9959362890,9959376341
9959930987,9959948139
9960377865,9960405407
9960640907,9966961949
9964052485,9964058158
9964355765,9964368123
9965306865,9965316594
9965307306,9965324899
9966633569,9966643609
9967204812,9967211267
9967443032,9967449156
9967574499,9967598354
9968020369,9968025841
9968364582,9968369556
9968392258,9968400353
9968801818,9968807391
9968908400,9972977616
9969031669,9969035962
9969128899,9969134178
9969418588,9969423693
9970317981,9970323504
9971854373,9971862739
9972065351,9972080803
9972096338,9972120215
9973031555,9973049202
9974343142,9974349082
9974532430,9978959016
9974659805,9974664943
9976226796,9976238697
9976577447,9976582632
9976802229,9976819265
9977434027,9977439282
9977561144,9977566767
9977745492,9977760442
9979028540,9979042632
9979519445,9979524119
9979665215,9979669902
9980152595,9980176566
9980731954,9980736815
9980910959,9980927777
9980998227,9981013414
9981154454,9981159114
9981314259,9981328919
9982380346,9982394969
9982533479,9982548771
9983809585,9983814630
9984177248,9984182439
9984338456,9984345823
9984533742,9984546845
9984560074,9984564682
9985653480,9985661154
9986363164,9986377058
9986366084,9986380553
9986412759,9986425401
9986680632,9986685483
9986946818,9990918658
9987291165,9987304705
9987799148,9987803558
9988148987,9988170038
9988882785,9988894772
9989169752,9989175274
9990252069,9990267674
9990286243,9990290399
9990923212,9990938563
9991015668,9991020549
9991245502,9991265226
9992071081,9992085961
9992089162,9992093909
9992206588,9992219026
9993036199,9993041468
9993339900,9993353471
9993907285,9993927644
9994060816,9994075051
9994420367,9994425391
9994431889,9994438224
9994648246,9994663280
9994859581,9994871899
9995361588,9995376214
9996018642,9996026099
9996825950,9996831202
9997178575,9997202997
9997816389,9997841299
9998205173,9998219228
9998325913,9998338528
9998531722,10002901683
9998537432,9998541371
9998628872,9998633209
9999027906,9999033729
9999377878,9999391599
10000252214,10000277618
10000266774,10000283007
10000992278,10001001653
10003729571,10003734128
10003780069,10003789042
10003790345,10003794855
10003932310,10003946402
10004166971,10004179727
10004832852,10004846600
10004970297,10004975786
10005113013,10005118295
10006719270,10006724328
10007731863,10011904901
10010037957,10010045747
10010816432,10010826858
10010952695,10010957309
10012556386,10012570365
10012684981,10012698669
10013270046,10013274639
10013564278,10013578187
10013621348,10017819466
10013830324,10017803697
10014492250,10014502763
10014669604,10014673707
10015036156,10015040536
10015397342,10015403058
10016316617,10016321304
10016775908,10016781097
10017405814,10017409457
10017646014,10017654489
10017933742,10017956467
10018358739,10018362520
10018538775,10018551761
10019183668,10019198602
10019767868,10019772111
10020821951,10020831839
10026666623,10026674387
10026904232,10051845708
10052009134,10052013775
10052115154,10052140899
10052409487,10052427562
10052888198,10052902039
10053069943,10053075031
10053264971,10053268242
10053547958,10053552345
10054256209,10054262313
10054494779,10054509028
10055078851,10055084187
10055878288,10055888565
10059462587,10059467201
10059693583,10059697362
10060492506,10060506868
10060526907,10060531514
10061013873,10061027821
10061586603,10061600691
10063912095,10063934966
10064199101,10064205202
10064822940,10064827183
10065125064,10065130283
10065318653,10065323644
10065394144,10065399329
10065846942,10065855114
10066001559,10066006146
10066126418,10066131380
10066838400,10066852245
10067718847,10067723110
10068219080,10068224074
10068965884,10068981777
10069181021,10069188094
10069375919,10069380240
10069484946,10069497438
10069772437,10069786856
10070709358,10073731334
10071208732,10071213580
10072201690,10072206916
10072699762,10072710596
10073929596,10073934267
10073964585,10073969266
10073984528,10073989685
10074965802,10074976112
10075413957,10075419840
10075569148,10075576134
10076937760,10076953399
10076945304,10076951027
10077130196,10077134863
10077949491,10077954349
10078642952,10078655861
10080150916,10080155770
10080796624,10080810656
10081275205,10081279301
10081355089,10085726149
10082831769,10082855924
10083541883,10083546307
10083764368,10083777544
10084106635,10084113788
10085944814,10085954867
10086509841,10086518830
10086908576,10086912929
10087016487,10087030021
10087487587,10087492301
10087512978,10087525272
10087866749,10087870755
10087981672,10087995069
10088329754,10088333499
10089945439,10089957997
10090113443,10090127685
10090978882,10090991758
10091531162,10091545067
10091823929,10091833684
10091982952,10091988278
10092108126,10092124366
10092113875,10092125916
10093050279,10093066098
10093202741,10093208159
10093330620,10093345163
10093512569,10093517794
10095160116,10095164643
10095268271,10095281845
10095633675,10095655106
10096746912,10096752180
10097029064,10097043617
10097600541,10097619240
10097746896,10097755405
10098050260,10098057890
10098257642,10098271804
10098353506,10098367889
10099910371,10099915132
10100119926,10100124399
10100130470,10100138628
10100421151,10100440555
10100790584,10100800079
10103913986,10103922432
10104627438,10104643197
10104981974,10104986451
10105202363,10105216402
10105229194,10109683265
10105261514,10105267494
10105790682,10105795205
10106320735,10106334704
10106740065,10106767624
10107105769,10112660640
10107279393,10107297995
10107349107,10107363767
10108110825,10108115820
10109580276,10109584916
10109744694,10109752452
10110198980,10110212557
10110743275,10110748387
10110768072,10110775138
10111823154,10111826942
10112561372,10115655397
10114482786,10114496771
10115178214,10115191477
10115361064,10115373923
10115652183,10115674888
10117209884,10117214611
10117549279,10117556412
10119484547,10119499705
10119817137,10119821270
10121338137,10121351718
10122173512,10122179008
10122239074,10122254729
10122585264,10122590082
10122641221,10122645491
10122764403,10122779421
10123851314,10127614418
10125032806,10125047426
10125145785,10125156008
10125213729,10125232879
10125681037,10125685744
10125728615,10125742456
10126489287,10126503192
10126541469,10126554936
10127842895,10127858220
10127958965,10127982415
10128353882,10128365004
10129675214,10129685116
10130528112,10173535502
10131247631,10131260076
10166457145,10166478503
10166746714,10166766779
10167312923,10167327409
10173600840,10173622542
10173860053,10173874175
10173995246,10185317675
10174367232,10174372477
10174373973,10174385586
10174898327,10174916929
10174902741,10174917608
10175044649,10175056165
10175710282,10175725176
10177035329,10177050026
10181308551,10181313142
10181811365,10181825489
10186298296,10186312671
10187135992,10187150462
10187211934,10192534936
10187546067,10187551723
10187871524,10187889916
10189833560,10189846032
10190008994,10190013624
10192629748,10192652215
10192637562,10192662876
10193512901,10199495780
10193585595,10193599948
10193672559,10193687676
10193758751,10193769305
10194080185,10194095590
10194249759,10194264573
10195246536,10199530105
10195312332,10195326480
10195337465,10195342323
10195425919,10195442573
10196330340,10196335411
10196990615,10197004653
10198746196,10198751378
10199403421,10199416925
10200675832,10200681264
10200800401,10200806054
10202537116,10207483650
10202600440,10202604716
10203686913,10203695937
10204397078,10204401825
10205439401,10205450917
10208835069,10208854233
10208970265,10208985356
10209019611,10209025524
10209218828,10209230678
10209332743,10209340945
10209411511,10209416452
10209523201,10209537727
10209758504,10209764547
10209937830,10209942300
10210257637,10210271432
10210481574,10210497557
10210704268,10210717515
10212809468,10212814957
10213038640,10213053394
10213602921,10213607585
10213666305,10213680634
10214185611,10214198804
10214311669,10214326490
10214418378,10214471371
10214740858,10214747931
10215108804,10215113568
10215260150,10215274165
10215365262,10215369611
10215699084,10215716306
10216919040,10216933138
10217743613,10217758133
10217829003,10217843723
10218395780,10223451293
10218816452,10218828613
10220149908,10220154973
10220642330,10220647612
10220722799,10220729243
10220849592,10220862555
10221323572,10226471755
10221403149,10221418070
10222534658,10222549074
10223475014,10223479938
10223568926,10229418805
10224306987,10224318166
10224378212,10224390319
10224738915,10224743452
10225512597,10225515951
10225535355,10225539932
10225858767,10225872722
10225957992,10225973106
10226355703,10226360804
10227117524,10227121336
10227155062,10227159967
10227295855,10227308513
10227615465,10227622634
10227713169,10232377941
10228189972,10228205852
10228959906,10228964633
10229366957,10229380157
10229511956,10229538145
10230333790,10230342696
10231542997,10231556521
10232708150,10232722328
10233307710,10233321013
10233539287,10233543798
10234163601,10234179467
10234176778,10234181852
10235857075,10235870222
10236547803,10236552333
10237698318,10237703673
10237785034,10237790376
10238354286,10238379313
10238503557,10238520035
10238722767,10238727090
10238851759,10238860453
10239624946,10239633683
10239625895,10239641136
10240033354,10240038363
10240206333,10240219803
10241121919,10241135193
10241367037,10241371023
10241829398,10241843653
10242105698,10242118696
10242347611,10242366300
10242440077,10242456925
10242920184,10242925205
10243547405,10243550879
10243848987,10243867967
10244185222,10244190367
10244645577,10244659399
10244977014,10244995146
10245047437,10245058101
10245079440,10245084110
10246239289,10246244741
10246539038,10250351099
10247321867,10247327339
10247408256,10247423400
10248078056,10248086839
10249208836,10249223760
10250283820,10250294300
10250287662,10250295931
10250797570,10250802885
10250807476,10250812988
10250888947,10250914511
10251200953,10251217207
10251210107,10251218880
10251929827,10251937728
10252444412,10252449099
10253470028,10253484717
10253585399,10253608057
10253646103,10259340068
10254494958,10254499111
10255075292,10255079792
10256584950,10256598939
10256749633,10256755981
10256867115,10256880038
10257069935,10257086753
10257312902,10257317659
10257588900,10262334612
10257896593,10262383599
10258265415,10258269249
10258277038,10258290495
10258495800,10258509635
10258637057,10258642014
10258924297,10258928347
10259495403,10259512425
10260465824,10260479324
10261156691,10261167342
10262351417,10262359628
10262556878,10262567957
10262611776,10311556252
10262849748,10262858461
10264300503,10264304916
10264341646,10264355177
10265742114,10265755050
10266031482,10266036126
10266410731,10266415184
10267066452,10267078900
10267232822,10267246874
10267832724,10267837267
10269154704,10269159147
10307355754,10307378660
10308246638,10308251606
10308434637,10308449457
10309423309,10309437348
10309819419,10309824838
10310281703,10318657898
10310786542,10310798035
10311844124,10311862071
10312140585,10312161559
10312707442,10312712209
10312789297,10312805146
10313692305,10313697176
10313904549,10313912062
10314356175,10314369181
10314672250,10314685734
10314690174,10314694935
10315935434,10315948998
10315962655,10315971372
10317027774,10317031926
10320433381,10320437788
10323307061,10323329418
10323534479,10323551662
10325052837,10325065329
10326862241,10326866881
10326987658,10326993120
10327066379,10327075874
10327289992,10327294750
10327835217,10327851053
10327944147,10327958249
10328110196,10333210725
10329912607,10329917672
10332222430,10332227508
10332723034,10332736868
10332821761,10332834469
10333979759,10333993851
10334181613,10334198915
10334245270,10334268095
10334330580,10334336921
10334608296,10334613344
10336831817,10336837526
10337331638,10337336322
10337888175,10337902909
10339305758,10339315540
10339585381,10339590850
10339588178,10339603970
10339813017,10339818018
10342094646,10342121550
10342661941,10342667580
10343066109,10348223667
10344458004,10344465614
10345282942,10345288805
10345352586,10345360801
10346306412,10346310846
10347336949,10347351726
10348478567,10348491730
10348594373,10348611625
10348791055,10348798191
10349004077,10349017771
10349373340,10349390011
10349410607,10349415014
10349870098,10349874805
10350004659,10350018404
10351013426,10351021582
10351682084,10351697469
10352299705,10352304015
10353143910,10353160394
10353298701,10353313414
10354644842,10354649041
10354916778,10354923574
10357165499,10357174393
10357642452,10357656247
10360302228,10360306741
10360691139,10360705294
10361225555,10361231502
10361724505,10361739679
10362059022,10362072697
10363094667,10363115755
10363105515,10363110834
10363543644,10363548912
10363967329,10363979181
10364962710,10364967504
10365603848,10365608562
10366078817,10366094382
10366173568,10366178840
10366578642,10366589453
10367735615,10367740513
10367838598,10367854635
10367958790,10367990616
10368276446,10368289419
10368732826,10374142922
10368988074,10368992899
10369070985,10374155621
10369092574,10369114955
10370140310,10370154525
10371350335,10371354974
10371934359,10371948096
10372500009,10372513239
10374267484,10374289397
10374925631,10374935507
10375551074,10375555698
10376389195,10376393548
10377253582,10377267113
10377478097,10377483286
10377962527,10377975624
10378183130,10378201044
10378678983,10378692443
10379383237,10379386725
10380826699,10380831493
10380843106,10380857636
10381326945,10381339580
10381397719,10381411647
10381995916,10382000119
10382547495,10382554451
10383402117,10383406400
10383766976,10383770838
10383864547,10383879651
10384033182,10384037756
10384585800,10384598716
10385016679,10385031052
10386067766,10386075700
10386385061,10392060868
10386616348,10386631987
10387654228,10387659172
10387749657,10387754104
10387772896,10387777126
10388709500,10388725410
10388741042,10388755354
10389327252,10389332220
10389347238,10389355513
10389414386,10389425592
10389474690,10389489012
10389985854,10389990401
10390008872,10390022403
10390040721,10390044373
10390916678,10390928919
10391549160,10391561942
10392412368,10398053874
10393190212,10393195040
10393280547,10393284763
10395339171,10395347761
10395388376,10395401245
10395450998,10395455485
10395520476,10395525239
10396132113,10396136574
10396692074,10396704082
10396721755,10396734524
10399022855,10399037431
10399270061,10399285052
10399562072,10399567137
10399886377,10399890339
10400559936,10400571299
10401170543,10401175036
10401603216,10401615764
10402706118,10402713043
10405645139,10405658526
10405788012,10405801012
10407667321,10457508761
10407736454,10407740961
10449150750,10449155628
10450097133,10450112063
10450620424,10450624036
10451611973,10451616322
10451621922,10451625687
10457554364,10472735918
10457977806,10457981905
10458518350,10458532061
10458827517,10458831927
10460899294,10460904646
10461932854,10461946348
10467731036,10467794122
10468850036,10468858772
10471301343,10471306267
10471884714,10471888135
10472576036,10472589139
10473708149,10473723106
10474006134,10474021859
10474269229,10474282753
10474816351,10474821079
10476319458,10476328455
10477334553,10477348541
10477482859,10477498842
10479140181,10479151998
10479141150,10479156074
10479265408,10479285450
10479482416,10479488260
10479494804,10479512324
10479636762,10479647961
10480036030,10480040466
10480184813,10480199159
10480557397,10480573978
10481106627,10481120128
10482081661,10482095509
10482255458,10482260219
10482731626,10482754695
10482904434,10482920574
10485440780,10485445685
10486983888,10486988916
10487697153,10487711993
10487981192,10488008511
10488664162,10488678538
10488746325,10488752666
10488950644,10488955462
10489636727,10489651441
10489776621,10493901260
10490548418,10490553329
10490914564,10490935545
10491010598,10491017163
10491114991,10491120791
10491458729,10491463978
10491530816,10491542001
10491780725,10491807082
10491995869,10492001592
10492241709,10492270651
10492487018,10492491388
10492669057,10492682637
10492873743,10492878831
10492899976,10492904864
10493453686,10493468026
10493529809,10493544295
10493751197,10496936369
10494115311,10494119427
10495271466,10495286092
10495411703,10495433095
10495659945,10495674572
10495811902,10495831828
10496954319,10496964612
10496992900,10497014024
10497177331,10497183097
10497610806,10497616148
10498163841,10498169501
10499045561,10499060057
10499140582,10499146182
10499309027,10499314794
10499319484,10499334117
10499410861,10499425304
10499751462,10499757369
10500087193,10500113034
10501047911,10501062080
10502236729,10505871880
10502671333,10502682215
10506191110,10506207988
10506366149,10506380672
10506735946,10506749871
10506927219,10511859390
10509185823,10509203169
10509221030,10509236181
10510296385,10510311001
10510312551,10510317492
10510595682,10514864955
10512637168,10512650655
10514146946,10514160160
10514488977,10514503116
10515226283,10515231358
10516086070,10516090310
10517340400,10517355007
10517747782,10517761838
10517877924,10517891825
10518051116,10518069681
10519770355,10519781470
10520012073,10520015307
10520131677,10520142378
10520617727,10520631408
10521615476,10521619312
10522763699,10522776689
10523054875,10523068206
10525809095,10525822869
10525854130,10525859011
10525880998,10525886500
10526112138,10526116741
10527656421,10527661165
10527811983,10527816814
10527860393,10527874922
10528086710,10531818461
10528183411,10528188652
10528425863,10528431135
10528527827,10528532805
10528927910,10528938507
10529636761,10529651378
10529942724,10529956722
10530892812,10530907238
10531830452,10531847136
10531878771,10531892094
10531879556,10531894587
10531978119,10531982188
10531984971,10532003370
10532122850,10540963918
10532340306,10532348568
10532399249,10532412449
10533020025,10533024726
10533682398,10533688044
10533724821,10533729047
10534137181,10534151099
10534304483,10534318311
10534417135,10534431106
10534597410,10534612297
10534737165,10534748565
10535186206,10535191208
10536027471,10536031620
10536869987,10536884081
10536882908,10536896796
10538082681,10538086830
10538106522,10538110367
10538205890,10538221626
10539035405,10539047649
10540406573,10540411187
10540536022,10540541000
10540713658,10540727894
10540854216,10540859107
10541346197,10545829662
10543489607,10543493866
10544052227,10544056540
10544761282,10544775341
10545147961,10545160653
10546026417,10546038955
10546085501,10546094565
10546194685,10546208613
10546759567,10546763900
10547022820,10547027828
10547133781,10547150900
10548109794,10548114221
10548781037,10548785989
10549324297,10549329235
10550212375,10550225818
10551894941,10551899969
10552312256,10552317865
10552384409,10552388495
10552473568,10552478172
10552614774,10552625836
10552873640,10552884588
10553721413,10553734600
10553770665,10553774948
10553842334,10553856392
10554391961,10554404984
10554827999,10554844102
10554918190,10554923084
10555318402,10555331218
10556748981,10556752710
10557042613,10557054370
10558682432,10558686969
10559037116,10559041499
10559826676,10559830863
10561643203,10561647577
10561960420,10566732195
10562492680,10562506026
10562716259,10562729416
10562976134,10562986778
10562980133,10562994813
10564108812,10564114001
10564993211,10564998226
10565404980,10565409477
10565947782,10569716665
10566172919,10566177914
10567005185,10567009286
10567492112,10567497131
10567865149,10567869685
10568685885,10568697073
10569546948,10569561311
10570144175,10570151630
10570583167,10570589905
10570849197,10570853193
10571233527,10571244722
10571617283,10571621344
10571767653,10571774021
10571987371,10571991700
10572170732,10572176141
10572667689,10572671455
10572716809,10572741578
10573163520,10573168475
10575173832,10575197359
10577761177,10577773982
10579697080,10579708646
10634451150,10634455379
10634942749,10634946424
10637522363,10637534611
10639232692,10639238252
10639385826,10639391125
10640557435,10640571243
10640825769,10640830634
10641236379,10641247270
10641552662,10641566493
10643028420,10643051379
10643259213,10643272583
10643314825,10643318209
10644338687,10644354158
10644377715,10644382760
10646548373,10646552783
10646995783,10647012083
10648075544,10648081130
10648597422,10648612340
10648847749,10648852958
10649861297,10649877351
10650260839,10650266675
10650858619,10650863333
10651306613,10651311765
10651805509,10651810524
10654085736,10654107318
10654693842,10654698403
10655314782,10655324784
10655361848,10655369780
10656175010,10656179286
10657758438,10657763179
10657818297,10657823923
10657895087,10657900266
10658864442,10658878257
10658977595,10658993180
10659048800,10659054356
10660261255,10660267061
10660480601,10660495973
10661671822,10661675610
10661685145,10661690327
10662280951,10662292955
10663571630,10663589698
10663966123,10663977352
10663966918,10663975705
10664505758,10664511217
10664726882,10664732863
10665028348,10670525568
10665282992,10665288908
10665808167,10665831764
10665858742,10665873773
10665935609,10670542046
10666159453,10666179341
10666233587,10666240931
10666255911,10666272385
10666480887,10666486787
10667340934,10667346714
10667430283,10667446049
10668206895,10668212264
10669052032,10669057785
10670071340,10673562237
10670752990,10670758950
10671965342,10671973523
10672893276,10672898384
10674603321,10674608606
10674649783,10679504939
10674680128,10674697157
10675204760,10675213680
10675618249,10675624537
10675686641,10675704461
10676623649,10676630247
10676878102,10676884256
10677146409,10677151992
10677679089,10677684591
10678086174,10678109423
10678106630,10678120374
10678230968,10678236043
10679456580,10679464969
10679597920,10685522411
10679960040,10679966434
10681184843,10681190890
10683300704,10683309650
10685019425,10685034021
10685513019,10685543822
10685696451,10685701964
10686184506,10686190513
10686568319,10686580944
10686923139,10686928668
10687242732,10687259129
10687426705,10687431543
10687446039,10687461197
10688138203,10688150087
10693267851,10693282765
10694680265,10694696212
10695118962,10695130338
10695213005,10695218404
10696831282,10696836641
10698288646,10698302621
10700572563,10700578156
10701382937,10701388441
10701737885,10701743612
10702316682,10702325733
10703149100,10716689849
10703504806,10703519910
10703580424,10703585435
10703732418,10703746142
10705066996,10705089644
10705747888,10705761699
10706251856,10706257017
10707761089,10707766792
10707762987,10707767952
10707938170,10707942898
10708073570,10708088982
10708082571,10708096780
10708669941,10708680682
10708681647,10708685723
10717887878,10717891821
10717937801,10717943060
10718011054,10718015758
10720002206,10720009840
10720788279,10720792391
10727640173,10727652126
10739623632,10739638141
10740078956,10740093031
10740159759,10740164259
10740453888,10740465829
10740722821,10740727809
10741449245,10741461096
10743383034,10743396822
10743916308,10743929515
10746309734,10746319629
10748036821,10748045908
10749010783,10749023007
10750407672,11883935564
11817980397,11817990065
11819109209,11819122713
11819305380,11819319909
11819390974,11819395774
11820070044,11820074722
11820230838,11820234119
11821635783,12020903817
11821948802,11821960922
11822352439,11822355699
11823752181,11823764750
11884461177,11884474661
11884507799,11884512731
11886074904,11886085936
11887054175,11887058996
11887566692,11887572108
11888010320,11888014015
11888898905,11888914026
11889582880,11889607319
11892510813,12057684696
12021904299,12021926500
12024283817,12024289393
12058282593,12058292546
12058770945,12058776505
12059071215,12059084886
12059203324,12059208797
12059832416,12059847991
12060744113,12060748109
12061989025,12061993722
12063173223,12063184278
12065394826,12065399297
12069087935,12069095265
12070534390,12070545532
12072016700,12072028964
12089419947,12089428801
12090243752,12090258810
12091081088,12091084265
12091154625,12091168586
12091883862,12091887795
12091949017,12091954112
12092386203,12092395848
12092821048,12092834772
12094085995,12094107407
12096086538,12096106156
12355011169,12355025004
12355097655,12355113434
12357092722,12357118039
12357413492,12357417340
12360906591,12360920673
12361279214,12361283234
12379513380,12448711279
12380367694,12380380136
12418835445,12418840226
12418908581,12418924991
12419267397,12419284111
12419953617,12419969279
12420390530,12420394953
12420533447,12420547776
12421228226,12959817008
12421345455,12421360920
12421780156,12421784586
12422591556,12422596574
12449420372,12449424548
12449553884,12449559246
12450400688,12450416988
12451024130,12451028854
12455536573,12455548029
12456764647,12456777042
12960193357,12960221290
12960436026,12960452794
12961401722,12961413285
12964785734,12964797912
12966367890,12966381618
12968586714,12968590926
12980322947,12980349878
12984240199,12984244102
12985796510,12985811270
13016045121,13016050276
13016787228,13016797835
13017884987,13017890105
13019241538,13019246313
13019386543,13019391007
13019475091,13019489443
13021586224,13021591666
13022441697,13022456628
13023034627,13023048919
13031674409,13031687388
13034231555,13034244655
13034948676,13034962029
13035613922,13035629500
13038602064,13038606441
13038803687,13038811077
13046635493,13046650313
13047199136,13047203536
13047585307,13660121562
13051261050,13051275212
13053592057,13660128187
13053600674,13053605401
13054324098,13054328649
13071859595,13071872381
13071951343,13071970740
13072586768,13072604178
13073347053,13073352325
13073435102,13073439439
13073567328,13073572403
13073643063,13073651766
13074220791,13074235147
13074248437,13074262716
13074524876,13074529293
13074598593,13074615565
13075371019,13075384002
13660664431,13660669887
13661440471,13661456712
13661988021,13772623286
13662198668,13662203606
13662276277,13662292955
13662604387,13662608967
13662658874,13662672976
13663636821,13663641819
13739339452,13739350651
13741011321,13741025483
13742970377,13742975044
13743144999,13743159291
13743239336,13743252198
13744130377,13744134456
13750208552,13750213186
13751079591,13751084786
13754835682,13754847810
13755975824,13755982111
13761671790,13761675355
13773976945,13773993021
13809924413,13809950819
13810145363,13810161406
13810170814,13810175839
13810506197,13810521007
13810869733,13810875142
13811390068,13811406836
13811745463,13811759959
13812474841,13812480186
13813001259,13813015799
13813364729,13813374110
13814264443,13814270172
13814505559,13814509872
13814581728,13814586950
13815456799,13815470794
13817533799,13817538877
13818503023,13818507861
13843854096,13843859528
13844261468,13844271825
14535763230,14535779493
14536581228,14536586778
14536748233,14536762642
14537091540,14537096572
14537531901,14537539251
14537686300,14537691235
14537716883,14537723174
14539134787,14539151321
14542370299,14542383576
14545661200,14545665774
14641039845,14641045150
14675224912,14675230081
14677020197,14677037409
14677985189,14677991356
14678043537,14678048008
14678938885,14678956037
14679105873,14679121582
14680178481,14680193729
14680716129,14680729055
14681944717,14681949612
14684127894,14684133019
14691055265,14691060707
14692815688,14692820351
14714376712,14714388750
14714820881,14714835922
14714839978,14714844896
14715032838,14715048627
14715248750,14715254480
14717180718,14717196377
14719527067,14719540868
14743417743,14743427058
14743445984,14743465882
14743754135,14743767164
14743944833,14743959784
14743993283,14744009142
14744402740,14744406539
14745196724,14745201298
14745913424,14745924355
14746411909,14746419546
14746607185,14746621216
14747068182,14747072922
14749131503,14749146053
14770229349,14770234631
14770285881,14770300942
14770453113,14770469476
14770959175,14770963278
14771593107,14771597547
14771917562,14771930134
14774283004,14774298352
14774556373,14774560777
14775961064,14775973930
14776432725,14776436915
15657804907,15657821007
15657958168,15657974742
15658043147,15658059641
15658656572,15658661734
15658683196,15658688130
15658856832,15658871352
15659124535,15659129884
15659143936,15659159865
15659355835,15659373602
15659725215,15659738158
15660494119,15660510864
15661045802,15661056292
15661436443,15661448654
15663244677,15663253474
15663253480,15663258876
15663435442,15663440464
15671121288,15671133913
15688298444,15688304170
15690692574,15690722135
15692966643,15692980388
15696679296,15696687017
15698412199,15698417645
15715932889,15715936772
15716108774,15716123331
15716166081,15716171650
15716324018,15716329798
15716560424,15716565031
15718202325,15718217826
15761404201,15761412193
15767854095,15767858756
15769042526,15769055388
15770410457,15770425728
15770734504,15770740367
15771935316,15771941256
15773144253,15773161178
15774490912,15774494971
15775974177,15775987297
15776294339,15776306911
15776447185,15776452450
15776895112,15776899916
15778749184,15778754619
15779225375,15779237503
15779894757,15779899358
15782183373,15782188127
15791692349,15791702783
15791954052,15791967422
15791984330,15792002418
15798194177,15798200214
16806136755,16806142505
16806490312,16806496125
16806521152,16806526347
16806994794,16807010493
16807776675,16807782531
16808250063,16808254694
16808278110,16808287839
16808822095,16808837229
16811254603,16811300684
16813486573,16813499526
16864870051,16864874983
16866027475,16866031545
16866188921,16866204934
16866362387,16866378874
16866434788,16866449554
16866480712,16866496180
16866603366,16866609099
16866792207,16866807281
16866850743,16866867274
16867107487,16937379713
16867636485,16867651092
16868999849,16869014185
16869416078,16869422035
16869441181,16869456830
16902433502,16902446709
16903310932,16903326233
16903642797,16903648637
16906853145,16906866579
16937407443,16937417920
16937427040,16937437471
16937567318,16937573659
16938321131,16938336536
16938354858,16938360417
16938772022,16938777241
16940439929,16940455220
16941108162,16941114977
16942258887,16942263164
16943497732,16943511847
16945435830,16945444714
16948348245,16948353410
16959213876,16959227895
16960168358,16960173783
16961093596,16961114460
16964217830,16964232700
16965551025,16965564018
16969643862,16969656731
16973414432,16973419978
17542202155,17542214132
17542571064,17542576499
17544627146,17544638588
17546011440,17546017136
17546340679,17546355683
17546537688,17546543237
17549271050,17549286933
18081211410,18081238435
18082598989,18082613752
18082714163,18082731719
18083400036,18083414335
18084438604,18084443946
18085203095,18085211795
18106172179,18106185913
18107298482,18107303597
18107450787,18107456697
18108612103,18108625140
18109092404,18109114458
18109128302,18109146630
18109616227,18109622033
18111065866,18111080937
18111540357,18111546100
18113385782,18113390797
18118660599,18118665573
18189345960,18189350962
18189600139,18189606190
18189964795,18189970237
18190395777,18190399793
18191528606,18191563264
18192521674,18192526986
18192742865,18192757424
18194468545,18194472999
18224860218,18224877787
18224860956,18286575766
18225805551,18225823953
18226148368,18226164377
18226831508,18226838500
18226834097,18226851159
18227315360,18227320986
18227743185,18227759823
18228066350,18228071990
18228279209,18228293431
18228404409,18228422219
18229460230,18229466130
18233850791,18233855585
18251722706,18251739868
18286703372,18286727593
18287147020,18287161857
18287537130,18287550777
18287789829,18287794509
18289017221,18289032198
18289152073,18289165724
18289531235,18289535825
18289815178,18331702375
18290490881,18290495167
18290677046,18290682822
18290720330,18290734636
18291886103,18291899357
18291979264,18291983921
18292082829,18292094853
18293386457,18293399677
18331837056,18331850206
18331941723,18331947523
18332872053,18332885587
18333321494,18333326088
18337902977,18337907427
18339226624,18339230369
19431548752,19431561394
19432778216,19432782913
19433309877,19433318319
19436332280,19654094395
19436773602,19654112245
19451846784,19451851582
19454235546,19454252164
19454251175,19454259691
19454435833,19454450867
19454618293,19454622863
19455327853,19455344089
19456798035,19456802284
19456850420,19456855395
19655688327,19655693689
19656984207,19656995653
19657632589,19657637320
19659582657,19659587492
19661669435,19661673896
19661684640,19661704264
19666017928,19666022134
19679579156,19679583920
19679635056,19754330206
19680016065,19680031143
19680352206,19680362089
19680420097,19680434549
19680431325,19680437322
19681433742,19681449277
19681864761,19681873828
19681994247,19682000217
19682006645,19682021967
19682019752,19682024913
19682026617,19682040545
19682792338,19682806850
19684975167,19684979627
19686823371,19686836872
19689066841,19689085583
19691691597,19691710677
19716976343,19716991848
19719428034,19719442487
19719713170,19719727078
19725794332,19725799096
19727928658,19727938697
19754454835,19754464443
19754695713,19754706201
19754794704,19754815074
19754832934,19754838560
19755145595,19755150707
19755809793,19755825672
19756498736,19756503563
19757358152,19757363838
19757549782,19757564135
19758802893,19758808305
20075040573,20075053660
20079689580,20079705118
20080162868,20080167311
20081104937,20081115722
20099516778,20099534391
20099950470,20099957800
20100034844,20162678812
20101562838,20101577681
20103346713,20103361534
20105182450,20105197511
20105268632,20105283983
20109446528,20109449598
20114144662,20114148153
20116571073,20116583949
20128513923,20128545936
20132746510,20132750489
20133185220,20133189847
20162939606,20162948483
20164172575,20164188594
20164460613,20164475788
20164653356,20164659009
20165035709,20165040790
20165484368,20165499008
20165564900,20165570226
20166496012,20166507117
20166583878,20641770070
20167292529,20167306791
20167420933,20167436715
20167874486,20167887526
20169313605,20169328154
20644339855,20702654430
20644583875,20644589578
20644707996,20644721877
20645026721,20645041868
20645398379,20645404002
20645742458,20645757221
20646111814,20646127777
20665759972,20665763687
20667793165,20667797872
20702822985,20702829096
20702875892,20702892937
20702999605,20703009304
20703158943,20703162404
20703231340,20703241523
20703569576,20703585939
20703640623,20703645484
20703814297,20703819796
20704112051,20704120400
20704446147,20704454680
20704798909,20704814715
20704857726,20704863526
20704936481,20704953977
20704966422,20704982325
20705783512,20705792449
20706858262,20706873360
20707105752,20768940511
20708568588,20708574314
20709330563,20709335795
20709526690,20709531942
20709553160,20709567834
20710226188,20710231617
20710532187,20768960964
20713715090,20713730305
20716777858,20716782883
20739986721,20740003308
20742595187,20742608754
20743237211,20743251984
20743834727,20743848725
20745030037,20745043507
20769369957,20769388275
20770001580,20770006324
20770954114,20770971834
20771106435,20771110878
20771157147,20771166712
20771519995,20771523787
20771687972,20771692165
20772080952,20772086103
20772116963,20772131456
20774972281,20774977022
20775141952,20775156188
20775576616,20775590935
20778030519,20778034973
20778545318,20778549157
20779632617,20779646014
20780702950,20780707113
20781628158,20781642791
20782188958,20782201065
20784295768,20784302457
20785843960,20785848671
20785942694,21681507432
20787340064,20787346562
20792491264,20792500128
21684024959,21684040267
21684172730,21684177945
21684212019,21684228306
21684864734,21684878705
21685676979,21685693604
21685926962,21685931318
21686052957,21686057404
21691189758,21691202547
21701134585,21701148549
21701758126,21701772118
21702226363,21702240545
21706603812,21706608198
21707216967,21707221193
21708007597,21708019657
21708865887,21708877239
21737919750,21796161644
21738695116,21738716307
21739160877,21739165955
21739814884,21739824128
21740280468,21740292098
21741491641,21741505926
21741805688,21741809981
21742046250,21742060432
21742273016,21742277159
21743105702,21743110058
21743252882,21743259006
21743564060,21743576959
21751064445,21751077632
21752907792,21752921016
21753479133,21753483512
21753968390,21753972724
21759991144,21759995811
21772934239,21772939361
21796225335,21796243659
21796847263,21796862467
21796930110,21796934327
21797305109,21797317220
21798072417,21798083933
21798356951,21798364602
21798444158,21798457188
21800113458,21800125124
21802383100,21802387955
21803273964,21803294875
21822525085,21822529876
21832492995,21832497234
22936275755,22936330437
22936371617,22936388618
22936409546,22936442985
22936605473,22936623510
22936934304,22936939690
22936953157,22936958215
22936976586,22936982931
22937323098,22937328951
22938426636,22938440260
22939079538,22939085204
22939584247,22990948778
22946202024,22946224575
22946704401,22946708761
22947494099,22947499047
22948692065,22948725644
22956036243,22956053459
22959390952,22959404860
22960308787,22960313738
22960788082,23030246252
22991043095,22991047669
22991361823,23052215083
22993600566,22993605644
22993899272,22993904945
22997966461,22997970787
23000936592,23000941951
23031728144,23031739800
23032528856,23072162641
23035460528,23035473935
23041461358,23041464963
23041786394,23041790346
23052478343,23052485489
23052612389,23052633003
23052976561,23052982347
23053404747,24142474595
23053866482,23053880765
23055602733,23055616802
23059678722,23059692894
23061168255,23061181682
23076190378,23076195322
24142531952,24142556093
24142631674,24142637808
24142863158,24142869192
24142876231,24142881423
24143237129,24143245982
24143416909,24143432477
24143577329,24143581996
24143731348,24143736048
24145393601,24145398008
24147414804,24147428639
24148380701,24148388295
24149181140,24149195426
24149341136,24149346204
24149713963,24149717518
24150848071,24150863359
24152538118,24152543055
24153022250,24153035440
24153055699,24153060093
24153263553,24153275270
24155655369,24155660440
24158626817,24158638650
24206882110,24206889660
24207977229,24207991358
24212596534,24212600600
24215250143,24215253587
24296927068,24296948052
24297214469,24365153268
24297302825,24297308010
24297905784,24297915219
24297943095,24297949089
24298238407,24365162506
24298737597,24298742896
24298850453,24298865440
24299221072,24299225960
24299344548,24299361547
24299814302,24299831691
24299914819,24299919701
24304749727,24304762796
24305970611,24305983707
24342590111,24397619765
24365158761,24365170177
24365285605,24365291177
24365677609,24365693248
24365686633,24365691621
24365740234,24365751807
24365948135,24365966510
24366161565,24422974550
24366521750,24366536286
24366791087,24366804748
24368479409,24368484735
24368643531,24422959970
24370164378,24370178894
24374311775,24374325209
24397658383,24397675839
24398615186,24398629979
24401768379,24401781041
24402960575,24402965065
24404279758,24404283797
24406910799,24406915219
24407125174,24407138260
24407246652,24407251079
24408299697,24408312880
24409174932,24409179756
24410375113,24410379232
24423182090,24423207207
24423714749,24423742245
24424537759,24424542871
24425321474,24425326318
24427860907,24427865524
24428158938,24428172806
24429929040,24429933139
24432029806,24432043123
24433837984,24433843316
24442460303,24442464910
24443869948,24443874384
24445126028,24445129917
25543857241,25543862720
25543866478,25543880877
25543913431,25543919034
25543991438,25544000856
25544044812,25544049259
25544975105,25544979548
25545492062,25545497304
25545702295,25545707383
25546033474,25546038335
25546729644,25546743666
25547030726,25547052432
25548113407,25548127489
25550775728,25550780439
25558167391,25558179087
25558754557,25558758212
25566659532,25566664791
25567267358,25567281283
25568030583,25568035290
25569453191,25569467166
25571606884,25571611280
25571788301,25571792781
25729863437,25729884929
25730005983,25730011008
25730540991,25730551658
25731928820,25731941021
25732812140,25732824925
25733312663,25785020945
25733321383,25785012915
25737469445,25737473477
25758847491,25758850770
25759825678,25759834121
25761977430,25761985684
25785049341,25785057042
25785141887,25785155445
25785739417,25785749254
25785824042,25785837396
25786918827,25786924246
25786995716,25786998588
25788295483,25788306071
25788436925,25788446988
25788832117,25788843871
25790152068,25790164647
25791027888,25791037436
25817606243,25817610620
25825137732,25825142096
25845466016,25845471081
25845469591,25845474502
25846240496,25846256018
25846302410,25846318105
25846739790,25846743809
25846859825,25846864102
25856397494,25856400965
27025931955,27025946214
27026556242,27026561020
27161438808,27161458486
27161947202,27161965577
27162334957,27162349607
27162460936,27162466996
27163221184,27163236118
27163946302,27163951454
27165977097,27165982606
27167133763,27167150507
27223733766,27223749702
27226081582,27226085645
27230047111,27230050803
27234780979,27234784467
27267772171,27267778799
27267870620,27267891675
27268156097,27268170743
27268829208,27268840476
27269953226,27269958271
27270722107,27270726687
27272465320,27272469720
27274112443,27274124784
27276044635,27276058800
27277522698,27277526580
27277896989,27277900604
27279419780,27279423756
27303802647,27303810054
27304664776,27304670876
27306226983,27306241349
27307281434,27307296211
27311690627,27311694717
27311719874,27311734487
27311755601,27311769877
27613326382,27613333338
27614373700,27614393652
27616133184,27616138339
27617795999,27690933773
27618928813,27618932512
27622785128,27622790210
27646539479,27646554650
27646695720,27646701242
27646713837,27646717960
27647944641,28099750931
27649615424,27649620228
27651243687,27651253145
27653377111,27653412939
27691017078,27691027766
27691520729,27691537674
27692201711,27692220373
27693637020,27693656688
27693693679,27693697995
27694415503,27694431867
27695487540,27695492879
27695989350,27696003973
27697826062,27697839432
27698009350,27698013657
27699319042,27699324772
27699545445,27699549120
27700172712,27700177509
27700528287,27700542826
27704398029,27704401847
27705771011,27705783235
28100410440,28100417533
28136393192,28136398029
28136401855,28136419244
28136800845,28136805960
28138232179,28138248399
28138698799,28138703419
28140432498,28140437282
28141030588,28141034330
28141993896,28142006441
28143513066,28143526125
28143695021,28143698449
28146071920,28146084652
28147154491,28147158266
28176736219,28176741030
28177859676,28177864157
28178062245,28178066448
28181352311,28181359300
28181394306,28181405986
28183667770,28183680065
28221883886,28221901011
28222273949,28222279628
28222735818,28222746990
28223105395,28223113747
28223226051,28223244907
28223925528,28223933643
28225890023,28225894670
28229246479,28229261634
28255722636,28255734530
28256300545,28256316491
28256439600,28256444207
28257439263,28257443790
28258051239,28258066116
28258731529,28258736460
28259807148,28259810703
28261781772,28261786820
28263026968,28263039456
28264885012,28822829455
28755283645,28755287831
28755348325,28755363235
28756390438,28756404032
28756631587,28756646481
28756712664,28756728824
28757845492,28757859959
28758880245,28758885374
28759360222,28863169690
28759923217,28759937108
28760737497,28760751045
28761919774,28761925818
28762745951,28762752095
28763249709,28863173709
28764170687,28764175535
28824157619,28824171080
28863486000,28863491609
28864239552,28864257864
28865284732,28865299860
28865539676,28934058329
28865910679,28865924220
28866169913,28866175252
28866506515,28866522859
28866726657,28866737131
28866839406,28866845296
28867627717,28867631880
28868051149,28868055997
28869986775,28870002370
28870650946,28870655760
28873506922,28873520894
28873632019,28873643458
28873972369,28873986154
28900913265,28900929779
28901065507,28901081627
28904933638,29529962825
28934113497,28934134444
28934295933,28934310720
28934408081,28934433508
28935298203,28935306903
28935410173,28935425304
28935658953,28935672256
28935686081,28935689930
28936144736,28936159145
28938499728,28938512915
28939105560,28939117557
28944896128,28944910073
28944957079,28944961205
28946655745,28946659774
29530745855,29530762202
29531426796,29531430391
29636566162,29636571143
29637096149,29637112018
29637314747,29637320136
29637392767,29637397207
29637419043,29637435206
29639293644,29639307345
29642594909,29642607234
29669013780,29669037093
29671956513,29671970334
29672237309,29672252680
29674390033,29727845981
29674467478,29727849332
29706608618,29706626065
29707018363,29707023364
29707418957,29707433068
29707604310,29707610397
29707828885,29707843728
29707983582,29707987962
29708171116,29708177624
29716391312,29716395758
29728572098,30188787234
29728642036,29728646847
29732384293,29732398609
29732468226,29732472623
29752723759,29752735923
29752727477,29752734403
29752921921,29752937185
29754938350,29754952278
29755474317,29755478242
29756380826,29756386659
29756398833,29756414058
29757785302,29757789559
29757891606,29757904973
29758267848,29758281426
29759041403,29759054603
29759300189,29759305080
29759824165,29759833166
29761011293,29761015433
29761272248,29761285267
