start_ns,end_ns
471261,6287889
1166177,6329644
3010848,3023344
3243769,3256576
3686726,3699835
7690300,7695307
7960156,7964082
11419942,11424157
14831284,14839814
14972591,14979263
21511702,21514891
22165572,22169603
23251599,23257352
28914418,28919527
29265207,29270539
29426453,29432424
29746995,29753774
30768182,30772038
32990391,32995690
35821058,35823664
41849275,41853840
42762813,42767444
57201227,57204755
65332584,65339303
65571572,65586362
83017786,83024134
88829225,88832673
91068815,94659280
98182636,98188372
100726645,100731288
105931694,105937050
106191165,106200045
106222593,106627580
106349787,106356212
107124491,107134203
111653794,111659898
111854014,111862453
112202988,112208320
118774908,118780287
119345868,119350268
122284644,122289772
123750432,123753495
127345136,133344564
130606649,130611637
131517267,131524290
132683531,132689080
134794847,134799935
135052083,135055277
143750400,143755679
148734326,148737804
148917364,148921339
150767956,154163082
153887749,157835406
156732308,156738613
158354481,158364610
159568332,166584752
165155587,166587515
167768338,167774505
171199445,171205071
173472107,173478378
174380894,174385484
174558429,174563113
184702637,184708824
186542739,191430012
192580664,192584476
194304232,194308228
197575986,197580262
200944060,200948407
204188568,204194966
204343529,204347358
204546395,204552829
206090991,206097069
206949288,206953006
213246122,213249974
221801600,221807213
221926342,221930889
224605978,224608771
237318884,237325198
237979299,237985176
241615090,241620672
242185975,242191224
249518792,249523793
252514544,252520267
253358053,253363676
253404385,253410101
253511754,253515920
262106802,262113383
270115104,270119674
272378548,272382901
274637836,274641627
274838383,280118827
276000878,276005291
277611945,277621413
284790492,284794054
286344633,286349392
287129751,287134388
287369238,287373976
288086012,288091662
288252185,300580006
300400354,300402840
301398930,301401669
302346167,302350970
302684970,302690235
314894798,314898282
319865674,319871932
320869861,320874070
322051382,322084624
322588598,322592186
325328300,330744023
326540210,326544183
331686510,331691665
333531360,333537457
333844315,333848328
336214173,336220394
338001894,338006811
338440350,338445708
348817631,348822960
354461665,354468781
356206926,356212254
358040065,358044415
358976689,358981286
360213636,360217207
362958516,362962442
365207504,365210905
369139161,369143594
371046125,371758076
371856797,371863265
372146439,372151480
372770896,372773829
373468742,373476009
373829205,373835376
375537913,375542901
375630570,375636403
376762582,376768168
378215732,378220349
384453813,384457869
385003067,385007199
399676768,399684562
413883375,413889008
414137390,414142355
415156911,415161311
415247399,415251933
415831562,415836423
427204507,427208814
427753931,427757326
429506151,429510792
442518445,442523185
453741080,453744839
458394371,458402235
460706826,460710711
463252027,463257904
465778266,465782355
466003316,466007188
466183113,466186637
478115869,478121084
480586462,484131945
484176422,484181871
489135254,492724523
492756171,492765432
495746557,495752233
497011514,497017668
498923586,501553596
501443534,501447630
502283763,502289746
503349438,503352860
513206419,513212720
527480395,527485620
529907329,529921351
532889210,532894007
536902231,536919720
537028199,537033765
537493910,537502009
538449293,538455594
540015422,540023106
541863332,541868938
545699061,545704571
550263788,550270300
550890120,550895505
552083862,552086508
552131580,552138392
557985004,557990249
558256502,560678375
563462985,563468821
563472627,563477685
563788037,563790339
565934446,565938736
568363976,568369619
572411425,572416310
572441537,572445452
572614986,572621234
573360353,573368702
573611001,573615655
574379982,574385027
574492500,574497972
574941216,574945415
575178326,575182752
575784207,575789680
576756512,579316443
581342032,581345423
585677580,585683119
591620734,591626584
592526765,592530904
592544205,592549794
593197490,593199949
611474859,614269385
614051358,614055832
615365430,615370939
617592668,617596774
620325682,620332531
625504766,625511528
630319572,630328379
630559192,630564637
630784421,630789617
632596066,632601375
639204927,639212233
643824241,643827471
645931521,645991654
646952128,646956932
648309925,648315063
649730498,649734741
650985980,650990587
659252273,659284866
674283413,674289306
678397907,678402424
682957937,682964121
683446580,683451842
686033031,686038323
686053889,686059475
687307814,687311465
687511214,687513740
694601943,694608244
695267272,695272751
695716142,695720538
695946486,695951080
700036893,700044911
700574226,700577757
702373175,702377702
703198410,703204410
713381141,713386761
713709197,713713560
717568591,717575196
724420074,724425737
725237277,725240832
728275916,728281141
730737158,730742015
734124556,734129003
741012743,741022819
744513895,744518823
749515254,749520833
753826333,753830736
753832948,753837498
757996263,758000699
758069418,758074029
758084352,758090376
760996521,761002344
763354726,763359871
763786380,771185129
766165783,766169619
766276374,766285260
771689718,771694108
773239239,773244625
778371972,778376175
778881973,778886036
779353617,784859836
785335766,789175091
789731607,789735710
791151759,791158427
791187493,791194128
791836990,791841350
792400589,792404939
794260887,794265083
796155429,796164948
811747125,811755615
814088335,814092993
815357599,815364144
821811011,821817359
824535833,828791924
826311853,826317075
832392034,832396250
832946369,832948674
833132737,833137218
839010470,839017172
839434169,839439424
841140772,841145897
841500874,841506784
842683278,842687942
843395507,843397819
844885119,844890494
845313893,849725944
853538678,853544862
855826798,855831679
856959021,856962469
862307282,862312590
862319102,862322048
864363941,864369119
868428706,868432474
869030355,869036301
872928275,878284494
878327675,878332877
878882955,878888361
890139718,890141869
890678631,890682540
891442220,891447752
891541926,891547545
893458377,893464384
894104376,894108446
909935721,909940435
910505057,910510984
919775079,919781951
920238034,920242297
920620015,920625698
921088803,921149447
927587524,927591590
930233347,930239231
931053577,931060069
932557943,932562660
933965369,933970267
934603407,934609056
935189493,935194662
937071230,937076241
944476484,944499369
944763223,944769233
948034608,948040278
950744269,950750002
958050425,958057191
958835790,963479769
958839715,958886702
964151109,964156832
968993013,969449373
969293911,969298639
972173363,972178598
985676544,985687957
990039805,990044045
993626378,996308516
997210595,997215923
998434819,998440312
999644862,999648116
1001972398,1001977379
1002176800,1002180375
1002542004,1002546300
1003594119,1003599421
1004766373,1004771384
1007642731,1007646770
1012394441,1012400331
1022257498,1022263378
1023277681,1030621516
1023763782,1023770624
1025116708,1025123677
1025493551,1025497703
1026284070,1026288504
1027199439,1027204207
1037480156,1037486500
1042877130,1042882920
1046871626,1046876974
1065885064,1065890460
1076903815,1076918719
1077780296,1077788374
1079386158,1079390822
1081063244,1081067958
1090953958,1090958254
1093192836,1093197797
1100178517,1100183678
1100521817,1100527717
1111652377,1111656346
1114972567,1114978684
1119539612,1119573713
1119596334,1119601098
1123094453,1123121210
1128515512,1128520099
1130023332,1130029021
1145284777,1145290156
1146251960,1146258197
1147198178,1147200691
1148046736,1148052642
1159590892,1159600588
1160610170,1160616060
1160874151,1165700059
1166694730,1166698813
1172704879,1172710392
1177213940,1177219526
1179604074,1179608614
1182440626,1182448477
1187779655,1187786050
1190887330,1190893033
1192967910,1192972901
1193396898,1200754153
1196916876,1196920625
1197640394,1197645643
1200297346,1200300342
1205385287,1205388671
1218894071,1218898832
1222106413,1229998880
1230434940,1230441411
1232962118,1232965138
1233078244,1233084324
1233108643,1233112628
1233391089,1233690136
1233945661,1233950037
1234931930,1234934683
1235051016,1235056265
1237833933,1237841701
1237873970,1237879984
1239053798,1239059464
1241002910,1241009131
1241767962,1241771233
1242012793,1242019344
1244085716,1244089374
1245212687,1248928615
1247142632,1247153744
1248791118,1248797228
1255341680,1255346013
1262187798,1265626459
1265725740,1265730605
1270230431,1270238075
1271357880,1271362668
1275015113,1275018788
1275170788,1275174888
1275622461,1275628548
1276894337,1276899933
1280249893,1280254520
1286931823,1293319199
1286991711,1287012465
1290359733,1290365001
1296036323,1296040629
1300843652,1300850561
1313669524,1313674903
1314012220,1314016690
1314927745,1314935764
1315750431,1315756438
1315922868,1315928812
1320862911,1320867846
1327575166,1327582332
1328484207,1328513674
1330521098,1330525321
1333678192,1333683558
1336569284,1336573399
1355162788,1355168805
1360154936,1360160953
1362438268,1362443834
1362800448,1362806455
1365304537,1365310520
1369106954,1369111582
1369672334,1369677045
1370254560,1370257378
1370750615,1370754047
1370897705,1373726288
1374639589,1374644246
1378615964,1378623067
1380782485,1380786290
1383515589,1383521232
1384091309,1384100032
1394378052,1394384507
1397501393,1397503852
1398520590,1405573804
1401669465,1401674383
1407194606,1407198605
1407373160,1407379722
1409043254,1409049645
1409086569,1409092636
1418798635,1418804084
1422128693,1422133919
1423479755,1425434557
1429063876,1434283887
1431733166,1431736299
1433744960,1433748969
1436713490,1436717993
1437857269,1437862017
1443021343,1443026130
1447633664,1447638769
1451203489,1451208744
1453046882,1453052691
1455713077,1455716929
1457767297,1457770722
1459132869,1459136110
1460334917,1460338608
1461800685,1461807470
1463256233,1463263232
1466600200,1466605071
1470485315,1470493884
1480184962,1480189783
1482608876,1482614355
1486574213,1486578803
1487899343,1487903485
1489280422,1489285357
1495233459,1495237648
1501268618,1506850327
1501634857,1501639053
1501891601,1501895410
1503237398,1503243385
1507619411,1507629267
1510596196,1510599587
1511571544,1511577972
1511729268,1511733224
1521218523,1521223748
1528204401,1528208216
1530068641,1536635440
1540812810,1540818279
1540942253,1540949215
1544970545,1544977267
1545719507,1545725087
1547888434,1547894057
1558696955,1558702094
1559758662,1559763530
1561177221,1561180958
1564197056,1564202248
1566145791,1566150695
1569825581,1569829694
1571938087,1574790845
1577163118,1577167101
1578643523,1583564897
1586800164,1586806195
1586887602,1586892961
1599856778,1599861713
1603435366,1603442104
1603448776,1603453283
1609945717,1609952309
1610288810,1610294744
1611623535,1611629329
1612659230,1612664652
1613606090,1613611910
1615854690,1622683766
1619666433,1619670004
1620436429,1620442884
1620455482,1620459147
1623243554,1623247142
1624206447,1624211822
1624371470,1624377527
1624580707,1624585715
1631080217,1631085743
1637090487,1637096129
1640108826,1640113106
1640124769,1640130619
1640457068,1640463886
1642004274,1642011203
1642922940,1642927530
1643304941,1643308793
1643373854,1643380893
1644937056,1644942144
1648280962,1648286876
1676233728,1676237954
1679317933,1679323011
1683693548,1683698319
1684854567,1684858128
1686807194,1686814256
1687963895,1687969679
1688154480,1688159913
1688525654,1688529947
1690658368,1690663313
1695645064,1695649090
1699213415,1699218149
1713373230,1713379323
1714197218,1714201715
1718446300,1718452992
1735257403,1735262876
1735666022,1735670599
1737301651,1737305089
1738397836,1748172019
1743393265,1743399719
1753919834,1753924826
1753976496,1753982847
1754548330,1754551270
1755203721,1755208755
1755334614,1755339030
1756272988,1756278133
1763069423,1763075948
1774574114,1774583108
1775016736,1775023378
1780346521,1780873658
1780366106,1780373703
1781433115,1781437414
1789368776,1789374148
1789739485,1789743594
1791573600,1792882497
1793055592,1796887566
1794191877,1794197139
1797615314,1797659995
1805294287,1805297825
1810798274,1810802707
1810914179,1810918984
1815831454,1815835367
1818914490,1818920547
1824272159,1824277023
1828305566,1828310912
1828639432,1828643421
1828887236,1828892091
1837530105,1837536179
1840343758,1840348291
1841113467,1841118976
1841717357,1841721677
1842376145,1842380709
1842901819,1842907064
1844551045,1844557149
1850982909,1850986808
1854046715,1854053356
1861188315,1861192955
1867755268,1867761295
1874085651,1874094164
1886596102,1886600148
1886961673,1886966180
1887086699,1887092930
1888982658,1888987994
1899531445,1899536229
1899790972,1899796204
1904395042,1904401840
1905267941,1905271185
1910593330,1910597770
1910681927,1916356279
1911230646,1911235674
1911363490,1911367519
1911557215,1911562460
1920849200,1920855016
1920873398,1920878543
1923503318,1923509008
1924669207,1924673250
1929251257,1929256078
1929798873,1929803577
1930773369,1930779256
1934987766,1934993199
1942977841,1942986884
1943584898,1943589191
1943667118,1943671204
1944031817,1944036564
1944770980,1944776593
1945008641,1945013502
1945633292,1945638073
1945756173,1945762311
1949612263,1949617458
1956176025,1956180391
1958407698,1958410705
1959071523,1959075608
1962261640,1962264694
1962417915,1962422556
1963218908,1963222151
1963265432,1963269829
1967568575,1967572330
1979444503,1979449143
1979802486,1979809198
1979962395,1979968856
1983349245,1983353625
1989502983,1989507436
1989992912,1989997683
1992396486,1992402911
1992741006,1992744290
1993769755,1993776874
1998547327,1998551199
2000009851,2000015861
2005425300,2005428925
2005650918,2005656938
2006775460,2006779449
2006933321,2006936672
2008439992,2008446206
2010407382,2010412453
2010654037,2010658066
2011025177,2011030265
2011470345,2013347892
2011790653,2011797495
2013397992,2013403725
2016087734,2016092358
2016230771,2016255103
2017795704,2017799296
2019843503,2019849817
2028847740,2028856553
2029963038,2029969249
2035452639,2040568172
2042128314,2042134665
2047771569,2047777352
2049115555,2049122260
2051073811,2051079060
2051227309,2054364354
2051280479,2051284956
2052135010,2052140269
2054643890,2059599531
2055438268,2059984500
2062591060,2062596466
2065641339,2065648715
2065983203,2065990008
2066615344,2071295311
2072492435,2072498448
2075784878,2075790467
2075824999,2075828914
2076079104,2076083454
2080730360,2080734987
2086165213,2086171641
2088779137,2088785144
2088927116,2088933711
2090218499,2090222926
2095289529,2095295125
2096998527,2097003679
2098696267,2098701332
2101003160,2104943804
2106035021,2106039638
2107250646,2107255397
2107939699,2107944019
2115073348,2115076204
2118089676,2121007007
2122814054,2122818915
2123250783,2123254822
2123347816,2127560118
2131091980,2134924439
2131781872,2131787672
2133307609,2133312340
2135727040,2135732201
2140124708,2140129857
2145634267,2145640775
2146599078,2146603608
2148530754,2148538983
2150187648,2150191975
2156012238,2156021094
2156534239,2156539678
2158297006,2158302850
2159205062,2159210090
2165017166,2165022044
2171660465,2171666508
2186354742,2186361394
2192600455,2192605098
2197379266,2197385904
2197445432,2197450841
2198915938,2198919643
2199033544,2199037653
2200022800,2200029977
2200065373,2200070041
2200577045,2203759015
2201148879,2203794144
2203024946,2203029283
2203794996,2203802877
2216198388,2216204412
2216589079,2216595574
2217157118,2217162233
2219329028,2227601883
2221478518,2224667921
2224996000,2225003995
2225241236,2225245525
2231433747,2231437479
2232825287,2232832517
2233171317,2233174795
2234029093,2234033212
2234037779,2234042570
2234082377,2234086432
2238692633,2238698974
2239766056,2239769955
2239785430,2244862323
2242299201,2242303631
2245286614,2245296035
2254477560,2254482254
2255043838,2255048435
2258007227,2258079223
2261777468,2261785306
2261832082,2261836542
2262056450,2262060867
2266313848,2266318792
2267645953,2267649298
2268067364,2268072095
2273752170,2273756282
2279036145,2279044931
2284647026,2284652469
2288114022,2288122584
2289604068,2289613396
2289625069,2289628216
2289871350,2289875984
2290915113,2290919509
2292758816,2292762772
2293011244,2293017435
2294058672,2294065257
2296247417,2304121439
2297515812,2297519881
2304159334,2304248914
2304647486,2304653697
2305027630,2305034008
2305419544,2305422798
2307880017,2307884367
2319287815,2319293047
2320242450,2320246839
2323830575,2323835590
2327726839,2327816375
2335666686,2335673158
2335807285,2335813986
2341791739,2345433018
2341804047,2341850675
2342442949,2342448906
2343008794,2343012262
2343969278,2343971754
2345759290,2345763219
2349416676,2349420913
2349669195,2349676150
2350561932,2350566179
2350944275,2350949570
2351505789,2351510800
2351952216,2351956285
2355868488,2356438165
2357257974,2357262822
2371374878,2374712908
2373732839,2373742595
2373755093,2373758701
2374481825,2374486439
2374944248,2374948718
2376135478,2376139948
2376165677,2376171593
2378696369,2380392776
2378776517,2378779590
2381780908,2381829649
2382727875,2382731343
2393793665,2393798998
2398001090,2398005063
2398122528,2398127864
2398232862,2398237890
2404809834,2404815593
2406517723,2409907136
2411750265,2411753152
2412132216,2412137415
2412848956,2412853529
2412996914,2413000208
2414178439,2414183193
2414246406,2414251036
2414639422,2414645690
2414717806,2414723549
2415420654,2415427102
2419676478,2419681623
2422143760,2422149299
2424924245,2424930178
2425529602,2425533310
2426276549,2426281089
2430261477,2430267798
2430275328,2430279745
2433297206,2433304151
2433775983,2433782451
2438194258,2438198869
2438916506,2438921454
2439132165,2439136708
2444870221,2444874350
2449792778,2449798588
2452241899,2452248567
2464756957,2464763882
2465683781,2465688796
2483791720,2483796344
2484403111,2484409255
2486737462,2488374588
2488562921,2488567622
2491235367,2491240369
2492524008,2492530035
2493140126,2493145832
2493262079,2493268313
2500214548,2502511841
2506255449,2506831002
2509442414,2509447338
2509918565,2509923520
2517290250,2517296514
2523194419,2523198495
2524939877,2524944263
2528605384,2528609036
2531063927,2531070311
2531552272,2536762590
2532937191,2532942569
2534046168,2534051336
2534624955,2534628777
2534828288,2534832698
2538999805,2539003584
2547214929,2547221260
2548990154,2548996402
2551637153,2551640945
2554491765,2554496743
2559935569,2559939361
2560134372,2560138592
2561294699,2561298517
2564338923,2564344212
2567298346,2567302065
2567937764,2567943336
2570763036,2570767653
2570801697,2570807193
2574178855,2574183463
2574593795,2574597928
2576431989,2576436897
2577877191,2577883666
2578392477,2578397505
2578891500,2578895827
2580393751,2580399260
2585777155,2595165775
2588807982,2588811808
2590106058,2590110675
2590286603,2590291685
2591803757,2591809941
2591928156,2591931941
2592203813,2592208921
2593151669,2593156790
2593272910,2593277704
2594125062,2594129482
2594345759,2594349497
2594375102,2594379204
2597339506,2597344534
2599156943,2599161567
2601985423,2602016791
2603543811,2603549861
2608049350,2608053567
2616841845,2616848045
2617021170,2617027298
2622146293,2622200292
2628819429,2628825242
2629093459,2629099012
2630242698,2630247248
2630701039,2630706030
2630746197,2630750106
2631694581,2631697103
2631852445,2638690308
2644790136,2644796053
2651003702,2651010394
2651422738,2651427849
2653518081,2653520998
2656391486,2656396931
2657086709,2657091106
2664906301,2664921098
2669920526,2669924388
2671153547,2671157947
2671373144,2671377400
2671939994,2671945526
2686528559,2686532257
2691263996,2691271716
2692610577,2692614393
2693773667,2693778190
2695478349,2695482191
2699626179,2699631484
2701499663,2701504404
2702225286,2702229987
2702254302,2702259948
2702293467,2702297623
2704577177,2714612585
2712214977,2712220653
2718228397,2718232569
2720309788,2720314108
2722236587,2722242053
2723430974,2730024647
2728863378,2736354176
2735341954,2735346922
2739871769,2739874221
2746032773,2746037420
2762411600,2762415559
2763301782,2763306403
2763672839,2774581891
2781225554,2781232801
2781654956,2781659754
2784541314,2784544457
2785105474,2785111377
2786161294,2786167799
2787869972,2787880342
2788109979,2788114857
2795501164,2795505340
2796170703,2796178611
2796270208,2796276429
2797133456,2797140295
2802110356,2802114656
2803659078,2803663635
2804661808,2804666883
2805197194,2805203371
2806446589,2806452355
2810260619,2810264916
2811305822,2811311024
2815106496,2815111270
2815933241,2815936999
2815940738,2815946040
2818376752,2818381226
2820952203,2820956649
2831643064,2831646970
2837044068,2837049630
2839516090,2839525087
2843849560,2843855821
2851090064,2851094641
2855859067,2855864068
2861915250,2861919025
2863394302,2863398498
2865616823,2868419330
2865918483,2865924513
2866079450,2866084545
2867649421,2871365794
2871503081,2871553957
2872673544,2872678175
2872847488,2872851527
2876020474,2876024210
2889732064,2889737914
2897255546,2897261960
2897794863,2897800586
2898995411,2898999313
2900035282,2900040908
2900267030,2902945907
2903691956,2903697689
2904218264,2904223606
2904231521,2904235704
2908412232,2908415332
2909463819,2909468573
2910534623,2910539133
2910639871,2910646386
2913087789,2913092316
2916676560,2916682089
2917573584,2917580049
2918393821,2918398148
2919326429,2919331073
2920604282,2920608277
2921635927,2927326726
2923005868,2923008437
2937927397,2937931747
2940070860,2940075096
2940739968,2940744364
2942800622,2942806736
2944716413,2944721233
2945882446,2945887430
2946842018,2953752876
2950436481,2950440454
2950643814,2950648228
2962262857,2962267324
2963705814,2963710614
2964125056,2964128490
2965346047,2965349615
2965541309,2968217858
2976437665,2976441354
2976837828,2976844116
2977828851,2977832777
2986201164,2986205100
2986332081,2986986445
2990914972,2994290366
2991171095,2991175141
3004134020,3004136863
3007156061,3007160064
3011808343,3011817263
3016683516,3020064386
3025812171,3029429717
3034300346,3034305087
3038470690,3038508172
3039022890,3039028560
3040630473,3040636393
3042417759,3042421233
3042798939,3042803098
3043249261,3043253006
3043657161,3043663870
3044106772,3044110361
3045106502,3050282302
3049064552,3049068708
3050389285,3050396661
3057778388,3057783791
3061535905,3061542038
3061871885,3061876028
3061936278,3061940223
3068307377,3068315512
3075778834,3075785342
3076256425,3076260538
3077049180,3077052724
3077778040,3077783519
3078488007,3078494796
3079003006,3079007784
3086620480,3091441808
3093894788,3093899137
3093901185,3093905609
3094011562,3094017713
3097853720,3097859753
3102768105,3102773333
3104492705,3104497379
3106101567,3106106449
3106176417,3111102221
3115876760,3115881387
3122220955,3122224429
3129123517,3129127596
3129202412,3129206281
3130392179,3130397692
3132297943,3132302163
3133966417,3133972517
3134306580,3134312233
3135124385,3135130776
3136164974,3136167887
3137076360,3140471910
3142238486,3142245352
3142880516,3142884736
3144828483,3144833250
3159875198,3159879301
3160935609,3160941796
3162667720,3162673754
3175042350,3176349836
3176536649,3176542042
3181425433,3181430658
3182961340,3182966913
3184005367,3184010896
3184326029,3184331766
3186628047,3186633580
3188985731,3188991885
3189145479,3189151009
3189230732,3189235497
3189838348,3189842210
3190636127,3190642044
3191262298,3191266250
3191326400,3191329895
3192019623,3192025937
3193425666,3193430263
3193965518,3193969233
3194047426,3194053403
3195419426,3195423799
3196920457,3196925578
3202080598,3202085549
3202174531,3202179412
3203349698,3203356503
3207957947,3211833704
3212340030,3212343605
3216766146,3216770296
3217080448,3217084677
3217532037,3217537669
3221211002,3221214466
3221423556,3221427512
3226067178,3234946469
3237917274,3237978523
3249755443,3249758597
3250931666,3250938003
3251837710,3251844094
3252230970,3252234555
3254133848,3254138893
3259336011,3259340702
3260042464,3265553175
3262750985,3262756885
3263429748,3263435064
3263497933,3263501768
3268881446,3268887607
3270144031,3270147285
3274354209,3274358228
3275397537,3275401299
3285101117,3285105982
3295462653,3295468904
3297587784,3297592304
3298943069,3298945869
3300609508,3300613998
3305459708,3308460878
3312770427,3312773391
3316169034,3316174567
3326893809,3326897788
3327244664,3327249976
3327743029,3327746122
3328522964,3328528487
3328814497,3328820080
3330486245,3330490224
3332333544,3332339417
3333818509,3333822297
3336427131,3336430111
3343855814,3347386881
3344616490,3344619941
3345548606,3345552525
3346195153,3346199052
3349012625,3349018428
3350069156,3350074552
3354040487,3354044482
3359370038,3359376550
3359675737,3359680277
3359723438,3359727724
3360473810,3360478277
3365225834,3365233014
3365789450,3365793533
3368071069,3368075462
3368152857,3368157063
3370361123,3370367080
3372030672,3372034056
3375495472,3375501254
3375508051,3375512731
3375735853,3375740006
3376221379,3376227606
3377461145,3377463705
3377671766,3377676460
3379031385,3379035752
3381805153,3381809305
3382136887,3382142660
3388030956,3388037251
3390158199,3390161907
3392554373,3392558927
3398889023,3405034198
3405498689,3405502986
3405841716,3405849804
3408813991,3408817626
3411052291,3411058018
3416627138,3416634167
3417366435,3417369766
3421778306,3421783625
3422253111,3425269893
3425530801,3425535074
3426575893,3426580874
3427107129,3427111462
3429665374,3429668227
3440106690,3440110856
3443284030,3443289382
3447661272,3447665946
3453045761,3453051321
3454038763,3454044115
3456030822,3456034988
3456209206,3456215587
3457626511,3457631877
3458219046,3458223904
3458359206,3458365357
3459393301,3459396952
3459862015,3459867016
3460608642,3460613490
3461686325,3461690962
3462649539,3462654353
3462670800,3467758802
3468290178,3471568175
3471504768,3471548758
3472224922,3472230792
3472905312,3472936854
3475885495,3479152026
3476828717,3476832248
3479492470,3479496139
3479594635,3479601594
3484045912,3484052026
3484367851,3484371616
3485112022,3485117574
3485674061,3485678671
3487894260,3487898664
3488400897,3488404679
3489696547,3489701425
3491303715,3491308566
3491872392,3491878216
3492702555,3498866151
3499552943,3499555980
3503696613,3503704367
3504504255,3504509239
3506200782,3506206020
3512706245,3512712606
3518733767,3518739146
3520526288,3520532623
3522237465,3522242757
3543162688,3543169133
3543674754,3543697091
3555295588,3555300215
3562442457,3562446041
3562881437,3562886886
3570968411,3570973696
3576891222,3576894790
3577002968,3577009309
3577480793,3577488006
3577620740,3577626663
3577699822,3577705148
3578975754,3578979763
3581667434,3588098867
3587355460,3587359961
3591377539,3591381829
3591566286,3598439582
3601154558,3601159857
3604982708,3604989466
3611212060,3611216510
3611459690,3611464184
3624113950,3624119329
3630384421,3630389940
3630839682,3630845452
3631197716,3634202211
3632789512,3632792830
3635127395,3635133255
3636426593,3636433234
3636602588,3636606236
3638554102,3638557266
3642331293,3647069182
3642380294,3642384443
3642922872,3642927529
3644468658,3644473188
3645659828,3645664051
3647275890,3647281559
3647868591,3647874064
3653736304,3653741994
3655250880,3655254936
3655289801,3655294976
3665325092,3665330000
3665517157,3665523618
3668630946,3668635994
3669019028,3669024817
3673333254,3673339485
3673995356,3674001066
3674171418,3674175611
3675939030,3675944759
3678210939,3678215359
3680154088,3683064460
3681596159,3681600262
3684408068,3684412545
3684988465,3684994245
3686543539,3693337355
3687251168,3687254963
3698102977,3702934648
3698789160,3698794355
3699150555,3699157360
3704215194,3704220482
3704689741,3704696627
3705977617,3714301704
3709936766,3709941874
3718498234,3718502122
3718586978,3718591765
3727251172,3727256988
3734068428,3734074742
3734532518,3734543002
3736358188,3736363283
3738213100,3753399562
3738892048,3738895137
3755384372,3755389490
3756572806,3756575625
3758307232,3758312494
3766086790,3766093652
3766253383,3766258956
3779577129,3779583941
3780331623,3780338683
3780497552,3780502660
3781271802,3781275888
3781537710,3781543016
3783152539,3783157985
3783208041,3783214546
3783274619,3783278972
3783287692,3783293391
3783747459,3783752013
3785349920,3785355416
3786182639,3786186838
3793477870,3793482881
3795239611,3795244265
3797194306,3797199020
3797981722,3797986356
3798417766,3798423977
3805358037,3805364154
3805591345,3805596520
3819013540,3819017168
3820276897,3820281003
3821973932,3821979087
3829040181,3829044451
3831199232,3831203515
3835700663,3840387766
3836224251,3837439816
3838709367,3838713854
3839671732,3842395234
3842332459,3842337921
3843199087,3843204760
3843821266,3843825706
3848882226,3848886389
3849515887,3851797896
3853936454,3853942458
3855930298,3855934511
3856476491,3856482565
3857255374,3857260412
3863287306,3863291141
3873186198,3873189786
3873699353,3873705764
3882665634,3882669426
3884557643,3884560500
3886074140,3886079378
3889662947,3889667220
3899296399,3899300832
3900756634,3900762701
3909455186,3909459873
3917606699,3917611363
3918247646,3918251893
3919392896,3919397847
3919417481,3919421447
3920026704,3920033559
3925142602,3925148842
3925700391,3925704387
3929025298,3929029517
3931053593,3931059630
3932865337,3932869580
3933158037,3933163850
3935727219,3935733791
3937861016,3937866880
3938181966,3938186106
3938490064,3938495142
3938956035,3938962847
3941501100,3941505854
3952762099,3955281669
3960054334,3960059639
3960529245,3960533528
3966753339,3966759342
3967440925,3967446909
3971099891,3971107953
3976011403,3976016311
3978237620,3978241659
3982937489,3982942086
3984433178,3984437144
3989923353,3989926307
3993299900,3993304614
3994113392,3994119850
3996104463,3996108094
3997961132,3997965987
3998568093,3998571237
3998614358,3998619840
3998900666,3998904464
4004033940,4004043672
4005076627,4005080359
4005093836,4005098513
4006385533,4006391410
4013636160,4013677594
4014286305,4014292650
4016652482,4016656738
4022663473,4022668364
4027005415,4031002467
4031502723,4031509321
4032945853,4032950042
4033594458,4033598905
4033883993,4033887745
4034072497,4034078704
4035017245,4035023109
4035393477,4035397613
4038725189,4038731403
4043777049,4043781255
4046366063,4046369711
4048010713,4048015343
4054028459,4054034359
4058342769,4058349107
4058459266,4058465607
4064384048,4064391158
4065654668,4065658931
4069238090,4069271760
4069368532,4069374339
4077009914,4077046717
4077367817,4079939335
4079825387,4079829517
4081095175,4081102034
4090615614,4090620311
4099403127,4099409404
4100317316,4100325561
4109685961,4109690050
4126241857,4126247022
4127054516,4127058135
4128791168,4128797084
4131322161,4131326480
4131474225,4131480242
4132188121,4132194008
4138360955,4138365515
4138952815,4138956884
4139047465,4139051765
4140207371,4141982480
4140776446,4140782811
4143004727,4143009608
4143275196,4143278895
4143875936,4145819492
4144598589,4144602157
4144935191,4144939160
4146320547,4146326998
4146478361,4146483883
4151153350,4151157800
4151538252,4151544837
4153892705,4161785599
4155557931,4155562341
4162843063,4162846651
4165283912,4165287550
4165951574,4165957874
4176648298,4176653894
4177680742,4177684631
4177887424,4177893367
4179477690,4179483477
4180938978,4180942837
4184170343,4184175598
4184842385,4184847346
4188613154,4188619475
4190800710,4190805871
4200483439,4200489382
4213703990,4213709931
4215767722,4217652138
4219538295,4219542214
4221710205,4221716041
4225092825,4225098181
4225756558,4225761345
4228057814,4234869377
4239170080,4239175706
4241526802,4249400726
4245984940,4245993490
4250207950,4250213626
4252148410,4252153027
4253140913,4253144919
4254013856,4254018189
4254382327,4254388537
4255273354,4255278008
4255846498,4255851539
4257237470,4257241533
4265983269,4265989580
4269823569,4269827678
4272182282,4276267957
4279727182,4284284047
4280263856,4280273568
4280478967,4280483718
4304484697,4304490590
4306328922,4306335767
4312939039,4317700027
4313837713,4313844405
4320257225,4320262474
4321325878,4321330281
4323579663,4325637422
4328454101,4328457476
4331808338,4331812440
4332314016,4332319034
4345227038,4345232737
4355107993,4355114758
4355444992,4355448898
4357805409,4357813207
4359251874,4359254409
4361775440,4361781042
4366719462,4366723100
4369211994,4369217413
4371088693,4371097406
4378018239,4379050279
4384051076,4384059435
4392070140,4392076197
4392470018,4392476633
4392671107,4392675490
4392959456,4393009800
4397650058,4397654411
4398082106,4398086850
4398916077,4398921062
4399214486,4399219822
4399764358,4399768721
4403373281,4403376852
4408468826,4408472541
4409375906,4409381218
4410581866,4410587054
4410856732,4410860858
4411923142,4411926072
4412449754,4412456156
4412772398,4412776985
4416102924,4416106756
4418091165,4418096684
4426673707,4426678575
4427826634,4427830954
4428163837,4428168247
4428723321,4428727547
4437031041,4437038016
4439632249,4439638824
4440823877,4440828397
4442018738,4442023426
4449721332,4454739859
4451460278,4451464705
4453179477,4453183409
4455416194,4455421806
4458353289,4458358481
4459349712,4459353888
4459718182,4459723575
4461662076,4461667452
4473927392,4473934391
4474232820,4474236869
4474932374,4474938795
4475785899,4475789705
4478185194,4478190673
4500775590,4500779676
4513183799,4513188059
4515932341,4515936598
4516411890,4516417750
4518240904,4518246734
4520583317,4520589741
4521602541,4521606146
4524061317,4524068329
4524691871,4524696916
4525966694,4525972176
4528890372,4528895871
4530114954,4530119815
4531460377,4531464793
4532199156,4532204084
4542890739,4542896408
4543402107,4543405752
4544328781,4544336024
4544384888,4544389225
4544709025,4544714808
4544865506,4544870989
4545291240,4545351794
4546712691,4546717676
4547398587,4547402168
4547812728,4547818301
4549444198,4549447980
4549836102,4549841437
4556016954,4556019817
4556408814,4556415041
4559593968,4559598642
4560399939,4560404690
4571726530,4571732360
4572041794,4572047192
4575037712,4575044588
4582149301,4582153986
4582474595,4582478209
4584101394,4584105764
4586883442,4586888236
4587486276,4587489888
4609195918,4609200559
4613318845,4613322670
4613518714,4613522339
4615553661,4615557800
4617222569,4617315867
4618275589,4618279582
4619607304,4619612178
4623864795,4623868327
4624179381,4624185348
4625225957,4625229912
4625880271,4625919968
4625994126,4625998235
4627814052,4627818262
4630759289,4630763766
4630928452,4630932846
4632313538,4632348320
4632358911,4632364263
4636024271,4636029981
4636771095,4636776945
4639835803,4639840303
4639969663,4639974721
4645152071,4645158656
4646096807,4646102586
4646706069,4646709340
4649074334,4649079248
4650053520,4650057165
4651178831,4651187190
4651646279,4651651197
4662032341,4662037062
4663226204,4663231820
4663465261,4663468753
4663550317,4663555395
4665283330,4665287436
4665783663,4665786867
4666097821,4666101269
4668807027,4668849223
4668830109,4668836417
4668944699,4668950118
4670399512,4670405242
4673902960,4673917977
4674818776,4674821904
4676137171,4676142299
4676834854,4676838953
4681699513,4681709241
4687862080,4687867987
4688336217,4688340333
4691877928,4691882154
4695273107,4695276672
4695456890,4695461076
4698745468,4698749393
4699879481,4699884068
4700426620,4706368117
4710138472,4710143383
4713659269,4713663869
4719521015,4722012582
4720748898,4720753505
4732877788,4732921604
4734439394,4734443717
4737742955,4737747265
4738933952,4738940092
4741527646,4743981705
4754928964,4754934847
4757247696,4757253907
4758068304,4758074906
4761115666,4761122074
4771435267,4771439507
4782775819,4782780670
4784252626,4784259414
4785829646,4785834975
4786026324,4786030795
4788885437,4795811716
4801118309,4801124901
4802531017,4808016605
4808286937,4808292092
4808999647,4809005848
4809049827,4809056356
4812362366,4812368049
4813033175,4813037368
4813329175,4813334674
4817326110,4817331846
4820125527,4820130792
4820225179,4820229322
4824536629,4824541424
4830967801,4830972555
4839591751,4839596862
4840611262,4840615575
4845762182,4845766769
4848137546,4848143306
4859481222,4859485666
4860650656,4860656673
4861426894,4861433198
4863679737,4863686145
4865203015,4865207729
4865656011,4865661082
4866804988,4866810982
4871380890,4871385046
4872196704,4872200706
4875616957,4879573089
4877166114,4877170487
4890078140,4890082487
4899266895,4899271715
4899665149,4899672082
4905463669,4908607232
4905754825,4910058955
4910048916,4910054435
4923331227,4923337602
4923388577,4923394577
4928034100,4928039205
4931873715,4931876579
4937659814,4937665597
4947171205,4947920301
4952469376,4952476108
4953182300,4953187909
4962040676,4962046309
4962372551,4967272289
4964044513,4964049263
4969574160,4977374599
4976296555,4978755735
4979056125,4979061979
4979134145,4979139945
4979611018,4979616397
4980580312,4980584114
4982290076,4982294172
4983798294,4983801962
4986876960,4986882342
4989058462,4989064302
4995619381,4995623981
4995707781,4995714396
4997542487,5006347836
4999995123,5000000702
5008520223,5011327817
5011366428,5011372091
5011410541,5011446095
5011624359,5011629287
5011937511,5011942212
5017763767,5017769062
5019738798,5019743779
5032196085,5032203362
5032445055,5032450795
5033591354,5036016397
5036321354,5036327778
5036418607,5036424320
5046230349,5046234141
5046858851,5046865099
5047160561,5047165636
5051995219,5057167996
5052003053,5052011145
5052829822,5052837302
5056095414,5056099423
5074806813,5074811015
5075825315,5075830022
5076052442,5076057811
5082992593,5082996689
5083974145,5083978722
5089242111,5094099423
5089935844,5089940605
5095906678,5095919273
5105451892,5105456129
5112140374,5112143731
5116229402,5116719977
5117820492,5117824825
5118677733,5118683930
5122438175,5122443541
5123398476,5123404506
5126546335,5126550979
5128866100,5128873240
5131942915,5131946513
5134848259,5139331875
5140118910,5140124737
5141081045,5141086534
5142817787,5142822367
5143296547,5143300426
5144027980,5144033516
5144581025,5144585525
5153585880,5153595315
5155596041,5155600357
5155702669,5155707145
5156621338,5156627088
5157292371,5157297916
5166831966,5166838514
5180680863,5180685166
5181122814,5181128774
5181137951,5181142999
5181291810,5181299086
5182105171,5182110196
5187472688,5187476677
5188078987,5189099568
5188236153,5188242140
5189900995,5189905709
5190175260,5190179015
5202406074,5202412712
5208812757,5208817177
5208970434,5208975422
5211152130,5211157278
5211234904,5215613048
5213101910,5213110927
5215025217,5215029277
5216388417,5216393268
5218004051,5218009019
5221175734,5221179386
5221739784,5221744134
5224634701,5224639445
5227421334,5227428037
5229231718,5229236184
5237346057,5237350259
5249178653,5249185278
5250752776,5250758068
5255663122,5258825498
5259808891,5259814029
5269123720,5269129864
5269658224,5269663051
5274143908,5274148880
5281886489,5281966878
5282245418,5282250400
5284184044,5284187956
5284791408,5284794769
5289919935,5289924271
5290813234,5290817924
5292300177,5295477716
5293918026,5293921226
5296067926,5296072583
5298608581,5298612894
5301417853,5301421859
5303020495,5303024474
5305787933,5305792567
5308782412,5308786641
5311013770,5311017689
5311437726,5311442146
5311680846,5311683716
5316335467,5316341049
5318021941,5318027126
5327533590,5327543272
5329989396,5329995373
5338261028,5338266029
5338411141,5338416146
5342212189,5342218096
5342617700,5342622207
5343395869,5343401608
5343775147,5343781228
5349572300,5349576533
5353564080,5353570445
5378320254,5378325023
5382414003,5386586332
5387832058,5387837033
5388554333,5388558526
5389851954,5389857597
5395036217,5395041906
5404125580,5404132973
5404786947,5404796021
5406077208,5408471267
5409031659,5409038161
5414146448,5414151763
5428551491,5428556990
5429357542,5429364645
5436271300,5436275216
5436409272,5436415527
5436578850,5436584703
5436615058,5436620771
5442981440,5442986398
5443569729,5443575696
5458989592,5458994139
5462388771,5462393792
5462784553,5462788683
5464835332,5464840948
5466424610,5466430193
5466435070,5467491866
5467593850,5467630393
5479443468,5479447461
5479654276,5479658198
5483993458,5483998243
5488782075,5488787407
5490697916,5490703124
5496438274,5496448764
5500128374,5500133419
5502003031,5506584710
5504825294,5504829202
5510217988,5510223554
5514527824,5514536000
5516646851,5519993053
5526469417,5526476223
5528294098,5528299146
5528629845,5528633516
5529248569,5529253814
5534477833,5534482497
5536267117,5539714785
5541309863,5541314012
5545452000,5549703180
5551708737,5551713678
5553251673,5553256941
5554790734,5554795030
5556176040,5556180984
5557462188,5557465522
5565227186,5565271366
5566006159,5566011739
5569138918,5571895772
5570605358,5570610452
5570641600,5571931480
5570848050,5570852250
5572522451,5572526777
5572825490,5572829700
5573363662,5578129330
5574640191,5574644929
5586650393,5586653590
5588205660,5591133111
5589376017,5589380443
5591240958,5591247303
5599366533,5599373021
5600651124,5600654134
5608081638,5608086700
5611139160,5611144910
5616355949,5616360807
5626918360,5626924441
5627056192,5627061521
5632971847,5632977032
5643261664,5643267715
5644519626,5644525308
5644597392,5644601468
5652587342,5652592811
5653502808,5660258368
5661499641,5661505782
5662454529,5662458468
5662943296,5662947104
5666679220,5666685140
5671437157,5671442205
5678294922,5678299863
5683258785,5683263082
5683844478,5686664682
5687324249,5687329347
5691233966,5691239822
5691655473,5691660388
5694262098,5694266361
5694485640,5694488934
5696907396,5696927735
5698202912,5698206660
5700554091,5700558912
5701130870,5701135481
5701527849,5701534350
5704224717,5704229916
5706113987,5706118554
5709597006,5709602501
5710200799,5710206328
5717517846,5717523813
5722041129,5722220549
5723218916,5723225414
5725375314,5725379904
5726773937,5726780284
5731907027,5731918710
5736953655,5736959488
5737009364,5737013550
5740319631,5740325588
5740727752,5740732476
5742315633,5742319441
5743706251,5743711590
5744434098,5744438742
5745169834,5745175390
5746056678,5746062461
5747470185,5747473823
5748012857,5748017460
5748050869,5748055183
5749544775,5749550868
5750117598,5750122563
5756045481,5756052974
5756195734,5756200264
5756881396,5756886678
5761619258,5761626963
5761854865,5761859987
5762771350,5762775990
5763212412,5763215789
5765930582,5767528542
5768340236,5768343066
5768404786,5768408180
5777375019,5777378427
5779392025,5779396074
5779798445,5779802915
5781058655,5781151448
5791363880,5791367652
5791509069,5791755483
5792324107,5796709692
5796949628,5796955715
5797703264,5797708626
5804222576,5804227377
5811588945,5811592957
5814249070,5814257994
5814497653,5814501769
5815150898,5815158252
5817399609,5817405318
5817560904,5817565030
5823324007,5823329623
5825695482,5825734965
5826067668,5826073431
5834045989,5834050402
5839542822,5839547249
5843858489,5843885687
5848381421,5848386543
5853938297,5853944478
5855614996,5855619339
5864617987,5864627849
5865646696,5865651998
5868098436,5868101984
5868915549,5868919304
5870584159,5870591179
5870928178,5870933026
5877064820,5887123451
5877210236,5877216493
5879565073,5879636983
5880514493,5886355502
5885452428,5885456888
5886464916,5887160170
5887273824,5887280693
5887743852,5887749000
5888856464,5888861001
5889651046,5889656271
5899541318,5899545621
5903417653,5903421141
5905108408,5905112594
5905589376,5905593623
5909701739,5912261901
5912768575,5912774709
5919487539,5919494731
5922119440,5922125029
5922799646,5922804678
5924203231,5924211082
5924565724,5924571334
5926786034,5926789408
5926887761,5926891446
5927607367,5927614306
5945596206,5945601525
5950932984,5954101323
5951949969,5951955562
5952669498,5952676738
5954984228,5954988895
5955206161,5955211676
5955615440,5955621404
5955772189,5955776749
5958192404,5958195932
5961343691,5961346838
5965305807,5965310862
5965463654,5965471606
5966442657,5966447712
5967038957,5967043361
5967083080,5967087541
5968270235,5968274898
5973244458,5973249075
5984990913,5985001169
5985994722,5987119371
5994170814,5994178899
5997220785,6000013584
6005053740,6005063085
6006250770,6006256259
6007952098,6007957343
6013345625,6013350626
6013524109,6018235868
6014155936,6014161077
6017757121,6017760589
6018710533,6018714883
6037583173,6037589815
6041126811,6041130182
6043474787,6043479247
6043662538,6043666427
6044065955,6044072309
6055570251,6055573034
6057709153,6057714038
6067490449,6067495634
6078615861,6078620853
6088595032,6088628270
6088645155,6088653918
6088981416,6088985870
6089285926,6089290369
6089339200,6089344318
6089646850,6089652846
6095917972,6098351896
6101315144,6101319644
6102608575,6102613129
6107993305,6107995964
6111775510,6111782222
6115066276,6115072644
6120861395,6120867192
6129422997,6129427905
6130493089,6130497696
6131987926,6131992617
6133233880,6133238958
6137966407,6137975805
6141970688,6141976862
6142267574,6142273471
6148165492,6148170099
6159433998,6159438712
6160003527,6160009511
6176757130,6176763277
6177184862,6177190114
6180189594,6180193636
6181147399,6181152146
6182171691,6191881943
6197962234,6197967576
6204744704,6204751169
6205604370,6205610661
6207436087,6207442926
6210281956,6210287084
6211039167,6211042471
6218898762,6218906229
6225282580,6225288347
6226559110,6226565294
6227030010,6227035392
6227499776,6227504363
6227698924,6227704440
6228077377,6228082796
6228746846,6228751851
6231213660,6231220021
6231238119,6231242035
6236037981,6240522684
6240946403,6240951755
6241918824,6241954465
6244062437,6244068093
6266440502,6266445263
6274978337,6274983425
6277702153,6277707502
6284299190,6284304432
6285071843,6285077429
6288331966,6288336403
6299876697,6299882470
6308770922,6308776137
6310860445,6310863886
6312675451,6312679674
6312893461,6312897801
6316655233,6316660866
6320830362,6320836465
6325626091,6325632462
6326739311,6326742920
6327174854,6327179431
6327947660,6335413174
6329539911,6329543513
6336871615,6336875858
6338107894,6342589088
6338198165,6338204599
6338328861,6338333852
6338502080,6338506626
6343026341,6343032445
6348080373,6348086386
6348343525,6348488657
6349292476,6349296923
6349400832,6349407504
6350795562,6350800477
6356644533,6356649481
6361583968,6361589073
6362371364,6362376736
6364793704,6364797931
6365404183,6365409004
6368321915,6368325065
6375822454,6375827820
6376654060,6376658453
6377019948,6379638961
6378503764,6383257044
6379777524,6379782161
6383998974,6384004623
6385170372,6385173850
6385392412,6385396965
6385411598,6385415611
6389329220,6389373791
6389639306,6389643939
6394570188,6394575096
6395431989,6395436456
6396252740,6396255954
6396826142,6396829646
6397118741,6397123281
6397252767,6397256653
6397863777,6397869570
6398644304,6398649068
6399378175,6399382532
6410081559,6410087409
6411156589,6411160882
6411505726,6411510306
6412201007,6412204678
6412379781,6412383800
6412947386,6412952174
6414287142,6414290517
6415599239,6415605681
6416944074,6416949596
6417560690,6417565584
6419652138,6419657617
6420006874,6420011080
6420039144,6420042762
6420655552,6420661245
6434700437,6434708518
6435032605,6435038064
6435230313,6435236647
6436712117,6443132208
6439758223,6439764871
6440245406,6440250431
6441103649,6443153045
6445337340,6445342822
6452114552,6452121457
6452254251,6452257746
6454306440,6454310372
6457210865,6457215656
6458834347,6458838697
6459918849,6459922985
6461375266,6461378313
6463001851,6463008637
6470918690,6470924566
6471921239,6471924467
6475133110,6475137888
6481179297,6481184723
6481289169,6481295494
6481683556,6481686619
6486875235,6486882117
6493044304,6493050461
6493180388,6493185049
6497530549,6497536363
6500707926,6500713151
6501091143,6501097053
6502829027,6502834446
6503190188,6503196285
6516905667,6516919806
6520662926,6520667977
6536983555,6542256562
6544296707,6544301110
6544556261,6547260613
6556572577,6556577595
6558272027,6558276157
6558879439,6558884554
6559848262,6559852682
6560144950,6560150269
6561540262,6561544509
6569352909,6569358013
6583737181,6583742179
6584855082,6584859996
6590350325,6590354214
6590393122,6590397228
6591678475,6591686570
6593015625,6593021225
6595666536,6595671130
6598633049,6598636734
6601919809,6601923735
6601959803,6601965796
6606018538,6606023425
6607188319,6611604483
6612276003,6612281081
6616430979,6616437373
6616502558,6616507672
6619791433,6619796017
6620054201,6620061307
6620740184,6620744083
6622831451,6622838547
6623367749,6628534789
6623377912,6623427571
6628931123,6633074894
6631691549,6631697155
6633088260,6633091351
6642102507,6642105553
6642437294,6642442085
6643145461,6643150402
6650995595,6651000483
6651429534,6651435347
6653884061,6653890067
6655828065,6655834102
6659533323,6659540302
6661956110,6661960009
6662871840,6662877296
6663180191,6663185357
6664248082,6664252135
6664480261,6664484210
6667038048,6667043881
6667129649,6667134095
6669040805,6669049472
6669100303,6669104844
6669556386,6669560422
6670081738,6670085193
6670976337,6670981656
6674503999,6674507648
6675883161,6675889365
6676809348,6676813143
6679247461,6679253067
6679625139,6679629495
6680027710,6680034015
6680593130,6680598339
6685597890,6685602233
6686112181,6686115903
6696154568,6696158196
6696349576,6696355429
6697517974,6697522558
6697827856,6703326159
6703879071,6703884567
6703892635,6703898167
6705329351,6705335030
6705855111,6705859197
6707232342,6707237390
6713833809,6713837438
6718907415,6718920735
6722201485,6722208067
6722847124,6722852683
6735372354,6735378465
6747588516,6747592782
6752037156,6752042849
6753837241,6753841274
6758630799,6758636606
6758640461,6758645750
6759291913,6762829424
6759538160,6759543265
6760767881,6762867417
6763993599,6763999185
6764755511,6764759664
6765987537,6765991252
6766250468,6766255089
6780620068,6780628133
6780941175,6780944699
6785702373,6785706142
6786839652,6786842642
6787328798,6787332841
6788499462,6788503832
6788935479,6788941105
6798475121,6798481268
6800007249,6800012074
6801460796,6801466239
6808992660,6808997805
6809249518,6809255635
6811060839,6811065944
6814799038,6814803551
6816705266,6816711066
6817148146,6817153007
6827827200,6834115810
6829224985,6833943326
6830563341,6834149686
6835776599,6835779994
6837073853,6837079579
6840140752,6840144875
6840455809,6840480511
6843309692,6843314911
6844075332,6844078249
6845174033,6845183645
6846083365,6846089860
6853165534,6853173368
6854025992,6854031167
6855377464,6859515843
6855606827,6855612537
6856307610,6856313179
6856916712,6856919866
6860032720,6860038018
6860871097,6860877405
6872785937,6872791105
6873276397,6873280132
6881055373,6881060866
6881824297,6881827053
6882107776,6882112306
6882853988,6882858973
6884248846,6884253934
6885674079,6885679344
6888178782,6898187106
6898234590,6898278202
6904774511,6904785436
6904831200,6904835526
6905272218,6905277049
6905394141,6909475273
6905836652,6905839789
6911264129,6911270153
6913409485,6913412977
6915732140,6915736253
6916811995,6916816217
6918020220,6918025097
6919049547,6919054374
6921780245,6921786048
6921787314,6921791798
6923148142,6923152518
6923772836,6923780032
6931618964,6931623070
6936104839,6936109937
6937041957,6937047049
6939517020,6939650937
6946906625,6954308752
6948140592,6948148907
6950718738,6950721631
6951020545,6951024327
6952876082,6952880973
6953142933,6953147296
6955418942,6955423008
6955947796,6955956783
6955986630,6955992253
6957503230,6957509755
6957878249,6957883110
6959688440,6959694253
6965184425,6965188528
6966406181,6966410173
6972223644,6972229056
6975722150,6975729954
6992410729,6992415560
6992575011,6992579120
6993779909,6993785638
6995856570,6995861093
7002800479,7002808574
7004123434,7004127841
7007025303,7007031430
7009104086,7009108088
7011220260,7011226500
7013837969,7013843952
7016760735,7022695397
7017503694,7017509367
7019681310,7019685974
7020153128,7020158200
7023318283,7023324350
7023799894,7023804387
7026047542,7026056111
7037315266,7037320331
7060249129,7060254248
7068949321,7068954426
7071817745,7071822505
7083245618,7083252036
7085997067,7086006435
7087063655,7087069588
7090236855,7090240306
7090281479,7090290900
7090408263,7090412592
7090787976,7090792549
7090833068,7090837227
7093128146,7093131203
7097138304,7097143720
7101685295,7105496967
7102900813,7110217810
7110434414,7110442422
7112949571,7122487776
7120061023,7120067958
7123078714,7123083181
7127702622,7127706567
7128582868,7128587963
7129580686,7129586566
7130033208,7130039572
7138133712,7138139087
7144906531,7144920014
7163440317,7163445094
7164778857,7164785776
7166047382,7166051448
7166092173,7166095404
7166390890,7166396425
7173921721,7173926205
7176635377,7176639176
7179879535,7179884837
7181144779,7181200863
7202293779,7207474885
7204919353,7204921942
7205182238,7205185479
7205251889,7205255975
7207663969,7207668773
7207964426,7207969835
7209179560,7209184040
7217852654,7217857912
7218783027,7218788860
7225366209,7225371351
7226710259,7226715036
7239815586,7239820617
7241447627,7241452435
7242368221,7242371993
7243448781,7243453371
7244575137,7244581775
7245041383,7245044901
7245351642,7245353823
7245863751,7245868896
7246609041,7246612442
7247754902,7247759806
7252316923,7252321630
7255263446,7257724782
7264023046,7268676547
7268578782,7268588160
7269538017,7269546359
7269556255,7269561968
7280982134,7280987276
7281499134,7281504406
7282135759,7282139952
7284042008,7284046782
7291363124,7291367945
7292722545,7296990370
7297026672,7297029518
7299156042,7299161017
7302949877,7302954040
7303782469,7303785178
7304030360,7304037095
7304597100,7304603661
7305547972,7305553772
7307715265,7307719341
7310247471,7310253641
7311578571,7311583996
7312874671,7312879315
7319355312,7319360814
7319706824,7319711899
7320864285,7320870208
7324893686,7324897973
7330080558,7330089001
7337752021,7337757864
7339364632,7339371090
7349228127,7349233556
7363323005,7363329082
7363357359,7363364445
7367187526,7369273094
7367759267,7367763644
7372301393,7372305749
7375925176,7375930852
7376041687,7380499552
7380856450,7380862647
7381139868,7381143914
7382436533,7382441113
7383433774,7383436848
7393142763,7393146378
7393438295,7393443460
7394306330,7394310236
7396599932,7396604399
7403010264,7403016675
7410587046,7410592856
7412752956,7412758682
7412771949,7412775460
7418109873,7421404798
7419800244,7419802583
7422918778,7422923129
7423749469,7423755693
7424443186,7424447763
7424996305,7425002847
7426345830,7426349418
7426923515,7426928426
7430073272,7430078614
7431023249,7431030058
7431077037,7431081758
7433291928,7433295005
7433622406,7433626205
7434222885,7434226320
7436550210,7436556100
7436684090,7436687167
7437474128,7437477315
7438309403,7438315376
7439421408,7439425464
7440090024,7440094170
7441686754,7441691210
7442898321,7447325343
7448851581,7448855975
7450963960,7450968103
7455460188,7455469062
7456301062,7456306785
7456734951,7456738639
7457116073,7457121756
7457457346,7457461973
7458069104,7458073955
7464417816,7464422296
7478598519,7478601674
7481517105,7481521893
7490452503,7490456709
7495468992,7495475367
7495980126,7495986173
7496723876,7496728988
7497047953,7497052597
7497054732,7497058026
7498234386,7498239744
7498296052,7498301257
7499090253,7499093865
7505029261,7505038211
7506267468,7506271573
7506998497,7507002821
7509770173,7509775890
7510972201,7510976955
7523137845,7523143167
7531285834,7536991695
7531476722,7531481396
7532964851,7532968763
7547057724,7547061900
7551064467,7551068222
7551959513,7551963837
7556836724,7556843480
7558260033,7558266083
7559589048,7565805725
7570497419,7570555708
7571930730,7571935872
7574308009,7574855084
7576820446,7577069824
7582009934,7582015647
7583294342,7583300198
7583926596,7583930425
7585085212,7585089709
7588577475,7588581724
7591087958,7591093868
7591175209,7591181810
7596691660,7596700533
7599627586,7599632544
7601410365,7601415453
7601518356,7601524206
7609613228,7609618323
7611221315,7611226026
7616234704,7620090336
7617787580,7617791769
7619592616,7619597767
7620100983,7620106359
7621504925,7621510965
7622146644,7622151328
7622426544,7622431305
7626035738,7626069207
7626644416,7626651636
7627685209,7634524110
7635122221,7635144084
7640027455,7640034568
7644184904,7644189447
7644357331,7644363107
7649788211,7649792832
7652572521,7652576530
7655506460,7655512954
7662348769,7662354666
7662601845,7662607715
7665440444,7665445990
7665601355,7665606697
7666023949,7666029060
7669424310,7672982548
7673079634,7673084399
7673639261,7678054139
7675293179,7675297171
7676559181,7676564617
7676672521,7676676667
7678135055,7678141126
7688310119,7688314452
7690033284,7690036972
7691115143,7691120418
7696301149,7696305760
7701158288,7701161913
7702807829,7702813682
7708608948,7708613522
7715915872,7715920249
7729045478,7739219981
7738421770,7738426378
7745339694,7745444492
7745674135,7746752904
7748821306,7748826474
7749288250,7749298409
7750534200,7750539716
7750623252,7750626382
7750860559,7750866466
7753618592,7753624011
7757035123,7757043402
7766450955,7766455612
7767605993,7767647133
7768011745,7768015246
7770341977,7770346604
7771638215,7771641258
7774888469,7777705610
7779354242,7779358485
7784529785,7784533269
7786643657,7786649006
7795021994,7795078024
7795171612,7798419408
7795501449,7795506928
7804376687,7804380923
7805233316,7805240055
7806406094,7806411062
7807886049,7807888904
7810343929,7810347427
7810638248,7810643540
7812067607,7812073033
7812885696,7812889321
7813411115,7813415826
7819826268,7819830852
7824044671,7824050791
7825009792,7825015355
7829782877,7829789078
7833600416,7833611030
7833711280,7833716946
7834419066,7834425390
7834851314,7834860111
7837128129,7837132742
7837766470,7837772123
7837963406,7837967282
7840010026,7840015458
7843025141,7843031105
7843407848,7843437268
7843724705,7843728367
7844064087,7844068944
7845282007,7851048287
7850616673,7850623101
7851212579,7851217176
7851561506,7851567135
7851581384,7851585527
7852795496,7852800788
7853126472,7853131684
7854085600,7857615484
7857967066,7857972489
7858360928,7863317248
7858855010,7858859938
7858879205,7858883147
7871593159,7871598522
7872864427,7872867260
7874362364,7874368757
7874833117,7874837554
7880941759,7880946924
7883452586,7883458637
7889230119,7889236069
7891239113,7891243346
7893309286,7893314615
7894047344,7894053060
7895836283,7895840326
7896013004,7896018346
7896942879,7896948899
7897347384,7897352750
7899972069,7899978951
7900447208,7903498626
7905935903,7905940353
7912324883,7912330459
7913605515,7913609885
7914098849,7914102481
7914503325,7914507153
7914572922,7914578822
7915042017,7915048295
7916536858,7916541786
7919851685,7919856396
7919888519,7919892565
7920044575,7920049861
7921123428,7921128827
7922738754,7927086974
7928925356,7928931446
7930278887,7930285796
7947407118,7947452901
7947749449,7947754972
7952463985,7952468783
7952685480,7952691293
7953171033,7953178877
7959460931,7959470376
7960617413,7960622631
7960632333,7960638871
7965149195,7965152683
7970631753,7970640372
7973564462,7973570045
7974237509,7977357388
7974411245,7974416454
7975369916,7975374322
7975469748,7975474649
7980655544,7980659884
7989234446,7989237839
7991915681,7991919941
8000318099,8000323107
8008983158,8008987815
8015320063,8015324574
8015424279,8015430961
8016014779,8016020409
8017739303,8017745407
8018074075,8018079103
8018583615,8018589191
8018760221,8018765877
8021414533,8021419000
8021571104,8021577673
8021602252,8021606835
8021945215,8021951118
8023197085,8023201382
8032400369,8032407803
8036126628,8036130818
8037743341,8037746365
8038785320,8038789984
8042630872,8042636522
8074020942,8074026044
8074600143,8074604276
8074603010,8074607202
8075948906,8077827683
8083510300,8083513721
8086697034,8086701003
8087062572,8087068322
8088285958,8088292550
8089439720,8089445209
8093614220,8093618379
8094261639,8094266927
8095771794,8095776709
8098987811,8098991560
8113061848,8113066188
8121203185,8121211233
8122199016,8122204966
8123114632,8123118992
8123611253,8126708581
8124785387,8124791318
8124897401,8124902011
8125953498,8125958537
8126555922,8126561979
8132566121,8132571640
8134154250,8134158055
8134881857,8134886016
8135170243,8135174680
8138799679,8138807106
8141404299,8141407727
8143704539,8143708602
8147494616,8147502464
8148007350,8148012418
8148062167,8148067817
8148546571,8148552046
8150233994,8150239597
8150318806,8150324736
8150548673,8150555351
8150741329,8150745064
8152169241,8152173511
8163145656,8163151603
8163243297,8163249408
8165452535,8165457015
8165628139,8165631884
8165986825,8165990363
8179888652,8179892764
8180263116,8180267950
8180915874,8180920404
8191501283,8191506281
8194068241,8194071706
8194592635,8194596677
8197595606,8197600581
8200379779,8200384222
8202119835,8202124605
8206832179,8206838353
8207031961,8207037708
8209005853,8209011763
8209803883,8209809432
8212947910,8212951879
8213627425,8213631885
8216196848,8216200908
8218049436,8218053438
8218860181,8218866111
8220531387,8220535827
8220554530,8220558205
8227950075,8227955180
8228013051,8228016472
8231484563,8231489684
8236168145,8236236346
8236255363,8236263291
8236294521,8236298972
8241214656,8241219477
8250545091,8250553607
8263029971,8263033004
8272935421,8272981128
8275294138,8275299005
8275427656,8275431288
8275609762,8277687285
8279052044,8279059090
8279148476,8279153424
8279172364,8279176279
8280735703,8280740564
8292660234,8292663999
8293368300,8293371123
8293431616,8293436822
8295243675,8295249545
8301698952,8301705480
8301779918,8301784783
8301831562,8301835648
8302164857,8302168785
8303239670,8303245409
8303856569,8303862319
8303903178,8303914290
8314558927,8314564286
8315590897,8315595283
8319286142,8319290268
8330041750,8336591851
8337079632,8341924072
8343453441,8353039555
8354130839,8354137226
8354451013,8356247173
8355200253,8355204877
8356785919,8356793109
8361020826,8364233098
8361658362,8361664567
8363057269,8363061937
8365156876,8372057908
8365317643,8365321398
8371508798,8371515513
8372051564,8375597945
8372181621,8372186860
8376894467,8376898416
8376994804,8377000574
8377523103,8377528115
8377743746,8377748998
8378803445,8378808954
8386857350,8386861052
8387850111,8387853893
8388875279,8388880100
8388947936,8388951358
8390822062,8390827461
8392242668,8392247710
8395839935,8395845641
8399343947,8399348484
8400209199,8400213041
8401095656,8401098676
8408915916,8408921328
8409755837,8412177319
8412274900,8412280733
8412547704,8412551840
8418936737,8418941622
8421117117,8421121533
8421799181,8421803711
8422370791,8422374924
8429464907,8429469889
8436236350,8436241304
8436292283,8436295851
8437031182,8437034984
8437097349,8437103823
8438438478,8438442013
8441974059,8445806087
8442822416,8445841320
8447723771,8450367108
8452482334,8452488036
8464823361,8464831867
8466535119,8466539466
8470759843,8470766525
8475841446,8475851048
8476745453,8476749699
8477036896,8477041964
8479439475,8482980691
8480419457,8480425397
8480532573,8480538379
8483520731,8483526002
8484333908,8484337814
8485390583,8485393811
8487832986,8487837295
8488490655,8488494076
8488952360,8488958654
8491857299,8491863029
8497732910,8497742205
8498295106,8498302212
8500478592,8500488395
8509481864,8509486003
8513509575,8513514600
8521061068,8521064749
8521186751,8521190914
8521475622,8521478471
8521826957,8521832396
8522177898,8522184657
8528194478,8528199830
8531989873,8531994551
8533568594,8533574901
8533792835,8533797819
8533907347,8533919261
8534310373,8534315064
8534442803,8534448392
8536970625,8546587659
8540349531,8547375296
8561433173,8561438899
8562156727,8562162611
8562280508,8562285569
8565524378,8565528617
8566111520,8566115011
8566406475,8566410574
8566452953,8566459314
8567132197,8567136277
8568257973,8568261738
8570190818,8570199681
8571089546,8571093468
8571992493,8571998928
8578779791,8578783754
8580520739,8580525096
8590060458,8590128392
8596853700,8596860238
8598458088,8598462448
8599084844,8599090266
8599119696,8599163004
8599746465,8599752559
8600857767,8600864620
8601886516,8601896582
8602176884,8602180321
8602423813,8602429916
8603358128,8603364629
8603490320,8603496838
8604771651,8604776168
8604807619,8604812133
8605532346,8605537428
8607273348,8607277995
8609766124,8609770748
8617011486,8617018475
8617082360,8617087648
8617869488,8617875812
8630576818,8630583082
8632202739,8636330389
8633586468,8633591586
8637400295,8643225064
8644513003,8644517984
8651039083,8651046279
8652337830,8652343392
8652347956,8655037374
8652408109,8652414333
8653966126,8653970208
8655796095,8655802049
8656627952,8656632796
8658316878,8658323453
8662359500,8662364555
8662389768,8662393370
8669816694,8669822377
8673188467,8673195396
8673724030,8673728239
8675265723,8675270273
8681079558,8683627836
8684778357,8684782240
8689219645,8689227509
8693589437,8695826064
8694435098,8694439886
8694627798,8694632081
8696248954,8696254189
8696833447,8696836417
8697889729,8697893253
8698241481,8698245631
8698935309,8698940521
8699876717,8709316252
8702778773,8702782331
8708830863,8708834311
8709657498,8709681606
8715305196,8715310515
8718292863,8718298997
8719953038,8719957809
8720073902,8724946799
8720643157,8720647577
8721238007,8721241451
8730510815,8730515552
8740759743,8744891135
8742332146,8742340057
8747822121,8747826173
8756228494,8756234180
8757205131,8757209775
8762048172,8762053758
8763033796,8763038594
8763933309,8763938471
8765001885,8765007147
8766430151,8767066896
8773959018,8773963455
8785181647,8785188780
8785728057,8785731632
8786087728,8793217465
8786370107,8786375747
8787454850,8787457152
8792938487,8792943542
8793368303,8793378052
8793721085,8793724854
8795417141,8795423395
8795510309,8795515293
8797302085,8797305162
8798114915,8798120651
8798246232,8798250275
8799848439,8799852331
8802388817,8802393721
8809742076,8809746750
8816386220,8816391843
8816711360,8816716999
8816987782,8816995850
8818244901,8818251092
8819515665,8819521498
8821526650,8821529637
8825251175,8825256036
8825974476,8825978542
8826099699,8826105689
8831974251,8833041387
8833960842,8833968432
8834234044,8834239696
8836491801,8836522848
8842286112,8842291477
8854598577,8854608597
8865191143,8865196585
8879536103,8879542124
8884456886,8884463107
8884666013,8884670767
8884763871,8884768706
8896149071,8896155265
8896462591,8896466502
8906106897,8906114117
8907980609,8907986265
8908134270,8908138753
8914208614,8914213983
8918954765,8918957625
8919204674,8919211523
8920270624,8920305129
8921005554,8921012336
8921597244,8930312523
8924058893,8924064135
8924430912,8928454590
8925462143,8925467782
8926939688,8926943396
8930136635,8930140878
8930352269,8930356746
8930905939,8930919343
8939363582,8939367454
8943206823,8943212071
8943919158,8943924584
8943978803,8943984333
8944823081,8944827338
8946360221,8946365399
8948494780,8948501485
8949872906,8949877216
8949890012,8954228897
8954888938,8954896134
8955398588,8955403252
8956428019,8957429269
8958549959,8962747989
8965640003,8965643788
8970021855,8970026362
8970077328,8970082299
8971075975,8971082801
8981731213,8981736976
8982941409,8982944740
8988260660,8988264406
8994551792,8994556393
8994763739,8994771028
8995126637,8995130252
8999013142,8999017973
8999834848,8999840207
9000018384,9000021397
9000092435,9000096257
9002321685,9002325533
9002429659,9002433762
9002587747,9002628713
9002720999,9002724737
9007643893,9007648804
9008470758,9008478593
9011211008,9011690474
9011760866,9011766085
9012472026,9012477529
9012538747,9012542699
9012970949,9012974985
9016917363,9016920884
9023378960,9030858606
9024280037,9024284540
9024858015,9037587876
9031571309,9031611864
9040365099,9040369780
9040751454,9040755613
9045783265,9045786806
9048261422,9048265100
9052573476,9052577375
9061646907,9061654684
9073359892,9073364078
9074919125,9074925172
9077226555,9077231216
9077940648,9077945550
9080615417,9080620121
9083850584,9083854058
9084152975,9084157505
9084865909,9084870409
9084950280,9084954984
9085425950,9085429772
9085882968,9085887295
9086886660,9086891822
9088970791,9088976545
9090049333,9090053663
9090498296,9090502098
9092678775,9092682407
9094995724,9095001577
9109157082,9109161873
9111676358,9111682552
9112349860,9118584777
9112957225,9115715662
9113826065,9113832195
9122336226,9122340807
9130621856,9130628161
9140131681,9140135510
9153894507,9153899599
9155405491,9155409727
9159513834,9159517864
9160613808,9160617593
9161696953,9161703057
9167794192,9167798208
9168632276,9168636589
9174671966,9174677822
9174866767,9174872817
9180020767,9180025822
9180550897,9180556066
9180858424,9183588985
9184399533,9184404932
9192166907,9192176579
9195784676,9195789531
9196163160,9199536480
9196484050,9196488052
9197235932,9197241504
9199920275,9199930001
9200104118,9200110703
9206581020,9206585717
9207228666,9207232542
9208450065,9208455059
9216089341,9216098856
9216216916,9216221694
9218089126,9218092789
9218930169,9218935648
9219775850,9219778737
9224166784,9224171691
9226233258,9226236562
9230364895,9230370340
9233989319,9233993927
9234418301,9234422042
9235379156,9235383195
9239743750,9239750134
9239745119,9239749335
9240767701,9240773003
9245050643,9246735374
9247286200,9247290677
9247297987,9247305070
9251277606,9251286643
9260844707,9260853307
9261827562,9261834394
9262494104,9262499637
9266042450,9266046423
9266872032,9266875733
9268726333,9268730168
9270421821,9270427591
9271042623,9271048242
9272112207,9274659287
9273711324,9273716205
9277885169,9277889209
9286381086,9290023063
9290573730,9290579891
9290896137,9290902147
9292223792,9296658247
9297041819,9297046991
9302954597,9302960665
9303244069,9311187171
9313481110,9313487969
9313493338,9318505875
9314753621,9318370686
9314755903,9314809588
9318528463,9318535866
9318621323,9318631159
9326591366,9326656413
9328314734,9328318596
9332714123,9332719288
9333715513,9333720628
9334363433,9334369477
9339985360,9339993575
9341971132,9341979013
9345628177,9345634254
9346425175,9346428977
9346779540,9346785564
9349838976,9349842407
9350900462,9350904639
9350949306,9350953984
9351471238,9351474913
9364939206,9364944709
9372006334,9372010524
9372854752,9372858821
9373752972,9373757532
9375806551,9376243142
9382042130,9382047575
9382362295,9382367012
9382638079,9382643688
9382930945,9382935509
9383070287,9383075917
9391411750,9391416819
9391818378,9391822985
9394557669,9394562259
9406131055,9406135411
9410568343,9410571727
9411357667,9411397684
9415495173,9415501978
9419262451,9419266253
9420800212,9420805267
9432690950,9432696389
9433452975,9433457392
9433560682,9433565450
9433907738,9433919438
9435538440,9435544473
9436894519,9436898843
9436971454,9436976094
9448434804,9448443590
9450255031,9454672765
9454642092,9454650645
9456482101,9456487082
9465775907,9465785816
9466029979,9466036523
9467146453,9467151361
9470228065,9470232659
9471027960,9472660221
9478830516,9483260491
9480029383,9480035240
9483615298,9483624047
9488586351,9488590771
9489141939,9489146599
9489271549,9489277071
9489592646,9489598442
9501180050,9501184738
9501468543,9501473505
9503181311,9507198070
9507444785,9507449620
9510823805,9510829698
9516394318,9516399487
9517351492,9517355130
9517617654,9517624162
9517847515,9517851751
9518311625,9518317231
9518678914,9518683253
9521043159,9521047672
9523195825,9523200456
9525239853,9525243143
9531150466,9531156406
9536838175,9536843524
9541399160,9541402675
9541704668,9541710361
9542319891,9542325617
9542638275,9542642956
9559306846,9559310745
9567975971,9567982880
9568049150,9568055567
9568312269,9568316411
9568763777,9568768324
9569713978,9574014975
9571033672,9571037631
9572810916,9572814798
9573143388,9573147805
9580815740,9582791543
9582020277,9586136592
9586434470,9594988347
9586857698,9586861179
9596732866,9596736915
9598226253,9598231846
9598454834,9598460911
9608334573,9608337947
9614018266,9614024343
9615320658,9615324767
9615678652,9615683252
9624841397,9624845142
9627421525,9627425701
9631666361,9631670490
9634612537,9634617515
9637660350,9637686108
9654776457,9654780302
9654794113,9654799442
9657632682,9657637153
9658466396,9661955973
9660573817,9660578655
9670148906,9670153283
9670505590,9670508103
9672021966,9672027940
9673392238,9673396718
9674150832,9674157123
9674361516,9674365963
9675127647,9675131352
9676668341,9676673226
9677689379,9677695467
9677840020,9677845122
9678247386,9678253563
9688581824,9688587473
9688916558,9688919702
9689328922,9689332971
9692992352,9692996234
9696168696,9696172427
9697712965,9697718461
9701602500,9701607110
9702826387,9702831856
9703130763,9703136897
9703610108,9703616295
9707456041,9707460865
9708705737,9708711921
9714642543,9714648520
9716182886,9716188122
9718059812,9718064432
9721436586,9721441320
9730455974,9730465365
9732549062,9732552881
9738147365,9741448572
9738388809,9738396048
9739963467,9739969089
9744603253,9744611332
9749192820,9749201205
9749672409,9749677991
9750313794,9750320032
9750597349,9750601980
9753088094,9753091873
9762662439,9762667520
9764996572,9770701838
9772154820,9772159701
9772236923,9772242165
9772972602,9776470163
9773421992,9779453707
9780611411,9780615828
9785071233,9785075527
9788316253,9788321107
9789601496,9789606624
9789871320,9789874460
9791037202,9791041713
9791124079,9791129578
9791490843,9791495072
9793020639,9793024110
9793415349,9793419024
9796925342,9796929952
9796970698,9796974556
9806727602,9808050717
9809337587,9809346981
9815343550,9815352784
9815692476,9821507052
9816950521,9821546572
9817313128,9817318100
9820540164,9820545810
9822615578,9822619574
9823624706,9823628819
9825020108,9825025825
9836591904,9836599050
9836614412,9836619804
9837995017,9838000229
9838132675,9838137206
9841767865,9841774162
9841948694,9841953518
9851875045,9851916823
9857002339,9857006862
9857905918,9857916415
9863434105,9863438545
9864692193,9864697652
9865591182,9865618557
9870036064,9871450723
9878254656,9878258688
9892176181,9892180096
9893216168,9893221774
9897247374,9897253912
9903299184,9903303497
9905061874,9905066598
9906647130,9906653357
9906922770,9906928804
9907418820,9907423043
9914540161,9914545252
9932694314,9932701344
9933553446,9933558297
9933932180,9933935735
9936890189,9936894776
9942419827,9942424224
9942485559,9942489468
9943894910,9943900145
9948737669,9948745056
9949268107,9949272310
9953714098,9953720195
9954146584,9954155010
9964508915,9964512817
9964538940,9964543223
9964698163,9964702503
9965198994,9965203658
9965894812,9965900358
9966216928,9966221916
9967379326,9967384792
9973195456,9973201329
9975088665,9975092851
9975899090,9979524253
9976145935,9976152086
9976235181,9976239066
9977192027,9977196380
9979871987,9979876861
9990706397,9990711131
9990845007,9990850229
9994895730,9994949679
10010482195,10010486050
10011018779,10011024088
10011879581,10011883510
10012630852,10012635593
10016324213,10016331817
10018257199,10018263326
10033506045,10033510442
10033865482,10033869468
10034436849,10034443417
10034546427,10034552658
10035846597,10035851949
10036525126,10044036587
10048213777,10048219680
10051333193,10051338729
10052385271,10052389930
10052405589,10052412178
10053903613,10053915511
10061170383,10061172597
10061422418,10061425131
10062980847,10062984054
10064507919,10064511351
10079018368,10079024645
10079123051,10079126960
10081004915,10081011677
10083506137,10083510066
10087271578,10087278650
10089391995,10089395776
10093101889,10093106416
10097026898,10097030794
10098440338,10098444828
10107119021,10107124103
10116152534,10116156957
10116171407,10116175767
10116885116,10116889198
10118971656,10118975147
10120732683,10120735980
10131859992,10131866203
10137416260,10137420717
10145515271,10145600267
10145654327,10145657252
10146162336,10146167735
10147041065,10147045786
10147515924,10147522184
10147730566,10147734869
10160939455,10160945562
10166919218,10166923167
10168677515,10168681628
10171261007,10171267832
10171891110,10171897625
10173963398,10173968716
10174165833,10174170667
10176873776,10176877418
10183334261,10183338618
10194689002,10194695444
10195307182,10195313476
10198175405,10198211704
10198599067,10198602565
10199419324,10199423590
10202293307,10202297202
10205763178,10205769062
10207254999,10207260875
10207635874,10207639643
10217077568,10217083358
10217110476,10217116743
10218261361,10220829304
10220675115,10220680234
10225210168,10225215497
10230221957,10230227039
10240470788,10240476802
10244608315,10244612775
10248317665,10248322035
10252381328,10252430262
10254898356,10254902632
10256128971,10256135306
10261893955,10261900263
10268803824,10268808355
10270044373,10270050881
10272002315,10272009612
10273427017,10273433074
10279800652,10279806662
10281664932,10281670892
10281955911,10281959359
10288577878,10288583224
10288924012,10288930727
10289718587,10289722894
10290014741,10290020026
10290143095,10290150592
10290605161,10290609314
10292027915,10292033411
10292186988,10292191071
10293157916,10293162794
10294008057,10294014699
10296683644,10296690012
10300992295,10300996859
10301513117,10301516428
10304368692,10304374652
10305825072,10305828496
10308552439,10308556408
10308766641,10308770085
10317820460,10317829216
10326465925,10326471885
10347640693,10347644969
10348061154,10348118190
10348925782,10348929985
10350833885,10350838044
10351502775,10351508669
10353851726,10353857783
10354267481,10357538065
10363438184,10363444719
10363542150,10363545818
10366568738,10366575750
10367775553,10367780538
10372013868,10375484037
10374422240,10374425644
10374766335,10380594629
10375660814,10375665591
10385818261,10393380944
10394020108,10394024140
10396903131,10396926862
10413576245,10422898218
10418092526,10424148782
10422340472,10422346071
10426285045,10426289535
10429627314,10429631972
10430121550,10430125850
10431337105,10431343048
10438961973,10438967335
10443478858,10443484116
10443761230,10443765460
10447369198,10447374654
10449767584,10457609165
10454779476,10457670949
10473800800,10473804134
10482298232,10482302709
10482549224,10482553534
10483198661,10483204190
10483236112,10483241832
10488646012,10488684413
10495188770,10495193812
10499436780,10499440469
10501137681,10501143303
10501305714,10501315166
10507140774,10507151130
10508086297,10508090123
10510025931,10510031962
10510083896,10510088590
10511156394,10511163096
10511316714,10511322012
10519074124,10519079099
10519688188,10519692501
10521266932,10521273249
10523785246,10523794039
10528391791,10528398232
10528650416,10528657716
10528770832,10528776255
10539704083,10539710564
10541592314,10541598284
10549988227,10554441662
10552159479,10552163825
10554675180,10563039910
10569640458,10569644868
10572387818,10572394423
10572444262,10572449901
10588782451,10588787610
10589676352,10589685111
10589817174,10589822375
10590208476,10590213043
10590647233,10590651185
10590887740,10590892946
10592283009,10592286073
10600881925,10600885296
10603312885,10603317575
10603577470,10603580982
10604607328,10604610753
10604734984,10604739574
10604937239,10604940813
10605177947,10605182497
10607809511,10607814649
10609472348,10609478308
10610772301,10610776841
10612973411,10612978439
10614431144,10614436519
10616917823,10616923122
10617229943,10617235001
10618119059,10618124261
10619283208,10619287047
10619809322,10619812276
10620990820,10620997148
10621603791,10621610219
10621681570,10621687176
10626620388,10626625770
10626842033,10626848260
10636597289,10636602468
10637086858,10637092477
10637570295,10642757161
10644943881,10647622939
10646600391,10646605005
10647168377,10647172797
10647579621,10647585197
10648902796,10653876302
10657877707,10657883383
10661411874,10661417129
10661948532,10661953363
10664602533,10664606218
10666225601,10666234879
10666753650,10666756740
10668782179,10668785306
10670190974,10670195017
10671852415,10671859772
10672817564,10672821823
10673055345,10673058553
10673664417,10680175190
10680756141,10680759847
10682273617,10682278661
10685312302,10685317156
10686412620,10686417421
10687478546,10693284506
10689194544,10689198807
10693257799,10693262670
10696672385,10696676628
10698374876,10698380024
10701189655,10707074878
10704901050,10704905279
10707907676,10707920285
10713384093,10713389469
10713816111,10716680770
10717354675,10717359129
10720589846,10720594680
10725950030,10725957032
10726441051,10726446210
10726470214,10735976090
10728238871,10728243472
10736902373,10736906593
10738184666,10738189938
10743755618,10743761828
10747381706,10747385298
10755036395,10755511430
10755571797,10761234295
10756399948,10756405444
10762920466,10762925888
10763583597,10763588511
10764902863,10764907440
10786470003,10786474583
10787906836,10787919822
10788229693,10788234203
10789620732,10789625222
10803669155,10803674640
10804629585,10804634660
10807933585,10807939295
10809080471,10823184817
10815922804,10815926195
10816443262,10816447719
10816519351,10816523771
10816591394,10816595794
10824109904,10824115043
10824892643,10824897267
10826105328,10826111586
10827973404,10827982130
10831449453,10831453632
10833855874,10833861927
10847724415,10850227605
10849447843,10849453396
10851401536,10851407503
10865177031,10865181090
10865232890,10865259958
10865611371,10865618383
10868852725,10868858097
10871898717,10871902141
10873077238,10873081374
10873086442,10873090852
10876103860,10876110909
10876381234,10876386887
10878739794,10878742677
10878768415,10878773236
10880126112,10880148920
10880240177,10880246809
10880587289,10880593106
10880769535,10880774998
10881134067,10881138938
10881202345,10884422715
10885338020,10885342601
10885861926,10885866266
10886009658,10886014539
10887292832,10887295996
10890079501,10890084118
10893194616,10893282134
10904560248,10904566048
10904829819,10904834346
10906241114,10906246285
10907921067,10911897692
10913225555,10913230750
10913342352,10916025072
10913638940,10913643394
10913832839,10913838472
10915803156,10915807022
10917782791,10917786566
10918282803,10918286532
10919707281,10919710602
10920515217,10920521645
10921244110,10921247625
10922012907,10922017498
10922754075,10922756911
10945519841,10945526637
10947981517,10947987080
10949829935,10949835949
10950368561,10950373352
10951000341,10951006058
10953248524,10953253428
10954905285,10954922778
10956011078,10956015578
10957666258,10957669903
10958810482,10958814691
10959406411,10959410216
10961389884,10961394134
10961655930,10961662171
10964086542,10964091677
10974255141,10974261780
10976451062,10976455873
10977727512,10980933777
10979586657,10979590396
10979859014,10979865696
10981287625,10981293354
10981422306,10981426753
10981848618,10981854822
10981985568,10981990212
10984557276,10984563049
10987013797,10987023205
10992066759,10992072857
10993380233,10998107651
10993468553,10996891949
10999218476,11008641484
11003920023,11003934896
11009946839,11010678368
11010902730,11010915545
11011295556,11011300617
11012870594,11012875222
11015880448,11015884531
11015968561,11015972640
11018146999,11018151346
11018982577,11018988531
11024780479,11024786292
11028776909,11028782378
11030191518,11030198046
11032322319,11032351622
11037153235,11037186657
11037204374,11037245781
11038988412,11038993056
11039450582,11039454798
11039678237,11039684107
11042078297,11047009534
11043695846,11043701893
11049168157,11049172093
11049856118,11049860768
11050622513,11050626806
11052359187,11052362899
11053443666,11053447855
11054878551,11054884601
11056067526,11056071601
11057243053,11057248382
11057982457,11057984983
11065565006,11065571133
11065882097,11065887021
11065894996,11065901404
11071249404,11071254996
11072471046,11072475145
11084672136,11084680659
11088094674,11088099699
11088377905,11088382713
11089711227,11089717895
11092495968,11092500862
11093941597,11093945072
11094512663,11094515256
11095977917,11095982985
11096302949,11096312735
11096779348,11096785191
11097765704,11097769833
11105078699,11105083479
11106328912,11106334625
11107057341,11107060669
11107242711,11107246242
11108235171,11108240897
11115374242,11120244952
11119043819,11119047838
11119109882,11119115973
11119678412,11119682913
11126427207,11126433384
11127745077,11127750055
11129149406,11141057423
11135596267,11135602848
11151556808,11151563225
11152544119,11152548930
11157070292,11157075040
11163043822,11163048552
11164950160,11164953314
11165119003,11165124482
11166580595,11166584313
11169306646,11169310835
11170805352,11170810186
11174364953,11174371408
11176255734,11176261597
11179917534,11179922462
11179968112,11179971409
11182208409,11182213096
11182776248,11182781289
11188609119,11188613372
11192578220,11192582116
11193820028,11193823630
11197030603,11197037375
11197787640,11197791121
11200355734,11200362148
11201664683,11201670620
11209923052,11209927756
11211690008,11211693316
11218612172,11218615550
11222193954,11222200829
11222217256,11222225779
11222437682,11222442476
11229385126,11229389897
11234109538,11234115034
11237139363,11237144435
11245096566,11245104618
11247945222,11247949254
11252383295,11252387542
11254138261,11254144182
11254187717,11254192274
11254281793,11254284970
11257211599,11257216333
11258488332,11258492990
11261314647,11261320130
11262681642,11262685838
11269281432,11269285986
11272081294,11272085944
11273282566,11273285867
11273750061,11275977434
11283868624,11283873014
11283959366,11283963960
11284707857,11284713477
11290336031,11290340879
11291028733,11294661537
11291061965,11291085314
11292881540,11292886345
11293634087,11293639416
11294819735,11294828695
11295080148,11295085583
11295352708,11295358645
11296630845,11296635362
11297349301,11297353036
11297396405,11297400624
11297838766,11302512773
11298365171,11298369517
11301024768,11301028353
11318134457,11318138834
11321986664,11321993183
11322350408,11322354500
11325568660,11325573073
11325811456,11325816628
11326095178,11326100741
11326350854,11326355688
11332517818,11332522111
11334465504,11334470572
11338382591,11338387769
11338728567,11338733729
11343464833,11343468417
11347615001,11347621867
11348961923,11348967967
11352686301,11352693234
11353725865,11353730358
11359520141,11359525330
11363927622,11363933061
11364337109,11364341503
11364529638,11364535041
11364699079,11364704631
11365498348,11365502541
11367594797,11367599358
11369633245,11369638193
11369768197,11369772454
11375126140,11375131512
11375970013,11375975295
11377022028,11377027397
11378231002,11378234293
11378294589,11378565188
11379022069,11379026777
11379855192,11379861352
11385433781,11385439597
11386497940,11386502597
11393281062,11393285448
11393933856,11393940381
11398734884,11398739077
11402635501,11402637883
11409647969,11409652837
11414990433,11414996146
11417242324,11417252100
11417306092,11417311477
11418055241,11418060259
11420150949,11420157684
11424115303,11424121467
11427872996,11427876718
11428806149,11428811177
11429553718,11429559046
11432265927,11432271577
11434306253,11434313095
11435564341,11435570649
11436220516,11436227115
11436915366,11436918443
11438356679,11438362943
11440963316,11440967670
11444202756,11444207260
11444453350,11444458980
11446226397,11446231425
11450149826,11451447093
11456358297,11456364073
11457569823,11457575823
11457689668,11457694913
11468155954,11468160454
11470587138,11470592547
11471947788,11471952970
11475924604,11475930484
11475947025,11475949774
11479925367,11479930145
11482096499,11482101410
11484687268,11484691684
11488987345,11496140792
11492053168,11497125458
11492548226,11500247392
11500926552,11500931684
11506467265,11506472981
11509004065,11509059554
11509587028,11509593268
11512233081,11513079049
11519494128,11519501221
11520248620,11520251910
11530583729,11530588898
11531220441,11531224961
11540133110,11540140139
11546864812,11551008276
11556014499,11556381666
11556351321,11556355577
11561983291,11561990223
11567546397,11567554740
11568417914,11568422404
11576518391,11576523038
11576912804,11576915898
11577210545,11577217514
11577237175,11577242123
11577506141,11577509963
11581667377,11581671797
11582969619,11582973681
11583251447,11583255853
11585968795,11585975226
11588538539,11588543584
11588772599,11588777777
11592564840,11592569504
11592750758,11592754894
11606851478,11606888275
11607946243,11607951084
11627474167,11627479515
11627852476,11627857815
11632883435,11632889813
11634770784,11634776871
11637157066,11637162432
11639218977,11639222338
11641009691,11641014054
11641136231,11641142756
11641807090,11641810420
11645311727,11645317172
11646262182,11646267149
11646647213,11646650898
11651951735,11651957725
11652434892,11652440799
11652491831,11652498743
11655340707,11655346119
11656401515,11656407314
11657232175,11657238129
11658841532,11658846105
11665443714,11665449471
11669981617,11669985248
11671187366,11671191456
11671286381,11671290056
11673606496,11673612072
11674289870,11674294153
11679054493,11679058953
11682131368,11682137412
11685916480,11685920248
11693489590,11693495951
11694128289,11694132963
11696244273,11696247857
11696787940,11696793777
11700077273,11700083190
11701774555,11701781107
11702140150,11702145285
11704920490,11704926150
11706170256,11706173530
11708741032,11708746074
11711092763,11717318523
11717772584,11717777736
11717980525,11717984915
11718593195,11718598180
11723193192,11723196249
11723687621,11723691149
11724933244,11724937892
11725015691,11725020876
11725276822,11725281827
11726061733,11726067900
11727559790,11727565747
11737449428,11737453865
11738939886,11738943527
11739158805,11739164668
11740438261,11740443606
11743877613,11743885241
11744108814,11744114079
11745716997,11748669668
11750806783,11750812188
11757272991,11757278517
11762652669,11762657416
11763152190,11763156319
11763242752,11763247599
11763424914,11763428572
11765193190,11765198800
11765249665,11769576957
11766682091,11766687129
11769858101,11769863058
11774103772,11774107841
11776886057,11776890898
11783132120,11783135935
11788419429,11792529881
11793484502,11793487689
11808179461,11808185859
11808532156,11808535617
11808971852,11808976138
11809863076,11809869066
11810382097,11810386628
11810906922,11810920673
11812420990,11812425901
11815468352,11818277745
11817935022,11817940525
11818238636,11818242799
11819989393,11819993522
11826789844,11826795590
11830163869,11830168556
11839801469,11839805706
11840131620,11840136785
11840815281,11840821268
11844641135,11844645522
11846105634,11846109606
11852016444,11852021893
11853423446,11853428869
11855405827,11855410872
11867780671,11867788101
11870458266,11870462589
11871209403,11871213536
11871781167,11871785230
11881014703,11881019878
11884483178,11884487588
11891860876,11891867391
11915056823,11915063629
11915670492,11915678517
11917304291,11917307996
11918040691,11918047213
11932887027,11932896772
11941816761,11941822982
11944521240,11944530511
11944557198,11944562056
11947034390,11947039444
11948673303,11948677422
11950217535,11950224130
11952227679,11952231328
11952472179,11952476325
11953320794,11953327486
11953531110,11953538707
11954521733,11954526951
11957506663,11957510963
11958868356,11958872883
11963536082,11963541428
11978642613,11978648249
11980996168,11981002298
11983165596,11983169892
11986610350,11986614566
11989725816,11989730610
11990796109,11990800372
11991716205,11991722015
11991855030,11991861565
11992688406,11992693919
11992973405,11992978583
11993519130,11993525294
11994035690,11994041392
11998035982,12003210182
12002146009,12002151552
12003594358,12003599540
12008828955,12008834213
12010368042,12010373454
12010377778,12010382495
12011608129,12011613852
12021765266,12021770465
12029903873,12029914063
12031503956,12031509411
12031599435,12031605275
12031920903,12031926185
12032118968,12032123578
12033057753,12033062668
12033327644,12033332107
12035497429,12035500456
12035918873,12035924723
12037351219,12037355579
12037663957,12037672286
12038126618,12038132361
12038601844,12038607229
12038624298,12038627548
12042836944,12042840486
12045809951,12045813502
12046119368,12046122014
12049729270,12049732491
12056454738,12056460912
12061562150,12061570436
12062003352,12062009593
12062592015,12062597855
12067055887,12067063898
12072844357,12072848857
12073655423,12073659145
12074507262,12074511047
12081137494,12081141934
12088658824,12088663268
12094688223,12094737859
12098842671,12098847903
12104717357,12104723117
12105519613,12105523585
12107858859,12107864301
12110813748,12110817536
12113418601,12113424946
12114703122,12114706941
12121924911,12121931997
12122715577,12122720522
12124969369,12132488641
12125172181,12125175631
12127870492,12127874638
12132776800,12132781187
12136738485,12136746614
12142882076,12142886703
12152631530,12152636996
12152687660,12152696096
12154444107,12154450685
12154542770,12154550310
12155348431,12155354147
12157552149,12157555554
12158338633,12158342806
12161226908,12161232247
12162138572,12162143389
12170865892,12170871819
12180572916,12180577847
12186224767,12190734216
12186854987,12186859972
12192454142,12192490932
12193143296,12193148174
12194486817,12194490228
12194913684,12194917593
12208689288,12213318371
12210271430,12210275148
12214682582,12214687443
12217825327,12217831140
12219284086,12219290654
12222073039,12222078849
12230861144,12230866549
12232023893,12232028363
12248060613,12248085175
12248431923,12248437653
12250270529,12255019877
12251989527,12251994872
12256478168,12256483026
12265858931,12275839454
12277342687,12277347515
12279066994,12279071210
12279549453,12279554658
12280928909,12280934999
12286302280,12286308450
12286704507,12286709060
12294008528,12294013616
12300329267,12300333667
12300591173,12300596338
12301237970,12301241027
12310442547,12310448825
12310488161,12310494425
12311231594,12311236508
12311946953,12311949850
12313732164,12313738335
12323254811,12323258847
12323477118,12323481902
12323891894,12323897637
12324786191,12324791116
12324850003,12324854760
12325319195,12325325185
12325422398,12325427296
12331165118,12331172562
12332447318,12332451327
12333818883,12333823035
12334330447,12334336812
12334688692,12334694458
12334915058,12334919130
12338730501,12338736251
12340953016,12340957690
12341656656,12341662278
12346372097,12346376433
12350904504,12350919969
12350916170,12350922528
12351569389,12351574617
12356084360,12356089384
12362413695,12362418228
12367664398,12367667849
12369215689,12369218786
12379998172,12380002338
12380209453,12380214421
12380329782,12380333949
12380875204,12382366570
12383089650,12383094595
12385531354,12389400907
12396484523,12396489431
12399946410,12399949844
12400275983,12400279020
12401646251,12401652292
12402860493,12402865191
12403723965,12403728528
12408930835,12408937340
12409200342,12409206673
12409964529,12409970479
12410001252,12410007566
12410742142,12410746642
12411324621,12411328760
12411705052,12411710431
12415139380,12415142744
12418206831,12418209831
12419395174,12419400179
12419447128,12419452631
12420039787,12420044387
12420535368,12420541967
12421021626,12421026664
12421039403,12421045854
12421789180,12421793824
12423082070,12425981414
12424077871,12424083253
12424973135,12424978166
12428073112,12428077706
12434950715,12434958569
12436979083,12436982678
12439200392,12439205072
12440767245,12440773149
12441556903,12441565563
12443020266,12443023760
12446695649,12446700717
12446981881,12446986651
12451553516,12451557258
12455876770,12455881140
12455883114,12455887387
12456478880,12456481749
12456974184,12456980812
12457617023,12457621593
12457671296,12457675208
12458467134,12458471517
12458817230,12458821242
12459550881,12459553152
12460684681,12460689989
12469795799,12469801429
12474119180,12479255531
12475371408,12475378607
12475968857,12476024079
12480893372,12480898186
12496522659,12496527674
12500063906,12500069241
12500543121,12500548049
12501416080,12501421005
12501451604,12501455743
12504535796,12504540072
12506136376,12509099377
12509234706,12509238545
12509718154,12512815259
12510633917,12515105831
12516386550,12518851162
12528104042,12528109875
12528276068,12528281050
12535713074,12535716913
12535806205,12535810388
12542750709,12542755192
12543589411,12543595511
12543954173,12543959205
12554876091,12554880585
12556439717,12556444976
12556531004,12556535257
12557299931,12557304639
12559300143,12559305178
12561655181,12565724566
12562530339,12562536092
12563380266,12563385134
12567777093,12567783497
12568713629,12568718768
12568886982,12568890637
12571097078,12571104248
12571446690,12571450732
12571511500,12571517717
12571841410,12571846782
12572010459,12572016533
12575731490,12575735850
12580731198,12580736543
12590255659,12590261041
12594246162,12594251558
12601133313,12610809865
12603945763,12603954927
12610483430,12610489651
12618322392,12618327484
12621325727,12631538316
12622560907,12622566155
12622726141,12622731269
12627646490,12632184352
12632825029,12632852598
12632946735,12632952588
12634728014,12634734799
12634875725,12634881444
12644939884,12644945407
12646675727,12646681908
12647959557,12647969242
12648134145,12648139678
12655716430,12655722150
12661470209,12661475838
12663282204,12663288859
12663417828,12663421710
12667916391,12667920427
12675580184,12675585940
12676937079,12676940503
12678019469,12678024707
12678885179,12678889719
12679048542,12679053102
12680550579,12680553806
12686790281,12686796060
12688196033,12688201001
12699503895,12699511782
12699662440,12699666974
12700510300,12700516053
12701089107,12701092979
12701717111,12701721792
12703325807,12703334426
12704201566,12704207806
12709112429,12709116609
12709147402,12709151735
12711650742,12711657150
12713303905,12713307914
12713563185,12713567982
12717203395,12717208500
12719837188,12722641469
12725424800,12725428976
12726651333,12726655653
12726839336,12726844504
12733177627,12736725499
12737597894,12737602451
12738296125,12738300271
12740193122,12740199086
12742943311,12742947634
12744937599,12744941879
12745000822,12745007046
12746462548,12751588165
12751814049,12751819983
12757218026,12757222473
12760188156,12760194110
12764778782,12764785380
12772838410,12772844126
12778265038,12778964839
12780775528,12780779724
12785531207,12785536058
12786640902,12786644587
12786740047,12786746254
12788732882,12792255990
12792287592,12792292580
12794987931,12794994293
12795880014,12795885964
12796681382,12796685812
12801874822,12801879436
12801895722,12801905231
12802111030,12802114859
12816706885,12816712411
12816966436,12816971621
12817537919,12817544020
12818174253,12818179371
12818335906,12818342023
12823691065,12823696862
12826761209,12826765231
12828997050,12829001083
12832659257,12832663888
12833221971,12833226832
12833754921,12833758402
12835417484,12840384195
12839329367,12839334846
12841550365,12841556004
12841833071,12841839252
12841841834,12841847046
12841915859,12841921251
12843389361,12843395836
12843419653,12843424544
12856158601,12856163335
12858333391,12858338563
12859131150,12859137040
12865854056,12865859067
12877251417,12877256485
12879252620,12879258290
12879914746,12879920873
12880593285,12880596559
12880953955,12880960089
12881078958,12881085834
12882786477,12882791645
12884950609,12884955474
12890448385,12890453851
12895091078,12895096247
12895202377,12895207472
12895275793,12895280484
12896938841,12896942489
12901985933,12901990393
12902766160,12902770553
12905428851,12905433331
12905646951,12905652504
12906030252,12906036994
12906371234,12906376142
12906563733,12906568287
12914045049,12918000543
12915992330,12915997739
12920980005,12920984020
12920985257,12920990632
12923395209,12923399502
12924230783,12924234846
12924800487,12924806200
12924966853,12924973622
12926438014,12926444094
12928080749,12928087231
12928699246,12928702594
12928799039,12928803980
12929264476,12929268882
12930922499,12930927169
12931237358,12931241688
12931460590,12931465027
12931709380,12931714839
12935759505,12935764056
12940540946,12940547782
12944656362,12944660412
12945463202,12945467809
12945937726,12945941649
12946686679,12946692265
12950246303,12950251562
12950673611,12950678482
12951428870,12956200576
12961130001,12961137228
12966651113,12966656529
12980542350,12980548858
12987171951,12987178476
12988482815,12996520247
13002942014,13002946949
13004036455,13004041810
13009002367,13009006970
13009184843,13009189139
13010188248,13010193156
13011239725,13011246009
13014177415,13014184107
13014183943,13014188524
13016777802,13016782783
13017390385,13023785061
13018370574,13020084831
13021032507,13021037241
13032764365,13032771067
13034916447,13034921311
13035181427,13035185890
13036469686,13036474581
13042509877,13042514591
13043012828,13043019697
13050267050,13050271126
13058193243,13062006896
13058250095,13058255721
13070008300,13070012536
13071518930,13071524489
13072349640,13072355390
13074741568,13074744668
13083262006,13083288720
13084543791,13084548201
13084681400,13084687410
13085282474,13085288748
13087283072,13087288211
13088039281,13088044079
13088639323,13088642527
13093068807,13093073494
13094902665,13094930528
13104303292,13104307081
13105804497,13105810641
13106187104,13106192533
13109957369,13109960659
13113628947,13113636491
13114836484,13114842628
13121484426,13122612944
13123008393,13123012850
13123615006,13123620696
13123944873,13123949356
13124440846,13124444457
13141971778,13141977264
13145208479,13145213597
13153024075,13153028662
13153307099,13153311522
13155425608,13155431174
13155944810,13155952598
13156341775,13156345460
13156596776,13156602268
13157376962,13157381369
13157806695,13157810751
13158629925,13158633824
13158865666,13158871028
13159133138,13159136626
13159278239,13159281146
13164173969,13164179408
13173680179,13173685598
13186933718,13186939622
13187634805,13187638320
13187713838,13187717800
13187905448,13187916132
13189975170,13189980957
13194221526,13194225175
13194808832,13194812685
13196057312,13196062624
13196689072,13196694635
13201818895,13201824310
13202969921,13202975627
13203344686,13203350221
13204633443,13204638448
13205818342,13205823982
13207147371,13207151964
13213769979,13213774336
13216298333,13216303107
13228921272,13228926577
13233606428,13233615037
13233895993,13233901245
13235326472,13235332114
13235979126,13238135774
13238492886,13238498075
13245795722,13245801458
13246025682,13246033096
13251465580,13252443180
13252899513,13252904892
13253581781,13253587079
13260780905,13260786464
13263038615,13263045100
13263313070,13263316598
13263437198,13263441695
13265316612,13265321477
13265336477,13265341375
13266299735,13266305274
13272369037,13272374039
13273549730,13273554474
13277865102,13277869703
13278618174,13278621922
13279333590,13279362743
13284894238,13284898525
13289709322,13289715826
13292881937,13292884964
13295552372,13295557775
13304152267,13309251912
13304305684,13304311227
13308054337,13308057745
13309695011,13309701289
13311409733,13311413031
13311679490,13311682170
13312056668,13312062514
13316709049,13316713236
13317283500,13317287950
13322400894,13322408054
13327404592,13327408788
13333847303,13333851653
13345970818,13345974493
13346223984,13346227573
13346269163,13346275150
13350189852,13350193708
13353109081,13353115007
13358001920,13358007710
13358976480,13358982400
13362859530,13362865236
13363141989,13363146236
13363332925,13363341862
13376988201,13376993717
13383346231,13383385142
13387023468,13387048385
13387085970,13387091161
13388342117,13388345144
13391966187,13391970641
13392276420,13392281033
13393388490,13393393321
13396589062,13396592818
13398670591,13398673708
13400432991,13400437655
13400603701,13405632180
13410566404,13410572538
13414112668,13414117399
13416537464,13416542492
13423071790,13423077690
13423485817,13423490952
13425687752,13425692075
13437854705,13437900382
13438414242,13438421184
13444793085,13444798457
13445710876,13445716305
13446501285,13446505582
13448570513,13448576022
13452785468,13452787957
13453998167,13454004274
13459070402,13459076526
13475598969,13475604896
13481939142,13481944130
13482049518,13482056127
13482285623,13482288840
13493344745,13493349676
13496154699,13496160131
13526065176,13526070338
13531020440,13532770455
13532066084,13532072221
13534041108,13534045675
13534854069,13534859297
13535865007,13538744563
13537168241,13537172434
13539041228,13539044575
13540615936,13540621919
13547629803,13547635413
13547841429,13547845275
13559945717,13559952229
13561299582,13561304620
13568461932,13568465955
13573738758,13573743208
13574220235,13574225587
13575242569,13575247614
13576960281,13579659023
13578625026,13578630208
13581222710,13581228005
13581409583,13586268763
13588776269,13588781441
13589294696,13591657231
13590153637,13590156193
13590994551,13591000441
13591635111,13591639691
13595326484,13595332755
13595880278,13595884397
13596087914,13596091399
13604596509,13604601143
13605540169,13605547201
13606523899,13606527437
13612613171,13612619989
13612947381,13614861447
13620551448,13620558230
13623563673,13623570242
13623925690,13623930136
13624272886,13624277489
13626886529,13626889793
13640158039,13640164100
13641012220,13641015413
13642260819,13642266706
13642925898,13642931381
13650536617,13650542664
13659812101,13659817363
13663541624,13663546599
13664001950,13664007121
13665322389,13665327931
13667304472,13667310546
13672711964,13672717486
13674276592,13674283601
13675638495,13680170822
13676640363,13676673358
13677575209,13677581123
13677860906,13677864895
13681076606,13681080264
13702839986,13705471246
13702960071,13705484787
13705884034,13709636903
13707130446,13707137161
13711846538,13711850100
13714329596,13714335319
13715575580,13722907741
13719548310,13719553258
13719849762,13719854376
13720588531,13720591221
13721654935,13728439270
13722965756,13724403818
13724548523,13724557383
13725759514,13725763850
13728238436,13728243216
13730663706,13730668881
13731209284,13731214456
13732474592,13732502522
13733764773,13733769213
13739225294,13739228351
13754734934,13754743864
13755608064,13755612284
13756291261,13756296416
13756934099,13756938693
13769384337,13773630319
13772598009,13772602278
13776144774,13776150317
13777716870,13777721731
13779239146,13779245223
13783758941,13783763047
13784753105,13784758009
13785426052,13785430558
13797134660,13797138359
13797167241,13797172035
13804215002,13804220952
13804629120,13804634425
13810298554,13810303228
13811233196,13811236627
13817343596,13817568181
13822120235,13822124465
13826532768,13826538103
13826690702,13826694250
13829200303,13829204713
13829480841,13829485849
13830081518,13830122547
13832376734,13832381194
13840619533,13840625657
13846187361,13846191821
13848503628,13848512441
13848855444,13848861328
13850720212,13850723403
13851438662,13851443747
13851579848,13851585545
13852411474,13852416446
13852879039,13852885417
13859527674,13859531359
13863878881,13863925957
13867327541,13873074273
13873344642,13873350071
13873831771,13873841417
13875424444,13875428760
13876139469,13876145479
13876933430,13876937860
13877074496,13877079764
13877577077,13877583217
13878061700,13878066304
13878263484,13878269150
13878465364,13878469333
13878481360,13885399832
13891762579,13891766886
13892567047,13892572907
13892978108,13892984175
13892989169,13892994050
13893306798,13893312852
13894452743,13894455753
13905671750,13905675228
13910652622,13910656999
13911219946,13911235338
13917973244,13917979291
13919199778,13919204933
13927572882,13927576524
13930324618,13930330809
13931174352,13931178080
13932421321,13932427302
13932656654,13932661662
13932862553,13937565734
13935961492,13935965231
13940451102,13940454229
13940907502,13940925533
13941338595,13941343713
13941350401,13941355710
13941529363,13941535697
13942055083,13942059650
13942201852,13942206289
13942840287,13942843825
13950880549,13950885266
13952902580,13957673136
13957498393,13957508022
13957930652,13957936789
13958314287,13958318002
13958870075,13958876526
13962181966,13962185524
13962341798,13962348386
13966344061,13966349968
13966695757,13966699459
13967516706,13967522846
13973740208,13973747113
13974122496,13974128737
13975066012,13975070442
13979071767,13979088264
13987432029,13987436997
14002904933,14002929759
14006701989,14006705774
14022157787,14022161996
14022655049,14022661143
14023810979,14023891963
14026890678,14026895779
14027850137,14027854503
14028775445,14028868101
14035215694,14035219619
14042844831,14042850240
14048045461,14048057181
14048336677,14048341718
14048978767,14048985101
14049057017,14049062947
14049695339,14049701186
14050806157,14050809905
14052788688,14052793913
14052804474,14052811350
14053377311,14053381955
14053431273,14053436020
14053901050,14053904815
14054507944,14054512106
14055063281,14055066087
14055238243,14055242607
14055266644,14055270413
14058868605,14058874639
14061299184,14061303537
14063399325,14063405475
14066995259,14073945910
14075002789,14075006715
14079081108,14079085475
14080181128,14080185371
14085320005,14085325180
14085688917,14085693694
14088871421,14088875791
14092222437,14092226329
14098897882,14098904864
14099521317,14099591636
14100602437,14100608197
14104999104,14105004329
14106153337,14108845020
14107765670,14107771964
14109337929,14109344464
14113620738,14113625435
14113997674,14114003381
14114763495,14114768523
14116127309,14116132661
14124521114,14124526422
14125195925,14125199947
14130860778,14130925852
14130992984,14130997401
14131738121,14131741622
14133900600,14133920639
14134089397,14134094369
14134766443,14134772330
14138870116,14138877156
14140333412,14140338581
14140708094,14140711906
14141455365,14141459341
14147163781,14151761539
14147935351,14147939718
14156370573,14156374953
14157335414,14157340319
14157875574,14157879713
14158104027,14158107619
14158512642,14158516668
14158534315,14158540095
14166336116,14166344168
14166723266,14166727121
14167077842,14167082823
14167157392,14167162607
14167488462,14167492651
14172747955,14172754022
14175537229,14175543189
14178431431,14178437060
14178645271,14178649371
14178781045,14178785786
14179151207,14179156074
14180037286,14180040974
14182144266,14182149314
14183226552,14183232847
14184233027,14184238510
14190712425,14190718078
14192529054,14192532930
14193748385,14198651314
14196133631,14196136634
14199046391,14199132196
14202523209,14202528464
14205237336,14205239959
14205985283,14205989793
14208472988,14208476887
14214707808,14214711727
14215192820,14219971955
14219196410,14219201738
14219959457,14219963322
14221395157,14221399520
14222211138,14222215050
14222874376,14222879811
14244404953,14244413398
14246238296,14246242285
14251665703,14251671332
14252366038,14252369375
14255007975,14255013023
14258661980,14258667466
14259143758,14259147072
14260427457,14260432275
14261708778,14266252236
14263571892,14263579135
14283339672,14283344840
14284186616,14284191179
14284438332,14284442695
14285134699,14285139182
14287758465,14287763650
14288301270,14288304775
14288684822,14288689793
14289209817,14289214381
14289462312,14289468947
14289493132,14289498778
14290186551,14290192692
14299322356,14304140005
14302541473,14302545780
14308764167,14308768273
14314209905,14314214766
14314222967,14314226238
14314578780,14314585468
14315869605,14315873808
14317405940,14317411756
14320879503,14320883689
14321792867,14321872538
14327923853,14327927698
14332301740,14332305746
14332769753,14332774447
14333952257,14333959286
14337902352,14337918281
14338231113,14338236041
14338351198,14338356163
14339629235,14339635749
14339722716,14339727841
14340479600,14340483432
14349148905,14349153188
14353133652,14353137541
14353250938,14353255521
14354653169,14354658638
14357511483,14357517202
14360637252,14360640770
14361236475,14361243154
14362860481,14362864123
14367984030,14367989172
14371921026,14371927581
14375841093,14375847438
14377496093,14377500901
14379404329,14379413156
14379737410,14379744707
14387427763,14387433162
14392007046,14392011790
14392208268,14392213009
14398085920,14398090006
14401489966,14401496331
14402330225,14402335190
14407870704,14407874997
14410516173,14410523489
14411296359,14411302366
14420660878,14420665452
14422246247,14422249695
14424605778,14424611959
14424777641,14424781690
14427270952,14427275542
14430875602,14430880339
14432598168,14432644583
14440922639,14447444717
14442898749,14446689842
14447432192,14447437594
14448486221,14448491911
14449375662,14449380927
14449561596,14449568071
14452326482,14452332094
14457039628,14457045321
14457682987,14457687140
14468004135,14468008756
14471151520,14471157644
14472069502,14472073457
14472474078,14472478792
14472801883,14472807392
14477431387,14481392042
14482956183,14488580242
14487802899,14487807232
14489069803,14489075656
14489618388,14489624937
14495657961,14495663557
14496181887,14496186420
14496350579,14496355082
14497823226,14506017332
14501405331,14501409975
14501902560,14501906152
14512877695,14515692544
14525081101,14525085975
14528358320,14528363902
14529755813,14529762338
14530787886,14530793078
14534338815,14534344404
14552180267,14552186789
14552723190,14552728054
14558603418,14558610758
14559439905,14559445086
14560124391,14560129399
14561026560,14561030372
14561835712,14561845076
14569843526,14569848273
14569890188,14569894999
14576138323,14576145302
14577683744,14577688956
14585106254,14585111917
14596310127,14596318155
14596512956,14596519137
14603640351,14603649274
14606777299,14606782150
14607225744,14607229780
14609102088,14609106675
14609247457,14609252125
14611113966,14611122439
14611839308,14611845713
14621475071,14621480527
14627721478,14627726404
14629347302,14629350910
14629707544,14629743850
14636439811,14636444245
14645513288,14645523341
14661546958,14661550783
14661653693,14665154174
14671881947,14671886581
14675916357,14675921619
14679663904,14679670171
14693245396,14693669339
14698178380,14698184503
14700652310,14700660736
14701002486,14701008630
14703995535,14704001649
14704390716,14704396122
14708997204,14709003198
14712524436,14712531472
14713746415,14713752235
14714418500,14714424153
14715950334,14715954430
14721432521,14721438281
14723363767,14723373018
14732474261,14732480084
14743146991,14743152313
14744353158,14744357512
14744855382,14744881682
14746497837,14746502815
14746579889,14752999248
14748837179,14748842247
14756735162,14756740537
14762216270,14762220730
14762238243,14762244557
14765305566,14765310297
14766640926,14766645673
14771783952,14771786895
14772202763,14772207340
14773300622,14773304107
14776654401,14780605595
14778321709,14778326002
14779601740,14779608244
14782588431,14787794516
14795541099,14795546355
14801139636,14801146195
14801140863,14801146111
14802017698,14802022097
14802656203,14802660877
14803273985,14803281118
14803827601,14803832720
14803995505,14803999835
14804847397,14804851857
14805627202,14805632360
14805761756,14805767062
14805864522,14805869026
14808298426,14808473238
14810728857,14810732873
14810771851,14810776866
14811574545,14811578468
14814729123,14814733346
14816437320,14816440674
14817944118,14817948812
14823129967,14823163259
14824320713,14824324609
14824446922,14824451068
14835922811,14835929346
14840295099,14842362509
14841362365,14841371068
14842025436,14842030420
14842685981,14842691443
14845993061,14845998523
14848351904,14848356909
14852245662,14852250206
14859628816,14859634656
14860246364,14860251081
14860881067,14860920242
14862074930,14862079784
14862590667,14862596654
14862810455,14862816321
14863433328,14863437157
14865669203,14865677980
14866830098,14866836028
14867001573,14867004944
14870832712,14870837202
14874822050,14874862531
14875218818,14878429777
14883723928,14883729664
14891051610,14891060627
14891553573,14891564611
14900485776,14900493961
14904734190,14904791513
14905141402,14905151949
14906204325,14906207896
14912038496,14912044188
14912206118,14912211751
14912890655,14912895335
14928234012,14928238168
14929543630,14929550074
14950574659,14950579169
14950977388,14950983047
14953519111,14953525426
14953986860,14953993118
14958117374,14958126909
14959124130,14959128319
14959743893,14962158656
14965685744,14965691503
14967791223,14967795937
14968039656,14968045122
14969409831,14969414993
14973236951,14977848187
14976641779,14976645411
14986678894,14986683822
14990721970,14990728004
14996857683,14996861522
14997015360,14997019265
14997873857,14997879256
14998905275,14998918892
14999090578,14999095860
14999228697,14999232596
15005833111,15005836750
15018015733,15018020380
15024590216,15024594546
15024935989,15024939781
15026008243,15026014116
15035267517,15035272793
15036252858,15036256874
15037979039,15037982620
15038471721,15038476228
15038611561,15038617822
15042041542,15042048054
15043160315,15043164705
15043849598,15046709787
15044126709,15044175169
15050576831,15050582851
15053031571,15055346374
15055682402,15055691553
15060501812,15060506255
15063080900,15063084676
15064005924,15064009125
15069770100,15069775656
15071423940,15071429136
15072181963,15072186563
15072422558,15072428591
15073455269,15073465449
15074485778,15074489998
15075062504,15075066630
15075694351,15075699446
15081141104,15081680953
15083299618,15083304662
15091318530,15091322503
15095038612,15095043015
15095893100,15095898101
15096589696,15096594364
15097641404,15097645426
15099100784,15099104727
15102329701,15102334986
15113863150,15113871565
15115081230,15115085651
15116721641,15116727050
15127292460,15127299613
15127445149,15128631151
15129150196,15129155010
15132001858,15132008082
15132185694,15132191090
15132391046,15132394023
15141865394,15141870154
15145806756,15145814490
15148540595,15148544480
15155987503,15155997823
15156726820,15156732319
15157152801,15157158664
15162863973,15162868580
15163215341,15164712972
15166921779,15166928250
15168788043,15168791762
15169118919,15169123383
15177730009,15181861826
15181941821,15181947620
15184767745,15184770912
15185341924,15185345342
15186843096,15186848141
15187952835,15187982519
15198323966,15202179437
15204076489,15204080504
15212568793,15212573073
15213242839,15213247115
15216469868,15216474401
15216875666,15216880156
15226839539,15226843955
15228425045,15228429324
15228731716,15228734863
15228785557,15228790438
15232110798,15232114523
15232160825,15232166588
15232576342,15232579356
15234741641,15234747764
15235075653,15235081527
15235628465,15235633149
15241810102,15241814301
15242815317,15242820950
15243372275,15243378857
15243518623,15243523207
15243523260,15243529788
15254152960,15254162281
15254558187,15254564131
15256931483,15256935332
15257730495,15257734745
15266006460,15266473885
15268612009,15268617177
15269730283,15269734212
15273673005,15273678638
15274069376,15274073642
15275449403,15275453747
15280919720,15280923111
15287066077,15287071406
15289618629,15289622662
15292378397,15292381881
15293736167,15293740323
15293741583,15293744309
15294170866,15294176233
15297279405,15297284971
15299236966,15299241730
15299560235,15299567080
15305572779,15305578719
15308374695,15308381748
15319274613,15319280477
15321118391,15321123546
15322041230,15322045957
15323419300,15323442278
15323856841,15323859802
15323925969,15323928857
15323988613,15323992141
15324252792,15324256145
15336297018,15336302718
15337457251,15337462086
15341194378,15344463582
15345924746,15345929644
15350787084,15350792222
15353618620,15353623875
15354717241,15354725967
15357952167,15357958291
15362836481,15362841793
15363191935,15363196917
15367033412,15367036509
15367050851,15367054990
15367109805,15367115524
15379840310,15379846424
15381971311,15381975330
15384172651,15384176246
15388958548,15388962240
15390591989,15390595056
15390707304,15390711613
15390720918,15390726066
15391514304,15391519867
15393216367,15393221198
15395046978,15395052611
15395225746,15395229324
15398478476,15398482769
15399309410,15399313132
15403030220,15403037055
15403274506,15403278796
15403556495,15403561964
15405209570,15405214435
15411556802,15411561566
15413189879,15413195492
15414101777,15414108098
15419205059,15419212693
15419440412,15419446018
15420315126,15420321480
15421222660,15421227033
15433255677,15433261223
15435381619,15435386136
15441383513,15441387124
15442305416,15442312031
15442433553,15442439069
15442630689,15442636757
15446339936,15452622482
15448650053,15448653781
15450641410,15450644447
15453928308,15453933533
15454208075,15454212124
15454658524,15454663315
15455225327,15455229103
15456699007,15456704486
15458860166,15458867439
15459522245,15459527801
15464565672,15464570623
15464777124,15464781009
15469119103,15474031022
15475075744,15475080258
15475439424,15475444342
15475548748,15475554120
15476772909,15476777296
15479957094,15479961120
15480152934,15480158233
15480977668,15480982593
15481915822,15481919283
15495323587,15495328488
15496079492,15496084603
15496500465,15496506495
15496628274,15496632995
15503170451,15503175957
15503202286,15503206522
15503642199,15503648029
15505114204,15505117856
15505301969,15505309242
15507169016,15507172133
15507765309,15507769445
15507954491,15507958971
15511322976,15511329247
15511584060,15511590261
15513329452,15513335950
15513560959,15513564323
15513701293,15513705827
15513880315,15513886870
15514705316,15514710885
15515581690,15515586835
15522545956,15522551495
15523094497,15523098590
15523769970,15523776054
15524817772,15524821938
15527004696,15527009286
15527145197,15527151141
15527990705,15527997162
15530091213,15530095092
15531754842,15535109340
15533661629,15533667041
15535578278,15535583469
15535647555,15539051854
15536015574,15536022109
15539783360,15539788716
15539814728,15539821908
15540281498,15540286847
15540477943,15540482336
15545731883,15545738391
15546788071,15546791615
15546859255,15546863465
15547715898,15547720355
15550652004,15550657387
15554828051,15554834950
15557726286,15557734244
15557852435,15557856634
15558179124,15558185104
15558853982,15558858295
15560531336,15560536497
15562999543,15570267596
15564196760,15564203482
15565278452,15565284583
15571543505,15571547761
15571930631,15583458815
15585179183,15585185624
15586538533,15586544654
15587295300,15587301520
15588227253,15588233236
15589392524,15589398220
15590205528,15590214037
15590623053,15590628799
15592709302,15592714113
15593148480,15596539062
15605563986,15605568853
15605959661,15605964997
15615861019,15615865045
15616731366,15616737500
15616939698,15616944930
15617339817,15617344180
15617814331,15617818901
15619866630,15619871678
15621009117,15621015685
15621555397,15621560648
15625492005,15629729337
15625497975,15625548737
15628197686,15628203129
15630354325,15630360072
15630562032,15630566629
15633898068,15634782550
15635190911,15635198244
15636971806,15636975945
15638420372,15638425907
15643682417,15643691374
15645043204,15645048072
15649183500,15649186033
15650052364,15650058501
15657002804,15657007011
15657045598,15657051922
15657216061,15657220778
15657852511,15657857339
15658297292,15658301261
15658716404,15658720166
15661301028,15661306948
15675502336,15675567213
15676690890,15676694893
15678134739,15678137916
15681652429,15684447740
15685121088,15685127081
15685240578,15685246331
15686492506,15686498272
15687668892,15687673503
15689532835,15689539427
15690767854,15690771850
15692119975,15692127064
15705253590,15705257749
15705504381,15705508497
15707269603,15707274505
15707490333,15707494767
15707980747,15708011009
15708065398,15708068405
15708281220,15708284752
15708840486,15708845591
15709721324,15710779646
15711132909,15711139384
15715971509,15715976143
15716367419,15716373456
15716939621,15716945097
15722777734,15722781893
15723035985,15723040268
15723165294,15726669864
15724345833,15724350307
15726888119,15726892896
15726924908,15726934129
15727739479,15727745296
15729784134,15729788123
15731310179,15731314385
15743076081,15743082051
15743206971,15743212613
15743737902,15743743669
15748795057,15748802591
15751096668,15751102441
15756241742,15756246432
15757994229,15757999654
15758901199,15758905001
15762739147,15762745705
15763920378,15763924343
15765214791,15765221303
15773044222,15773050466
15774106747,15774111140
15774547044,15774552627
15775388479,15775392682
15778096883,15778107277
15778718564,15778724608
15778902190,15778907057
15779986036,15779991382
15784695698,15784701010
15789718121,15789721743
15790337179,15790341021
15790497018,15790501575
15792461044,15792464278
15793824473,15793828028
15794163414,15794167677
15796345534,15796349526
15796954559,15796961569
15807159621,15807162802
15813242060,15813247055
15822560896,15829925000
15830685251,15830690640
15832416868,15832423392
15833253922,15833257788
15833522223,15833526072
15838030846,15841413748
15842415883,15850023087
15852514063,15852518399
15854572864,15854578146
15855315578,15855324328
15855610559,15855615243
15856420259,15856425043
15858327329,15858333614
15861969184,15861974402
15862212939,15862217239
15866215142,15869030987
15867222306,15867227043
15867708403,15867711837
15870009686,15870016010
15872507006,15872511593
15873137850,15873144355
15878771644,15878776689
15879511796,15879537020
15880542169,15880546114
15880986364,15880989996
15883578021,15883581790
15884136916,15884141767
15884918763,15884923140
15891958078,15891962742
15896276511,15896281643
15898508447,15898514267
15899229192,15899233151
15900299495,15900303758
15900606116,15900610559
15901784443,15901790236
15902059843,15902087188
15902207280,15902212428
15910345968,15910350211
15910369417,15910374238
15924761858,15929132573
15938752687,15938759706
15950005100,15950009333
15950452372,15950458857
15950589469,15950594197
15950744130,15950748446
15960904717,15965079034
15962276346,15962281681
15966327864,15966331145
15973996060,15974002027
15978119501,15978129143
15978927824,15978932040
15979417159,15979422738
15979591370,15979597804
15990401017,15990406903
15990487135,15990493703
15991732852,15991736427
15994378965,15994385500
16000496390,16000501926
16000755881,16000761741
16003502953,16008739417
16008759593,16008769221
16008820107,16008825639
16009406517,16009413309
16010741409,16010747486
16012374957,16012378823
16012486988,16012491348
16016962452,16016967791
16020006036,16020013269
16020146848,16020196042
16021308574,16021313860
16030002515,16030006458
16030218765,16030221671
16032568046,16032572316
16034525471,16039947365
16043090480,16043095548
16043519785,16043524225
16043597124,16043600718
16046502060,16046506410
16046798010,16046801972
16047169143,16047173797
16049526617,16049533235
16050381529,16050385795
16051310535,16051318373
16056562123,16056568404
16060506683,16060510779
16062963034,16062970060
16063572767,16063579716
16064678136,16064683067
16067745122,16067747785
16068278754,16068283434
16071884179,16071889855
16073266067,16073270858
16081767566,16081773286
16084815098,16084820681
16087823686,16087827708
16090000958,16090005976
16091610752,16093563767
16093677501,16093682973
16102846470,16102855708
16103176945,16103184125
16109651896,16112906457
16110654546,16112932944
16113784475,16113788654
16113946178,16113949068
16113996298,16114000440
16115327098,16119806430
16118865437,16118869332
16121594428,16126754279
16122421557,16122424711
16126374275,16126379945
16127791393,16127838617
16134151982,16134157301
16136732748,16145100170
16143875006,16143903551
16144271253,16144276645
16147414452,16147417816
16147884800,16147889140
16150674014,16150678899
16157520891,16157526012
16157710055,16157715428
16163161887,16163169013
16164559655,16164564339
16169137301,16169146786
16169512002,16169517007
16172244605,16172247622
16172576667,16172579563
16181391100,16181396256
16182095121,16182099805
16182412733,16182460962
16182489146,16182493967
16184696767,16188757416
16189245374,16189248969
16189764145,16189770610
16195159205,16195168105
16195468128,16195475093
16195664723,16195669954
16197501424,16197506950
16199825137,16199828726
16203446014,16203455843
16205583924,16210058136
16210174463,16210182561
16211749097,16211753531
16214135804,16214139195
16215427628,16215432623
16215607478,16215611227
16216841776,16216851150
16218227520,16218233266
16241254557,16241259281
16246134999,16246140304
16246162972,16246167940
16253468824,16253478109
16255896213,16256606514
16257731855,16257736499
16258171052,16258177818
16261722609,16261729611
16261960982,16261965662
16262142924,16262148102
16262776064,16262782057
16262776842,16262781396
16262807391,16262813612
16262916562,16262921470
16263395960,16263400604
16263507927,16263513717
16264677187,16264681544
16264857639,16264863452
16269316273,16269319340
16269693941,16269699246
16272703647,16272708044
16274510785,16274516585
16275143337,16275146848
16277636367,16277641161
16277794358,16281509495
16282877332,16282882817
16285490404,16285499040
16285799964,16285806566
16287781032,16287786498
16288359438,16288367376
16289023315,16289029619
16289079502,16289083995
16289224520,16289230550
16290454591,16290459075
16295451774,16295457083
16298310255,16298314691
16298554508,16298559699
16302842381,16302850626
16303733772,16303738069
16305197890,16305203175
16313718559,16313724623
16314491669,16327570413
16314832461,16314836954
16315437477,16315442221
16325343111,16325347337
16327606548,16327613243
16328474386,16328479731
16339403413,16339409206
16343450672,16343455410
16343526003,16343530506
16344006290,16344012260
16349128135,16349132962
16352351522,16352383728
16354665533,16354670762
16355425571,16355429656
16360237190,16360241496
16361337504,16361341560
16361759760,16361765643
16361882781,16361887873
16383574012,16385361796
16385374999,16385380398
16387945939,16387949343
16395154771,16395160244
16396102684,16396107131
16401451162,16401455956
16403535062,16403541951
16403944847,16403949040
16405099895,16405103894
16405122912,16405125856
16412434873,16412438885
16413141653,16413146444
16414851019,16414857390
16419793150,16419797731
16435449970,16435453154
16439123971,16439128548
16439284374,16439288633
16440959075,16440963181
16440983901,16440988071
16447363383,16447368394
16447671507,16447676094
16453731258,16453736453
16454959729,16454964166
16464418695,16464422534
16464641567,16464646959
16465568876,16465573753
16466173678,16466180290
16468239518,16468243133
16468698688,16468702854
16475867830,16475871839
16476577520,16476582966
16476834418,16476838117
16477550262,16477555578
16481381088,16481385996
16483270475,16483275496
16484349528,16484353547
16484394546,16484400493
16484669659,16484674152
16485947535,16485950829
16486019792,16486023447
16487760305,16487767685
16488643478,16488647581
16489206269,16489210071
16490560565,16490564143
16491193501,16491198606
16492074488,16492079774
16495518956,16504124721
16504206603,16504211597
16519862955,16519867746
16523137234,16523142289
16523489181,16523492846
16525601546,16525605268
16525651656,16525656911
16526125205,16526129087
16527603384,16527608235
16527634588,16527639252
16527936685,16527942488
16528478883,16528482571
16531114022,16531119668
16532815196,16532818564
16534486299,16534491798
16537506002,16537508640
16537513926,16537520073
16538044657,16538049438
16542927491,16542933254
16544195802,16544201509
16544871539,16544915592
16545330371,16545334837
16545565860,16545571750
16547748795,16547752691
16548373302,16548378397
16549519941,16549525143
16550527332,16550532400
16551116893,16551122773
16552045409,16552049722
16557616634,16557620660
16558255951,16558261661
16559942953,16559947140
16564125996,16564130724
16564391307,16564394922
16565363768,16565369384
16565397003,16565403191
16566327667,16566332505
16566607093,16566613741
16566648887,16566652425
16568024341,16568028380
16568096307,16568098539
16568210867,16568216727
16568950889,16568956942
16571991859,16571996587
16573542633,16573548994
16575752563,16575758409
16577500052,16577504328
16582172065,16582177631
16586231458,16586236162
16588090333,16588093670
16602304764,16602309070
16602570282,16602575637
16604281044,16604286463
16605482454,16605486046
16606923797,16609898895
16606943378,16606982834
16607469051,16607474116
16608067149,16608071388
16609348793,16609355415
16609862349,16609865440
16613240984,16613244158
16614931812,16614936356
16615527210,16615533003
16615724974,16615728222
16616204760,16616209979
16617711488,16617716055
16620348862,16620353876
16626882306,16626889152
16634759430,16634764709
16638714480,16638718850
16639377829,16639383284
16640079968,16640085725
16641645272,16641651175
16647848200,16647855754
16648575734,16648582636
16648682422,16648685599
16649269495,16649273360
16663966706,16663971977
16664205940,16664270948
16664879088,16664885659
16667942696,16672677281
16674113592,16674117084
16677630654,16677635208
16678904074,16678918393
16679623759,16679630067
16680502261,16680508860
16687512551,16687517285
16687601252,16687608298
16697570540,16697576641
16698660337,16698664477
16701356370,16701363456
16701507185,16701512447
16701905356,16701929250
16713495086,16713499743
16717199619,16717205402
16718167804,16720314176
16720186608,16720191118
16722719248,16722724366
16723002449,16730600352
16741049890,16741101096
16741197157,16741201661
16742840464,16742844570
16743335381,16743340399
16752672922,16752677135
16754316099,16754352785
16764750496,16764755775
16765133560,16773278936
16771496535,16771501967
16773960005,16773965657
16774079823,16774086344
16776638542,16776645143
16777200915,16777205903
16779869897,16779873592
16782397301,16782401905
16783297062,16783301926
16790668399,16790674232
16799674543,16799682531
16799730680,16803762584
16802389730,16802393772
16804779733,16804785710
16807399741,16807405524
16807817774,16807823447
16807904143,16807915672
16815469573,16815475924
16815870487,16819337008
16816367856,16816372487
16816408318,16819344815
16817373970,16817378922
16820432665,16820436266
16821642176,16821646696
16821904289,16821913266
16821945262,16821949936
16822886937,16822891995
16830786259,16835062620
16833821895,16833828336
16842226153,16842231322
16843815023,16843819918
16844330083,16844334837
16851111217,16852484964
16854078872,16862290665
16857843274,16862328540
16863654987,16863661070
16863745408,16863751004
16864922636,16864928078
16865022275,16865026976
16866047479,16866054565
16875906090,16875916587
16877072881,16877077255
16877935685,16877939136
16879263594,16879267132
16881491267,16881497174
16885656977,16885661534
16885693470,16885697058
16896766918,16896772694
16897604841,16897610050
16897619635,16897624526
16898315116,16898319953
16901220209,16901223723
16905456689,16905460000
16909503971,16909509945
16911273925,16911276791
16912355720,16912361817
16914091139,16914094820
16914983816,16914990415
16918286112,16918290816
16918594163,16918600139
16919662992,16919667446
16924322841,16924327943
16937853404,16941094886
16941542008,16941547677
16944692279,16944697190
16945866888,16945871018
16952494308,16952500094
16952917349,16952921161
16960076980,16960082048
16960627787,16960634342
16961503048,16973502516
16977471387,16977476575
16977480394,16977486882
16978034188,16978040525
16978904769,16978916108
16980093152,16980099106
16981083053,16981087573
16982609144,16982613387
16993511956,16993517846
16997072249,16997078449
16997318921,16997322248
16998020866,16998025891
17010973438,17011010051
17019781086,17019783739
17020308109,17020314808
17024854331,17024859109
17025837700,17025839989
17026385935,17026389764
17026582547,17026588420
17026588487,17026593705
17045240714,17045244847
17046672155,17046678235
17050148648,17050155357
17052343784,17052347609
17053080211,17053085366
17057502920,17057507624
17058867048,17058872333
17059396319,17059402183
17062534711,17063876939
17071920020,17071923792
17073506311,17078212060
17074510858,17074515793
17078605388,17078611207
17079071215,17079075993
17079095975,17079099570
17079338517,17079343572
17079418361,17081978143
17093392248,17098622839
17093452431,17093461629
17098832343,17100035497
17102032137,17102036995
17102843320,17102846881
17104413889,17104418766
17105128256,17105133180
17107989239,17107995867
17111077333,17111084202
17113198228,17113203239
17113825077,17113833900
17114469258,17114474062
17114603111,17114607992
17114891364,17114895837
17118533258,17118537518
17119629269,17119631698
17120933659,17120942352
17125504630,17129764590
17131173900,17131178724
17132277669,17132282112
17136274480,17136279969
17138653081,17139480017
17139855824,17139895444
17140045463,17144107516
17140115449,17140121245
17142443439,17142447788
17142987975,17142993226
17157302633,17157307026
17162916532,17162922104
17165495867,17165501132
17170162328,17170171839
17171325217,17171329537
17173747774,17173752558
17174896942,17174901078
17174943518,17174975767
17176445585,17176451431
17178301810,17178305415
17194113604,17194120490
17195019091,17195023150
17201666018,17201670458
17204682767,17204688921
17204809384,17204812110
17208088998,17208094738
17227963723,17227969536
17231871262,17231876531
17232017630,17232022237
17232662380,17232669867
17233266724,17233270817
17237440266,17237445304
17240929271,17240938575
17253417768,17253422175
17261394827,17261399794
17261532765,17261537520
17266037159,17266042464
17266202166,17271075992
17275633566,17275639477
17284851116,17284858129
17291671229,17291676631
17293848718,17293854043
17294309992,17294314863
17294652494,17294656196
17294833350,17294838101
17295690992,17295696695
17297283103,17297288695
17298813337,17298817860
17307888658,17307893933
17308370241,17308374070
17308373652,17308379906
17313423701,17313429685
17318248640,17318253094
17330569275,17330574590
17331513339,17331517505
17331622409,17331628613
17332373472,17332378587
17332422530,17332429112
17341010314,17341017203
17350049089,17350055504
17355521918,17355527327
17356878760,17356884306
17357122241,17357128666
17359078874,17359085041
17359134947,17359140707
17362368768,17366615285
17367235218,17367239047
17367970716,17367975497
17374938393,17374944243
17375066526,17375069727
17383859344,17383863728
17385064011,17385068291
17385483107,17385487954
17390512312,17390517868
17391278583,17391284119
17391311451,17398159667
17393688856,17393694242
17398940341,17398946635
17399018357,17399025634
17399535812,17399542113
17402953242,17402984366
17413470514,17413476227
17413573276,17413578425
17414904276,17414915712
17427727558,17432186172
17428176919,17435226324
17432757278,17432764214
17432841438,17432846831
17440642218,17445168263
17450298059,17450302930
17451980247,17451986341
17452091590,17452095789
17453237781,17453323278
17457111968,17462211402
17460632778,17460637485
17461037972,17461042833
17463203878,17463208315
17466334445,17466340980
17469067606,17469071652
17471564498,17471603580
17478838017,17478843099
17484379772,17484384517
17486347159,17486351800
17491632959,17491638912
17494153197,17504842148
17512229281,17512237964
17513222315,17513228142
17514267271,17514272536
17514281867,17514286858
17521641511,17521645854
17521862822,17521867232
17528721689,17528727646
17529031166,17529037220
17531857531,17531862883
17531991100,17531995714
17536223865,17536231720
17537349677,17541474004
17542591768,17542598092
17544884274,17544892776
17547163250,17547169444
17547767220,17547771430
17548198583,17548203210
17549156124,17549160905
17549196606,17549201273
17549614916,17549619390
17550670786,17550676693
17550851161,17550856296
17555669596,17555673097
17556726796,17556733742
17564056051,17564062161
17564612631,17564617485
17568362978,17568369943
17570878910,17570883470
17572422628,17572426750
17573261573,17575964242
17577017937,17577021358
17578606807,17578610195
17581840040,17581842839
17589256432,17589260047
17589354638,17589360197
17589704693,17589708031
17593756275,17593761477
17595612210,17595617652
17597752956,17597756761
17598112854,17598117050
17599696446,17599701220
17601272621,17601276726
17605237653,17605242731
17608049559,17608054149
17611385236,17611389326
17617055456,17624091681
17619759106,17619765979
17619836525,17619841877
17624484751,17624491737
17627440976,17627444919
17640946473,17640949413
17642513176,17642517539
17642793320,17642799234
17644003156,17644007128
17648231999,17648236345
17650505689,17650511045
17651524215,17651529009
17652480560,17652485611
17655021358,17655025732
17657440294,17657443575
17661293347,17661297593
17661489070,17661493106
17665585704,17665589893
17668408621,17668413672
17670394126,17670398860
17678320542,17678326576
17678359344,17678363282
17683153797,17689072569
17690235411,17690243383
17691513832,17691518152
17691820065,17691823440
17696628330,17696633181
17697310304,17697315529
17699192074,17699198592
17700823070,17700826788
17703071813,17703079000
17704141054,17704145420
17704254898,17704260959
17705154221,17705158958
17705508259,17710273573
17708038507,17708043188
17708057132,17708062581
17708075618,17708080098
17708309233,17708369710
17712968955,17712977992
17713963720,17713968805
17714342805,17714346019
17723676798,17723684673
17729048017,17729052290
17732988094,17732993984
17733406681,17733410834
17742268686,17742274710
17748521808,17748526115
17755350671,17755355000
17758302095,17758306873
17762946633,17762952179
17767751947,17768988978
17770230722,17770235236
17779270847,17779274124
17783949629,17783954286
17785770952,17791210592
17788926579,17788930628
17789494120,17789499960
17793087057,17793093405
17794764260,17794770411
17800977015,17800980392
17801485172,17801488950
17804036163,17804043075
17804312679,17804317878
17810000081,17810004915
17818317596,17818322337
17818642966,17818648622
17818801649,17818806934
17819440632,17819447628
17828608553,17828617944
17836482481,17836485761
17837721202,17837726557
17837835133,17837838146
17838140370,17838146070
17838865459,17838871141
17839543346,17839549731
17839706543,17839711049
17841249245,17841253641
17844331566,17849996416
17846751360,17846756479
17848074983,17848078177
17851335702,17851340406
17851495196,17851499549
17856713725,17856716319
17857456244,17857460256
17858085833,17858091165
17864904598,17864916619
17875023833,17875031871
17878491416,17878497075
17880052727,17880057752
17882974237,17882979476
17883035145,17884975621
17886001400,17890540535
17886032824,17886063751
17886267633,17886273763
17886394821,17886401198
17887183673,17887188574
17891408190,17891412329
17892125630,17892131460
17892388255,17892391729
17897323544,17900237136
17900421664,17900424143
17900798691,17900803041
17900870517,17900874927
17902852063,17902856245
17907181951,17907247386
17907788431,17907793482
17911880484,17911884784
17917698575,17917703252
17923056280,17923059551
17923423598,17923429532
17930374971,17933147257
17936624038,17936629270
17945584636,17945589056
17953608466,17953613321
17953947905,17953952866
17955957685,17955962539
17958398911,17958405416
17958761542,17958767763
17959686933,17960788848
17960768398,17960775307
17960907647,17960921772
17961524530,17961530313
17963122537,17963129026
17963132724,17963135717
17964024152,17964029033
17964085364,17964089527
17968459656,17968466071
17968925691,17968930542
17968943408,17968949792
17996447548,17996451263
17997985700,17997992054
17999015745,17999022193
17999708620,17999713608
18001204503,18001209350
18001833881,18001837489
18002148353,18002152415
18010534447,18010538900
18010727374,18010731557
18012923595,18012928313
18013470981,18013474977
18022060162,18022065684
18024275079,18024278176
18025966091,18025971546
18028034059,18028039925
18028444635,18028450899
18029607998,18029614242
18030948439,18030954226
18031937518,18031943181
18032473402,18038203637
18035499392,18035503859
18038759358,18038765649
18042660707,18042664191
18043793110,18043797697
18045324209,18045329969
18045543837,18045548460
18052616117,18052620981
18059282829,18059288401
18065052503,18065059058
18065542656,18065547427
18074844547,18074848876
18076157131,18076160332
18079020423,18079022892
18082010716,18082017575
18086711781,18086717992
18092354582,18092359550
18093541145,18093547573
18099546583,18099550813
18100240036,18100245686
18100360141,18100364555
18102750038,18102755143
18113161023,18113165727
18118555682,18118559824
18125039375,18125042727
18126564258,18126569296
18126889119,18126892276
18128604318,18131434206
18129231092,18129236815
18129813016,18129819357
18132568089,18132571560
18135228084,18135231575
18136000513,18136004505
18148522994,18148528183
18148965974,18148970374
18148968436,18148974533
18149525530,18149531126
18150953172,18150957555
18151848125,18151851616
18157071787,18157075428
18157400197,18157407283
18162817337,18162821910
18162964713,18162970844
18163152392,18163157286
18164838432,18164841542
18164889908,18164895244
18170518510,18170522994
18170791939,18170795427
18172833273,18172837196
18172956740,18172960943
18172992327,18172996276
18173746942,18173750710
18191977431,18191981588
18200897314,18200902502
18202427301,18202430949
18204752515,18204756226
18204980711,18204985238
18207460087,18212070932
18215393313,18215399039
18216777486,18216787001
18217010868,18217015806
18217420141,18217425279
18220525521,18224574724
18225005616,18228239901
18225047090,18225080867
18238205484,18238210325
18239406086,18239410442
18244799635,18244804065
18247412854,18247421454
18259539850,18259545466
18262093040,18262098025
18262160677,18262167188
18270518567,18270559804
18276012070,18276018334
18276412169,18276418005
18278527140,18280793317
18292071952,18292078093
18292096621,18292103012
18309515884,18309522129
18310034746,18310040439
18311787714,18317642942
18315882290,18315892346
18316624069,18316627848
18319923749,18319928640
18324672522,18324677981
18333951922,18333959469
18334813048,18334817171
18335068673,18335073601
18338862154,18338867694
18339101793,18339105599
18349155800,18349162301
18349280686,18349286025
18351156663,18351161764
18352977451,18352983692
18354947925,18354952392
18362538472,18362543720
18363161322,18363166149
18366613597,18366620142
18370043769,18370052134
18370804631,18370810180
18372125384,18372129277
18373525928,18373536342
18373664479,18373670225
18374595814,18374601366
18381689298,18386175501
18387330205,18387336429
18394836039,18394840423
18397740347,18397747634
18403149643,18403153091
18417917414,18417921560
18419261142,18419266675
18422674015,18422678385
18422806535,18422811392
18424425837,18424429973
18425156849,18425162004
18425353888,18425357616
18437530877,18437536059
18439780597,18439784993
18439805336,18439809830
18442992311,18442998986
18446123455,18446130247
18446336418,18446340707
18446539891,18446545180
18446743583,18446747655
18446951436,18446955643
18452095592,18452099918
18454387674,18454390921
18459238354,18459244057
18461567858,18461573083
18469263449,18469268728
18469617467,18469624192
18469860704,18469867162
18470261862,18470266790
18470484336,18470489424
18470636805,18470643126
18471384557,18471390073
18472381661,18473802080
18474633739,18474640408
18475261781,18475267541
18476737853,18478768122
18479774303,18479779388
18491338358,18491344505
18491435421,18491440052
18491875016,18491879597
18496121225,18501281029
18496375765,18496380342
18496426921,18496431698
18497084399,18497090339
18498137039,18498141225
18504886351,18504892378
18508441676,18508450329
18511753760,18511759116
18512410794,18512415552
18523925815,18531140705
18526013124,18530385104
18531211515,18531217017
18531572325,18531576007
18537653097,18537662017
18537919316,18537926235
18539371577,18539375884
18542312956,18542315659
18542398082,18542404898
18542991402,18542996624
18544823045,18544827254
18548246121,18548251028
18550201390,18554799259
18558112290,18558116173
18559779426,18559785303
18559870680,18559875428
18560900243,18565781233
18562165237,18562168548
18562363506,18562368594
18563156204,18563160553
18563712937,18563715590
18563952710,18563958530
18566729045,18566732259
18567512482,18567516585
18569542310,18569545417
18576778404,18576783182
18577540957,18577546653
18583279882,18583285308
18583429725,18583434596
18586050805,18586057316
18589667599,18589673893
18590548891,18590553725
18602918259,18606512332
18605076809,18605080474
18608220271,18608226863
18609254038,18609258615
18611222414,18611229163
18612427105,18612432891
18613898058,18613902064
18619567930,18619574572
18624997224,18625001794
18628121904,18634425464
18632328874,18632335610
18637883231,18637887865
18638641521,18638645500
18640149756,18640154423
18641770765,18641775506
18645525221,18645531094
18645717199,18645721920
18650169672,18650177172
18655355551,18655362130
18657043840,18657047849
18665026441,18665030704
18667630132,18667634775
18669401261,18669407452
18670179302,18670184370
18671407412,18671412434
18672336763,18672342452
18672989227,18672993159
18673190646,18673196666
18684900262,18684903822
18689163301,18689169087
18690083106,18690087580
18694894732,18694900589
18696104060,18696109061
18700432004,18700437884
18700860858,18700865756
18703918460,18703923378
18712615047,18712621131
18716095623,18716100838
18716586023,18716592040
18717458541,18717463409
18718044715,18718051049
18719799407,18719804225
18719858287,18719864110
18722026495,18722029923
18722821923,18722826219
18725483498,18725488145
18725861240,18725865767
18727444253,18727449505
18728511272,18728515138
18730733068,18730736249
18746864045,18746869591
18746934735,18746938340
18747861613,18747869665
18748374461,18748378407
18751327312,18751330089
18755580310,18755584600
18757787413,18757791502
18757798452,18757805257
18759441902,18759448627
18760180932,18760184921
18762413562,18762417655
18765449896,18769849198
18765533271,18765537000
18774839565,18774893872
18775577035,18778548324
18776470481,18776473474
18782915414,18782920859
18785448902,18785455390
18789013365,18789019278
18790396135,18790403695
18794876641,18794880670
18795578196,18795582967
18801572830,18801578750
18802731930,18802735960
18803983063,18803988792
18804366143,18804369678
18806676650,18811774307
18811747102,18811754379
18817920821,18817926932
18818675289,18818680214
18821485715,18821489690
18822317778,18822322509
18824183271,18824188005
18826109101,18830316318
18826180476,18826185982
18833688011,18833692127
18834756410,18834761381
18835525183,18835529339
18836580736,18836586045
18837365012,18837369796
18838946194,18838950548
18839501348,18839507709
18839842036,18839846232
18841533090,18841537878
18844462816,18844467092
18845727068,18845731983
18846673327,18846679140
18852865050,18852869133
18854598137,18854603900
18854998593,18855007637
18855137441,18855143448
18856034258,18856040435
18856650733,18856656587
18856835692,18856841619
18858460905,18858467356
18859071660,18859076264
18863705831,18863710899
18863736664,18863742287
18863995156,18864001440
18865051584,18865058346
18866052112,18866056990
18869451351,18870162668
18872018382,18872023764
18877381272,18877387520
18878385847,18878390360
18878748107,18878751758
18881479046,18881483486
18882218269,18882226721
18883713821,18884550091
18888275585,18888282176
18888357600,18888363930
18888906116,18888917586
18889688162,18891341669
18891418558,18891424277
18891959441,18891961936
18892129947,18892134480
18894159618,18894167035
18894330294,18894333512
18898220688,18898225432
18898517102,18898522799
18898545039,18898549369
18900230725,18900236809
18900318968,18910380535
18905718454,18905723760
18907186475,18911679228
18913384171,18913387923
18913988028,18913994015
18918516490,18918520592
18923528887,18923533580
18924759339,18924762803
18925844291,18925853195
18930213806,18930218119
18934163788,18934168636
18945332538,18945338204
18951467229,18951471332
18955301970,18955306286
18955725262,18957561325
18957581156,18957586548
18957827835,18957833718
18959259963,18959264978
18959463307,18959468028
18960609939,18960613541
18961636283,18961641802
18967061441,18967065831
18970204690,18970208482
18971449685,18971453707
18975525141,18975528431
18975915010,18975920643
18978400242,18978404823
18979601255,18979605872
18981821811,18981826151
18981975650,18981980076
18982033845,18982037901
18982294137,18982298641
18982574823,18982579941
18983945686,18983951305
18983988947,18983992499
18984061188,18984064766
18984277748,18984282605
18987642438,18987646945
18989880127,18989886100
18995078271,18995088337
18996857733,18996863736
19003462367,19003466630
19006313324,19006317377
19009940970,19009946873
19010858995,19010864096
19011162287,19011166876
19011495151,19011498885
19011696260,19011702137
19013470842,19013473139
19013736863,19013741360
19017885378,19017889838
19025889029,19029617386
19034814501,19034820896
19035616296,19035622413
19036405750,19036411867
19036806935,19036811378
19038646780,19038650605
19042579706,19043011517
19044179087,19044182799
19045515379,19045521463
19048621671,19048626051
19051618438,19051623306
19064603339,19064607609
19067982927,19067990414
19069844020,19069849255
19070205518,19070211274
19071659520,19071663295
19072988936,19072993125
19075596449,19075602011
19084753575,19087006739
19087949597,19087953846
19100569919,19100573791
19100721075,19100726120
19101927486,19101930894
19102727256,19102730367
19104745542,19104755645
19106755388,19106760700
19107118744,19107122536
19107317822,19107322155
19108390714,19108395652
19112615935,19112620589
19113622872,19113626714
19114132803,19114138068
19129046026,19130700909
19137917673,19137924849
19137990932,19137996050
19139691852,19139696957
19141215962,19141221308
19141877991,19141882281
19144639396,19144644176
19148329767,19148335172
19150270560,19150274512
19154631576,19154640135
19155201663,19155207202
19155229626,19155234805
19157507506,19157511391
19159642419,19159647220
19160044633,19160048742
19163297283,19163302672
19164098727,19164101757
19165683264,19165687938
19166654747,19166660720
19167869343,19176842563
19171515757,19171519723
19171675893,19171681790
19178706038,19178711236
19186149345,19186153440
19186381580,19190530663
19191171219,19200548765
19192660083,19192664299
19203529355,19203535129
19209943529,19211541810
19217659406,19217665657
19217846683,19217852450
19219577421,19219582660
19220556183,19220560720
19232041871,19232047684
19237570400,19237574345
19245306903,19245313913
19256508130,19265380455
19273924323,19273928075
19278623822,19278630407
19287834680,19287837760
19291427897,19291432655
19292259259,19292264494
19306207164,19306213268
19313456184,19313461560
19314667025,19314670573
19314745068,19314749856
19315417033,19315423030
19317078317,19317082700
19320320283,19320412826
19321297084,19321303392
19321559969,19321564613
19324276923,19324282198
19324304128,19324308945
19327388844,19327393508
19331121488,19331126359
19331773336,19331778221
19332480200,19332485138
19334606176,19334610235
19337325465,19337330754
19340730270,19340734259
19342208356,19342213086
19350876929,19350881309
19351476179,19351480973
19353725835,19353732236
19362430103,19362437152
19363619318,19363622753
19374932606,19374938987
19376527025,19376531275
19379857344,19379860454
19381669577,19381675376
19395015014,19395021836
19396496174,19396501690
19396622453,19396627468
19405087566,19405091906
19409008108,19409013594
19409311872,19409317695
19410509827,19410513810
19410663064,19410667665
19412032187,19416494612
19417321150,19417325998
19417349170,19417355110
19423817991,19423821970
19424012768,19424019454
19424298676,19424303998
19425034822,19425039897
19433150758,19433155793
19433779287,19433783874
19433794372,19433800111
19433872792,19433877714
19437257421,19437268626
19438097022,19438101138
19443954655,19443959142
19444451918,19444458800
19444602612,19444608592
19449583200,19449589177
19451554901,19456390641
19453048432,19453051910
19454061284,19454067315
19454970697,19454974442
19456769973,19456775108
19457565116,19457569987
19460478388,19460484549
19463417384,19463422697
19463926206,19463931308
19467169645,19467172816
19470951430,19470961840
19475267841,19475273370
19475938870,19475946698
19477760835,19477766130
19481203802,19481207273
19484880305,19484885246
19495266103,19495270556
19495558541,19502275166
19497505712,19497511342
19498737698,19498743692
19499130070,19499133858
19503563052,19516530400
19508105939,19508110810
19521268452,19521273056
19524314538,19524319028
19525318537,19525323632
19526571220,19526575236
19528711782,19528717388
19531240784,19531243998
19534007895,19534082708
19534240999,19534245646
19544877882,19544915988
19549346952,19549351406
19551592352,19551597951
19555087277,19555093354
19555425449,19555430016
19555489488,19555495361
19556262521,19556268688
19556393240,19566293856
19557905233,19557918162
19559235374,19559240449
19560161273,19567091138
19568308660,19568313341
19568481061,19568486683
19570698113,19570744722
19573621621,19573628630
19574747450,19574750837
19576115497,19576119730
19576840545,19576843902
19580679154,19580683925
19585155865,19585161608
19585785397,19585790873
19586731689,19586737205
19590152954,19601130799
19606428816,19606434953
19611466583,19611470509
19612155386,19612159612
19615283751,19615290015
19615328158,19615331756
19616511340,19616515677
19616607114,19616612733
19616798784,19616805727
19616804414,19616808119
19616957714,19616961178
19619696965,19619700647
19620028265,19621872049
19634478838,19634484738
19640575182,19640581613
19644249536,19647748534
19648039710,19648046365
19648334661,19648340460
19649149465,19649154166
19650452121,19650457282
19651310531,19651314740
19654208862,19654212881
19654959758,19654964442
19658601930,19672217135
19668334028,19668338097
19676098869,19676103182
19677964947,19677971338
19678786223,19678792413
19679257864,19679261799
19679516369,19682320841
19681633779,19681637601
19682514910,19682519774
19683677171,19683681387
19683999324,19684005468
19685128523,19685132713
19688666272,19688670615
19689445382,19693539754
19692114114,19692120772
19694956278,19694962903
19695080947,19699487044
19695776638,19695780550
19710269056,19710274675
19719729859,19723237597
19720642084,19720646695
19735507606,19735512414
19738263906,19738268911
19741370418,19741396160
19747827442,19747832257
19759175244,19759180212
19761385548,19761394502
19761818635,19761825063
19763289856,19763295575
19766331190,19766337715
19766943123,19766947168
19768331402,19768336183
19770740425,19770745731
19771960150,19771966514
19774425083,19774432166
19774503250,19774507810
19774656764,19774661562
19776092297,19776096233
19776482918,19776487559
19776981363,19776986198
19777192267,19777197513
19787621019,19787624918
19796382627,19796388206
19798855535,19798858956
19798879927,19798884891
19808830723,19812050879
19823844644,19823849475
19826069384,19826074679
19826947649,19826952670
19827006432,19827010417
19828395914,19828400828
19829649224,19829652950
19831803601,19831807888
19843434394,19843438938
19844370971,19844376143
19845467781,19845472752
19845673974,19845678107
19846263535,19846290884
19849488776,19849493387
19851936457,19851943670
19854801189,19854806785
19857001884,19857006211
19862906107,19862927325
19864437691,19867944716
19865591757,19865597129
19869388762,19869395213
19874413991,19874418822
19882221422,19882226848
19883026331,19883031072
19883444932,19883450568
19895041173,19895047932
19895108913,19895113637
19902596042,19902601892
19905517669,19905525307
19907162072,19907168049
19908377878,19908382034
19910853164,19910856375
19920812941,19920819386
19929049937,19929055336
19935426710,19935432326
19940449042,19940454505
19944021289,19944029398
19944271369,19945983301
19950577160,19950581887
19950631874,19950637634
19953774795,19953784140
19953905976,19958991074
19954743816,19954748129
19959872058,19959877915
19965998544,19966004821
19967154788,19967160681
19967315485,19967320102
19970462693,19970467494
19976279608,19982199890
19978092418,19978095706
19980227268,19980231668
19991110815,19996067062
19993460104,19993464524
20003833310,20003839006
20009283561,20009290026
20019686638,20019693995
20020926982,20020933283
20023362566,20023366812
20025081514,20025088109
20029735566,20029740223
20029928957,20029932419
20030462488,20030467506
20030837945,20030842522
20031925647,20031931925
20032927539,20032930776
20038759541,20038764947
20042195780,20042201119
20051006084,20051010491
20052244221,20052305907
20052311089,20052315833
20055292204,20055555202
20057187164,20057192482
20058781062,20058786427
20059959576,20059965573
20062489734,20062495176
20062576941,20062582795
20062636830,20062639820
20074918938,20077867890
20075917030,20075921905
20081454442,20081458061
20082250063,20082255252
20088354021,20088359033
20091925744,20091931152
20096985571,20096991729
20101811078,20101817987
20102209226,20102213596
20102215180,20102221107
20107559197,20107566083
20108102260,20108108885
20109441081,20109446460
20110811475,20110815452
20111880558,20111884458
20115341451,20115345975
20115692643,20115697688
20116022272,20117677710
20117900554,20117904761
20119907100,20119921890
20121630328,20121634942
20123032372,20127197400
20127712994,20127717628
20127781847,20127788248
20131307682,20131311788
20131382007,20131387843
20132073305,20132078193
20136654897,20136660209
20137648610,20137653544
20139119513,20139126388
20146381465,20146384395
20155724008,20161318883
20181448111,20181501693
20182685663,20182691673
20183184596,20183188461
20204459313,20204464221
20207753688,20210606546
20223895549,20223899729
20224369789,20224376521
20225057700,20225063306
20225561277,20225566836
20226675826,20226680210
20228947385,20228953573
20229978533,20229985011
20231886676,20231889946
20232026252,20232031617
20234369333,20234373860
20251171896,20251178047
20253566908,20253572076
20254707848,20254715348
20254891373,20254896962
20260256532,20260262505
20260891586,20260898281
20263845547,20263849709
20264292198,20264296310
20264402808,20264407759
20265142479,20265147674
20266284942,20266289466
20268030073,20268032227
20269129191,20269134750
20270248207,20270252397
20270293453,20270298959
20270648771,20270653431
20275333726,20275338247
20275836625,20275842729
20276495944,20276500407
20276575758,20276581815
20277518552,20277523370
20278971652,20278976446
20280765108,20280769421
20282004731,20282008259
20282609026,20282613823
20285199343,20285204251
20286409586,20286414748
20290807068,20290811758
20297880731,20297885622
20299476102,20299480128
20300255256,20300260388
20308999154,20309005047
20309694210,20309699122
20310639260,20310644685
20310698751,20310703836
20320904581,20320917410
20322067988,20322073544
20322191876,20322196496
20323599389,20323604941
20324345010,20324348879
20324423898,20324427764
20325303319,20326125036
20326933767,20326940606
20327232730,20329050585
20332316255,20332320387
20332783837,20332789683
20332943291,20332949375
20336046690,20336049673
20339385254,20341466405
20342822081,20342828392
20344728921,20344733354
20350858176,20350867761
20350886397,20350893286
20350973597,20350978749
20351539001,20351544289
20356309978,20356318951
20357059291,20357064262
20361265853,20361271743
20361310561,20367716289
20361649271,20361655198
20376973498,20376979018
20378539129,20383119281
20378632975,20379302678
20384156532,20384163171
20387642644,20387648544
20387757551,20387761874
20390642295,20390647236
20396226128,20396233178
20397072401,20397076627
20401670871,20401675381
20405449648,20405453861
20406361028,20406366197
20407252810,20407258500
20407290212,20407294348
20409481509,20409485314
20420758668,20420762707
20420805541,20420810686
20422153886,20422158771
20422198130,20422202754
20427548067,20427552738
20427572854,20427576853
20430028619,20430034907
20434515166,20434520655
20435618550,20439138616
20436841172,20439810560
20436864351,20436902524
20459634640,20459642772
20465703258,20469411630
20469437642,20469443041
20469567931,20469574786
20473434721,20473438930
20477841650,20477846341
20478480386,20478486821
20480703429,20480707511
20488097658,20488102001
20489141891,20489146352
20493164170,20493169372
20493695386,20493702496
20493919747,20493926463
20494859785,20494863283
20495287226,20495291566
20497942654,20497946911
20499611008,20499617389
20507765140,20507768668
20513441226,20513447363
20515347361,20515354447
20524631451,20524637448
20528592128,20528595843
20532465366,20532471052
20543966562,20543976487
20544154537,20544159939
20546240289,20546245410
20546667603,20552293225
20551473586,20551479827
20551961403,20551965880
20553077570,20553081492
20554799007,20554806581
20555254485,20555260258
20555958068,20555962000
20556971442,20556977839
20566079851,20566085076
20569884808,20569888897
20571164177,20571169282
20577788994,20577793872
20577808646,20577814719
20578415690,20578421750
20578990538,20578994934
20579579641,20579584312
20580142068,20580148379
20588420963,20588428710
20588496808,20588501485
20590037759,20590041545
20593226361,20593231589
20604052756,20604058162
20604963043,20604968676
20605372731,20605378557
20606251828,20606258025
20606638072,20606643451
20606751014,20606754800
20615483556,20615487194
20615701232,20615706618
20616460955,20616464069
20622041385,20622047134
20626244496,20626247673
20626935992,20626940753
20632964439,20637638854
20635857107,20635861741
20637937934,20637942143
20638090419,20638094088
20639302831,20639307107
20641821138,20641824242
20644518571,20644524966
20652551710,20652556654
20660162245,20660167864
20660917090,20660922559
20662089942,20662092655
20666962001,20666968139
20667592245,20667597246
20670234182,20670239187
20671838076,20671843515
20672223382,20672227037
20672981581,20672988110
20674826628,20674831102
20675494099,20675498643
20677035088,20677039508
20678030722,20680609696
20683544243,20687982617
20683545108,20683549238
20689330488,20689333385
20701057850,20701061491
20701402961,20701408353
20702850822,20702856972
20706208479,20706214430
20708224256,20708229331
20709419792,20714683315
20715779807,20715784451
20716085439,20716090226
20740727833,20740733262
20743451776,20743456002
20743858280,20743864006
20744559267,20744563680
20744800797,20744805628
20746753377,20748266853
20748948860,20748955739
20751304152,20751312127
20760270640,20760276687
20768635834,20778766574
20777554246,20777558974
20777772477,20777781347
20778384860,20778389150
20778802652,20778807423
20779340477,20779346971
20782039420,20782043115
20783409388,20783414887
20785222149,20785229755
20785505433,20785513985
20789936854,20789940619
20790267252,20790272020
20790838268,20790844649
20793469237,20795981241
20802246230,20802250509
20807183356,20807186290
20808023959,20808028864
20808267460,20808272672
20812861697,20812867671
20813923598,20813929408
20818232472,20818237838
20823790995,20831610724
20827579335,20827585101
20828341801,20828346745
20832489316,20832494311
20835022514,20835077155
20835737306,20835742865
20837340649,20837345573
20844285480,20844290274
20845100184,20845106298
20848425065,20848431302
20853900329,20853905898
20858629833,20858635135
20864917660,20864922050
20865584824,20865591579
20869246707,20869252443
20872993118,20873002359
20878480416,20878486149
20878561540,20878566555
20880529415,20880533791
20891154798,20891160995
20897017056,20897020507
20897214018,20897219280
20897916415,20897919909
20898999761,20899004969
20903068050,20903073282
20906966018,20906971280
20907014771,20907019031
20907288665,20907294732
20923228495,20923235221
20928121659,20928130135
20931291548,20931295878
20938432744,20938439132
20938728460,20938735794
20940001596,20940005518
20943022033,20943030148
20946817014,20946824568
20946985249,20946991680
20954595653,20954600421
20955989014,20955995392
20959359651,20959363650
20970411383,20970416862
20971884461,20971889315
20972293484,20972298468
20973261504,20973306480
20973837165,20973842855
20974804091,20974808500
20979738207,20979742847
20982183943,20982189954
20982333803,20982339689
20983173854,20983178542
20983408643,20983413246
20987188432,20987196070
20987919213,20987924312
20992712047,20994680319
20995489791,20995494135
20996326165,20996331941
21004225534,21004229974
21004760732,21009772995
21010169409,21010173515
21010521109,21010527597
21014327312,21014333900
21014606370,21014610710
21014817064,21014821932
21025301862,21025305761
21026039696,21026043548
21030002841,21030007401
21030563744,21030567653
21030645018,21030651526
21031590275,21031594437
21033225516,21033229161
21037263865,21037269187
21038783184,21038787932
21041527771,21041535351
21042408892,21042413676
21046712889,21046717566
21046940554,21046946404
21047793592,21047799201
21051736113,21051742568
21062424984,21062433884
21069087683,21069092715
21074135233,21074140652
21076505449,21076511085
21082949517,21082954251
21083844643,21083849531
21090915045,21090920167
21094222242,21094225984
21094490439,21094496697
21095481513,21095488609
21101338194,21101342340
21101993170,21101998492
21104269129,21104273479
21109594378,21109598808
21111268765,21111274979
21112298907,21112305194
21115140610,21115147445
21117095976,21117100099
21118508444,21118511784
21132558069,21132563852
21133321681,21133327932
21135148720,21135153514
21137204307,21137209833
21137591102,21137597450
21149872852,21149879530
21150769766,21150774162
21152425952,21152435159
21152805357,21152811394
21158433424,21158438439
21159388460,21159394310
21159772219,21159775569
21160418395,21160424562
21167891402,21167895277
21170728498,21170733332
21174800456,21174804605
21188614735,21188618737
21188740596,21188746987
21189663298,21189696139
21192274650,21199710306
21193637445,21193641661
21200597865,21200602509
21203470381,21203473949
21205709927,21205714965
21206188842,21206193455
21207265439,21207269872
21208160612,21208164654
21209503241,21209508293
21210990872,21210996535
21211729103,21211735334
21213411696,21213416076
21215787080,21215790808
21216177420,21216183046
21216686509,21216690017
21226602340,21226605928
21227587206,21232399386
21228165502,21228171792
21228186923,21228191343
21228348008,21228353240
21231385922,21231391404
21232833539,21232840531
21233362770,21233369285
21233516822,21233522128
21237668377,21237673656
21241705921,21241711700
21245670475,21245674023
21248270181,21248273070
21249609132,21249612295
21250817086,21250823070
21253869299,21260617161
21259439619,21259445232
21262218874,21262223755
21265343193,21265348335
21266336201,21266340564
21267018198,21267023995
21268030309,21268037683
21270405166,21275316758
21273270699,21273276626
21275411489,21275448042
21275956880,21275962022
21280509904,21280514237
21280759786,21280764286
21282900806,21282904662
21297923421,21297927500
21299105770,21299109816
21299807472,21299811742
21301253950,21301257228
21301442921,21301445684
21308755682,21308760069
21308777472,21308782085
21325689496,21325739423
21335412905,21335417649
21339200155,21339204865
21340123859,21340127103
21342042660,21342049268
21343133726,21343137538
21344295523,21344300314
21347341241,21347345407
21347535127,21347539202
21348900591,21348904730
21350283498,21350288012
21350392518,21350396046
21350715242,21350720788
21350938280,21350944217
21352400150,21352404376
21352802113,21352805187
21354589837,21354596692
21355945405,21355949254
21366579211,21366584042
21369574134,21369578257
21369746351,21369749301
21374420592,21374423482
21375462043,21375467729
21376575885,21382942006
21376602762,21376630558
21377361149,21377366611
21378368650,21385395149
21385609815,21385615826
21385989849,21385996521
21387519562,21387524416
21388333010,21388338325
21389329977,21389334364
21395606105,21395608938
21401872647,21405517786
21406312378,21406318665
21415489663,21415494437
21416941433,21416951442
21423340629,21423347234
21431936678,21431941850
21433142722,21433147974
21435556135,21435560048
21436100748,21436107123
21436734430,21436739778
21442186522,21442192205
21442665950,21448990565
21444668587,21444672656
21446234499,21446239079
21447212396,21447218005
21452069281,21452074646
21453164547,21453169989
21458916949,21458921933
21463941306,21463945593
21464697799,21464702733
21470339193,21470344067
21474089068,21474138631
21475186503,21475191527
21477554704,21477564636
21478252647,21478258714
21484456147,21484459775
21485104849,21485111070
21488095776,21488101015
21491180680,21491184615
21495379318,21495385529
21496584590,21496592982
21502681598,21502688207
21506746587,21513542963
21510439153,21510443513
21515091562,21517647230
21522528584,21522537835
21529140278,21529145039
21529196672,21529203491
21536210159,21536216166
21542077999,21542083131
21545712637,21545718608
21550081554,21550087922
21559654495,21559659680
21564271684,21564277380
21564406583,21564409603
21567294236,21567300400
21567337858,21567342967
21568118038,21568122605
21568263661,21568270249
21568426981,21568432152
21571498297,21571503612
21572129399,21572135546
21573796970,21579809702
21577648556,21577651927
21579424026,21582833687
21580462857,21580467431
21584587417,21584590862
21588779013,21588785548
21590948180,21590953285
21602068594,21602074992
21603412229,21603416004
21604122083,21604128674
21604141483,21604147116
21612265374,21612269861
21614031145,21614034980
21614839454,21614842812
21617065193,21617073235
21617547608,21617551798
21622177483,21622183219
21622310517,21622314824
21624594922,21624600281
21630070557,21630076304
21632837227,21632840802
21633428302,21633462643
21634184507,21634189422
21642148195,21642151034
21645519042,21645524645
21646604760,21646609521
21653295156,21653298620
21653372361,21653379821
21653439072,21653443495
21653669664,21653674351
21661752157,21661795395
21667064613,21667069865
21667204861,21667209712
21672406643,21672410505
21672820821,21672827205
21679619939,21679645844
21691623318,21694294415
21697296287,21697300383
21700031593,21704461992
21700541711,21700545830
21704199548,21704203885
21710873717,21710877970
21712762422,21712767708
21713023821,21713028942
21714251480,21714255793
21716759163,21716766016
21718167084,21723192297
21726736654,21726742163
21727376302,21735297186
21727881108,21727885648
21729266026,21729269908
21732535243,21732539369
21738137559,21738143483
21738400144,21738407129
21746171172,21746178091
21746715153,21746719426
21747094947,21747098789
21754680585,21754686532
21754746010,21754750370
21755018337,21755024851
21760702310,21760706730
21760740928,21760745488
21761547607,21761553384
21765280311,21765285529
21776558649,21776561555
21776926765,21776932452
21778343349,21778348905
21779187016,21779190944
21782932511,21782937168
21783596060,21783600530
21787391084,21787397318
21792855244,21792860673
21794415643,21794421489
21794969423,21794974511
21795641277,21795645898
21806037375,21806042363
21806334337,21806352178
21810301341,21810305470
21812248763,21812254452
21813297250,21813305990
21813377645,21813383893
21815040720,21815045992
21815721057,21815724822
21815806771,21815812804
21815935295,21815941599
21816727729,21816731788
21824207825,21824213712
21825529948,21825534241
21826133090,21826137724
21826472145,21826478319
21827700836,21827705019
21828201396,21828204867
21828444623,21828449080
21828613572,21832699074
21834198626,21834203022
21838771190,21838776502
21840231610,21842952909
21840726807,21840730583
21843111600,21843118820
21844338060,21844341983
21845186312,21845189987
21862228923,21862234282
21864272165,21864276699
21865124297,21865128941
21865869468,21865872835
21870957917,21870962033
21871846305,21871852144
21874532586,21874537196
21881411655,21881418678
21896594689,21896601378
21898890717,21898894996
21899183887,21899190295
21900382193,21900387468
21901876686,21901881754
21901927759,21901931871
21903118681,21903143157
21904723638,21904729307
21908009954,21908015313
21908415699,21908422388
21915610102,21915614389
21916247782,21916251922
21921932017,21921936303
21922831159,21922834717
21924576614,21924581852
21930241164,21930246482
21935797244,21935802740
21944185594,21944188871
21946421689,21946428929
21946614459,21946624899
21948105180,21950725098
21949900965,21949905218
21950278634,21950283979
21955144646,21955150051
21955506719,21955511814
21958927593,21958932848
21959176159,21959179927
21959247440,21962669129
21964461273,21964465580
21964822838,21964829233
21965003504,21965012832
21966114676,21966120853
21966424765,21966428366
21966609897,21966614063
21967321592,21967328146
21971282562,21971288114
21975042112,21975046399
21980398197,21980401922
21980579575,21980583266
21981005856,21981010093
21981706723,21981712212
21981733550,21981736397
21990654204,21996634776
22001128098,22001949548
22010567236,22010572171
22013566967,22013572573
22014527394,22014531574
22014922699,22014927063
22015103572,22015108951
22015801358,22015807228
22029180776,22029184909
22030565945,22030571287
22037267509,22037271692
22041149594,22045742221
22042776220,22042781529
22043504345,22043507819
22045309652,22045315037
22047984858,22047990016
22049860895,22049866317
22051776424,22051781957
22058014232,22058020068
22058368464,22058372119
22063501591,22063506118
22067274649,22067278447
22067827083,22067830677
22069917181,22069922145
22070201000,22070205871
22070503705,22070508750
22071607450,22071612468
22072064465,22072070211
22074128755,22074136065
22074139078,22074145316
22075046816,22075051727
22077032782,22077036290
22078413571,22078418663
22079589386,22079593362
22080782664,22080788340
22084608295,22084612307
22084637695,22084641463
22084922853,22084925509
22087088419,22087092301
22088413171,22088419589
22092201911,22092208239
22092786872,22094437796
22094313642,22094318055
22097923490,22097928672
22100068727,22100072438
22100416180,22100420116
22100646334,22100649699
22102573163,22102575896
22102863771,22102869216
22102887879,22102892573
22105191250,22105194704
22108632517,22108638403
22108736622,22108741056
22109486343,22109492450
22109643786,22109647989
22122717652,22122724444
22122819339,22122823502
22123611689,22123616894
22129530705,22134530423
22132061574,22132066278
22133039592,22133043203
22135799546,22135803121
22136142469,22136146191
22137439579,22137444647
22141027117,22149124117
22147852361,22147859992
22154241695,22154246877
22154896106,22154902969
22155208754,22155214591
22155551607,22155555492
22156009213,22156014167
22163871110,22163878323
22165140447,22165144446
22165856131,22165861680
22165886342,22165892236
22166561685,22166567140
22166692410,22166696587
22172699516,22172703338
22175825983,22175829652
22178921027,22178926028
22179163913,22179167284
22179596452,22179601216
22180443897,22180447352
22181494726,22181499667
22200172188,22200178702
22200345834,22200352155
22205529565,22207601573
22208048394,22208053045
22208382454,22208387939
22208474312,22208479821
22212067950,22212073787
22216678223,22216687167
22216825921,22216831831
22216882700,22216887510
22221145496,22221151734
22221863478,22221867083
22222902420,22222916549
22223513938,22223519704
22226444505,22226446824
22226617818,22226620821
22226715345,22230620445
22230943704,22230949109
22231947947,22231953540
22232674950,22232678504
22243920223,22243923634
22246043536,22246049446
22253845485,22253851478
22253870976,22253874791
22253949560,22253955988
22255266201,22255270370
22257826139,22257830065
22260005256,22260010240
22260687537,22260692632
22261610383,22267423268
22264535144,22264539630
22265979129,22265984044
22266061576,22266065404
22268328715,22268334969
22269085819,22269092003
22274041758,22274047327
22274435967,22274441539
22275659714,22275662894
22275798765,22275803893
22275974750,22275979661
22276795488,22276800309
22276870505,22276875436
22279746268,22279749599
22281753428,22281758246
22281846135,22281851567
22290482940,22292813636
22308500852,22308510316
22308515501,22308519327
22312741278,22317931627
22317926155,22317932630
22324092067,22324098414
22329575871,22329579766
22333497735,22333503094
22333506753,22333512639
22333798443,22333805218
22335127365,22335133518
22335607445,22335611972
22348112370,22348141118
22354663216,22354667957
22369627872,22369632459
22369727772,22369731503
22370535273,22374158108
22372012978,22372016850
22372074267,22372078710
22377703220,22377709207
22378546736,22378550905
22380643836,22380648059
22388878695,22388883760
22389032336,22389038353
22393738934,22393743748
22397665269,22397669532
22402686683,22402691781
22404347088,22404352337
22404518770,22404522312
22405859830,22405865426
22406601485,22406607155
22407416500,22407421024
22408360941,22408364723
22410855091,22412189509
22412857243,22412861730
22413205853,22413211599
22417846865,22417854479
22418115560,22418119419
22419099251,22419104218
22430737991,22430742505
22434613418,22434618636
22435945299,22449436698
22443729628,22443733340
22444656807,22444661601
22445664866,22445669426
22458568974,22458624463
22460185544,22463976983
22464335318,22464341903
22464702132,22464709251
22467028541,22467038166
22467228337,22467234862
22468698495,22468703764
22472995295,22472998797
22478502205,22478508315
22478977695,22478982188
22481245592,22484653807
22481391212,22481396166
22482878301,22482881185
22484918771,22484925706
22487930809,22487937962
22506847522,22506853018
22524138194,22524143336
22526965050,22526969811
22528399213,22528403573
22529708888,22529712901
22534021865,22534025246
22534452096,22534457755
22535672682,22535677333
22547090643,22547096289
22550456038,22550465119
22555096777,22559736704
22555319318,22555324018
22556610063,22556614155
22561832191,22561838412
22563208577,22563214210
22566801073,22566804811
22570681771,22570686221
22571601082,22576247942
22577486208,22577491016
22577817111,22582382161
22584113581,22584122678
22584773989,22584778429
22585830548,22585834323
22586867298,22586871394
22592537300,22592542208
22593005560,22593010809
22595848974,22595854837
22597957287,22597962772
22601718608,22601722684
22603184493,22603188512
22611280086,22611285004
22612494653,22612499801
22625349650,22625359138
22625696669,22625702552
22625984627,22625989098
22626825578,22626830810
22636167863,22636173336
22643045877,22646974116
22644318939,22644324518
22644432552,22644437881
22651932494,22651935394
22653217155,22653225090
22657198034,22657201659
22660992931,22661000525
22661669489,22661673592
22663357962,22663363384
22663828861,22663835192
22665358587,22665364477
22667775038,22667780751
22669959008,22669963642
22670092397,22670096860
22670287565,22670293272
22670493094,22670497274
22675023563,22675031501
22676178481,22676184572
22676260577,22676265879
22685425163,22685429857
22689123442,22689128995
22689336341,22689341933
22689461658,22689467892
22690450934,22690455144
22705034535,22705039345
22712246851,22716195754
22716340118,22716347742
22721951718,22721956746
22722768831,22722771898
22727480687,22727485418
22730681964,22730685649
22735797314,22735804049
22736328954,22736333986
22742406907,22742412476
22754822099,22754826362
22756567570,22756575204
22756992171,22756996785
22763874895,22763938937
22764814923,22764818612
22768608635,22768614825
22771506799,22771510464
22775772893,22775777206
22775996957,22776003605
22776159077,22776165151
22776204490,22776208509
22778230393,22778234893
22789066403,22789070649
22796702613,22796708590
22797821115,22797826875
22812439314,22812443797
22814727855,22814736324
22815108904,22815112662
22815303408,22815307661
22815780969,22815784831
22818526731,22818529868
22819401879,22819407258
22819876463,22819880903
22831388895,22831394618
22831994325,22832000068
22832078238,22832083093
22836714661,22839185284
22836749436,22836753566
22837123480,22837127736
22838624180,22838627595
22848252787,22848259152
22849985590,22849991704
22851632779,22851635755
22853586034,22853591012
22859378617,22859384650
22861211610,22861219808
22863787364,22863790284
22872101007,22872107161
22875550997,22878813673
22880119152,22880123458
22880313495,22880317878
22883297864,22883304209
22883808988,22883814197
22883989056,22883993713
22885181909,22886086487
22891474621,22891479583
22893943039,22893948832
22894531892,22894535838
22900790056,22900795906
22901741964,22901744934
22902353438,22902357838
22902445477,22907042129
22902871441,22902876005
22902932676,22902935890
22914509433,22919376368
22914658695,22914664798
22919532307,22919536661
22926681889,22926685992
22926684832,22926689426
22926884885,22926890060
22927569201,22931807726
22931957559,22931962039
22937361993,22937365511
22943651541,22943655938
22948376788,22948380944
22965430684,22965436136
22968613549,22968618277
22969292376,22969302769
22969373780,22969378621
22970057164,22970062733
22972274513,22972279147
22982843292,22982848638
22985988592,22985993590
22986670195,22986675962
22990821737,22990828582
22991549137,22991555020
22992697677,22998840723
22994991276,22994997486
22999249813,23003818893
23009244652,23009249900
23015536839,23015544704
23017691841,23017696114
23022306761,23027448468
23022766950,23022771747
23028045275,23028051971
23031264904,23031269321
23039805428,23039811471
23041192444,23041195835
23045409731,23045415224
23057889325,23057894410
23065083314,23065087560
23068389295,23068392222
23070300508,23070305416
23071164053,23071168257
23071378853,23071385117
23074143608,23074147126
23083963849,23083969598
23085224339,23085230072
23090381988,23090388202
23090886266,23090891922
23092521852,23092528561
23092579325,23092584597
23092890149,23092894435
23096317074,23096322987
23099257330,23099262104
23100875356,23100879949
23101147351,23101151270
23101220834,23101227249
23103559616,23106023510
23104957189,23104960400
23106148620,23106154884
23106707295,23106710916
23107906867,23107921219
23110021083,23110026696
23118860771,23118866029
23123596434,23123601295
23128106066,23128112604
23142597318,23142601968
23143879223,23146608251
23146646204,23146699150
23152622736,23152629037
23153925870,23153932501
23164463855,23164470260
23165886416,23165891971
23167233937,23167241139
23168891949,23168898230
23168968981,23168974430
23171181920,23171187800
23172275028,23175604645
23172770333,23172776527
23177120463,23177124813
23180635280,23180642193
23181220879,23181226054
23183626308,23183631005
23183686290,23187476811
23183778001,23183781987
23188552423,23188558436
23196245010,23196254131
23198295602,23198301386
23198961680,23198965088
23199585733,23199590708
23200008644,23200013889
23201322311,23201326544
23202678437,23202684979
23206426726,23212008766
23212389214,23212392608
23213539130,23213543898
23216316614,23216320086
23219155053,23226793318
23224034797,23224039597
23225873696,23225881881
23227035463,23227039953
23241475171,23241480540
23250584252,23250588896
23251530497,23251537286
23252238189,23252244273
23261159545,23261165268
23261734426,23261740440
23262669236,23262674578
23264044085,23264049791
23265563571,23265569037
23269334047,23273626220
23271754573,23271762601
23280360825,23280365890
23280689944,23280693515
23283017333,23283022534
23284495165,23284500350
23286295928,23286301501
23289611530,23289615048
23289802259,23289807751
23295353459,23295358149
23299469777,23299475112
23300345620,23300352258
23303308437,23303382067
23306618490,23306624574
23307108068,23307112716
23308393619,23308397978
23310173685,23310178148
23318689055,23318694965
23321036419,23321042603
23321335817,23321341032
23322463195,23322507790
23332600187,23332603775
23340357985,23340363427
23340843020,23340850864
23340874511,23340879142
23341256953,23341261851
23341312312,23341315496
23342655563,23342660571
23347413029,23347418358
23350166496,23350172473
23353689030,23353694269
23355413928,23355418422
23368426238,23368432686
23369007287,23370102169
23386609638,23386615759
23391316560,23391324655
23393276189,23393282333
23408222157,23408227452
23409481130,23409485734
23412968896,23412972658
23420971829,23420977202
23423201099,23429272851
23425159539,23425165045
23428563141,23428567487
23430862703,23430868560
23441565696,23441570831
23447631023,23447637387
23457512646,23457521997
23458976172,23458981651
23461181528,23461185988
23463774768,23463780147
23464447331,23464453532
23466979527,23466984501
23469332647,23469335306
23472771769,23472777428
23473614467,23473619538
23473837625,23473842636
23477182434,23477187067
23477606928,23477612838
23478415692,23484005633
23478587164,23478591186
23478983157,23479007291
23479870559,23479875731
23482867116,23482871095
23484069568,23484078862
23484145476,23484150448
23484156759,23484161787
23484333064,23484339171
23487738490,23487745222
23490242505,23490248081
23492925920,23492930971
23498063841,23501830822
23500207069,23500211459
23503028841,23503033488
23508723432,23508727631
23509791901,23509797490
23512174751,23512179385
23513068017,23513073757
23524283677,23524292697
23529019404,23529026710
23530865977,23530871009
23533968725,23533973425
23535204492,23535284229
23535833199,23535837221
23536020145,23536026864
23536114352,23536118144
23536736503,23536742637
23547901071,23547906871
23547952354,23547957171
23551644071,23551649820
23553659206,23553667899
23554629222,23554635098
23558271975,23558277574
23558438014,23558445133
23560342392,23567187999
23560385252,23560390177
23562971019,23562976074
23564227507,23564231656
23565177253,23565181994
23568218351,23568224528
23573788313,23573798343
23574980238,23574984765
23576027586,23576033733
23589153356,23590807177
23591900575,23591905914
23591937272,23591942534
23592880143,23592888037
23593599618,23593604356
23597050340,23597054416
23597118785,23597124474
23597525496,23597528482
23603235872,23603239598
23603358794,23603362887
23605751791,23605756893
23606569566,23606574624
23606812780,23606818118
23607851040,23607856803
23607999139,23608004350
23609770699,23609775119
23623599945,23623605023
23624410988,23624415488
23625314092,23625318459
23627870236,23627876957
23633797483,23633802461
23634764379,23634768164
23635674012,23635678264
23637932427,23637937305
23638898110,23638964741
23643586550,23643590833
23648125529,23648128666
23648721120,23648726279
23649158427,23649163933
23649344452,23649349824
23652508651,23652513896
23653100334,23653106137
23653133436,23653137475
23662377880,23662382747
23665242615,23665246968
23666813350,23666820570
23671071663,23671076120
23671759567,23671763540
23687811258,23687816563
23688027277,23688033070
23688196904,23688202333
23690183883,23690187624
23691541850,23691547496
23692170079,23692176259
23692170420,23692175969
23694590100,23694595085
23697745657,23697748634
23706076780,23706082647
23713486932,23713493323
23715050221,23715053755
23718616170,23718621191
23720610792,23720613835
23720622512,23720631469
23728002458,23728009003
23728393036,23728397412
23734702753,23734708720
23742799669,23742804012
23745917494,23745923514
23747980718,23751127518
23751323579,23754473452
23754448914,23754452141
23758777810,23758781648
23759776868,23759780884
23763069054,23763072676
23763265482,23763269625
23765921638,23765925390
23767354151,23767358608
23768916471,23768922555
23772588200,23772595927
23775894057,23775899887
23776992791,23780014137
23777360597,23777366697
23777851224,23777856987
23786137205,23786143553
23787387923,23787392440
23793993857,23794000285
23794069134,23794073715
23802735428,23802738471
23803257712,23803263956
23803564389,23803568411
23816713984,23816718247
23819995502,23820000905
23820770958,23821087063
23825446813,23825453241
23830945307,23830949944
23831179143,23831183526
23833313277,23833317363
23836383695,23836388218
23837323826,23837329649
23839376937,23839381939
23855512234,23855517031
23855677415,23855684150
23856777044,23856783141
23866246384,23866252932
23866962702,23871688707
23868637994,23868642094
23869545405,23869551168
23871922109,23871926108
23876125728,23879192591
23876178173,23876184003
23878832031,23878837851
23880384048,23880388528
23885212288,23889991597
23895657714,23895665077
23897976857,23897983325
23899413526,23899421207
23904630132,23904634141
23909257203,23909262001
23909591530,23909597136
23911523580,23911531435
23912525184,23912532210
23915634520,23915638847
23915993179,23915996690
23917986922,23917994606
23919464343,23919469592
23934753264,23940354086
23949438845,23949443930
23949813142,23949818725
23950073338,23955254567
23950984117,23950990000
23952154937,23952158776
23956273784,23956279501
23957340339,23957344979
23959181179,23959186014
23961024265,23969258509
23961981469,23961986707
23962267145,23962270693
23964802264,23964807770
23965263736,23965270093
23972948238,23972953894
23973495434,23973499078
23973892399,23973898078
23975841935,23975847361
23977600951,23977604599
23978112452,23978118335
23978126143,23978130857
23981679427,23981685000
23984948257,23984952299
23987846571,23987851339
23988867746,23988871161
23991447780,23995594200
23993496237,23993500831
23993785208,23993789869
24000740553,24000744342
24001243352,24001248193
24001799608,24001803256
24002694326,24002698145
24004189324,24004193898
24008180693,24008184248
24010865106,24010870893
24010979265,24010985529
24012360842,24012364674
24012922661,24012928327
24013166092,24013170148
24013927081,24013931866
24013934508,24013938323
24019395354,24019399039
24021466318,24021471554
24023597393,24023606089
24024275027,24024281548
24025753230,24025756938
24037512396,24040851736
24038228471,24038233572
24042256001,24042262583
24043884886,24043888774
24047205489,24047211239
24047296869,24047302141
24047941305,24047946677
24048439743,24048444664
24049294619,24049300251
24054155503,24054159575
24055028973,24055032839
24056551600,24056556591
24056990340,24056996851
24067872284,24067877566
24068803305,24068807972
24074325583,24079254718
24078033707,24078037977
24089130731,24089138172
24089788925,24089794023
24093714839,24093719710
24097355838,24097360037
24097710591,24097715806
24103039057,24103044790
24103605994,24106367979
24104843829,24104849639
24104940541,24104944460
24106433438,24106437677
24113519733,24113524126
24114153718,24114156621
24125293653,24125300197
24125632389,24125635787
24144990084,24144996248
24151478258,24151483019
24153228347,24153232997
24153683668,24153688372
24154003575,24154008977
24154556651,24154562581
24154795932,24154800142
24171666864,24171671815
24171951114,24171957365
24172289333,24172294331
24172570436,24172574696
24179468238,24179937771
24179942161,24179948174
24187582016,24187586930
24198189248,24198193741
24199114793,24199119998
24199321879,24199328965
24204064254,24204069656
24208433629,24208440758
24211839666,24211845355
24224689943,24224694139
24234340706,24234350071
24236688942,24236693426
24237550967,24237554665
24237767277,24244952305
24247155292,24247160457
24249832740,24249836746
24259444706,24262383305
24264272478,24264278158
24265145912,24265151518
24271034957,24271039678
24271078442,24271083534
24271272368,24271276373
24272270958,24272318676
24276464973,24276469987
24281493493,24281497244
24291292769,24291298957
24291644044,24291648732
24294153833,24294157782
24295278241,24295283133
24300985100,24300990970
24301372467,24301376927
24302281385,24302285738
24305077962,24305103534
24305244002,24305248204
24306349698,24306353049
24309454423,24309458235
24318522922,24318527289
24318854376,24318860055
24321880449,24321884405
24322016003,24325088425
24335544936,24335554624
24336368667,24336374708
24336497001,24336502049
24337017239,24337023333
24341278539,24341286286
24342885526,24342890705
24352722098,24352784636
24353344339,24353349956
24359924977,24359930863
24361192022,24369030319
24362717682,24367435185
24368752386,24368755069
24375736106,24375742140
24388041536,24388707914
24388416922,24388422221
24389653949,24389659004
24401150188,24408229310
24415272083,24415277315
24418444030,24418450578
24418503969,24422395358
24425558064,24430774834
24432703463,24432708211
24433244164,24433248932
24434751627,24438683464
24437806716,24437810915
24445084879,24445088911
24445887278,24445892704
24450244733,24450248581
24450689910,24450694067
24451025002,24455264466
24460145980,24460150998
24461336088,24461340812
24471799083,24471805869
24471974527,24471980487
24478791031,24478796407
24487380075,24487384445
24488000409,24488006760
24488247509,24488252874
24492477869,24492483434
24497390974,24497395588
24497469118,24497472806
24508894606,24508899898
24510291043,24510294992
24515870360,24515875415
24517072802,24517078736
24518249964,24518256696
24518870732,24518874969
24521214983,24521219486
24523227606,24523232226
24531229446,24531234521
24532274926,24532279691
24532978813,24533780969
24534440041,24534444715
24537500593,24537506286
24539861444,24539865677
24541062730,24541068099
24541538671,24541543712
24547927347,24547933036
24549667927,24549674171
24551526467,24551530857
24551742557,24558313061
24552630403,24552634045
24553995417,24553999182
24577222030,24577226844
24577887205,24577891341
24579291685,24579297942
24580372912,24580376761
24581680048,24581685547
24582135636,24585358325
24582577409,24582583934
24589054495,24593114055
24593946236,24593950726
24594122555,24594126574
24601351149,24601354854
24615239432,24615244761
24615758931,24615763301
24616085564,24616091721
24617969783,24617976077
24624233589,24624237251
24626612067,24626693518
24639201951,24639208563
24641096122,24641102834
24644555664,24644561303
24646065164,24646119735
24646214192,24646223947
24646263193,24646267666
24651606983,24651610872
24651930786,24651934879
24652107152,24652110693
24652185179,24652191035
24664396616,24664401079
24668346908,24668351986
24671527939,24671533742
24672673382,24672679059
24678591566,24678596872
24679033326,24679037990
24679706671,24679709851
24679985275,24679991038
24681102203,24681106733
24688352703,24688357230
24692180185,24692188737
24692885555,24692889400
24694408673,24694415087
24694505171,24694509461
24695065165,24695071129
24695360240,24697165771
24698494442,24698498337
24699682478,24699686571
24700146134,24700152268
24700645017,24700651806
24705274270,24705277748
24709138394,24709142897
24714816635,24718145397
24714969741,24714973353
24718277015,24718287108
24720725030,24720728418
24721862184,24721866344
24722368547,24722372937
24726418960,24726423507
24727312489,24727317975
24733008183,24733013234
24742123214,24742127026
24742445731,24742451123
24744956367,24744960099
24753723812,24753727991
24754253678,24754257547
24760041530,24760045325
24760512503,24760519115
24760695003,24763423509
24764962490,24764966128
24778370997,24778375260
24778917204,24778920862
24779965978,24779970899
24784498769,24784504044
24785466890,24785473355
24786509233,24786513797
24787081913,24794582483
24791441208,24791446477
24801132243,24801135861
24801184134,24801190285
24801689281,24801693340
24803643652,24803648058
24803859220,24805358009
24815284855,24815289789
24816002386,24821050276
24832116157,24834180971
24834234930,24834275331
24843092207,24843099083
24848570923,24848574892
24851955966,24851960112
24858702018,24858706611
24863744185,24877339094
24878085985,24878091220
24878551629,24878556170
24878810706,24878815313
24879111066,24879118509
24884271017,24884274187
24884751347,24887559912
24887793641,24887798849
24889173371,24889178583
24890994046,24890999879
24897599670,24897603816
24898915455,24898919280
24899235800,24899242265
24900534099,24900541646
24903614937,24903619811
24906073519,24906080311
24914718038,24914722776
24916868166,24920067057
24919410347,24919415242
24920482835,24920487706
24922275727,24925630792
24926049691,24926054705
24926886278,24926889829
24927317009,24927320557
24930088286,24930094674
24931803469,24931808103
24932938238,24932941966
24936009106,24936015153
24938512751,24938517832
24938834702,24938837741
24938852682,24938855602
24940221726,24940226093
24940788810,24944897989
24941387535,24941393318
24941666259,24941671441
24944360478,24944366225
24946189068,24946193571
24946212464,24946217910
24957436239,24957441731
24957526507,24957531688
24962328521,24962333201
24963211276,24963218606
24963354680,24963360670
24970925529,24970929401
24971191628,24979487745
24973566394,24973573149
24987598292,24987603798
24988721248,24988725110
24988806230,24988840371
24989984354,24989990765
24990443667,24990447733
24990986078,24990989893
24992685331,24992689220
24993115248,24993119294
24994981967,24994985996
24995553678,24995556601
24998647030,25005049000
25004733602,25004738026
25005951720,25005958084
25012484048,25012490609
25013520447,25013526083
25020326431,25020330584
25022134441,25022139104
25025935412,25025939655
25026298293,25026305306
25026791760,25026797216
25027027738,25027033491
25030835043,25030840716
25030943325,25030947157
25031324745,25031328327
25039321217,25039325888
25039410456,25039415972
25040212174,25040219010
25048599074,25048604553
25051980124,25056108801
25058047032,25058053413
25058393556,25058397652
25060183942,25060188793
25060474219,25060478663
25063575450,25063580996
25063681086,25066363849
25063691984,25063733244
25067059731,25067063884
25068658594,25068661233
25073228328,25073233540
25076440303,25076445060
25078959566,25078964708
25079514095,25079520633
25081392307,25081396743
25085833704,25085839938
25085937406,25085943085
25086334514,25086337902
25086361011,25086364913
25090601063,25093798698
25094387411,25094394160
25099229325,25101743924
25102352820,25102356982
25108485589,25108490260
25119432170,25119436516
25131152402,25131156678
25131944672,25131949012
25143588982,25143595006
25144399346,25144405537
25147762256,25147769846
25154559436,25154564885
25155096559,25155103304
25157222796,25157227533
25157231024,25157234562
25161113577,25161119510
25171484270,25171873595
25172013208,25172020421
25172470747,25175600856
25175720791,25175724556
25176810508,25176815733
25191049194,25196740692
25195996831,25196001478
25198450940,25198456646
25201784810,25207399431
25207339468,25207344546
25207775980,25207781920
25210521104,25210525708
25212788550,25212794417
25212934113,25212938072
25213616351,25213621222
25215696186,25215702016
25217546568,25217551035
25221617658,25221623355
25221856541,25221864162
25222522669,25222527440
25223735034,25223739858
25224931532,25224935298
25233183085,25233188130
25238897942,25238903622
25243479975,25243484639
25244645577,25244651881
25248662454,25248667171
25249051367,25249056569
25249430309,25249436205
25249749147,25249753617
25250506956,25250511800
25254307850,25254311408
25257517529,25257523269
25258362339,25258366899
25260157669,25260162280
25260994347,25260999014
25261750913,25261756288
25265067207,25265071547
25265292934,25265298968
25269703676,25274577239
25270161509,25270168518
25270927610,25270932428
25273747220,25273753504
25275812659,25275816594
25277707822,25277713665
25278770301,25278774791
25283009781,25283015100
25283659973,25283663515
25283925845,25283932383
25284966204,25284970984
25287120347,25287125027
25288614689,25288618719
25289916196,25289921224
25303203579,25303209910
25306603515,25306607782
25309399014,25309403684
25309747646,25309752761
25323301713,25326251764
25323344196,25323349257
25323768546,25323774537
25324690016,25324693991
25325087679,25325092587
25325515534,25325521304
25328065216,25328071581
25331735769,25331740079
25334403551,25334408800
25337195843,25337201382
25339288801,25341051274
25341874671,25341879923
25342906971,25342917625
25344385468,25344389641
25345782648,25345788818
25347095289,25347099853
25347497079,25347501422
25353389020,25353395572
25355638015,25358162366
25358865548,25358871080
25362984358,25365780137
25363928205,25363933915
25368407362,25368412670
25370921015,25370925689
25373041966,25373048221
25373704814,25373710169
25373733839,25379195567
25379183249,25379189937
25379342867,25379351085
25386042336,25386046937
25395489957,25401520492
25395668548,25395673496
25404194729,25409837336
25413494906,25413501387
25413617256,25413622692
25415682277,25415687382
25415880002,25420885623
25417393167,25417397350
25429370190,25429375663
25431063313,25431067793
25431275604,25435345891
25431320813,25431325861
25436065657,25436072379
25436135395,25436141649
25436231236,25436236093
25436504982,25436510728
25437871308,25437874830
25438464284,25438468447
25441445593,25441452535
25446434296,25446437156
25456672633,25456680070
25458538701,25458545106
25463992718,25463997739
25464371919,25470273148
25471320449,25471326770
25472515120,25475856772
25474129295,25474133157
25474494324,25474499442
25475155063,25475157666
25476946926,25477025280
25482545614,25482552282
25485295676,25485300069
25489332257,25489337405
25490819985,25490826162
25493640593,25493645595
25497480770,25497485945
25498619501,25498624312
25523936857,25523941367
25529161895,25529165811
25533084034,25533088394
25535009964,25535016546
25539094153,25542493017
25539192733,25539195539
25542519932,25543709565
25543808485,25543816226
25547472580,25547526893
25549472387,25549476767
25554183074,25554187317
25555218866,25555223312
25560874412,25560880416
25561468590,25561473341
25561671059,25561677036
25561772528,25561778144
25563701084,25563710225
25565851609,25565854967
25566933067,25566937534
25566936281,25566941252
25567312072,25567316475
25569583083,25569586494
25571018683,25571023427
25572444487,25572490735
25572806831,25572811982
25576359239,25576365507
25581896665,25581901372
25582275576,25582280447
25582528535,25582533439
25586931536,25591030649
25587176243,25587181391
25608351546,25608355575
25610387625,25610392062
25612583045,25612586276
25616449367,25616455294
25619256535,25619261072
25627451610,25627456154
25629204753,25629213395
25630491649,25633282948
25630747097,25630752423
25632643266,25640327899
25634493138,25640363146
25642407390,25642413197
25644985443,25644990775
25653268868,25653276545
25655992196,25656001618
25658112593,25658118463
25661380618,25661384136
25662763856,25662766762
25663385623,25665454156
25666888319,25666894283
25668554144,25673317046
25676498451,25676505357
25676564287,25676567233
25684260188,25684267839
25686702671,25686706420
25692337781,25692342909
25694145590,25694149486
25699271751,25699275951
25699327541,25699330815
25699845360,25699848727
25709711605,25709716319
25714955024,25714959247
25715324394,25715330244
25717915967,25717919575
25722204833,25722209717
25725312394,25725316320
25725540394,25725545171
25725935963,25725942287
25726344925,25726348283
25726363167,25726369494
25730629972,25730636126
25730739356,25730744207
25731883891,25731889066
25733411713,25733414482
25733841228,25733845638
25734543398,25734548072
25736026976,25736032028
25737251138,25737256316
25746159200,25746162725
25749709875,25754032353
25751557033,25751561336
25752011675,25754968653
25752112945,25752120385
25754930189,25754936069
25756338607,25756343892
25757015717,25757019098
25771734603,25771739882
25771791349,25771795715
25771919609,25776448909
25772365532,25772370593
25774085215,25774090901
25775518429,25775525111
25777748087,25781789409
25788286563,25788291788
25792744555,25792748821
25795277790,25795283125
25797000045,25797003830
25800586457,25800590884
25802587778,25802591566
25810950302,25817286526
25815674560,25815681656
25825672830,25825682105
25825772175,25829227417
25825866562,25825871537
25829055351,25829060516
25836590526,25836600401
25836775153,25836780422
25849617455,25849621461
25852265801,25852271370
25861793549,25861798464
25861918870,25861923226
25864483041,25864487361
25864950219,25864953720
25868234153,25879840005
25875877943,25875886733
25891860203,25891865969
25891905352,25898753341
25901614665,25901618063
25901667986,25901672302
25902445011,25902451038
25903087826,25903093339
25904947774,25904952304
25905389477,25905395584
25906609642,25906615927
25909455832,25909459865
25910658341,25910663372
25915946275,25915953618
25921141182,25921145779
25925709801,25925714207
25944452867,25944461133
25945344937,25945351822
25945839563,25945843308
25947683003,25947687543
25952548858,25952553692
25953453653,25953458945
25954756242,25954760137
25954932775,25954938862
25955049041,25955053378
25959202891,25959208764
25960366943,25960375833
25961653148,25961657484
25972692405,25972697516
25975390703,25975396376
25977270382,25977275012
25977375583,25977380224
25978306424,25978310567
25982463040,25982468556
25983974482,25983979553
25984338058,25984342381
25990856962,25990865949
25993629612,25993634105
26004395717,26004399800
26010424973,26010429379
26029842573,26029849358
26031068615,26031073413
26031704461,26042243232
26047745491,26047748488
26052486243,26059805589
26059215580,26059220828
26060713928,26060720714
26062514474,26062519325
26063796520,26063806068
26068539340,26068542664
26072091214,26072096659
26079666152,26084578662
26079695127,26088417349
26081588363,26081593739
26084813387,26084819919
26095948224,26095956432
26098822026,26098827385
26099179432,26099183865
26099267424,26099270411
26100212955,26100216459
26101548041,26101554358
26102217800,26102224308
26109347507,26109352044
26109379967,26109385032
26109452187,26109458989
26109904277,26109927870
26110905948,26110920838
26114078470,26114084630
26114278833,26114284717
26115272777,26115278186
26116811934,26116817504
26117522135,26117527484
26118744195,26118747833
26118752795,26118756944
26119773896,26119778533
26126098093,26126102105
26126112208,26130496627
26126439506,26126444410
26127516196,26127521712
26129980492,26129986923
26131293551,26131297937
26132626999,26132633464
26135839305,26135845963
26138293550,26138297770
26140939864,26140946312
26141555361,26141560733
26149403721,26149408238
26149823318,26149829201
26150066625,26151273928
26152240523,26152245013
26153070345,26153074742
26153401638,26153405581
26154511354,26154515289
26156863037,26156867524
26157709621,26157714999
26162986707,26163745755
26164373726,26164377685
26164952594,26164957481
26165843247,26173042547
26174716834,26174761001
26174887450,26174890217
26177413392,26177418450
26179311673,26179317222
26181054090,26181060201
26182446031,26182453324
26191705285,26191710056
26195820635,26195826969
26196280723,26196284445
26196524201,26196530295
26199678729,26203159418
26204779172,26204785112
26205937858,26205943297
26206573186,26206578381
26206926703,26206931324
26207688431,26212362335
26209060266,26209065879
26214211508,26214217337
26231480501,26231485739
26233082921,26233086957
26234071887,26234074854
26237541845,26240999489
26238430808,26238437062
26239096879,26239101533
26239615850,26239621306
26245844190,26245848510
26251219041,26251223390
26252332080,26252336256
26253871084,26253875695
26254294259,26254300550
26255437327,26255442996
26263839671,26263845223
26264595361,26264600737
26264922726,26264927994
26267450358,26267454434
26271195209,26271198827
26291000991,26291005658
26295149572,26295153779
26316589818,26316594997
26318331250,26318335279
26320342413,26320346302
26324140214,26324143541
26327214757,26327219979
26329231449,26329235298
26334720675,26339495294
26340316553,26340321892
26340460726,26340465861
26344189537,26344193149
26354481266,26354487069
26355491559,26355497743
26364632860,26364638927
26365060264,26365064143
26367867572,26367875119
26372173420,26372178368
26374601556,26374606334
26380385503,26380389546
26386072487,26391722755
26390384963,26390390225
26390690682,26390696582
26391902034,26391907607
26392145909,26394785709
26392653649,26392660611
26396380833,26396384274
26399682430,26399687749
26404205807,26404212358
26404211496,26404217119
26405951081,26405956590
26410198543,26410202135
26437092014,26437096407
26441077088,26441084097
26442567830,26442570886
26447575816,26447579953
26449794325,26449799631
26450520964,26450526089
26456154594,26456161195
26458176584,26458182711
26467371025,26467375879
26470267372,26470271224
26470493921,26470499881
26476063315,26476068805
26476572966,26476578622
26476587355,26478627076
26477849753,26477855690
26478258050,26481898949
26479177582,26479181875
26480314372,26480319881
26482628123,26482631942
26483949378,26483953444
26485038293,26485042456
26490406766,26490413474
26492512974,26492519569
26493019417,26493023914
26494497516,26494502728
26494984048,26494989370
26495855166,26495859777
26496805625,26496809931
26497339015,26497345453
26497493425,26497497788
26497532694,26497538450
26498337335,26498342260
26500315985,26500322606
26505673302,26505678404
26506944012,26506952121
26510433127,26510437858
26510774550,26510780347
26513250886,26513256519
26520603541,26520609554
26521307585,26521312255
26521654734,26521659598
26521964632,26528200141
26535399362,26535407908
26536281155,26536286794
26536313368,26536320006
26537226608,26537285715
26541784386,26555657839
26558969686,26558974490
26561981484,26561987090
26570463225,26570468791
26574212679,26582540893
26581525511,26581530886
26582976181,26582980905
26583375482,26587288246
26587244016,26587252021
26591133594,26591138559
26592415743,26592421660
26592715529,26592720741
26592992462,26592996876
26594256891,26594262591
26595862660,26595866896
26596085628,26596089954
26598517513,26598520827
26606259025,26611403995
26608561267,26608569044
26612485664,26612492138
26617261819,26617266025
26618174178,26618178618
26622152564,26622159456
26625843787,26625848728
26628065473,26628068817
26633083897,26633089777
26634736645,26635234171
26635236991,26635243562
26635605178,26635611455
26636856975,26636863449
26642735806,26642742648
26643864722,26643870355
26645185174,26648214566
26648070550,26648075665
26649063624,26649069100
26650904716,26650916632
26652688236,26652692252
26653027023,26653033251
26656891799,26656896890
26658810048,26658815711
26659588714,26659594644
26659683863,26659690491
26664948601,26664955360
26665626649,26665631460
26666084342,26666090726
26666372327,26666377770
26667344595,26667349262
26671546320,26677515356
26673886090,26674010321
26675139153,26675144492
26676152203,26676157829
26678044016,26678047891
26678806512,26678811039
26683348714,26683357401
26688557429,26688606480
26690988512,26690992789
26692815542,26692820222
26697655044,26697658438
26708556937,26708563228
26708982316,26708986102
26709962605,26709966481
26712343034,26712348446
26720878623,26720882021
26720952440,26720956339
26721318666,26721325191
26723822598,26730934090
26725097938,26725100989
26726593988,26726598191
26732346146,26732351064
26732434286,26732440660
26733038998,26733044808
26733264933,26733270225
26743480786,26743485874
26743577338,26749586692
26746098275,26746104723
26748356159,26748361565
26748583568,26748587968
26748616673,26748623418
26748821894,26748825114
26749158760,26749165288
26753437001,26753442063
26755009752,26755015622
26767414640,26767420771
26768751530,26768758118
26775689155,26779984479
26780053441,26780096906
26792248966,26792253459
26796608111,26796612908
26797616884,26797621111
26802053628,26806159299
26806429634,26806433493
26812059472,26812065382
26812582690,26812589058
26816865682,26816870353
26817019450,26817025858
26820252165,26820258827
26821120878,26821126361
26821396332,26821402930
26821428672,26821432848
26821451864,26821456134
26830260395,26830265690
26830538942,26830542052
26831786807,26831790859
26833569018,26833574013
26843520095,26843526443
26850540848,26850546628
26854147346,26854154646
26855401716,26855407041
26855477203,26855481506
26856541499,26856546226
26857088157,26861937204
26864384260,26864389762
26883751760,26883757099
26887506356,26887516162
26888549882,26888556123
26890852989,26890860864
26891782968,26891786198
26891904506,26891918775
26892948927,26892952669
26893656856,26893662352
26895027242,26895033693
26895057754,26895092600
26895191838,26895197875
26899675484,26899680168
26901923954,26901928742
26909350212,26909355952
26914487973,26914493135
26915271032,26915277971
26915286865,26915292207
26915372990,26919865119
26933168906,26933174498
26942552972,26942561408
26944057632,26944064441
26947144834,26947151105
26948247096,26948253226
26956192406,26956196505
26956271334,26956276666
26961435037,26961438595
26961525906,26961529868
26966148410,26966152543
26966243840,26966248136
26971338185,26971342649
26972316814,26972321321
26983837234,26983919279
26985684302,26985688321
26990140433,26990146954
26990153529,26990159990
26990307113,26990312903
26994171855,26994178571
26995208258,26995214409
26995375053,26995381006
27001052198,27001056467
27001265217,27001270866
27002201072,27002205686
27002306524,27002311408
27002588195,27002593029
27018353888,27018359527
27021479433,27021484184
27022590656,27022594668
27027754385,27027759634
27029032231,27029038435
27046891494,27046897755
27053418075,27053423738
27053985446,27053992044
27054581626,27054587098
27054674162,27054679260
27054918231,27054922127
27058956864,27058962560
27065503153,27065507483
27066450380,27069313128
27067372157,27067377713
27089881790,27089886595
27092339975,27092345314
27092974425,27092980789
27095744061,27099319178
27101217792,27105530078
27106075773,27106081245
27106222452,27106229033
27108766788,27108775698
27109961356,27109965278
27110567615,27115045545
27112977664,27112983958
27113971287,27113977568
27128234288,27128240893
27129296727,27129301815
27142298897,27142302626
27144146316,27144150980
27145232819,27145238956
27145732360,27145737551
27145983729,27145986582
27151092063,27151097445
27153230694,27153236755
27158501583,27158505909
27159082989,27159089377
27159352613,27163831235
27159861759,27159866068
27162761333,27162769758
27164116470,27164123867
27170698581,27170704294
27178001125,27178008058
27178636801,27178641024
27178899091,27178903298
27189447738,27189454620
27189453604,27189460533
27192450512,27192455617
27201311692,27201316746
27203568213,27203573475
27208654858,27208660110
27210669188,27210675930
27214939963,27214945362
27215640796,27215643987
27222683055,27222687381
27224403402,27224407141
27224930352,27224936008
27225338493,27231045028
27229310895,27229316267
27229622173,27229628554
27232787485,27232790445
27235075495,27235079704
27236551713,27236556711
27236741496,27240364448
27241389839,27241394259
27242149556,27242154904
27242214088,27242218241
27245375635,27248947221
27249878098,27249882809
27255334821,27255339829
27255620611,27255627223
27260544070,27260549445
27269360421,27269368810
27270490804,27280478263
27270585144,27270590753
27282423603,27282428608
27282744266,27282748689
27283285879,27283289230
27289373697,27289378681
27289867020,27289870986
27292041493,27292046895
27294993191,27294999863
27309277457,27309282957
27314595894,27314602592
27315506869,27315511286
27316035977,27316042128
27318031678,27318036346
27330698149,27330702392
27330952097,27330957707
27335973949,27335977470
27336286683,27336291919
27336637518,27336641921
27345734558,27345739943
27345975046,27345981878
27345983137,27345989722
27346188198,27346192177
27346225255,27346232174
27350150872,27354399884
27350174288,27350213277
27352128442,27352134519
27358371064,27358825459
27361363067,27361368012
27364441827,27364448398
27374963322,27374969335
27379174351,27379182082
27381692632,27381696133
27382996564,27383002614
27383604664,27383609291
27384166943,27384172185
27385949495,27385953785
27386610401,27386615279
27387449765,27387454846
27390456631,27390461653
27392021026,27392025660
27392853287,27392856304
27396409013,27396412791
27406374733,27406378695
27406722781,27406728815
27410200878,27410205101
27412301366,27412305452
27416538962,27416543406
27420459618,27420461930
27421166642,27426426709
27421171389,27430838193
27438755532,27438759428
27441485496,27441489595
27443143215,27443147929
27444361763,27444368796
27454552707,27462824659
27456979367,27456986055
27457869622,27457873457
27458348807,27458352966
27466275230,27466281388
27467852611,27467857499
27473885592,27473889541
27473923257,27473927547
27477917135,27477942005
27478883355,27478888193
27479561801,27479566880
27483428722,27483435574
27484133407,27484139160
27490104638,27490110297
27491084947,27491090784
27512900165,27512905200
27514225956,27514231562
27514633916,27514642476
27516418520,27516423618
27518070179,27518075487
27521838379,27521841586
27522968567,27522972172
27524119890,27524124888
27524505219,27524510284
27532168501,27532172613
27533687155,27533693122
27537504764,27537508676
27538377379,27539410167
27539868705,27539872728
27542639758,27542646160
27543635997,27543640350
27544776125,27545443496
27547412072,27547416058
27551390608,27551394865
27557149365,27557156090
27558013311,27558019585
27560835005,27560838844
27561496853,27561501126
27563825719,27563829447
27565058189,27565065776
27565290201,27576623637
27569613267,27569685681
27571034838,27571038600
27572138173,27572143014
27572150380,27572153915
27573940112,27580481981
27581211045,27581215896
27581718821,27586500205
27587108883,27587115341
27591003713,27591009947
27591566978,27598655569
27595032149,27595091564
27595811183,27595819579
27602530911,27603995484
27604364549,27604370379
27605421428,27605428882
27605927130,27605933504
27606125659,27606131462
27606641357,27606646351
27607231810,27613423653
27613577882,27613582039
27613855250,27619308175
27627826000,27627831292
27628001908,27628009095
27631821772,27631828050
27639290607,27642552765
27645012383,27645018717
27652314951,27652317928
27656788054,27656791819
27656950979,27662869120
27657380615,27657385095
27662091235,27662097323
27662954743,27662961201
27663487723,27663491659
27663711517,27663717343
27663926814,27663933970
27665148700,27673341944
27676213218,27676219094
27677170752,27681477044
27679358030,27679364257
27683395717,27683458205
27684382414,27684386998
27684474519,27684478472
27690074740,27690078525
27691357664,27693242792
27692185756,27692195725
27692741093,27692745950
27694001436,27694010486
27700435782,27700440182
27704008269,27704016628
27705220573,27705227285
27705345784,27705349910
27714216755,27714220925
27718549784,27718555340
27721280910,27721286663
27721932916,27721938192
27723071808,27730626550
27724015173,27724019964
27727038985,27727043472
27728222080,27728225982
27728884149,27728891455
27728973638,27728978392
27730889909,27730895850
27731484338,27731489513
27731593713,27731597829
27731651350,27731656291
27735531647,27739371971
27737685009,27737690053
27738530339,27744197164
27740657214,27740662790
27744285561,27744293639
27744696762,27744703179
27754534014,27754538561
27755515042,27755518570
27759027483,27759032959
27759751051,27759776178
27760776001,27760781724
27761770653,27761774492
27762539530,27762545367
27767904732,27767921504
27769916590,27769921110
27771562897,27771569689
27771683964,27771688632
27772550172,27783861111
27776966760,27776972299
27777918585,27777925367
27778604778,27778609392
27781599968,27781602818
27785047450,27785053871
27785259857,27785265493
27786641959,27786648387
27786758389,27786762866
27788254997,27788260423
27789587684,27789593434
27790199860,27790204614
27795373134,27795378112
27795821596,27795826982
27796191407,27796196675
27810528626,27810534520
27811085069,27811093201
27815000777,27815006326
27819123657,27819131291
27820689795,27820699551
27821534752,27821539900
27827803452,27832552804
27829266595,27829271429
27829847102,27829853196
27838172749,27838177894
27838546041,27838550999
27838933852,27838940137
27839068531,27841848591
27840457889,27840461491
27841895600,27841946068
27842773494,27842777400
27846565709,27846573473
27852382858,27852386864
27864968592,27864972722
27868737838,27871200794
27872599905,27878580978
27878562730,27878567160
27878623039,27878631141
27880323786,27880329295
27883849872,27883854379
27892886672,27892890585
27896752236,27896757849
27898306141,27898311129
27899826085,27899829940
27899931707,27899935616
27899962460,27899967802
27900684665,27900688671
27905288424,27905293031
27905802083,27905807228
27906340853,27906346950
27913177844,27913187308
27914215873,27914220661
27919630958,27922323688
27922547574,27922553094
27923851179,27923855946
27923879747,27923884528
27926083215,27926086766
27926889159,27926894752
27930153272,27930156883
27930521399,27930525140
27930542052,27930547444
27932687115,27932690769
27934723702,27934730049
27935036764,27935041989
27936226353,27936229978
27939688110,27944187796
27942287651,27942290929
27948889540,27948894227
27952961986,27952966379
27954648711,27954652512
27954789486,27954794083
27963437844,27963442357
27963926406,27963931852
27970616785,27978467170
27973003889,27973012742
27976139741,27976144108
27979172386,27979178163
27979683213,27979689190
27989156177,27989162709
27992411660,27992417711
27993328817,27993332906
28003492552,28003497670
28007301153,28007306963
28008117692,28008124200
28010624847,28010632562
28011318053,28011323295
28011642829,28011649684
28012867250,28012874069
28015050085,28015054261
28016023091,28016027414
28016276465,28020685162
28018278794,28025659008
28022696134,28022700243
28022920913,28022924995
28023198087,28023201237
28024485050,28024490703
28027390488,28027394366
28037506565,28037515345
28038995819,28039002010
28054237810,28054243476
28054688728,28054692543
28064410556,28064415189
28065030536,28065034254
28067075712,28067081789
28071538238,28071541655
28071716859,28071720858
28072288392,28072292582
28151688870,28151694079
28156766518,28156770186
28156982607,28156989436
28157001290,28157006518
28161596395,28161604570
28173293494,28173299004
28174232607,28174237749
28207753912,28207758281
28214206191,28214211026
28239072747,28239077652
28239796509,28239800959
28240831238,28240866428
28241093993,28241098082
28241100471,28241106735
28241675616,28258710763
28243086276,28243090977
28247923660,28247929236
28251228295,28251231044
28251475771,28251480997
28256569405,28256574240
28259148320,28259155737
28284366572,28284372625
28287967720,28292126000
28288864694,28297943293
28290257861,28290260297
28290622921,28292166094
28292250739,28292255928
28315874779,28315881016
28316718662,28316722935
28319591563,28319597446
28335701415,28340107934
28336016759,28336021600
28341530427,28341535729
28344145848,28344150478
28346033434,28350972312
28346898783,28346902826
28347653057,28347656555
28352295697,28352301126
28363221350,28363225336
28366729816,28366736672
28372130245,28372133863
28376848466,28376853711
28378305434,28378310672
28378414992,28378420635
28387715392,28387720487
28390750046,28390755060
28394761396,28394765679
28394839957,28394845406
28420794790,28420799283
28421138702,28421144174
28422464032,28422468983
28424298699,28424303934
28432941641,28432946839
28433196020,28433202565
28434939016,28434944598
28437747193,28437752278
28437778711,28437784193
28438496870,28438503415
28439715088,28439720386
28478867119,28478871199
28479390942,28479400590
28479675356,28479679712
28479868566,28479872118
28480362732,28490496833
28506232956,28506238765
28508492390,28515319061
28508774553,28508780934
28509387126,28509392685
28520588500,28523364096
28522461396,28522466100
28531328419,28531333223
28533325019,28533328831
28534419874,28534425567
28534944348,28534946877
28548232606,28548237788
28548249287,28548253263
28549426799,28549430107
28551218542,28551222992
28575699859,28575706033
28579710581,28579715295
28595536040,28595541008
28596904097,28596918139
28597756025,28597759446
28603330124,28603336214
28619863819,28619867364
28623574198,28623579580
28637365037,28637372484
28638175248,28638180891
28648490473,28648528175
28649297440,28649303410
28649615984,28649622960
28654160629,28654166071
28655117882,28655122399
28658554175,28658560623
28658640233,28658645254
28660153315,28660156976
28685370471,28685375288
28687691331,28687696286
28688305154,28688310700
28689247210,28689253989
28689257423,28689261546
28689318662,28689324261
28689769700,28689776408
28693886616,28693892352
28707020638,28707025145
28707028987,28707035315
28712833410,28712837249
28715718284,28715724261
28716809708,28716814783
28731469658,28731474777
28746621926,28746627836
28747176696,28747181747
28750544169,28750549781
28758958270,28758962399
28761276785,28761280096
28769094893,28769100092
28769488965,28769494301
28773252876,28773259354
28783109632,28783112385
28786748590,28786752242
28786776169,28786780209
28811685929,28811690286
28851340799,28851344597
28870707390,28870712482
28883177566,28883181589
28883296923,28883311753
28888162922,28888168044
28916485678,28916490696
28916574175,28916578856
28916934755,28927823996
28928698682,28928704526
28933849643,28933855092
28938478835,28938485303
28942116931,28942120195
28947941657,28947944744
28948897217,28948903217
28957543139,28957548805
28958317622,28958322012
28966326092,28966330388
28966377114,28966382570
28969998245,28970002327
28973001206,28973006090
28975065957,28975070116
28982362357,28984527465
28988929671,28988933637
28990916439,28990921223
28993932880,28993935787
28996964784,28996969825
29003030910,29003034879
29008055086,29008059911
29008074414,29008082171
29016896364,29016904850
29028957007,29028960866
29029522170,29029527488
29030478869,29030483586
29033825054,29033829601
29089800182,29089805701
29091252002,29091258249
29092285565,29092291107
29125151903,29125156964
29128285660,29128292402
29143219751,29143226199
29158611759,29158620528
29201657253,29201662485
29202091119,29202095181
29204433054,29204439004
29204467094,29204471180
29204785936,29204791475
29206707198,29206712794
29213328337,29213334805
29259882461,29259888699
29260732442,29260736722
29286672511,29286676650
29292605853,29292610841
29294354003,29294360632
29295387072,29295390944
29297810849,29325105892
29301263856,29301268850
29302274948,29302281780
29326411307,29326415724
29326449641,29326455323
29328171829,29328174956
29334214381,29334219627
29334461237,29355600267
29334626187,29334631001
29334858890,29339928410
29336391116,29336394784
29336523245,29336529449
29340508463,29340513445
29340973463,29340978491
29341295495,29341300974
29359644189,29359649230
29364783970,29364788414
29411091176,29411093819
29411308962,29411313392
29412476475,29412482285
29415586078,29415591283
29415640515,29415646592
29417401438,29417408193
29421049723,29421055803
29431555623,29431560758
29441462950,29448020970
29449297994,29449302721
29471886081,29471889810
29481141644,29481147013
29482215000,29482219517
29517412406,29517417180
29517671044,29517675805
29518119974,29518123425
29518999552,29519006297
29520453510,29520457810
29521030413,29521035882
29534470882,29534475459
29560999527,29561009128
29563477800,29563483633
29564378750,29564383754
29566352588,29566416740
29566423124,29566425640
29568553921,29568557690
29572930960,29572936660
29575262010,29575266444
29580432665,29580437774
29580927352,29580930646
29580963557,29580966313
29584279651,29584284909
29584355138,29584361078
29584512996,29584517225
29584981102,29584985061
29587608684,29587613177
29605696363,29605702714
29616110445,29616114771
29616193937,29616197585
29617959972,29617965197
29621229380,29621233021
29642300249,29642308632
29644519219,29644522680
29645353488,29645357327
29671518907,29671523063
29673588589,29673594656
29678888877,29678895719
29679240623,29679247359
29679853160,29679859274
29682520709,29682524511
29683321455,29683325394
29683338594,29683344320
29687676971,29687685160
29688334473,29688339180
29688348819,29688818312
29688887619,29688898062
29691608826,29691613737
29692454303,29692458573
29693006653,29693012854
29696238249,29696242392
29699844950,29699848923
29732598998,29732604704
29734578499,29734583313
29739492714,29739498122
29739719961,29739725424
29748689162,29767920714
29750034875,29750040782
29750745377,29752229613
29756200854,29767963488
29788239275,29788244767
29789113280,29789117573
29790548743,29790552465
29792963509,29792967719
29794442608,29794448862
29795232853,29795237581
29795921175,29795927887
29796736962,29796741806
29827228694,29827234197
29827735538,29827740927
29829033647,29829039610
29832204608,29832213702
29835946659,29835952529
29851871910,29851878345
29857131517,29857136010
29857663966,29857668389
29870414781,29870419441
29872481486,29872485034
29873543998,29873549126
29873655159,29873658724
29876174218,29876180175
29881089876,29881097333
29882051921,29882057834
29893656341,29893661392
29900245641,29900251577
29901303819,29901309235
29914918460,29914923044
29918682995,29918686988
29918687255,29918691595
29918933402,29918938383
29920936400,29920939426
29922503063,29922507199
29923308887,29923313705
29927683938,29927689701
29928465206,29928468731
29928807575,29928813334
29929287200,29929291804
29930483843,29930491019
29931200194,29931204678
29963767753,29963774178
29980999645,29981004760
29982169761,29985406151
29986164220,29986169713
29986304137,29986310354
29988729644,29988734692
29989339816,29989344383
30001339457,30003241596
30003810076,30003816614
30012860040,30012866365
